HIERARCHY
ROOT root
{
	OFFSET	0.00	0.00	0.00
	CHANNELS 6 Xposition Yposition Zposition Zrotation Xrotation Yrotation
	JOINT back
	{
		OFFSET	 0.352955	 0.000000	 0.000000
		CHANNELS 3 Zrotation Xrotation Yrotation
		JOINT chest
		{
			OFFSET	 0.264817	 0.004177	 0.000000
			CHANNELS 3 Zrotation Xrotation Yrotation
			JOINT l_clavicle
			{
				OFFSET	 0.114550	 0.000716	-0.065320
				CHANNELS 3 Zrotation Xrotation Yrotation
				JOINT l_end_clavicle
				{
					OFFSET	 0.162817	-0.003802	 0.000069
					CHANNELS 3 Zrotation Xrotation Yrotation
					JOINT l_shoulder
					{
						OFFSET	 0.000000	 0.000000	 0.000000
						CHANNELS 3 Zrotation Xrotation Yrotation
						JOINT l_forearm
						{
							OFFSET	 0.266368	 0.006912	-0.045869
							CHANNELS 3 Zrotation Xrotation Yrotation
							JOINT l_end_wrist
							{
								OFFSET	 0.317021	-0.006522	 0.006333
								CHANNELS 3 Zrotation Xrotation Yrotation
								JOINT l_index1
								{
									OFFSET	 0.152748	-0.021000	-0.014320
									CHANNELS 3 Zrotation Xrotation Yrotation
									JOINT l_index2
									{
										OFFSET	 0.039283	 0.000000	 0.000000
										CHANNELS 3 Zrotation Xrotation Yrotation
										JOINT l_index3
										{
											OFFSET	 0.038151	 0.000000	 0.000000
											CHANNELS 3 Zrotation Xrotation Yrotation
											End Site
											{
												OFFSET	 0.038151	 0.000000	 0.000000
											}
										}
									}
								}
								JOINT l_middle1
								{
									OFFSET	 0.151723	 0.016194	-0.014667
									CHANNELS 3 Zrotation Xrotation Yrotation
									JOINT l_middle_2
									{
										OFFSET	 0.038269	 0.000000	 0.000000
										CHANNELS 3 Zrotation Xrotation Yrotation
										JOINT l_middle_3
										{
											OFFSET	 0.039743	 0.000000	 0.000000
											CHANNELS 3 Zrotation Xrotation Yrotation
											End Site
											{
												OFFSET	 0.039743	 0.000000	 0.000000
											}
										}
									}
								}
								JOINT l_pinky1
								{
									OFFSET	 0.117088	 0.077397	-0.013819
									CHANNELS 3 Zrotation Xrotation Yrotation
									JOINT l_pinky2
									{
										OFFSET	 0.028938	 0.000000	 0.000000
										CHANNELS 3 Zrotation Xrotation Yrotation
										JOINT l_pinky3
										{
											OFFSET	 0.027080	 0.000000	 0.000000
											CHANNELS 3 Zrotation Xrotation Yrotation
											End Site
											{
												OFFSET	 0.027080	 0.000000	 0.000000
											}
										}
									}
								}
								JOINT l_ring1
								{
									OFFSET	 0.137788	 0.047650	-0.014135
									CHANNELS 3 Zrotation Xrotation Yrotation
									JOINT l_ring2
									{
										OFFSET	 0.030749	 0.000000	 0.000000
										CHANNELS 3 Zrotation Xrotation Yrotation
										JOINT l_ring3
										{
											OFFSET	 0.032711	 0.000000	 0.000000
											CHANNELS 3 Zrotation Xrotation Yrotation
											End Site
											{
												OFFSET	 0.032711	 0.000000	 0.000000
											}
										}
									}
								}
								JOINT l_thumb1
								{
									OFFSET	 0.054053	-0.036728	-0.011261
									CHANNELS 3 Zrotation Xrotation Yrotation
									JOINT l_thumb_2
									{
										OFFSET	 0.051141	-0.005593	-0.001180
										CHANNELS 3 Zrotation Xrotation Yrotation
										JOINT l_thumb_3
										{
											OFFSET	 0.046422	-0.001905	 0.000191
											CHANNELS 3 Zrotation Xrotation Yrotation
											End Site
											{
												OFFSET	 0.046422	-0.001905	 0.000191
											}
										}
									}
								}
							}
						}
					}
				}
			}
			JOINT neck
			{
				OFFSET	 0.143918	 0.000470	 0.000000
				CHANNELS 3 Zrotation Xrotation Yrotation
				JOINT head
				{
					OFFSET	 0.000000	-0.000205	 0.055236
					CHANNELS 3 Zrotation Xrotation Yrotation
					End Site
					{
						OFFSET	 0.000000	-0.000205	 0.055236
					}
				}
			}
			JOINT r_clavicle
			{
				OFFSET	 0.114552	 0.000716	 0.065320
				CHANNELS 3 Zrotation Xrotation Yrotation
				JOINT r_end_clavicle
				{
					OFFSET	-0.162817	 0.003801	-0.000067
					CHANNELS 3 Zrotation Xrotation Yrotation
					JOINT r_shoulder
					{
						OFFSET	 0.000000	 0.000000	 0.000000
						CHANNELS 3 Zrotation Xrotation Yrotation
						JOINT r_forearm
						{
							OFFSET	-0.266367	-0.006912	 0.045867
							CHANNELS 3 Zrotation Xrotation Yrotation
							JOINT r_end_wrist
							{
								OFFSET	-0.317022	 0.006522	-0.006331
								CHANNELS 3 Zrotation Xrotation Yrotation
								JOINT r_index1
								{
									OFFSET	-0.152748	 0.021000	 0.014322
									CHANNELS 3 Zrotation Xrotation Yrotation
									JOINT r_index2
									{
										OFFSET	-0.039280	 0.000000	-0.000001
										CHANNELS 3 Zrotation Xrotation Yrotation
										JOINT r_index3
										{
											OFFSET	-0.038152	 0.000000	-0.000001
											CHANNELS 3 Zrotation Xrotation Yrotation
											End Site
											{
												OFFSET	-0.038152	 0.000000	-0.000001
											}
										}
									}
								}
								JOINT r_middle1
								{
									OFFSET	-0.151722	-0.016194	 0.014664
									CHANNELS 3 Zrotation Xrotation Yrotation
									JOINT r_middle_2
									{
										OFFSET	-0.038270	 0.000000	 0.000003
										CHANNELS 3 Zrotation Xrotation Yrotation
										JOINT r_middle_3
										{
											OFFSET	-0.039744	 0.000000	 0.000000
											CHANNELS 3 Zrotation Xrotation Yrotation
											End Site
											{
												OFFSET	-0.039744	 0.000000	 0.000000
											}
										}
									}
								}
								JOINT r_pinky1
								{
									OFFSET	-0.117090	-0.077397	 0.013818
									CHANNELS 3 Zrotation Xrotation Yrotation
									JOINT r_pinky2
									{
										OFFSET	-0.028938	 0.000000	 0.000000
										CHANNELS 3 Zrotation Xrotation Yrotation
										JOINT r_pinky3
										{
											OFFSET	-0.027079	-0.000001	 0.000000
											CHANNELS 3 Zrotation Xrotation Yrotation
											End Site
											{
												OFFSET	-0.027079	-0.000001	 0.000000
											}
										}
									}
								}
								JOINT r_ring1
								{
									OFFSET	-0.137790	-0.047650	 0.014136
									CHANNELS 3 Zrotation Xrotation Yrotation
									JOINT r_ring2
									{
										OFFSET	-0.030748	 0.000000	-0.000001
										CHANNELS 3 Zrotation Xrotation Yrotation
										JOINT r_ring3
										{
											OFFSET	-0.032707	-0.000001	 0.000003
											CHANNELS 3 Zrotation Xrotation Yrotation
											End Site
											{
												OFFSET	-0.032707	-0.000001	 0.000003
											}
										}
									}
								}
								JOINT r_thumb1
								{
									OFFSET	-0.054054	 0.036728	 0.011262
									CHANNELS 3 Zrotation Xrotation Yrotation
									JOINT r_thumb_2
									{
										OFFSET	-0.051140	 0.005594	 0.001177
										CHANNELS 3 Zrotation Xrotation Yrotation
										JOINT r_thumb_3
										{
											OFFSET	-0.046419	 0.001906	-0.000190
											CHANNELS 3 Zrotation Xrotation Yrotation
											End Site
											{
												OFFSET	-0.046419	 0.001906	-0.000190
											}
										}
									}
								}
							}
						}
					}
				}
			}
		}
	}
	JOINT Pelvis
	{
		OFFSET	 0.000000	 0.000000	 0.000000
		CHANNELS 3 Zrotation Xrotation Yrotation
		JOINT l_thigh
		{
			OFFSET	-0.000001	-0.129194	 0.000000
			CHANNELS 3 Zrotation Xrotation Yrotation
			End Site
			{
				OFFSET	-0.000001	-0.129194	 0.000000
			}
		}
		JOINT r_thigh
		{
			OFFSET	 0.000001	 0.129194	 0.000000
			CHANNELS 3 Zrotation Xrotation Yrotation
			End Site
			{
				OFFSET	 0.000001	 0.129194	 0.000000
			}
		}
	}
}
MOTION
Frames:    357
Frame Time: 0.01666667
 0.038769	-0.064507	 0.015132	-90.944530	 3.921390	-89.825760	-9.273819	 0.425841	-0.310245	-8.468158	 0.981055	-0.271089	-0.269620	 0.781684	 110.202800	-0.813313	 0.122417	-8.559153	-14.147970	 10.741210	 72.924480	-31.486700	 27.000930	 5.393254	 26.719980	 7.431425	-60.941410	-10.315810	-3.374880	 50.283760	 2.465345	-1.148517	 54.713690	 2.451210	 1.017996	-43.714030	-0.583764	 1.094534	 40.767560	-0.232200	 3.161109	 24.381770	 2.666018	 5.020553	-60.107580	 34.658180	 18.566090	 20.452260	-6.659822	 19.253390	 19.722520	-5.672762	 19.248520	-71.889790	 16.353650	 9.074822	 30.882050	-3.759713	 9.438661	 25.739650	-0.519783	 10.340870	-63.924520	-35.855160	-1.452688	 30.879120	 15.609720	-0.539451	 0.135676	 14.705610	-0.367942	 3.437226	 0.568723	-0.584513	 90.060290	-95.080330	-17.931000	-106.843200	 179.293300	 2.478029	 110.279000	-0.813313	 0.122417	-8.559153	-6.276515	 20.340340	 52.282650	-44.380330	 21.564860	 8.205181	 17.875530	 12.540470	-19.760370	-10.557710	-3.564083	 52.282610	 2.463842	-1.150477	 57.512790	 2.452199	 1.017006	-43.742250	-0.532323	 1.131356	 42.173900	-0.211612	 3.172169	 32.240680	 2.637641	 5.081716	-59.156230	 31.504190	 17.166220	 21.413810	-6.562398	 19.291880	 25.293940	-5.713845	 19.253790	-73.899020	 14.282440	 7.822553	 29.871760	-3.707325	 9.467494	 32.419740	-0.546874	 10.457610	-61.168320	-65.575550	-12.285320	-23.033340	 16.292780	-0.540723	 0.141526	 63.346610	-0.350049	 3.865706	 0.000000	 90.000000	 0.000000	 173.621600	 3.019877	 173.641100	-167.137700	-25.583540	-11.937030
 0.034181	-0.077856	 0.015188	-99.213180	 3.971848	-90.705920	-9.086906	-0.258195	-0.715912	-8.340399	-0.840134	-0.647984	-0.150243	 0.354263	 109.708100	-0.813313	 0.122417	-8.559153	-13.018310	 12.394230	 70.376050	-45.435540	 25.553330	 7.311606	 26.755360	 8.444751	-56.177090	-10.501860	-3.550758	 50.180480	 2.465425	-1.148404	 54.560230	 2.493068	 0.974416	-44.880550	-0.548458	 1.122457	 40.701360	-0.233556	 3.160502	 23.882320	 2.672892	 5.005328	-60.343180	 35.034210	 18.730230	 20.279570	-6.666075	 19.251300	 19.372650	-5.676154	 19.248850	-72.056380	 16.569490	 9.212613	 30.781940	-3.763394	 9.436929	 25.286350	-0.517716	 10.330630	-64.165160	-37.568150	-3.535429	 25.700190	 15.665190	-0.539543	 0.136149	 14.927360	-0.368701	 3.439095	 0.536264	-1.588449	 90.017860	-95.421780	-15.116270	-105.024900	 179.313700	 2.407878	 110.218900	-0.813313	 0.122417	-8.559153	-4.927630	 20.965510	 52.547700	-48.357560	 17.373120	 8.098817	 17.609290	 9.406077	-20.440310	-10.569160	-3.576988	 52.184150	 2.463944	-1.150321	 57.304790	 2.455096	 1.014042	-43.822260	-0.431867	 1.212458	 42.043990	-0.212551	 3.171580	 31.867770	 2.655229	 5.044137	-59.741450	 32.221140	 17.500480	 21.059010	-6.567587	 19.289610	 24.992180	-5.728644	 19.255810	-74.629520	 14.728530	 8.110259	 29.605840	-3.710609	 9.465473	 31.990840	-0.542407	 10.439800	-61.591530	-62.073060	-12.519970	-15.621940	 16.212360	-0.540597	 0.140836	 57.958100	-0.369970	 3.820996	 0.000000	 90.000000	 0.000000	 175.260800	 2.781979	 172.872900	-166.164000	-22.306640	-13.148420
 0.026340	-0.091296	 0.015109	-108.039800	 4.131587	-91.624810	-8.883402	-0.947329	-1.115240	-8.214719	-2.687955	-1.019880	-0.033821	-0.076787	 109.208300	-0.813313	 0.122417	-8.559153	-11.862670	 14.033770	 67.828990	-58.911990	 23.949440	 8.857561	 26.748420	 9.668557	-51.084820	-10.689780	-3.727653	 50.080220	 2.465502	-1.148296	 54.411810	 2.534372	 0.929613	-46.056890	-0.512746	 1.150622	 40.639760	-0.234475	 3.160099	 23.545150	 2.679887	 4.989663	-60.585170	 35.395700	 18.886620	 20.112990	-6.670857	 19.249720	 19.105690	-5.681003	 19.249330	-72.295110	 16.781740	 9.347648	 30.678250	-3.766253	 9.435604	 24.935280	-0.515724	 10.320540	-64.401940	-39.472550	-5.449234	 20.473720	 15.721230	-0.539652	 0.136630	 15.084280	-0.369230	 3.440420	 0.500944	-2.547036	 89.976590	-95.807850	-12.348060	-103.133700	 179.333600	 2.338504	 110.161900	-0.813313	 0.122417	-8.559153	-3.526806	 21.527480	 52.517970	-52.485420	 13.082320	 7.903440	 17.251450	 6.210350	-20.760710	-10.581110	-3.590380	 52.082880	 2.464050	-1.150159	 57.089010	 2.458071	 1.010991	-43.904500	-0.330012	 1.294305	 41.912440	-0.213486	 3.171003	 31.498510	 2.672338	 5.006583	-60.323510	 32.944130	 17.831180	 20.705390	-6.572753	 19.287360	 24.692370	-5.743464	 19.258020	-75.362530	 15.175840	 8.395172	 29.349130	-3.713919	 9.463468	 31.560440	-0.538050	 10.421850	-62.017150	-58.194290	-12.293630	-8.070422	 16.126300	-0.540453	 0.140099	 52.157230	-0.386620	 3.771003	 0.000000	 90.000000	 0.000000	 176.804300	 2.526673	 172.143000	-165.063500	-19.012470	-14.347430
 0.021370	-0.097383	 0.015041	-112.379200	 4.234802	-92.058020	-8.780473	-1.275855	-1.302199	-8.155410	-3.573735	-1.194596	 0.020174	-0.281846	 108.969600	-0.813313	 0.122417	-8.559153	-11.326030	 14.747780	 66.640410	-65.215230	 23.309900	 9.453488	 26.882600	 10.410490	-48.650990	-10.779530	-3.811882	 50.034020	 2.465538	-1.148246	 54.343940	 2.553749	 0.907944	-46.618030	-0.495622	 1.164100	 40.612240	-0.234781	 3.159966	 23.433020	 2.683196	 4.982188	-60.700470	 35.558220	 18.956510	 20.037360	-6.672616	 19.249140	 19.007480	-5.683465	 19.249580	-72.416070	 16.878120	 9.408849	 30.627010	-3.767323	 9.435118	 24.804230	-0.514815	 10.315860	-64.511650	-40.436300	-6.291589	 17.977990	 15.747970	-0.539696	 0.136858	 15.132600	-0.369389	 3.440829	 0.483140	-2.984499	 89.957420	-96.006140	-11.047630	-102.208300	 179.342900	 2.306000	 110.135700	-0.813313	 0.122417	-8.559153	-2.868108	 21.779020	 52.499460	-54.447530	 11.041760	 7.776104	 17.063160	 4.678123	-20.869860	-10.586750	-3.596689	 52.035210	 2.464101	-1.150082	 56.986260	 2.459469	 1.009555	-43.943170	-0.282001	 1.332752	 41.851760	-0.213926	 3.170734	 31.325150	 2.680269	 4.988826	-60.597800	 33.283240	 17.984130	 20.540940	-6.575191	 19.286320	 24.551160	-5.750377	 19.259120	-75.705090	 15.380960	 8.524732	 29.233180	-3.715471	 9.462541	 31.359280	-0.535961	 10.413030	-62.226020	-56.258940	-12.004510	-4.486565	 16.083710	-0.540380	 0.139735	 49.276270	-0.392995	 3.745614	 0.000000	 90.000000	 0.000000	 177.501200	 2.399535	 171.813900	-164.512500	-17.436510	-14.920230
 0.016005	-0.102728	 0.014957	-116.480900	 4.340588	-92.452570	-8.680724	-1.582266	-1.474683	-8.100483	-4.402941	-1.356282	 0.069589	-0.472550	 108.746600	-0.813313	 0.122417	-8.559153	-10.834900	 15.356920	 65.525590	-70.969990	 22.752130	 9.913342	 27.262690	 11.070570	-46.432240	-10.863350	-3.890395	 49.991920	 2.465570	-1.148201	 54.282570	 2.571642	 0.887550	-47.141770	-0.479662	 1.176649	 40.587680	-0.235019	 3.159863	 23.345820	 2.686250	 4.975251	-60.807370	 35.703080	 19.018590	 19.969320	-6.674092	 19.248670	 18.925320	-5.685777	 19.249820	-72.529810	 16.964220	 9.463459	 30.578570	-3.768233	 9.434705	 24.692850	-0.513995	 10.311600	-64.611720	-41.364570	-7.034881	 15.647240	 15.772940	-0.539734	 0.137072	 15.162940	-0.369493	 3.441085	 0.465993	-3.379447	 89.939740	-96.202350	-9.858503	-101.331800	 179.351500	 2.276057	 110.111300	-0.813313	 0.122417	-8.559153	-2.268697	 22.009300	 52.517980	-56.158650	 9.159137	 7.629447	 16.859790	 3.245535	-20.966110	-10.591930	-3.602472	 51.991670	 2.464148	-1.150011	 56.891410	 2.460744	 1.008243	-43.978500	-0.237800	 1.368076	 41.797220	-0.214333	 3.170486	 31.165150	 2.687690	 4.971994	-60.857240	 33.594550	 18.123340	 20.390870	-6.577498	 19.285340	 24.417630	-5.756703	 19.260150	-76.018880	 15.573370	 8.645550	 29.128340	-3.716896	 9.461695	 31.174970	-0.534039	 10.404780	-62.421240	-54.421490	-11.625200	-1.173354	 16.043150	-0.540309	 0.139388	 46.528470	-0.397872	 3.721128	 0.000000	 90.000000	 0.000000	 178.128500	 2.277886	 171.521800	-163.979100	-15.960630	-15.457620
 0.008602	-0.108669	 0.014834	-121.505000	 4.493327	-92.917180	-8.554414	-1.954146	-1.681772	-8.034497	-5.413263	-1.551140	 0.128270	-0.702988	 108.475700	-0.813313	 0.122417	-8.559153	-10.257060	 16.016340	 64.195460	-77.745910	 22.073120	 10.336900	 28.007180	 11.795010	-43.811400	-10.965230	-3.985642	 49.942260	 2.465608	-1.148149	 54.210900	 2.593120	 0.862562	-47.777800	-0.460350	 1.191816	 40.559260	-0.235270	 3.159756	 23.254140	 2.689899	 4.966921	-60.935630	 35.869660	 19.089730	 19.890170	-6.675678	 19.248150	 18.836870	-5.688596	 19.250130	-72.668580	 17.063130	 9.526111	 30.519550	-3.769235	 9.434251	 24.570390	-0.513034	 10.306560	-64.729840	-42.525840	-7.880486	 12.814840	 15.803300	-0.539794	 0.137331	 15.181250	-0.369551	 3.441240	 0.444446	-3.838845	 89.918610	-96.456940	-8.450418	-100.250800	 179.361800	 2.240273	 110.080200	-0.813313	 0.122417	-8.559153	-1.561381	 22.283740	 52.583070	-58.120840	 6.898645	 7.424231	 16.614430	 1.496198	-21.096410	-10.598020	-3.609253	 51.940560	 2.464204	-1.149927	 56.778470	 2.462241	 1.006701	-44.019990	-0.185120	 1.410091	 41.734550	-0.214821	 3.170192	 30.973370	 2.696855	 4.950918	-61.181370	 33.964840	 18.287450	 20.213770	-6.580385	 19.284110	 24.250800	-5.764205	 19.261430	-76.391260	 15.813390	 8.795285	 29.005020	-3.718590	 9.460697	 30.956260	-0.531774	 10.394900	-62.654880	-52.167230	-11.021980	 2.789841	 15.992960	-0.540215	 0.138956	 43.121450	-0.402284	 3.690490	 0.000000	 90.000000	 0.000000	 178.860300	 2.126439	 171.189800	-163.300600	-14.172880	-16.115900
 0.001535	-0.113294	 0.014726	-125.868000	 4.656098	-93.304820	-8.440204	-2.275655	-1.859011	-7.978384	-6.290290	-1.718677	 0.177859	-0.901300	 108.241000	-0.813313	 0.122417	-8.559153	-9.792233	 16.486960	 63.090570	-83.401690	 21.516890	 10.582470	 28.780490	 12.422060	-41.624950	-11.053450	-4.067963	 49.900650	 2.465639	-1.148106	 54.151660	 2.611480	 0.840750	-48.328130	-0.443749	 1.204840	 40.535970	-0.235468	 3.159670	 23.181570	 2.692991	 4.959822	-61.044860	 36.005520	 19.147550	 19.824760	-6.676888	 19.247770	 18.769570	-5.691040	 19.250390	-72.788860	 17.143260	 9.576803	 30.468820	-3.770019	 9.433898	 24.474570	-0.512241	 10.302340	-64.828780	-43.557640	-8.560586	 10.362920	 15.829580	-0.539838	 0.137557	 15.181310	-0.369550	 3.441242	 0.425204	-4.214923	 89.900520	-96.693700	-7.267870	-99.301140	 179.370700	 2.209877	 110.050700	-0.813313	 0.122417	-8.559153	-0.964531	 22.514490	 52.655970	-59.792860	 4.958247	 7.232529	 16.432000	-0.030844	-21.233720	-10.603030	-3.614829	 51.898260	 2.464251	-1.149856	 56.683350	 2.463478	 1.005424	-44.054300	-0.140585	 1.445543	 41.684090	-0.215248	 3.169937	 30.806370	 2.704735	 4.932532	-61.463500	 34.288420	 18.429510	 20.061130	-6.582900	 19.283050	 24.105590	-5.770689	 19.262560	-76.713440	 16.018230	 8.922338	 28.903500	-3.720060	 9.459838	 30.766980	-0.529902	 10.386570	-62.851570	-50.211720	-10.375810	 6.149302	 15.948760	-0.540151	 0.138579	 40.117570	-0.404657	 3.663298	 0.000000	 90.000000	 0.000000	 179.467000	 1.992371	 170.925300	-162.681700	-12.639580	-16.691770
-0.006008	-0.117157	 0.014647	-130.177000	 4.831546	-93.670900	-8.322425	-2.593252	-2.032773	-7.924266	-7.160074	-1.883723	 0.225767	-1.096177	 108.008800	-0.813313	 0.122417	-8.559153	-9.351400	 16.886170	 62.047800	-88.788310	 20.974960	 10.714250	 29.648630	 13.015680	-39.536210	-11.140730	-4.149267	 49.860810	 2.465668	-1.148065	 54.095750	 2.629430	 0.819008	-48.872340	-0.427476	 1.217596	 40.514130	-0.235658	 3.159590	 23.112170	 2.695977	 4.952928	-61.150820	 36.132600	 19.201480	 19.762800	-6.677944	 19.247430	 18.710720	-5.693450	 19.250660	-72.907640	 17.217370	 9.623629	 30.419350	-3.770727	 9.433579	 24.388070	-0.511488	 10.298300	-64.923390	-44.599690	-9.185313	 7.937720	 15.855580	-0.539886	 0.137779	 15.167530	-0.369501	 3.441124	 0.405610	-4.563309	 89.882840	-96.945020	-6.134830	-98.349340	 179.379400	 2.180392	 110.017400	-0.813313	 0.122417	-8.559153	-0.390084	 22.738200	 52.752170	-61.372330	 3.058240	 7.027785	 16.300910	-1.557533	-21.399260	-10.607710	-3.620032	 51.858560	 2.464297	-1.149788	 56.592270	 2.464638	 1.004225	-44.086500	-0.097556	 1.479746	 41.638120	-0.215677	 3.169682	 30.638560	 2.712342	 4.914542	-61.738960	 34.616440	 18.572270	 19.908640	-6.585359	 19.282030	 23.963810	-5.777195	 19.263740	-77.037160	 16.212930	 9.042529	 28.809060	-3.721538	 9.458980	 30.576840	-0.528137	 10.378600	-63.039650	-48.286250	-9.627173	 9.394271	 15.904430	-0.540073	 0.138199	 37.101550	-0.405604	 3.635911	 0.000000	 90.000000	 0.000000	-179.957600	 1.858171	 170.721400	-162.101600	-11.029570	-17.183960
-0.015509	-0.120600	 0.014562	-135.189000	 5.041829	-94.075230	-8.178029	-2.964435	-2.234740	-7.863400	-8.180900	-2.076667	 0.280256	-1.321999	 107.736900	-0.813313	 0.122417	-8.559153	-8.801233	 17.361340	 60.878470	-94.824170	 20.337750	 10.731370	 30.737900	 13.670260	-37.170120	-11.242950	-4.244323	 49.815900	 2.465701	-1.148020	 54.033950	 2.650172	 0.793347	-49.509240	-0.408628	 1.232355	 40.490090	-0.235881	 3.159496	 23.031090	 2.699374	 4.945044	-61.271880	 36.273000	 19.260890	 19.693390	-6.679023	 19.247090	 18.650720	-5.696264	 19.250970	-73.046080	 17.297620	 9.674263	 30.362710	-3.771482	 9.433242	 24.296100	-0.510648	 10.293750	-65.029830	-45.843000	-9.855304	 5.099655	 15.886020	-0.539939	 0.138040	 15.134660	-0.369396	 3.440847	 0.382031	-4.920625	 89.862290	-97.254970	-4.855561	-97.273490	 179.389700	 2.146786	 109.970600	-0.813313	 0.122417	-8.559153	 0.258151	 22.998300	 52.906430	-63.079910	 0.861158	 6.770695	 16.232350	-3.370742	-21.635270	-10.612780	-3.625666	 51.815170	 2.464349	-1.149711	 56.490060	 2.465908	 1.002913	-44.121740	-0.047760	 1.519277	 41.589860	-0.216174	 3.169388	 30.444340	 2.720845	 4.894138	-62.050700	 34.995240	 18.735610	 19.734540	-6.588143	 19.280870	 23.803360	-5.784715	 19.265150	-77.411830	 16.436390	 9.179797	 28.704310	-3.723254	 9.457994	 30.356720	-0.526148	 10.369470	-63.255000	-46.057820	-8.619429	 13.079750	 15.851870	-0.539982	 0.137749	 33.520940	-0.404848	 3.603385	 0.000000	 90.000000	 0.000000	-179.314900	 1.700511	 170.562200	-161.431700	-9.090293	-17.699830
-0.024539	-0.123174	 0.014332	-139.417900	 5.208678	-94.480850	-8.055525	-3.270822	-2.537552	-7.828573	-9.052657	-2.334096	 0.327196	-1.520301	 107.491200	-0.813313	 0.122417	-8.559153	-8.281163	 17.779540	 59.873010	-99.947240	 19.644150	 10.624860	 31.631840	 14.146340	-35.014350	-11.330650	-4.325739	 49.778950	 2.465727	-1.147984	 53.984260	 2.667733	 0.771158	-50.055440	-0.392683	 1.244831	 40.470760	-0.236072	 3.159413	 22.960940	 2.702195	 4.938462	-61.372880	 36.387040	 19.308990	 19.636280	-6.679822	 19.246830	 18.606230	-5.698660	 19.251250	-73.164120	 17.363150	 9.715547	 30.315170	-3.772071	 9.432981	 24.224250	-0.509964	 10.290020	-65.117300	-46.926490	-10.376990	 2.666683	 15.912140	-0.539983	 0.138263	 15.092790	-0.369255	 3.440493	 0.361305	-5.174782	 89.844730	-97.564930	-4.242459	-96.209940	 179.390500	 2.150628	 109.921400	-0.813313	 0.122417	-8.559153	 1.033159	 23.605960	 53.099350	-64.738880	-1.031751	 6.559670	 16.251600	-4.995931	-22.222050	-10.616700	-3.630040	 51.780890	 2.464382	-1.149663	 56.424220	 2.466908	 1.001877	-44.149520	-0.083017	 1.491032	 41.555970	-0.215843	 3.169584	 30.573820	 2.715208	 4.907699	-61.843590	 34.746860	 18.631780	 19.774550	-6.586238	 19.281660	 23.913150	-5.779752	 19.264220	-77.164540	 16.287120	 9.090674	 28.677360	-3.722139	 9.458635	 30.499810	-0.527556	 10.375960	-63.102110	-44.178730	-7.649494	 16.133630	 15.806270	-0.539899	 0.137358	 30.411960	-0.402560	 3.575233	 0.000000	 90.000000	 0.000000	-178.784700	 1.556873	 170.239500	-160.745800	-7.403886	-18.123220
-0.036035	-0.125983	 0.013941	-144.570400	 5.474019	-94.952060	-7.943786	-3.629305	-2.965684	-7.839410	-10.300700	-2.716199	 0.375660	-1.729088	 107.224100	-0.813313	 0.122417	-8.559153	-7.536053	 18.074260	 58.893510	-104.971900	 18.849420	 10.169210	 32.328880	 14.160110	-34.169160	-11.418220	-4.406917	 49.743510	 2.465751	-1.147950	 53.937860	 2.685045	 0.748849	-50.600500	-0.376985	 1.257106	 40.452650	-0.236264	 3.159333	 22.891230	 2.704921	 4.932068	-61.470900	 36.499120	 19.356140	 19.580130	-6.680516	 19.246610	 18.567640	-5.701030	 19.251530	-73.281030	 17.428630	 9.756706	 30.268340	-3.772612	 9.432741	 24.158280	-0.509317	 10.286440	-65.200960	-48.020730	-10.848690	 0.240496	 15.938220	-0.540030	 0.138487	 15.039000	-0.369079	 3.440037	 0.342648	-4.573933	 89.824470	-97.137920	-3.821811	-94.755070	 179.380900	 2.196468	 109.869100	-0.813313	 0.122417	-8.559153	 1.976737	 24.616800	 53.435700	-64.523830	-3.691764	 6.305717	 14.742770	-7.276722	-21.959880	-10.620180	-3.633924	 51.749660	 2.464397	-1.149640	 56.393820	 2.467821	 1.000932	-44.174900	-0.107256	 1.471613	 41.526870	-0.215612	 3.169720	 30.663760	 2.711099	 4.917497	-61.693740	 34.569750	 18.557880	 19.796280	-6.584903	 19.282220	 23.990120	-5.776278	 19.263570	-76.991460	 16.184300	 9.029614	 28.647940	-3.721345	 9.459092	 30.601710	-0.528533	 10.380410	-62.997140	-42.341210	-6.592148	 19.075110	 15.760360	-0.539820	 0.136966	 27.279310	-0.398697	 3.547032	 0.000000	 90.000000	 0.000000	-178.062600	 1.600812	 169.761900	-159.763100	-5.747911	-19.057480
-0.049652	-0.128198	 0.013644	-149.701000	 5.784056	-95.593770	-7.825516	-4.174870	-3.385929	-7.892251	-12.056960	-3.176145	 0.433076	-1.982376	 106.893400	-0.813313	 0.122417	-8.559153	-6.565805	 18.259440	 57.987800	-110.528100	 18.089060	 9.366405	 33.114840	 14.281820	-32.778980	-11.519310	-4.500483	 49.704520	 2.465778	-1.147915	 53.888460	 2.704755	 0.722907	-51.229320	-0.359164	 1.271030	 40.433260	-0.236469	 3.159246	 22.816230	 2.707950	 4.924930	-61.580280	 36.631890	 19.411780	 19.514470	-6.681196	 19.246390	 18.529740	-5.703745	 19.251850	-73.414670	 17.506030	 9.805227	 30.215070	-3.773186	 9.432487	 24.088460	-0.508609	 10.282510	-65.293010	-49.295540	-11.332140	-2.555162	 15.968330	-0.540079	 0.138745	 14.962820	-0.368817	 3.439395	 0.320278	-4.101334	 89.802170	-96.816380	-3.249422	-92.954190	 179.368700	 2.252902	 109.814800	-0.813313	 0.122417	-8.559153	 2.664957	 25.518710	 54.189840	-62.657770	-6.195404	 5.990559	 13.555780	-9.531583	-21.109210	-10.623610	-3.637766	 51.717560	 2.464396	-1.149641	 56.395620	 2.468758	 0.999959	-44.200970	-0.100062	 1.477242	 41.498810	-0.215677	 3.169682	 30.638550	 2.712002	 4.915351	-61.726590	 34.614360	 18.578340	 19.748360	-6.585210	 19.282090	 23.972400	-5.777256	 19.263750	-77.040210	 16.216410	 9.050280	 28.596780	-3.721569	 9.458964	 30.572980	-0.528239	 10.379070	-63.028690	-40.275920	-5.271916	 22.330130	 15.706970	-0.539722	 0.136509	 23.633950	-0.392280	 3.514539	 0.000000	 90.000000	 0.000000	-177.101900	 1.565280	 169.384000	-158.543900	-4.369956	-20.263400
-0.061198	-0.128390	 0.013356	-154.200700	 6.050540	-95.986370	-7.725984	-4.705629	-3.664149	-7.922527	-13.268890	-3.501185	 0.484430	-2.214871	 106.588900	-0.813313	 0.122417	-8.559153	-5.962436	 18.395080	 57.444360	-115.240500	 17.569960	 8.788655	 33.736920	 14.500690	-31.555570	-11.608620	-4.583023	 49.671830	 2.465799	-1.147886	 53.848680	 2.721917	 0.699826	-51.784450	-0.343704	 1.283101	 40.417430	-0.236629	 3.159179	 22.758200	 2.710521	 4.918843	-61.673480	 36.752790	 19.462270	 19.455500	-6.681704	 19.246230	 18.501590	-5.706111	 19.252140	-73.531410	 17.576830	 9.849497	 30.168760	-3.773651	 9.432282	 24.031750	-0.508019	 10.279210	-65.370240	-50.428930	-11.705050	-5.019246	 15.994930	-0.540133	 0.138972	 14.883710	-0.368554	 3.438727	 0.299312	-3.948010	 89.783600	-96.743850	-2.640471	-91.556340	 179.362700	 2.282792	 109.773300	-0.813313	 0.122417	-8.559153	 2.979154	 26.060620	 54.995480	-61.837520	-8.440505	 5.811976	 12.521980	-11.575050	-20.932910	-10.626050	-3.640536	 51.692910	 2.464384	-1.149659	 56.419440	 2.469479	 0.999210	-44.221040	-0.072870	 1.498813	 41.479450	-0.215931	 3.169531	 30.539190	 2.716202	 4.905315	-61.879990	 34.803470	 18.659630	 19.664830	-6.586598	 19.281510	 23.892380	-5.781103	 19.264470	-77.231670	 16.334160	 9.122294	 28.545060	-3.722447	 9.458455	 30.460210	-0.527139	 10.374040	-63.147350	-38.506530	-4.026858	 25.076600	 15.659500	-0.539642	 0.136103	 20.392960	-0.384847	 3.486044	 0.000000	 90.000000	 0.000000	-176.437500	 1.546708	 169.189700	-157.449300	-3.217692	-21.270220
-0.071854	-0.127565	 0.013083	-158.418800	 6.312917	-96.302280	-7.630807	-5.175929	-3.884360	-7.946693	-14.336400	-3.767909	 0.534248	-2.446069	 106.291200	-0.813313	 0.122417	-8.559153	-5.482845	 18.453320	 56.980090	-119.484000	 17.171160	 8.260895	 34.259910	 14.764990	-30.338700	-11.695520	-4.663238	 49.641570	 2.465817	-1.147860	 53.813540	 2.738400	 0.677211	-52.324590	-0.328931	 1.294630	 40.403220	-0.236766	 3.159122	 22.708190	 2.712926	 4.913119	-61.761020	 36.873490	 19.512500	 19.397250	-6.682117	 19.246100	 18.478580	-5.708388	 19.252420	-73.643750	 17.648040	 9.893915	 30.124530	-3.774073	 9.432097	 23.980550	-0.507480	 10.276140	-65.441800	-51.535900	-12.019690	-7.411977	 16.020810	-0.540167	 0.139194	 14.796740	-0.368261	 3.437993	 0.278448	-3.812293	 89.765790	-96.661380	-2.003534	-90.360750	 179.358000	 2.306431	 109.740000	-0.813313	 0.122417	-8.559153	 3.251897	 26.601980	 55.744580	-61.009570	-10.553130	 5.676385	 11.574570	-13.537060	-20.976390	-10.627870	-3.642634	 51.672380	 2.464369	-1.149681	 56.449050	 2.470079	 0.998587	-44.237740	-0.041860	 1.523431	 41.465980	-0.216223	 3.169360	 30.425350	 2.721075	 4.893583	-62.059170	 35.022020	 18.752710	 19.578960	-6.588216	 19.280840	 23.799170	-5.785507	 19.265300	-77.451120	 16.469700	 9.204657	 28.499780	-3.723455	 9.457878	 30.330960	-0.525894	 10.368290	-63.282850	-36.836870	-2.752926	 27.632530	 15.613130	-0.539563	 0.135705	 17.224000	-0.376031	 3.458633	 0.000000	 90.000000	 0.000000	-175.876700	 1.571245	 169.058300	-156.405400	-2.177857	-22.304470
-0.072975	-0.127590	 0.013175	-158.969300	 6.396428	-96.366130	-7.642294	-5.259974	-3.897449	-7.975820	-14.558770	-3.783679	 0.549227	-2.515941	 106.227900	-0.813313	 0.122417	-8.559153	-5.438749	 18.184100	 56.958240	-119.859400	 17.198030	 8.070690	 34.251920	 14.683310	-30.598210	-11.701920	-4.669147	 49.637700	 2.465819	-1.147859	 53.811370	 2.739605	 0.675539	-52.364350	-0.326703	 1.296368	 40.401610	-0.236811	 3.159104	 22.691700	 2.713243	 4.912364	-61.772570	 36.918560	 19.531150	 19.378830	-6.682146	 19.246090	 18.476990	-5.708738	 19.252460	-73.660960	 17.674590	 9.910390	 30.114390	-3.774204	 9.432039	 23.964550	-0.507365	 10.275500	-65.456860	-51.617550	-12.041010	-7.588076	 16.022730	-0.540169	 0.139211	 14.789960	-0.368235	 3.437935	 0.276970	-3.542876	 89.762910	-96.414930	-1.897943	-90.321970	 179.351800	 2.330958	 109.741600	-0.813313	 0.122417	-8.559153	 3.091105	 26.718620	 56.110580	-59.509550	-10.882810	 5.693554	 10.799220	-13.907470	-20.713610	-10.627100	-3.641791	 51.678590	 2.464340	-1.149724	 56.506040	 2.469898	 0.998775	-44.232700	-0.043183	 1.522462	 41.484710	-0.216210	 3.169366	 30.430320	 2.720843	 4.894141	-62.050640	 35.012530	 18.747880	 19.603020	-6.588151	 19.280870	 23.802990	-5.785312	 19.265260	-77.441400	 16.464010	 9.200554	 28.528960	-3.723411	 9.457903	 30.336640	-0.525946	 10.368540	-63.277170	-36.715930	-2.656852	 27.816320	 15.609720	-0.539555	 0.135676	 16.990000	-0.375326	 3.456629	 0.000000	 90.000000	 0.000000	-175.792000	 1.658096	 169.093000	-156.360300	-2.042211	-22.528940
-0.073074	-0.127638	 0.013296	-159.129600	 6.453545	-96.366420	-7.664017	-5.300576	-3.911719	-7.995842	-14.670690	-3.768335	 0.558059	-2.556875	 106.204800	-0.813313	 0.122417	-8.559153	-5.415908	 17.967020	 56.961890	-119.894100	 17.251390	 7.940977	 34.218610	 14.607820	-30.864260	-11.701920	-4.669143	 49.636110	 2.465818	-1.147859	 53.811610	 2.739605	 0.675539	-52.364350	-0.325656	 1.297185	 40.401050	-0.236843	 3.159090	 22.680180	 2.713374	 4.912053	-61.777350	 36.948560	 19.543540	 19.366910	-6.682148	 19.246090	 18.476910	-5.708905	 19.252490	-73.669210	 17.692150	 9.921282	 30.108410	-3.774295	 9.432000	 23.953570	-0.507298	 10.275120	-65.465720	-51.617550	-12.041010	-7.588076	 16.022730	-0.540169	 0.139211	 14.789960	-0.368235	 3.437935	 0.277007	-3.309372	 89.761410	-96.260860	-1.792537	-90.363850	 179.348400	 2.342954	 109.750900	-0.813313	 0.122417	-8.559153	 2.937212	 26.731970	 56.363860	-58.242660	-10.956100	 5.684914	 10.246190	-14.030980	-20.553460	-10.626280	-3.640884	 51.685620	 2.464325	-1.149746	 56.535800	 2.469694	 0.998987	-44.227010	-0.057836	 1.510874	 41.502450	-0.216070	 3.169449	 30.484840	 2.718472	 4.899864	-61.963280	 34.907130	 18.702520	 19.656590	-6.587368	 19.281180	 23.847940	-5.783202	 19.264860	-77.336360	 16.405300	 9.164476	 28.565320	-3.722929	 9.458179	 30.398470	-0.526527	 10.371220	-63.213840	-36.715930	-2.656852	 27.816320	 15.609720	-0.539555	 0.135676	 16.990000	-0.375326	 3.456629	 0.000000	 90.000000	 0.000000	-175.762000	 1.711838	 169.178800	-156.423000	-1.997708	-22.636520
-0.073074	-0.127631	 0.013437	-159.306200	 6.512437	-96.351350	-7.689137	-5.337552	-3.921025	-8.019150	-14.771130	-3.765910	 0.565052	-2.589393	 106.184900	-0.813313	 0.122417	-8.559153	-5.386710	 17.788050	 56.958240	-119.908300	 17.291310	 7.827894	 34.186290	 14.532530	-31.099210	-11.701920	-4.669139	 49.634420	 2.465818	-1.147859	 53.811880	 2.739605	 0.675539	-52.364350	-0.324542	 1.298054	 40.400420	-0.236875	 3.159077	 22.668380	 2.713512	 4.911720	-61.782420	 36.975250	 19.554560	 19.356000	-6.682150	 19.246090	 18.476840	-5.709083	 19.252510	-73.677960	 17.707690	 9.930921	 30.102640	-3.774388	 9.431959	 23.942240	-0.507229	 10.274730	-65.474880	-51.617550	-12.041010	-7.588076	 16.022730	-0.540169	 0.139211	 14.789960	-0.368235	 3.437935	 0.276743	-3.132886	 89.760120	-96.112910	-1.660915	-90.421190	 179.346300	 2.349041	 109.765800	-0.813313	 0.122417	-8.559153	 2.783907	 26.700860	 56.606810	-57.166180	-10.981930	 5.662193	 9.699621	-14.088250	-20.427780	-10.625400	-3.639915	 51.693150	 2.464311	-1.149766	 56.563450	 2.469475	 0.999216	-44.220900	-0.071480	 1.500084	 41.520650	-0.215940	 3.169525	 30.535610	 2.716256	 4.905184	-61.881990	 34.809090	 18.660150	 19.708240	-6.586640	 19.281490	 23.889930	-5.781242	 19.264490	-77.238560	 16.357740	 9.135063	 28.600450	-3.722479	 9.458438	 30.456120	-0.527069	 10.373720	-63.154930	-36.715930	-2.656852	 27.816320	 15.609720	-0.539555	 0.135676	 16.990000	-0.375326	 3.456629	 0.000000	 90.000000	 0.000000	-175.751600	 1.772099	 169.300700	-156.511300	-1.955958	-22.745730
-0.073033	-0.127549	 0.013640	-159.504200	 6.573779	-96.338470	-7.721481	-5.375021	-3.925672	-8.049640	-14.870980	-3.779297	 0.569376	-2.609735	 106.166300	-0.813313	 0.122417	-8.559153	-5.329011	 17.655490	 56.938400	-119.905400	 17.331050	 7.719424	 34.152980	 14.456780	-31.334940	-11.701910	-4.669134	 49.632340	 2.465818	-1.147859	 53.812180	 2.739605	 0.675539	-52.364350	-0.323208	 1.299095	 40.399670	-0.236913	 3.159061	 22.654790	 2.713681	 4.911320	-61.788560	 36.997920	 19.563950	 19.346060	-6.682150	 19.246090	 18.476720	-5.709295	 19.252530	-73.688480	 17.720920	 9.939132	 30.096710	-3.774496	 9.431912	 23.929080	-0.507150	 10.274270	-65.485610	-51.617550	-12.041010	-7.588076	 16.022730	-0.540169	 0.139211	 14.789960	-0.368235	 3.437935	 0.276152	-2.981082	 89.758750	-95.930530	-1.507898	-90.585390	 179.345000	 2.350573	 109.789100	-0.813313	 0.122417	-8.559153	 2.598228	 26.625780	 56.875690	-55.951240	-10.941610	 5.623497	 9.026047	-14.075040	-20.278290	-10.624340	-3.638732	 51.702320	 2.464297	-1.149788	 56.592330	 2.469209	 0.999491	-44.213510	-0.085739	 1.488809	 41.541760	-0.215804	 3.169606	 30.588800	 2.713932	 4.910747	-61.796980	 34.706570	 18.615610	 19.764510	-6.585876	 19.281810	 23.933960	-5.779188	 19.264110	-77.136240	 16.309630	 9.105161	 28.640020	-3.722008	 9.458710	 30.516500	-0.527638	 10.376330	-63.093310	-36.715930	-2.656852	 27.816320	 15.609720	-0.539555	 0.135676	 16.990000	-0.375326	 3.456629	 0.000000	 90.000000	 0.000000	-175.759500	 1.848032	 169.471100	-156.634200	-1.898174	-22.856450
-0.072990	-0.127420	 0.013833	-159.661300	 6.618323	-96.334880	-7.750725	-5.402174	-3.925021	-8.072654	-14.943190	-3.782891	 0.570939	-2.617273	 106.154200	-0.813313	 0.122417	-8.559153	-5.273881	 17.585140	 56.913940	-119.892400	 17.358820	 7.645616	 34.128360	 14.402340	-31.503840	-11.701910	-4.669127	 49.630510	 2.465818	-1.147859	 53.812470	 2.739605	 0.675539	-52.364350	-0.322060	 1.299991	 40.399010	-0.236943	 3.159048	 22.643590	 2.713827	 4.910972	-61.793870	 37.012020	 19.569780	 19.339310	-6.682153	 19.246090	 18.476610	-5.709481	 19.252560	-73.697550	 17.729120	 9.944228	 30.092180	-3.774586	 9.431874	 23.918120	-0.507082	 10.273890	-65.494580	-51.617550	-12.041010	-7.588076	 16.022730	-0.540169	 0.139211	 14.789960	-0.368235	 3.437935	 0.275543	-2.875893	 89.757640	-95.788090	-1.412194	-90.781970	 179.344400	 2.349274	 109.812800	-0.813313	 0.122417	-8.559153	 2.441845	 26.539270	 57.088320	-54.756770	-10.851020	 5.569859	 8.376005	-14.006120	-20.106540	-10.623410	-3.637702	 51.710300	 2.464286	-1.149804	 56.614100	 2.468975	 0.999734	-44.206990	-0.096492	 1.480306	 41.559300	-0.215701	 3.169667	 30.628990	 2.712172	 4.914943	-61.732810	 34.629210	 18.581850	 19.808690	-6.585299	 19.282050	 23.967320	-5.777635	 19.263820	-77.058980	 16.267880	 9.079209	 28.673190	-3.721653	 9.458916	 30.562170	-0.528071	 10.378300	-63.046790	-36.715930	-2.656852	 27.816320	 15.609720	-0.539555	 0.135676	 16.990000	-0.375326	 3.456629	 0.000000	 90.000000	 0.000000	-175.778500	 1.902640	 169.625700	-156.746600	-1.841532	-22.936720
-0.072903	-0.127274	 0.014025	-159.806100	 6.659168	-96.327730	-7.781656	-5.425790	-3.920641	-8.093562	-15.005990	-3.780250	 0.572230	-2.623482	 106.144900	-0.813313	 0.122417	-8.559153	-5.231514	 17.521040	 56.890030	-119.874400	 17.381760	 7.585440	 34.106490	 14.355270	-31.649520	-11.701900	-4.669123	 49.628600	 2.465818	-1.147860	 53.812740	 2.739605	 0.675539	-52.364350	-0.320879	 1.300913	 40.398310	-0.236974	 3.159036	 22.632600	 2.713977	 4.910613	-61.799350	 37.025250	 19.575260	 19.332800	-6.682155	 19.246090	 18.476500	-5.709669	 19.252580	-73.706920	 17.736730	 9.948961	 30.087680	-3.774675	 9.431833	 23.907270	-0.507015	 10.273500	-65.503560	-51.617550	-12.041010	-7.588076	 16.022730	-0.540169	 0.139211	 14.789960	-0.368235	 3.437935	 0.274874	-2.769686	 89.756480	-95.655170	-1.377257	-91.012410	 179.343800	 2.347473	 109.839900	-0.813313	 0.122417	-8.559153	 2.288910	 26.438720	 57.289010	-53.612210	-10.738620	 5.510595	 7.796593	-13.915390	-19.909350	-10.622440	-3.636626	 51.718650	 2.464276	-1.149819	 56.633990	 2.468732	 0.999986	-44.200240	-0.106320	 1.472534	 41.576670	-0.215607	 3.169723	 30.665790	 2.710559	 4.918779	-61.674110	 34.558440	 18.550830	 19.850520	-6.584767	 19.282270	 23.997900	-5.776214	 19.263560	-76.988260	 16.217700	 9.048112	 28.707540	-3.721327	 9.459104	 30.604020	-0.528467	 10.380110	-63.004250	-36.715930	-2.656852	 27.816320	 15.609720	-0.539555	 0.135676	 16.990000	-0.375326	 3.456629	 0.000000	 90.000000	 0.000000	-175.803400	 1.954665	 169.780600	-156.863700	-1.783721	-23.006780
-0.072728	-0.127136	 0.014234	-159.948200	 6.701732	-96.314720	-7.818993	-5.449033	-3.911490	-8.115289	-15.067600	-3.770370	 0.573404	-2.629096	 106.137500	-0.813313	 0.122417	-8.559153	-5.196843	 17.454010	 56.862560	-119.853800	 17.402140	 7.530869	 34.084460	 14.309370	-31.791250	-11.701900	-4.669117	 49.626290	 2.465818	-1.147860	 53.813060	 2.739605	 0.675539	-52.364350	-0.319460	 1.302019	 40.397470	-0.237008	 3.159021	 22.620250	 2.714156	 4.910185	-61.805910	 37.039410	 19.581130	 19.325580	-6.682158	 19.246090	 18.476340	-5.709895	 19.252610	-73.718040	 17.744830	 9.954000	 30.082500	-3.774777	 9.431788	 23.894930	-0.506938	 10.273060	-65.513860	-51.617550	-12.041010	-7.588076	 16.022730	-0.540169	 0.139211	 14.789960	-0.368235	 3.437935	 0.274069	-2.641038	 89.755100	-95.511380	-1.373554	-91.286300	 179.342600	 2.347101	 109.874600	-0.813313	 0.122417	-8.559153	 2.122656	 26.315140	 57.504270	-52.668990	-10.622010	 5.457315	 7.377009	-13.820500	-19.717940	-10.621260	-3.635319	 51.728680	 2.464266	-1.149834	 56.654910	 2.468440	 1.000289	-44.192130	-0.116681	 1.464340	 41.596400	-0.215508	 3.169782	 30.704610	 2.708855	 4.922818	-61.612320	 34.483920	 18.518040	 19.896100	-6.584207	 19.282510	 24.030220	-5.774715	 19.263290	-76.913750	 16.155770	 9.009740	 28.747350	-3.720983	 9.459301	 30.648140	-0.528884	 10.382000	-62.959440	-36.715930	-2.656852	 27.816320	 15.609720	-0.539555	 0.135676	 16.990000	-0.375326	 3.456629	 0.000000	 90.000000	 0.000000	-175.833000	 2.018617	 169.945200	-156.997300	-1.718909	-23.076000
-0.072527	-0.127052	 0.014394	-160.048400	 6.734767	-96.298430	-7.851767	-5.465653	-3.900705	-8.131901	-15.111590	-3.756964	 0.574157	-2.632668	 106.133700	-0.813313	 0.122417	-8.559153	-5.177974	 17.402130	 56.839020	-119.842000	 17.414420	 7.495291	 34.068150	 14.276800	-31.891810	-11.701890	-4.669112	 49.624200	 2.465817	-1.147860	 53.813340	 2.739605	 0.675539	-52.364350	-0.318211	 1.302994	 40.396690	-0.237036	 3.159010	 22.610110	 2.714315	 4.909806	-61.811700	 37.050660	 19.585800	 19.319650	-6.682161	 19.246090	 18.476200	-5.710089	 19.252630	-73.727810	 17.751190	 9.957956	 30.078090	-3.774861	 9.431753	 23.884640	-0.506872	 10.272690	-65.522540	-51.617550	-12.041010	-7.588076	 16.022730	-0.540169	 0.139211	 14.789960	-0.368235	 3.437935	 0.273299	-2.538433	 89.753910	-95.393750	-1.344272	-91.493970	 179.341300	 2.347288	 109.906400	-0.813313	 0.122417	-8.559153	 1.976096	 26.187760	 57.683480	-52.003560	-10.537070	 5.415297	 7.123043	-13.753360	-19.595760	-10.620230	-3.634180	 51.737610	 2.464257	-1.149847	 56.671240	 2.468180	 1.000559	-44.184900	-0.124779	 1.457935	 41.612790	-0.215430	 3.169828	 30.735020	 2.707518	 4.925978	-61.563910	 34.425610	 18.492270	 19.932810	-6.583767	 19.282690	 24.055570	-5.773543	 19.263080	-76.855380	 16.110550	 8.981606	 28.779380	-3.720714	 9.459457	 30.682710	-0.529215	 10.383490	-62.924370	-36.715930	-2.656852	 27.816320	 15.609720	-0.539555	 0.135676	 16.990000	-0.375326	 3.456629	 0.000000	 90.000000	 0.000000	-175.853600	 2.069069	 170.060700	-157.103400	-1.668402	-23.126030
-0.072287	-0.126994	 0.014532	-160.140000	 6.766262	-96.275160	-7.885108	-5.479619	-3.887571	-8.146996	-15.148490	-3.739742	 0.574690	-2.635164	 106.132000	-0.813313	 0.122417	-8.559153	-5.167542	 17.354350	 56.814940	-119.841000	 17.422010	 7.468058	 34.053900	 14.249620	-31.975910	-11.701890	-4.669106	 49.622060	 2.465817	-1.147860	 53.813620	 2.739605	 0.675539	-52.364350	-0.316945	 1.303982	 40.395910	-0.237062	 3.158999	 22.600410	 2.714477	 4.909418	-61.817630	 37.061200	 19.590170	 19.313890	-6.682162	 19.246090	 18.476030	-5.710297	 19.252660	-73.737790	 17.757090	 9.961625	 30.073690	-3.774943	 9.431715	 23.874610	-0.506809	 10.272330	-65.531100	-51.617550	-12.041010	-7.588076	 16.022730	-0.540169	 0.139211	 14.789960	-0.368235	 3.437935	 0.272454	-2.441898	 89.752690	-95.279980	-1.298529	-91.652790	 179.340400	 2.345812	 109.939600	-0.813313	 0.122417	-8.559153	 1.809183	 26.021170	 57.869760	-51.286790	-10.469130	 5.366119	 6.858933	-13.704790	-19.521060	-10.619140	-3.632967	 51.746890	 2.464250	-1.149858	 56.686530	 2.467909	 1.000839	-44.177370	-0.132357	 1.451941	 41.628790	-0.215357	 3.169872	 30.763460	 2.706265	 4.928932	-61.518660	 34.371090	 18.468100	 19.967790	-6.583355	 19.282860	 24.079310	-5.772444	 19.262880	-76.800800	 16.071140	 8.956985	 28.809720	-3.720462	 9.459604	 30.715090	-0.529523	 10.384880	-62.891570	-36.715930	-2.656852	 27.816320	 15.609720	-0.539555	 0.135676	 16.990000	-0.375326	 3.456629	 0.000000	 90.000000	 0.000000	-175.875900	 2.107798	 170.140600	-157.196100	-1.625125	-23.168730
-0.071968	-0.126887	 0.014697	-160.244600	 6.800625	-96.241150	-7.922681	-5.492450	-3.870579	-8.162300	-15.182270	-3.716793	 0.575049	-2.636796	 106.132200	-0.813313	 0.122417	-8.559153	-5.164333	 17.304830	 56.786810	-119.837900	 17.427450	 7.446669	 34.040110	 14.224840	-32.053160	-11.701880	-4.669099	 49.619500	 2.465817	-1.147861	 53.813950	 2.739605	 0.675539	-52.364350	-0.315476	 1.305127	 40.394940	-0.237090	 3.158987	 22.590160	 2.714665	 4.908967	-61.824520	 37.072230	 19.594750	 19.307630	-6.682166	 19.246080	 18.475830	-5.710529	 19.252690	-73.749340	 17.763200	 9.965433	 30.068750	-3.775034	 9.431679	 23.863780	-0.506740	 10.271920	-65.540480	-51.617550	-12.041010	-7.588076	 16.022730	-0.540169	 0.139211	 14.789960	-0.368235	 3.437935	 0.271424	-2.340411	 89.751300	-95.157040	-1.227400	-91.848010	 179.339800	 2.342390	 109.977900	-0.813313	 0.122417	-8.559153	 1.598809	 25.790470	 58.088530	-50.025910	-10.407940	 5.277133	 6.448019	-13.683300	-19.498890	-10.617870	-3.631567	 51.757720	 2.464242	-1.149870	 56.702720	 2.467593	 1.001167	-44.168580	-0.140366	 1.445602	 41.646050	-0.215280	 3.169918	 30.793620	 2.704936	 4.932060	-61.470720	 34.313340	 18.442460	 20.005170	-6.582919	 19.283040	 24.104490	-5.771279	 19.262670	-76.742960	 16.032480	 8.932730	 28.841800	-3.720195	 9.459759	 30.749400	-0.529852	 10.386350	-62.856810	-36.715930	-2.656852	 27.816320	 15.609720	-0.539555	 0.135676	 16.990000	-0.375326	 3.456629	 0.000000	 90.000000	 0.000000	-175.913800	 2.145113	 170.231700	-157.303900	-1.577214	-23.214160
-0.071671	-0.126724	 0.014872	-160.343400	 6.828717	-96.207800	-7.953445	-5.500972	-3.855185	-8.173859	-15.204680	-3.695721	 0.575165	-2.637269	 106.133800	-0.813313	 0.122417	-8.559153	-5.167080	 17.266460	 56.762420	-119.817300	 17.432000	 7.436005	 34.030200	 14.208400	-32.105360	-11.701880	-4.669094	 49.617300	 2.465817	-1.147861	 53.814200	 2.739605	 0.675539	-52.364350	-0.314227	 1.306101	 40.394090	-0.237112	 3.158978	 22.582270	 2.714826	 4.908584	-61.830380	 37.080730	 19.598280	 19.302610	-6.682170	 19.246080	 18.475640	-5.710726	 19.252720	-73.759120	 17.767890	 9.968363	 30.064660	-3.775103	 9.431648	 23.855240	-0.506684	 10.271600	-65.548010	-51.617550	-12.041010	-7.588076	 16.022730	-0.540169	 0.139211	 14.789960	-0.368235	 3.437935	 0.270478	-2.261722	 89.750140	-95.059330	-1.153002	-92.089050	 179.339600	 2.338311	 110.009600	-0.813313	 0.122417	-8.559153	 1.407396	 25.567270	 58.278340	-48.639240	-10.390200	 5.177747	 6.021510	-13.709310	-19.512480	-10.616790	-3.630366	 51.767090	 2.464235	-1.149880	 56.715610	 2.467320	 1.001450	-44.160990	-0.146736	 1.440558	 41.659690	-0.215219	 3.169955	 30.817600	 2.703876	 4.934549	-61.432570	 34.267410	 18.422020	 20.034700	-6.582572	 19.283190	 24.124490	-5.770356	 19.262510	-76.696940	 16.003740	 8.914648	 28.866750	-3.719984	 9.459881	 30.776670	-0.530112	 10.387520	-62.829180	-36.715930	-2.656852	 27.816320	 15.609720	-0.539555	 0.135676	 16.990000	-0.375326	 3.456629	 0.000000	 90.000000	 0.000000	-175.955500	 2.174869	 170.349800	-157.413100	-1.531124	-23.255080
-0.071358	-0.126520	 0.015069	-160.463900	 6.857670	-96.168400	-7.983612	-5.507850	-3.838983	-8.184598	-15.222780	-3.673493	 0.575137	-2.637048	 106.136600	-0.813313	 0.122417	-8.559153	-5.173472	 17.229780	 56.736520	-119.780500	 17.437190	 7.430320	 34.021440	 14.195040	-32.148990	-11.701870	-4.669087	 49.615000	 2.465817	-1.147861	 53.814480	 2.739605	 0.675539	-52.364350	-0.312961	 1.307089	 40.393240	-0.237132	 3.158970	 22.575030	 2.714991	 4.908189	-61.836410	 37.088770	 19.601620	 19.297700	-6.682174	 19.246080	 18.475440	-5.710930	 19.252740	-73.769130	 17.772290	 9.971110	 30.060530	-3.775170	 9.431617	 23.847120	-0.506627	 10.271290	-65.555310	-51.617550	-12.041010	-7.588076	 16.022730	-0.540169	 0.139211	 14.789960	-0.368235	 3.437935	 0.269452	-2.187416	 89.748950	-94.964580	-1.072691	-92.378510	 179.339700	 2.333247	 110.040800	-0.813313	 0.122417	-8.559153	 1.200614	 25.316570	 58.477750	-47.284890	-10.395680	 5.077009	 5.540104	-13.747020	-19.539550	-10.615670	-3.629119	 51.776790	 2.464229	-1.149889	 56.728320	 2.467038	 1.001743	-44.153130	-0.153021	 1.435576	 41.672670	-0.215159	 3.169990	 30.841200	 2.702830	 4.937000	-61.394990	 34.222170	 18.401900	 20.063210	-6.582231	 19.283330	 24.144160	-5.769445	 19.262340	-76.651600	 15.976770	 8.897659	 28.890340	-3.719776	 9.460004	 30.803530	-0.530369	 10.388680	-62.801930	-36.715930	-2.656852	 27.816320	 15.609720	-0.539555	 0.135676	 16.990000	-0.375326	 3.456629	 0.000000	 90.000000	 0.000000	-176.004600	 2.204292	 170.499300	-157.534600	-1.482037	-23.300050
-0.070981	-0.126263	 0.015306	-160.617200	 6.891441	-96.116640	-8.016833	-5.513990	-3.820013	-8.196132	-15.238950	-3.647671	 0.574931	-2.635965	 106.140800	-0.813313	 0.122417	-8.559153	-5.183542	 17.188960	 56.704560	-119.718700	 17.444730	 7.428180	 34.012560	 14.182840	-32.190970	-11.701870	-4.669080	 49.612230	 2.465817	-1.147861	 53.814800	 2.739605	 0.675539	-52.364350	-0.311459	 1.308261	 40.392170	-0.237152	 3.158961	 22.567670	 2.715186	 4.907723	-61.843540	 37.097410	 19.605210	 19.292200	-6.682178	 19.246080	 18.475160	-5.711169	 19.252770	-73.780920	 17.776990	 9.974037	 30.055780	-3.775241	 9.431587	 23.838480	-0.506568	 10.270950	-65.563320	-51.617550	-12.041010	-7.588076	 16.022730	-0.540169	 0.139211	 14.789960	-0.368235	 3.437935	 0.268213	-2.107414	 89.747550	-94.859200	-0.984338	-92.736880	 179.340100	 2.326433	 110.074900	-0.813313	 0.122417	-8.559153	 0.945725	 24.998330	 58.719750	-45.987690	-10.391140	 4.974123	 4.953964	-13.755090	-19.566140	-10.614300	-3.627597	 51.788430	 2.464222	-1.149900	 56.743010	 2.466698	 1.002094	-44.143710	-0.160259	 1.429834	 41.686500	-0.215089	 3.170032	 30.868390	 2.701621	 4.939830	-61.351600	 34.170020	 18.378730	 20.094740	-6.581841	 19.283500	 24.166780	-5.768393	 19.262160	-76.599290	 15.946490	 8.878607	 28.915630	-3.719535	 9.460142	 30.834430	-0.530670	 10.390010	-62.770490	-36.715930	-2.656852	 27.816320	 15.609720	-0.539555	 0.135676	 16.990000	-0.375326	 3.456629	 0.000000	 90.000000	 0.000000	-176.067300	 2.238450	 170.699200	-157.680200	-1.426079	-23.357930
-0.070652	-0.126038	 0.015501	-160.738900	 6.919252	-96.069160	-8.043152	-5.517976	-3.804268	-8.205406	-15.249520	-3.626585	 0.574638	-2.634483	 106.145000	-0.813313	 0.122417	-8.559153	-5.192678	 17.154790	 56.675330	-119.650500	 17.453210	 7.428447	 34.005730	 14.174550	-32.222040	-11.701860	-4.669074	 49.609770	 2.465816	-1.147861	 53.815060	 2.739605	 0.675539	-52.364350	-0.310177	 1.309261	 40.391220	-0.237167	 3.158956	 22.562380	 2.715354	 4.907318	-61.849740	 37.104290	 19.608070	 19.287640	-6.682182	 19.246080	 18.474910	-5.711375	 19.252790	-73.791060	 17.780720	 9.976372	 30.051740	-3.775295	 9.431562	 23.831850	-0.506521	 10.270680	-65.569650	-51.617550	-12.041010	-7.588076	 16.022730	-0.540169	 0.139211	 14.789960	-0.368235	 3.437935	 0.267082	-2.044072	 89.746350	-94.772920	-0.923039	-93.030160	 179.340700	 2.320033	 110.101400	-0.813313	 0.122417	-8.559153	 0.722614	 24.703460	 58.913690	-44.986360	-10.375080	 4.890628	 4.462973	-13.740220	-19.557940	-10.613120	-3.626289	 51.798630	 2.464216	-1.149910	 56.755830	 2.466402	 1.002402	-44.135460	-0.166561	 1.424829	 41.697130	-0.215029	 3.170067	 30.891980	 2.700567	 4.942289	-61.313870	 34.124710	 18.358640	 20.120560	-6.581500	 19.283640	 24.186340	-5.767485	 19.262000	-76.553820	 15.920090	 8.862037	 28.935470	-3.719327	 9.460265	 30.861250	-0.530930	 10.391160	-62.743140	-36.715930	-2.656852	 27.816320	 15.609720	-0.539555	 0.135676	 16.990000	-0.375326	 3.456629	 0.000000	 90.000000	 0.000000	-176.123000	 2.268445	 170.882100	-157.800400	-1.382966	-23.413310
-0.070335	-0.125845	 0.015690	-160.851200	 6.946162	-96.019400	-8.066700	-5.521050	-3.789727	-8.214199	-15.257770	-3.607702	 0.574249	-2.632563	 106.149200	-0.813313	 0.122417	-8.559153	-5.200564	 17.121040	 56.644490	-119.570300	 17.464060	 7.428901	 33.999440	 14.167570	-32.250780	-11.701850	-4.669066	 49.607290	 2.465816	-1.147862	 53.815330	 2.739605	 0.675539	-52.364350	-0.308894	 1.310262	 40.390260	-0.237178	 3.158951	 22.558180	 2.715523	 4.906915	-61.855900	 37.110620	 19.610720	 19.283290	-6.682189	 19.246080	 18.474660	-5.711578	 19.252820	-73.801130	 17.784160	 9.978526	 30.047790	-3.775343	 9.431543	 23.826100	-0.506479	 10.270430	-65.575410	-51.617550	-12.041010	-7.588076	 16.022730	-0.540169	 0.139211	 14.789960	-0.368235	 3.437935	 0.265900	-1.985945	 89.745140	-94.692240	-0.887701	-93.361730	 179.341500	 2.313464	 110.124500	-0.813313	 0.122417	-8.559153	 0.504413	 24.393180	 59.074180	-44.057620	-10.351060	 4.810508	 3.904496	-13.703860	-19.506680	-10.611930	-3.624964	 51.808910	 2.464209	-1.149920	 56.768950	 2.466101	 1.002712	-44.127120	-0.172981	 1.419723	 41.706420	-0.214967	 3.170104	 30.916030	 2.699490	 4.944800	-61.275330	 34.078430	 18.338190	 20.145080	-6.581156	 19.283790	 24.206180	-5.766545	 19.261830	-76.507440	 15.892320	 8.844686	 28.953430	-3.719115	 9.460387	 30.888540	-0.531197	 10.392350	-62.715220	-36.715930	-2.656852	 27.816320	 15.609720	-0.539555	 0.135676	 16.990000	-0.375326	 3.456629	 0.000000	 90.000000	 0.000000	-176.177000	 2.299443	 171.062800	-157.906800	-1.348409	-23.474130
-0.069954	-0.125705	 0.015918	-160.981400	 6.978521	-95.956340	-8.090165	-5.521479	-3.774795	-8.223518	-15.254280	-3.589239	 0.573721	-2.629943	 106.155400	-0.813313	 0.122417	-8.559153	-5.206202	 17.080970	 56.605960	-119.462600	 17.480520	 7.427488	 33.992360	 14.160140	-32.284770	-11.701850	-4.669058	 49.604310	 2.465816	-1.147862	 53.815640	 2.739605	 0.675539	-52.364350	-0.307392	 1.311433	 40.389110	-0.237189	 3.158947	 22.554380	 2.715719	 4.906443	-61.863090	 37.117470	 19.613580	 19.278390	-6.682194	 19.246080	 18.474320	-5.711815	 19.252850	-73.812800	 17.787910	 9.980873	 30.043240	-3.775389	 9.431522	 23.820520	-0.506434	 10.270170	-65.581350	-51.617550	-12.041010	-7.588076	 16.022730	-0.540169	 0.139211	 14.789960	-0.368235	 3.437935	 0.264448	-1.923682	 89.743740	-94.604540	-0.877793	-93.877430	 179.342600	 2.305793	 110.146200	-0.813313	 0.122417	-8.559153	 0.254951	 24.015840	 59.226460	-43.004780	-10.317060	 4.717950	 3.130519	-13.639990	-19.387210	-10.610510	-3.623379	 51.821140	 2.464202	-1.149930	 56.783050	 2.465745	 1.003081	-44.117220	-0.179199	 1.414776	 41.715280	-0.214902	 3.170144	 30.941730	 2.698333	 4.947489	-61.234040	 34.033510	 18.318320	 20.168670	-6.580790	 19.283940	 24.227390	-5.765544	 19.261660	-76.457740	 15.867730	 8.829284	 28.970190	-3.718889	 9.460521	 30.917720	-0.531484	 10.393610	-62.685300	-36.715930	-2.656852	 27.816320	 15.609720	-0.539555	 0.135676	 16.990000	-0.375326	 3.456629	 0.000000	 90.000000	 0.000000	-176.234900	 2.338141	 171.259700	-158.026000	-1.315307	-23.565540
-0.069618	-0.125603	 0.016128	-161.101300	 7.008922	-95.896030	-8.106392	-5.517077	-3.764158	-8.230540	-15.233440	-3.577172	 0.573230	-2.627445	 106.163100	-0.813313	 0.122417	-8.559153	-5.206184	 17.044690	 56.569970	-119.358100	 17.498830	 7.422683	 33.986020	 14.153460	-32.317610	-11.701840	-4.669051	 49.601690	 2.465816	-1.147862	 53.815900	 2.739605	 0.675539	-52.364350	-0.306126	 1.312420	 40.388060	-0.237196	 3.158943	 22.551710	 2.715890	 4.906034	-61.869330	 37.123010	 19.615890	 19.274300	-6.682199	 19.246080	 18.474000	-5.712020	 19.252880	-73.822850	 17.790990	 9.982798	 30.039360	-3.775419	 9.431508	 23.816760	-0.506402	 10.269990	-65.585790	-51.617550	-12.041010	-7.588076	 16.022730	-0.540169	 0.139211	 14.789960	-0.368235	 3.437935	 0.263158	-1.873935	 89.742520	-94.532660	-0.885562	-94.409270	 179.343700	 2.299361	 110.161400	-0.813313	 0.122417	-8.559153	 0.043177	 23.680170	 59.333340	-42.070760	-10.286190	 4.635765	 2.490637	-13.586750	-19.220780	-10.609260	-3.621994	 51.831860	 2.464197	-1.149937	 56.792470	 2.465432	 1.003405	-44.108520	-0.182239	 1.412361	 41.721190	-0.214858	 3.170170	 30.958900	 2.697560	 4.949284	-61.206470	 34.011360	 18.308440	 20.181920	-6.580545	 19.284040	 24.241530	-5.764874	 19.261540	-76.424560	 15.859620	 8.824071	 28.979980	-3.718738	 9.460611	 30.937210	-0.531675	 10.394460	-62.665320	-36.715930	-2.656852	 27.816320	 15.609720	-0.539555	 0.135676	 16.990000	-0.375326	 3.456629	 0.000000	 90.000000	 0.000000	-176.279600	 2.377061	 171.443500	-158.141300	-1.286473	-23.670910
-0.069296	-0.125483	 0.016346	-161.224800	 7.041153	-95.834030	-8.117857	-5.508930	-3.752728	-8.235431	-15.202910	-3.563755	 0.572738	-2.624875	 106.172600	-0.813313	 0.122417	-8.559153	-5.200032	 17.006640	 56.531820	-119.245800	 17.521240	 7.412830	 33.979340	 14.145900	-32.355680	-11.701840	-4.669045	 49.599060	 2.465816	-1.147862	 53.816130	 2.739605	 0.675539	-52.364350	-0.304860	 1.313407	 40.387000	-0.237202	 3.158941	 22.549620	 2.716059	 4.905632	-61.875500	 37.128200	 19.618060	 19.270360	-6.682206	 19.246080	 18.473690	-5.712219	 19.252900	-73.832690	 17.793900	 9.984620	 30.035590	-3.775442	 9.431499	 23.814080	-0.506374	 10.269830	-65.589480	-51.617550	-12.041010	-7.588076	 16.022730	-0.540169	 0.139211	 14.789960	-0.368235	 3.437935	 0.261822	-1.828268	 89.741280	-94.464160	-0.898055	-94.985870	 179.344700	 2.293418	 110.174600	-0.813313	 0.122417	-8.559153	-0.161383	 23.345930	 59.420500	-41.229570	-10.265900	 4.560942	 2.073411	-13.560110	-18.976030	-10.608020	-3.620607	 51.842610	 2.464194	-1.149943	 56.799360	 2.465118	 1.003729	-44.099810	-0.183456	 1.411399	 41.725460	-0.214826	 3.170189	 30.971410	 2.696996	 4.950592	-61.186390	 34.002130	 18.304220	 20.189380	-6.580365	 19.284110	 24.251850	-5.764385	 19.261460	-76.400340	 15.858240	 8.823040	 28.986360	-3.718627	 9.460674	 30.951430	-0.531816	 10.395070	-62.650750	-36.715930	-2.656852	 27.816320	 15.609720	-0.539555	 0.135676	 16.990000	-0.375326	 3.456629	 0.000000	 90.000000	 0.000000	-176.317100	 2.426366	 171.655600	-158.265300	-1.257058	-23.793560
-0.068929	-0.125367	 0.016620	-161.372000	 7.079988	-95.762940	-8.126249	-5.495482	-3.734665	-8.236862	-15.163430	-3.540154	 0.572190	-2.621934	 106.185800	-0.813313	 0.122417	-8.559153	-5.203108	 16.967540	 56.490730	-119.116300	 17.542600	 7.411450	 33.970730	 14.135140	-32.409700	-11.701830	-4.669037	 49.595960	 2.465816	-1.147862	 53.816390	 2.739605	 0.675539	-52.364350	-0.303426	 1.314525	 40.385760	-0.237206	 3.158939	 22.547880	 2.716251	 4.905170	-61.882550	 37.133890	 19.620430	 19.265970	-6.682212	 19.246070	 18.473270	-5.712445	 19.252930	-73.843880	 17.797170	 9.986670	 30.031310	-3.775456	 9.431494	 23.812390	-0.506349	 10.269690	-65.592760	-51.617550	-12.041010	-7.588076	 16.022730	-0.540169	 0.139211	 14.789960	-0.368235	 3.437935	 0.260264	-1.779542	 89.739870	-94.386730	-0.905631	-95.679230	 179.346300	 2.285263	 110.187600	-0.813313	 0.122417	-8.559153	-0.390002	 22.964890	 59.503750	-40.487780	-10.268510	 4.493227	 1.742367	-13.558600	-18.651140	-10.606560	-3.618991	 51.855110	 2.464191	-1.149946	 56.804470	 2.464753	 1.004107	-44.089680	-0.183135	 1.411663	 41.728610	-0.214803	 3.170203	 30.980640	 2.696580	 4.951556	-61.171590	 34.003890	 18.304820	 20.192140	-6.580236	 19.284170	 24.259440	-5.764028	 19.261400	-76.382420	 15.858100	 8.822817	 28.990910	-3.718546	 9.460721	 30.961940	-0.531918	 10.395530	-62.639970	-36.715930	-2.656852	 27.816320	 15.609720	-0.539555	 0.135676	 16.990000	-0.375326	 3.456629	 0.000000	 90.000000	 0.000000	-176.348600	 2.496751	 171.917500	-158.419500	-1.221226	-23.950820
-0.068614	-0.125316	 0.016879	-161.500000	 7.113427	-95.703190	-8.130939	-5.480841	-3.715431	-8.234902	-15.132330	-3.514121	 0.571764	-2.619560	 106.198600	-0.813313	 0.122417	-8.559153	-5.227306	 16.943630	 56.462590	-119.013700	 17.550100	 7.430574	 33.962280	 14.123450	-32.466890	-11.701820	-4.669029	 49.593250	 2.465816	-1.147862	 53.816600	 2.739605	 0.675539	-52.364350	-0.302245	 1.315446	 40.384670	-0.237209	 3.158938	 22.546930	 2.716414	 4.904779	-61.888530	 37.138540	 19.622380	 19.262320	-6.682219	 19.246070	 18.472910	-5.712635	 19.252950	-73.853250	 17.799920	 9.988388	 30.027720	-3.775460	 9.431492	 23.811780	-0.506336	 10.269600	-65.594700	-51.617550	-12.041010	-7.588076	 16.022730	-0.540169	 0.139211	 14.789960	-0.368235	 3.437935	 0.258893	-1.740895	 89.738670	-94.320180	-0.895682	-96.267190	 179.348400	 2.275680	 110.196900	-0.813313	 0.122417	-8.559153	-0.578220	 22.649010	 59.565090	-40.009510	-10.296270	 4.449079	 1.461686	-13.577110	-18.390880	-10.605300	-3.617589	 51.865860	 2.464190	-1.149948	 56.806610	 2.464439	 1.004431	-44.080970	-0.181811	 1.412725	 41.729890	-0.214793	 3.170209	 30.984400	 2.696411	 4.951949	-61.165540	 34.013020	 18.308700	 20.190580	-6.580181	 19.284190	 24.262550	-5.763879	 19.261370	-76.375080	 15.859400	 8.823551	 28.992500	-3.718512	 9.460743	 30.966230	-0.531960	 10.395720	-62.635560	-36.715930	-2.656852	 27.816320	 15.609720	-0.539555	 0.135676	 16.990000	-0.375326	 3.456629	 0.000000	 90.000000	 0.000000	-176.362900	 2.563341	 172.138900	-158.559300	-1.188308	-24.092660
-0.068335	-0.125218	 0.017128	-161.637400	 7.147846	-95.643750	-8.133492	-5.463838	-3.693453	-8.229666	-15.091860	-3.483665	 0.571404	-2.617453	 106.212600	-0.813313	 0.122417	-8.559153	-5.259620	 16.935920	 56.437400	-118.919800	 17.549990	 7.463345	 33.964810	 14.135810	-32.431710	-11.701820	-4.669022	 49.590560	 2.465816	-1.147863	 53.816810	 2.739605	 0.675539	-52.364350	-0.301080	 1.316354	 40.383590	-0.237210	 3.158937	 22.546460	 2.716572	 4.904399	-61.894320	 37.142990	 19.624240	 19.258800	-6.682226	 19.246070	 18.472530	-5.712818	 19.252980	-73.862250	 17.802630	 9.990086	 30.024250	-3.775462	 9.431490	 23.811610	-0.506328	 10.269560	-65.595790	-51.617550	-12.041010	-7.588076	 16.022730	-0.540169	 0.139211	 14.789960	-0.368235	 3.437935	 0.257509	-1.705129	 89.737500	-94.252480	-0.861685	-96.818150	 179.351000	 2.264232	 110.204700	-0.813313	 0.122417	-8.559153	-0.749533	 22.348790	 59.618210	-39.642270	-10.369950	 4.411801	 1.233220	-13.637600	-18.158660	-10.604070	-3.616216	 51.876480	 2.464190	-1.149948	 56.806830	 2.464129	 1.004752	-44.072350	-0.179902	 1.414251	 41.729960	-0.214792	 3.170209	 30.984670	 2.696398	 4.951981	-61.165080	 34.026340	 18.314460	 20.186450	-6.580177	 19.284200	 24.262780	-5.763864	 19.261370	-76.374440	 15.864310	 8.826547	 28.991790	-3.718510	 9.460745	 30.966600	-0.531966	 10.395730	-62.635170	-36.715930	-2.656852	 27.816320	 15.609720	-0.539555	 0.135676	 16.990000	-0.375326	 3.456629	 0.000000	 90.000000	 0.000000	-176.369300	 2.634976	 172.401200	-158.703500	-1.153215	-24.234070
-0.068068	-0.124940	 0.017392	-161.831700	 7.193236	-95.568770	-8.134097	-5.440115	-3.663144	-8.218297	-15.012330	-3.441048	 0.571071	-2.615330	 106.231100	-0.813313	 0.122417	-8.559153	-5.296922	 16.955370	 56.405960	-118.815200	 17.542840	 7.515743	 34.064290	 14.163390	-32.264310	-11.701810	-4.669013	 49.587280	 2.465816	-1.147863	 53.817050	 2.739605	 0.675539	-52.364350	-0.299714	 1.317419	 40.382240	-0.237210	 3.158937	 22.546500	 2.716761	 4.903947	-61.901240	 37.148310	 19.626460	 19.254650	-6.682235	 19.246070	 18.472050	-5.713036	 19.253010	-73.872900	 17.804370	 9.991192	 30.020440	-3.775460	 9.431492	 23.811920	-0.506324	 10.269550	-65.595970	-51.617550	-12.041010	-7.588076	 16.022730	-0.540169	 0.139211	 14.789960	-0.368235	 3.437935	 0.255813	-1.664251	 89.736050	-94.167100	-0.796916	-97.418700	 179.354800	 2.248143	 110.212300	-0.813313	 0.122417	-8.559153	-0.928915	 22.002380	 59.675530	-39.288480	-10.534230	 4.366471	 1.005618	-13.775120	-17.920700	-10.602580	-3.614553	 51.889410	 2.464191	-1.149946	 56.804850	 2.463752	 1.005142	-44.061890	-0.177292	 1.416334	 41.728640	-0.214802	 3.170203	 30.980850	 2.696570	 4.951580	-61.171220	 34.044880	 18.322540	 20.179140	-6.580231	 19.284170	 24.259620	-5.764012	 19.261390	-76.381670	 15.873190	 8.832034	 28.988390	-3.718542	 9.460723	 30.962310	-0.531922	 10.395550	-62.639560	-36.715930	-2.656852	 27.816320	 15.609720	-0.539555	 0.135676	 16.990000	-0.375326	 3.456629	 0.000000	 90.000000	 0.000000	-176.373700	 2.729683	 172.819400	-158.885800	-1.106375	-24.401150
-0.067853	-0.124652	 0.017637	-162.010500	 7.235071	-95.502440	-8.132572	-5.416764	-3.633617	-8.204552	-14.920710	-3.399474	 0.570907	-2.614003	 106.248600	-0.813313	 0.122417	-8.559153	-5.324795	 16.992840	 56.376930	-118.731400	 17.532750	 7.568035	 34.287330	 14.206730	-31.939600	-11.701800	-4.669006	 49.584360	 2.465816	-1.147863	 53.817230	 2.739605	 0.675539	-52.364350	-0.298550	 1.318326	 40.381030	-0.237209	 3.158938	 22.547010	 2.716923	 4.903557	-61.907200	 37.150130	 19.627240	 19.252000	-6.682244	 19.246070	 18.471580	-5.713216	 19.253030	-73.881980	 17.803150	 9.990460	 30.017700	-3.775453	 9.431494	 23.812630	-0.506333	 10.269590	-65.595040	-51.617550	-12.041010	-7.588076	 16.022730	-0.540169	 0.139211	 14.789960	-0.368235	 3.437935	 0.254289	-1.630092	 89.734770	-94.089920	-0.722687	-98.083290	 179.358700	 2.232410	 110.217600	-0.813313	 0.122417	-8.559153	-1.086507	 21.676940	 59.726350	-39.020200	-10.725390	 4.324203	 0.837371	-13.935000	-17.742760	-10.601250	-3.613074	 51.900780	 2.464193	-1.149944	 56.801240	 2.463419	 1.005485	-44.052670	-0.175152	 1.418039	 41.726330	-0.214819	 3.170193	 30.974060	 2.696877	 4.950870	-61.182140	 34.060300	 18.329330	 20.171750	-6.580329	 19.284130	 24.254010	-5.764274	 19.261440	-76.394660	 15.881940	 8.837480	 28.983550	-3.718602	 9.460691	 30.954660	-0.531846	 10.395220	-62.647410	-36.715930	-2.656852	 27.816320	 15.609720	-0.539555	 0.135676	 16.990000	-0.375326	 3.456629	 0.000000	 90.000000	 0.000000	-176.373400	 2.813976	 173.228900	-159.051700	-1.060724	-24.538010
-0.067622	-0.124416	 0.017930	-162.176200	 7.276396	-95.439420	-8.129426	-5.392042	-3.602612	-8.188536	-14.817190	-3.356190	 0.570873	-2.613261	 106.266400	-0.813313	 0.122417	-8.559153	-5.344702	 17.042630	 56.346980	-118.656700	 17.521810	 7.619792	 34.571760	 14.296010	-31.410930	-11.701800	-4.668997	 49.581500	 2.465816	-1.147863	 53.817390	 2.739605	 0.675539	-52.364350	-0.297470	 1.319168	 40.379840	-0.237206	 3.158939	 22.547930	 2.717078	 4.903185	-61.912880	 37.147200	 19.626080	 19.251080	-6.682251	 19.246060	 18.471120	-5.713390	 19.253050	-73.890530	 17.799850	 9.988445	 30.015520	-3.775445	 9.431498	 23.813710	-0.506343	 10.269660	-65.593520	-51.617550	-12.041010	-7.588076	 16.022730	-0.540169	 0.139211	 14.789960	-0.368235	 3.437935	 0.252796	-1.597962	 89.733540	-94.012050	-0.640548	-98.806610	 179.362700	 2.215988	 110.221600	-0.813313	 0.122417	-8.559153	-1.260727	 21.308910	 59.778060	-38.761280	-10.934980	 4.278678	 0.690596	-14.108980	-17.598250	-10.599970	-3.611640	 51.911850	 2.464195	-1.149940	 56.796190	 2.463095	 1.005819	-44.043670	-0.172962	 1.419781	 41.723130	-0.214843	 3.170179	 30.964660	 2.697301	 4.949888	-61.197220	 34.076290	 18.336410	 20.163230	-6.580463	 19.284080	 24.246280	-5.764638	 19.261500	-76.412670	 15.891760	 8.843619	 28.977230	-3.718685	 9.460642	 30.944050	-0.531743	 10.394760	-62.658270	-36.715930	-2.656852	 27.816320	 15.609720	-0.539555	 0.135676	 16.990000	-0.375326	 3.456629	 0.000000	 90.000000	 0.000000	-176.368300	 2.891713	 173.622300	-159.217500	-1.011561	-24.656860
-0.067359	-0.124112	 0.018305	-162.357900	 7.325054	-95.368680	-8.123950	-5.361157	-3.564132	-8.167418	-14.685330	-3.303424	 0.571024	-2.613236	 106.288100	-0.813313	 0.122417	-8.559153	-5.372476	 17.118270	 56.314920	-118.585800	 17.501520	 7.691341	 34.885100	 14.417010	-30.761670	-11.701790	-4.668988	 49.578120	 2.465816	-1.147863	 53.817580	 2.739605	 0.675539	-52.364350	-0.296222	 1.320141	 40.378440	-0.237202	 3.158941	 22.549520	 2.717254	 4.902762	-61.919350	 37.138910	 19.622720	 19.251740	-6.682262	 19.246050	 18.470540	-5.713583	 19.253080	-73.900110	 17.793850	 9.984766	 30.013500	-3.775431	 9.431502	 23.815410	-0.506360	 10.269740	-65.591410	-51.617550	-12.041010	-7.588076	 16.022730	-0.540169	 0.139211	 14.789960	-0.368235	 3.437935	 0.251034	-1.561474	 89.732090	-93.917640	-0.541950	-99.646650	 179.367700	 2.195973	 110.225100	-0.813313	 0.122417	-8.559153	-1.483503	 20.829370	 59.839190	-38.419370	-11.185440	 4.217681	 0.527075	-14.313700	-17.466810	-10.598480	-3.609974	 51.924740	 2.464199	-1.149935	 56.788650	 2.462719	 1.006207	-44.033240	-0.169636	 1.422427	 41.718360	-0.214879	 3.170158	 30.950670	 2.697932	 4.948422	-61.219720	 34.100390	 18.347070	 20.150450	-6.580664	 19.283990	 24.234740	-5.765177	 19.261590	-76.439560	 15.906590	 8.852885	 28.967810	-3.718808	 9.460569	 30.928220	-0.531587	 10.394070	-62.674480	-36.715930	-2.656852	 27.816320	 15.609720	-0.539555	 0.135676	 16.990000	-0.375326	 3.456629	 0.000000	 90.000000	 0.000000	-176.359100	 2.975284	 174.107300	-159.414400	-0.948771	-24.774630
-0.067149	-0.123774	 0.018641	-162.508000	 7.363267	-95.307710	-8.117724	-5.332379	-3.528538	-8.147401	-14.564770	-3.255839	 0.570457	-2.610019	 106.307700	-0.813313	 0.122417	-8.559153	-5.418201	 17.204610	 56.312020	-118.519300	 17.473650	 7.776784	 35.057900	 14.499510	-30.358940	-11.701780	-4.668981	 49.575160	 2.465815	-1.147863	 53.817720	 2.739605	 0.675539	-52.364350	-0.295193	 1.320942	 40.377170	-0.237197	 3.158943	 22.551330	 2.717406	 4.902399	-61.924890	 37.128120	 19.618330	 19.253580	-6.682271	 19.246050	 18.470010	-5.713748	 19.253100	-73.908170	 17.787040	 9.980590	 30.012150	-3.775415	 9.431510	 23.817290	-0.506374	 10.269830	-65.589360	-51.617550	-12.041010	-7.588076	 16.022730	-0.540169	 0.139211	 14.789960	-0.368235	 3.437935	 0.249456	-1.529723	 89.730800	-93.830720	-0.453488	-100.398800	 179.372200	 2.177958	 110.227300	-0.813313	 0.122417	-8.559153	-1.692357	 20.372700	 59.892410	-38.044520	-11.392050	 4.154750	 0.377580	-14.478120	-17.384710	-10.597170	-3.608510	 51.936050	 2.464203	-1.149928	 56.780690	 2.462389	 1.006548	-44.024080	-0.166109	 1.425233	 41.713330	-0.214917	 3.170135	 30.935920	 2.698595	 4.946881	-61.243380	 34.126000	 18.358390	 20.136930	-6.580874	 19.283910	 24.222580	-5.765748	 19.261690	-76.467860	 15.922350	 8.862730	 28.957860	-3.718937	 9.460494	 30.911570	-0.531423	 10.393350	-62.691560	-36.715930	-2.656852	 27.816320	 15.609720	-0.539555	 0.135676	 16.990000	-0.375326	 3.456629	 0.000000	 90.000000	 0.000000	-176.348600	 3.039350	 174.553000	-159.589400	-0.889100	-24.859830
-0.066951	-0.123385	 0.018969	-162.635300	 7.391149	-95.250370	-8.110647	-5.303555	-3.493114	-8.127467	-14.449640	-3.209920	 0.568726	-2.601537	 106.326900	-0.813313	 0.122417	-8.559153	-5.481447	 17.302320	 56.344040	-118.434000	 17.471380	 7.876894	 35.114790	 14.563230	-30.211870	-11.701780	-4.668973	 49.572260	 2.465815	-1.147863	 53.817830	 2.739605	 0.675539	-52.364350	-0.294249	 1.321678	 40.375930	-0.237191	 3.158945	 22.553410	 2.717546	 4.902061	-61.930040	 37.115400	 19.613140	 19.256220	-6.682280	 19.246050	 18.469490	-5.713898	 19.253120	-73.915580	 17.779490	 9.975943	 30.011150	-3.775397	 9.431518	 23.819400	-0.506391	 10.269930	-65.587120	-51.617550	-12.041010	-7.588076	 16.022730	-0.540169	 0.139211	 14.789960	-0.368235	 3.437935	 0.247944	-1.499097	 89.729570	-93.743660	-0.370789	-101.101200	 179.376600	 2.160592	 110.228800	-0.813313	 0.122417	-8.559153	-1.900234	 19.912340	 59.941880	-37.575910	-11.561430	 4.083504	 0.192776	-14.605140	-17.337370	-10.595910	-3.607107	 51.946900	 2.464207	-1.149922	 56.772050	 2.462072	 1.006874	-44.015320	-0.162214	 1.428331	 41.707840	-0.214958	 3.170111	 30.919920	 2.699314	 4.945208	-61.269060	 34.154070	 18.370780	 20.122150	-6.581100	 19.283800	 24.209390	-5.766365	 19.261800	-76.498600	 15.939610	 8.873503	 28.947040	-3.719077	 9.460411	 30.893470	-0.531246	 10.392560	-62.710090	-36.715930	-2.656852	 27.816320	 15.609720	-0.539555	 0.135676	 16.990000	-0.375326	 3.456629	 0.000000	 90.000000	 0.000000	-176.337000	 3.089923	 174.996600	-159.759800	-0.832884	-24.925410
-0.066719	-0.122748	 0.019371	-162.762800	 7.413976	-95.181990	-8.100549	-5.266206	-3.447466	-8.102324	-14.313040	-3.153195	 0.565393	-2.585654	 106.351200	-0.813313	 0.122417	-8.559153	-5.583815	 17.438100	 56.425350	-118.305300	 17.534310	 8.022784	 35.099620	 14.671260	-30.241990	-11.701770	-4.668964	 49.568640	 2.465815	-1.147863	 53.817960	 2.739605	 0.675539	-52.364350	-0.293102	 1.322571	 40.374360	-0.237183	 3.158949	 22.556450	 2.717717	 4.901651	-61.936330	 37.097210	 19.605720	 19.260390	-6.682293	 19.246050	 18.468780	-5.714077	 19.253140	-73.924360	 17.769130	 9.969582	 30.010230	-3.775372	 9.431529	 23.822450	-0.506414	 10.270060	-65.584050	-51.617550	-12.041010	-7.588076	 16.022730	-0.540169	 0.139211	 14.789960	-0.368235	 3.437935	 0.246038	-1.460034	 89.728010	-93.628150	-0.260353	-102.146900	 179.382000	 2.139227	 110.229900	-0.813313	 0.122417	-8.559153	-2.165053	 19.318550	 60.000200	-36.844630	-11.713030	 3.980725	-0.120984	-14.699580	-17.318840	-10.594340	-3.605349	 51.960430	 2.464214	-1.149913	 56.760030	 2.461676	 1.007282	-44.004340	-0.156763	 1.432666	 41.700240	-0.215014	 3.170076	 30.897720	 2.700313	 4.942883	-61.304740	 34.193420	 18.388130	 20.101520	-6.581419	 19.283670	 24.191070	-5.767227	 19.261950	-76.541310	 15.963820	 8.888601	 28.931960	-3.719272	 9.460299	 30.868340	-0.531001	 10.391470	-62.735840	-36.715930	-2.656852	 27.816320	 15.609720	-0.539555	 0.135676	 16.990000	-0.375326	 3.456629	 0.000000	 90.000000	 0.000000	-176.325200	 3.127025	 175.650500	-159.975800	-0.771154	-24.991460
-0.066543	-0.122147	 0.019682	-162.845900	 7.423622	-95.129520	-8.091533	-5.235250	-3.409920	-8.082464	-14.214120	-3.108903	 0.562123	-2.570182	 106.372300	-0.813313	 0.122417	-8.559153	-5.682484	 17.553140	 56.518860	-118.185100	 17.624840	 8.153082	 35.035140	 14.788130	-30.349930	-11.701760	-4.668956	 49.565680	 2.465815	-1.147864	 53.818040	 2.739605	 0.675539	-52.364350	-0.292243	 1.323240	 40.373100	-0.237175	 3.158952	 22.559260	 2.717849	 4.901332	-61.941180	 37.081420	 19.599280	 19.264200	-6.682304	 19.246040	 18.468190	-5.714211	 19.253160	-73.931030	 17.760400	 9.964208	 30.009680	-3.775350	 9.431537	 23.825240	-0.506433	 10.270180	-65.581340	-51.617550	-12.041010	-7.588076	 16.022730	-0.540169	 0.139211	 14.789960	-0.368235	 3.437935	 0.244503	-1.427491	 89.726750	-93.529300	-0.170644	-103.086900	 179.386300	 2.122647	 110.230400	-0.813313	 0.122417	-8.559153	-2.378175	 18.835110	 60.043350	-36.177840	-11.774830	 3.890509	-0.420917	-14.712340	-17.330450	-10.593080	-3.603945	 51.971260	 2.464219	-1.149905	 56.749520	 2.461360	 1.007609	-43.995550	-0.151947	 1.436495	 41.693580	-0.215064	 3.170046	 30.878300	 2.701183	 4.940854	-61.335900	 34.228130	 18.403420	 20.083390	-6.581696	 19.283560	 24.175090	-5.767978	 19.262080	-76.578630	 15.985210	 8.901929	 28.918780	-3.719442	 9.460196	 30.846400	-0.530787	 10.390520	-62.758340	-36.715930	-2.656852	 27.816320	 15.609720	-0.539555	 0.135676	 16.990000	-0.375326	 3.456629	 0.000000	 90.000000	 0.000000	-176.316600	 3.133573	 176.234100	-160.149900	-0.728142	-25.037550
-0.066403	-0.121491	 0.019975	-162.919300	 7.426559	-95.078830	-8.081904	-5.203736	-3.371908	-8.063189	-14.125710	-3.066453	 0.558659	-2.553784	 106.395800	-0.813313	 0.122417	-8.559153	-5.793457	 17.668660	 56.632870	-118.050900	 17.739280	 8.291471	 34.939250	 14.938290	-30.453290	-11.701760	-4.668949	 49.562720	 2.465815	-1.147864	 53.818090	 2.739605	 0.675539	-52.364350	-0.291434	 1.323870	 40.371790	-0.237167	 3.158956	 22.562330	 2.717977	 4.901025	-61.945880	 37.065370	 19.592720	 19.268180	-6.682314	 19.246040	 18.467580	-5.714338	 19.253170	-73.937350	 17.751630	 9.958813	 30.009290	-3.775325	 9.431549	 23.828300	-0.506456	 10.270300	-65.578420	-51.617550	-12.041010	-7.588076	 16.022730	-0.540169	 0.139211	 14.789960	-0.368235	 3.437935	 0.242975	-1.393467	 89.725480	-93.424920	-0.084375	-104.082300	 179.390300	 2.106897	 110.230600	-0.813313	 0.122417	-8.559153	-2.587850	 18.355010	 60.082420	-35.474920	-11.792280	 3.797371	-0.746263	-14.678520	-17.359530	-10.591830	-3.602541	 51.982120	 2.464224	-1.149897	 56.738400	 2.461042	 1.007936	-43.986750	-0.146812	 1.440576	 41.686540	-0.215116	 3.170016	 30.857780	 2.702102	 4.938704	-61.368850	 34.265270	 18.419760	 20.064060	-6.581990	 19.283440	 24.158170	-5.768769	 19.262220	-76.618140	 16.008090	 8.916169	 28.904760	-3.719622	 9.460093	 30.823160	-0.530560	 10.389510	-62.782150	-36.715930	-2.656852	 27.816320	 15.609720	-0.539555	 0.135676	 16.990000	-0.375326	 3.456629	 0.000000	 90.000000	 0.000000	-176.308500	 3.133210	 176.849100	-160.311100	-0.695238	-25.075540
-0.066288	-0.120660	 0.020298	-162.996700	 7.422185	-95.019920	-8.069642	-5.165182	-3.325758	-8.040812	-14.028690	-3.018579	 0.554645	-2.534701	 106.427300	-0.813313	 0.122417	-8.559153	-5.940699	 17.802430	 56.791630	-117.871300	 17.893740	 8.464481	 34.791900	 15.147940	-30.557190	-11.701750	-4.668938	 49.559090	 2.465815	-1.147864	 53.818150	 2.739605	 0.675539	-52.364350	-0.290507	 1.324592	 40.370170	-0.237155	 3.158960	 22.566410	 2.718127	 4.900665	-61.951370	 37.046460	 19.584980	 19.272950	-6.682329	 19.246040	 18.466770	-5.714482	 19.253190	-73.944440	 17.741430	 9.952540	 30.008900	-3.775292	 9.431565	 23.832330	-0.506484	 10.270460	-65.574610	-51.617550	-12.041010	-7.588076	 16.022730	-0.540169	 0.139211	 14.789960	-0.368235	 3.437935	 0.241102	-1.349960	 89.723930	-93.291660	 0.009746	-105.313000	 179.394800	 2.089452	 110.230700	-0.813313	 0.122417	-8.559153	-2.831448	 17.791640	 60.123210	-34.623610	-11.776410	 3.686168	-1.150261	-14.598970	-17.409710	-10.590310	-3.600843	 51.995170	 2.464231	-1.149886	 56.724320	 2.460660	 1.008329	-43.976180	-0.140222	 1.445813	 41.677640	-0.215182	 3.169976	 30.831830	 2.703263	 4.935986	-61.410540	 34.312820	 18.440650	 20.039420	-6.582359	 19.283270	 24.136760	-5.769774	 19.262400	-76.668080	 16.037350	 8.934373	 28.886980	-3.719851	 9.459960	 30.793780	-0.530274	 10.388240	-62.812250	-36.715930	-2.656852	 27.816320	 15.609720	-0.539555	 0.135676	 16.990000	-0.375326	 3.456629	 0.000000	 90.000000	 0.000000	-176.298000	 3.121590	 177.605800	-160.477900	-0.671490	-25.109180
-0.066226	-0.119926	 0.020531	-163.047000	 7.412201	-94.973330	-8.058983	-5.132758	-3.287246	-8.023045	-13.954540	-2.982055	 0.551791	-2.520984	 106.455800	-0.813313	 0.122417	-8.559153	-6.072396	 17.904310	 56.936940	-117.706700	 18.023460	 8.610112	 34.644000	 15.317840	-30.673650	-11.701740	-4.668931	 49.556030	 2.465815	-1.147864	 53.818150	 2.739605	 0.675539	-52.364350	-0.289783	 1.325156	 40.368810	-0.237145	 3.158964	 22.570120	 2.718246	 4.900380	-61.955730	 37.031830	 19.579000	 19.276610	-6.682343	 19.246030	 18.466070	-5.714595	 19.253210	-73.949890	 17.733590	 9.947714	 30.008610	-3.775261	 9.431577	 23.835990	-0.506509	 10.270610	-65.571210	-51.617550	-12.041010	-7.588076	 16.022730	-0.540169	 0.139211	 14.789960	-0.368235	 3.437935	 0.239541	-1.310974	 89.722610	-93.188460	 0.080894	-106.329900	 179.398100	 2.076535	 110.230900	-0.813313	 0.122417	-8.559153	-3.023343	 17.343700	 60.151330	-33.947310	-11.750760	 3.598405	-1.478805	-14.519830	-17.457980	-10.589050	-3.599438	 52.006070	 2.464237	-1.149877	 56.712180	 2.460341	 1.008657	-43.967350	-0.134434	 1.450411	 41.669910	-0.215240	 3.169942	 30.809370	 2.704266	 4.933636	-61.446590	 34.354510	 18.458940	 20.017920	-6.582682	 19.283140	 24.118260	-5.770643	 19.262550	-76.711270	 16.063020	 8.950323	 28.871550	-3.720048	 9.459844	 30.768380	-0.530027	 10.387140	-62.838300	-36.715930	-2.656852	 27.816320	 15.609720	-0.539555	 0.135676	 16.990000	-0.375326	 3.456629	 0.000000	 90.000000	 0.000000	-176.287300	 3.093546	 178.228000	-160.602000	-0.659492	-25.128730
-0.066184	-0.119166	 0.020730	-163.087400	 7.397200	-94.928960	-8.048089	-5.100301	-3.248988	-8.006291	-13.885570	-2.949418	 0.549737	-2.510856	 106.486100	-0.813313	 0.122417	-8.559153	-6.209632	 17.992320	 57.089020	-117.528900	 18.141450	 8.752934	 34.481180	 15.470590	-30.805480	-11.701730	-4.668922	 49.552910	 2.465815	-1.147864	 53.818150	 2.739605	 0.675539	-52.364350	-0.289126	 1.325667	 40.367390	-0.237134	 3.158969	 22.574090	 2.718359	 4.900105	-61.959930	 37.018950	 19.573730	 19.279790	-6.682354	 19.246030	 18.465360	-5.714694	 19.253220	-73.954920	 17.726680	 9.943468	 30.008290	-3.775229	 9.431591	 23.839890	-0.506537	 10.270770	-65.567570	-51.617550	-12.041010	-7.588076	 16.022730	-0.540169	 0.139211	 14.789960	-0.368235	 3.437935	 0.237926	-1.276427	 89.721310	-93.105090	 0.146867	-107.302300	 179.400900	 2.065458	 110.231100	-0.813313	 0.122417	-8.559153	-3.201030	 16.925410	 60.173540	-33.338630	-11.730770	 3.519055	-1.781866	-14.447700	-17.506690	-10.587800	-3.598033	 52.016940	 2.464243	-1.149868	 56.699730	 2.460023	 1.008985	-43.958520	-0.128445	 1.455170	 41.662040	-0.215298	 3.169907	 30.786450	 2.705287	 4.931235	-61.483380	 34.397710	 18.477870	 19.995750	-6.583009	 19.283010	 24.099370	-5.771530	 19.262720	-76.755390	 16.089610	 8.966834	 28.855700	-3.720250	 9.459727	 30.742440	-0.529776	 10.386010	-62.864890	-36.715930	-2.656852	 27.816320	 15.609720	-0.539555	 0.135676	 16.990000	-0.375326	 3.456629	 0.000000	 90.000000	 0.000000	-176.274400	 3.056224	 178.820200	-160.719500	-0.649443	-25.141930
-0.066113	-0.118361	 0.020931	-163.126200	 7.374347	-94.879940	-8.035333	-5.062782	-3.205184	-7.988358	-13.810610	-2.917319	 0.548802	-2.505593	 106.523400	-0.813313	 0.122417	-8.559153	-6.373116	 18.070910	 57.268290	-117.301200	 18.220910	 8.909698	 34.277810	 15.588240	-30.946590	-11.701720	-4.668912	 49.549270	 2.465815	-1.147864	 53.818110	 2.739605	 0.675539	-52.364350	-0.288436	 1.326203	 40.365720	-0.237121	 3.158974	 22.579020	 2.718485	 4.899801	-61.964560	 37.007130	 19.568910	 19.282540	-6.682372	 19.246020	 18.464470	-5.714800	 19.253230	-73.960180	 17.720340	 9.939561	 30.007800	-3.775189	 9.431609	 23.844770	-0.506570	 10.270960	-65.563070	-51.617550	-12.041010	-7.588076	 16.022730	-0.540169	 0.139211	 14.789960	-0.368235	 3.437935	 0.235967	-1.251253	 89.719810	-93.031890	 0.205271	-108.190800	 179.403500	 2.055338	 110.231900	-0.813313	 0.122417	-8.559153	-3.367150	 16.515770	 60.182700	-32.781880	-11.737140	 3.443379	-2.069571	-14.397810	-17.555070	-10.586330	-3.596383	 52.029620	 2.464251	-1.149857	 56.685110	 2.459652	 1.009367	-43.948260	-0.121266	 1.460871	 41.652750	-0.215367	 3.169866	 30.759490	 2.706488	 4.928408	-61.526690	 34.449460	 18.500500	 19.969370	-6.583394	 19.282840	 24.077130	-5.772574	 19.262900	-76.807300	 16.121460	 8.986581	 28.836960	-3.720487	 9.459590	 30.711910	-0.529481	 10.384690	-62.896170	-36.715930	-2.656852	 27.816320	 15.609720	-0.539555	 0.135676	 16.990000	-0.375326	 3.456629	 0.000000	 90.000000	 0.000000	-176.255100	 3.009254	 179.416800	-160.857600	-0.633554	-25.151100
-0.065998	-0.117784	 0.021087	-163.148600	 7.351004	-94.839990	-8.024415	-5.030990	-3.168472	-7.974246	-13.749720	-2.894350	 0.549011	-2.505590	 106.556800	-0.813313	 0.122417	-8.559153	-6.515711	 18.109410	 57.419160	-117.087700	 18.228560	 9.031440	 34.100750	 15.625640	-31.046270	-11.701720	-4.668905	 49.546100	 2.465815	-1.147864	 53.818060	 2.739605	 0.675539	-52.364350	-0.287898	 1.326621	 40.364250	-0.237108	 3.158979	 22.583510	 2.718588	 4.899555	-61.968330	 37.000590	 19.566240	 19.283790	-6.682385	 19.246020	 18.463650	-5.714883	 19.253250	-73.964160	 17.716740	 9.937356	 30.007220	-3.775153	 9.431624	 23.849200	-0.506601	 10.271140	-65.558940	-51.617550	-12.041010	-7.588076	 16.022730	-0.540169	 0.139211	 14.789960	-0.368235	 3.437935	 0.234221	-1.241287	 89.718560	-92.985660	 0.242641	-108.833300	 179.405100	 2.048906	 110.233000	-0.813313	 0.122417	-8.559153	-3.462265	 16.254180	 60.171920	-32.440720	-11.771290	 3.393890	-2.252266	-14.390020	-17.586900	-10.585070	-3.594977	 52.040500	 2.464257	-1.149848	 56.672550	 2.459334	 1.009694	-43.939450	-0.114973	 1.465867	 41.644750	-0.215427	 3.169831	 30.736330	 2.707516	 4.925980	-61.563870	 34.494830	 18.520310	 19.946410	-6.583724	 19.282710	 24.058060	-5.773472	 19.263060	-76.851870	 16.149370	 9.003876	 28.820770	-3.720691	 9.459471	 30.685690	-0.529228	 10.383550	-62.923040	-36.715930	-2.656852	 27.816320	 15.609720	-0.539555	 0.135676	 16.990000	-0.375326	 3.456629	 0.000000	 90.000000	 0.000000	-176.234900	 2.960652	 179.841200	-160.985900	-0.610224	-25.155210
-0.065878	-0.117266	 0.021212	-163.156100	 7.326333	-94.803510	-8.014192	-5.001193	-3.134431	-7.961627	-13.693650	-2.875354	 0.549575	-2.507199	 106.589700	-0.813313	 0.122417	-8.559153	-6.650309	 18.117410	 57.555240	-116.873800	 18.214080	 9.133327	 33.945490	 15.628820	-31.137730	-11.701710	-4.668896	 49.543020	 2.465815	-1.147863	 53.817980	 2.739605	 0.675539	-52.364350	-0.287461	 1.326961	 40.362810	-0.237096	 3.158984	 22.588040	 2.718679	 4.899333	-61.971710	 36.997360	 19.564930	 19.284070	-6.682401	 19.246010	 18.462830	-5.714950	 19.253260	-73.967490	 17.714880	 9.936218	 30.006530	-3.775117	 9.431643	 23.853670	-0.506632	 10.271310	-65.554760	-51.617550	-12.041010	-7.588076	 16.022730	-0.540169	 0.139211	 14.789960	-0.368235	 3.437935	 0.232455	-1.240796	 89.717410	-92.951900	 0.271338	-109.464600	 179.406200	 2.044231	 110.234200	-0.813313	 0.122417	-8.559153	-3.520586	 16.070540	 60.151200	-32.193630	-11.817090	 3.356868	-2.383783	-14.402180	-17.611470	-10.583880	-3.593633	 52.050900	 2.464263	-1.149839	 56.660660	 2.459030	 1.010007	-43.931020	-0.108897	 1.470690	 41.637210	-0.215483	 3.169797	 30.714420	 2.708489	 4.923684	-61.599040	 34.538680	 18.539430	 19.924360	-6.584038	 19.282580	 24.039990	-5.774319	 19.263220	-76.894050	 16.176360	 9.020579	 28.805340	-3.720884	 9.459359	 30.660890	-0.528989	 10.382470	-62.948470	-36.715930	-2.656852	 27.816320	 15.609720	-0.539555	 0.135676	 16.990000	-0.375326	 3.456629	 0.000000	 90.000000	 0.000000	-176.214600	 2.901544	-179.790000	-161.101700	-0.584925	-25.153530
-0.065802	-0.116599	 0.021315	-163.150400	 7.295500	-94.762460	-8.002524	-4.967100	-3.096053	-7.947876	-13.629070	-2.856504	 0.550686	-2.511058	 106.629500	-0.813313	 0.122417	-8.559153	-6.797503	 18.091790	 57.696330	-116.617500	 18.210110	 9.230676	 33.801650	 15.621520	-31.259800	-11.701700	-4.668886	 49.539310	 2.465815	-1.147863	 53.817850	 2.739605	 0.675539	-52.364350	-0.287025	 1.327299	 40.361070	-0.237081	 3.158991	 22.593620	 2.718781	 4.899090	-61.975420	 36.996330	 19.564520	 19.283590	-6.682419	 19.246010	 18.461820	-5.715016	 19.253260	-73.970720	 17.714240	 9.935833	 30.005670	-3.775071	 9.431662	 23.859210	-0.506671	 10.271530	-65.549580	-51.617550	-12.041010	-7.588076	 16.022730	-0.540169	 0.139211	 14.789960	-0.368235	 3.437935	 0.230290	-1.250226	 89.716020	-92.924610	 0.281648	-110.081100	 179.407100	 2.040600	 110.235400	-0.813313	 0.122417	-8.559153	-3.557514	 15.921960	 60.120430	-31.949510	-11.882980	 3.321451	-2.501083	-14.435980	-17.636300	-10.582440	-3.592028	 52.063160	 2.464270	-1.149828	 56.646990	 2.458671	 1.010375	-43.921090	-0.101699	 1.476404	 41.628500	-0.215547	 3.169758	 30.689200	 2.709606	 4.921041	-61.639510	 34.590570	 18.562010	 19.898530	-6.584399	 19.282430	 24.019210	-5.775296	 19.263390	-76.942580	 16.208270	 9.040298	 28.787450	-3.721106	 9.459229	 30.632360	-0.528715	 10.381230	-62.977740	-36.715930	-2.656852	 27.816320	 15.609720	-0.539555	 0.135676	 16.990000	-0.375326	 3.456629	 0.000000	 90.000000	 0.000000	-176.194000	 2.824996	-179.349600	-161.204900	-0.562714	-25.140620
-0.065745	-0.116058	 0.021382	-163.135500	 7.268534	-94.728800	-7.993082	-4.939012	-3.064990	-7.937120	-13.573850	-2.843317	 0.552014	-2.516022	 106.664100	-0.813313	 0.122417	-8.559153	-6.908857	 18.041970	 57.793590	-116.399600	 18.228020	 9.292927	 33.712790	 15.616610	-31.374970	-11.701690	-4.668878	 49.536100	 2.465815	-1.147863	 53.817720	 2.739605	 0.675539	-52.364350	-0.286724	 1.327533	 40.359540	-0.237067	 3.158997	 22.598630	 2.718860	 4.898899	-61.978350	 36.997600	 19.565050	 19.282590	-6.682435	 19.246000	 18.460900	-5.715060	 19.253270	-73.972880	 17.714900	 9.936242	 30.004920	-3.775029	 9.431679	 23.864190	-0.506706	 10.271740	-65.544850	-51.617550	-12.041010	-7.588076	 16.022730	-0.540169	 0.139211	 14.789960	-0.368235	 3.437935	 0.228379	-1.265775	 89.714870	-92.915600	 0.270331	-110.527500	 179.407500	 2.039041	 110.236200	-0.813313	 0.122417	-8.559153	-3.570765	 15.839230	 60.094780	-31.779200	-11.946440	 3.297610	-2.564753	-14.478760	-17.651900	-10.581230	-3.590669	 52.073670	 2.464276	-1.149820	 56.635690	 2.458362	 1.010692	-43.912550	-0.095554	 1.481281	 41.621300	-0.215600	 3.169727	 30.668420	 2.710525	 4.918859	-61.672900	 34.634840	 18.581240	 19.876740	-6.584695	 19.282300	 24.002070	-5.776100	 19.263540	-76.982640	 16.235490	 9.057101	 28.772510	-3.721289	 9.459124	 30.608820	-0.528489	 10.380210	-63.001860	-36.715930	-2.656852	 27.816320	 15.609720	-0.539555	 0.135676	 16.990000	-0.375326	 3.456629	 0.000000	 90.000000	 0.000000	-176.154700	 2.558431	-179.008300	-161.269500	-0.548514	-25.120930
-0.065672	-0.115668	 0.021442	-163.114500	 7.242601	-94.696970	-7.984452	-4.912781	-3.036532	-7.927501	-13.518720	-2.832906	 0.553642	-2.522324	 106.698200	-0.813313	 0.122417	-8.559153	-7.004169	 17.971860	 57.862240	-116.191000	 18.249700	 9.336730	 33.644330	 15.607320	-31.479590	-11.701680	-4.668869	 49.532900	 2.465815	-1.147863	 53.817540	 2.739605	 0.675539	-52.364350	-0.286507	 1.327700	 40.357960	-0.237053	 3.159003	 22.603740	 2.718931	 4.898727	-61.980960	 37.000550	 19.566280	 19.281160	-6.682453	 19.246000	 18.459950	-5.715092	 19.253270	-73.974370	 17.716500	 9.937230	 30.004220	-3.774987	 9.431696	 23.869320	-0.506742	 10.271950	-65.539990	-51.617550	-12.041010	-7.588076	 16.022730	-0.540169	 0.139211	 14.789960	-0.368235	 3.437935	 0.226444	-1.286637	 89.713740	-92.923020	 0.246434	-110.917900	 179.407500	 2.038869	 110.236800	-0.813313	 0.122417	-8.559153	-3.575870	 15.784940	 60.076230	-31.668770	-12.012600	 3.281252	-2.587068	-14.530480	-17.659440	-10.580030	-3.589324	 52.084010	 2.464281	-1.149812	 56.625160	 2.458060	 1.011002	-43.904200	-0.089593	 1.486012	 41.614580	-0.215650	 3.169698	 30.649040	 2.711381	 4.916827	-61.704000	 34.677740	 18.599850	 19.855880	-6.584971	 19.282180	 23.986100	-5.776849	 19.263680	-77.019950	 16.261840	 9.073350	 28.758420	-3.721461	 9.459025	 30.586880	-0.528280	 10.379250	-63.024360	-36.715930	-2.656852	 27.816320	 15.609720	-0.539555	 0.135676	 16.990000	-0.375326	 3.456629	 0.000000	 90.000000	 0.000000	-176.122700	 2.356745	-178.755000	-161.316400	-0.537236	-25.094610
-0.065601	-0.115269	 0.021468	-163.086700	 7.215724	-94.662960	-7.975840	-4.885559	-3.007818	-7.918001	-13.455210	-2.824221	 0.555813	-2.530929	 106.735900	-0.813313	 0.122417	-8.559153	-7.091596	 17.873730	 57.899940	-115.980900	 18.275310	 9.366013	 33.589890	 15.594560	-31.576500	-11.701680	-4.668860	 49.529270	 2.465816	-1.147863	 53.817330	 2.739605	 0.675539	-52.364350	-0.286358	 1.327815	 40.356200	-0.237037	 3.159010	 22.609610	 2.719001	 4.898558	-61.983550	 37.005520	 19.568320	 19.279150	-6.682472	 19.245990	 18.458830	-5.715106	 19.253270	-73.975250	 17.719240	 9.938930	 30.003510	-3.774939	 9.431718	 23.875230	-0.506786	 10.272190	-65.534280	-51.617550	-12.041010	-7.588076	 16.022730	-0.540169	 0.139211	 14.789960	-0.368235	 3.437935	 0.224234	-1.314869	 89.712490	-92.947850	 0.204503	-111.251900	 179.407100	 2.040281	 110.237300	-0.813313	 0.122417	-8.559153	-3.583093	 15.739730	 60.070850	-31.598060	-12.086060	 3.269851	-2.578431	-14.593940	-17.660830	-10.578710	-3.587842	 52.095440	 2.464286	-1.149804	 56.614370	 2.457726	 1.011346	-43.894940	-0.083162	 1.491115	 41.607650	-0.215701	 3.169667	 30.629120	 2.712260	 4.914736	-61.735980	 34.724110	 18.619920	 19.833720	-6.585258	 19.282070	 23.969690	-5.777623	 19.263820	-77.058310	 16.290330	 9.090898	 28.743680	-3.721637	 9.458925	 30.564340	-0.528064	 10.378270	-63.047470	-36.715930	-2.656852	 27.816320	 15.609720	-0.539555	 0.135676	 16.990000	-0.375326	 3.456629	 0.000000	 90.000000	 0.000000	-176.110100	 2.263576	-178.532400	-161.354900	-0.525766	-25.058220
-0.065536	-0.114955	 0.021464	-163.061400	 7.195114	-94.634400	-7.969396	-4.863867	-2.985755	-7.910781	-13.396820	-2.819025	 0.558006	-2.539762	 106.768200	-0.813313	 0.122417	-8.559153	-7.153236	 17.776450	 57.909870	-115.826200	 18.296770	 9.375954	 33.560820	 15.583880	-31.635520	-11.701670	-4.668850	 49.526070	 2.465816	-1.147863	 53.817100	 2.739605	 0.675539	-52.364350	-0.286311	 1.327851	 40.354640	-0.237022	 3.159015	 22.614880	 2.719054	 4.898431	-61.985490	 37.011060	 19.570600	 19.277160	-6.682491	 19.245990	 18.457810	-5.715109	 19.253270	-73.975300	 17.722310	 9.940820	 30.003010	-3.774894	 9.431738	 23.880560	-0.506824	 10.272410	-65.529070	-51.617550	-12.041010	-7.588076	 16.022730	-0.540169	 0.139211	 14.789960	-0.368235	 3.437935	 0.222268	-1.342502	 89.711400	-92.981510	 0.154307	-111.422600	 179.406500	 2.042833	 110.237400	-0.813313	 0.122417	-8.559153	-3.579583	 15.732620	 60.080400	-31.567980	-12.146040	 3.264549	-2.554476	-14.649440	-17.658070	-10.577570	-3.586558	 52.105390	 2.464290	-1.149798	 56.605880	 2.457434	 1.011645	-43.886870	-0.078891	 1.494501	 41.602230	-0.215741	 3.169644	 30.613510	 2.712947	 4.913098	-61.761030	 34.754830	 18.633240	 19.818150	-6.585481	 19.281980	 23.956830	-5.778226	 19.263930	-77.088390	 16.309110	 9.102486	 28.732720	-3.721773	 9.458844	 30.546660	-0.527894	 10.377500	-63.065620	-36.715930	-2.656852	 27.816320	 15.609720	-0.539555	 0.135676	 16.990000	-0.375326	 3.456629	 0.000000	 90.000000	 0.000000	-176.118800	 2.271401	-178.409500	-161.382100	-0.514760	-25.021220
-0.065453	-0.114764	 0.021470	-163.038200	 7.183778	-94.609440	-7.964283	-4.844176	-2.967665	-7.904990	-13.339580	-2.816067	 0.560340	-2.549271	 106.798200	-0.813313	 0.122417	-8.559153	-7.201190	 17.678800	 57.912110	-115.702300	 18.315890	 9.373690	 33.548370	 15.575530	-31.665170	-11.701660	-4.668842	 49.522970	 2.465816	-1.147863	 53.816840	 2.739605	 0.675539	-52.364350	-0.286364	 1.327807	 40.353070	-0.237008	 3.159021	 22.620030	 2.719096	 4.898329	-61.987050	 37.017130	 19.573100	 19.275120	-6.682510	 19.245980	 18.456780	-5.715096	 19.253270	-73.974670	 17.725690	 9.942903	 30.002690	-3.774852	 9.431756	 23.885820	-0.506863	 10.272640	-65.523880	-51.617550	-12.041010	-7.588076	 16.022730	-0.540169	 0.139211	 14.789960	-0.368235	 3.437935	 0.220352	-1.370298	 89.710340	-93.021060	 0.097559	-111.518400	 179.405600	 2.046369	 110.237400	-0.813313	 0.122417	-8.559153	-3.552807	 15.777700	 60.097850	-31.554460	-12.196110	 3.262349	-2.528746	-14.697600	-17.664750	-10.576490	-3.585337	 52.114820	 2.464294	-1.149792	 56.598790	 2.457158	 1.011929	-43.879230	-0.076715	 1.496219	 41.597760	-0.215774	 3.169624	 30.600470	 2.713522	 4.911729	-61.781980	 34.769970	 18.639890	 19.808540	-6.585667	 19.281900	 23.946090	-5.778731	 19.264030	-77.113530	 16.318280	 9.108212	 28.724680	-3.721889	 9.458779	 30.531910	-0.527757	 10.376860	-63.080760	-36.715930	-2.656852	 27.816320	 15.609720	-0.539555	 0.135676	 16.990000	-0.375326	 3.456629	 0.000000	 90.000000	 0.000000	-176.140100	 2.334363	-178.364400	-161.402600	-0.503861	-24.981330
-0.065369	-0.114604	 0.021474	-163.013500	 7.184960	-94.582750	-7.959944	-4.820809	-2.952770	-7.899828	-13.272960	-2.815026	 0.563379	-2.561770	 106.832000	-0.813313	 0.122417	-8.559153	-7.243383	 17.563220	 57.905370	-115.585100	 18.336030	 9.358459	 33.550930	 15.567380	-31.670760	-11.701650	-4.668833	 49.519250	 2.465816	-1.147862	 53.816490	 2.739605	 0.675539	-52.364350	-0.286537	 1.327670	 40.351180	-0.236991	 3.159028	 22.626250	 2.719136	 4.898232	-61.988510	 37.024980	 19.576310	 19.272690	-6.682533	 19.245970	 18.455490	-5.715064	 19.253270	-73.972990	 17.730050	 9.945589	 30.002550	-3.774798	 9.431779	 23.892200	-0.506912	 10.272910	-65.517440	-51.617550	-12.041010	-7.588076	 16.022730	-0.540169	 0.139211	 14.789960	-0.368235	 3.437935	 0.218077	-1.403256	 89.709090	-93.072950	 0.023699	-111.598800	 179.404100	 2.051924	 110.237200	-0.813313	 0.122417	-8.559153	-3.493167	 15.891690	 60.126480	-31.577530	-12.249960	 3.264580	-2.464319	-14.753550	-17.688980	-10.575210	-3.583900	 52.125890	 2.464297	-1.149788	 56.591950	 2.456834	 1.012261	-43.870290	-0.076130	 1.496669	 41.593450	-0.215806	 3.169605	 30.587840	 2.714076	 4.910405	-61.802220	 34.773530	 18.641590	 19.802820	-6.585847	 19.281820	 23.935680	-5.779219	 19.264110	-77.137830	 16.320230	 9.109552	 28.718090	-3.722000	 9.458714	 30.517610	-0.527618	 10.376240	-63.095440	-36.715930	-2.656852	 27.816320	 15.609720	-0.539555	 0.135676	 16.990000	-0.375326	 3.456629	 0.000000	 90.000000	 0.000000	-176.178800	 2.452655	-178.346900	-161.414600	-0.493517	-24.927700
-0.065310	-0.114551	 0.021484	-163.003000	 7.194578	-94.560440	-7.957985	-4.801159	-2.947520	-7.897038	-13.218520	-2.816074	 0.566120	-2.573197	 106.856600	-0.813313	 0.122417	-8.559153	-7.265874	 17.471510	 57.891670	-115.510200	 18.350230	 9.337546	 33.565460	 15.561420	-31.655130	-11.701650	-4.668825	 49.516100	 2.465816	-1.147862	 53.816150	 2.739605	 0.675539	-52.364350	-0.286794	 1.327469	 40.349560	-0.236977	 3.159034	 22.631530	 2.719159	 4.898177	-61.989360	 37.031800	 19.579100	 19.270720	-6.682554	 19.245970	 18.454360	-5.715018	 19.253260	-73.970790	 17.733860	 9.947931	 30.002690	-3.774755	 9.431799	 23.897680	-0.506952	 10.273150	-65.511840	-51.617550	-12.041010	-7.588076	 16.022730	-0.540169	 0.139211	 14.789960	-0.368235	 3.437935	 0.216135	-1.429400	 89.708020	-93.117900	-0.043957	-111.609300	 179.402700	 2.057667	 110.236800	-0.813313	 0.122417	-8.559153	-3.421443	 16.033330	 60.154850	-31.654340	-12.297910	 3.272084	-2.361643	-14.807630	-17.714930	-10.574150	-3.582709	 52.135040	 2.464299	-1.149784	 56.587670	 2.456566	 1.012537	-43.862850	-0.076835	 1.496096	 41.590760	-0.215826	 3.169593	 30.580020	 2.714419	 4.909583	-61.814780	 34.767650	 18.639210	 19.801890	-6.585958	 19.281770	 23.929240	-5.779524	 19.264170	-77.152920	 16.316410	 9.107339	 28.714860	-3.722069	 9.458675	 30.508750	-0.527534	 10.375850	-63.104540	-36.715930	-2.656852	 27.816320	 15.609720	-0.539555	 0.135676	 16.990000	-0.375326	 3.456629	 0.000000	 90.000000	 0.000000	-176.214500	 2.559139	-178.415800	-161.413900	-0.487813	-24.877440
-0.065275	-0.114574	 0.021481	-163.006500	 7.207334	-94.540470	-7.957703	-4.782033	-2.948098	-7.895816	-13.166820	-2.818720	 0.568954	-2.585189	 106.875400	-0.813313	 0.122417	-8.559153	-7.275990	 17.391030	 57.871020	-115.456600	 18.361250	 9.311900	 33.588760	 15.555790	-31.625880	-11.701640	-4.668817	 49.513020	 2.465816	-1.147862	 53.815790	 2.739605	 0.675539	-52.364350	-0.287135	 1.327201	 40.347960	-0.236963	 3.159041	 22.636750	 2.719172	 4.898146	-61.989840	 37.038400	 19.581800	 19.269020	-6.682575	 19.245960	 18.453210	-5.714957	 19.253260	-73.967830	 17.737550	 9.950196	 30.003070	-3.774710	 9.431819	 23.903130	-0.506996	 10.273390	-65.506160	-51.617550	-12.041010	-7.588076	 16.022730	-0.540169	 0.139211	 14.789960	-0.368235	 3.437935	 0.214249	-1.452332	 89.706960	-93.160540	-0.115579	-111.540900	 179.401000	 2.064208	 110.236200	-0.813313	 0.122417	-8.559153	-3.333480	 16.208520	 60.184390	-31.773980	-12.348170	 3.283805	-2.244479	-14.865360	-17.749520	-10.573120	-3.581550	 52.143880	 2.464301	-1.149783	 56.585020	 2.456307	 1.012802	-43.855710	-0.078209	 1.494993	 41.589100	-0.215839	 3.169586	 30.575120	 2.714635	 4.909071	-61.822620	 34.757100	 18.634790	 19.803540	-6.586029	 19.281750	 23.925200	-5.779712	 19.264210	-77.162380	 16.309740	 9.103356	 28.713560	-3.722112	 9.458651	 30.503230	-0.527482	 10.375610	-63.110240	-36.715930	-2.656852	 27.816320	 15.609720	-0.539555	 0.135676	 16.990000	-0.375326	 3.456629	 0.000000	 90.000000	 0.000000	-176.245800	 2.643871	-178.584700	-161.402500	-0.482851	-24.823510
-0.065299	-0.114600	 0.021415	-163.026700	 7.220579	-94.522540	-7.959529	-4.759754	-2.955189	-7.896461	-13.108120	-2.823740	 0.572468	-2.600260	 106.891600	-0.813313	 0.122417	-8.559153	-7.271907	 17.314090	 57.836880	-115.416700	 18.369860	 9.277761	 33.625440	 15.548600	-31.578920	-11.701630	-4.668806	 49.509300	 2.465816	-1.147862	 53.815330	 2.739605	 0.675539	-52.364350	-0.287664	 1.326788	 40.345980	-0.236945	 3.159048	 22.642980	 2.719175	 4.898139	-61.989940	 37.045740	 19.584800	 19.267350	-6.682600	 19.245950	 18.451790	-5.714865	 19.253240	-73.963270	 17.741640	 9.952711	 30.003960	-3.774655	 9.431843	 23.909680	-0.507048	 10.273690	-65.499170	-51.617550	-12.041010	-7.588076	 16.022730	-0.540169	 0.139211	 14.789960	-0.368235	 3.437935	 0.212022	-1.474145	 89.705690	-93.204650	-0.202614	-111.415000	 179.398800	 2.073068	 110.235300	-0.813313	 0.122417	-8.559153	-3.208450	 16.457050	 60.218640	-31.963650	-12.412890	 3.302388	-2.120629	-14.937760	-17.808160	-10.571940	-3.580220	 52.154190	 2.464301	-1.149782	 56.584060	 2.456004	 1.013112	-43.847320	-0.080170	 1.493427	 41.588500	-0.215843	 3.169583	 30.573360	 2.714711	 4.908886	-61.825440	 34.742550	 18.628620	 19.807640	-6.586054	 19.281730	 23.923760	-5.779780	 19.264220	-77.165800	 16.300620	 9.097852	 28.714230	-3.722127	 9.458641	 30.501220	-0.527462	 10.375520	-63.112320	-36.715930	-2.656852	 27.816320	 15.609720	-0.539555	 0.135676	 16.990000	-0.375326	 3.456629	 0.000000	 90.000000	 0.000000	-176.277500	 2.692604	-178.804700	-161.373500	-0.475264	-24.753580
-0.065407	-0.114594	 0.021302	-163.056100	 7.225672	-94.511630	-7.963125	-4.741061	-2.966068	-7.899016	-13.060150	-2.829606	 0.575625	-2.613960	 106.900600	-0.813313	 0.122417	-8.559153	-7.253639	 17.269790	 57.798740	-115.413700	 18.371110	 9.246954	 33.667240	 15.539810	-31.533980	-11.701620	-4.668798	 49.506080	 2.465817	-1.147861	 53.814870	 2.739605	 0.675539	-52.364350	-0.288242	 1.326335	 40.344250	-0.236930	 3.159054	 22.648350	 2.719165	 4.898164	-61.989570	 37.051280	 19.587060	 19.266400	-6.682623	 19.245940	 18.450480	-5.714767	 19.253230	-73.958330	 17.744760	 9.954626	 30.005130	-3.774608	 9.431861	 23.915420	-0.507094	 10.273960	-65.492910	-51.617550	-12.041010	-7.588076	 16.022730	-0.540169	 0.139211	 14.789960	-0.368235	 3.437935	 0.210143	-1.479174	 89.704550	-93.234520	-0.284487	-111.149800	 179.396300	 2.082766	 110.234400	-0.813313	 0.122417	-8.559153	-3.084168	 16.702010	 60.244840	-32.160820	-12.474400	 3.321758	-1.982743	-15.008480	-17.859390	-10.570930	-3.579091	 52.162920	 2.464301	-1.149783	 56.585380	 2.455749	 1.013374	-43.840260	-0.081611	 1.492281	 41.589310	-0.215837	 3.169587	 30.575810	 2.714603	 4.909145	-61.821490	 34.732020	 18.624100	 19.811970	-6.586020	 19.281750	 23.925770	-5.779685	 19.264200	-77.161150	 16.294100	 9.093866	 28.716510	-3.722106	 9.458653	 30.504000	-0.527487	 10.375640	-63.109530	-36.715930	-2.656852	 27.816320	 15.609720	-0.539555	 0.135676	 16.990000	-0.375326	 3.456629	 0.000000	 90.000000	 0.000000	-176.338000	 3.008792	-178.986400	-161.334500	-0.468505	-24.687920
-0.065562	-0.114561	 0.021158	-163.091600	 7.221090	-94.504950	-7.968199	-4.724499	-2.979170	-7.903114	-13.018610	-2.836111	 0.578610	-2.627031	 106.905400	-0.813313	 0.122417	-8.559153	-7.231816	 17.240740	 57.758960	-115.445300	 18.365200	 9.219218	 33.716380	 15.527630	-31.494730	-11.701620	-4.668789	 49.503080	 2.465817	-1.147861	 53.814410	 2.739605	 0.675539	-52.364350	-0.288888	 1.325830	 40.342620	-0.236917	 3.159060	 22.653290	 2.719146	 4.898210	-61.988860	 37.055440	 19.588740	 19.266030	-6.682645	 19.245940	 18.449230	-5.714654	 19.253220	-73.952910	 17.747100	 9.956048	 30.006600	-3.774565	 9.431884	 23.920760	-0.507139	 10.274210	-65.486970	-51.617550	-12.041010	-7.588076	 16.022730	-0.540169	 0.139211	 14.789960	-0.368235	 3.437935	 0.208504	-1.467305	 89.703420	-93.250490	-0.362460	-110.811400	 179.393400	 2.094347	 110.233300	-0.813313	 0.122417	-8.559153	-2.957931	 16.947550	 60.263780	-32.362430	-12.536330	 3.341549	-1.794596	-15.084190	-17.894610	-10.570010	-3.578055	 52.170800	 2.464299	-1.149785	 56.588620	 2.455517	 1.013611	-43.833870	-0.083387	 1.490873	 41.591300	-0.215820	 3.169596	 30.582380	 2.714314	 4.909836	-61.810920	 34.714720	 18.616640	 19.819740	-6.585934	 19.281780	 23.930670	-5.779431	 19.264150	-77.148450	 16.283490	 9.087356	 28.721250	-3.722048	 9.458687	 30.511450	-0.527559	 10.375970	-63.101880	-36.715930	-2.656852	 27.816320	 15.609720	-0.539555	 0.135676	 16.990000	-0.375326	 3.456629	 0.000000	 90.000000	 0.000000	-176.380900	 3.232194	-179.179900	-161.286800	-0.463271	-24.623170
-0.065829	-0.114454	 0.020950	-163.155700	 7.201333	-94.499820	-7.976659	-4.705675	-2.997888	-7.910495	-12.972550	-2.845214	 0.582274	-2.643204	 106.907100	-0.813313	 0.122417	-8.559153	-7.204804	 17.206410	 57.707230	-115.521500	 18.351390	 9.183896	 33.789170	 15.510780	-31.440050	-11.701610	-4.668780	 49.499460	 2.465817	-1.147860	 53.813790	 2.739605	 0.675539	-52.364350	-0.289822	 1.325100	 40.340630	-0.236900	 3.159065	 22.659180	 2.719108	 4.898302	-61.987460	 37.058780	 19.590090	 19.266380	-6.682674	 19.245930	 18.447660	-5.714499	 19.253200	-73.945250	 17.748990	 9.957194	 30.008940	-3.774512	 9.431907	 23.927210	-0.507195	 10.274530	-65.479580	-51.617550	-12.041010	-7.588076	 16.022730	-0.540169	 0.139211	 14.789960	-0.368235	 3.437935	 0.206595	-1.435379	 89.702010	-93.252380	-0.453674	-110.327000	 179.389100	 2.111630	 110.231800	-0.813313	 0.122417	-8.559153	-2.779158	 17.291650	 60.287570	-32.620450	-12.618680	 3.366887	-1.531622	-15.186110	-17.928430	-10.568960	-3.576863	 52.180080	 2.464296	-1.149790	 56.595190	 2.455246	 1.013889	-43.826370	-0.087189	 1.487857	 41.595450	-0.215784	 3.169618	 30.596600	 2.713691	 4.911325	-61.788160	 34.676120	 18.600000	 19.836590	-6.585761	 19.281860	 23.940620	-5.778882	 19.264050	-77.121060	 16.259850	 9.072864	 28.731180	-3.721924	 9.458760	 30.527490	-0.527714	 10.376670	-63.085300	-36.715930	-2.656852	 27.816320	 15.609720	-0.539555	 0.135676	 16.990000	-0.375326	 3.456629	 0.000000	 90.000000	 0.000000	-176.411800	 3.382499	-179.435600	-161.215200	-0.457323	-24.525240
-0.066140	-0.114304	 0.020766	-163.232400	 7.172814	-94.502500	-7.986073	-4.690785	-3.015479	-7.919095	-12.937090	-2.853922	 0.585447	-2.657302	 106.905600	-0.813313	 0.122417	-8.559153	-7.176118	 17.175920	 57.658140	-115.613700	 18.336770	 9.147691	 33.863550	 15.498110	-31.374280	-11.701600	-4.668772	 49.496330	 2.465817	-1.147860	 53.813240	 2.739605	 0.675539	-52.364350	-0.290739	 1.324384	 40.338870	-0.236887	 3.159072	 22.664140	 2.719063	 4.898412	-61.985810	 37.059830	 19.590490	 19.267520	-6.682698	 19.245920	 18.446240	-5.714347	 19.253170	-73.937610	 17.749640	 9.957572	 30.011480	-3.774466	 9.431926	 23.932740	-0.507243	 10.274810	-65.473070	-51.617550	-12.041010	-7.588076	 16.022730	-0.540169	 0.139211	 14.789960	-0.368235	 3.437935	 0.205031	-1.395863	 89.700760	-93.235760	-0.508433	-109.734900	 179.384600	 2.129296	 110.230400	-0.813313	 0.122417	-8.559153	-2.591965	 17.649860	 60.316180	-32.845250	-12.696770	 3.388978	-1.312838	-15.280110	-17.956230	-10.568060	-3.575859	 52.187760	 2.464292	-1.149796	 56.603100	 2.455021	 1.014119	-43.820160	-0.091795	 1.484203	 41.600460	-0.215740	 3.169644	 30.613770	 2.712938	 4.913121	-61.760690	 34.636880	 18.583040	 19.854490	-6.585554	 19.281940	 23.952570	-5.778218	 19.263930	-77.087990	 16.235830	 9.058105	 28.742370	-3.721772	 9.458845	 30.546820	-0.527897	 10.377520	-63.065290	-36.715930	-2.656852	 27.816320	 15.609720	-0.539555	 0.135676	 16.990000	-0.375326	 3.456629	 0.000000	 90.000000	 0.000000	-176.424100	 3.449288	-179.663100	-161.142900	-0.452317	-24.417070
-0.066517	-0.114120	 0.020566	-163.314600	 7.130988	-94.515790	-8.004339	-4.677408	-3.033070	-7.936745	-12.906360	-2.863042	 0.588533	-2.671120	 106.901300	-0.813313	 0.122417	-8.559153	-7.143225	 17.145540	 57.606120	-115.723800	 18.320720	 9.107497	 33.945560	 15.487420	-31.294880	-11.701600	-4.668764	 49.493290	 2.465818	-1.147859	 53.812640	 2.739605	 0.675539	-52.364350	-0.291774	 1.323575	 40.337150	-0.236874	 3.159077	 22.668900	 2.719006	 4.898547	-61.983700	 37.058890	 19.590070	 19.269500	-6.682724	 19.245910	 18.444820	-5.714173	 19.253150	-73.929190	 17.749160	 9.957251	 30.014490	-3.774421	 9.431945	 23.938110	-0.507292	 10.275090	-65.466570	-51.617550	-12.041010	-7.588076	 16.022730	-0.540169	 0.139211	 14.789960	-0.368235	 3.437935	 0.203540	-1.349549	 89.699520	-93.202780	-0.526823	-109.087200	 179.379600	 2.148989	 110.228900	-0.813313	 0.122417	-8.559153	-2.381813	 18.049080	 60.349260	-33.059040	-12.780360	 3.409982	-1.140947	-15.375340	-17.988510	-10.567230	-3.574915	 52.195000	 2.464287	-1.149803	 56.612800	 2.454808	 1.014337	-43.814290	-0.097355	 1.479791	 41.606630	-0.215687	 3.169676	 30.634500	 2.712028	 4.915287	-61.727550	 34.601800	 18.567790	 19.872220	-6.585300	 19.282050	 23.967210	-5.777414	 19.263780	-77.048000	 16.214340	 9.044830	 28.754700	-3.721591	 9.458950	 30.570180	-0.528123	 10.378540	-63.041080	-36.715930	-2.656852	 27.816320	 15.609720	-0.539555	 0.135676	 16.990000	-0.375326	 3.456629	 0.000000	 90.000000	 0.000000	-176.426900	 3.498591	-179.882400	-161.058900	-0.438129	-24.299750
-0.067037	-0.113864	 0.020273	-163.403200	 7.062704	-94.544530	-8.044621	-4.663398	-3.052754	-7.976591	-12.875960	-2.874124	 0.592064	-2.687091	 106.891900	-0.813313	 0.122417	-8.559153	-7.099236	 17.109930	 57.541090	-115.871300	 18.300860	 9.055554	 34.050460	 15.477170	-31.186400	-11.701590	-4.668755	 49.489750	 2.465818	-1.147859	 53.811900	 2.739605	 0.675539	-52.364350	-0.293114	 1.322529	 40.335120	-0.236859	 3.159083	 22.674240	 2.718908	 4.898782	-61.980130	 37.055200	 19.588520	 19.272950	-6.682756	 19.245900	 18.443110	-5.713953	 19.253130	-73.918190	 17.746820	 9.955770	 30.018740	-3.774371	 9.431969	 23.944270	-0.507351	 10.275420	-65.458820	-51.617550	-12.041010	-7.588076	 16.022730	-0.540169	 0.139211	 14.789960	-0.368235	 3.437935	 0.201853	-1.290317	 89.698060	-93.151170	-0.523789	-108.366200	 179.373100	 2.174757	 110.226900	-0.813313	 0.122417	-8.559153	-2.108360	 18.563300	 60.390900	-33.288480	-12.887130	 3.432418	-1.008497	-15.489260	-18.032400	-10.566310	-3.573878	 52.203060	 2.464280	-1.149813	 56.626390	 2.454571	 1.014580	-43.807740	-0.104940	 1.473771	 41.615290	-0.215615	 3.169718	 30.662810	 2.710784	 4.918245	-61.682300	 34.559650	 18.549390	 19.894780	-6.584944	 19.282190	 23.987690	-5.776319	 19.263580	-76.993420	 16.144000	 9.001786	 28.778800	-3.721342	 9.459094	 30.602070	-0.528432	 10.379940	-63.008050	-36.715930	-2.656852	 27.816320	 15.609720	-0.539555	 0.135676	 16.990000	-0.375326	 3.456629	 0.000000	 90.000000	 0.000000	-176.422300	 3.586409	 179.880100	-160.942500	-0.404127	-24.162020
-0.067586	-0.113529	 0.019979	-163.491500	 6.991387	-94.577650	-8.094284	-4.652915	-3.068069	-8.026222	-12.854730	-2.883917	 0.595022	-2.700607	 106.880500	-0.813313	 0.122417	-8.559153	-7.056478	 17.079350	 57.481230	-116.010500	 18.283490	 9.006786	 34.147640	 15.470200	-31.081000	-11.701580	-4.668747	 49.486750	 2.465819	-1.147859	 53.811200	 2.739605	 0.675539	-52.364350	-0.294403	 1.321523	 40.333330	-0.236847	 3.159088	 22.678640	 2.718785	 4.899080	-61.975570	 37.049890	 19.586300	 19.276840	-6.682782	 19.245890	 18.441570	-5.713737	 19.253100	-73.907620	 17.743060	 9.953424	 30.023070	-3.774328	 9.431986	 23.949480	-0.507400	 10.275710	-65.452070	-51.617550	-12.041010	-7.588076	 16.022730	-0.540169	 0.139211	 14.789960	-0.368235	 3.437935	 0.200419	-1.238077	 89.696820	-93.102170	-0.523891	-107.758600	 179.366800	 2.199344	 110.225100	-0.813313	 0.122417	-8.559153	-1.850799	 19.041670	 60.426970	-33.460370	-12.988150	 3.449132	-0.935094	-15.590560	-18.144830	-10.565540	-3.573011	 52.209680	 2.464273	-1.149823	 56.640010	 2.454377	 1.014778	-43.802390	-0.112306	 1.467924	 41.623960	-0.215544	 3.169760	 30.690240	 2.709575	 4.921114	-61.638400	 34.512330	 18.528760	 19.919000	-6.584589	 19.282340	 24.008220	-5.775254	 19.263390	-76.940480	 16.090430	 8.968890	 28.800020	-3.721101	 9.459233	 30.632980	-0.528732	 10.381300	-62.976020	-36.715930	-2.656852	 27.816320	 15.609720	-0.539555	 0.135676	 16.990000	-0.375326	 3.456629	 0.000000	 90.000000	 0.000000	-176.409400	 3.694541	 179.712900	-160.833100	-0.361691	-24.007510
-0.068231	-0.113057	 0.019661	-163.602800	 6.912832	-94.615930	-8.156098	-4.644148	-3.080852	-8.088346	-12.838620	-2.893697	 0.597872	-2.713761	 106.866300	-0.813313	 0.122417	-8.559153	-7.009538	 17.049250	 57.418260	-116.156300	 18.266690	 8.955055	 34.249210	 15.465010	-30.966970	-11.701570	-4.668739	 49.483770	 2.465819	-1.147858	 53.810490	 2.739605	 0.675539	-52.364350	-0.295844	 1.320398	 40.331540	-0.236836	 3.159093	 22.682860	 2.718626	 4.899463	-61.969730	 37.042750	 19.583320	 19.282000	-6.682811	 19.245880	 18.440000	-5.713500	 19.253070	-73.895870	 17.737930	 9.950220	 30.028040	-3.774286	 9.432005	 23.954570	-0.507453	 10.276000	-65.445210	-51.617550	-12.041010	-7.588076	 16.022730	-0.540169	 0.139211	 14.789960	-0.368235	 3.437935	 0.198992	-1.188235	 89.695630	-93.055390	-0.551527	-107.104200	 179.360100	 2.225940	 110.223100	-0.813313	 0.122417	-8.559153	-1.577227	 19.542840	 60.460730	-33.585910	-13.097260	 3.461613	-0.894907	-15.694340	-18.363730	-10.564830	-3.572205	 52.215950	 2.464266	-1.149835	 56.655230	 2.454193	 1.014966	-43.797310	-0.120241	 1.461625	 41.633660	-0.215469	 3.169805	 30.719870	 2.708268	 4.924208	-61.591030	 34.457870	 18.505010	 19.946520	-6.584190	 19.282510	 24.031190	-5.774107	 19.263180	-76.883350	 16.051720	 8.944965	 28.820150	-3.720841	 9.459384	 30.666370	-0.529055	 10.382770	-62.941440	-36.715930	-2.656852	 27.816320	 15.609720	-0.539555	 0.135676	 16.990000	-0.375326	 3.456629	 0.000000	 90.000000	 0.000000	-176.384800	 3.810234	 179.581300	-160.721500	-0.310705	-23.797970
-0.069092	-0.112447	 0.019286	-163.735700	 6.813075	-94.668700	-8.242155	-4.634932	-3.108023	-8.176464	-12.825890	-2.916214	 0.600996	-2.728338	 106.846700	-0.813313	 0.122417	-8.559153	-6.950285	 17.015380	 57.341850	-116.327600	 18.248790	 8.892234	 34.370300	 15.461160	-30.827010	-11.701570	-4.668730	 49.480360	 2.465820	-1.147857	 53.809590	 2.739605	 0.675539	-52.364350	-0.297743	 1.318916	 40.329470	-0.236823	 3.159098	 22.687430	 2.718400	 4.900008	-61.961420	 37.032360	 19.578960	 19.289950	-6.682845	 19.245870	 18.438120	-5.713191	 19.253030	-73.880620	 17.730550	 9.945616	 30.034600	-3.774239	 9.432025	 23.960290	-0.507513	 10.276340	-65.437190	-51.617550	-12.041010	-7.588076	 16.022730	-0.540169	 0.139211	 14.789960	-0.368235	 3.437935	 0.197456	-1.112392	 89.694170	-92.994280	-0.649594	-106.308100	 179.351700	 2.259045	 110.220700	-0.813313	 0.122417	-8.559153	-1.245096	 20.140830	 60.494260	-33.669660	-13.234360	 3.470077	-0.883940	-15.819760	-18.691920	-10.564040	-3.571324	 52.222740	 2.464256	-1.149849	 56.674740	 2.453995	 1.015170	-43.791810	-0.129947	 1.453919	 41.646070	-0.215376	 3.169861	 30.756150	 2.706664	 4.927993	-61.533040	 34.389630	 18.475180	 19.981250	-6.583681	 19.282720	 24.060570	-5.772699	 19.262920	-76.813410	 16.020540	 8.925495	 28.842790	-3.720524	 9.459569	 30.707250	-0.529451	 10.384560	-62.899130	-36.715930	-2.656852	 27.816320	 15.609720	-0.539555	 0.135676	 16.990000	-0.375326	 3.456629	 0.000000	 90.000000	 0.000000	-176.342700	 3.950659	 179.447800	-160.591800	-0.255462	-23.516130
-0.069934	-0.111951	 0.018970	-163.834100	 6.718425	-94.725130	-8.329180	-4.626850	-3.153420	-8.267938	-12.819570	-2.954616	 0.603553	-2.740410	 106.827400	-0.813313	 0.122417	-8.559153	-6.894466	 16.987040	 57.272340	-116.474700	 18.235340	 8.835399	 34.477450	 15.459630	-30.700020	-11.701560	-4.668722	 49.477420	 2.465820	-1.147856	 53.808750	 2.739605	 0.675539	-52.364350	-0.299573	 1.317488	 40.327650	-0.236813	 3.159102	 22.691170	 2.718168	 4.900564	-61.952920	 37.021540	 19.574420	 19.298500	-6.682876	 19.245860	 18.436450	-5.712892	 19.252990	-73.865890	 17.723050	 9.940943	 30.040960	-3.774199	 9.432041	 23.965100	-0.507567	 10.276650	-65.430120	-51.617550	-12.041010	-7.588076	 16.022730	-0.540169	 0.139211	 14.789960	-0.368235	 3.437935	 0.196340	-1.011572	 89.692810	-92.921450	-0.794020	-105.594400	 179.343900	 2.289853	 110.218500	-0.813313	 0.122417	-8.559153	-0.945295	 20.669610	 60.516430	-33.708840	-13.365000	 3.473258	-0.900389	-15.935740	-18.993660	-10.563400	-3.570597	 52.228280	 2.464247	-1.149863	 56.693250	 2.453832	 1.015336	-43.787330	-0.138715	 1.446956	 41.657870	-0.215292	 3.169910	 30.788910	 2.705211	 4.931415	-61.480620	 34.328710	 18.448470	 20.012940	-6.583196	 19.282930	 24.088490	-5.771425	 19.262700	-76.750220	 16.000980	 8.913100	 28.862600	-3.720237	 9.459736	 30.744210	-0.529814	 10.386180	-62.860890	-36.715930	-2.656852	 27.816320	 15.609720	-0.539555	 0.135676	 16.990000	-0.375326	 3.456629	 0.000000	 90.000000	 0.000000	-176.294400	 4.076392	 179.325800	-160.477600	-0.216344	-23.261100
-0.070827	-0.111554	 0.018675	-163.925400	 6.621859	-94.790470	-8.424631	-4.619386	-3.212629	-8.370253	-12.818110	-3.008097	 0.605901	-2.751633	 106.806500	-0.813313	 0.122417	-8.559153	-6.835444	 16.960250	 57.200860	-116.630100	 18.222440	 8.776689	 34.583780	 15.459780	-30.571570	-11.701550	-4.668714	 49.474540	 2.465821	-1.147856	 53.807890	 2.739605	 0.675539	-52.364350	-0.301556	 1.315942	 40.325840	-0.236803	 3.159106	 22.694590	 2.717908	 4.901189	-61.943370	 37.009300	 19.569280	 19.308370	-6.682905	 19.245860	 18.434740	-5.712566	 19.252950	-73.849990	 17.714850	 9.935825	 30.047830	-3.774162	 9.432057	 23.969700	-0.507619	 10.276950	-65.423070	-51.617550	-12.041010	-7.588076	 16.022730	-0.540169	 0.139211	 14.789960	-0.368235	 3.437935	 0.195398	-0.884160	 89.691390	-92.830420	-0.970412	-104.880800	 179.334800	 2.325874	 110.216300	-0.813313	 0.122417	-8.559153	-0.641703	 21.193160	 60.529990	-33.734780	-13.506320	 3.473584	-0.936001	-16.058640	-19.261830	-10.562820	-3.569947	 52.233360	 2.464237	-1.149878	 56.712920	 2.453683	 1.015488	-43.783220	-0.147547	 1.439941	 41.670380	-0.215208	 3.169961	 30.821940	 2.703743	 4.934861	-61.427800	 34.269820	 18.422560	 20.044700	-6.582683	 19.283140	 24.118130	-5.770149	 19.262470	-76.686530	 15.984690	 8.902665	 28.882870	-3.719947	 9.459904	 30.781430	-0.530178	 10.387810	-62.822390	-36.715930	-2.656852	 27.816320	 15.609720	-0.539555	 0.135676	 16.990000	-0.375326	 3.456629	 0.000000	 90.000000	 0.000000	-176.236100	 4.201931	 179.179500	-160.360800	-0.185824	-23.022400
-0.071896	-0.111339	 0.018351	-164.044600	 6.513947	-94.875350	-8.542851	-4.612250	-3.290858	-8.499487	-12.822860	-3.085854	 0.608347	-2.763507	 106.780600	-0.813313	 0.122417	-8.559153	-6.763537	 16.931530	 57.116180	-116.835700	 18.206260	 8.705884	 34.703860	 15.461840	-30.423690	-11.701540	-4.668707	 49.471320	 2.465821	-1.147855	 53.806840	 2.739605	 0.675539	-52.364350	-0.304029	 1.314012	 40.323740	-0.236794	 3.159111	 22.698170	 2.717575	 4.901990	-61.931130	 36.993600	 19.562680	 19.321250	-6.682942	 19.245840	 18.432730	-5.712170	 19.252900	-73.830230	 17.704770	 9.929542	 30.056310	-3.774120	 9.432077	 23.974750	-0.507681	 10.277300	-65.414900	-51.617550	-12.041010	-7.588076	 16.022730	-0.540169	 0.139211	 14.789960	-0.368235	 3.437935	 0.194502	-0.709987	 89.689640	-92.705670	-1.205043	-104.072300	 179.321800	 2.376883	 110.213600	-0.813313	 0.122417	-8.559153	-0.280458	 21.774850	 60.489070	-33.770450	-13.684310	 3.471483	-0.994927	-16.211330	-19.476240	-10.562210	-3.569250	 52.238720	 2.464225	-1.149896	 56.736950	 2.453526	 1.015648	-43.778890	-0.157648	 1.431918	 41.685630	-0.215111	 3.170018	 30.859720	 2.702060	 4.938802	-61.367350	 34.207610	 18.395040	 20.080360	-6.582057	 19.283410	 24.154330	-5.768680	 19.262210	-76.613660	 15.965140	 8.890121	 28.907540	-3.719616	 9.460096	 30.824080	-0.530595	 10.389670	-62.778350	-36.715930	-2.656852	 27.816320	 15.609720	-0.539555	 0.135676	 16.990000	-0.375326	 3.456629	 0.000000	 90.000000	 0.000000	-176.158100	 4.345061	 178.975300	-160.215600	-0.174711	-22.848920
-0.072905	-0.111394	 0.018093	-164.160000	 6.439342	-94.967860	-8.656940	-4.607735	-3.365464	-8.626630	-12.833640	-3.170074	 0.610327	-2.773290	 106.755600	-0.813313	 0.122417	-8.559153	-6.694022	 16.907470	 57.036400	-117.046700	 18.190590	 8.638378	 34.823460	 15.461520	-30.293670	-11.701540	-4.668699	 49.468390	 2.465822	-1.147854	 53.805860	 2.739605	 0.675539	-52.364350	-0.306452	 1.312122	 40.321830	-0.236786	 3.159114	 22.701090	 2.717240	 4.902794	-61.918830	 36.977790	 19.556020	 19.334380	-6.682978	 19.245830	 18.430840	-5.711776	 19.252850	-73.810810	 17.695170	 9.923544	 30.064590	-3.774084	 9.432093	 23.979130	-0.507738	 10.277620	-65.407370	-51.617550	-12.041010	-7.588076	 16.022730	-0.540169	 0.139211	 14.789960	-0.368235	 3.437935	 0.193846	-0.529707	 89.688030	-92.575390	-1.442522	-103.357500	 179.308200	 2.430260	 110.211200	-0.813313	 0.122417	-8.559153	 0.067930	 22.275120	 60.375550	-33.546560	-13.892440	 3.448076	-1.061419	-16.400030	-19.487670	-10.561700	-3.568677	 52.243150	 2.464214	-1.149913	 56.760120	 2.453397	 1.015781	-43.775310	-0.166692	 1.424733	 41.700360	-0.215025	 3.170070	 30.893580	 2.700547	 4.942336	-61.313140	 34.158890	 18.373320	 20.111130	-6.581449	 19.283660	 24.189270	-5.767366	 19.261980	-76.548350	 15.942100	 8.875454	 28.932050	-3.719318	 9.460269	 30.862320	-0.530971	 10.391350	-62.738890	-36.715930	-2.656852	 27.816320	 15.609720	-0.539555	 0.135676	 16.990000	-0.375326	 3.456629	 0.000000	 90.000000	 0.000000	-176.079600	 4.474652	 178.769900	-160.073700	-0.184579	-22.775610
-0.073858	-0.111638	 0.017917	-164.268700	 6.401437	-95.071050	-8.767851	-4.605916	-3.432884	-8.752523	-12.849850	-3.259002	 0.611947	-2.781463	 106.731200	-0.813313	 0.122417	-8.559153	-6.625421	 16.886970	 56.959370	-117.262300	 18.168840	 8.572602	 34.952770	 15.450490	-30.176170	-11.701530	-4.668691	 49.465690	 2.465822	-1.147854	 53.804840	 2.739605	 0.675539	-52.364350	-0.308875	 1.310233	 40.320030	-0.236779	 3.159117	 22.703510	 2.716900	 4.903614	-61.906330	 36.961710	 19.549240	 19.347860	-6.683010	 19.245820	 18.429030	-5.711380	 19.252800	-73.791370	 17.685940	 9.917782	 30.072830	-3.774052	 9.432106	 23.983030	-0.507792	 10.277920	-65.400240	-51.617550	-12.041010	-7.588076	 16.022730	-0.540169	 0.139211	 14.789960	-0.368235	 3.437935	 0.193325	-0.345810	 89.686480	-92.441610	-1.678056	-102.773200	 179.294500	 2.484525	 110.208800	-0.813313	 0.122417	-8.559153	 0.404471	 22.716420	 60.232950	-33.153820	-14.153300	 3.409365	-1.131061	-16.643070	-19.312380	-10.561260	-3.568181	 52.246910	 2.464202	-1.149930	 56.782960	 2.453286	 1.015894	-43.772260	-0.174914	 1.418200	 41.714810	-0.214946	 3.170117	 30.924360	 2.699169	 4.945547	-61.263850	 34.098480	 18.346520	 20.145350	-6.580854	 19.283910	 24.223680	-5.766174	 19.261770	-76.488980	 15.898720	 8.848371	 28.959600	-3.719049	 9.460428	 30.897110	-0.531314	 10.392860	-62.703060	-36.715930	-2.656852	 27.816320	 15.609720	-0.539555	 0.135676	 16.990000	-0.375326	 3.456629	 0.000000	 90.000000	 0.000000	-175.998200	 4.552086	 178.565300	-159.937600	-0.201548	-22.730630
-0.074978	-0.112165	 0.017778	-164.393100	 6.386684	-95.205650	-8.904231	-4.606271	-3.517881	-8.909310	-12.877640	-3.375741	 0.613552	-2.789809	 106.701100	-0.813313	 0.122417	-8.559153	-6.539216	 16.865490	 56.864680	-117.539100	 18.127080	 8.491142	 35.124740	 15.418070	-30.039050	-11.701530	-4.668682	 49.462480	 2.465822	-1.147853	 53.803590	 2.739605	 0.675539	-52.364350	-0.311991	 1.307803	 40.317840	-0.236772	 3.159119	 22.705980	 2.716461	 4.904667	-61.890240	 36.941080	 19.540540	 19.365290	-6.683050	 19.245810	 18.426790	-5.710878	 19.252740	-73.766590	 17.674920	 9.910890	 30.083190	-3.774015	 9.432121	 23.987420	-0.507857	 10.278290	-65.391650	-51.617550	-12.041010	-7.588076	 16.022730	-0.540169	 0.139211	 14.789960	-0.368235	 3.437935	 0.192818	-0.112520	 89.684580	-92.271600	-1.968540	-102.227000	 179.277200	 2.552274	 110.205900	-0.813313	 0.122417	-8.559153	 0.802154	 23.207010	 60.058600	-32.638690	-14.534750	 3.355395	-1.302318	-16.990850	-18.950510	-10.560810	-3.567669	 52.250890	 2.464188	-1.149951	 56.811510	 2.453170	 1.016013	-43.769040	-0.184201	 1.410821	 41.732870	-0.214857	 3.170170	 30.959230	 2.697602	 4.949186	-61.207980	 33.986640	 18.297250	 20.199580	-6.580108	 19.284230	 24.266700	-5.764820	 19.261530	-76.421740	 15.841410	 8.812589	 28.994530	-3.718743	 9.460607	 30.936560	-0.531702	 10.394580	-62.662520	-36.715930	-2.656852	 27.816320	 15.609720	-0.539555	 0.135676	 16.990000	-0.375326	 3.456629	 0.000000	 90.000000	 0.000000	-175.895800	 4.604278	 178.312900	-159.770800	-0.232934	-22.719750
-0.075917	-0.112770	 0.017700	-164.466500	 6.388718	-95.326280	-9.025455	-4.617924	-3.605625	-9.050262	-12.937890	-3.484341	 0.614621	-2.795631	 106.674800	-0.813313	 0.122417	-8.559153	-6.461121	 16.849880	 56.780680	-117.793300	 18.079730	 8.418692	 35.286430	 15.375280	-29.926540	-11.701520	-4.668674	 49.459760	 2.465823	-1.147852	 53.802480	 2.739605	 0.675539	-52.364350	-0.314820	 1.305597	 40.315940	-0.236767	 3.159122	 22.707720	 2.716054	 4.905642	-61.875340	 36.922090	 19.532520	 19.381440	-6.683086	 19.245800	 18.424800	-5.710418	 19.252680	-73.743820	 17.665620	 9.905067	 30.092540	-3.773987	 9.432136	 23.990940	-0.507915	 10.278610	-65.384120	-51.617550	-12.041010	-7.588076	 16.022730	-0.540169	 0.139211	 14.789960	-0.368235	 3.437935	 0.192461	 0.096335	 89.682950	-92.119190	-2.224736	-101.843500	 179.262300	 2.611271	 110.203200	-0.813313	 0.122417	-8.559153	 1.120583	 23.590040	 59.945060	-32.036890	-14.904780	 3.295328	-1.507097	-17.327290	-18.552150	-10.560470	-3.567283	 52.253830	 2.464175	-1.149971	 56.837220	 2.453084	 1.016101	-43.766670	-0.192902	 1.403902	 41.749150	-0.214776	 3.170219	 30.991010	 2.696171	 4.952506	-61.157000	 33.867910	 18.244950	 20.253990	-6.579439	 19.284510	 24.305430	-5.763553	 19.261310	-76.358850	 15.781290	 8.775118	 29.027340	-3.718463	 9.460771	 30.972560	-0.532057	 10.396140	-62.625610	-36.715930	-2.656852	 27.816320	 15.609720	-0.539555	 0.135676	 16.990000	-0.375326	 3.456629	 0.000000	 90.000000	 0.000000	-175.807500	 4.639253	 178.094300	-159.624900	-0.267019	-22.737360
-0.076753	-0.113486	 0.017658	-164.495600	 6.395321	-95.445280	-9.144858	-4.647107	-3.700971	-9.190581	-13.035760	-3.594796	 0.613617	-2.792273	 106.646400	-0.813313	 0.122417	-8.559153	-6.365653	 16.845700	 56.691880	-118.046900	 18.030650	 8.338832	 35.454890	 15.328380	-29.803870	-11.701510	-4.668668	 49.457180	 2.465824	-1.147851	 53.801330	 2.739605	 0.675539	-52.364350	-0.317717	 1.303339	 40.314090	-0.236764	 3.159123	 22.709040	 2.715638	 4.906640	-61.860100	 36.902750	 19.524350	 19.397970	-6.683122	 19.245790	 18.422790	-5.709948	 19.252610	-73.720600	 17.656970	 9.899642	 30.101960	-3.773961	 9.432148	 23.994120	-0.507971	 10.278920	-65.376790	-51.617550	-12.041010	-7.588076	 16.022730	-0.540169	 0.139211	 14.789960	-0.368235	 3.437935	 0.192146	 0.300820	 89.681360	-91.969380	-2.474677	-101.510400	 179.248100	 2.666888	 110.200500	-0.813313	 0.122417	-8.559153	 1.384778	 23.924300	 59.922670	-31.405070	-15.286090	 3.232047	-1.725672	-17.672880	-18.129630	-10.560190	-3.566972	 52.256280	 2.464162	-1.149990	 56.862910	 2.453012	 1.016174	-43.764690	-0.202839	 1.395990	 41.765450	-0.214686	 3.170274	 31.026310	 2.694575	 4.956195	-61.100300	 33.744770	 18.190590	 20.309680	-6.578770	 19.284800	 24.344160	-5.762109	 19.261070	-76.287120	 15.696120	 8.722260	 29.064190	-3.718153	 9.460954	 31.012630	-0.532453	 10.397870	-62.584570	-36.715930	-2.656852	 27.816320	 15.609720	-0.539555	 0.135676	 16.990000	-0.375326	 3.456629	 0.000000	 90.000000	 0.000000	-175.720100	 4.641163	 177.849600	-159.483700	-0.303596	-22.768830
-0.077632	-0.114478	 0.017643	-164.496200	 6.402370	-95.580740	-9.287062	-4.702226	-3.824156	-9.357665	-13.166750	-3.729791	 0.608340	-2.770227	 106.605900	-0.813313	 0.122417	-8.559153	-6.208665	 16.863610	 56.570740	-118.350600	 17.976380	 8.223070	 35.670180	 15.275260	-29.618770	-11.701510	-4.668660	 49.454140	 2.465825	-1.147851	 53.799880	 2.739605	 0.675539	-52.364350	-0.321341	 1.300514	 40.311870	-0.236761	 3.159124	 22.710080	 2.715117	 4.907887	-61.841020	 36.878720	 19.514170	 19.418620	-6.683165	 19.245770	 18.420370	-5.709356	 19.252540	-73.691610	 17.647460	 9.893666	 30.113510	-3.773933	 9.432160	 23.997540	-0.508036	 10.279300	-65.368010	-51.617550	-12.041010	-7.588076	 16.022730	-0.540169	 0.139211	 14.789960	-0.368235	 3.437935	 0.191802	 0.541038	 89.679530	-91.791710	-2.769626	-101.112100	 179.232500	 2.728545	 110.197200	-0.813313	 0.122417	-8.559153	 1.635660	 24.273820	 60.012840	-30.709050	-15.751100	 3.159148	-2.080592	-18.082510	-17.664590	-10.559920	-3.566664	 52.258580	 2.464146	-1.150013	 56.894350	 2.452944	 1.016243	-43.762810	-0.216166	 1.385368	 41.785450	-0.214566	 3.170346	 31.073480	 2.692432	 4.961132	-61.024410	 33.602930	 18.127720	 20.374880	-6.577949	 19.285140	 24.391560	-5.760166	 19.260730	-76.190720	 15.598350	 8.661425	 29.108150	-3.717737	 9.461199	 31.066260	-0.532983	 10.400200	-62.529640	-36.715930	-2.656852	 27.816320	 15.609720	-0.539555	 0.135676	 16.990000	-0.375326	 3.456629	 0.000000	 90.000000	 0.000000	-175.615100	 4.622358	 177.484100	-159.318500	-0.348200	-22.812360
-0.078267	-0.115435	 0.017655	-164.438400	 6.412009	-95.697720	-9.408833	-4.765908	-3.936808	-9.503633	-13.330940	-3.848950	 0.601279	-2.740088	 106.565700	-0.813313	 0.122417	-8.559153	-6.034831	 16.893840	 56.428170	-118.615500	 17.934460	 8.107322	 35.867400	 15.232490	-29.431020	-11.701500	-4.668653	 49.451560	 2.465826	-1.147849	 53.798580	 2.739605	 0.675539	-52.364350	-0.324610	 1.297966	 40.309910	-0.236760	 3.159125	 22.710530	 2.714643	 4.909023	-61.823680	 36.857030	 19.504980	 19.437320	-6.683205	 19.245760	 18.418200	-5.708824	 19.252480	-73.665180	 17.640100	 9.889024	 30.123810	-3.773911	 9.432170	 24.000190	-0.508094	 10.279630	-65.360340	-51.617550	-12.041010	-7.588076	 16.022730	-0.540169	 0.139211	 14.789960	-0.368235	 3.437935	 0.191496	 0.742129	 89.677970	-91.640150	-3.019629	-100.718500	 179.220500	 2.775917	 110.194000	-0.813313	 0.122417	-8.559153	 1.804567	 24.525500	 60.148860	-30.069650	-16.144350	 3.093250	-2.448886	-18.421230	-17.341930	-10.559760	-3.566478	 52.260080	 2.464133	-1.150035	 56.922340	 2.452901	 1.016288	-43.761620	-0.228773	 1.375312	 41.803250	-0.214451	 3.170415	 31.118600	 2.690376	 4.965853	-60.951780	 33.494740	 18.079480	 20.427100	-6.577219	 19.285450	 24.433720	-5.758327	 19.260430	-76.099600	 15.531450	 8.619532	 29.143860	-3.717340	 9.461432	 31.117570	-0.533493	 10.402420	-62.477150	-36.715930	-2.656852	 27.816320	 15.609720	-0.539555	 0.135676	 16.990000	-0.375326	 3.456629	 0.000000	 90.000000	 0.000000	-175.523200	 4.508667	 177.120300	-159.179400	-0.384777	-22.844710
-0.078702	-0.116435	 0.017697	-164.313900	 6.432260	-95.813090	-9.522196	-4.838628	-4.046934	-9.643991	-13.553790	-3.963328	 0.593329	-2.705918	 106.523500	-0.813313	 0.122417	-8.559153	-5.837651	 16.931060	 56.243990	-118.869200	 17.900150	 7.986019	 36.062370	 15.195410	-29.234670	-11.701500	-4.668647	 49.449140	 2.465826	-1.147848	 53.797290	 2.739605	 0.675539	-52.364350	-0.327862	 1.295431	 40.308030	-0.236760	 3.159125	 22.710520	 2.714173	 4.910147	-61.806500	 36.835700	 19.495930	 19.455770	-6.683241	 19.245740	 18.416070	-5.708289	 19.252410	-73.638880	 17.632610	 9.884300	 30.134110	-3.773893	 9.432177	 24.002430	-0.508150	 10.279940	-65.352960	-51.617550	-12.041010	-7.588076	 16.022730	-0.540169	 0.139211	 14.789960	-0.368235	 3.437935	 0.191179	 0.923701	 89.676540	-91.501890	-3.246704	-100.366000	 179.210900	 2.814076	 110.190900	-0.813313	 0.122417	-8.559153	 1.930229	 24.712550	 60.289560	-29.426040	-16.495260	 3.028565	-2.832381	-18.715630	-17.144820	-10.559640	-3.566353	 52.261030	 2.464119	-1.150054	 56.949590	 2.452873	 1.016316	-43.760860	-0.241427	 1.365210	 41.820570	-0.214333	 3.170486	 31.164920	 2.688257	 4.970700	-60.877170	 33.404990	 18.039220	 20.472970	-6.576512	 19.285760	 24.474780	-5.756485	 19.260120	-76.008070	 15.476020	 8.584645	 29.176990	-3.716931	 9.461674	 31.170280	-0.534019	 10.404700	-62.423200	-36.715930	-2.656852	 27.816320	 15.609720	-0.539555	 0.135676	 16.990000	-0.375326	 3.456629	 0.000000	 90.000000	 0.000000	-175.454200	 4.349618	 176.749700	-159.051900	-0.415204	-22.861430
-0.078952	-0.117678	 0.017759	-164.090300	 6.471716	-95.949260	-9.653274	-4.939744	-4.180110	-9.808917	-13.850090	-4.099035	 0.582186	-2.657690	 106.468100	-0.813313	 0.122417	-8.559153	-5.566259	 16.985110	 55.971580	-119.175800	 17.867770	 7.828593	 36.303590	 15.156610	-28.983540	-11.701490	-4.668639	 49.446260	 2.465827	-1.147847	 53.795640	 2.739605	 0.675539	-52.364350	-0.331961	 1.292236	 40.305750	-0.236761	 3.159125	 22.709890	 2.713581	 4.911558	-61.784920	 36.809180	 19.484670	 19.478780	-6.683289	 19.245730	 18.413420	-5.707619	 19.252330	-73.605710	 17.621330	 9.877198	 30.147490	-3.773873	 9.432185	 24.004720	-0.508219	 10.280330	-65.343990	-51.617550	-12.041010	-7.588076	 16.022730	-0.540169	 0.139211	 14.789960	-0.368235	 3.437935	 0.190735	 1.124115	 89.674920	-91.349990	-3.498231	-100.064400	 179.201800	 2.850210	 110.186800	-0.813313	 0.122417	-8.559153	 2.024250	 24.873140	 60.505050	-28.337630	-16.925100	 2.934304	-3.313213	-19.086840	-16.896080	-10.559590	-3.566291	 52.261570	 2.464103	-1.150080	 56.983120	 2.452857	 1.016332	-43.760420	-0.257182	 1.352623	 41.841910	-0.214181	 3.170578	 31.224700	 2.685513	 4.976952	-60.780860	 33.311290	 17.996910	 20.524110	-6.575638	 19.286130	 24.525310	-5.754189	 19.259740	-75.894190	 15.418210	 8.548049	 29.216010	-3.716405	 9.461984	 31.238350	-0.534701	 10.407640	-62.353580	-36.715930	-2.656852	 27.816320	 15.609720	-0.539555	 0.135676	 16.990000	-0.375326	 3.456629	 0.000000	 90.000000	 0.000000	-175.411700	 4.103082	 176.293400	-158.905500	-0.445019	-22.864700
-0.078936	-0.118740	 0.017801	-163.860800	 6.521873	-96.053090	-9.759202	-5.036592	-4.292137	-9.941031	-14.076660	-4.210786	 0.570690	-2.607505	 106.417200	-0.813313	 0.122417	-8.559153	-5.309815	 17.038130	 55.704240	-119.439600	 17.849250	 7.686089	 36.513900	 15.129270	-28.762270	-11.701480	-4.668633	 49.443840	 2.465828	-1.147846	 53.794160	 2.739605	 0.675539	-52.364350	-0.335636	 1.289372	 40.303770	-0.236764	 3.159123	 22.708820	 2.713053	 4.912817	-61.765650	 36.785790	 19.474720	 19.499160	-6.683331	 19.245720	 18.411060	-5.707012	 19.252250	-73.575900	 17.609900	 9.870017	 30.159800	-3.773861	 9.432193	 24.006320	-0.508277	 10.280660	-65.336240	-51.617550	-12.041010	-7.588076	 16.022730	-0.540169	 0.139211	 14.789960	-0.368235	 3.437935	 0.190175	 1.258326	 89.673700	-91.249980	-3.687988	-99.872010	 179.196300	 2.872482	 110.183100	-0.813313	 0.122417	-8.559153	 2.037416	 24.962620	 60.786460	-27.169030	-17.353430	 2.844630	-3.722566	-19.480890	-16.539020	-10.559590	-3.566293	 52.261440	 2.464088	-1.150102	 57.012500	 2.452861	 1.016328	-43.760530	-0.270829	 1.341713	 41.860590	-0.214043	 3.170663	 31.279180	 2.683002	 4.982649	-60.693070	 33.240980	 17.964930	 20.565150	-6.574873	 19.286450	 24.569560	-5.752198	 19.259410	-75.795300	 15.374850	 8.520428	 29.248950	-3.715925	 9.462271	 31.300390	-0.535326	 10.410320	-62.290120	-36.715930	-2.656852	 27.816320	 15.609720	-0.539555	 0.135676	 16.990000	-0.375326	 3.456629	 0.000000	 90.000000	 0.000000	-175.405300	 3.832885	 175.912200	-158.789800	-0.476534	-22.858940
-0.078742	-0.119785	 0.017854	-163.606100	 6.581731	-96.142620	-9.854306	-5.137834	-4.396201	-10.060260	-14.292410	-4.313582	 0.558210	-2.552670	 106.365400	-0.813313	 0.122417	-8.559153	-5.045904	 17.094330	 55.425020	-119.695700	 17.840860	 7.543649	 36.718510	 15.108840	-28.549280	-11.701480	-4.668627	 49.441530	 2.465828	-1.147845	 53.792630	 2.739605	 0.675539	-52.364350	-0.339345	 1.286482	 40.301800	-0.236769	 3.159121	 22.707260	 2.712523	 4.914082	-61.746310	 36.762570	 19.464840	 19.519420	-6.683373	 19.245710	 18.408710	-5.706399	 19.252180	-73.545730	 17.597480	 9.862213	 30.172460	-3.773851	 9.432195	 24.007530	-0.508337	 10.280990	-65.328590	-51.617550	-12.041010	-7.588076	 16.022730	-0.540169	 0.139211	 14.789960	-0.368235	 3.437935	 0.189413	 1.349368	 89.672690	-91.184530	-3.844771	-99.706220	 179.193000	 2.886153	 110.179300	-0.813313	 0.122417	-8.559153	 1.905800	 24.884290	 61.184700	-25.768470	-17.813700	 2.747030	-4.174143	-19.917150	-16.166030	-10.559670	-3.566386	 52.260790	 2.464074	-1.150123	 57.041440	 2.452881	 1.016309	-43.761060	-0.283955	 1.331213	 41.878990	-0.213902	 3.170748	 31.334550	 2.680440	 4.988437	-60.603810	 33.179410	 17.936750	 20.603160	-6.574121	 19.286780	 24.613210	-5.750284	 19.259100	-75.700450	 15.336950	 8.496145	 29.280620	-3.715438	 9.462561	 31.363490	-0.535963	 10.413050	-62.225630	-36.715930	-2.656852	 27.816320	 15.609720	-0.539555	 0.135676	 16.990000	-0.375326	 3.456629	 0.000000	 90.000000	 0.000000	-175.420200	 3.561435	 175.538500	-158.691700	-0.522988	-22.840950
-0.078246	-0.121066	 0.017934	-163.182800	 6.649632	-96.249300	-9.951768	-5.260942	-4.506742	-10.188440	-14.594600	-4.423753	 0.542731	-2.484267	 106.303500	-0.813313	 0.122417	-8.559153	-4.731480	 17.163520	 55.092580	-119.989100	 17.844600	 7.377875	 36.951240	 15.093700	-28.315040	-11.701470	-4.668621	 49.438920	 2.465829	-1.147844	 53.790810	 2.739605	 0.675539	-52.364350	-0.343774	 1.283031	 40.299500	-0.236775	 3.159118	 22.704770	 2.711892	 4.915583	-61.723340	 36.735320	 19.453220	 19.543250	-6.683425	 19.245690	 18.405890	-5.705667	 19.252080	-73.509520	 17.581850	 9.852396	 30.187820	-3.773844	 9.432199	 24.008440	-0.508405	 10.281370	-65.319700	-51.617550	-12.041010	-7.588076	 16.022730	-0.540169	 0.139211	 14.789960	-0.368235	 3.437935	 0.188428	 1.427515	 89.671680	-91.129650	-3.991154	-99.491920	 179.191700	 2.891847	 110.174600	-0.813313	 0.122417	-8.559153	 1.599607	 24.611180	 61.765850	-23.799690	-18.388190	 2.620405	-4.816862	-20.467720	-15.829430	-10.559840	-3.566569	 52.259380	 2.464057	-1.150149	 57.075240	 2.452922	 1.016266	-43.762230	-0.298459	 1.319604	 41.900460	-0.213734	 3.170851	 31.400880	 2.677361	 4.995362	-60.496890	 33.114100	 17.906690	 20.645400	-6.573240	 19.287150	 24.664140	-5.748164	 19.258760	-75.595390	 15.296730	 8.470242	 29.316860	-3.714854	 9.462909	 31.439040	-0.536735	 10.416310	-62.148350	-36.715930	-2.656852	 27.816320	 15.609720	-0.539555	 0.135676	 16.990000	-0.375326	 3.456629	 0.000000	 90.000000	 0.000000	-175.451800	 3.166576	 175.075300	-158.598800	-0.597493	-22.798820
-0.077694	-0.122231	 0.018003	-162.704500	 6.702374	-96.347750	-10.022710	-5.370121	-4.590463	-10.287590	-14.891330	-4.508848	 0.528956	-2.423073	 106.249200	-0.813313	 0.122417	-8.559153	-4.459828	 17.225680	 54.809830	-120.238300	 17.860610	 7.237040	 37.145410	 15.088650	-28.131570	-11.701470	-4.668613	 49.436700	 2.465830	-1.147842	 53.789150	 2.739605	 0.675539	-52.364350	-0.347695	 1.279977	 40.297500	-0.236783	 3.159115	 22.702020	 2.711335	 4.916907	-61.703090	 36.711680	 19.443140	 19.564000	-6.683469	 19.245680	 18.403400	-5.705013	 19.252000	-73.477200	 17.567580	 9.843432	 30.201650	-3.773841	 9.432200	 24.008820	-0.508462	 10.281690	-65.312030	-51.617550	-12.041010	-7.588076	 16.022730	-0.540169	 0.139211	 14.789960	-0.368235	 3.437935	 0.187581	 1.490599	 89.670850	-91.085140	-4.064565	-99.353570	 179.193000	 2.887691	 110.170400	-0.813313	 0.122417	-8.559153	 1.094107	 24.047690	 62.421190	-21.356520	-18.903940	 2.471283	-5.433318	-20.986570	-15.434330	-10.560040	-3.566803	 52.257570	 2.464043	-1.150171	 57.104480	 2.452976	 1.016211	-43.763690	-0.310056	 1.310316	 41.918960	-0.213585	 3.170942	 31.459470	 2.674628	 5.001479	-60.402420	 33.060520	 17.881930	 20.680980	-6.572479	 19.287480	 24.708220	-5.746465	 19.258490	-75.511320	 15.263710	 8.448904	 29.347880	-3.714339	 9.463216	 31.505820	-0.537417	 10.419200	-62.080070	-36.715930	-2.656852	 27.816320	 15.609720	-0.539555	 0.135676	 16.990000	-0.375326	 3.456629	 0.000000	 90.000000	 0.000000	-175.486000	 2.799152	 174.653600	-158.461800	-0.713298	-22.725680
-0.076959	-0.123413	 0.018072	-162.021200	 6.735507	-96.463830	-10.078690	-5.477522	-4.661551	-10.372180	-15.205810	-4.582895	 0.515495	-2.363007	 106.196000	-0.813313	 0.122417	-8.559153	-4.199897	 17.288100	 54.547340	-120.477700	 17.888720	 7.103595	 37.325450	 15.091820	-27.975190	-11.701460	-4.668609	 49.434600	 2.465832	-1.147841	 53.787490	 2.739605	 0.675539	-52.364350	-0.351641	 1.276902	 40.295540	-0.236792	 3.159111	 22.698760	 2.710781	 4.918223	-61.682940	 36.688480	 19.433230	 19.584370	-6.683513	 19.245660	 18.400900	-5.704353	 19.251930	-73.444690	 17.553200	 9.834386	 30.215620	-3.773841	 9.432202	 24.008790	-0.508520	 10.282020	-65.304480	-51.617550	-12.041010	-7.588076	 16.022730	-0.540169	 0.139211	 14.789960	-0.368235	 3.437935	 0.186479	 1.499309	 89.670260	-91.087870	-4.069880	-99.304970	 179.196100	 2.876028	 110.166000	-0.813313	 0.122417	-8.559153	 0.446384	 23.270950	 63.144600	-18.465530	-19.424200	 2.298805	-6.053400	-21.529960	-14.958980	-10.560320	-3.567111	 52.255230	 2.464029	-1.150192	 57.133060	 2.453045	 1.016140	-43.765620	-0.320296	 1.302109	 41.937050	-0.213437	 3.171032	 31.517660	 2.671904	 5.007546	-60.308600	 33.008340	 17.857760	 20.715680	-6.571737	 19.287810	 24.751310	-5.744966	 19.258260	-75.437030	 15.231530	 8.428072	 29.378160	-3.713828	 9.463524	 31.572140	-0.538099	 10.422060	-62.012260	-36.715930	-2.656852	 27.816320	 15.609720	-0.539555	 0.135676	 16.990000	-0.375326	 3.456629	 0.000000	 90.000000	 0.000000	-175.519700	 2.406366	 174.224700	-158.279900	-0.896626	-22.559550
-0.076002	-0.124819	 0.018211	-161.043000	 6.757318	-96.617100	-10.126930	-5.606470	-4.736717	-10.456570	-15.611380	-4.663255	 0.499642	-2.291960	 106.131400	-0.813313	 0.122417	-8.559153	-3.898809	 17.365500	 54.260200	-120.762900	 17.941220	 6.949622	 37.529270	 15.107140	-27.824600	-11.701460	-4.668602	 49.432110	 2.465832	-1.147840	 53.785360	 2.739605	 0.675539	-52.364350	-0.356596	 1.273043	 40.293110	-0.236805	 3.159106	 22.693980	 2.710092	 4.919859	-61.657910	 36.660180	 19.421120	 19.609300	-6.683571	 19.245640	 18.397770	-5.703522	 19.251830	-73.403680	 17.535330	 9.823146	 30.233250	-3.773846	 9.432197	 24.008170	-0.508591	 10.282410	-65.295230	-51.617550	-12.041010	-7.588076	 16.022730	-0.540169	 0.139211	 14.789960	-0.368235	 3.437935	 0.184589	 1.409320	 89.669960	-91.178690	-4.004155	-99.282100	 179.202400	 2.853056	 110.156000	-0.813313	 0.122417	-8.559153	-1.129053	 21.466760	 64.194770	-13.028850	-20.362750	 2.052703	-7.144459	-22.798070	-13.910040	-10.560740	-3.567591	 52.251600	 2.464012	-1.150218	 57.167920	 2.453152	 1.016032	-43.768550	-0.330943	 1.293573	 41.959000	-0.213255	 3.171144	 31.589440	 2.668533	 5.015026	-60.192910	 32.941660	 17.826910	 20.758800	-6.570831	 19.288190	 24.803800	-5.743402	 19.258010	-75.359690	 15.189200	 8.400742	 29.415460	-3.713198	 9.463902	 31.653930	-0.538945	 10.425590	-61.928630	-36.715930	-2.656852	 27.816320	 15.609720	-0.539555	 0.135676	 16.990000	-0.375326	 3.456629	 0.000000	 90.000000	 0.000000	-175.553200	 1.858524	 173.682700	-158.002600	-1.199915	-22.228840
-0.075287	-0.126001	 0.018345	-160.198300	 6.747179	-96.740070	-10.147780	-5.705411	-4.788540	-10.506860	-15.943800	-4.720353	 0.492205	-2.258859	 106.081200	-0.813313	 0.122417	-8.559153	-3.723645	 17.371730	 54.103520	-120.944000	 18.002770	 6.838405	 37.679630	 15.128110	-27.744500	-11.701450	-4.668597	 49.430180	 2.465834	-1.147839	 53.783580	 2.739605	 0.675539	-52.364350	-0.360661	 1.269877	 40.291170	-0.236817	 3.159100	 22.689490	 2.709533	 4.921186	-61.637600	 36.637650	 19.411480	 19.629190	-6.683618	 19.245630	 18.395190	-5.702837	 19.251740	-73.369900	 17.521090	 9.814170	 30.247770	-3.773853	 9.432194	 24.007220	-0.508649	 10.282730	-65.287830	-51.617550	-12.041010	-7.588076	 16.022730	-0.540169	 0.139211	 14.789960	-0.368235	 3.437935	 0.183017	 1.318192	 89.669850	-91.269030	-3.924182	-99.223840	 179.209200	 2.828954	 110.141300	-0.813313	 0.122417	-8.559153	-3.598985	 19.451160	 65.288700	-7.216994	-21.189140	 1.849388	-8.371187	-24.713440	-12.794400	-10.561150	-3.568056	 52.248070	 2.463998	-1.150239	 57.195610	 2.453256	 1.015925	-43.771430	-0.341062	 1.285453	 41.976510	-0.213110	 3.171234	 31.646980	 2.665819	 5.021014	-60.100170	 32.868520	 17.793390	 20.799260	-6.570113	 19.288510	 24.845540	-5.741920	 19.257780	-75.286220	 15.055810	 8.317272	 29.460840	-3.712693	 9.464208	 31.719490	-0.539626	 10.428420	-61.861590	-36.715930	-2.656852	 27.816320	 15.609720	-0.539555	 0.135676	 16.990000	-0.375326	 3.456629	 0.000000	 90.000000	 0.000000	-175.567100	 1.394989	 173.238400	-157.696700	-1.473094	-21.943670
-0.074296	-0.127243	 0.018344	-159.019500	 6.686020	-96.891680	-10.141020	-5.800858	-4.834865	-10.531320	-16.283080	-4.772937	 0.491704	-2.257467	 106.031600	-0.813313	 0.122417	-8.559153	-3.629893	 17.300490	 54.026010	-121.061700	 18.085540	 6.739246	 37.821660	 15.156300	-27.706780	-11.701450	-4.668591	 49.428250	 2.465834	-1.147837	 53.781700	 2.739605	 0.675539	-52.364350	-0.364895	 1.266579	 40.289150	-0.236832	 3.159095	 22.684270	 2.708954	 4.922556	-61.616630	 36.614810	 19.401690	 19.649380	-6.683667	 19.245610	 18.392470	-5.702115	 19.251660	-73.334420	 17.506800	 9.805153	 30.262940	-3.773865	 9.432189	 24.005770	-0.508705	 10.283050	-65.280250	-51.617550	-12.041010	-7.588076	 16.022730	-0.540169	 0.139211	 14.789960	-0.368235	 3.437935	 0.180809	 1.115489	 89.670190	-91.467130	-3.815902	-98.997020	 179.217500	 2.800105	 110.121000	-0.813313	 0.122417	-8.559153	-5.786768	 18.906100	 66.255800	-4.536061	-22.106230	 1.820538	-8.171740	-27.230260	-12.188500	-10.561630	-3.568598	 52.243860	 2.463984	-1.150260	 57.223710	 2.453381	 1.015798	-43.774860	-0.355137	 1.274150	 41.994340	-0.212961	 3.171325	 31.705560	 2.663045	 5.027106	-60.005750	 32.765530	 17.746540	 20.849050	-6.569382	 19.288820	 24.887890	-5.739860	 19.257470	-75.184310	 14.945260	 8.247790	 29.502750	-3.712180	 9.464519	 31.786230	-0.540325	 10.431290	-61.793330	-36.715930	-2.656852	 27.816320	 15.609720	-0.539555	 0.135676	 16.990000	-0.375326	 3.456629	 0.000000	 90.000000	 0.000000	-175.569900	 0.926520	 172.777400	-157.365000	-1.774291	-21.615210
-0.073403	-0.128170	 0.018275	-157.892600	 6.620451	-97.035020	-10.088140	-5.902983	-4.881927	-10.513250	-16.627470	-4.827001	 0.497241	-2.283967	 105.976400	-0.813313	 0.122417	-8.559153	-3.597334	 17.158970	 54.006390	-121.133600	 18.204070	 6.643317	 37.969860	 15.186560	-27.757700	-11.701440	-4.668586	 49.426060	 2.465835	-1.147835	 53.779390	 2.739605	 0.675539	-52.364350	-0.370010	 1.262595	 40.286740	-0.236868	 3.159080	 22.671240	 2.708266	 4.924181	-61.591730	 36.588330	 19.390310	 19.672830	-6.683781	 19.245580	 18.386060	-5.701245	 19.251550	-73.291510	 17.490710	 9.794983	 30.281170	-3.773908	 9.432172	 24.000600	-0.508775	 10.283440	-65.271310	-51.617550	-12.041010	-7.588076	 16.022730	-0.540169	 0.139211	 14.789960	-0.368235	 3.437935	 0.177727	 0.787816	 89.670940	-91.786200	-3.687929	-98.628220	 179.228400	 2.762076	 110.091600	-0.813313	 0.122417	-8.559153	-7.354117	 18.650860	 67.446960	-2.947673	-23.062170	 1.746013	-6.324457	-29.332680	-11.632680	-10.562310	-3.569356	 52.238110	 2.463968	-1.150285	 57.256320	 2.453549	 1.015626	-43.779510	-0.375297	 1.257949	 42.015150	-0.212790	 3.171432	 31.773610	 2.659813	 5.034174	-59.896140	 32.615500	 17.678430	 20.916070	-6.568537	 19.289190	 24.937070	-5.736911	 19.257020	-75.038300	 14.852730	 8.189199	 29.545640	-3.711584	 9.464878	 31.863750	-0.541138	 10.434640	-61.714070	-36.715930	-2.656852	 27.816320	 15.609720	-0.539555	 0.135676	 16.990000	-0.375326	 3.456629	 0.000000	 90.000000	 0.000000	-175.565200	 0.424206	 172.264300	-157.035000	-2.163733	-21.121120
-0.072460	-0.128942	 0.018127	-156.620300	 6.526580	-97.184910	-10.013910	-5.975978	-4.915504	-10.463290	-16.835400	-4.865195	 0.504253	-2.317128	 105.934000	-0.813313	 0.122417	-8.559153	-3.612313	 17.036220	 54.054490	-121.156100	 18.315960	 6.582829	 38.075640	 15.205960	-27.888730	-11.701440	-4.668581	 49.424340	 2.465837	-1.147834	 53.777400	 2.739605	 0.675539	-52.364350	-0.374295	 1.259257	 40.284730	-0.236925	 3.159057	 22.650500	 2.707696	 4.925530	-61.571090	 36.566930	 19.381120	 19.691810	-6.683967	 19.245520	 18.375760	-5.700509	 19.251470	-73.255210	 17.478330	 9.787137	 30.296430	-3.773984	 9.432137	 23.991280	-0.508831	 10.283750	-65.263920	-51.617550	-12.041010	-7.588076	 16.022730	-0.540169	 0.139211	 14.789960	-0.368235	 3.437935	 0.174383	 0.369596	 89.672160	-92.189500	-3.579306	-98.496380	 179.239700	 2.722301	 110.063900	-0.813313	 0.122417	-8.559153	-8.045533	 18.762200	 68.478230	-2.158330	-23.824890	 1.683727	-4.304850	-30.614630	-11.245330	-10.562920	-3.570053	 52.232690	 2.463955	-1.150305	 57.282760	 2.453708	 1.015462	-43.783920	-0.393884	 1.243004	 42.032040	-0.212651	 3.171519	 31.828540	 2.657196	 5.039871	-59.807710	 32.474660	 17.614450	 20.976070	-6.567850	 19.289490	 24.976930	-5.734191	 19.256620	-74.903850	 14.794760	 8.152208	 29.577630	-3.711104	 9.465172	 31.926280	-0.541799	 10.437330	-61.650070	-36.715930	-2.656852	 27.816320	 15.609720	-0.539555	 0.135676	 16.990000	-0.375326	 3.456629	 0.000000	 90.000000	 0.000000	-175.559500	-0.084734	 171.890000	-156.690700	-2.538083	-20.641470
-0.071504	-0.129762	 0.017948	-155.083800	 6.392762	-97.366360	-9.915234	-6.037362	-4.945753	-10.386210	-16.989770	-4.899403	 0.522718	-2.403117	 105.900000	-0.813313	 0.122417	-8.559153	-3.771763	 16.824310	 54.218380	-121.175300	 18.424340	 6.567165	 38.171110	 15.228050	-28.081340	-11.701430	-4.668578	 49.422650	 2.465838	-1.147832	 53.775110	 2.739605	 0.675539	-52.364350	-0.378767	 1.255775	 40.282690	-0.237005	 3.159022	 22.621080	 2.707112	 4.926909	-61.549960	 36.545580	 19.371930	 19.710790	-6.684234	 19.245440	 18.360940	-5.699740	 19.251380	-73.217330	 17.466770	 9.779789	 30.312200	-3.774098	 9.432088	 23.977430	-0.508889	 10.284070	-65.256370	-51.617550	-12.041010	-7.588076	 16.022730	-0.540169	 0.139211	 14.789960	-0.368235	 3.437935	 0.169971	-0.241011	 89.674100	-92.768300	-3.390148	-98.523710	 179.253500	 2.673201	 110.033100	-0.813313	 0.122417	-8.559153	-8.533195	 18.901040	 69.612980	-1.939664	-24.788720	 1.692795	-1.787653	-31.889290	-10.897830	-10.563630	-3.570858	 52.226480	 2.463942	-1.150324	 57.309200	 2.453890	 1.015276	-43.788940	-0.413709	 1.227053	 42.048960	-0.212513	 3.171604	 31.883070	 2.654590	 5.045521	-59.719960	 32.320930	 17.544500	 21.039840	-6.567162	 19.289790	 25.016790	-5.731291	 19.256190	-74.760370	 14.740920	 8.117739	 29.608910	-3.710628	 9.465463	 31.988340	-0.542459	 10.440010	-61.586570	-36.715930	-2.656852	 27.816320	 15.609720	-0.539555	 0.135676	 16.990000	-0.375326	 3.456629	 0.000000	 90.000000	 0.000000	-175.556400	-0.758398	 171.545100	-156.213000	-3.009213	-20.052670
-0.070550	-0.130533	 0.017704	-153.200000	 6.200487	-97.592510	-9.777808	-6.088611	-4.977021	-10.271420	-17.113120	-4.934943	 0.566803	-2.607443	 105.877600	-0.813313	 0.122417	-8.559153	-4.225617	 16.377090	 54.567150	-121.223600	 18.530260	 6.626632	 38.270520	 15.266770	-28.350730	-11.701430	-4.668572	 49.420730	 2.465840	-1.147830	 53.771720	 2.739605	 0.675539	-52.364350	-0.384069	 1.251647	 40.280250	-0.237125	 3.158973	 22.577460	 2.706428	 4.928522	-61.525250	 36.528480	 19.364480	 19.729980	-6.684635	 19.245310	 18.338660	-5.698819	 19.251270	-73.171970	 17.458290	 9.774317	 30.330200	-3.774273	 9.432009	 23.956130	-0.508957	 10.284450	-65.247590	-51.617550	-12.041010	-7.588076	 16.022730	-0.540169	 0.139211	 14.789960	-0.368235	 3.437935	 0.164117	-1.090179	 89.676840	-93.559470	-3.032441	-98.637750	 179.270100	 2.614081	 109.995600	-0.813313	 0.122417	-8.559153	-8.854626	 19.227790	 70.916750	-1.853004	-26.074340	 1.723648	 1.178179	-33.361160	-10.653600	-10.564570	-3.571911	 52.218390	 2.463927	-1.150347	 57.339340	 2.454129	 1.015032	-43.795520	-0.436761	 1.208494	 42.068230	-0.212358	 3.171700	 31.944340	 2.651654	 5.051857	-59.621450	 32.136180	 17.460230	 21.115080	-6.566381	 19.290130	 25.062260	-5.727911	 19.255710	-74.593380	 14.669540	 8.072172	 29.645970	-3.710093	 9.465790	 32.058040	-0.543203	 10.443010	-61.515230	-36.715930	-2.656852	 27.816320	 15.609720	-0.539555	 0.135676	 16.990000	-0.375326	 3.456629	 0.000000	 90.000000	 0.000000	-175.551200	-1.592201	 171.178500	-155.631400	-3.633982	-19.241670
-0.069717	-0.130982	 0.017491	-151.576900	 5.997159	-97.765910	-9.646084	-6.080238	-5.000299	-10.151810	-17.085770	-4.959880	 0.615333	-2.832052	 105.870100	-0.813313	 0.122417	-8.559153	-4.743111	 15.901850	 54.939570	-121.235000	 18.620820	 6.723028	 38.348040	 15.319450	-28.589590	-11.701430	-4.668568	 49.419170	 2.465842	-1.147827	 53.768300	 2.739605	 0.675539	-52.364350	-0.388651	 1.248080	 40.278150	-0.237245	 3.158923	 22.533810	 2.705849	 4.929889	-61.504330	 36.524900	 19.362710	 19.742220	-6.685044	 19.245190	 18.315980	-5.698016	 19.251180	-73.132520	 17.457290	 9.773520	 30.344790	-3.774454	 9.431930	 23.934110	-0.509014	 10.284770	-65.240100	-51.617550	-12.041010	-7.588076	 16.022730	-0.540169	 0.139211	 14.789960	-0.368235	 3.437935	 0.158232	-1.989320	 89.679800	-94.394850	-2.659440	-98.707390	 179.282500	 2.570480	 109.963600	-0.813313	 0.122417	-8.559153	-9.079499	 19.476790	 71.948290	-1.714904	-27.115610	 1.734339	 4.384600	-34.505510	-10.262780	-10.565450	-3.572902	 52.210760	 2.463915	-1.150366	 57.364140	 2.454354	 1.014802	-43.801740	-0.455160	 1.193672	 42.084100	-0.212234	 3.171779	 31.993750	 2.649279	 5.056962	-59.542040	 31.981810	 17.389580	 21.177460	-6.565738	 19.290420	 25.099690	-5.725211	 19.255330	-74.460020	 14.588380	 8.020660	 29.679770	-3.709662	 9.466052	 32.114220	-0.543805	 10.445440	-61.457680	-36.715930	-2.656852	 27.816320	 15.609720	-0.539555	 0.135676	 16.990000	-0.375326	 3.456629	 0.000000	 90.000000	 0.000000	-175.537400	-2.194469	 170.889000	-155.239600	-4.147039	-18.521730
-0.068955	-0.131232	 0.017305	-150.080000	 5.785908	-97.897250	-9.488967	-6.025834	-5.020827	-10.005740	-16.933400	-4.979967	 0.664575	-3.059667	 105.870100	-0.813313	 0.122417	-8.559153	-5.282869	 15.436460	 55.375880	-121.183300	 18.723910	 6.837531	 38.405980	 15.358610	-28.925530	-11.701420	-4.668564	 49.417770	 2.465843	-1.147825	 53.764550	 2.739605	 0.675539	-52.364350	-0.393123	 1.244598	 40.276120	-0.237373	 3.158870	 22.487190	 2.705292	 4.931196	-61.484280	 36.527770	 19.363660	 19.751480	-6.685489	 19.245040	 18.291330	-5.697235	 19.251090	-73.093830	 17.459890	 9.774966	 30.358510	-3.774653	 9.431843	 23.909910	-0.509069	 10.285080	-65.232950	-51.617550	-12.041010	-7.588076	 16.022730	-0.540169	 0.139211	 14.789960	-0.368235	 3.437935	 0.152237	-2.923907	 89.682840	-95.268360	-2.314714	-98.667140	 179.297700	 2.515256	 109.933400	-0.813313	 0.122417	-8.559153	-9.203238	 19.463400	 72.757430	-1.605648	-28.030250	 1.736001	 7.893580	-35.353060	-10.134980	-10.566380	-3.573954	 52.202730	 2.463904	-1.150383	 57.387240	 2.454589	 1.014561	-43.808250	-0.470871	 1.181006	 42.098780	-0.212121	 3.171849	 32.038600	 2.647121	 5.061587	-59.470050	 31.878500	 17.341880	 21.223140	-6.565139	 19.290680	 25.134500	-5.722901	 19.255000	-74.345990	 14.523710	 7.979427	 29.709450	-3.709272	 9.466290	 32.165180	-0.544354	 10.447630	-61.405510	-36.715930	-2.656852	 27.816320	 15.609720	-0.539555	 0.135676	 16.990000	-0.375326	 3.456629	 0.000000	 90.000000	 0.000000	-175.514200	-2.671959	 170.621800	-154.951900	-4.598369	-17.846370
-0.068442	-0.131343	 0.017095	-148.559300	 5.577950	-98.009630	-9.239208	-5.952711	-5.046376	-9.783180	-16.723720	-5.005238	 0.718747	-3.309671	 105.875800	-0.813313	 0.122417	-8.559153	-5.899421	 14.953510	 56.007560	-121.059800	 18.886420	 6.978350	 38.442040	 15.361510	-29.584470	-11.701420	-4.668560	 49.416130	 2.465847	-1.147821	 53.759330	 2.739605	 0.675539	-52.364350	-0.398680	 1.240273	 40.273630	-0.237544	 3.158800	 22.425330	 2.704617	 4.932783	-61.459950	 36.535390	 19.366560	 19.760850	-6.686092	 19.244860	 18.257840	-5.696251	 19.250970	-73.045460	 17.465450	 9.778214	 30.375420	-3.774927	 9.431725	 23.876710	-0.509137	 10.285450	-65.224180	-51.617550	-12.041010	-7.588076	 16.022730	-0.540169	 0.139211	 14.789960	-0.368235	 3.437935	 0.145146	-4.046591	 89.686450	-96.341570	-2.046607	-98.506270	 179.325300	 2.411581	 109.898400	-0.813313	 0.122417	-8.559153	-9.301640	 19.126020	 73.430650	-1.504876	-29.219090	 1.739078	 12.531440	-36.355480	-10.274350	-10.567610	-3.575347	 52.191970	 2.463890	-1.150403	 57.414300	 2.454906	 1.014237	-43.816990	-0.486136	 1.168689	 42.115890	-0.211993	 3.171929	 32.089270	 2.644678	 5.066801	-59.388830	 31.834730	 17.320870	 21.253310	-6.564438	 19.290990	 25.175350	-5.720654	 19.254690	-74.234860	 14.497080	 7.961726	 29.736650	-3.708833	 9.466563	 32.222670	-0.544977	 10.450110	-61.346540	-36.715930	-2.656852	 27.816320	 15.609720	-0.539555	 0.135676	 16.990000	-0.375326	 3.456629	 0.000000	 90.000000	 0.000000	-175.477300	-3.207383	 170.297800	-154.622200	-5.095262	-17.082940
-0.067840	-0.131475	 0.016870	-146.791300	 5.301545	-98.138650	-8.991767	-5.874031	-5.068797	-9.564421	-16.498810	-5.027151	 0.781764	-3.599033	 105.899100	-0.813313	 0.122417	-8.559153	-6.577509	 14.364450	 56.632720	-120.765500	 19.377810	 7.142144	 38.340160	 15.650970	-30.441780	-11.701420	-4.668556	 49.414840	 2.465849	-1.147817	 53.754480	 2.739605	 0.675539	-52.364350	-0.403397	 1.236600	 40.271490	-0.237693	 3.158738	 22.370880	 2.704058	 4.934096	-61.439820	 36.541370	 19.368830	 19.768220	-6.686638	 19.244690	 18.227550	-5.695414	 19.250880	-73.004180	 17.469950	 9.780828	 30.389970	-3.775176	 9.431616	 23.846370	-0.509192	 10.285760	-65.216870	-51.617550	-12.041010	-7.588076	 16.022730	-0.540169	 0.139211	 14.789960	-0.368235	 3.437935	 0.138242	-5.186175	 89.690030	-97.464200	-1.917188	-98.359890	 179.351000	 2.314022	 109.872200	-0.813313	 0.122417	-8.559153	-9.357290	 18.767470	 73.804340	-1.450492	-30.390170	 1.751664	 16.526930	-37.352800	-10.316650	-10.568760	-3.576629	 52.182130	 2.463888	-1.150407	 57.418910	 2.455194	 1.013941	-43.824970	-0.487995	 1.167186	 42.118790	-0.211971	 3.171943	 32.097980	 2.644321	 5.067562	-59.376990	 31.827420	 17.317350	 21.258360	-6.564316	 19.291040	 25.182450	-5.720374	 19.254660	-74.221050	 14.492810	 7.958865	 29.741420	-3.708757	 9.466609	 32.232430	-0.545082	 10.450540	-61.336550	-36.715930	-2.656852	 27.816320	 15.609720	-0.539555	 0.135676	 16.990000	-0.375326	 3.456629	 0.000000	 90.000000	 0.000000	-175.445300	-3.687667	 170.019900	-154.340000	-5.730995	-16.486890
-0.067286	-0.131604	 0.016594	-144.768100	 4.958335	-98.294300	-8.729204	-5.756982	-5.091405	-9.326918	-16.171490	-5.047776	 0.869961	-4.001566	 105.946700	-0.813313	 0.122417	-8.559153	-7.479027	 13.508360	 57.294690	-120.282100	 20.078630	 7.376403	 38.062270	 16.171070	-31.400970	-11.701410	-4.668553	 49.413680	 2.465851	-1.147814	 53.749440	 2.739605	 0.675539	-52.364350	-0.407946	 1.233060	 40.269440	-0.237840	 3.158678	 22.317570	 2.703530	 4.935335	-61.420840	 36.543470	 19.369500	 19.775940	-6.687185	 19.244510	 18.197060	-5.694595	 19.250790	-72.964040	 17.472310	 9.782116	 30.404620	-3.775429	 9.431503	 23.815530	-0.509247	 10.286060	-65.209910	-51.617550	-12.041010	-7.588076	 16.022730	-0.540169	 0.139211	 14.789960	-0.368235	 3.437935	 0.130102	-6.575223	 89.694370	-98.846120	-1.781090	-98.267940	 179.372400	 2.232731	 109.851000	-0.813313	 0.122417	-8.559153	-9.416912	 18.529550	 74.115480	-1.427244	-31.601840	 1.775923	 19.716530	-38.549770	-11.134340	-10.569920	-3.577945	 52.172040	 2.463899	-1.150391	 57.397760	 2.455491	 1.013637	-43.833150	-0.479494	 1.174054	 42.105550	-0.212067	 3.171883	 32.060020	 2.645840	 5.064323	-59.427430	 31.872150	 17.338550	 21.231580	-6.564858	 19.290800	 25.150880	-5.721623	 19.254830	-74.282730	 14.520150	 7.976750	 29.719670	-3.709090	 9.466403	 32.189030	-0.544612	 10.448660	-61.381050	-36.715930	-2.656852	 27.816320	 15.609720	-0.539555	 0.135676	 16.990000	-0.375326	 3.456629	 0.000000	 90.000000	 0.000000	-175.420600	-4.243558	 169.738800	-154.031000	-6.640911	-15.917160
-0.066754	-0.131760	 0.016174	-142.147800	 4.484591	-98.466550	-8.387518	-5.578917	-5.122471	-9.011271	-15.677570	-5.075757	 0.990456	-4.546703	 106.028900	-0.813313	 0.122417	-8.559153	-8.688683	 12.352300	 58.017520	-119.673100	 21.046090	 7.740870	 37.635480	 16.969400	-32.600250	-11.701410	-4.668549	 49.412370	 2.465855	-1.147809	 53.742720	 2.739605	 0.675539	-52.364350	-0.413588	 1.228669	 40.266910	-0.238020	 3.158604	 22.252060	 2.702892	 4.936829	-61.397930	 36.536670	 19.366430	 19.787700	-6.687886	 19.244300	 18.158190	-5.693580	 19.250670	-72.913840	 17.469990	 9.780446	 30.424010	-3.775757	 9.431362	 23.775810	-0.509313	 10.286420	-65.201400	-51.617550	-12.041010	-7.588076	 16.022730	-0.540169	 0.139211	 14.789960	-0.368235	 3.437935	 0.119541	-8.425658	 89.699910	-100.690900	-1.579443	-98.123570	 179.391600	 2.159455	 109.831800	-0.813313	 0.122417	-8.559153	-9.595634	 18.149480	 74.331390	-1.430725	-33.136290	 1.820704	 23.041530	-40.245500	-12.470130	-10.571480	-3.579693	 52.158650	 2.463923	-1.150353	 57.347170	 2.455885	 1.013235	-43.844030	-0.465585	 1.185300	 42.073990	-0.212297	 3.171738	 31.968650	 2.648349	 5.058957	-59.511000	 31.978720	 17.388950	 21.167610	-6.566159	 19.290230	 25.075110	-5.723676	 19.255110	-74.384120	 14.585970	 8.019761	 29.667200	-3.709888	 9.465915	 32.084870	-0.543488	 10.444170	-61.487880	-36.715930	-2.656852	 27.816320	 15.609720	-0.539555	 0.135676	 16.990000	-0.375326	 3.456629	 0.000000	 90.000000	 0.000000	-175.369500	-5.016457	 169.362600	-153.565900	-7.880336	-15.221100
-0.066898	-0.131553	 0.015651	-140.380200	 4.075152	-98.525440	-8.087420	-5.419004	-5.114757	-8.721204	-15.228890	-5.064654	 1.082892	-4.959726	 106.110600	-0.813313	 0.122417	-8.559153	-9.619406	 11.556320	 58.488410	-119.400900	 22.088620	 8.101422	 37.407270	 17.891030	-33.647540	-11.701410	-4.668548	 49.411340	 2.465858	-1.147805	 53.736530	 2.739605	 0.675539	-52.364350	-0.423229	 1.221163	 40.264850	-0.238172	 3.158542	 22.197250	 2.701705	 4.939609	-61.355290	 36.501320	 19.351480	 19.806840	-6.688500	 19.244110	 18.124150	-5.691747	 19.250470	-72.823740	 17.452430	 9.769124	 30.457980	-3.776047	 9.431238	 23.740580	-0.509369	 10.286730	-65.194170	-51.617550	-12.041010	-7.588076	 16.022730	-0.540169	 0.139211	 14.789960	-0.368235	 3.437935	 0.111569	-9.861124	 89.704800	-102.189700	-1.369928	-97.843900	 179.403000	 2.115736	 109.822300	-0.813313	 0.122417	-8.559153	-9.824473	 17.642360	 74.315690	-1.446549	-34.493320	 1.867155	 25.021620	-41.805460	-13.671960	-10.572900	-3.581300	 52.146250	 2.463951	-1.150311	 57.290780	 2.456248	 1.012862	-43.854080	-0.444567	 1.202255	 42.038690	-0.212554	 3.171578	 31.866670	 2.652158	 5.050770	-59.638360	 32.329510	 17.549120	 21.025780	-6.567614	 19.289590	 24.990600	-5.727071	 19.255590	-74.551700	 14.807530	 8.159703	 29.585620	-3.710778	 9.465368	 31.968670	-0.542246	 10.439150	-61.607030	-36.715930	-2.656852	 27.816320	 15.609720	-0.539555	 0.135676	 16.990000	-0.375326	 3.456629	 0.000000	 90.000000	 0.000000	-175.268200	-5.575666	 169.076400	-153.067100	-8.660561	-14.626990
-0.067276	-0.131230	 0.015106	-138.979700	 3.719591	-98.546690	-7.811110	-5.282477	-5.053549	-8.438807	-14.836050	-4.999820	 1.157112	-5.287367	 106.188800	-0.813313	 0.122417	-8.559153	-10.376460	 11.016430	 58.842160	-119.401000	 23.025710	 8.458844	 37.380300	 18.749110	-34.518340	-11.701410	-4.668544	 49.410460	 2.465862	-1.147800	 53.730410	 2.739605	 0.675539	-52.364350	-0.438564	 1.209225	 40.263050	-0.238306	 3.158487	 22.148450	 2.699735	 4.944204	-61.284790	 36.437310	 19.324550	 19.834280	-6.689075	 19.243930	 18.092260	-5.688766	 19.250140	-72.676900	 17.419820	 9.748193	 30.511600	-3.776322	 9.431118	 23.707180	-0.509420	 10.287020	-65.187480	-51.617550	-12.041010	-7.588076	 16.022730	-0.540169	 0.139211	 14.789960	-0.368235	 3.437935	 0.105488	-11.010950	 89.709950	-103.477700	-1.133036	-97.473040	 179.410000	 2.087328	 109.826400	-0.813313	 0.122417	-8.559153	-10.061140	 17.022500	 73.957180	-1.464822	-35.754150	 1.914996	 25.838780	-43.275550	-14.807260	-10.574320	-3.582892	 52.133960	 2.463979	-1.150269	 57.234710	 2.456608	 1.012493	-43.864040	-0.413448	 1.227302	 42.003290	-0.212811	 3.171419	 31.765130	 2.657753	 5.038661	-59.826520	 32.568130	 17.658140	 20.917550	-6.569063	 19.288960	 24.906510	-5.732177	 19.256320	-74.804240	 14.957040	 8.254500	 29.514930	-3.711666	 9.464830	 31.853080	-0.541020	 10.434150	-61.725550	-36.715930	-2.656852	 27.816320	 15.609720	-0.539555	 0.135676	 16.990000	-0.375326	 3.456629	 0.000000	 90.000000	 0.000000	-175.136400	-6.028186	 168.869500	-152.569700	-9.214654	-14.083890
-0.067723	-0.130944	 0.014579	-137.539400	 3.336278	-98.575420	-7.512066	-5.149505	-4.920023	-8.091020	-14.440580	-4.862891	 1.239158	-5.646236	 106.279700	-0.813313	 0.122417	-8.559153	-11.242360	 10.496510	 59.248930	-119.529400	 23.688090	 8.906564	 37.420030	 19.416380	-35.244630	-11.701400	-4.668542	 49.409500	 2.465866	-1.147794	 53.722360	 2.739605	 0.675539	-52.364350	-0.462530	 1.190570	 40.260920	-0.238460	 3.158425	 22.092540	 2.696616	 4.951448	-61.173550	 36.335550	 19.281730	 19.874640	-6.689782	 19.243720	 18.053060	-5.684019	 19.249640	-72.443290	 17.367690	 9.714661	 30.595130	-3.776665	 9.430968	 23.665490	-0.509483	 10.287370	-65.179240	-51.617550	-12.041010	-7.588076	 16.022730	-0.540169	 0.139211	 14.789960	-0.368235	 3.437935	 0.099299	-12.287170	 89.717440	-104.956600	-0.813935	-96.909610	 179.414900	 2.063730	 109.854100	-0.813313	 0.122417	-8.559153	-10.518530	 15.839530	 73.193000	-1.482875	-37.261220	 1.977207	 26.023930	-45.054490	-16.217560	-10.576200	-3.585011	 52.117690	 2.464010	-1.150220	 57.170470	 2.457086	 1.012003	-43.877250	-0.372886	 1.259902	 41.962550	-0.213106	 3.171237	 31.648530	 2.664974	 5.022873	-60.071370	 32.718270	 17.727580	 20.830800	-6.570725	 19.288240	 24.810010	-5.738671	 19.257290	-75.125330	 15.050360	 8.314563	 29.445580	-3.712687	 9.464211	 31.720430	-0.539627	 10.428420	-61.861560	-36.715930	-2.656852	 27.816320	 15.609720	-0.539555	 0.135676	 16.990000	-0.375326	 3.456629	 0.000000	 90.000000	 0.000000	-174.944200	-6.496984	 168.631600	-152.061000	-9.770711	-13.452140
-0.067439	-0.130507	 0.013987	-135.790700	 2.859547	-98.576620	-7.310309	-5.021627	-4.770925	-7.800390	-14.033840	-4.709549	 1.304290	-5.930622	 106.342800	-0.813313	 0.122417	-8.559153	-11.963570	 10.082690	 59.626030	-119.693700	 23.910960	 9.272953	 37.464980	 19.771030	-35.428610	-11.701400	-4.668540	 49.408790	 2.465869	-1.147789	 53.715280	 2.739605	 0.675539	-52.364350	-0.483678	 1.174108	 40.259140	-0.238574	 3.158379	 22.051160	 2.693856	 4.957828	-61.075500	 36.248290	 19.244980	 19.908080	-6.690357	 19.243540	 18.021160	-5.679738	 19.249200	-72.232810	 17.322980	 9.685792	 30.668680	-3.776950	 9.430845	 23.630950	-0.509536	 10.287660	-65.172440	-51.617550	-12.041010	-7.588076	 16.022730	-0.540169	 0.139211	 14.789960	-0.368235	 3.437935	 0.094850	-13.312940	 89.724810	-106.110400	-0.525041	-96.385510	 179.417100	 2.049838	 109.892100	-0.813313	 0.122417	-8.559153	-10.999160	 14.620580	 72.285960	-1.486459	-38.426520	 2.028459	 25.430720	-46.501710	-17.835150	-10.577880	-3.586896	 52.103160	 2.464030	-1.150190	 57.129890	 2.457512	 1.011565	-43.889040	-0.349035	 1.279048	 41.936850	-0.213293	 3.171121	 31.574650	 2.669180	 5.013592	-60.215080	 32.812870	 17.771200	 20.775820	-6.571778	 19.287790	 24.748940	-5.742732	 19.257910	-75.326410	 15.109050	 8.352265	 29.401330	-3.713332	 9.463821	 31.636510	-0.538753	 10.424790	-61.947560	-36.715930	-2.656852	 27.816320	 15.609720	-0.539555	 0.135676	 16.990000	-0.375326	 3.456629	 0.000000	 90.000000	 0.000000	-174.788400	-6.947672	 168.443500	-151.698200	-10.350850	-12.956170
-0.067559	-0.129114	 0.012993	-134.601300	 2.422541	-98.464260	-7.134164	-4.838413	-4.599147	-7.511786	-13.439820	-4.531000	 1.371008	-6.223991	 106.387100	-0.813313	 0.122417	-8.559153	-12.719070	 9.577035	 59.948540	-119.853900	 23.864550	 9.620955	 37.433560	 19.969450	-35.273020	-11.701400	-4.668539	 49.408160	 2.465874	-1.147783	 53.707900	 2.739605	 0.675539	-52.364350	-0.502906	 1.159142	 40.257320	-0.238671	 3.158339	 22.015990	 2.691361	 4.963567	-60.987230	 36.174870	 19.214010	 19.935900	-6.690908	 19.243370	 17.990550	-5.675730	 19.248800	-72.035640	 17.285540	 9.661473	 30.735400	-3.777229	 9.430726	 23.597160	-0.509589	 10.287950	-65.165680	-51.617550	-12.041010	-7.588076	 16.022730	-0.540169	 0.139211	 14.789960	-0.368235	 3.437935	 0.090732	-14.381900	 89.733380	-107.205200	-0.212985	-95.846610	 179.418500	 2.037368	 109.939200	-0.813313	 0.122417	-8.559153	-8.940087	 15.097830	 70.420300	-4.949684	-39.196360	 2.511598	 23.601690	-46.384820	-22.182310	-9.930510	-3.067287	 48.399020	 2.466510	-1.146740	 52.395440	 2.599774	 0.854715	-47.977020	 0.274489	 1.753280	 38.981990	-0.216092	 3.169436	 30.476450	 2.702422	 4.937955	-61.380320	 33.155470	 17.952410	 20.159480	-6.582984	 19.283010	 24.100680	-5.745636	 19.258360	-75.470230	 15.433880	 8.590764	 28.292760	-3.722985	 9.458146	 30.391240	-0.530742	 10.390330	-62.762900	-37.315520	-2.834908	 28.005770	 11.198010	-0.530308	 0.098282	 13.373900	-0.363304	 3.426050	 0.000000	 90.000000	 0.000000	-174.730900	-7.463032	 168.285800	-151.371300	-11.127170	-12.578190
-0.066095	-0.127352	 0.011554	-132.393900	 1.837639	-98.274570	-6.943869	-4.589739	-4.352160	-7.197085	-12.633640	-4.271689	 1.490814	-6.756064	 106.426300	-0.813313	 0.122417	-8.559153	-13.677890	 8.753148	 60.178430	-119.976400	 23.583690	 9.989540	 37.085700	 20.096240	-34.864910	-11.701400	-4.668536	 49.407560	 2.465878	-1.147777	 53.699080	 2.739605	 0.675539	-52.364350	-0.518997	 1.146620	 40.255020	-0.238757	 3.158305	 21.984870	 2.689332	 4.968219	-60.915660	 36.127110	 19.193820	 19.954380	-6.691501	 19.243180	 17.957660	-5.673954	 19.248630	-71.948420	 17.261640	 9.645725	 30.791090	-3.777537	 9.430594	 23.559900	-0.509647	 10.288270	-65.158070	-51.617550	-12.041010	-7.588076	 16.022730	-0.540169	 0.139211	 14.789960	-0.368235	 3.437935	 0.085283	-15.920870	 89.745190	-108.398700	 0.342167	-94.892950	 179.405300	 2.080862	 110.000000	-0.813313	 0.122417	-8.559153	-4.728541	 16.651170	 67.984440	-11.991870	-39.901080	 2.699018	 21.480440	-45.160690	-29.570810	-8.346127	-2.009343	 40.834220	 2.472349	-1.140447	 42.819970	 2.852771	 0.506568	-56.289440	 1.595563	 2.602989	 32.973370	-0.222481	 3.165855	 28.014160	 2.770005	 4.769445	-63.940860	 33.784840	 18.284490	 18.809520	-6.607941	 19.272900	 22.668600	-5.747906	 19.258720	-75.582830	 16.104690	 9.060852	 25.771080	-3.745067	 9.446188	 27.599250	-0.514926	 10.314370	-64.550940	-38.556450	-3.200710	 28.429560	 2.210943	-0.502727	 0.024875	 6.416905	-0.334883	 3.369623	 0.000000	 90.000000	 0.000000	-174.776900	-8.084083	 168.131400	-151.126000	-12.061190	-12.225380
-0.065280	-0.124823	 0.010015	-131.050600	 1.326471	-98.021310	-6.794233	-4.370245	-4.079957	-6.957051	-11.932760	-3.984740	 1.552450	-7.027821	 106.451900	-0.813313	 0.122417	-8.559153	-14.306550	 8.227364	 60.304240	-119.961200	 23.230320	 10.239770	 36.547170	 20.176680	-34.258760	-11.701400	-4.668536	 49.407180	 2.465882	-1.147772	 53.691310	 2.739605	 0.675539	-52.364350	-0.524622	 1.142246	 40.252880	-0.238805	 3.158285	 21.967490	 2.688735	 4.969584	-60.894650	 36.128350	 19.194310	 19.955100	-6.691963	 19.243050	 17.932070	-5.674175	 19.248650	-71.959220	 17.267130	 9.648886	 30.810170	-3.777784	 9.430486	 23.529880	-0.509638	 10.288220	-65.159330	-51.617550	-12.041010	-7.588076	 16.022730	-0.540169	 0.139211	 14.789960	-0.368235	 3.437935	 0.080477	-17.440250	 89.756720	-109.385600	 1.019442	-93.688340	 179.383300	 2.160101	 110.052800	-0.813313	 0.122417	-8.559153	-1.741434	 19.475040	 65.877060	-21.478350	-40.578260	 3.026974	 20.330400	-45.416070	-35.611030	-6.109613	-1.077582	 29.349780	 2.482791	-1.133077	 28.545580	 3.131230	-0.073994	-68.736500	 3.798375	 3.645036	 23.880150	-0.231914	 3.161199	 24.477260	 2.853435	 4.523355	-67.604980	 34.702370	 18.734840	 16.876160	-6.644130	 19.259450	 20.617660	-5.749265	 19.258940	-75.649930	 17.199620	 9.733674	 22.131440	-3.777821	 9.430871	 23.581440	-0.496529	 10.205080	-67.104980	-38.857020	-3.297181	 28.505720	 0.025141	-0.494314	 0.007745	 4.454497	-0.325645	 3.354370	 0.000000	 90.000000	 0.000000	-174.855500	-8.610820	 168.014500	-150.940400	-12.611360	-11.956350
-0.064527	-0.121991	 0.008438	-130.037100	 0.834358	-97.749340	-6.666900	-4.162544	-3.761318	-6.750706	-11.296520	-3.650671	 1.590256	-7.193335	 106.471400	-0.813313	 0.122417	-8.559153	-14.604090	 8.096071	 60.360270	-119.898100	 22.898620	 10.412530	 35.986540	 20.258430	-33.567110	-11.701400	-4.668535	 49.406880	 2.465886	-1.147766	 53.683260	 2.739605	 0.675539	-52.364350	-0.521340	 1.144807	 40.250480	-0.238827	 3.158277	 21.959710	 2.689338	 4.968202	-60.915900	 36.161500	 19.208390	 19.939710	-6.692383	 19.242920	 17.908870	-5.674657	 19.248700	-71.983020	 17.283660	 9.659319	 30.804060	-3.778017	 9.430387	 23.501680	-0.509525	 10.287600	-65.173870	-51.617550	-12.041010	-7.588076	 16.022730	-0.540169	 0.139211	 14.789960	-0.368235	 3.437935	 0.077011	-18.840760	 89.768860	-110.383500	 1.750733	-92.400270	 179.357300	 2.254654	 110.102600	-0.813313	 0.122417	-8.559153	 0.561494	 22.353070	 63.446800	-31.546820	-41.344770	 3.668286	 19.684920	-46.412540	-40.700980	-4.915722	-0.800777	 23.258460	 2.488943	-1.130297	 21.019770	 3.225759	-0.401197	-75.310050	 5.041808	 4.060911	 19.054580	-0.237037	 3.158965	 22.598890	 2.891347	 4.390346	-69.554580	 35.216320	 18.969260	 15.842140	-6.663556	 19.252810	 19.528120	-5.750380	 19.259120	-75.705180	 17.825900	 10.076180	 20.196300	-3.795620	 9.423671	 21.449470	-0.488765	 10.146640	-68.463390	-39.180840	-3.406640	 28.566880	-2.343341	-0.484460	-0.010443	 2.431122	-0.315585	 3.338984	 0.000000	 90.000000	 0.000000	-174.980600	-9.089318	 167.940900	-150.791200	-12.994620	-11.790700
-0.063417	-0.119049	 0.006977	-129.077300	 0.364141	-97.475730	-6.542391	-3.961385	-3.343442	-6.556050	-10.831240	-3.218321	 1.602749	-7.246192	 106.485700	-0.813313	 0.122417	-8.559153	-14.755820	 8.098767	 60.321370	-119.857700	 22.382350	 10.521910	 35.391900	 20.203960	-32.625420	-11.701400	-4.668534	 49.406620	 2.465892	-1.147758	 53.673500	 2.739605	 0.675539	-52.364350	-0.509422	 1.154091	 40.247450	-0.238817	 3.158280	 21.963110	 2.691081	 4.964211	-60.977330	 36.227450	 19.236610	 19.900430	-6.692822	 19.242780	 17.884610	-5.676624	 19.248890	-72.079590	 17.312650	 9.677891	 30.773150	-3.778270	 9.430278	 23.470920	-0.509275	 10.286220	-65.206140	-51.617550	-12.041010	-7.588076	 16.022730	-0.540169	 0.139211	 14.789960	-0.368235	 3.437935	 0.076641	-19.831290	 89.782700	-111.196900	 2.561824	-91.373760	 179.312900	 2.421322	 110.152100	-0.813313	 0.122417	-8.559153	 2.594507	 24.026000	 60.312330	-41.068970	-42.726850	 4.274016	 19.595890	-47.819710	-44.100000	-4.508686	-0.779222	 20.681590	 2.491565	-1.129393	 17.929250	 3.253818	-0.539533	-78.033100	 5.633190	 4.233662	 17.027750	-0.239235	 3.158066	 21.800500	 2.906214	 4.332900	-70.390890	 35.474530	 19.080400	 15.398380	-6.671885	 19.250080	 19.063130	-5.751760	 19.259340	-75.773590	 18.157140	 10.245720	 19.380390	-3.803275	 9.420808	 20.542130	-0.485873	 10.121570	-69.044710	-39.538680	-3.541221	 28.579820	-5.006507	-0.472488	-0.030385	 0.328165	-0.304553	 3.323379	 0.000000	 90.000000	 0.000000	-175.138400	-9.438514	 167.945500	-150.698800	-13.287510	-11.633990
-0.062483	-0.117053	 0.006079	-128.455500	 0.095769	-97.327040	-6.453859	-3.851305	-2.965376	-6.416608	-10.599440	-2.830667	 1.600435	-7.234362	 106.492200	-0.813313	 0.122417	-8.559153	-14.802440	 8.131789	 60.231540	-119.859800	 21.892350	 10.558490	 34.926040	 20.088050	-31.765370	-11.701400	-4.668534	 49.406470	 2.465896	-1.147753	 53.664970	 2.739605	 0.675539	-52.364350	-0.495944	 1.164587	 40.244780	-0.238785	 3.158294	 21.974990	 2.692994	 4.959816	-61.044940	 36.294270	 19.265310	 19.854300	-6.693147	 19.242680	 17.866480	-5.678868	 19.249110	-72.190030	 17.352340	 9.703321	 30.727620	-3.778469	 9.430192	 23.446760	-0.508978	 10.284560	-65.244920	-51.617550	-12.041010	-7.588076	 16.022730	-0.540169	 0.139211	 14.789960	-0.368235	 3.437935	 0.078358	-20.328040	 89.794550	-111.590100	 3.044497	-90.836180	 179.267200	 2.595351	 110.181600	-0.813313	 0.122417	-8.559153	 4.408883	 24.366070	 57.425900	-47.564710	-44.021310	 4.126883	 19.469400	-48.775710	-46.588060	-4.085556	-0.703996	 18.867970	 2.493463	-1.128835	 15.725410	 3.269798	-0.638925	-79.975040	 6.025433	 4.329128	 15.594850	-0.241764	 3.157076	 20.887720	 2.915681	 4.294391	-70.949780	 35.665440	 19.168690	 14.830090	-6.681394	 19.247050	 18.534070	-5.752749	 19.259500	-75.822720	 18.347560	 10.340620	 18.812750	-3.812083	 9.417678	 19.504730	-0.482905	 10.093090	-69.704350	-39.824780	-3.657514	 28.553720	-7.164948	-0.462116	-0.046128	-1.230439	-0.296015	 3.312080	 0.000000	 90.000000	 0.000000	-175.267000	-9.607813	 168.002500	-150.664000	-13.417980	-11.543130
-0.061591	-0.115378	 0.005321	-127.978000	-0.108536	-97.243420	-6.374348	-3.797402	-2.573637	-6.283684	-10.373340	-2.431731	 1.586229	-7.170436	 106.493300	-0.813313	 0.122417	-8.559153	-14.749610	 8.274303	 60.101680	-119.903800	 21.402560	 10.565160	 34.506130	 19.953190	-30.894530	-11.701400	-4.668533	 49.406350	 2.465901	-1.147746	 53.656130	 2.739605	 0.675539	-52.364350	-0.482577	 1.174996	 40.242060	-0.238731	 3.158315	 21.994310	 2.694904	 4.955408	-61.112690	 36.360190	 19.293770	 19.800730	-6.693440	 19.242600	 17.850340	-5.681090	 19.249340	-72.299250	 17.391330	 9.728446	 30.668350	-3.778657	 9.430112	 23.424100	-0.508606	 10.282490	-65.293350	-51.617550	-12.041010	-7.588076	 16.022730	-0.540169	 0.139211	 14.789960	-0.368235	 3.437935	 0.080594	-20.837400	 89.807320	-111.990900	 3.504165	-90.530290	 179.218000	 2.787802	 110.182100	-0.813313	 0.122417	-8.559153	 6.013201	 23.982480	 54.722290	-54.123600	-44.768820	 3.535991	 19.559480	-49.186690	-48.695220	-4.036356	-0.703225	 18.573900	 2.493750	-1.128758	 15.394880	 3.272072	-0.655099	-80.290120	 6.082294	 4.340711	 15.367480	-0.242756	 3.156701	 20.531330	 2.916316	 4.291750	-70.988050	 35.629470	 19.166620	 14.486370	-6.685128	 19.245880	 18.326620	-5.753178	 19.259570	-75.843950	 18.341540	 10.337770	 18.741360	-3.815482	 9.416521	 19.106210	-0.481886	 10.082480	-69.949880	-40.099430	-3.774401	 28.505350	-9.254449	-0.451519	-0.060982	-2.602800	-0.288239	 3.302328	 0.000000	 90.000000	 0.000000	-175.383100	-9.749830	 168.085400	-150.646000	-13.469640	-11.521810
-0.060326	-0.114016	 0.004467	-127.572900	-0.328420	-97.114380	-6.306541	-3.779391	-2.143118	-6.159026	-10.186130	-1.999749	 1.559786	-7.053503	 106.485600	-0.813313	 0.122417	-8.559153	-14.525830	 8.501235	 59.751980	-119.949400	 20.843250	 10.487790	 34.089170	 19.734600	-29.913440	-11.701400	-4.668532	 49.406250	 2.465906	-1.147739	 53.646050	 2.739605	 0.675539	-52.364350	-0.465410	 1.188362	 40.238940	-0.238652	 3.158348	 22.022970	 2.697384	 4.949669	-61.200880	 36.446370	 19.330890	 19.729560	-6.693716	 19.242510	 17.834990	-5.683924	 19.249630	-72.438520	 17.511660	 9.804585	 30.575160	-3.778848	 9.430030	 23.401000	-0.508127	 10.279810	-65.356160	-51.617550	-12.041010	-7.588076	 16.022730	-0.540169	 0.139211	 14.789960	-0.368235	 3.437935	 0.083998	-21.313810	 89.822110	-112.327800	 4.109185	-90.185110	 179.164700	 3.003428	 110.141500	-0.813313	 0.122417	-8.559153	 8.629979	 21.418800	 51.102910	-65.415990	-45.766140	 0.459674	 20.978830	-49.534100	-50.367250	-4.023602	-0.764072	 17.773970	 2.494594	-1.128541	 14.423870	 3.275819	-0.683285	-80.838610	 6.213878	 4.360845	 14.759360	-0.242843	 3.156668	 20.500170	 2.920215	 4.275348	-71.225650	 35.562580	 19.149530	 14.272620	-6.685591	 19.245740	 18.300940	-5.753046	 19.259550	-75.837390	 18.372160	 10.352890	 18.565350	-3.815586	 9.416484	 19.093980	-0.481943	 10.083090	-69.935740	-40.388420	-3.900068	 28.441250	-11.462130	-0.439739	-0.076249	-3.892335	-0.280729	 3.293334	 0.000000	 90.000000	 0.000000	-175.536200	-9.851092	 168.178300	-150.681000	-13.347330	-11.522660
-0.058564	-0.113123	 0.003712	-127.504000	-0.438663	-96.949870	-6.273334	-3.790433	-1.788768	-6.081137	-10.054830	-1.651722	 1.523823	-6.895327	 106.470400	-0.813313	 0.122417	-8.559153	-14.181600	 8.711402	 59.201080	-119.949100	 20.285330	 10.328970	 33.755250	 19.420870	-29.025760	-11.701400	-4.668533	 49.406210	 2.465911	-1.147733	 53.637180	 2.739605	 0.675539	-52.364350	-0.444680	 1.204499	 40.236040	-0.238570	 3.158381	 22.052660	 2.700356	 4.942756	-61.307010	 36.549770	 19.375030	 19.653420	-6.693918	 19.242450	 17.823830	-5.687349	 19.249990	-72.607080	 17.563360	 9.837641	 30.495180	-3.778998	 9.429967	 23.382780	-0.507669	 10.277230	-65.416440	-51.617550	-12.041010	-7.588076	 16.022730	-0.540169	 0.139211	 14.789960	-0.368235	 3.437935	 0.087523	-21.690870	 89.835430	-112.533700	 4.590763	-89.961660	 179.123300	 3.175753	 110.084800	-0.813313	 0.122417	-8.559153	 9.390359	 17.817290	 48.334480	-75.804150	-45.238580	-2.079045	 22.889000	-49.247700	-49.775600	-4.016498	-0.776467	 17.583400	 2.494829	-1.128483	 14.153650	 3.277515	-0.696771	-81.100780	 6.237039	 4.364032	 14.649420	-0.242801	 3.156684	 20.515010	 2.921942	 4.267986	-71.332210	 35.722640	 19.211170	 14.128910	-6.685744	 19.245690	 18.292500	-5.752478	 19.259460	-75.809320	 18.467740	 10.399310	 18.530240	-3.815093	 9.416649	 19.151730	-0.482231	 10.086120	-69.865650	-40.625850	-4.002402	 28.390750	-13.272450	-0.429650	-0.088425	-4.813965	-0.275239	 3.287012	 0.000000	 90.000000	 0.000000	-175.726900	-9.845181	 168.234400	-150.802400	-13.093790	-11.677840
-0.056628	-0.112384	 0.003065	-127.585700	-0.476077	-96.751400	-6.260381	-3.814249	-1.514647	-6.030611	-10.002170	-1.360927	 1.489979	-6.747277	 106.451000	-0.813313	 0.122417	-8.559153	-13.778740	 8.927084	 58.537860	-119.932200	 19.651180	 10.139990	 33.443960	 18.981910	-28.220960	-11.701400	-4.668533	 49.406210	 2.465916	-1.147726	 53.628120	 2.739605	 0.675539	-52.364350	-0.419482	 1.224111	 40.233040	-0.238479	 3.158417	 22.085840	 2.703945	 4.934361	-61.435770	 36.675090	 19.428180	 19.566330	-6.694087	 19.242400	 17.814490	-5.691512	 19.250440	-72.812070	 17.580880	 9.849386	 30.415010	-3.779136	 9.429909	 23.366040	-0.507184	 10.274470	-65.480970	-51.617550	-12.041010	-7.588076	 16.022730	-0.540169	 0.139211	 14.789960	-0.368235	 3.437935	 0.092040	-21.867780	 89.848730	-112.666900	 4.925344	-89.837110	 179.089400	 3.320922	 110.020800	-0.813313	 0.122417	-8.559153	 9.325485	 14.133940	 46.115650	-82.108600	-43.977510	-4.039434	 24.052720	-48.337210	-48.568840	-4.061203	-0.812166	 17.427190	 2.495044	-1.128431	 13.908120	 3.277785	-0.698962	-81.143370	 6.241411	 4.361795	 14.588250	-0.243365	 3.156473	 20.312720	 2.923689	 4.260475	-71.440860	 35.993400	 19.310240	 14.032190	-6.688426	 19.244870	 18.143750	-5.751553	 19.259300	-75.763230	 18.605480	 10.466100	 18.504050	-3.816481	 9.416184	 18.989250	-0.482012	 10.083820	-69.918800	-40.854060	-4.096878	 28.357610	-14.999280	-0.419668	-0.099728	-5.566689	-0.270678	 3.281917	 0.000000	 90.000000	 0.000000	-175.962800	-9.772561	 168.244200	-150.975100	-12.751910	-11.910770
-0.054482	-0.112061	 0.002679	-127.906800	-0.455472	-96.535960	-6.258328	-3.850522	-1.258714	-6.000985	-10.082980	-1.121391	 1.450772	-6.575829	 106.426600	-0.813313	 0.122417	-8.559153	-13.245770	 9.127288	 57.784750	-119.860200	 18.896000	 9.852468	 33.314010	 18.295360	-27.532680	-11.701400	-4.668533	 49.406260	 2.465922	-1.147718	 53.617690	 2.739605	 0.675539	-52.364350	-0.386938	 1.249437	 40.229470	-0.238367	 3.158463	 22.126220	 2.708547	 4.923517	-61.601910	 36.836850	 19.496350	 19.458150	-6.694240	 19.242350	 17.806060	-5.696889	 19.251040	-73.076900	 17.709630	 9.930335	 30.298990	-3.779278	 9.429847	 23.348880	-0.506612	 10.271200	-65.557330	-51.617550	-12.041010	-7.588076	 16.022730	-0.540169	 0.139211	 14.789960	-0.368235	 3.437935	 0.098197	-21.809260	 89.863650	-112.534200	 5.102730	-89.818500	 179.097800	 3.317465	 109.863400	-0.813313	 0.122417	-8.559153	 7.672903	 7.998087	 44.443760	-86.736750	-42.179980	-6.383712	 25.158280	-46.811030	-46.143380	-4.181019	-0.943841	 16.556730	 2.496115	-1.128187	 12.684150	 3.277899	-0.699893	-81.161470	 6.199393	 4.320411	 14.276210	-0.247014	 3.155167	 19.010030	 2.928436	 4.239724	-71.740840	 36.622500	 19.536390	 13.889710	-6.704341	 19.240110	 17.263520	-5.750131	 19.259080	-75.692900	 18.892140	 10.605280	 18.550500	-3.826762	 9.412855	 17.790090	-0.479902	 10.060280	-70.463230	-41.100530	-4.195155	 28.337120	-16.851820	-0.408595	-0.111522	-6.221375	-0.266647	 3.277531	 0.000000	 90.000000	 0.000000	-176.243400	-9.578037	 168.317500	-151.180400	-12.281210	-11.991350
-0.053006	-0.112375	 0.002461	-128.357500	-0.413421	-96.411490	-6.258811	-3.881882	-1.076015	-5.987305	-10.224790	-0.978086	 1.412956	-6.409672	 106.405300	-0.813313	 0.122417	-8.559153	-12.730980	 9.225604	 57.349940	-119.726800	 18.260980	 9.511729	 33.357030	 17.607110	-27.027130	-11.701400	-4.668534	 49.406360	 2.465926	-1.147712	 53.608570	 2.739605	 0.675539	-52.364350	-0.356727	 1.272944	 40.226300	-0.238268	 3.158502	 22.162110	 2.712792	 4.913439	-61.756130	 36.987120	 19.559290	 19.360120	-6.694338	 19.242320	 17.800540	-5.701880	 19.251630	-73.322790	 17.791570	 9.981841	 30.202320	-3.779387	 9.429799	 23.335580	-0.506117	 10.268340	-65.624170	-51.617550	-12.041010	-7.588076	 16.022730	-0.540169	 0.139211	 14.789960	-0.368235	 3.437935	 0.105373	-21.566840	 89.876240	-112.235700	 5.171619	-90.098030	 179.152800	 3.137638	 109.656200	-0.813313	 0.122417	-8.559153	 5.176484	 1.061966	 42.656620	-89.561990	-40.495520	-8.529711	 24.470880	-45.100080	-44.623260	-4.328248	-1.094223	 15.582570	 2.497317	-1.127942	 11.317450	 3.278152	-0.701966	-81.201750	 6.131857	 4.257654	 13.819410	-0.251207	 3.153780	 17.525620	 2.935141	 4.209522	-72.176800	 37.312640	 19.781760	 13.756310	-6.722539	 19.234990	 16.262160	-5.748660	 19.258840	-75.620110	 19.196400	 10.753560	 18.639310	-3.838497	 9.409340	 16.430950	-0.477829	 10.034160	-71.066870	-41.301090	-4.275043	 28.320170	-18.358950	-0.399302	-0.120846	-6.623279	-0.264161	 3.274865	 0.000000	 90.000000	 0.000000	-176.481200	-9.377748	 168.461800	-151.332800	-11.812160	-11.955290
-0.052520	-0.112814	 0.002365	-129.129600	-0.376561	-96.290090	-6.257378	-3.901346	-0.980309	-5.974604	-10.384340	-0.881706	 1.366448	-6.203619	 106.386100	-0.813313	 0.122417	-8.559153	-12.167480	 9.390295	 57.061520	-119.553600	 17.641590	 9.157776	 33.472630	 16.825450	-26.822820	-11.701400	-4.668534	 49.406470	 2.465931	-1.147705	 53.599520	 2.739605	 0.675539	-52.364350	-0.326278	 1.296634	 40.223140	-0.238172	 3.158542	 22.197130	 2.717041	 4.903273	-61.911550	 37.138790	 19.622470	 19.262670	-6.694409	 19.242300	 17.796670	-5.706908	 19.252240	-73.570660	 17.832390	 10.007720	 30.115240	-3.779485	 9.429759	 23.323820	-0.505639	 10.265560	-65.689130	-51.617550	-12.041010	-7.588076	 16.022730	-0.540169	 0.139211	 14.789960	-0.368235	 3.437935	 0.114880	-21.231700	 89.888480	-111.857300	 5.107810	-90.615490	 179.269300	 2.756723	 109.160000	-0.813313	 0.122417	-8.559153	 1.906293	-6.283193	 40.293100	-88.763600	-39.366620	-10.423200	 21.471490	-42.851620	-42.375010	-4.479945	-1.287344	 14.029520	 2.499230	-1.127612	 9.155373	 3.278119	-0.701695	-81.196490	 6.001042	 4.160379	 13.265950	-0.258023	 3.151778	 15.138120	 2.942551	 4.174802	-72.677060	 38.315210	 20.134630	 13.526140	-6.751806	 19.227420	 14.662040	-5.745127	 19.258280	-75.444990	 19.610750	 10.955980	 18.732500	-3.857340	 9.404314	 14.267760	-0.475218	 9.994489	-71.982610	-41.487270	-4.349122	 28.304190	-19.757590	-0.390465	-0.129278	-6.878138	-0.262570	 3.273176	 0.000000	 90.000000	 0.000000	-176.669900	-9.047465	 168.779800	-151.510500	-11.270370	-11.927250
-0.052643	-0.113975	 0.001757	-130.433900	-0.303638	-96.147820	-6.239933	-3.903522	-0.915585	-5.948111	-10.536860	-0.808216	 1.293795	-5.878954	 106.368000	-0.813313	 0.122417	-8.559153	-11.488370	 9.767238	 56.931210	-119.343800	 17.065380	 8.806584	 33.825400	 15.926630	-27.019410	-11.701400	-4.668534	 49.406680	 2.465937	-1.147697	 53.588870	 2.739605	 0.675539	-52.364350	-0.291233	 1.323896	 40.219390	-0.238065	 3.158586	 22.236160	 2.721898	 4.891557	-62.090400	 37.313600	 19.694880	 19.151580	-6.694457	 19.242280	 17.793920	-5.712685	 19.252960	-73.855650	 17.872190	 10.032950	 30.018580	-3.779585	 9.429717	 23.311680	-0.505104	 10.262440	-65.762050	-51.617550	-12.041010	-7.588076	 16.022730	-0.540169	 0.139211	 14.789960	-0.368235	 3.437935	 0.129068	-20.554870	 89.901970	-111.147300	 4.943706	-91.669760	 179.493600	 1.973611	 108.262800	-0.813313	 0.122417	-8.559153	-5.008933	-17.371310	 33.738190	-85.883030	-38.794410	-12.444820	 15.643470	-40.094780	-39.948040	-4.775953	-1.521466	 12.718960	 2.500833	-1.127393	 7.352559	 3.277875	-0.699701	-81.157730	 5.802339	 4.024915	 12.566180	-0.263825	 3.150313	 13.126660	 2.948173	 4.147414	-73.071020	 39.068400	 20.396360	 13.388540	-6.776527	 19.221670	 13.319540	-5.737749	 19.257150	-75.079820	 19.900060	 11.099060	 18.884760	-3.873186	 9.400666	 12.464320	-0.473415	 9.958628	-72.809560	-41.691090	-4.430146	 28.286420	-21.288490	-0.380552	-0.138250	-7.009224	-0.261752	 3.272315	 0.000000	 90.000000	 0.000000	-176.830800	-8.556697	 169.319800	-151.766300	-10.383340	-11.792320
-0.053640	-0.115002	 0.000750	-131.937900	-0.224635	-96.067500	-6.205200	-3.878063	-0.910292	-5.893960	-10.436650	-0.799904	 1.236197	-5.619941	 106.361300	-0.813313	 0.122417	-8.559153	-11.052220	 10.124800	 56.982970	-118.963700	 16.789100	 8.641579	 34.163060	 15.332760	-27.416780	-11.701400	-4.668536	 49.406900	 2.465942	-1.147691	 53.579760	 2.739605	 0.675539	-52.364350	-0.263242	 1.345667	 40.216250	-0.237981	 3.158620	 22.266360	 2.725756	 4.882176	-62.233450	 37.453780	 19.752640	 19.063050	-6.694475	 19.242280	 17.793040	-5.717298	 19.253560	-74.083350	 17.934280	 10.071690	 29.936630	-3.779660	 9.429686	 23.302650	-0.504685	 10.259970	-65.819770	-51.617550	-12.041010	-7.588076	 16.022730	-0.540169	 0.139211	 14.789960	-0.368235	 3.437935	 0.143237	-19.836830	 89.912900	-110.422100	 4.624607	-92.849400	 179.693700	 1.295424	 106.911300	-0.813313	 0.122417	-8.559153	-13.140950	-26.497920	 25.770130	-81.681780	-39.509080	-14.095930	 10.037580	-38.201890	-35.217850	-5.058788	-1.714185	 11.790510	 2.501946	-1.127271	 6.104880	 3.277624	-0.697654	-81.117970	 5.535679	 3.870991	 12.001210	-0.267957	 3.149399	 11.704520	 2.949551	 4.140550	-73.169660	 39.477830	 20.537660	 13.318310	-6.793922	 19.217970	 12.379310	-5.731214	 19.256180	-74.756520	 20.026820	 11.163070	 19.014210	-3.884250	 9.398422	 11.212640	-0.472796	 9.943119	-73.167060	-41.852950	-4.494433	 28.272090	-22.503840	-0.372517	-0.145190	-6.987478	-0.261880	 3.272461	 0.000000	 90.000000	 0.000000	-176.926500	-8.124735	 169.790500	-151.955300	-9.527107	-11.493540
-0.055213	-0.116184	-0.000287	-133.180500	-0.144585	-96.016970	-6.154250	-3.817662	-0.978251	-5.804928	-10.188060	-0.859128	 1.209774	-5.499642	 106.367400	-0.813313	 0.122417	-8.559153	-10.810800	 10.362560	 57.263870	-118.429600	 16.630890	 8.555804	 34.410930	 14.802370	-28.106950	-11.701400	-4.668536	 49.407160	 2.465947	-1.147684	 53.570720	 2.739605	 0.675539	-52.364350	-0.238483	 1.364921	 40.213160	-0.237910	 3.158649	 22.292200	 2.729152	 4.873863	-62.360090	 37.578250	 19.803700	 18.984570	-6.694468	 19.242280	 17.793390	-5.721370	 19.254100	-74.284470	 18.020220	 10.124900	 29.858550	-3.779724	 9.429658	 23.294850	-0.504313	 10.257770	-65.871130	-51.617550	-12.041010	-7.588076	 16.022730	-0.540169	 0.139211	 14.789960	-0.368235	 3.437935	 0.158745	-19.093770	 89.923430	-109.696900	 4.139770	-94.141830	 179.813500	 0.961559	 105.161700	-0.813313	 0.122417	-8.559153	-21.513750	-32.976630	 16.245120	-75.657420	-41.298780	-15.572720	 2.386761	-36.783840	-28.368210	-5.211979	-1.826920	 11.125640	 2.502846	-1.127190	 5.098476	 3.277461	-0.696329	-81.092200	 5.457909	 3.810493	 11.567590	-0.270985	 3.148798	 10.667210	 2.950323	 4.136680	-73.225280	 39.714450	 20.618870	 13.254580	-6.807152	 19.215350	 11.666410	-5.726874	 19.255560	-74.542230	 20.117930	 11.209170	 19.100320	-3.893072	 9.396811	 10.218330	-0.472458	 9.933323	-73.392780	-42.002250	-4.553688	 28.258730	-23.624970	-0.364982	-0.151436	-6.853460	-0.262727	 3.273342	 0.000000	 90.000000	 0.000000	-176.917500	-7.605167	 170.339800	-152.091500	-8.741644	-11.175610
-0.057906	-0.117317	-0.001507	-135.025700	 0.025278	-95.935720	-6.071309	-3.634030	-1.125417	-5.659977	-9.679591	-0.991432	 1.205696	-5.475821	 106.403100	-0.813313	 0.122417	-8.559153	-10.757810	 10.387740	 57.798960	-117.792400	 16.829050	 8.496365	 34.683300	 14.452090	-29.365950	-11.701400	-4.668536	 49.407500	 2.465952	-1.147677	 53.560060	 2.739605	 0.675539	-52.364350	-0.214621	 1.383475	 40.209630	-0.237845	 3.158676	 22.315880	 2.732416	 4.865821	-62.482490	 37.699110	 19.853080	 18.907980	-6.694434	 19.242290	 17.795260	-5.725286	 19.254640	-74.478000	 18.131020	 10.193180	 29.777240	-3.779788	 9.429631	 23.287040	-0.503946	 10.255580	-65.922270	-51.617550	-12.041010	-7.588076	 16.022730	-0.540169	 0.139211	 14.789960	-0.368235	 3.437935	 0.178606	-18.298300	 89.935760	-108.952200	 3.466886	-95.627790	 179.896500	 0.806560	 103.044000	-0.813313	 0.122417	-8.559153	-31.482600	-37.842310	 4.152552	-68.754800	-44.129030	-17.125060	-7.349484	-36.486940	-19.672910	-5.303959	-1.885071	 10.853740	 2.503543	-1.127138	 4.319880	 3.279937	-0.716958	-81.493000	 5.898262	 3.978079	 11.186490	-0.272428	 3.148532	 10.174130	 2.967306	 4.045877	-74.526830	 41.170650	 21.102070	 12.381360	-6.815036	 19.213860	 11.242500	-5.753945	 19.259700	-75.881890	 20.991320	 11.617390	 18.369440	-3.899453	 9.395741	 9.501028	-0.471541	 9.896901	-74.231740	-42.165270	-4.618327	 28.243960	-24.848580	-0.356609	-0.158086	-6.561515	-0.264542	 3.275271	 0.000000	 90.000000	 0.000000	-176.799900	-6.963546	 170.986100	-152.191900	-7.665644	-10.746600
-0.060352	-0.117863	-0.002133	-136.546800	 0.179642	-95.895240	-5.981066	-3.359661	-1.282771	-5.509625	-9.084403	-1.134566	 1.209755	-5.485279	 106.461500	-0.813313	 0.122417	-8.559153	-10.866670	 10.259990	 58.328720	-117.145700	 17.267340	 8.500270	 34.897210	 14.359100	-30.685100	-11.701400	-4.668538	 49.407820	 2.465957	-1.147670	 53.551090	 2.739605	 0.675539	-52.364350	-0.200507	 1.394447	 40.206820	-0.237810	 3.158690	 22.328530	 2.734350	 4.861032	-62.555320	 37.771700	 19.882650	 18.861100	-6.694386	 19.242310	 17.797920	-5.727594	 19.254960	-74.592030	 18.159410	 10.210730	 29.734590	-3.779834	 9.429610	 23.281560	-0.503710	 10.254160	-65.955350	-51.617550	-12.041010	-7.588076	 16.022730	-0.540169	 0.139211	 14.789960	-0.368235	 3.437935	 0.196433	-17.778590	 89.946320	-108.506700	 2.610271	-96.798600	 179.942600	 0.833035	 100.909400	-0.813313	 0.122417	-8.559153	-36.586510	-39.960920	-2.352433	-68.062540	-45.693080	-18.950040	-12.005350	-37.139790	-15.790800	-5.394764	-1.948394	 10.485650	 2.504262	-1.127094	 3.517871	 3.283095	-0.745248	-82.042090	 6.565007	 4.242651	 10.850570	-0.273940	 3.148267	 9.658136	 2.985874	 3.930114	-76.178560	 42.923900	 21.649770	 11.285680	-6.820251	 19.212910	 10.962350	-5.792246	 19.266610	-77.787310	 22.087630	 12.105630	 17.331000	-3.905958	 9.394734	 8.771255	-0.471157	 9.857421	-75.140850	-42.291390	-4.668304	 28.232400	-25.795190	-0.350042	-0.163109	-6.212315	-0.266712	 3.277590	 0.000000	 90.000000	 0.000000	-176.693400	-6.458194	 171.454500	-152.239700	-6.604184	-10.284920
-0.063164	-0.118535	-0.002739	-138.513400	 0.372133	-95.867450	-5.872619	-3.022421	-1.449901	-5.338663	-8.337157	-1.286732	 1.219717	-5.518233	 106.539300	-0.813313	 0.122417	-8.559153	-11.065480	 10.021390	 58.839110	-116.461700	 17.811160	 8.532446	 35.087910	 14.356650	-32.078980	-11.701400	-4.668539	 49.408210	 2.465962	-1.147664	 53.542190	 2.739605	 0.675539	-52.364350	-0.194450	 1.399151	 40.204200	-0.237788	 3.158699	 22.336470	 2.735212	 4.858894	-62.587840	 37.804240	 19.895970	 18.832800	-6.694322	 19.242330	 17.801540	-5.728561	 19.255090	-74.639840	 18.177520	 10.221870	 29.714900	-3.779872	 9.429597	 23.277030	-0.503519	 10.253030	-65.981890	-51.617550	-12.041010	-7.588076	 16.022730	-0.540169	 0.139211	 14.789960	-0.368235	 3.437935	 0.215187	-17.372220	 89.956880	-108.194000	 1.605651	-97.862380	 179.986300	 0.875819	 98.798030	-0.813313	 0.122417	-8.559153	-40.041450	-41.199840	-7.883734	-69.860660	-46.746700	-21.279910	-14.583720	-37.874420	-14.241840	-5.431153	-1.980220	 10.234640	 2.504699	-1.127073	 3.029340	 3.286057	-0.774338	-82.606130	 7.278970	 4.513044	 10.388950	-0.274423	 3.148185	 9.493609	 3.001109	 3.813681	-77.832620	 44.669600	 22.158700	 10.182680	-6.822695	 19.212470	 10.831240	-5.831574	 19.275010	-79.757380	 23.190230	 12.570380	 16.245590	-3.909631	 9.394203	 8.359862	-0.471384	 9.819932	-76.003930	-42.407220	-4.714172	 28.221700	-26.664450	-0.343935	-0.167620	-5.777772	-0.269382	 3.280497	 0.000000	 90.000000	 0.000000	-176.559400	-5.658437	 171.869400	-152.233500	-5.454952	-10.317830
-0.065985	-0.119187	-0.003379	-140.592000	 0.595414	-95.856480	-5.725791	-2.613062	-1.629164	-5.119918	-7.185914	-1.448386	 1.242809	-5.605228	 106.645700	-0.813313	 0.122417	-8.559153	-11.330660	 9.629743	 59.156020	-115.740500	 18.656760	 8.583204	 35.318720	 14.563230	-33.745450	-11.701400	-4.668540	 49.408700	 2.465967	-1.147656	 53.531930	 2.739605	 0.675539	-52.364350	-0.197636	 1.396667	 40.201410	-0.237769	 3.158707	 22.343310	 2.734869	 4.859745	-62.574910	 37.798770	 19.893980	 18.816920	-6.694227	 19.242360	 17.806740	-5.727986	 19.255020	-74.611340	 18.175100	 10.220360	 29.725790	-3.779906	 9.429581	 23.272890	-0.503325	 10.251850	-66.009320	-51.617550	-12.041010	-7.588076	 16.022730	-0.540169	 0.139211	 14.789960	-0.368235	 3.437935	 0.237981	-16.976520	 89.968770	-107.924500	 0.417283	-98.980470	-179.970700	 0.971360	 96.484220	-0.813313	 0.122417	-8.559153	-43.070000	-42.142090	-12.845270	-73.901950	-47.542450	-24.088380	-16.515370	-39.086300	-13.154830	-5.431269	-1.990603	 10.074020	 2.505109	-1.127057	 2.573485	 3.290389	-0.823287	-83.554080	 8.493381	 4.976253	 9.804335	-0.274193	 3.148224	 9.572170	 3.019060	 3.617820	-80.602770	 47.628070	 22.940540	 8.304906	-6.827093	 19.211690	 10.595340	-5.896859	 19.291980	-83.066270	 25.057790	 13.300410	 14.394000	-3.912812	 9.393765	 8.003951	-0.473025	 9.757632	-77.438550	-42.528780	-4.762275	 28.210360	-27.576550	-0.337463	-0.172260	-5.178369	-0.273040	 3.284539	 0.000000	 90.000000	 0.000000	-176.352200	-4.984036	 172.329600	-152.210000	-4.732039	-10.809420
-0.068259	-0.119539	-0.003690	-141.973100	 0.765177	-95.876390	-5.590985	-2.312454	-1.742483	-4.940588	-6.343963	-1.550500	 1.267540	-5.700852	 106.738700	-0.813313	 0.122417	-8.559153	-11.543570	 9.259244	 59.259430	-115.265700	 19.310530	 8.611109	 35.501620	 14.752330	-34.943970	-11.701410	-4.668541	 49.409130	 2.465972	-1.147651	 53.523600	 2.739605	 0.675539	-52.364350	-0.206189	 1.390013	 40.199300	-0.237759	 3.158711	 22.347090	 2.733804	 4.862389	-62.534720	 37.754230	 19.876180	 18.819250	-6.694136	 19.242380	 17.811740	-5.726521	 19.254810	-74.538970	 18.151230	 10.205640	 29.755950	-3.779927	 9.429573	 23.270330	-0.503183	 10.251000	-66.029300	-51.617550	-12.041010	-7.588076	 16.022730	-0.540169	 0.139211	 14.789960	-0.368235	 3.437935	 0.257396	-16.657930	 89.977980	-107.714400	-0.447472	-99.819460	-179.956900	 1.071655	 95.429970	-0.813313	 0.122417	-8.559153	-45.375120	-42.503170	-16.959420	-74.977010	-48.971400	-26.136150	-17.900390	-40.091410	-13.379790	-5.419168	-1.988053	 10.033580	 2.505573	-1.127041	 2.056222	 3.293574	-0.867080	-84.401090	 9.588567	 5.399057	 9.443171	-0.273783	 3.148293	 9.711923	 3.027051	 3.442494	-83.074130	 50.300930	 23.561730	 6.599138	-6.830223	 19.211150	 10.427530	-5.954231	 19.310130	-86.022930	 26.744930	 13.899590	 12.713240	-3.916599	 9.393269	 7.580592	-0.475808	 9.702394	-78.711460	-42.618320	-4.797694	 28.201940	-28.248210	-0.332641	-0.175603	-4.619645	-0.276400	 3.288338	 0.000000	 90.000000	 0.000000	-176.154600	-4.571899	 172.731000	-152.173500	-4.234578	-11.264700
-0.070031	-0.119771	-0.004155	-142.946700	 0.886221	-95.881770	-5.447424	-2.119208	-1.805328	-4.779642	-5.883874	-1.607589	 1.294194	-5.804554	 106.829900	-0.813313	 0.122417	-8.559153	-11.727250	 8.888259	 59.333350	-114.960800	 19.686880	 8.600367	 35.662640	 14.798210	-35.732590	-11.701410	-4.668543	 49.409610	 2.465976	-1.147645	 53.515380	 2.739605	 0.675539	-52.364350	-0.218059	 1.380777	 40.197230	-0.237753	 3.158713	 22.349270	 2.732299	 4.866109	-62.478110	 37.671590	 19.843010	 18.836050	-6.694036	 19.242410	 17.817300	-5.724508	 19.254530	-74.439540	 18.106620	 10.178150	 29.799440	-3.779943	 9.429566	 23.268480	-0.503056	 10.250230	-66.047200	-51.617550	-12.041010	-7.588076	 16.022730	-0.540169	 0.139211	 14.789960	-0.368235	 3.437935	 0.277281	-16.367780	 89.986700	-107.495800	-0.923556	-100.551400	-179.937000	 1.178503	 94.191520	-0.813313	 0.122417	-8.559153	-47.470060	-42.682630	-20.718240	-75.086100	-50.700960	-28.033960	-18.971340	-41.125180	-13.312650	-5.416154	-1.984872	 10.063050	 2.505914	-1.127033	 1.676159	 3.295236	-0.894475	-84.930530	 10.036240	 5.559035	 9.194622	-0.273556	 3.148333	 9.789056	 3.028198	 3.333525	-84.608340	 51.969790	 23.910360	 5.537857	-6.833141	 19.210660	 10.271160	-5.989526	 19.322870	-87.869230	 27.806050	 14.247490	 11.650330	-3.919450	 9.392915	 7.262289	-0.478118	 9.668682	-79.488980	-42.698660	-4.829457	 28.194350	-28.850930	-0.328285	-0.178558	-4.009844	-0.280031	 3.292523	 0.000000	 90.000000	 0.000000	-175.957100	-4.253862	 173.061700	-152.156500	-4.072411	-11.766520
-0.071548	-0.119588	-0.004658	-143.681700	 0.975298	-95.870660	-5.273159	-2.026030	-1.810319	-4.625417	-5.608359	-1.614125	 1.323198	-5.917240	 106.924700	-0.813313	 0.122417	-8.559153	-11.865780	 8.503417	 59.329240	-114.786000	 19.904330	 8.541483	 35.856220	 14.766360	-36.215430	-11.701410	-4.668544	 49.410210	 2.465981	-1.147638	 53.506030	 2.739605	 0.675539	-52.364350	-0.233248	 1.368962	 40.194860	-0.237751	 3.158714	 22.349840	 2.730355	 4.870904	-62.405130	 37.552390	 19.795020	 18.865130	-6.693910	 19.242450	 17.824300	-5.721934	 19.254180	-74.312300	 18.042410	 10.138530	 29.856370	-3.779953	 9.429561	 23.267110	-0.502927	 10.249450	-66.065510	-51.617550	-12.041010	-7.588076	 16.022730	-0.540169	 0.139211	 14.789960	-0.368235	 3.437935	 0.300666	-16.120470	 89.996280	-107.291700	-1.176967	-101.212600	-179.918200	 1.292410	 93.043370	-0.813313	 0.122417	-8.559153	-49.365500	-42.637150	-24.467460	-74.951070	-52.524060	-29.947300	-19.881030	-42.285020	-12.146040	-5.426066	-1.982235	 10.169600	 2.506160	-1.127028	 1.401703	 3.296501	-0.918849	-85.401340	 10.919660	 5.884952	 8.847723	-0.273545	 3.148335	 9.792971	 3.026791	 3.237663	-85.957900	 53.438450	 24.193940	 4.615185	-6.834248	 19.210470	 10.211870	-6.020571	 19.335110	-89.513110	 28.753840	 14.539580	 10.697590	-3.921440	 9.392675	 7.040115	-0.480464	 9.639873	-80.154060	-42.780400	-4.861757	 28.186570	-29.464080	-0.323826	-0.181520	-3.250495	-0.284491	 3.297790	 0.000000	 90.000000	 0.000000	-175.752800	-4.049210	 173.351100	-152.188600	-4.135970	-12.159580
-0.072491	-0.119178	-0.005102	-144.177300	 1.030510	-95.865150	-5.116328	-1.986927	-1.772956	-4.512073	-5.483905	-1.585209	 1.342620	-5.992396	 106.987000	-0.813313	 0.122417	-8.559153	-11.909000	 8.262709	 59.295550	-114.686800	 20.078900	 8.471427	 36.056070	 14.768330	-36.461460	-11.701410	-4.668546	 49.410770	 2.465985	-1.147632	 53.498100	 2.739605	 0.675539	-52.364350	-0.245272	 1.359610	 40.192750	-0.237754	 3.158713	 22.348730	 2.728814	 4.874691	-62.347480	 37.501710	 19.774650	 18.873750	-6.693794	 19.242490	 17.830720	-5.719894	 19.253900	-74.211550	 18.015670	 10.121910	 29.896910	-3.779958	 9.429560	 23.266570	-0.502829	 10.248850	-66.079430	-51.617550	-12.041010	-7.588076	 16.022730	-0.540169	 0.139211	 14.789960	-0.368235	 3.437935	 0.321067	-15.967860	 90.003930	-107.162500	-1.322502	-101.601000	-179.903800	 1.371069	 92.250140	-0.813313	 0.122417	-8.559153	-50.528600	-42.564890	-26.896060	-74.463080	-53.876900	-31.234160	-20.434980	-43.095650	-10.708060	-5.432736	-1.975950	 10.311480	 2.506364	-1.127025	 1.175236	 3.297270	-0.935974	-85.732020	 11.370020	 6.043142	 8.622633	-0.273483	 3.148345	 9.813954	 3.024441	 3.170140	-86.908920	 54.477310	 24.369810	 3.879138	-6.834135	 19.210490	 10.217970	-6.042369	 19.344300	-90.679520	 29.427980	 14.737450	 10.024780	-3.923054	 9.392488	 6.859844	-0.482311	 9.619684	-80.620350	-42.841380	-4.885845	 28.180740	-29.921400	-0.320470	-0.183695	-2.558029	-0.288498	 3.302642	 0.000000	 90.000000	 0.000000	-175.620800	-3.921158	 173.475800	-152.240000	-4.159346	-12.401760
-0.072896	-0.118206	-0.005532	-144.517700	 1.059479	-95.843140	-4.956890	-1.970008	-1.706679	-4.404768	-5.485263	-1.531849	 1.354194	-6.036237	 107.028600	-0.813313	 0.122417	-8.559153	-11.883010	 8.106714	 59.215590	-114.642500	 20.206560	 8.385450	 36.274420	 14.744840	-36.623230	-11.701410	-4.668547	 49.411370	 2.465989	-1.147626	 53.490430	 2.739605	 0.675539	-52.364350	-0.253893	 1.352903	 40.190540	-0.237761	 3.158710	 22.346190	 2.727720	 4.877376	-62.306610	 37.517310	 19.781060	 18.861010	-6.693674	 19.242520	 17.837350	-5.718425	 19.253710	-74.139010	 18.025050	 10.127540	 29.920820	-3.779958	 9.429560	 23.266530	-0.502742	 10.248320	-66.091710	-51.617550	-12.041010	-7.588076	 16.022730	-0.540169	 0.139211	 14.789960	-0.368235	 3.437935	 0.341316	-15.857700	 90.010860	-107.055800	-1.358747	-101.708700	-179.893900	 1.433499	 91.699050	-0.813313	 0.122417	-8.559153	-51.150280	-42.548990	-28.369030	-74.824940	-54.607170	-32.293610	-20.888800	-43.738530	-9.346391	-5.437613	-1.966861	 10.485100	 2.506407	-1.127025	 1.126125	 3.297674	-0.946003	-85.925660	 11.640950	 6.142345	 8.527945	-0.273380	 3.148364	 9.849236	 3.022572	 3.131151	-87.458310	 55.071700	 24.467930	 3.480695	-6.833899	 19.210530	 10.230610	-6.055166	 19.349930	-91.369400	 29.826360	 14.850680	 9.629786	-3.923330	 9.392457	 6.829086	-0.483402	 9.608563	-80.877430	-42.893050	-4.906248	 28.175780	-30.308970	-0.317621	-0.185523	-1.847653	-0.292543	 3.307672	 0.000000	 90.000000	 0.000000	-175.638800	-3.828802	 173.534200	-152.342400	-4.175733	-12.484070
-0.072801	-0.116480	-0.006087	-144.834900	 1.058565	-95.745710	-4.773260	-2.001860	-1.607303	-4.284452	-5.531088	-1.448743	 1.360009	-6.056993	 107.056600	-0.813313	 0.122417	-8.559153	-11.786180	 7.996872	 59.027020	-114.738800	 20.296540	 8.266522	 36.498610	 14.693150	-36.770360	-11.701410	-4.668549	 49.412090	 2.465994	-1.147620	 53.481870	 2.739605	 0.675539	-52.364350	-0.256776	 1.350658	 40.187810	-0.237774	 3.158705	 22.341630	 2.727390	 4.878181	-62.294340	 37.547050	 19.793190	 18.843760	-6.693534	 19.242570	 17.845100	-5.717910	 19.253640	-74.113600	 18.041860	 10.137830	 29.926960	-3.779954	 9.429561	 23.267020	-0.502653	 10.247790	-66.104100	-51.617550	-12.041010	-7.588076	 16.022730	-0.540169	 0.139211	 14.789960	-0.368235	 3.437935	 0.364223	-15.763190	 90.017710	-106.961400	-1.405181	-101.621800	-179.886300	 1.491898	 91.257880	-0.813313	 0.122417	-8.559153	-51.440150	-42.642640	-29.442680	-76.048900	-55.029660	-33.558410	-21.472680	-44.286910	-8.654636	-5.441039	-1.954004	 10.707460	 2.506407	-1.127025	 1.127464	 3.298138	-0.958723	-86.171200	 11.891350	 6.240695	 8.497458	-0.273217	 3.148392	 9.904880	 3.020522	 3.095297	-87.963750	 55.613770	 24.566870	 3.207282	-6.833852	 19.210540	 10.233080	-6.066974	 19.355290	-92.009550	 30.195510	 14.941830	 9.166904	-3.923229	 9.392468	 6.840419	-0.484695	 9.595983	-81.168380	-42.941460	-4.925360	 28.171110	-30.672000	-0.314932	-0.187210	-1.018879	-0.297191	 3.313601	 0.000000	 90.000000	 0.000000	-175.776800	-3.730293	 173.491800	-152.529800	-4.230524	-12.446160
-0.072353	-0.114805	-0.006543	-144.964200	 1.023811	-95.613910	-4.613364	-2.055763	-1.510131	-4.180993	-5.634811	-1.364803	 1.361229	-6.060278	 107.068700	-0.813313	 0.122417	-8.559153	-11.664900	 7.936592	 58.811790	-114.897300	 20.342400	 8.150583	 36.640590	 14.650050	-36.852610	-11.701410	-4.668551	 49.412750	 2.465998	-1.147615	 53.474620	 2.739605	 0.675539	-52.364350	-0.253817	 1.352955	 40.185220	-0.237789	 3.158699	 22.336230	 2.727841	 4.877079	-62.311130	 37.565530	 19.800730	 18.832380	-6.693413	 19.242610	 17.851880	-5.718347	 19.253700	-74.135120	 18.054000	 10.145340	 29.917710	-3.779948	 9.429564	 23.267840	-0.502587	 10.247380	-66.113680	-51.617550	-12.041010	-7.588076	 16.022730	-0.540169	 0.139211	 14.789960	-0.368235	 3.437935	 0.383841	-15.690670	 90.022610	-106.890200	-1.468902	-101.429100	-179.885000	 1.537333	 91.084260	-0.813313	 0.122417	-8.559153	-51.200860	-42.780090	-29.643520	-77.336580	-55.279260	-34.532270	-21.978430	-44.762370	-8.503792	-5.442133	-1.941537	 10.907980	 2.506418	-1.127025	 1.114899	 3.298239	-0.961719	-86.229030	 11.966770	 6.270714	 8.491618	-0.273041	 3.148423	 9.964767	 3.019947	 3.086126	-88.093080	 55.740360	 24.593150	 3.167971	-6.833674	 19.210570	 10.242610	-6.070377	 19.356860	-92.194740	 30.297810	 14.968560	 9.056070	-3.923257	 9.392465	 6.837245	-0.484790	 9.595083	-81.189190	-42.974530	-4.938409	 28.167920	-30.919970	-0.313094	-0.188354	-0.290493	-0.301200	 3.318867	 0.000000	 90.000000	 0.000000	-175.907600	-3.652102	 173.450100	-152.730300	-4.289600	-12.394540
-0.071704	-0.112935	-0.006961	-145.013800	 0.968315	-95.458220	-4.463532	-2.112871	-1.418118	-4.082452	-5.759036	-1.282130	 1.361410	-6.060214	 107.073800	-0.813313	 0.122417	-8.559153	-11.537440	 7.888708	 58.594600	-115.063500	 20.371700	 8.035370	 36.747050	 14.611760	-36.900440	-11.701420	-4.668553	 49.413470	 2.466002	-1.147610	 53.467950	 2.739605	 0.675539	-52.364350	-0.248573	 1.357028	 40.182670	-0.237806	 3.158692	 22.329890	 2.728614	 4.875182	-62.340000	 37.595570	 19.812910	 18.818170	-6.693296	 19.242640	 17.858280	-5.719127	 19.253800	-74.173780	 18.072870	 10.156990	 29.901400	-3.779939	 9.429569	 23.268910	-0.502530	 10.247030	-66.121920	-51.617550	-12.041010	-7.588076	 16.022730	-0.540169	 0.139211	 14.789960	-0.368235	 3.437935	 0.401970	-15.614700	 90.026180	-106.812600	-1.511733	-101.139100	-179.888500	 1.580706	 91.080420	-0.813313	 0.122417	-8.559153	-50.775970	-42.919390	-29.576070	-79.022110	-55.248500	-35.411160	-22.297430	-45.217100	-8.232085	-5.441470	-1.929438	 11.090720	 2.506417	-1.127025	 1.116006	 3.298217	-0.961040	-86.215930	 12.054680	 6.303720	 8.469103	-0.272851	 3.148456	 10.029600	 3.019416	 3.077935	-88.208600	 55.850710	 24.615870	 3.132833	-6.833395	 19.210610	 10.257570	-6.073412	 19.358270	-92.360020	 30.387000	 15.002840	 9.055016	-3.923185	 9.392473	 6.845271	-0.484688	 9.596045	-81.166920	-42.998020	-4.947678	 28.165640	-31.096110	-0.311792	-0.189161	 0.396325	-0.304922	 3.323877	 0.000000	 90.000000	 0.000000	-176.090400	-3.582455	 173.414800	-152.940600	-4.302824	-12.276010
-0.070834	-0.110628	-0.007423	-145.004200	 0.880116	-95.255910	-4.294794	-2.179110	-1.324057	-3.967381	-5.964871	-1.191907	 1.361036	-6.059874	 107.066100	-0.813313	 0.122417	-8.559153	-11.379360	 7.850787	 58.362500	-115.304500	 20.394920	 7.897419	 36.859240	 14.571470	-36.931200	-11.701420	-4.668556	 49.414300	 2.466006	-1.147605	 53.460450	 2.739605	 0.675539	-52.364350	-0.239859	 1.363798	 40.179600	-0.237830	 3.158682	 22.321130	 2.729878	 4.872078	-62.387270	 37.643850	 19.832440	 18.798100	-6.693165	 19.242680	 17.865480	-5.720436	 19.253980	-74.238280	 18.097640	 10.172320	 29.875270	-3.779926	 9.429573	 23.270430	-0.502467	 10.246650	-66.130660	-51.617550	-12.041010	-7.588076	 16.022730	-0.540169	 0.139211	 14.789960	-0.368235	 3.437935	 0.422127	-15.497310	 90.028710	-106.693000	-1.543268	-100.777400	-179.896500	 1.637706	 91.183170	-0.813313	 0.122417	-8.559153	-49.932610	-43.137600	-28.955150	-81.154530	-54.870750	-36.174160	-22.491930	-45.606890	-7.910458	-5.438540	-1.916165	 11.275930	 2.506402	-1.127025	 1.132004	 3.298200	-0.960520	-86.205880	 12.059170	 6.303787	 8.455145	-0.272609	 3.148499	 10.112260	 3.019478	 3.078900	-88.194990	 55.812680	 24.607020	 3.137796	-6.832947	 19.210690	 10.281540	-6.073738	 19.358430	-92.377780	 30.387110	 15.005170	 9.074633	-3.922990	 9.392494	 6.866988	-0.484746	 9.595490	-81.179750	-43.015550	-4.954607	 28.163940	-31.227640	-0.310814	-0.189766	 1.174968	-0.309065	 3.329613	 0.000000	 90.000000	 0.000000	-176.345100	-3.515485	 173.331100	-153.189300	-4.246006	-12.086440
-0.070155	-0.108702	-0.007754	-144.951700	 0.788596	-95.081560	-4.159462	-2.240955	-1.266555	-3.869313	-6.220499	-1.128948	 1.359143	-6.055389	 107.043800	-0.813313	 0.122417	-8.559153	-11.230490	 7.857247	 58.212290	-115.603200	 20.408040	 7.777757	 36.965270	 14.541620	-36.947420	-11.701420	-4.668556	 49.415070	 2.466009	-1.147601	 53.454400	 2.739605	 0.675539	-52.364350	-0.230669	 1.370937	 40.176920	-0.237854	 3.158672	 22.312590	 2.731202	 4.868818	-62.436910	 37.694280	 19.852790	 18.778610	-6.693062	 19.242710	 17.871240	-5.721828	 19.254170	-74.307010	 18.115510	 10.183390	 29.848970	-3.779914	 9.429578	 23.271870	-0.502420	 10.246360	-66.137570	-51.617550	-12.041010	-7.588076	 16.022730	-0.540169	 0.139211	 14.789960	-0.368235	 3.437935	 0.438163	-15.355300	 90.029340	-106.556300	-1.610420	-100.369000	-179.905900	 1.687913	 91.352570	-0.813313	 0.122417	-8.559153	-48.997650	-43.287140	-28.098750	-82.940930	-54.402740	-36.561680	-22.598230	-45.890860	-7.667377	-5.434181	-1.906580	 11.394200	 2.506380	-1.127025	 1.156765	 3.298232	-0.961493	-86.224650	 12.045310	 6.297045	 8.446425	-0.272393	 3.148538	 10.186190	 3.019375	 3.077314	-88.217350	 55.815180	 24.606060	 3.126783	-6.832475	 19.210770	 10.306830	-6.074907	 19.358970	-92.441490	 30.395920	 15.005490	 9.048212	-3.922741	 9.392523	 6.894815	-0.484744	 9.595516	-81.179190	-43.022180	-4.957211	 28.163310	-31.277200	-0.310445	-0.189990	 1.805932	-0.312359	 3.334303	 0.000000	 90.000000	 0.000000	-176.567000	-3.474552	 173.237000	-153.391800	-4.170433	-11.912720
-0.069725	-0.106917	-0.008036	-144.936500	 0.690015	-94.917980	-4.035387	-2.306355	-1.240602	-3.770648	-6.515139	-1.086735	 1.356199	-6.047692	 107.013100	-0.813313	 0.122417	-8.559153	-11.076240	 7.900706	 58.136850	-115.965400	 20.399550	 7.660279	 37.123500	 14.485260	-36.955270	-11.701420	-4.668559	 49.415870	 2.466012	-1.147596	 53.448700	 2.739605	 0.675539	-52.364350	-0.220278	 1.379010	 40.174190	-0.237880	 3.158662	 22.303190	 2.732688	 4.865147	-62.492740	 37.751000	 19.875650	 18.757620	-6.692966	 19.242740	 17.876510	-5.723412	 19.254380	-74.385240	 18.137690	 10.197110	 29.818610	-3.779903	 9.429583	 23.273330	-0.502374	 10.246080	-66.144140	-51.617550	-12.041010	-7.588076	 16.022730	-0.540169	 0.139211	 14.789960	-0.368235	 3.437935	 0.453001	-15.119970	 90.028860	-106.369700	-1.735329	-99.902390	-179.915400	 1.732843	 91.531750	-0.813313	 0.122417	-8.559153	-47.994330	-43.412840	-27.111860	-84.661390	-53.953730	-36.849110	-22.741030	-46.198030	-7.490683	-5.428070	-1.899543	 11.461140	 2.506350	-1.127026	 1.190261	 3.298261	-0.962357	-86.241330	 12.043720	 6.295279	 8.437526	-0.272175	 3.148578	 10.260650	 3.019358	 3.077080	-88.220660	 55.801710	 24.602010	 3.122224	-6.831936	 19.210860	 10.335680	-6.075497	 19.359250	-92.473820	 30.372590	 14.994720	 9.033083	-3.922427	 9.392559	 6.929873	-0.484696	 9.595953	-81.169060	-43.021240	-4.956847	 28.163390	-31.270190	-0.310492	-0.189956	 2.392165	-0.315378	 3.338691	 0.000000	 90.000000	 0.000000	-176.763500	-3.452435	 173.135000	-153.570100	-4.074006	-11.758560
-0.069766	-0.105204	-0.008285	-145.016700	 0.557979	-94.775680	-3.924974	-2.387555	-1.237852	-3.679650	-6.867540	-1.073244	 1.351917	-6.035418	 106.974600	-0.813313	 0.122417	-8.559153	-10.893080	 7.996391	 58.136630	-116.444400	 20.339720	 7.529106	 37.392440	 14.358360	-36.943600	-11.701420	-4.668561	 49.416830	 2.466015	-1.147592	 53.442450	 2.739605	 0.675539	-52.364350	-0.207075	 1.389265	 40.170940	-0.237913	 3.158648	 22.291110	 2.734568	 4.860493	-62.563510	 37.823310	 19.904740	 18.731710	-6.692869	 19.242770	 17.881940	-5.725445	 19.254660	-74.485840	 18.177490	 10.221640	 29.777340	-3.779888	 9.429589	 23.275060	-0.502321	 10.245750	-66.151730	-51.617550	-12.041010	-7.588076	 16.022730	-0.540169	 0.139211	 14.789960	-0.368235	 3.437935	 0.468924	-14.717900	 90.027780	-106.084900	-1.977017	-99.321240	-179.929400	 1.780239	 91.840480	-0.813313	 0.122417	-8.559153	-46.878190	-43.515350	-25.992730	-86.369520	-53.510490	-37.069770	-23.014290	-46.531940	-7.334680	-5.419271	-1.893367	 11.496510	 2.506306	-1.127026	 1.238857	 3.298290	-0.963239	-86.258350	 12.037120	 6.291543	 8.429178	-0.271925	 3.148623	 10.346050	 3.019439	 3.078299	-88.203470	 55.768130	 24.593850	 3.124241	-6.831235	 19.210980	 10.373290	-6.075559	 19.359280	-92.477110	 30.343540	 14.981890	 9.019032	-3.921989	 9.392612	 6.978657	-0.484594	 9.596922	-81.146640	-43.010780	-4.952715	 28.164400	-31.191970	-0.311077	-0.189602	 3.011068	-0.318526	 3.343358	 0.000000	 90.000000	 0.000000	-176.895200	-3.463804	 173.021500	-153.713500	-3.936147	-11.634600
-0.070163	-0.104089	-0.008420	-145.167900	 0.436732	-94.704120	-3.871887	-2.461274	-1.238585	-3.640225	-7.137588	-1.081308	 1.347673	-6.022949	 106.938100	-0.813313	 0.122417	-8.559153	-10.736090	 8.111599	 58.175810	-116.881300	 20.257180	 7.426869	 37.662860	 14.218340	-36.914490	-11.701420	-4.668563	 49.417710	 2.466018	-1.147588	 53.437540	 2.739605	 0.675539	-52.364350	-0.195345	 1.398376	 40.168130	-0.237944	 3.158636	 22.279980	 2.736229	 4.856363	-62.626300	 37.887970	 19.930710	 18.709060	-6.692799	 19.242790	 17.885810	-5.727281	 19.254910	-74.576520	 18.214670	 10.244510	 29.739830	-3.779877	 9.429594	 23.276410	-0.502274	 10.245470	-66.158390	-51.617550	-12.041010	-7.588076	 16.022730	-0.540169	 0.139211	 14.789960	-0.368235	 3.437935	 0.481131	-14.335220	 90.026670	-105.801200	-2.299116	-98.835730	-179.942500	 1.817257	 92.146800	-0.813313	 0.122417	-8.559153	-45.950980	-43.586330	-24.981030	-87.555340	-53.108000	-37.089160	-23.301470	-46.698730	-7.349870	-5.411050	-1.888013	 11.523040	 2.506263	-1.127027	 1.286944	 3.298311	-0.963880	-86.270740	 12.027900	 6.287113	 8.423793	-0.271723	 3.148661	 10.414990	 3.019580	 3.080440	-88.173290	 55.726330	 24.584380	 3.131529	-6.830587	 19.211090	 10.407910	-6.075143	 19.359080	-92.454700	 30.326640	 14.974050	 9.007599	-3.921568	 9.392661	 7.025699	-0.484474	 9.598082	-81.119810	-42.994050	-4.946110	 28.166030	-31.066300	-0.312008	-0.189027	 3.470049	-0.320819	 3.346840	 0.000000	 90.000000	 0.000000	-176.919300	-3.502085	 172.943800	-153.777500	-3.821318	-11.572470
-0.070621	-0.103222	-0.008483	-145.366600	 0.332480	-94.655070	-3.847143	-2.536170	-1.241894	-3.625064	-7.363316	-1.090954	 1.343066	-6.009935	 106.895000	-0.813313	 0.122417	-8.559153	-10.587450	 8.250630	 58.242170	-117.310900	 20.159540	 7.340333	 37.932820	 14.073240	-36.868440	-11.701430	-4.668566	 49.418570	 2.466020	-1.147585	 53.433160	 2.739605	 0.675539	-52.364350	-0.183952	 1.407224	 40.165380	-0.237975	 3.158622	 22.268510	 2.737834	 4.852363	-62.687080	 37.951270	 19.956100	 18.687240	-6.692744	 19.242800	 17.888750	-5.729088	 19.255170	-74.665890	 18.245600	 10.263530	 29.703910	-3.779868	 9.429597	 23.277540	-0.502227	 10.245170	-66.165180	-51.617550	-12.041010	-7.588076	 16.022730	-0.540169	 0.139211	 14.789960	-0.368235	 3.437935	 0.491562	-13.992370	 90.025670	-105.500500	-2.701881	-98.399260	-179.955200	 1.850913	 92.443050	-0.813313	 0.122417	-8.559153	-44.984240	-43.682800	-23.793880	-88.709910	-52.663880	-37.021080	-23.599930	-46.797870	-7.609292	-5.402675	-1.882836	 11.545780	 2.506217	-1.127028	 1.337925	 3.298328	-0.964404	-86.280840	 12.016320	 6.281936	 8.420120	-0.271545	 3.148694	 10.476010	 3.019766	 3.083314	-88.132730	 55.676220	 24.573400	 3.142887	-6.829935	 19.211200	 10.443000	-6.074412	 19.358740	-92.414520	 30.305740	 14.965130	 9.000130	-3.921128	 9.392715	 7.074832	-0.484332	 9.599447	-81.088240	-42.971020	-4.937024	 28.168260	-30.893640	-0.313293	-0.188234	 3.842084	-0.322656	 3.349676	 0.000000	 90.000000	 0.000000	-176.916300	-3.545469	 172.898600	-153.812700	-3.723191	-11.535540
-0.071215	-0.102333	-0.008483	-145.617800	 0.223737	-94.613690	-3.839092	-2.627899	-1.248953	-3.625123	-7.604725	-1.104699	 1.337307	-5.994355	 106.836800	-0.813313	 0.122417	-8.559153	-10.422500	 8.445760	 58.348060	-117.800100	 20.035310	 7.259493	 38.223630	 13.914740	-36.791100	-11.701430	-4.668569	 49.419660	 2.466022	-1.147582	 53.428520	 2.739605	 0.675539	-52.364350	-0.171121	 1.417188	 40.162170	-0.238014	 3.158606	 22.254300	 2.739637	 4.847852	-62.755600	 38.023980	 19.985220	 18.662490	-6.692704	 19.242820	 17.891060	-5.731177	 19.255470	-74.769230	 18.327220	 10.313510	 29.653490	-3.779860	 9.429603	 23.278590	-0.502165	 10.244800	-66.173930	-51.617550	-12.041010	-7.588076	 16.022730	-0.540169	 0.139211	 14.789960	-0.368235	 3.437935	 0.501756	-13.591070	 90.024470	-105.123500	-3.225482	-97.947760	-179.971100	 1.888863	 92.816400	-0.813313	 0.122417	-8.559153	-43.755920	-43.811160	-22.182160	-90.216370	-52.188220	-36.953540	-24.028470	-46.976860	-8.196783	-5.392561	-1.876860	 11.568910	 2.506160	-1.127028	 1.401584	 3.298344	-0.964898	-86.290370	 11.999920	 6.274971	 8.417777	-0.271365	 3.148727	 10.537360	 3.020034	 3.087494	-88.073790	 55.607650	 24.558700	 3.160837	-6.829145	 19.211340	 10.485260	-6.073211	 19.358180	-92.349070	 30.276440	 14.953330	 8.995682	-3.920584	 9.392778	 7.135499	-0.484141	 9.601285	-81.045720	-42.935530	-4.923021	 28.171690	-30.627560	-0.315265	-0.187005	 4.172413	-0.324277	 3.352204	 0.000000	 90.000000	 0.000000	-176.888900	-3.595060	 172.913300	-153.849100	-3.603148	-11.501280
-0.071817	-0.101698	-0.008419	-145.817300	 0.134353	-94.601970	-3.839091	-2.708940	-1.257656	-3.630307	-7.793418	-1.118466	 1.330070	-5.971538	 106.782100	-0.813313	 0.122417	-8.559153	-10.294640	 8.637084	 58.455610	-118.165500	 19.934090	 7.213756	 38.425600	 13.807500	-36.706900	-11.701430	-4.668572	 49.420640	 2.466024	-1.147579	 53.425050	 2.739605	 0.675539	-52.364350	-0.161048	 1.425008	 40.159400	-0.238050	 3.158593	 22.241600	 2.741044	 4.844324	-62.809160	 38.082360	 20.008580	 18.642810	-6.692690	 19.242820	 17.891840	-5.732867	 19.255710	-74.852910	 18.378690	 10.344970	 29.615380	-3.779854	 9.429602	 23.279120	-0.502108	 10.244440	-66.182290	-51.617550	-12.041010	-7.588076	 16.022730	-0.540169	 0.139211	 14.789960	-0.368235	 3.437935	 0.508457	-13.188130	 90.023160	-104.790100	-3.656109	-97.646360	-179.986900	 1.920936	 93.200320	-0.813313	 0.122417	-8.559153	-42.650450	-43.924830	-20.666480	-91.679460	-51.865000	-36.952570	-24.479290	-47.240490	-8.880755	-5.383905	-1.871938	 11.585680	 2.506110	-1.127029	 1.457608	 3.298354	-0.965213	-86.296460	 11.984070	 6.268481	 8.417474	-0.271240	 3.148751	 10.580000	 3.020290	 3.091563	-88.016400	 55.542970	 24.545060	 3.179426	-6.828471	 19.211450	 10.521420	-6.071979	 19.357600	-92.281880	 30.248210	 14.942420	 8.995394	-3.920111	 9.392836	 7.188457	-0.483965	 9.602996	-81.006160	-42.898120	-4.908250	 28.175290	-30.347090	-0.317339	-0.185696	 4.349314	-0.325144	 3.353562	 0.000000	 90.000000	 0.000000	-176.824000	-3.638274	 172.981100	-153.878300	-3.480637	-11.509720
-0.072480	-0.101152	-0.008320	-146.072800	 0.047711	-94.599630	-3.843964	-2.790806	-1.268604	-3.644885	-7.966562	-1.133856	 1.319193	-5.932821	 106.725100	-0.813313	 0.122417	-8.559153	-10.178420	 8.843368	 58.569710	-118.462700	 19.851550	 7.187582	 38.586300	 13.734230	-36.615230	-11.701430	-4.668576	 49.421630	 2.466026	-1.147577	 53.422070	 2.739605	 0.675539	-52.364350	-0.152397	 1.431723	 40.156710	-0.238085	 3.158577	 22.228620	 2.742249	 4.841292	-62.855190	 38.134500	 20.029410	 18.625340	-6.692697	 19.242820	 17.891430	-5.734392	 19.255930	-74.928370	 18.399110	 10.357450	 29.585920	-3.779853	 9.429603	 23.279220	-0.502041	 10.244040	-66.191630	-51.617550	-12.041010	-7.588076	 16.022730	-0.540169	 0.139211	 14.789960	-0.368235	 3.437935	 0.513018	-12.770230	 90.021780	-104.468400	-4.098216	-97.438310	 179.995800	 1.953211	 93.618380	-0.813313	 0.122417	-8.559153	-41.522020	-43.998490	-19.082550	-93.197590	-51.591810	-36.917860	-24.979400	-47.570530	-9.612920	-5.375589	-1.867349	 11.599650	 2.506060	-1.127030	 1.512863	 3.298361	-0.965429	-86.300630	 11.967250	 6.261793	 8.418709	-0.271140	 3.148770	 10.614390	 3.020556	 3.095858	-87.955840	 55.475690	 24.531020	 3.200058	-6.827817	 19.211570	 10.556450	-6.070650	 19.356980	-92.209480	 30.218260	 14.931200	 8.998096	-3.919645	 9.392890	 7.240455	-0.483786	 9.604756	-80.965480	-42.854890	-4.891181	 28.179450	-30.022750	-0.319722	-0.184170	 4.415607	-0.325461	 3.354070	 0.000000	 90.000000	 0.000000	-176.741500	-3.674446	 173.068100	-153.895900	-3.354240	-11.565700
-0.073224	-0.100633	-0.008164	-146.409700	-0.043138	-94.602910	-3.863004	-2.886562	-1.284064	-3.684688	-8.153188	-1.153789	 1.302936	-5.871589	 106.658000	-0.813313	 0.122417	-8.559153	-10.051070	 9.094786	 58.700780	-118.742000	 19.792890	 7.173018	 38.734530	 13.696830	-36.510700	-11.701440	-4.668578	 49.422800	 2.466028	-1.147575	 53.419240	 2.739605	 0.675539	-52.364350	-0.144560	 1.437804	 40.153630	-0.238128	 3.158560	 22.213230	 2.743335	 4.838557	-62.896670	 38.184970	 20.049550	 18.608490	-6.692720	 19.242810	 17.890160	-5.735891	 19.256150	-75.002550	 18.404950	 10.361030	 29.559600	-3.779857	 9.429602	 23.278740	-0.501958	 10.243510	-66.203960	-51.617550	-12.041010	-7.588076	 16.022730	-0.540169	 0.139211	 14.789960	-0.368235	 3.437935	 0.515491	-12.308740	 90.020230	-104.130500	-4.697754	-97.287940	 179.974700	 1.992404	 94.122340	-0.813313	 0.122417	-8.559153	-40.204980	-43.996890	-17.207250	-94.945110	-51.298250	-36.752810	-25.594040	-47.999110	-10.385310	-5.366568	-1.862508	 11.612670	 2.506005	-1.127031	 1.574552	 3.298365	-0.965557	-86.303100	 11.947090	 6.254004	 8.422042	-0.271050	 3.148786	 10.645170	 3.020865	 3.100918	-87.884480	 55.396550	 24.514680	 3.225796	-6.827100	 19.211690	 10.594960	-6.069077	 19.356260	-92.123920	 30.182180	 14.918050	 9.004645	-3.919126	 9.392954	 7.298368	-0.483579	 9.606797	-80.918320	-42.797370	-4.868464	 28.184940	-29.591480	-0.322884	-0.182127	 4.415875	-0.325463	 3.354072	 0.000000	 90.000000	 0.000000	-176.648400	-3.698757	 173.154200	-153.907200	-3.198772	-11.638260
-0.074078	-0.100180	-0.008001	-146.957900	-0.088959	-94.620290	-3.889980	-2.968181	-1.299499	-3.733179	-8.303490	-1.172477	 1.286800	-5.808757	 106.601900	-0.813313	 0.122417	-8.559153	-9.949332	 9.314823	 58.803470	-118.951900	 19.873720	 7.174091	 38.854580	 13.779630	-36.493050	-11.701440	-4.668581	 49.423850	 2.466029	-1.147573	 53.417420	 2.739605	 0.675539	-52.364350	-0.140244	 1.441150	 40.151060	-0.238164	 3.158545	 22.199920	 2.743929	 4.837056	-62.919450	 38.217260	 20.062430	 18.597700	-6.692739	 19.242810	 17.889150	-5.736877	 19.256300	-75.051280	 18.412440	 10.365610	 29.541490	-3.779866	 9.429598	 23.277700	-0.501872	 10.242990	-66.216090	-51.617550	-12.041010	-7.588076	 16.022730	-0.540169	 0.139211	 14.789960	-0.368235	 3.437935	 0.516288	-11.903380	 90.018810	-103.831600	-5.267846	-97.191190	 179.957000	 2.022339	 94.545240	-0.813313	 0.122417	-8.559153	-39.111480	-43.939000	-15.636570	-96.396130	-51.031790	-36.513150	-26.118600	-48.366100	-10.882750	-5.359644	-1.858884	 11.621240	 2.505961	-1.127032	 1.623430	 3.298365	-0.965567	-86.303280	 11.929890	 6.247561	 8.426489	-0.270993	 3.148797	 10.664430	 3.021114	 3.105101	-87.825510	 55.330490	 24.501200	 3.248529	-6.826534	 19.211780	 10.625170	-6.067799	 19.355670	-92.054280	 30.151250	 14.907080	 9.012868	-3.918714	 9.393002	 7.344259	-0.483411	 9.608470	-80.879590	-42.742360	-4.846728	 28.190190	-29.178750	-0.325900	-0.180145	 4.415875	-0.325463	 3.354072	 0.000000	 90.000000	 0.000000	-176.549500	-3.704438	 173.227200	-153.909200	-3.068613	-11.717010
-0.075004	-0.099914	-0.007824	-147.492800	-0.129581	-94.662510	-3.926774	-3.049972	-1.317048	-3.791117	-8.450254	-1.192904	 1.269123	-5.738334	 106.548200	-0.813313	 0.122417	-8.559153	-9.853296	 9.538035	 58.891240	-119.149200	 20.042590	 7.185760	 38.971980	 13.941140	-36.522440	-11.701440	-4.668583	 49.424920	 2.466030	-1.147573	 53.415860	 2.739605	 0.675539	-52.364350	-0.138519	 1.442483	 40.148610	-0.238201	 3.158530	 22.186370	 2.744160	 4.836471	-62.928320	 38.219620	 20.063370	 18.597040	-6.692757	 19.242800	 17.888200	-5.736981	 19.256310	-75.056440	 18.413640	 10.366340	 29.532950	-3.779877	 9.429594	 23.276390	-0.501821	 10.242680	-66.223470	-51.617550	-12.041010	-7.588076	 16.022730	-0.540169	 0.139211	 14.789960	-0.368235	 3.437935	 0.516989	-11.437200	 90.017150	-103.478800	-5.884087	-97.078190	 179.940700	 2.045301	 94.944370	-0.813313	 0.122417	-8.559153	-38.064900	-43.847100	-14.131130	-97.793500	-50.703230	-36.181120	-26.614200	-48.682690	-11.221080	-5.353570	-1.855775	 11.627680	 2.505922	-1.127033	 1.667751	 3.298362	-0.965482	-86.301650	 11.913070	 6.241457	 8.432457	-0.270954	 3.148804	 10.678010	 3.021344	 3.109013	-87.770370	 55.267300	 24.488450	 3.271508	-6.826026	 19.211880	 10.652470	-6.066640	 19.355130	-91.991490	 30.120700	 14.896510	 9.023397	-3.918341	 9.393050	 7.386011	-0.483255	 9.610041	-80.843290	-42.681350	-4.822616	 28.195990	-28.721080	-0.329221	-0.177923	 4.415875	-0.325463	 3.354072	 0.000000	 90.000000	 0.000000	-176.402900	-3.702121	 173.327900	-153.903000	-2.952167	-11.836730
-0.076133	-0.099821	-0.007574	-148.059600	-0.173401	-94.734120	-3.979864	-3.141756	-1.339450	-3.862434	-8.615439	-1.218069	 1.248186	-5.653188	 106.493000	-0.813313	 0.122417	-8.559153	-9.753079	 9.789258	 58.969150	-119.371400	 20.294360	 7.209329	 39.103050	 14.181440	-36.586320	-11.701440	-4.668586	 49.426200	 2.466030	-1.147571	 53.414190	 2.739605	 0.675539	-52.364350	-0.142975	 1.439013	 40.146100	-0.238244	 3.158513	 22.170890	 2.743545	 4.838026	-62.904740	 38.181430	 20.048130	 18.611060	-6.692774	 19.242800	 17.887210	-5.735870	 19.256150	-75.001470	 18.392500	 10.353460	 29.541320	-3.779888	 9.429587	 23.275030	-0.501854	 10.242890	-66.218610	-51.617550	-12.041010	-7.588076	 16.022730	-0.540169	 0.139211	 14.789960	-0.368235	 3.437935	 0.517709	-10.851560	 90.015020	-103.021800	-6.605517	-96.880160	 179.922400	 2.064761	 95.410430	-0.813313	 0.122417	-8.559153	-36.847260	-43.716920	-12.358220	-99.302140	-50.266320	-35.693500	-27.130490	-48.977380	-11.457170	-5.348083	-1.853033	 11.632490	 2.505883	-1.127034	 1.710138	 3.298356	-0.965271	-86.297600	 11.895230	 6.235273	 8.441117	-0.270927	 3.148810	 10.687140	 3.021566	 3.112854	-87.716220	 55.202320	 24.475550	 3.296825	-6.825539	 19.211970	 10.678660	-6.065597	 19.354650	-91.934690	 30.087810	 14.885480	 9.037890	-3.917980	 9.393096	 7.426275	-0.483098	 9.611605	-80.807140	-42.605250	-4.792529	 28.203170	-28.150300	-0.333342	-0.175116	 4.415875	-0.325463	 3.354072	 0.000000	 90.000000	 0.000000	-176.189300	-3.691827	 173.466700	-153.889100	-2.841077	-11.998080
-0.077172	-0.099911	-0.007268	-148.515200	-0.195532	-94.816180	-4.034706	-3.218922	-1.360694	-3.923424	-8.759589	-1.241365	 1.230240	-5.578826	 106.452600	-0.813313	 0.122417	-8.559153	-9.676374	 9.999795	 59.022780	-119.575600	 20.629330	 7.238811	 39.235280	 14.485080	-36.715690	-11.701450	-4.668589	 49.427350	 2.466032	-1.147570	 53.412840	 2.739605	 0.675539	-52.364350	-0.153934	 1.430494	 40.144260	-0.238281	 3.158498	 22.157590	 2.742046	 4.841804	-62.847430	 38.139400	 20.031330	 18.627670	-6.692788	 19.242790	 17.886440	-5.734627	 19.255970	-74.939960	 18.369320	 10.339320	 29.560130	-3.779897	 9.429585	 23.273970	-0.501955	 10.243510	-66.204150	-51.617550	-12.041010	-7.588076	 16.022730	-0.540169	 0.139211	 14.789960	-0.368235	 3.437935	 0.518250	-10.313750	 90.013020	-102.589500	-7.144410	-96.749960	 179.905000	 2.077671	 95.868050	-0.813313	 0.122417	-8.559153	-35.687840	-43.571640	-10.634620	-100.550500	-49.883090	-35.182360	-27.453020	-49.224570	-11.533020	-5.344858	-1.851467	 11.634590	 2.505861	-1.127034	 1.735081	 3.298347	-0.964992	-86.292190	 11.884220	 6.231878	 8.449867	-0.270918	 3.148812	 10.690260	 3.021695	 3.115126	-87.684190	 55.162260	 24.467810	 3.314054	-6.825216	 19.212020	 10.695950	-6.065023	 19.354390	-91.903720	 30.070660	 14.880240	 9.049955	-3.917752	 9.393123	 7.451852	-0.483011	 9.612488	-80.786710	-42.534170	-4.764411	 28.209850	-27.617040	-0.337174	-0.172462	 4.415875	-0.325463	 3.354072	 0.000000	 90.000000	 0.000000	-175.974700	-3.678456	 173.598800	-153.873600	-2.758769	-12.136920
-0.078186	-0.100151	-0.006900	-148.928900	-0.198073	-94.909880	-4.094939	-3.290813	-1.382781	-3.983077	-8.902710	-1.265123	 1.213777	-5.509417	 106.421800	-0.813313	 0.122417	-8.559153	-9.612544	 10.193740	 59.065120	-119.778200	 21.011550	 7.273957	 39.372080	 14.827940	-36.877120	-11.701450	-4.668592	 49.428480	 2.466032	-1.147569	 53.411590	 2.739605	 0.675539	-52.364350	-0.169415	 1.418463	 40.142740	-0.238316	 3.158484	 22.144920	 2.739928	 4.847126	-62.766620	 38.074150	 20.005220	 18.653400	-6.692801	 19.242790	 17.885730	-5.732665	 19.255690	-74.842930	 18.325660	 10.312660	 29.590590	-3.779905	 9.429581	 23.273040	-0.502107	 10.244440	-66.182240	-51.617550	-12.041010	-7.588076	 16.022730	-0.540169	 0.139211	 14.789960	-0.368235	 3.437935	 0.518699	-9.780042	 90.011010	-102.152200	-7.561020	-96.703030	 179.887300	 2.088408	 96.340580	-0.813313	 0.122417	-8.559153	-34.504340	-43.391720	-8.857467	-101.744600	-49.547460	-34.649190	-27.661170	-49.490070	-11.552820	-5.343273	-1.850741	 11.634980	 2.505851	-1.127035	 1.746933	 3.298336	-0.964639	-86.285380	 11.879380	 6.231073	 8.459260	-0.270919	 3.148811	 10.689730	 3.021755	 3.116184	-87.669270	 55.143200	 24.464450	 3.324533	-6.824996	 19.212060	 10.707750	-6.064774	 19.354280	-91.889990	 30.068290	 14.880480	 9.060059	-3.917612	 9.393140	 7.467480	-0.482981	 9.612787	-80.779780	-42.461160	-4.735521	 28.216670	-27.069090	-0.341077	-0.169689	 4.415875	-0.325463	 3.354072	 0.000000	 90.000000	 0.000000	-175.749800	-3.663582	 173.729700	-153.854600	-2.688340	-12.276410
-0.079375	-0.100579	-0.006404	-149.399300	-0.193433	-95.028780	-4.176106	-3.372893	-1.411203	-4.061612	-9.083728	-1.295263	 1.195865	-5.433126	 106.392100	-0.813313	 0.122417	-8.559153	-9.551099	 10.410360	 59.107490	-120.021600	 21.488250	 7.322921	 39.531220	 15.260820	-37.077710	-11.701450	-4.668595	 49.429870	 2.466033	-1.147568	 53.410160	 2.739605	 0.675539	-52.364350	-0.192569	 1.400473	 40.141170	-0.238357	 3.158467	 22.130040	 2.736747	 4.855076	-62.645890	 37.936930	 19.950210	 18.706000	-6.692814	 19.242790	 17.885000	-5.728514	 19.255090	-74.637500	 18.260840	 10.273010	 29.638750	-3.779913	 9.429578	 23.272050	-0.502353	 10.245960	-66.147000	-51.617550	-12.041010	-7.588076	 16.022730	-0.540169	 0.139211	 14.789960	-0.368235	 3.437935	 0.519199	-9.137052	 90.008540	-101.618800	-7.994406	-96.674900	 179.865200	 2.101392	 96.925210	-0.813313	 0.122417	-8.559153	-33.038070	-43.113090	-6.647898	-103.130400	-49.164600	-33.944560	-27.897870	-49.748580	-11.834910	-5.342961	-1.850701	 11.633490	 2.505850	-1.127034	 1.747558	 3.298318	-0.964106	-86.275090	 11.879900	 6.232864	 8.471986	-0.270932	 3.148808	 10.685350	 3.021755	 3.116193	-87.669140	 55.142090	 24.465050	 3.330902	-6.824841	 19.212080	 10.716090	-6.064796	 19.354290	-91.891290	 30.076940	 14.885180	 9.072032	-3.917536	 9.393152	 7.475963	-0.483002	 9.612559	-80.785060	-42.367950	-4.698629	 28.225340	-26.369820	-0.346015	-0.166099	 4.415875	-0.325463	 3.354072	 0.000000	 90.000000	 0.000000	-175.468200	-3.645872	 173.881300	-153.825200	-2.620967	-12.474490
-0.080337	-0.101061	-0.005958	-149.782600	-0.179329	-95.131160	-4.252196	-3.438359	-1.436950	-4.134138	-9.249260	-1.322277	 1.182824	-5.377819	 106.368000	-0.813313	 0.122417	-8.559153	-9.513606	 10.577010	 59.139440	-120.222600	 21.857580	 7.368570	 39.652720	 15.607610	-37.219570	-11.701450	-4.668600	 49.431100	 2.466033	-1.147568	 53.409040	 2.739605	 0.675539	-52.364350	-0.214605	 1.383353	 40.140030	-0.238391	 3.158453	 22.117740	 2.733702	 4.862641	-62.530880	 37.791050	 19.891550	 18.761890	-6.692825	 19.242780	 17.884430	-5.724084	 19.254480	-74.418530	 18.194960	 10.232620	 29.688430	-3.779919	 9.429575	 23.271340	-0.502609	 10.247520	-66.110520	-51.617550	-12.041010	-7.588076	 16.022730	-0.540169	 0.139211	 14.789960	-0.368235	 3.437935	 0.519564	-8.602477	 90.006470	-101.175900	-8.346233	-96.694470	 179.846200	 2.114583	 97.417930	-0.813313	 0.122417	-8.559153	-31.783580	-42.815640	-4.764086	-104.215200	-48.808430	-33.261170	-28.291480	-49.822540	-12.463310	-5.343436	-1.851092	 11.630750	 2.505858	-1.127034	 1.738313	 3.298300	-0.963559	-86.264540	 11.884720	 6.236350	 8.484239	-0.270950	 3.148805	 10.679110	 3.021706	 3.115309	-87.681620	 55.156710	 24.468990	 3.332569	-6.824793	 19.212100	 10.718610	-6.065047	 19.354400	-91.904880	 30.088070	 14.890800	 9.083747	-3.917539	 9.393150	 7.475621	-0.483063	 9.611963	-80.798850	-42.284080	-4.665407	 28.233070	-25.740280	-0.350425	-0.162820	 4.415875	-0.325463	 3.354072	 0.000000	 90.000000	 0.000000	-175.228200	-3.603370	 173.997200	-153.795100	-2.577658	-12.666070
-0.081213	-0.101669	-0.005511	-150.155200	-0.146951	-95.231460	-4.333136	-3.499780	-1.463688	-4.210268	-9.413131	-1.350026	 1.172652	-5.335185	 106.345200	-0.813313	 0.122417	-8.559153	-9.491616	 10.721840	 59.170200	-120.400900	 22.071160	 7.413500	 39.735580	 15.840080	-37.252710	-11.701460	-4.668603	 49.432350	 2.466034	-1.147567	 53.408010	 2.739605	 0.675539	-52.364350	-0.236996	 1.365958	 40.139000	-0.238423	 3.158440	 22.106040	 2.730591	 4.870324	-62.413990	 37.640910	 19.830970	 18.820100	-6.692834	 19.242780	 17.883940	-5.719510	 19.253860	-74.192730	 18.104020	 10.176780	 29.747190	-3.779923	 9.429572	 23.270720	-0.502897	 10.249260	-66.069780	-51.617550	-12.041010	-7.588076	 16.022730	-0.540169	 0.139211	 14.789960	-0.368235	 3.437935	 0.519857	-8.100390	 90.004460	-100.756100	-8.627816	-96.734730	 179.827500	 2.131513	 97.881000	-0.813313	 0.122417	-8.559153	-30.569510	-42.465190	-2.960596	-105.213900	-48.442130	-32.532780	-28.708910	-49.794840	-13.321070	-5.344564	-1.851847	 11.626860	 2.505873	-1.127034	 1.722144	 3.298280	-0.962935	-86.252490	 11.892530	 6.241216	 8.497780	-0.270973	 3.148801	 10.671430	 3.021620	 3.113801	-87.702870	 55.182240	 24.475410	 3.332288	-6.824816	 19.212090	 10.717400	-6.065449	 19.354590	-91.926970	 30.096820	 14.895830	 9.098221	-3.917593	 9.393144	 7.469620	-0.483147	 9.611110	-80.818520	-42.197370	-4.631049	 28.241020	-25.089560	-0.354949	-0.159375	 4.415875	-0.325463	 3.354072	 0.000000	 90.000000	 0.000000	-175.000200	-3.528182	 174.091500	-153.761400	-2.546976	-12.872710
-0.082093	-0.102473	-0.004878	-150.583200	-0.086356	-95.338650	-4.433266	-3.568453	-1.496161	-4.303102	-9.588603	-1.383227	 1.164361	-5.301308	 106.320100	-0.813313	 0.122417	-8.559153	-9.486159	 10.861690	 59.208320	-120.587500	 22.184480	 7.465246	 39.795410	 16.012810	-37.194510	-11.701460	-4.668606	 49.433800	 2.466034	-1.147566	 53.406890	 2.739605	 0.675539	-52.364350	-0.261792	 1.346694	 40.137880	-0.238458	 3.158426	 22.093190	 2.727123	 4.878835	-62.284360	 37.485120	 19.767890	 18.882430	-6.692842	 19.242780	 17.883470	-5.714756	 19.253230	-73.957890	 18.008950	 10.118210	 29.817640	-3.779929	 9.429571	 23.270120	-0.503260	 10.251470	-66.018300	-51.617550	-12.041010	-7.588076	 16.022730	-0.540169	 0.139211	 14.789960	-0.368235	 3.437935	 0.520148	-7.569317	 90.002330	-100.308300	-8.880402	-96.799320	 179.794800	 2.185235	 98.579190	-0.813313	 0.122417	-8.559153	-28.828160	-41.971470	-0.432154	-106.442500	-47.948480	-31.610160	-28.755810	-49.711740	-14.334220	-5.346602	-1.853126	 11.621140	 2.505895	-1.127033	 1.697026	 3.298252	-0.962113	-86.236630	 11.904060	 6.248120	 8.515468	-0.271002	 3.148796	 10.661510	 3.021488	 3.111497	-87.735340	 55.221800	 24.485310	 3.331394	-6.824918	 19.212070	 10.711920	-6.066060	 19.354870	-91.959870	 30.107480	 14.902160	 9.117633	-3.917704	 9.393130	 7.457174	-0.483264	 9.609931	-80.845830	-42.092580	-4.589518	 28.250560	-24.302930	-0.360363	-0.155149	 4.415875	-0.325463	 3.354072	 0.000000	 90.000000	 0.000000	-174.759300	-3.434887	 174.168400	-153.718400	-2.525604	-13.129360
-0.082586	-0.103241	-0.004319	-150.846000	-0.029218	-95.413100	-4.522352	-3.624305	-1.524675	-4.384802	-9.725262	-1.412014	 1.159698	-5.283103	 106.299900	-0.813313	 0.122417	-8.559153	-9.496957	 10.957350	 59.244630	-120.740600	 22.279860	 7.510345	 39.839160	 16.162160	-37.141860	-11.701460	-4.668610	 49.435070	 2.466035	-1.147565	 53.406040	 2.739605	 0.675539	-52.364350	-0.280187	 1.332405	 40.137000	-0.238486	 3.158414	 22.083030	 2.724535	 4.885155	-62.188050	 37.386520	 19.727810	 18.924710	-6.692848	 19.242770	 17.883120	-5.711753	 19.252850	-73.809690	 17.954910	 10.084740	 29.874420	-3.779932	 9.429570	 23.269720	-0.503586	 10.253430	-65.972530	-51.617550	-12.041010	-7.588076	 16.022730	-0.540169	 0.139211	 14.789960	-0.368235	 3.437935	 0.520323	-7.187751	 90.000720	-99.990090	-9.085004	-96.871490	 179.765700	 2.269278	 99.030130	-0.813313	 0.122417	-8.559153	-26.914450	-41.434970	 2.285293	-107.663000	-47.440910	-30.753820	-28.450680	-49.643250	-15.072090	-5.348871	-1.854506	 11.615410	 2.505918	-1.127033	 1.672472	 3.298227	-0.961337	-86.221630	 11.914870	 6.254610	 8.532176	-0.271027	 3.148791	 10.653060	 3.021359	 3.109278	-87.766620	 55.260270	 24.495090	 3.331731	-6.825059	 19.212050	 10.704350	-6.066632	 19.355130	-91.990960	 30.122500	 14.909910	 9.134724	-3.917828	 9.393115	 7.443364	-0.483370	 9.608879	-80.870130	-42.000860	-4.553136	 28.258850	-23.614470	-0.365046	-0.151380	 4.415875	-0.325463	 3.354072	 0.000000	 90.000000	 0.000000	-174.591300	-3.378256	 174.208900	-153.679500	-2.518658	-13.356600
-0.082899	-0.104057	-0.003706	-151.045000	 0.026210	-95.481290	-4.617582	-3.679666	-1.554903	-4.471449	-9.855503	-1.442232	 1.156909	-5.273319	 106.280000	-0.813313	 0.122417	-8.559153	-9.520903	 11.036280	 59.287880	-120.891300	 22.360070	 7.556825	 39.874450	 16.304680	-37.072770	-11.701470	-4.668613	 49.436390	 2.466035	-1.147565	 53.405220	 2.739605	 0.675539	-52.364350	-0.295126	 1.320799	 40.136070	-0.238513	 3.158404	 22.073350	 2.722417	 4.890301	-62.109570	 37.315610	 19.698860	 18.958640	-6.692852	 19.242770	 17.882840	-5.709614	 19.252570	-73.704200	 17.916180	 10.060600	 29.930530	-3.779935	 9.429569	 23.269420	-0.503929	 10.255490	-65.924550	-51.617550	-12.041010	-7.588076	 16.022730	-0.540169	 0.139211	 14.789960	-0.368235	 3.437935	 0.520455	-6.862715	 89.999300	-99.720070	-9.258614	-96.946680	 179.729200	 2.368080	 99.597640	-0.813313	 0.122417	-8.559153	-24.794990	-40.745380	 5.213121	-109.071900	-46.865540	-29.822060	-27.972380	-49.592040	-15.698940	-5.351665	-1.856169	 11.608900	 2.505941	-1.127033	 1.645971	 3.298198	-0.960463	-86.204770	 11.925950	 6.261507	 8.551208	-0.271061	 3.148785	 10.641380	 3.021222	 3.106923	-87.799840	 55.301490	 24.505940	 3.334621	-6.825247	 19.212010	 10.694210	-6.067225	 19.355400	-92.023300	 30.141150	 14.919280	 9.153580	-3.917971	 9.393096	 7.427295	-0.483473	 9.607853	-80.893880	-41.903840	-4.514637	 28.267560	-22.886080	-0.369966	-0.147336	 4.415875	-0.325463	 3.354072	 0.000000	 90.000000	 0.000000	-174.451700	-3.351063	 174.231200	-153.638000	-2.521314	-13.596680
-0.083156	-0.104959	-0.003026	-151.269200	 0.076629	-95.551470	-4.733400	-3.742158	-1.591451	-4.576162	-9.996324	-1.478386	 1.155911	-5.272013	 106.257500	-0.813313	 0.122417	-8.559153	-9.563271	 11.106510	 59.348760	-121.059000	 22.433740	 7.610559	 39.904640	 16.458790	-36.974570	-11.701470	-4.668617	 49.437970	 2.466036	-1.147564	 53.404350	 2.739605	 0.675539	-52.364350	-0.308694	 1.310260	 40.135020	-0.238541	 3.158392	 22.063100	 2.720479	 4.894991	-62.037990	 37.262420	 19.677030	 18.989300	-6.692859	 19.242770	 17.882600	-5.708045	 19.252380	-73.626730	 17.887310	 10.042440	 29.992850	-3.779936	 9.429568	 23.269190	-0.504331	 10.257880	-65.868590	-51.617550	-12.041010	-7.588076	 16.022730	-0.540169	 0.139211	 14.789960	-0.368235	 3.437935	 0.520527	-6.547066	 89.997860	-99.458280	-9.425656	-97.020260	 179.684300	 2.469216	 100.348300	-0.813313	 0.122417	-8.559153	-22.420270	-39.821480	 8.305382	-110.932800	-46.144250	-28.746690	-27.411780	-49.574170	-16.239470	-5.355525	-1.858421	 11.600620	 2.505968	-1.127032	 1.615695	 3.298159	-0.959342	-86.183140	 11.937630	 6.269393	 8.576191	-0.271125	 3.148772	 10.619430	 3.021067	 3.104306	-87.836720	 55.348010	 24.518950	 3.343285	-6.825516	 19.211970	 10.679880	-6.067866	 19.355700	-92.058100	 30.163900	 14.930910	 9.178277	-3.918148	 9.393073	 7.407637	-0.483574	 9.606853	-80.916960	-41.786660	-4.468110	 28.277980	-22.006120	-0.375823	-0.142370	 4.415875	-0.325463	 3.354072	 0.000000	 90.000000	 0.000000	-174.310400	-3.345213	 174.238300	-153.588200	-2.536079	-13.882590
-0.083255	-0.105765	-0.002431	-151.388600	 0.113510	-95.606910	-4.834480	-3.793181	-1.623300	-4.667173	-10.106600	-1.509631	 1.156747	-5.278440	 106.239200	-0.813313	 0.122417	-8.559153	-9.608128	 11.148480	 59.401720	-121.193500	 22.481160	 7.654624	 39.921760	 16.579170	-36.878720	-11.701470	-4.668622	 49.439360	 2.466036	-1.147563	 53.403680	 2.739605	 0.675539	-52.364350	-0.319146	 1.302141	 40.134200	-0.238563	 3.158383	 22.055420	 2.718980	 4.898608	-61.982780	 37.234940	 19.665650	 19.010140	-6.692860	 19.242770	 17.882440	-5.707264	 19.252280	-73.588230	 17.872550	 10.033000	 30.042160	-3.779938	 9.429569	 23.269090	-0.504663	 10.259850	-65.822680	-51.617550	-12.041010	-7.588076	 16.022730	-0.540169	 0.139211	 14.789960	-0.368235	 3.437935	 0.520508	-6.317057	 89.996730	-99.270550	-9.536657	-97.109490	 179.643400	 2.557752	 101.014500	-0.813313	 0.122417	-8.559153	-20.277520	-38.969590	 11.083640	-112.589300	-45.405880	-27.838050	-26.652940	-49.487830	-16.555560	-5.359122	-1.860851	 11.587840	 2.505989	-1.127031	 1.592867	 3.298124	-0.958309	-86.163200	 11.945300	 6.275474	 8.599775	-0.271198	 3.148759	 10.594310	 3.020955	 3.102415	-87.863390	 55.382370	 24.529550	 3.356836	-6.825771	 19.211920	 10.666160	-6.068304	 19.355900	-92.081870	 30.181040	 14.940290	 9.202179	-3.918290	 9.393058	 7.391730	-0.483629	 9.606299	-80.929770	-41.684610	-4.427577	 28.286990	-21.239720	-0.380876	-0.137969	 4.415875	-0.325463	 3.354072	 0.000000	 90.000000	 0.000000	-174.192200	-3.361774	 174.233200	-153.546400	-2.561141	-14.125110
-0.083255	-0.106579	-0.001807	-151.467400	 0.159966	-95.657520	-4.932683	-3.840130	-1.654297	-4.755456	-10.204710	-1.539799	 1.158761	-5.290043	 106.222200	-0.813313	 0.122417	-8.559153	-9.655679	 11.174480	 59.446130	-121.314800	 22.515290	 7.694630	 39.931760	 16.685650	-36.778310	-11.701480	-4.668624	 49.440690	 2.466036	-1.147563	 53.403100	 2.739605	 0.675539	-52.364350	-0.328259	 1.295061	 40.133500	-0.238580	 3.158377	 22.049100	 2.717669	 4.901764	-61.934590	 37.217170	 19.658210	 19.027850	-6.692862	 19.242770	 17.882370	-5.706781	 19.252220	-73.564500	 17.863070	 10.026860	 30.085610	-3.779938	 9.429569	 23.269090	-0.504962	 10.261610	-65.781440	-51.617550	-12.041010	-7.588076	 16.022730	-0.540169	 0.139211	 14.789960	-0.368235	 3.437935	 0.520439	-6.114945	 89.995690	-99.110650	-9.617324	-97.248900	 179.599600	 2.665899	 101.638200	-0.813313	 0.122417	-8.559153	-17.978980	-38.046710	 14.207200	-114.196800	-44.623250	-26.964980	-25.738080	-49.316040	-16.976030	-5.362726	-1.863824	 11.566840	 2.506004	-1.127031	 1.575386	 3.298087	-0.957256	-86.142880	 11.949680	 6.280356	 8.624523	-0.271284	 3.148742	 10.565220	 3.020874	 3.101075	-87.882280	 55.407730	 24.538760	 3.376539	-6.826033	 19.211880	 10.652170	-6.068580	 19.356030	-92.096980	 30.193090	 14.947930	 9.228168	-3.918409	 9.393041	 7.378390	-0.483646	 9.606124	-80.933810	-41.585270	-4.388084	 28.295670	-20.493620	-0.385722	-0.133626	 4.415875	-0.325463	 3.354072	 0.000000	 90.000000	 0.000000	-174.079100	-3.392072	 174.223000	-153.508000	-2.597026	-14.353100
-0.083167	-0.107581	-0.001060	-151.559000	 0.230963	-95.714140	-5.051868	-3.894270	-1.692051	-4.862533	-10.314010	-1.576299	 1.162467	-5.309772	 106.202300	-0.813313	 0.122417	-8.559153	-9.716213	 11.189750	 59.491430	-121.450700	 22.544320	 7.739017	 39.936700	 16.803190	-36.648710	-11.701480	-4.668629	 49.442330	 2.466037	-1.147563	 53.402490	 2.739605	 0.675539	-52.364350	-0.338152	 1.287378	 40.132750	-0.238597	 3.158370	 22.042900	 2.716244	 4.905187	-61.882310	 37.198120	 19.650190	 19.049100	-6.692862	 19.242770	 17.882350	-5.706276	 19.252160	-73.539540	 17.852910	 10.020250	 30.132350	-3.779936	 9.429569	 23.269220	-0.505289	 10.263520	-65.736840	-51.617550	-12.041010	-7.588076	 16.022730	-0.540169	 0.139211	 14.789960	-0.368235	 3.437935	 0.520285	-5.875681	 89.994420	-98.926680	-9.692142	-97.469540	 179.544300	 2.816155	 102.322300	-0.813313	 0.122417	-8.559153	-15.196360	-36.792220	 18.094090	-116.146500	-43.679370	-25.927110	-24.645760	-49.069610	-17.629670	-5.367215	-1.868142	 11.531270	 2.506016	-1.127031	 1.562362	 3.298040	-0.955909	-86.116870	 11.949850	 6.284518	 8.657239	-0.271403	 3.148720	 10.524300	 3.020828	 3.100310	-87.893040	 55.424490	 24.547860	 3.410874	-6.826355	 19.211820	 10.634820	-6.068669	 19.356070	-92.101670	 30.198660	 14.954240	 9.264251	-3.918517	 9.393027	 7.366382	-0.483609	 9.606502	-80.925100	-41.464060	-4.339897	 28.306190	-19.583210	-0.391570	-0.128234	 4.415875	-0.325463	 3.354072	 0.000000	 90.000000	 0.000000	-173.953000	-3.440014	 174.192200	-153.464700	-2.652580	-14.617580
-0.083016	-0.108505	-0.000467	-151.623200	 0.303717	-95.759720	-5.156263	-3.939547	-1.725378	-4.956418	-10.402720	-1.608295	 1.166591	-5.330997	 106.185400	-0.813313	 0.122417	-8.559153	-9.769738	 11.191030	 59.523740	-121.560400	 22.561170	 7.773663	 39.935830	 16.897230	-36.529700	-11.701480	-4.668633	 49.443760	 2.466037	-1.147563	 53.402050	 2.739605	 0.675539	-52.364350	-0.345876	 1.281378	 40.132210	-0.238608	 3.158365	 22.038820	 2.715127	 4.907863	-61.841400	 37.175870	 19.640870	 19.070160	-6.692860	 19.242770	 17.882400	-5.705657	 19.252080	-73.509020	 17.840830	 10.012530	 30.167710	-3.779935	 9.429569	 23.269410	-0.505532	 10.264940	-65.703660	-51.617550	-12.041010	-7.588076	 16.022730	-0.540169	 0.139211	 14.789960	-0.368235	 3.437935	 0.520063	-5.652425	 89.993210	-98.757800	-9.747561	-97.694410	 179.496400	 2.956605	 102.834800	-0.813313	 0.122417	-8.559153	-12.988500	-35.611820	 21.217460	-117.780500	-42.834070	-24.996640	-23.515470	-48.890790	-17.601500	-5.371225	-1.872498	 11.491840	 2.506018	-1.127031	 1.560210	 3.297996	-0.954663	-86.092820	 11.913350	 6.273923	 8.692104	-0.271522	 3.148698	 10.483800	 3.021323	 3.108656	-87.775400	 55.349820	 24.539000	 3.482703	-6.826638	 19.211770	 10.619710	-6.065902	 19.354790	-91.951280	 30.146370	 14.939580	 9.313291	-3.918566	 9.393021	 7.360850	-0.483512	 9.607469	-80.902760	-41.356900	-4.297256	 28.315410	-18.778240	-0.396673	-0.123397	 4.415875	-0.325463	 3.354072	 0.000000	 90.000000	 0.000000	-173.851800	-3.488269	 174.139500	-153.430000	-2.709640	-14.836880
-0.082817	-0.109438	 0.000085	-151.652700	 0.381068	-95.801950	-5.257111	-3.981754	-1.757878	-5.047394	-10.483620	-1.639350	 1.171146	-5.354099	 106.169400	-0.813313	 0.122417	-8.559153	-9.820170	 11.183450	 59.548600	-121.658600	 22.571990	 7.802881	 39.931500	 16.981390	-36.411090	-11.701490	-4.668636	 49.445170	 2.466037	-1.147562	 53.401680	 2.739605	 0.675539	-52.364350	-0.352609	 1.276147	 40.131740	-0.238616	 3.158362	 22.036180	 2.714149	 4.910199	-61.805680	 37.142380	 19.626960	 19.095070	-6.692860	 19.242770	 17.882520	-5.704684	 19.251970	-73.461010	 17.822470	 10.000970	 30.196610	-3.779932	 9.429570	 23.269690	-0.505722	 10.266050	-65.677770	-51.617550	-12.041010	-7.588076	 16.022730	-0.540169	 0.139211	 14.789960	-0.368235	 3.437935	 0.519809	-5.391709	 89.991870	-98.552470	-9.805345	-97.924030	 179.451100	 3.092850	 103.277000	-0.813313	 0.122417	-8.559153	-10.898090	-34.286210	 24.108390	-119.271700	-42.034930	-24.073170	-22.297250	-48.750340	-17.088500	-5.375135	-1.877164	 11.446960	 2.505999	-1.127031	 1.581514	 3.297865	-0.951033	-86.022770	 11.798960	 6.232578	 8.736716	-0.271648	 3.148675	 10.440740	 3.022323	 3.126482	-87.524120	 55.099040	 24.495720	 3.631038	-6.826901	 19.211720	 10.605540	-6.060126	 19.352160	-91.637980	 29.976230	 14.890370	 9.462293	-3.918563	 9.393023	 7.361160	-0.483156	 9.611012	-80.820850	-41.252110	-4.255539	 28.324340	-17.990930	-0.401588	-0.118589	 4.415875	-0.325463	 3.354072	 0.000000	 90.000000	 0.000000	-173.760600	-3.535999	 174.071900	-153.399200	-2.770984	-15.039200
-0.082551	-0.110564	 0.000789	-151.678000	 0.484077	-95.851610	-5.378097	-4.030699	-1.797394	-5.157024	-10.576050	-1.676906	 1.177109	-5.384120	 106.150100	-0.813313	 0.122417	-8.559153	-9.875064	 11.164580	 59.569940	-121.765600	 22.581400	 7.830178	 39.922940	 17.075020	-36.265530	-11.701490	-4.668641	 49.446930	 2.466037	-1.147562	 53.401310	 2.739605	 0.675539	-52.364350	-0.359842	 1.270530	 40.131260	-0.238622	 3.158360	 22.033960	 2.713097	 4.912713	-61.767250	 37.093130	 19.606530	 19.128730	-6.692855	 19.242770	 17.882720	-5.703230	 19.251790	-73.389230	 17.795320	 9.983967	 30.226430	-3.779928	 9.429572	 23.270150	-0.505906	 10.267130	-65.652630	-51.617550	-12.041010	-7.588076	 16.022730	-0.540169	 0.139211	 14.789960	-0.368235	 3.437935	 0.519464	-5.006124	 89.989970	-98.232100	-9.892488	-98.199610	 179.398200	 3.247249	 103.781800	-0.813313	 0.122417	-8.559153	-8.226360	-32.269600	 27.749340	-120.784600	-41.193420	-22.972200	-20.690860	-48.573320	-16.257020	-5.379894	-1.883324	 11.384890	 2.505944	-1.127033	 1.642347	 3.297525	-0.942210	-85.852420	 11.607480	 6.161670	 8.799174	-0.271813	 3.148644	 10.384200	 3.023508	 3.149697	-87.196950	 54.675660	 24.419210	 3.866263	-6.827199	 19.211670	 10.589610	-6.052589	 19.348790	-91.230350	 29.689980	 14.815090	 9.790782	-3.918479	 9.393034	 7.370589	-0.482258	 9.620255	-80.607190	-41.124260	-4.204614	 28.335130	-17.030160	-0.407506	-0.112637	 4.415875	-0.325463	 3.354072	 0.000000	 90.000000	 0.000000	-173.658300	-3.588919	 173.976800	-153.366000	-2.851510	-15.272050
-0.082327	-0.111478	 0.001385	-151.708500	 0.579586	-95.893920	-5.475916	-4.069273	-1.829891	-5.246233	-10.648330	-1.707646	 1.182119	-5.409312	 106.134400	-0.813313	 0.122417	-8.559153	-9.912592	 11.143040	 59.580200	-121.843500	 22.588380	 7.844940	 39.914340	 17.145840	-36.146410	-11.701490	-4.668645	 49.448390	 2.466037	-1.147562	 53.401060	 2.739605	 0.675539	-52.364350	-0.365085	 1.266458	 40.130970	-0.238626	 3.158358	 22.032310	 2.712331	 4.914538	-61.739330	 37.056960	 19.591460	 19.155330	-6.692851	 19.242770	 17.882960	-5.702160	 19.251660	-73.336670	 17.775390	 9.971458	 30.248820	-3.779924	 9.429574	 23.270620	-0.506043	 10.267910	-65.634160	-51.617550	-12.041010	-7.588076	 16.022730	-0.540169	 0.139211	 14.789960	-0.368235	 3.437935	 0.519107	-4.652377	 89.988220	-97.925610	-9.940636	-98.409390	 179.349800	 3.391133	 104.204600	-0.813313	 0.122417	-8.559153	-6.108387	-30.344040	 30.724060	-121.758100	-40.643780	-22.079860	-19.300990	-48.446630	-15.319670	-5.383764	-1.888726	 11.328310	 2.505889	-1.127034	 1.703302	 3.297174	-0.933696	-85.688060	 11.420330	 6.091627	 8.855843	-0.271958	 3.148617	 10.334610	 3.024734	 3.177075	-86.811210	 54.260070	 24.345300	 4.118260	-6.827415	 19.211640	 10.578010	-6.043653	 19.344860	-90.748630	 29.410710	 14.739660	 10.108440	-3.918331	 9.393052	 7.387143	-0.481300	 9.630514	-80.370180	-41.018690	-4.162543	 28.343960	-16.236770	-0.412308	-0.107646	 4.415875	-0.325463	 3.354072	 0.000000	 90.000000	 0.000000	-173.580000	-3.623260	 173.894800	-153.336200	-2.923296	-15.453310
-0.082083	-0.112413	 0.001963	-151.735300	 0.688316	-95.938880	-5.574501	-4.107496	-1.863278	-5.336908	-10.720240	-1.739101	 1.187163	-5.434764	 106.118200	-0.813313	 0.122417	-8.559153	-9.943651	 11.117750	 59.584240	-121.914900	 22.595950	 7.853676	 39.905080	 17.213660	-36.026120	-11.701500	-4.668649	 49.449910	 2.466037	-1.147562	 53.400890	 2.739605	 0.675539	-52.364350	-0.369870	 1.262741	 40.130730	-0.238631	 3.158356	 22.030730	 2.711628	 4.916209	-61.713770	 37.023520	 19.577480	 19.181770	-6.692846	 19.242770	 17.883250	-5.701180	 19.251540	-73.288180	 17.756920	 9.959858	 30.269970	-3.779920	 9.429576	 23.271190	-0.506170	 10.268650	-65.617010	-51.617550	-12.041010	-7.588076	 16.022730	-0.540169	 0.139211	 14.789960	-0.368235	 3.437935	 0.518711	-4.272604	 89.986330	-97.584570	-9.939861	-98.597820	 179.293900	 3.577482	 104.581700	-0.813313	 0.122417	-8.559153	-4.130502	-28.221600	 33.689710	-122.669200	-40.170510	-21.143410	-17.832410	-48.334440	-14.203750	-5.387643	-1.894526	 11.265610	 2.505839	-1.127035	 1.759588	 3.296834	-0.925989	-85.539240	 11.137900	 5.983729	 8.925776	-0.272115	 3.148588	 10.281070	 3.026241	 3.218589	-86.226520	 53.631220	 24.230710	 4.503742	-6.827604	 19.211610	 10.567940	-6.030054	 19.339050	-90.019010	 28.990530	 14.607790	 10.439930	-3.918092	 9.393081	 7.413753	-0.480257	 9.642261	-80.098850	-40.909740	-4.119099	 28.352990	-15.417880	-0.417203	-0.102424	 4.415875	-0.325463	 3.354072	 0.000000	 90.000000	 0.000000	-173.503900	-3.645115	 173.813600	-153.298400	-3.002923	-15.630540
-0.081797	-0.113455	 0.002579	-151.733300	 0.822859	-95.995040	-5.684988	-4.149864	-1.901637	-5.439656	-10.801220	-1.775127	 1.192543	-5.462193	 106.099300	-0.813313	 0.122417	-8.559153	-9.969343	 11.087690	 59.581250	-121.987300	 22.606710	 7.856701	 39.895280	 17.286430	-35.892550	-11.701500	-4.668654	 49.451690	 2.466038	-1.147562	 53.400760	 2.739605	 0.675539	-52.364350	-0.374697	 1.258992	 40.130570	-0.238635	 3.158354	 22.029060	 2.710917	 4.917901	-61.687890	 36.989320	 19.563110	 19.211120	-6.692840	 19.242780	 17.883670	-5.700176	 19.251430	-73.238780	 17.738010	 9.947964	 30.292180	-3.779914	 9.429578	 23.271950	-0.506300	 10.269400	-65.599430	-51.617550	-12.041010	-7.588076	 16.022730	-0.540169	 0.139211	 14.789960	-0.368235	 3.437935	 0.518190	-3.838211	 89.984160	-97.183630	-9.891444	-98.772540	 179.222800	 3.825377	 104.980100	-0.813313	 0.122417	-8.559153	-1.852882	-25.364780	 36.805500	-123.725500	-39.489570	-19.964090	-16.058550	-48.032280	-12.754030	-5.391998	-1.901469	 11.188480	 2.505765	-1.127036	 1.842556	 3.296322	-0.915136	-85.329610	 10.784200	 5.850662	 9.035892	-0.272304	 3.148554	 10.216630	 3.027531	 3.270671	-85.493160	 52.843950	 24.084220	 5.008210	-6.827764	 19.211580	 10.559280	-6.012889	 19.331990	-89.104460	 28.465480	 14.442610	 10.887600	-3.917559	 9.393147	 7.473390	-0.479136	 9.655664	-79.789410	-40.783790	-4.068849	 28.363330	-14.471140	-0.422763	-0.096301	 4.415875	-0.325463	 3.354072	 0.000000	 90.000000	 0.000000	-173.421100	-3.656898	 173.718900	-153.246500	-3.100182	-15.824770
-0.081571	-0.114335	 0.003060	-151.713000	 0.942157	-96.046980	-5.774514	-4.184150	-1.933682	-5.524120	-10.868580	-1.805134	 1.196466	-5.482584	 106.083100	-0.813313	 0.122417	-8.559153	-9.981960	 11.064360	 59.572660	-122.040600	 22.618540	 7.854101	 39.888910	 17.343760	-35.786620	-11.701500	-4.668658	 49.453240	 2.466038	-1.147562	 53.400720	 2.739605	 0.675539	-52.364350	-0.378237	 1.256242	 40.130520	-0.238639	 3.158353	 22.027800	 2.710393	 4.919142	-61.668880	 36.963870	 19.552370	 19.234950	-6.692831	 19.242780	 17.884070	-5.699432	 19.251350	-73.202190	 17.723950	 9.939107	 30.309130	-3.779908	 9.429579	 23.272680	-0.506398	 10.269970	-65.586300	-51.617550	-12.041010	-7.588076	 16.022730	-0.540169	 0.139211	 14.789960	-0.368235	 3.437935	 0.517687	-3.496398	 89.982380	-96.862520	-9.822374	-98.889880	 179.158800	 4.048085	 105.311600	-0.813313	 0.122417	-8.559153	-0.039043	-22.775270	 39.110470	-124.321400	-38.813080	-19.006630	-14.520900	-47.551450	-11.481690	-5.395479	-1.907430	 11.120410	 2.505670	-1.127039	 1.948085	 3.295635	-0.901755	-85.071150	 10.535800	 5.761241	 9.153399	-0.272467	 3.148525	 10.160660	 3.028038	 3.307273	-84.977900	 52.291360	 23.981780	 5.399828	-6.827846	 19.211560	 10.554930	-6.000771	 19.327190	-88.462430	 28.097000	 14.339770	 11.366040	-3.916872	 9.393234	 7.550178	-0.478368	 9.665406	-79.564590	-40.677940	-4.026597	 28.371930	-13.675280	-0.427348	-0.091084	 4.415875	-0.325463	 3.354072	 0.000000	 90.000000	 0.000000	-173.355600	-3.662816	 173.630000	-153.196700	-3.184888	-15.980680
-0.081312	-0.115194	 0.003538	-151.686100	 1.065019	-96.100570	-5.860033	-4.217117	-1.965277	-5.606067	-10.935870	-1.834642	 1.199597	-5.499422	 106.066700	-0.813313	 0.122417	-8.559153	-9.985883	 11.045290	 59.558910	-122.087200	 22.633980	 7.847579	 39.885420	 17.397970	-35.688870	-11.701510	-4.668662	 49.454750	 2.466038	-1.147562	 53.400720	 2.739605	 0.675539	-52.364350	-0.381320	 1.253848	 40.130530	-0.238642	 3.158351	 22.026650	 2.709935	 4.920231	-61.652200	 36.941260	 19.542780	 19.257920	-6.692824	 19.242790	 17.884530	-5.698775	 19.251260	-73.169860	 17.711420	 9.931209	 30.324550	-3.779901	 9.429585	 23.273480	-0.506485	 10.270460	-65.574590	-51.617550	-12.041010	-7.588076	 16.022730	-0.540169	 0.139211	 14.789960	-0.368235	 3.437935	 0.517147	-3.195928	 89.980730	-96.578320	-9.737020	-98.992210	 179.097200	 4.272000	 105.569800	-0.813313	 0.122417	-8.559153	 1.645629	-19.895170	 41.549190	-124.648800	-38.261300	-18.012840	-13.030020	-47.033920	-10.071840	-5.398747	-1.913415	 11.050420	 2.505567	-1.127042	 2.063066	 3.294838	-0.887513	-84.795990	 10.089900	 5.592273	 9.298125	-0.272634	 3.148495	 10.103770	 3.028200	 3.356030	-84.291530	 51.292840	 23.772580	 5.968499	-6.827868	 19.211560	 10.553770	-5.984591	 19.321010	-87.609700	 27.437140	 14.122180	 11.943880	-3.916118	 9.393330	 7.634340	-0.477322	 9.679550	-79.238240	-40.572770	-3.984601	 28.380390	-12.884610	-0.431850	-0.085844	 4.415875	-0.325463	 3.354072	 0.000000	 90.000000	 0.000000	-173.293500	-3.665345	 173.533900	-153.142100	-3.270409	-16.130120
-0.081058	-0.116164	 0.004058	-151.655500	 1.216390	-96.169080	-5.957570	-4.255326	-2.002753	-5.701256	-11.018190	-1.869579	 1.202037	-5.513731	 106.046300	-0.813313	 0.122417	-8.559153	-9.978420	 11.031200	 59.535970	-122.135600	 22.658740	 7.835497	 39.884960	 17.457500	-35.593120	-11.701510	-4.668667	 49.456650	 2.466037	-1.147562	 53.400810	 2.739605	 0.675539	-52.364350	-0.384520	 1.251362	 40.130650	-0.238645	 3.158350	 22.025420	 2.709456	 4.921367	-61.634830	 36.917390	 19.532580	 19.284580	-6.692811	 19.242780	 17.885130	-5.698089	 19.251180	-73.135930	 17.698150	 9.922835	 30.341300	-3.779892	 9.429586	 23.274570	-0.506577	 10.271000	-65.562130	-51.617550	-12.041010	-7.588076	 16.022730	-0.540169	 0.139211	 14.789960	-0.368235	 3.437935	 0.516410	-2.894942	 89.978940	-96.289930	-9.629889	-99.108440	 179.027600	 4.527868	 105.829200	-0.813313	 0.122417	-8.559153	 3.631145	-15.956460	 43.948970	-124.911200	-37.878080	-16.832280	-11.491620	-46.566310	-8.143434	-5.402374	-1.920601	 10.964270	 2.505459	-1.127045	 2.183673	 3.293964	-0.873146	-84.518360	 9.768143	 5.472734	 9.432929	-0.272837	 3.148459	 10.034340	 3.027493	 3.421845	-83.364920	 50.569100	 23.620180	 6.432566	-6.827803	 19.211570	 10.557170	-5.962620	 19.313050	-86.459920	 26.961570	 13.970830	 12.477920	-3.915322	 9.393432	 7.723301	-0.476037	 9.698722	-78.796120	-40.446940	-3.934314	 28.390430	-11.938510	-0.437115	-0.079482	 4.415875	-0.325463	 3.354072	 0.000000	 90.000000	 0.000000	-173.222300	-3.664274	 173.409900	-153.070600	-3.372916	-16.303490
-0.080929	-0.116926	 0.004441	-151.662000	 1.336079	-96.225730	-6.034319	-4.285896	-2.033314	-5.777007	-11.088640	-1.898029	 1.202701	-5.519473	 106.028900	-0.813313	 0.122417	-8.559153	-9.961467	 11.029600	 59.511890	-122.168700	 22.674060	 7.822382	 39.894350	 17.488690	-35.534840	-11.701520	-4.668671	 49.458230	 2.466037	-1.147562	 53.400960	 2.739605	 0.675539	-52.364350	-0.386806	 1.249586	 40.130860	-0.238648	 3.158349	 22.024540	 2.709111	 4.922182	-61.622350	 36.899960	 19.525100	 19.305990	-6.692801	 19.242790	 17.885710	-5.697590	 19.251130	-73.111430	 17.688480	 9.916730	 30.353760	-3.779884	 9.429590	 23.275540	-0.506645	 10.271390	-65.553020	-51.617550	-12.041010	-7.588076	 16.022730	-0.540169	 0.139211	 14.789960	-0.368235	 3.437935	 0.515727	-2.676580	 89.977550	-96.082010	-9.556323	-99.206330	 178.994200	 4.625654	 106.038000	-0.813313	 0.122417	-8.559153	 5.158499	-12.624640	 45.498720	-124.809500	-37.797320	-16.013560	-10.459120	-46.293160	-6.520634	-5.405064	-1.926471	 10.891940	 2.505363	-1.127048	 2.290013	 3.291774	-0.841254	-83.901700	 8.944440	 5.145814	 9.597961	-0.273007	 3.148428	 9.976358	 3.023206	 3.546920	-81.602830	 48.693590	 23.172740	 7.333463	-6.827691	 19.211590	 10.563230	-5.920623	 19.299120	-84.284760	 25.738920	 13.548910	 13.713360	-3.914598	 9.393527	 7.804260	-0.473978	 9.735773	-77.942100	-40.343300	-3.892885	 28.398610	-11.159040	-0.441397	-0.074181	 4.415875	-0.325463	 3.354072	 0.000000	 90.000000	 0.000000	-173.165400	-3.660208	 173.300900	-153.007200	-3.456001	-16.443180
-0.080773	-0.117657	 0.004807	-151.680500	 1.447698	-96.283160	-6.107302	-4.315411	-2.063239	-5.849697	-11.161750	-1.925845	 1.201888	-5.518566	 106.010700	-0.813313	 0.122417	-8.559153	-9.934203	 11.039750	 59.483630	-122.194500	 22.675040	 7.806952	 39.916410	 17.495040	-35.488510	-11.701520	-4.668674	 49.459840	 2.466037	-1.147562	 53.401150	 2.739605	 0.675539	-52.364350	-0.388795	 1.248041	 40.131120	-0.238650	 3.158349	 22.023780	 2.708810	 4.922897	-61.611410	 36.884540	 19.518440	 19.326730	-6.692791	 19.242800	 17.886320	-5.697154	 19.251080	-73.089870	 17.679860	 9.911285	 30.365040	-3.779875	 9.429594	 23.276620	-0.506706	 10.271740	-65.544880	-51.617550	-12.041010	-7.588076	 16.022730	-0.540169	 0.139211	 14.789960	-0.368235	 3.437935	 0.514987	-2.473503	 89.976160	-95.902670	-9.512177	-99.313710	 178.984600	 4.616378	 106.236000	-0.813313	 0.122417	-8.559153	 6.452057	-9.218546	 47.142940	-124.533300	-37.851750	-15.143590	-9.504096	-46.039820	-4.907580	-5.407415	-1.932180	 10.819740	 2.505233	-1.127052	 2.435584	 3.289494	-0.812385	-83.343060	 8.346386	 4.911218	 9.766237	-0.273177	 3.148398	 9.918621	 3.017633	 3.638247	-80.314410	 47.332020	 22.835030	 8.063571	-6.827538	 19.211620	 10.571470	-5.889631	 19.289910	-82.697320	 24.853730	 13.235190	 14.766400	-3.913584	 9.393662	 7.917747	-0.472821	 9.763016	-77.314530	-40.240800	-3.851883	 28.406620	-10.388060	-0.445544	-0.068879	 4.415875	-0.325463	 3.354072	 0.000000	 90.000000	 0.000000	-173.110100	-3.653546	 173.187800	-152.940600	-3.535591	-16.579810
-0.080576	-0.118513	 0.005219	-151.689700	 1.569957	-96.354720	-6.189418	-4.349198	-2.097805	-5.932677	-11.253330	-1.958004	 1.196957	-5.499461	 105.988100	-0.813313	 0.122417	-8.559153	-9.887450	 11.070800	 59.444890	-122.216800	 22.660550	 7.786668	 39.953120	 17.477070	-35.445510	-11.701520	-4.668680	 49.461800	 2.466037	-1.147562	 53.401450	 2.739605	 0.675539	-52.364350	-0.390827	 1.246463	 40.131570	-0.238652	 3.158347	 22.023010	 2.708497	 4.923637	-61.600070	 36.868380	 19.511400	 19.350550	-6.692775	 19.242800	 17.887130	-5.696702	 19.251020	-73.067580	 17.670820	 9.905564	 30.377010	-3.779864	 9.429598	 23.277960	-0.506770	 10.272100	-65.536270	-51.617550	-12.041010	-7.588076	 16.022730	-0.540169	 0.139211	 14.789960	-0.368235	 3.437935	 0.514041	-2.234046	 89.974520	-95.722330	-9.514372	-99.422100	 179.000200	 4.495747	 106.423500	-0.813313	 0.122417	-8.559153	 7.755134	-5.076863	 49.050170	-123.704500	-37.937420	-14.082930	-8.280503	-45.571690	-3.046062	-5.409724	-1.938673	 10.735080	 2.505038	-1.127059	 2.651917	 3.286998	-0.784227	-82.797760	 8.012668	 4.788250	 9.962351	-0.273375	 3.148364	 9.850893	 3.013545	 3.690150	-79.581250	 46.557780	 22.646210	 8.643063	-6.827288	 19.211660	 10.584800	-5.871996	 19.285060	-81.799960	 24.356610	 13.071880	 15.703650	-3.912059	 9.393867	 8.088241	-0.472288	 9.778872	-76.949390	-40.120790	-3.803860	 28.415920	-9.485350	-0.450319	-0.062601	 4.415875	-0.325463	 3.354072	 0.000000	 90.000000	 0.000000	-173.045600	-3.642511	 173.049300	-152.858300	-3.623573	-16.739530
-0.080443	-0.119196	 0.005541	-151.688800	 1.668266	-96.419980	-6.255800	-4.377038	-2.126365	-6.000803	-11.336550	-1.984564	 1.188821	-5.464987	 105.969300	-0.813313	 0.122417	-8.559153	-9.835799	 11.114480	 59.408110	-122.229500	 22.637330	 7.768524	 39.988170	 17.445660	-35.416100	-11.701530	-4.668684	 49.463470	 2.466037	-1.147562	 53.401750	 2.739605	 0.675539	-52.364350	-0.392350	 1.245280	 40.132020	-0.238653	 3.158347	 22.022480	 2.708261	 4.924195	-61.591540	 36.856160	 19.506030	 19.370230	-6.692762	 19.242800	 17.887880	-5.696363	 19.250990	-73.050930	 17.663950	 9.901216	 30.386120	-3.779853	 9.429603	 23.279210	-0.506821	 10.272380	-65.529710	-51.617550	-12.041010	-7.588076	 16.022730	-0.540169	 0.139211	 14.789960	-0.368235	 3.437935	 0.513194	-2.054796	 89.973180	-95.590160	-9.558101	-99.466820	 179.029500	 4.330120	 106.554200	-0.813313	 0.122417	-8.559153	 8.834748	-1.343695	 50.419900	-122.587800	-37.918320	-13.147160	-7.427349	-44.948720	-1.874905	-5.411213	-1.943880	 10.664670	 2.504845	-1.127067	 2.867172	 3.285096	-0.764586	-82.417120	 7.786408	 4.708494	 10.147260	-0.273541	 3.148335	 9.794355	 3.010366	 3.725600	-79.080010	 46.029130	 22.517660	 9.117437	-6.827006	 19.211710	 10.599910	-5.859931	 19.281910	-81.188240	 24.019460	 12.956800	 16.355190	-3.910536	 9.394076	 8.258637	-0.471981	 9.789772	-76.698330	-40.020150	-3.763572	 28.423640	-8.728129	-0.454241	-0.057278	 4.415875	-0.325463	 3.354072	 0.000000	 90.000000	 0.000000	-172.991000	-3.630743	 172.928700	-152.785900	-3.691223	-16.874840
-0.080361	-0.119849	 0.005843	-151.669800	 1.762874	-96.489690	-6.317066	-4.403132	-2.153096	-6.064628	-11.422610	-2.009472	 1.179294	-5.423636	 105.953400	-0.813313	 0.122417	-8.559153	-9.776939	 11.171140	 59.370110	-122.237100	 22.607690	 7.751056	 40.020690	 17.406320	-35.391270	-11.701530	-4.668689	 49.465130	 2.466037	-1.147562	 53.402100	 2.739605	 0.675539	-52.364350	-0.393669	 1.244255	 40.132520	-0.238655	 3.158346	 22.022080	 2.708054	 4.924685	-61.584030	 36.845370	 19.501270	 19.388790	-6.692748	 19.242800	 17.888640	-5.696070	 19.250950	-73.036480	 17.657880	 9.897373	 30.394050	-3.779843	 9.429607	 23.280500	-0.506863	 10.272640	-65.523880	-51.617550	-12.041010	-7.588076	 16.022730	-0.540169	 0.139211	 14.789960	-0.368235	 3.437935	 0.512272	-1.922544	 89.972020	-95.478120	-9.626535	-99.479500	 179.055600	 4.184716	 106.666000	-0.813313	 0.122417	-8.559153	 9.807344	 2.261419	 51.467300	-120.917800	-37.895680	-12.286710	-6.771292	-44.215770	-1.059385	-5.412177	-1.948561	 10.598810	 2.504639	-1.127076	 3.096721	 3.283457	-0.748651	-82.108090	 7.204142	 4.480000	 10.372880	-0.273697	 3.148308	 9.741132	 3.005194	 3.777059	-78.351620	 45.266030	 22.318160	 9.693657	-6.826661	 19.211770	 10.618410	-5.842280	 19.277530	-80.296530	 23.158190	 12.593610	 17.020470	-3.908911	 9.394307	 8.440495	-0.471624	 9.805427	-76.337910	-39.924410	-3.725230	 28.430910	-8.007978	-0.457903	-0.052167	 4.415875	-0.325463	 3.354072	 0.000000	 90.000000	 0.000000	-172.937900	-3.617516	 172.810900	-152.714500	-3.748588	-17.006100
-0.080373	-0.120611	 0.006160	-151.648900	 1.866024	-96.573650	-6.385069	-4.432628	-2.182999	-6.136706	-11.531100	-2.037406	 1.168385	-5.375854	 105.937700	-0.813313	 0.122417	-8.559153	-9.699027	 11.254300	 59.323850	-122.240900	 22.567060	 7.731761	 40.050790	 17.355850	-35.363410	-11.701540	-4.668694	 49.467080	 2.466037	-1.147563	 53.402600	 2.739605	 0.675539	-52.364350	-0.395090	 1.243151	 40.133250	-0.238656	 3.158346	 22.021760	 2.707829	 4.925217	-61.575880	 36.833770	 19.496130	 19.409840	-6.692730	 19.242810	 17.889600	-5.695759	 19.250920	-73.021130	 17.651310	 9.893217	 30.402320	-3.779829	 9.429612	 23.282080	-0.506910	 10.272910	-65.517560	-51.617550	-12.041010	-7.588076	 16.022730	-0.540169	 0.139211	 14.789960	-0.368235	 3.437935	 0.511132	-1.795958	 89.970700	-95.381230	-9.721504	-99.473840	 179.097200	 3.969491	 106.789600	-0.813313	 0.122417	-8.559153	 10.814580	 6.130501	 52.071020	-118.308100	-37.877540	-11.337070	-6.172062	-43.287220	-0.247471	-5.412660	-1.953489	 10.525880	 2.504382	-1.127088	 3.383536	 3.281755	-0.732939	-81.803240	 6.822381	 4.336632	 10.626790	-0.273872	 3.148278	 9.681511	 2.996025	 3.855548	-77.238590	 44.108520	 21.996480	 10.482320	-6.826155	 19.211850	 10.645590	-5.815156	 19.271340	-78.933160	 22.595200	 12.356310	 17.608030	-3.906886	 9.394597	 8.667344	-0.471274	 9.829346	-75.787170	-39.815170	-3.681454	 28.439130	-7.186028	-0.462011	-0.046278	 4.415875	-0.325463	 3.354072	 0.000000	 90.000000	 0.000000	-172.874900	-3.600043	 172.673500	-152.630700	-3.805610	-17.161010
-0.080453	-0.121300	 0.006406	-151.637500	 1.952291	-96.650090	-6.442579	-4.458029	-2.208283	-6.198782	-11.635990	-2.061114	 1.159052	-5.334639	 105.926100	-0.813313	 0.122417	-8.559153	-9.623157	 11.342820	 59.282060	-122.240800	 22.528170	 7.716569	 40.064820	 17.313050	-35.336530	-11.701540	-4.668699	 49.468850	 2.466036	-1.147563	 53.403100	 2.739605	 0.675539	-52.364350	-0.396307	 1.242205	 40.133960	-0.238656	 3.158346	 22.021610	 2.707635	 4.925674	-61.568880	 36.824050	 19.491790	 19.428070	-6.692714	 19.242820	 17.890520	-5.695498	 19.250890	-73.008430	 17.645790	 9.889731	 30.408900	-3.779817	 9.429617	 23.283600	-0.506949	 10.273140	-65.512200	-51.617550	-12.041010	-7.588076	 16.022730	-0.540169	 0.139211	 14.789960	-0.368235	 3.437935	 0.510064	-1.686395	 89.969540	-95.331050	-9.805275	-99.465790	 179.140200	 3.751497	 106.905000	-0.813313	 0.122417	-8.559153	 11.488300	 9.164084	 52.128170	-115.689200	-37.887350	-10.384290	-6.021092	-42.444420	-0.318270	-5.412426	-1.957292	 10.465540	 2.504144	-1.127101	 3.648666	 3.280370	-0.720700	-81.565670	 6.173155	 4.076774	 10.885970	-0.274019	 3.148253	 9.631360	 2.984827	 3.937261	-76.076810	 42.910070	 21.644010	 11.249780	-6.825596	 19.211950	 10.675580	-5.786649	 19.265520	-77.508110	 21.640940	 11.923880	 18.178960	-3.905023	 9.394875	 8.876193	-0.471155	 9.854284	-75.213060	-39.720620	-3.643554	 28.446180	-6.474597	-0.465500	-0.041137	 4.415875	-0.325463	 3.354072	 0.000000	 90.000000	 0.000000	-172.817200	-3.582978	 172.552600	-152.557300	-3.849393	-17.301590
-0.080519	-0.121965	 0.006643	-151.643300	 2.031546	-96.723360	-6.494611	-4.481412	-2.230953	-6.255741	-11.737680	-2.082412	 1.149524	-5.292117	 105.917000	-0.813313	 0.122417	-8.559153	-9.547211	 11.438540	 59.242950	-122.238400	 22.491510	 7.704737	 40.061910	 17.279840	-35.306430	-11.701540	-4.668705	 49.470570	 2.466036	-1.147564	 53.403630	 2.739605	 0.675539	-52.364350	-0.397474	 1.241298	 40.134720	-0.238656	 3.158346	 22.021550	 2.707450	 4.926111	-61.562190	 36.815030	 19.487770	 19.444920	-6.692697	 19.242820	 17.891430	-5.695262	 19.250860	-72.996760	 17.640650	 9.886485	 30.414550	-3.779804	 9.429624	 23.285100	-0.506987	 10.273350	-65.507230	-51.617550	-12.041010	-7.588076	 16.022730	-0.540169	 0.139211	 14.789960	-0.368235	 3.437935	 0.508978	-1.607704	 89.968510	-95.299070	-9.875992	-99.466030	 179.182900	 3.535026	 107.029800	-0.813313	 0.122417	-8.559153	 11.725590	 11.647490	 52.264450	-112.930100	-37.982840	-9.310217	-5.988919	-41.689480	-0.870512	-5.411579	-1.960311	 10.413240	 2.503917	-1.127114	 3.902077	 3.279098	-0.709831	-81.354580	 5.885345	 3.967618	 11.111010	-0.274149	 3.148231	 9.586883	 2.971635	 4.020711	-74.886580	 41.692510	 21.267560	 12.000070	-6.824959	 19.212060	 10.709630	-5.757236	 19.260240	-76.045330	 21.220550	 11.734280	 18.589860	-3.903253	 9.395144	 9.074610	-0.471298	 9.879777	-74.626080	-39.633680	-3.608687	 28.452620	-5.820301	-0.468646	-0.036368	 4.415875	-0.325463	 3.354072	 0.000000	 90.000000	 0.000000	-172.760600	-3.565767	 172.440600	-152.490000	-3.885238	-17.438250
-0.080620	-0.122721	 0.006982	-151.679800	 2.121523	-96.808820	-6.551528	-4.507436	-2.255238	-6.318714	-11.850520	-2.105211	 1.137840	-5.239517	 105.908800	-0.813313	 0.122417	-8.559153	-9.457194	 11.561490	 59.199800	-122.233900	 22.452720	 7.695326	 40.026450	 17.259740	-35.261060	-11.701550	-4.668709	 49.472530	 2.466036	-1.147564	 53.404300	 2.739605	 0.675539	-52.364350	-0.398860	 1.240221	 40.135730	-0.238656	 3.158346	 22.021630	 2.707227	 4.926637	-61.554130	 36.804570	 19.483110	 19.463790	-6.692677	 19.242820	 17.892560	-5.694991	 19.250830	-72.983310	 17.634700	 9.882732	 30.420440	-3.779789	 9.429630	 23.286930	-0.507031	 10.273600	-65.501430	-51.617550	-12.041010	-7.588076	 16.022730	-0.540169	 0.139211	 14.789960	-0.368235	 3.437935	 0.507654	-1.568864	 89.967460	-95.291520	-9.933002	-99.453720	 179.228400	 3.290683	 107.238500	-0.813313	 0.122417	-8.559153	 11.550870	 13.986410	 52.504990	-108.811600	-38.055020	-7.939946	-6.054045	-40.735030	-1.448552	-5.409802	-1.962983	 10.360110	 2.503662	-1.127130	 4.187455	 3.277578	-0.697278	-81.110660	 5.281749	 3.723157	 11.389070	-0.274286	 3.148207	 9.540180	 2.953923	 4.118353	-73.488430	 40.275960	 20.807330	 12.848440	-6.824092	 19.212220	 10.756220	-5.722416	 19.254940	-74.321950	 20.343600	 11.320690	 19.146140	-3.901279	 9.395452	 9.296014	-0.471799	 9.909623	-73.938730	-39.537570	-3.570135	 28.459650	-5.096782	-0.472064	-0.031052	 4.415875	-0.325463	 3.354072	 0.000000	 90.000000	 0.000000	-172.692600	-3.545131	 172.316500	-152.416600	-3.920151	-17.600400
-0.080776	-0.123304	 0.007321	-151.730300	 2.201310	-96.884670	-6.599790	-4.529857	-2.275105	-6.372603	-11.947240	-2.123853	 1.126853	-5.189715	 105.903200	-0.813313	 0.122417	-8.559153	-9.376566	 11.681510	 59.164210	-122.225700	 22.424350	 7.691802	 39.962360	 17.259240	-35.220940	-11.701550	-4.668714	 49.474310	 2.466036	-1.147565	 53.404950	 2.739605	 0.675539	-52.364350	-0.400212	 1.239170	 40.136660	-0.238655	 3.158346	 22.021810	 2.707012	 4.927144	-61.546380	 36.794890	 19.478830	 19.480140	-6.692659	 19.242830	 17.893570	-5.694736	 19.250800	-72.970850	 17.629200	 9.879268	 30.425250	-3.779775	 9.429634	 23.288620	-0.507071	 10.273830	-65.496040	-51.617550	-12.041010	-7.588076	 16.022730	-0.540169	 0.139211	 14.789960	-0.368235	 3.437935	 0.506398	-1.552274	 89.966590	-95.323050	-9.949039	-99.410580	 179.262000	 3.101312	 107.452100	-0.813313	 0.122417	-8.559153	 11.220290	 15.767960	 52.566680	-104.451300	-37.918570	-6.598203	-6.269796	-39.726190	-2.106851	-5.407427	-1.964549	 10.320150	 2.503476	-1.127143	 4.394803	 3.276062	-0.685185	-80.875560	 4.937200	 3.584389	 11.589370	-0.274395	 3.148190	 9.503179	 2.943129	 4.172027	-72.717000	 39.503160	 20.546800	 13.404220	-6.823184	 19.212380	 10.805000	-5.703022	 19.252420	-73.365520	 19.848750	 11.084690	 19.606160	-3.899855	 9.395676	 9.455959	-0.472226	 9.925890	-73.564030	-39.455830	-3.537331	 28.465600	-4.481630	-0.474921	-0.026502	 4.415875	-0.325463	 3.354072	 0.000000	 90.000000	 0.000000	-172.629000	-3.526235	 172.211900	-152.358200	-3.940041	-17.726070
-0.080968	-0.123770	 0.007699	-151.784000	 2.275868	-96.955350	-6.643639	-4.550547	-2.292307	-6.421983	-12.035790	-2.140032	 1.115979	-5.140164	 105.899200	-0.813313	 0.122417	-8.559153	-9.301893	 11.803980	 59.134040	-122.212200	 22.403420	 7.694365	 39.879130	 17.269210	-35.195020	-11.701560	-4.668718	 49.476000	 2.466035	-1.147565	 53.405610	 2.739605	 0.675539	-52.364350	-0.401649	 1.238053	 40.137660	-0.238655	 3.158346	 22.022080	 2.706786	 4.927676	-61.538220	 36.785060	 19.474510	 19.495330	-6.692640	 19.242840	 17.894600	-5.694478	 19.250770	-72.958180	 17.623610	 9.875759	 30.429530	-3.779762	 9.429643	 23.290290	-0.507113	 10.274060	-65.490630	-51.617550	-12.041010	-7.588076	 16.022730	-0.540169	 0.139211	 14.789960	-0.368235	 3.437935	 0.505147	-1.559274	 89.965810	-95.373000	-9.926039	-99.351690	 179.287000	 2.952147	 107.666000	-0.813313	 0.122417	-8.559153	 10.680170	 17.070770	 52.615420	-99.512010	-37.763600	-5.282732	-6.514114	-38.804180	-2.800881	-5.404453	-1.965266	 10.289360	 2.503355	-1.127151	 4.530634	 3.274372	-0.672149	-80.621990	 4.697443	 3.486790	 11.724640	-0.274485	 3.148175	 9.472549	 2.935229	 4.209117	-72.182630	 38.973930	 20.363530	 13.833690	-6.822192	 19.212550	 10.858190	-5.689451	 19.250840	-72.697340	 19.510260	 10.921950	 20.061420	-3.898912	 9.395828	 9.561776	-0.472579	 9.936982	-73.308440	-39.381930	-3.507656	 28.470920	-3.925293	-0.477462	-0.022356	 4.415875	-0.325463	 3.354072	 0.000000	 90.000000	 0.000000	-172.565300	-3.508175	 172.118700	-152.310800	-3.946638	-17.818170
-0.081260	-0.124216	 0.008217	-151.847300	 2.352307	-97.036060	-6.694633	-4.574944	-2.310915	-6.479736	-12.139220	-2.157496	 1.102245	-5.077314	 105.896100	-0.813313	 0.122417	-8.559153	-9.215577	 11.962680	 59.103360	-122.188400	 22.383600	 7.705835	 39.757970	 17.290110	-35.180760	-11.701560	-4.668724	 49.478080	 2.466034	-1.147566	 53.406460	 2.739605	 0.675539	-52.364350	-0.403635	 1.236509	 40.138960	-0.238653	 3.158347	 22.022550	 2.706474	 4.928413	-61.526920	 36.771950	 19.468790	 19.513330	-6.692617	 19.242840	 17.895890	-5.694130	 19.250740	-72.941110	 17.616170	 9.871089	 30.434470	-3.779745	 9.429649	 23.292390	-0.507166	 10.274370	-65.483430	-51.617550	-12.041010	-7.588076	 16.022730	-0.540169	 0.139211	 14.789960	-0.368235	 3.437935	 0.503543	-1.615824	 89.965030	-95.443630	-9.850043	-99.271420	 179.309000	 2.797960	 107.991700	-0.813313	 0.122417	-8.559153	 9.730436	 18.014820	 52.573510	-92.526920	-37.691200	-3.688164	-6.738030	-37.953290	-3.672821	-5.399802	-1.965020	 10.262390	 2.503257	-1.127158	 4.638895	 3.273008	-0.661947	-80.423420	 4.446068	 3.382207	 11.835390	-0.274575	 3.148159	 9.441854	 2.926448	 4.248476	-71.614380	 38.408450	 20.163160	 14.224060	-6.820806	 19.212800	 10.932580	-5.675076	 19.249340	-71.990700	 19.149120	 10.743760	 20.436000	-3.898129	 9.395958	 9.649716	-0.473023	 9.949093	-73.029360	-39.297320	-3.473678	 28.476980	-3.288385	-0.480311	-0.017581	 4.415875	-0.325463	 3.354072	 0.000000	 90.000000	 0.000000	-172.486900	-3.483202	 172.034600	-152.262300	-3.944232	-17.914070
-0.081517	-0.124544	 0.008747	-151.908000	 2.399303	-97.095150	-6.735974	-4.594977	-2.324514	-6.526851	-12.223080	-2.170326	 1.090267	-5.022294	 105.894700	-0.813313	 0.122417	-8.559153	-9.146712	 12.103660	 59.083350	-122.161300	 22.371270	 7.722126	 39.646580	 17.311700	-35.185080	-11.701570	-4.668729	 49.479870	 2.466034	-1.147567	 53.407240	 2.739605	 0.675539	-52.364350	-0.405596	 1.234985	 40.140150	-0.238652	 3.158347	 22.023030	 2.706169	 4.929130	-61.515930	 36.759550	 19.463420	 19.528250	-6.692596	 19.242850	 17.897040	-5.693802	 19.250700	-72.924760	 17.609140	 9.866684	 30.438570	-3.779728	 9.429655	 23.294240	-0.507217	 10.274650	-65.476670	-51.617550	-12.041010	-7.588076	 16.022730	-0.540169	 0.139211	 14.789960	-0.368235	 3.437935	 0.502125	-1.685834	 89.964430	-95.508500	-9.757367	-99.211520	 179.323800	 2.680336	 108.303800	-0.813313	 0.122417	-8.559153	 8.307101	 17.803150	 52.800870	-85.231790	-37.656430	-2.402899	-6.179688	-37.398370	-4.021505	-5.394946	-1.963781	 10.249450	 2.503201	-1.127163	 4.701656	 3.272328	-0.656964	-80.326430	 4.326264	 3.332299	 11.890890	-0.274522	 3.148168	 9.459997	 2.921885	 4.268228	-71.328700	 38.119000	 20.059260	 14.378230	-6.819467	 19.213040	 11.004360	-5.668038	 19.248660	-71.645140	 18.966730	 10.652580	 20.617570	-3.897627	 9.396039	 9.706157	-0.473285	 9.955561	-72.880290	-39.230570	-3.446872	 28.481730	-2.785920	-0.482529	-0.013796	 4.415875	-0.325463	 3.354072	 0.000000	 90.000000	 0.000000	-172.423800	-3.457170	 172.001600	-152.227100	-3.938613	-17.997970
-0.081818	-0.124812	 0.009334	-151.990200	 2.437967	-97.146830	-6.777079	-4.615096	-2.336397	-6.573795	-12.306110	-2.181537	 1.077635	-4.964149	 105.894100	-0.813313	 0.122417	-8.559153	-9.080124	 12.253790	 59.069210	-122.126100	 22.362500	 7.744564	 39.531250	 17.334180	-35.206710	-11.701570	-4.668733	 49.481700	 2.466034	-1.147567	 53.408100	 2.739605	 0.675539	-52.364350	-0.407929	 1.233171	 40.141450	-0.238650	 3.158348	 22.023660	 2.705809	 4.929979	-61.502930	 36.745180	 19.457240	 19.543310	-6.692575	 19.242860	 17.898250	-5.693412	 19.250650	-72.905690	 17.601030	 9.861604	 30.442810	-3.779712	 9.429661	 23.296210	-0.507275	 10.274990	-65.468890	-51.617550	-12.041010	-7.588076	 16.022730	-0.540169	 0.139211	 14.789960	-0.368235	 3.437935	 0.500619	-1.760686	 89.963810	-95.585590	-9.639312	-99.173610	 179.338500	 2.561137	 108.641100	-0.813313	 0.122417	-8.559153	 6.616066	 16.795460	 53.139980	-76.844730	-37.423300	-1.376196	-5.856789	-36.799390	-4.591826	-5.389565	-1.959184	 10.284850	 2.503150	-1.127166	 4.758202	 3.271834	-0.653379	-80.256610	 4.308466	 3.325971	 11.921770	-0.274266	 3.148211	 9.546992	 2.920942	 4.272257	-71.270380	 38.055180	 20.036220	 14.413410	-6.817923	 19.213330	 11.087400	-5.663226	 19.248220	-71.409020	 18.928310	 10.633620	 20.723410	-3.897115	 9.396124	 9.763649	-0.473584	 9.962528	-72.719700	-39.166740	-3.421221	 28.486230	-2.305317	-0.484617	-0.010154	 4.415875	-0.325463	 3.354072	 0.000000	 90.000000	 0.000000	-172.362400	-3.426656	 171.994700	-152.196200	-3.929756	-18.084590
-0.082168	-0.124987	 0.010029	-152.107000	 2.477191	-97.194140	-6.822037	-4.637302	-2.347067	-6.625207	-12.396000	-2.191667	 1.063073	-4.896994	 105.894300	-0.813313	 0.122417	-8.559153	-9.013423	 12.429890	 59.083890	-122.076800	 22.356900	 7.776183	 39.409800	 17.355660	-35.254180	-11.701570	-4.668738	 49.483810	 2.466033	-1.147568	 53.409110	 2.739605	 0.675539	-52.364350	-0.411024	 1.230766	 40.143030	-0.238648	 3.158349	 22.024470	 2.705336	 4.931094	-61.485850	 36.726650	 19.449320	 19.560070	-6.692549	 19.242870	 17.899670	-5.692908	 19.250600	-72.880800	 17.590570	 9.855052	 30.447760	-3.779694	 9.429669	 23.298500	-0.507350	 10.275410	-65.458900	-51.617550	-12.041010	-7.588076	 16.022730	-0.540169	 0.139211	 14.789960	-0.368235	 3.437935	 0.498845	-1.848115	 89.963090	-95.685690	-9.485864	-99.168160	 179.358700	 2.416220	 109.018700	-0.813313	 0.122417	-8.559153	 4.467270	 14.974770	 53.664730	-66.223660	-36.322520	-0.451721	-5.652429	-35.449780	-5.366878	-5.360563	-1.939127	 10.402130	 2.503081	-1.127172	 4.836042	 3.272333	-0.657000	-80.327130	 4.371309	 3.354565	 11.940940	-0.273800	 3.148290	 9.705899	 2.922073	 4.267425	-71.340320	 38.091640	 20.049460	 14.385830	-6.815954	 19.213690	 11.193170	-5.668844	 19.248740	-71.684600	 18.962790	 10.650450	 20.592940	-3.896363	 9.396249	 9.848121	-0.473626	 9.963461	-72.698210	-39.100900	-3.394762	 28.490850	-1.809492	-0.486735	-0.006378	 4.415875	-0.325463	 3.354072	 0.000000	 90.000000	 0.000000	-172.298500	-3.388741	 172.008800	-152.168600	-3.913143	-18.167170
-0.082422	-0.125076	 0.010635	-152.222300	 2.515733	-97.224930	-6.859793	-4.656058	-2.353780	-6.668321	-12.470270	-2.198133	 1.050331	-4.838100	 105.895500	-0.813313	 0.122417	-8.559153	-8.965260	 12.586960	 59.135960	-122.025600	 22.355370	 7.808212	 39.320940	 17.367120	-35.316440	-11.701580	-4.668744	 49.485640	 2.466032	-1.147568	 53.410050	 2.739605	 0.675539	-52.364350	-0.414136	 1.228347	 40.144480	-0.238646	 3.158350	 22.025280	 2.704859	 4.932210	-61.468710	 36.708320	 19.441540	 19.574330	-6.692526	 19.242870	 17.900940	-5.692402	 19.250540	-72.855950	 17.580270	 9.848609	 30.452280	-3.779676	 9.429676	 23.300540	-0.507423	 10.275830	-65.449100	-51.617550	-12.041010	-7.588076	 16.022730	-0.540169	 0.139211	 14.789960	-0.368235	 3.437935	 0.497267	-1.938435	 89.962500	-95.782510	-9.344015	-99.190490	 179.377500	 2.298350	 109.282200	-0.813313	 0.122417	-8.559153	 2.327359	 12.883790	 54.337300	-56.037160	-34.927360	 0.213903	-5.445961	-34.009860	-5.479943	-5.304161	-1.906688	 10.527120	 2.502992	-1.127178	 4.935561	 3.272903	-0.661178	-80.408460	 4.478095	 3.402369	 11.956680	-0.273304	 3.148376	 9.875099	 2.924468	 4.257105	-71.489620	 38.197620	 20.087900	 14.293500	-6.814054	 19.214040	 11.295240	-5.675173	 19.249340	-71.995450	 19.045310	 10.691310	 20.437000	-3.895413	 9.396411	 9.955046	-0.473515	 9.960955	-72.755940	-39.049750	-3.374201	 28.494420	-1.424351	-0.488372	-0.003437	 4.415875	-0.325463	 3.354072	 0.000000	 90.000000	 0.000000	-172.248700	-3.354209	 172.029900	-152.150400	-3.894886	-18.228140
-0.082666	-0.125145	 0.011220	-152.344200	 2.557762	-97.249060	-6.896949	-4.674693	-2.356959	-6.710353	-12.542060	-2.201200	 1.037430	-4.778315	 105.898000	-0.813313	 0.122417	-8.559153	-8.924690	 12.747080	 59.215080	-121.965500	 22.356610	 7.844274	 39.267940	 17.363450	-35.404610	-11.701580	-4.668749	 49.487490	 2.466032	-1.147569	 53.411020	 2.739605	 0.675539	-52.364350	-0.417730	 1.225553	 40.146020	-0.238643	 3.158351	 22.026180	 2.704314	 4.933495	-61.449050	 36.687440	 19.432710	 19.588500	-6.692502	 19.242880	 17.902240	-5.691822	 19.250480	-72.827370	 17.568550	 9.841279	 30.457170	-3.779660	 9.429686	 23.302660	-0.507508	 10.276310	-65.437970	-51.617550	-12.041010	-7.588076	 16.022730	-0.540169	 0.139211	 14.789960	-0.368235	 3.437935	 0.495625	-2.042179	 89.961950	-95.889290	-9.199440	-99.236690	 179.392100	 2.203980	 109.518000	-0.813313	 0.122417	-8.559153	 0.023035	 10.158820	 54.954110	-44.908260	-33.346710	 0.642479	-5.300899	-32.459130	-5.106537	-5.234148	-1.856057	 10.834410	 2.502705	-1.127202	 5.256031	 3.273541	-0.665910	-80.500580	 4.687245	 3.495660	 11.979040	-0.271976	 3.148614	 10.328600	 2.928092	 4.241249	-71.718830	 38.348830	 20.142430	 14.158330	-6.808896	 19.215010	 11.572580	-5.682517	 19.250100	-72.356460	 19.172630	 10.754190	 20.245950	-3.892432	 9.396921	 10.290320	-0.473379	 9.957793	-72.828810	-39.003900	-3.355759	 28.497590	-1.079208	-0.489809	-0.000787	 4.415875	-0.325463	 3.354072	 0.000000	 90.000000	 0.000000	-172.203600	-3.316860	 172.070500	-152.136800	-3.874398	-18.282450
-0.082916	-0.125207	 0.011873	-152.489100	 2.602308	-97.267070	-6.938484	-4.695819	-2.354888	-6.756684	-12.620600	-2.199147	 1.022678	-4.709740	 105.902600	-0.813313	 0.122417	-8.559153	-8.886689	 12.929270	 59.325740	-121.885300	 22.360970	 7.889473	 39.250700	 17.340290	-35.535320	-11.701590	-4.668755	 49.489610	 2.466032	-1.147570	 53.412170	 2.739605	 0.675539	-52.364350	-0.421958	 1.222266	 40.147830	-0.238640	 3.158352	 22.027330	 2.703672	 4.935003	-61.425940	 36.665500	 19.423430	 19.603270	-6.692474	 19.242890	 17.903790	-5.691143	 19.250400	-72.793900	 17.556220	 9.833558	 30.462780	-3.779639	 9.429693	 23.305140	-0.507606	 10.276860	-65.424970	-51.617550	-12.041010	-7.588076	 16.022730	-0.540169	 0.139211	 14.789960	-0.368235	 3.437935	 0.493680	-2.175188	 89.961330	-96.022290	-9.040680	-99.316790	 179.404700	 2.121482	 109.736100	-0.813313	 0.122417	-8.559153	-3.288440	 5.718031	 55.625410	-29.110610	-30.948290	 0.963257	-5.152478	-30.165400	-4.180669	-5.152935	-1.789820	 11.292400	 2.502266	-1.127240	 5.747107	 3.274702	-0.674662	-80.670860	 4.980097	 3.627577	 12.030390	-0.269989	 3.148990	 11.008210	 2.934633	 4.211851	-72.143230	 38.590250	 20.228580	 13.963410	-6.801116	 19.216520	 11.991360	-5.696425	 19.251630	-73.040610	 19.404950	 10.867380	 19.882640	-3.887888	 9.397739	 10.802130	-0.473320	 9.956423	-72.860400	-38.958810	-3.337634	 28.500720	-0.739684	-0.491213	 0.001826	 4.415875	-0.325463	 3.354072	 0.000000	 90.000000	 0.000000	-172.158100	-3.269589	 172.156900	-152.126600	-3.850359	-18.339030
-0.082986	-0.125265	 0.012304	-152.618100	 2.639280	-97.275730	-6.974069	-4.714097	-2.348340	-6.795666	-12.685880	-2.192705	 1.009931	-4.650280	 105.908600	-0.813313	 0.122417	-8.559153	-8.859702	 13.084120	 59.428550	-121.805400	 22.366940	 7.931567	 39.244250	 17.308510	-35.682500	-11.701590	-4.668760	 49.491460	 2.466031	-1.147570	 53.413220	 2.739605	 0.675539	-52.364350	-0.425298	 1.219670	 40.149510	-0.238637	 3.158353	 22.028420	 2.703162	 4.936196	-61.407630	 36.652310	 19.417810	 19.613840	-6.692449	 19.242890	 17.905180	-5.690605	 19.250340	-72.767560	 17.548760	 9.828876	 30.466900	-3.779621	 9.429702	 23.307350	-0.507684	 10.277310	-65.414650	-51.617550	-12.041010	-7.588076	 16.022730	-0.540169	 0.139211	 14.789960	-0.368235	 3.437935	 0.491943	-2.302125	 89.960820	-96.152730	-8.962089	-99.413510	 179.413300	 2.067893	 109.869700	-0.813313	 0.122417	-8.559153	-6.870393	 1.861455	 56.177950	-14.885940	-28.010680	 1.314759	-5.042194	-27.930340	-5.173617	-5.010611	-1.681049	 11.959240	 2.501564	-1.127310	 6.532905	 3.275903	-0.683939	-80.851320	 5.242429	 3.754564	 12.222700	-0.267081	 3.149585	 12.005720	 2.940744	 4.183410	-72.553140	 38.771650	 20.292730	 13.803770	-6.789333	 19.218920	 12.627000	-5.711679	 19.253500	-73.792070	 19.623520	 10.971500	 19.484740	-3.880746	 9.399104	 11.608410	-0.473566	 9.962117	-72.729200	-38.926260	-3.324534	 28.502950	-0.494524	-0.492212	 0.003718	 4.415875	-0.325463	 3.354072	 0.000000	 90.000000	 0.000000	-172.124300	-3.225253	 172.260600	-152.132200	-3.826819	-18.388360
-0.082901	-0.125132	 0.012522	-152.747400	 2.675806	-97.280240	-7.009324	-4.732266	-2.337543	-6.833562	-12.748340	-2.182120	 0.997345	-4.591351	 105.916500	-0.813313	 0.122417	-8.559153	-8.837129	 13.232830	 59.527150	-121.715600	 22.374630	 7.975697	 39.219550	 17.271790	-35.862690	-11.701600	-4.668764	 49.493320	 2.466030	-1.147571	 53.414340	 2.739605	 0.675539	-52.364350	-0.428324	 1.217317	 40.151210	-0.238634	 3.158355	 22.029600	 2.702698	 4.937282	-61.390970	 36.643960	 19.414200	 19.622490	-6.692424	 19.242900	 17.906590	-5.690122	 19.250290	-72.743740	 17.543990	 9.825877	 30.470070	-3.779601	 9.429708	 23.309620	-0.507755	 10.277710	-65.405180	-51.617550	-12.041010	-7.588076	 16.022730	-0.540169	 0.139211	 14.789960	-0.368235	 3.437935	 0.490163	-2.438281	 89.960330	-96.299200	-8.966384	-99.536510	 179.420200	 2.027350	 109.964600	-0.813313	 0.122417	-8.559153	-9.540545	 1.113901	 57.019160	-8.219448	-26.124940	 1.577197	-4.122974	-27.613650	-8.037370	-4.846591	-1.551492	 12.747380	 2.500710	-1.127408	 7.489841	 3.277125	-0.693619	-81.039520	 5.601484	 3.928931	 12.466690	-0.263640	 3.150356	 13.190850	 2.943270	 4.171356	-72.726660	 38.726850	 20.277220	 13.736550	-6.775249	 19.221960	 13.388790	-5.728348	 19.255770	-74.615010	 19.679190	 10.993740	 19.077200	-3.872115	 9.400896	 12.585740	-0.473980	 9.971051	-72.523180	-38.900180	-3.314051	 28.504750	-0.298189	-0.493010	 0.005238	 4.415875	-0.325463	 3.354072	 0.000000	 90.000000	 0.000000	-172.096600	-3.178667	 172.385100	-152.156600	-3.800202	-18.441540
-0.082807	-0.124803	 0.012727	-152.893900	 2.718453	-97.280750	-7.049524	-4.752977	-2.320249	-6.875803	-12.816360	-2.165134	 0.983244	-4.525043	 105.928300	-0.813313	 0.122417	-8.559153	-8.815169	 13.392230	 59.622350	-121.593800	 22.385780	 8.028238	 39.138150	 17.237950	-36.090950	-11.701600	-4.668769	 49.495440	 2.466030	-1.147573	 53.415600	 2.739605	 0.675539	-52.364350	-0.431408	 1.214918	 40.153220	-0.238630	 3.158356	 22.031050	 2.702221	 4.938397	-61.373870	 36.639600	 19.412240	 19.630340	-6.692396	 19.242920	 17.908230	-5.689633	 19.250240	-72.719540	 17.541410	 9.824245	 30.472620	-3.779580	 9.429717	 23.312250	-0.507829	 10.278130	-65.395440	-51.617550	-12.041010	-7.588076	 16.022730	-0.540169	 0.139211	 14.789960	-0.368235	 3.437935	 0.488066	-2.603860	 89.959800	-96.481650	-9.044428	-99.704060	 179.428000	 1.992783	 109.991500	-0.813313	 0.122417	-8.559153	-12.652530	 2.231556	 58.171170	-4.635343	-21.951350	 1.725893	-0.280052	-26.461360	-11.461770	-4.549337	-1.297441	 14.324700	 2.498895	-1.127665	 9.533000	 3.278289	-0.703095	-81.223690	 6.040339	 4.165693	 13.079190	-0.257534	 3.151911	 15.308520	 2.942863	 4.173308	-72.698570	 38.266700	 20.115610	 13.836340	-6.750304	 19.227790	 14.743890	-5.747288	 19.258620	-75.552090	 19.617040	 10.957730	 18.625740	-3.854015	 9.405148	 14.647900	-0.475498	 9.999264	-71.872470	-38.878630	-3.305379	 28.506210	-0.135848	-0.493668	 0.006494	 4.415875	-0.325463	 3.354072	 0.000000	 90.000000	 0.000000	-172.070500	-3.116110	 172.622100	-152.201200	-3.769948	-18.509020
-0.082677	-0.124302	 0.012850	-153.018400	 2.758169	-97.281440	-7.085113	-4.771173	-2.300822	-6.912297	-12.873370	-2.146091	 0.971142	-4.467854	 105.941400	-0.813313	 0.122417	-8.559153	-8.796982	 13.520150	 59.674840	-121.465200	 22.397860	 8.076087	 39.014180	 17.219430	-36.302340	-11.701600	-4.668775	 49.497330	 2.466029	-1.147573	 53.416810	 2.739605	 0.675539	-52.364350	-0.433807	 1.213052	 40.155060	-0.238626	 3.158358	 22.032400	 2.701849	 4.939269	-61.360520	 36.639660	 19.412140	 19.635620	-6.692368	 19.242920	 17.909710	-5.689252	 19.250190	-72.700850	 17.541260	 9.824140	 30.473990	-3.779561	 9.429728	 23.314620	-0.507886	 10.278460	-65.387770	-51.617550	-12.041010	-7.588076	 16.022730	-0.540169	 0.139211	 14.789960	-0.368235	 3.437935	 0.486185	-2.757266	 89.959350	-96.651630	-9.152982	-99.870740	 179.434200	 1.968229	 109.993600	-0.813313	 0.122417	-8.559153	-14.487770	 4.159263	 59.741710	-3.204006	-17.959080	 1.702754	 4.854134	-25.090460	-15.265030	-5.008750	-1.164851	 19.139510	 2.493633	-1.128790	 15.529250	 3.244353	-0.488961	-77.040630	 5.318999	 4.049837	 16.564060	-0.250124	 3.154127	 17.908040	 2.920910	 4.272393	-71.268420	 37.521250	 19.842120	 14.675890	-6.720472	 19.235560	 16.375650	-5.750172	 19.259080	-75.694800	 19.075740	 10.702400	 19.783490	-3.833242	 9.410875	 17.038380	-0.479383	 10.054060	-70.607120	-38.867180	-3.300771	 28.506990	-0.049648	-0.494008	 0.007162	 4.415875	-0.325463	 3.354072	 0.000000	 90.000000	 0.000000	-172.054100	-3.056556	 172.877500	-152.249800	-3.746935	-18.576130
-0.082212	-0.123938	 0.013062	-153.134300	 2.808946	-97.270100	-7.121843	-4.789755	-2.277154	-6.949042	-12.928820	-2.122887	 0.959172	-4.410998	 105.957600	-0.813313	 0.122417	-8.559153	-8.779251	 13.636780	 59.695880	-121.315800	 22.411650	 8.125570	 38.845800	 17.210250	-36.522690	-11.701610	-4.668780	 49.499260	 2.466028	-1.147574	 53.418040	 2.739605	 0.675539	-52.364350	-0.435960	 1.211377	 40.156990	-0.238622	 3.158360	 22.033870	 2.701514	 4.940053	-61.348460	 36.642800	 19.413330	 19.639730	-6.692340	 19.242930	 17.911250	-5.688914	 19.250160	-72.684200	 17.542860	 9.825123	 30.474610	-3.779541	 9.429734	 23.317100	-0.507940	 10.278750	-65.380780	-51.617550	-12.041010	-7.588076	 16.022730	-0.540169	 0.139211	 14.789960	-0.368235	 3.437935	 0.484206	-2.919929	 89.958890	-96.843070	-9.255300	-100.248200	 179.436600	 1.957767	 110.001200	-0.813313	 0.122417	-8.559153	-15.395090	 5.445159	 61.679490	-2.831328	-14.415760	 1.659292	 9.943401	-23.344130	-19.168840	-6.679705	-1.400817	 30.046810	 2.478465	-1.135664	 34.162390	 3.090017	 0.036037	-66.469720	 3.345749	 3.558980	 27.829010	-0.233199	 3.160620	 24.003760	 2.854084	 4.521213	-67.636540	 35.860200	 19.182720	 16.718260	-6.653730	 19.256120	 20.078310	-5.746437	 19.258490	-75.509860	 17.701700	 9.990890	 22.898180	-3.791433	 9.425296	 21.948160	-0.492748	 10.177950	-67.735950	-38.863030	-3.299109	 28.507280	-0.018385	-0.494140	 0.007404	 4.415875	-0.325463	 3.354072	 0.000000	 90.000000	 0.000000	-172.060800	-2.987703	 173.175400	-152.348800	-3.716399	-18.676840
-0.081420	-0.123392	 0.013326	-153.245200	 2.885661	-97.230430	-7.163666	-4.810551	-2.246345	-6.989763	-12.987640	-2.092657	 0.946325	-4.349624	 105.979000	-0.813313	 0.122417	-8.559153	-8.762060	 13.749860	 59.691410	-121.129600	 22.427950	 8.180698	 38.617340	 17.210160	-36.768560	-11.701610	-4.668786	 49.501430	 2.466028	-1.147575	 53.419450	 2.739605	 0.675539	-52.364350	-0.438011	 1.209780	 40.159180	-0.238617	 3.158361	 22.035590	 2.701189	 4.940812	-61.336830	 36.649210	 19.415870	 19.643020	-6.692308	 19.242940	 17.913000	-5.688589	 19.250130	-72.668430	 17.546250	 9.827230	 30.474520	-3.779517	 9.429745	 23.319900	-0.507992	 10.279050	-65.373970	-51.617550	-12.041010	-7.588076	 16.022730	-0.540169	 0.139211	 14.789960	-0.368235	 3.437935	 0.481958	-3.107737	 89.958390	-97.069570	-9.336607	-100.850300	 179.433500	 1.968881	 110.008600	-0.813313	 0.122417	-8.559153	-15.673700	 6.957617	 63.899930	-2.327412	-9.764016	 1.513331	 15.977280	-20.337550	-21.706080	-9.168423	-2.512812	 44.891350	 2.469090	-1.143697	 47.949880	 2.712956	 0.711937	-51.493800	 0.754582	 2.078163	 36.291310	-0.220930	 3.166692	 28.606390	 2.729188	 4.873805	-62.360650	 33.457640	 18.108140	 19.620860	-6.603150	 19.274790	 22.942340	-5.735111	 19.256750	-74.949370	 15.717110	 8.789044	 27.394870	-3.737640	 9.450055	 28.529880	-0.522167	 10.350650	-63.698300	-38.159110	-3.081344	 28.299160	 5.098143	-0.512836	 0.047974	 8.536055	-0.344261	 3.386441	 0.000000	 90.000000	 0.000000	-172.107200	-2.897936	 173.633600	-152.540100	-3.674639	-18.843650
-0.080628	-0.122872	 0.013542	-153.324700	 2.966471	-97.179870	-7.200538	-4.828510	-2.216353	-7.024743	-13.035600	-2.063245	 0.935789	-4.299016	 105.999900	-0.813313	 0.122417	-8.559153	-8.750950	 13.831730	 59.673070	-120.955700	 22.442080	 8.227138	 38.395340	 17.217260	-36.974220	-11.701620	-4.668790	 49.503270	 2.466027	-1.147576	 53.420710	 2.739605	 0.675539	-52.364350	-0.439495	 1.208625	 40.161100	-0.238613	 3.158363	 22.037160	 2.700952	 4.941366	-61.328330	 36.656560	 19.418830	 19.644980	-6.692280	 19.242950	 17.914530	-5.688365	 19.250100	-72.657170	 17.550170	 9.829674	 30.473820	-3.779497	 9.429756	 23.322340	-0.508029	 10.279260	-65.368910	-51.617550	-12.041010	-7.588076	 16.022730	-0.540169	 0.139211	 14.789960	-0.368235	 3.437935	 0.479992	-3.273085	 89.957940	-97.273350	-9.347389	-101.565300	 179.428600	 1.987226	 110.014000	-0.813313	 0.122417	-8.559153	-15.387070	 8.311618	 65.581150	-2.140129	-5.958429	 1.406694	 20.354750	-17.632540	-23.801040	-9.939307	-3.058305	 49.013870	 2.466023	-1.147371	 53.283540	 2.572850	 0.886170	-47.177910	 0.015624	 1.559329	 39.569010	-0.215807	 3.169604	 30.587500	 2.678035	 4.993851	-60.520250	 32.352960	 17.584810	 20.639660	-6.580859	 19.283910	 24.223420	-5.721128	 19.254760	-74.258380	 14.907220	 8.254496	 28.794340	-3.720917	 9.459337	 30.656610	-0.535418	 10.410710	-62.280900	-37.220630	-2.798471	 28.006200	 11.916810	-0.532007	 0.104324	 13.922290	-0.365251	 3.430637	 0.000000	 90.000000	 0.000000	-172.172400	-2.821822	 174.091600	-152.733600	-3.647550	-19.017700
-0.079835	-0.122440	 0.013770	-153.389100	 3.057988	-97.117940	-7.239108	-4.846872	-2.182752	-7.060410	-13.081980	-2.030259	 0.927198	-4.257162	 106.023400	-0.813313	 0.122417	-8.559153	-8.744533	 13.899840	 59.649050	-120.767600	 22.455840	 8.272693	 38.153010	 17.229950	-37.173150	-11.701620	-4.668795	 49.505160	 2.466026	-1.147577	 53.422020	 2.739605	 0.675539	-52.364350	-0.440733	 1.207660	 40.163130	-0.238608	 3.158365	 22.038810	 2.700749	 4.941838	-61.321060	 36.665120	 19.422280	 19.646340	-6.692252	 19.242960	 17.916120	-5.688176	 19.250080	-72.647870	 17.554780	 9.832552	 30.472610	-3.779476	 9.429764	 23.324860	-0.508062	 10.279450	-65.364530	-51.617550	-12.041010	-7.588076	 16.022730	-0.540169	 0.139211	 14.789960	-0.368235	 3.437935	 0.477953	-3.443852	 89.957500	-97.488440	-9.269001	-102.550500	 179.424100	 2.004491	 110.018600	-0.813313	 0.122417	-8.559153	-14.997750	 9.796783	 66.785940	-2.138811	-2.655170	 1.346123	 22.704470	-15.325450	-26.072230	-10.321480	-3.361037	 51.145560	 2.464567	-1.149390	 56.057170	 2.495255	 0.972105	-44.943030	-0.364285	 1.266917	 41.272010	-0.213057	 3.171267	 31.667880	 2.647833	 5.060062	-59.493790	 31.696310	 17.255230	 21.334620	-6.568574	 19.289180	 24.934830	-5.713093	 19.253690	-73.861920	 14.435210	 7.933071	 29.540010	-3.711945	 9.464661	 31.816920	-0.543484	 10.444150	-61.488290	-36.894040	-2.704591	 27.890920	 14.298350	-0.537108	 0.124488	 15.867920	-0.371805	 3.447060	 0.000000	 90.000000	 0.000000	-172.255500	-2.749235	 174.579300	-152.920700	-3.637265	-19.209620
-0.078848	-0.122049	 0.014050	-153.430800	 3.174493	-97.040270	-7.286335	-4.868724	-2.139229	-7.102970	-13.133700	-1.987567	 0.921514	-4.228020	 106.053800	-0.813313	 0.122417	-8.559153	-8.743757	 13.961880	 59.624190	-120.533700	 22.469230	 8.323214	 37.855180	 17.249240	-37.387580	-11.701630	-4.668801	 49.507390	 2.466025	-1.147578	 53.423610	 2.739605	 0.675539	-52.364350	-0.441886	 1.206762	 40.165560	-0.238603	 3.158367	 22.040860	 2.700559	 4.942285	-61.314240	 36.675900	 19.426660	 19.647420	-6.692217	 19.242970	 17.918000	-5.688008	 19.250060	-72.639560	 17.560590	 9.836189	 30.470610	-3.779451	 9.429773	 23.327890	-0.508095	 10.279630	-65.360290	-51.617550	-12.041010	-7.588076	 16.022730	-0.540169	 0.139211	 14.789960	-0.368235	 3.437935	 0.475522	-3.647459	 89.957000	-97.719720	-9.073934	-103.680100	 179.413300	 2.046227	 110.023200	-0.813313	 0.122417	-8.559153	-14.252010	 11.559580	 67.793080	-2.202949	-0.575987	 1.313676	 24.079790	-13.780930	-27.456580	-10.413710	-3.438815	 51.612830	 2.464243	-1.149869	 56.700940	 2.477559	 0.990787	-44.446320	-0.475751	 1.177824	 41.675040	-0.212044	 3.171897	 32.068920	 2.634686	 5.087933	-59.059130	 31.286310	 17.055970	 21.617460	-6.563533	 19.291390	 25.228020	-5.706282	 19.252820	-73.526050	 14.165600	 7.755254	 29.775340	-3.708666	 9.466666	 32.244430	-0.547095	 10.458480	-61.147670	-36.826100	-2.687663	 27.857650	 14.803230	-0.538080	 0.128789	 16.295040	-0.373163	 3.450695	 0.000000	 90.000000	 0.000000	-172.365900	-2.674409	 175.133400	-153.148900	-3.633662	-19.451120
-0.077830	-0.121814	 0.014315	-153.440600	 3.283837	-96.975050	-7.329545	-4.885170	-2.097694	-7.140761	-13.168060	-1.946773	 0.919822	-4.217392	 106.082400	-0.813313	 0.122417	-8.559153	-8.748587	 14.002880	 59.614680	-120.319700	 22.477310	 8.363843	 37.591640	 17.268040	-37.552030	-11.701630	-4.668806	 49.509340	 2.466024	-1.147579	 53.425030	 2.739605	 0.675539	-52.364350	-0.442599	 1.206205	 40.167750	-0.238598	 3.158369	 22.042730	 2.700433	 4.942578	-61.309740	 36.685260	 19.430470	 19.648150	-6.692187	 19.242980	 17.919700	-5.687905	 19.250050	-72.634570	 17.565670	 9.839368	 30.468440	-3.779429	 9.429783	 23.330590	-0.508117	 10.279760	-65.357360	-51.617550	-12.041010	-7.588076	 16.022730	-0.540169	 0.139211	 14.789960	-0.368235	 3.437935	 0.473324	-3.827116	 89.956510	-97.893190	-8.840463	-104.504300	 179.394700	 2.118702	 110.026700	-0.813313	 0.122417	-8.559153	-13.489910	 13.065900	 68.590570	-2.201379	 0.033951	 1.293322	 24.018390	-13.062170	-27.542030	-10.502660	-3.513831	 52.128040	 2.463904	-1.150383	 57.386480	 2.458381	 1.010673	-43.913060	-0.582489	 1.091173	 42.099140	-0.211152	 3.172461	 32.423820	 2.623353	 5.111525	-58.689950	 30.967200	 16.911760	 21.680650	-6.557553	 19.294050	 25.576590	-5.699982	 19.252050	-73.215750	 13.954160	 7.612796	 29.993610	-3.705755	 9.468474	 32.625700	-0.551419	 10.475180	-60.750140	-36.706430	-2.659838	 27.792100	 15.355270	-0.539104	 0.133502	 16.770850	-0.374648	 3.454755	 0.000000	 90.000000	 0.000000	-172.466300	-2.625506	 175.520800	-153.393700	-3.618004	-19.676660
-0.076618	-0.121658	 0.014534	-153.440300	 3.404513	-96.879650	-7.372050	-4.896047	-2.055703	-7.176780	-13.184840	-1.905461	 0.920487	-4.217584	 106.110900	-0.813313	 0.122417	-8.559153	-8.758121	 14.031300	 59.624230	-120.112300	 22.482300	 8.398259	 37.348690	 17.286790	-37.682770	-11.701640	-4.668811	 49.511230	 2.466024	-1.147580	 53.426400	 2.739605	 0.675539	-52.364350	-0.443032	 1.205865	 40.169840	-0.238593	 3.158371	 22.044580	 2.700348	 4.942772	-61.306730	 36.695870	 19.434800	 19.648000	-6.692159	 19.242990	 17.921330	-5.687850	 19.250040	-72.631760	 17.571440	 9.842981	 30.465840	-3.779408	 9.429792	 23.333170	-0.508134	 10.279850	-65.355260	-51.617550	-12.041010	-7.588076	 16.022730	-0.540169	 0.139211	 14.789960	-0.368235	 3.437935	 0.471223	-3.996555	 89.956050	-98.039280	-8.589001	-105.205700	 179.374400	 2.198293	 110.029400	-0.813313	 0.122417	-8.559153	-12.762210	 14.394350	 69.170940	-2.139716	-0.103087	 1.276090	 22.514220	-12.683740	-27.054260	-10.509260	-3.518933	 52.193340	 2.463856	-1.150457	 57.485900	 2.456266	 1.012843	-43.854580	-0.610098	 1.068720	 42.161960	-0.210854	 3.172650	 32.542380	 2.618794	 5.120908	-58.542800	 30.797540	 16.833610	 21.729190	-6.555559	 19.294950	 25.693120	-5.696845	 19.251690	-73.061270	 13.846010	 7.542346	 30.053500	-3.704773	 9.469090	 32.754590	-0.552955	 10.481000	-60.611450	-36.678470	-2.663338	 27.740270	 15.401410	-0.539182	 0.133896	 16.809370	-0.374769	 3.455084	 0.000000	 90.000000	 0.000000	-172.607000	-2.580712	 175.793200	-153.643400	-3.595064	-19.890810
-0.074962	-0.121568	 0.014801	-153.439300	 3.559414	-96.744000	-7.425046	-4.903470	-2.002470	-7.220476	-13.186940	-1.853063	 0.923447	-4.227572	 106.146000	-0.813313	 0.122417	-8.559153	-8.770623	 14.050250	 59.633210	-119.861400	 22.485560	 8.433233	 37.077140	 17.309520	-37.801890	-11.701640	-4.668817	 49.513440	 2.466023	-1.147581	 53.428070	 2.739605	 0.675539	-52.364350	-0.443270	 1.205677	 40.172400	-0.238587	 3.158375	 22.046830	 2.700292	 4.942906	-61.304710	 36.713080	 19.441870	 19.645990	-6.692123	 19.243000	 17.923290	-5.687829	 19.250040	-72.630790	 17.580830	 9.848855	 30.461850	-3.779382	 9.429803	 23.336290	-0.508146	 10.279920	-65.353590	-51.617550	-12.041010	-7.588076	 16.022730	-0.540169	 0.139211	 14.789960	-0.368235	 3.437935	 0.468692	-4.184146	 89.955440	-98.186900	-8.292349	-105.945600	 179.353000	 2.282149	 110.031700	-0.813313	 0.122417	-8.559153	-12.125490	 15.590340	 69.795030	-2.074929	-0.910173	 1.272738	 19.393120	-12.542040	-25.422850	-10.563980	-3.567055	 52.447890	 2.463675	-1.150737	 57.857030	 2.446865	 1.022438	-43.595290	-0.656382	 1.030427	 42.390850	-0.210226	 3.173053	 32.793330	 2.609813	 5.139212	-58.255200	 30.586830	 16.728570	 21.879520	-6.555212	 19.295100	 25.713390	-5.694516	 19.251410	-72.946600	 13.709310	 7.449464	 30.191480	-3.702723	 9.470388	 33.024590	-0.553345	 10.482460	-60.576500	-36.695240	-2.682672	 27.692840	 15.560520	-0.539463	 0.135255	 16.945600	-0.375188	 3.456250	 0.000000	 90.000000	 0.000000	-172.813300	-2.524069	 176.068500	-153.938500	-3.561035	-20.133820
-0.073364	-0.121654	 0.015053	-153.449800	 3.691497	-96.629890	-7.473345	-4.905335	-1.953673	-7.259358	-13.174820	-1.804997	 0.927288	-4.241942	 106.177300	-0.813313	 0.122417	-8.559153	-8.777966	 14.051780	 59.610100	-119.643500	 22.486080	 8.458368	 36.865810	 17.328850	-37.868430	-11.701640	-4.668822	 49.515370	 2.466022	-1.147582	 53.429550	 2.739605	 0.675539	-52.364350	-0.443221	 1.205713	 40.174660	-0.238581	 3.158377	 22.048870	 2.700279	 4.942936	-61.304250	 36.731480	 19.449450	 19.642850	-6.692091	 19.243000	 17.925000	-5.687852	 19.250050	-72.631950	 17.590890	 9.855151	 30.457670	-3.779359	 9.429813	 23.339020	-0.508151	 10.279950	-65.352840	-51.617550	-12.041010	-7.588076	 16.022730	-0.540169	 0.139211	 14.789960	-0.368235	 3.437935	 0.466488	-4.324323	 89.954820	-98.291370	-8.073214	-106.506600	 179.344400	 2.315703	 110.032700	-0.813313	 0.122417	-8.559153	-11.695370	 16.410870	 70.336720	-2.023305	-1.701178	 1.273072	 16.492930	-12.544080	-23.813450	-10.607780	-3.608238	 52.521890	 2.463606	-1.150846	 58.000160	 2.444138	 1.025205	-43.520300	-0.674116	 1.015670	 42.478890	-0.209937	 3.173240	 32.909120	 2.605323	 5.148278	-58.112500	 30.463620	 16.665450	 21.983010	-6.554442	 19.295450	 25.758310	-5.691852	 19.251110	-72.815480	 13.630430	 7.396602	 30.254790	-3.701769	 9.470992	 33.150220	-0.554055	 10.485130	-60.512840	-36.703500	-2.693273	 27.665540	 15.570090	-0.539485	 0.135337	 16.953000	-0.375211	 3.456312	 0.000000	 90.000000	 0.000000	-173.000500	-2.482774	 176.192700	-154.229600	-3.514453	-20.375820
-0.071467	-0.121835	 0.015280	-153.470100	 3.833229	-96.492220	-7.519203	-4.903333	-1.903184	-7.295174	-13.151770	-1.755248	 0.931680	-4.258775	 106.208700	-0.813313	 0.122417	-8.559153	-8.782992	 14.041050	 59.562090	-119.430500	 22.484090	 8.479177	 36.742810	 17.324910	-37.912850	-11.701650	-4.668828	 49.517280	 2.466022	-1.147583	 53.431040	 2.739605	 0.675539	-52.364350	-0.442960	 1.205912	 40.176920	-0.238575	 3.158379	 22.050930	 2.700299	 4.942888	-61.304970	 36.752330	 19.458050	 19.638640	-6.692060	 19.243020	 17.926720	-5.687910	 19.250050	-72.634870	 17.602300	 9.862286	 30.452930	-3.779337	 9.429824	 23.341770	-0.508152	 10.279950	-65.352730	-51.617550	-12.041010	-7.588076	 16.022730	-0.540169	 0.139211	 14.789960	-0.368235	 3.437935	 0.464278	-4.445389	 89.954130	-98.382740	-7.920147	-106.992700	 179.342200	 2.324321	 110.032800	-0.813313	 0.122417	-8.559153	-11.325000	 17.033020	 70.924810	-1.966511	-2.638258	 1.273159	 12.896370	-12.740860	-23.192380	-10.648340	-3.647846	 52.510670	 2.463594	-1.150864	 58.024440	 2.444564	 1.024773	-43.532010	-0.697823	 0.996385	 42.493920	-0.209828	 3.173311	 32.952820	 2.603304	 5.152335	-58.048580	 30.358370	 16.611250	 22.071890	-6.553197	 19.296020	 25.831140	-5.689409	 19.250840	-72.695340	 13.561960	 7.352291	 30.281200	-3.701403	 9.471231	 33.198700	-0.555090	 10.488990	-60.420820	-36.693100	-2.693437	 27.650420	 15.633870	-0.539603	 0.135883	 17.005170	-0.375368	 3.456759	 0.000000	 90.000000	 0.000000	-173.223700	-2.436302	 176.232300	-154.573000	-3.446996	-20.670090
-0.068931	-0.122113	 0.015556	-153.511100	 4.017529	-96.301330	-7.566047	-4.896404	-1.840140	-7.329736	-13.112010	-1.693179	 0.936942	-4.278881	 106.246300	-0.813313	 0.122417	-8.559153	-8.786674	 14.013770	 59.475810	-119.183000	 22.478490	 8.499132	 36.718920	 17.284800	-37.945860	-11.701660	-4.668835	 49.519560	 2.466020	-1.147585	 53.432840	 2.739605	 0.675539	-52.364350	-0.442367	 1.206370	 40.179700	-0.238568	 3.158381	 22.053490	 2.700363	 4.942738	-61.307270	 36.779990	 19.469470	 19.632390	-6.692023	 19.243020	 17.928800	-5.688026	 19.250060	-72.640590	 17.617450	 9.871758	 30.446570	-3.779309	 9.429832	 23.345060	-0.508147	 10.279930	-65.353380	-51.617550	-12.041010	-7.588076	 16.022730	-0.540169	 0.139211	 14.789960	-0.368235	 3.437935	 0.461641	-4.571183	 89.953220	-98.443380	-7.619545	-107.470900	 179.347400	 2.304328	 110.032000	-0.813313	 0.122417	-8.559153	-11.131890	 17.267990	 71.843430	-1.896908	-3.510072	 1.266110	 8.676625	-12.828280	-23.591310	-10.694240	-3.693368	 52.454460	 2.463623	-1.150818	 57.963470	 2.446630	 1.022677	-43.588830	-0.705671	 0.990216	 42.456200	-0.209851	 3.173295	 32.943170	 2.603186	 5.152570	-58.044840	 30.302060	 16.579700	 22.147380	-6.552751	 19.296220	 25.857380	-5.688621	 19.250750	-72.656460	 13.524640	 7.329235	 30.276870	-3.701470	 9.471187	 33.189800	-0.555453	 10.490340	-60.388630	-36.683360	-2.691370	 27.644430	 15.695780	-0.539707	 0.136413	 17.048710	-0.375502	 3.457130	 0.000000	 90.000000	 0.000000	-173.528400	-2.363132	 176.272800	-155.005300	-3.354113	-21.053360
-0.066749	-0.122411	 0.015778	-153.567400	 4.179294	-96.123920	-7.599116	-4.887148	-1.785563	-7.352377	-13.070420	-1.639470	 0.940722	-4.292865	 106.277400	-0.813313	 0.122417	-8.559153	-8.788318	 13.980190	 59.383160	-118.985500	 22.471110	 8.511918	 36.713740	 17.252990	-37.944000	-11.701660	-4.668839	 49.521440	 2.466020	-1.147586	 53.434380	 2.739605	 0.675539	-52.364350	-0.441657	 1.206919	 40.182020	-0.238562	 3.158383	 22.055670	 2.700450	 4.942537	-61.310360	 36.804790	 19.479710	 19.626360	-6.691991	 19.243040	 17.930530	-5.688157	 19.250080	-72.647170	 17.631030	 9.880253	 30.440750	-3.779287	 9.429845	 23.347850	-0.508139	 10.279880	-65.354520	-51.617550	-12.041010	-7.588076	 16.022730	-0.540169	 0.139211	 14.789960	-0.368235	 3.437935	 0.459415	-4.663542	 89.952430	-98.447240	-7.219424	-107.796900	 179.362400	 2.245286	 110.030500	-0.813313	 0.122417	-8.559153	-11.061070	 17.248490	 72.596890	-1.841022	-4.105758	 1.257671	 6.869296	-12.991920	-24.366200	-10.731070	-3.729539	 52.427550	 2.463659	-1.150762	 57.889860	 2.447573	 1.021717	-43.614810	-0.701649	 0.993704	 42.410550	-0.209937	 3.173239	 32.908800	 2.604272	 5.150392	-58.079190	 30.297370	 16.573880	 22.189640	-6.552921	 19.296140	 25.847240	-5.688614	 19.250750	-72.656200	 13.519500	 7.327157	 30.257930	-3.701748	 9.471006	 33.153110	-0.555286	 10.489720	-60.403480	-36.677400	-2.688153	 27.647920	 15.736200	-0.539775	 0.136760	 17.071350	-0.375571	 3.457326	 0.000000	 90.000000	 0.000000	-173.807600	-2.279290	 176.257600	-155.341800	-3.278783	-21.365970
-0.064543	-0.122753	 0.015991	-153.643400	 4.348622	-95.934440	-7.627411	-4.874888	-1.728929	-7.370164	-13.022420	-1.583778	 0.943391	-4.301814	 106.308000	-0.813313	 0.122417	-8.559153	-8.789158	 13.937600	 59.273770	-118.797400	 22.461090	 8.521477	 36.671250	 17.241510	-37.905130	-11.701660	-4.668843	 49.523370	 2.466019	-1.147587	 53.435920	 2.739605	 0.675539	-52.364350	-0.440744	 1.207626	 40.184420	-0.238556	 3.158386	 22.057910	 2.700565	 4.942267	-61.314500	 36.830820	 19.490470	 19.619730	-6.691961	 19.243050	 17.932320	-5.688327	 19.250090	-72.655330	 17.645300	 9.889173	 30.434500	-3.779263	 9.429853	 23.350670	-0.508125	 10.279810	-65.356240	-51.617550	-12.041010	-7.588076	 16.022730	-0.540169	 0.139211	 14.789960	-0.368235	 3.437935	 0.457168	-4.747983	 89.951550	-98.428860	-6.767559	-108.080200	 179.382600	 2.166074	 110.028300	-0.813313	 0.122417	-8.559153	-11.003250	 17.148170	 73.175850	-1.790207	-4.477236	 1.246229	 5.214577	-12.962830	-25.822110	-10.766910	-3.764304	 52.427630	 2.463682	-1.150726	 57.842320	 2.447487	 1.021806	-43.612400	-0.693887	 1.000131	 42.380960	-0.210027	 3.173182	 32.872970	 2.605780	 5.147356	-58.127000	 30.358710	 16.599650	 22.205720	-6.553307	 19.295960	 25.824730	-5.688758	 19.250770	-72.663310	 13.557070	 7.352032	 30.234000	-3.702048	 9.470819	 33.113510	-0.554923	 10.488370	-60.435560	-36.673290	-2.683899	 27.657810	 15.767330	-0.539832	 0.137025	 17.083450	-0.375611	 3.457428	 0.000000	 90.000000	 0.000000	-174.103700	-2.174341	 176.231000	-155.679300	-3.201439	-21.700360
-0.061844	-0.123191	 0.016245	-153.757500	 4.557774	-95.702030	-7.655401	-4.856772	-1.659454	-7.385537	-12.959260	-1.515541	 0.944332	-4.302439	 106.343400	-0.813313	 0.122417	-8.559153	-8.789678	 13.876780	 59.126230	-118.590900	 22.445780	 8.528911	 36.582700	 17.249150	-37.819420	-11.701670	-4.668850	 49.525630	 2.466018	-1.147588	 53.437830	 2.739605	 0.675539	-52.364350	-0.439415	 1.208655	 40.187310	-0.238548	 3.158389	 22.060660	 2.700740	 4.941858	-61.320760	 36.862600	 19.503600	 19.611300	-6.691921	 19.243060	 17.934470	-5.688566	 19.250120	-72.667070	 17.662680	 9.900039	 30.426570	-3.779235	 9.429866	 23.354060	-0.508106	 10.279690	-65.358990	-51.617550	-12.041010	-7.588076	 16.022730	-0.540169	 0.139211	 14.789960	-0.368235	 3.437935	 0.454461	-4.841331	 89.950520	-98.376510	-6.135127	-108.365400	 179.407000	 2.070820	 110.025400	-0.813313	 0.122417	-8.559153	-11.039880	 16.933870	 73.752460	-1.747576	-4.628113	 1.233897	 3.678628	-12.747320	-28.054390	-10.807620	-3.803819	 52.425260	 2.463691	-1.150713	 57.824950	 2.447460	 1.021833	-43.611670	-0.684090	 1.008109	 42.369970	-0.210116	 3.173124	 32.837080	 2.607700	 5.143484	-58.187970	 30.444720	 16.637230	 22.211880	-6.553830	 19.295730	 25.794170	-5.689475	 19.250840	-72.698470	 13.610950	 7.387119	 30.209110	-3.702362	 9.470615	 33.072120	-0.554424	 10.486510	-60.480100	-36.670770	-2.677953	 27.676050	 15.792890	-0.539874	 0.137244	 17.086240	-0.375618	 3.457453	 0.000000	 90.000000	 0.000000	-174.465200	-2.046950	 176.228400	-156.131400	-3.093971	-22.173940
-0.059427	-0.123659	 0.016500	-153.900500	 4.756896	-95.488820	-7.676299	-4.837144	-1.593995	-7.394919	-12.897620	-1.451329	 0.942167	-4.289471	 106.374400	-0.813313	 0.122417	-8.559153	-8.790304	 13.812750	 58.978250	-118.438500	 22.426380	 8.531232	 36.470970	 17.272990	-37.710700	-11.701670	-4.668855	 49.527730	 2.466017	-1.147590	 53.439590	 2.739605	 0.675539	-52.364350	-0.437959	 1.209784	 40.189990	-0.238541	 3.158392	 22.063240	 2.700934	 4.941406	-61.327700	 36.891820	 19.515680	 19.603290	-6.691885	 19.243070	 17.936430	-5.688825	 19.250150	-72.679670	 17.678650	 9.910020	 30.418960	-3.779209	 9.429877	 23.357200	-0.508081	 10.279550	-65.362140	-51.617550	-12.041010	-7.588076	 16.022730	-0.540169	 0.139211	 14.789960	-0.368235	 3.437935	 0.451938	-4.923820	 89.949530	-98.325070	-5.569366	-108.603300	 179.423200	 2.007224	 110.022700	-0.813313	 0.122417	-8.559153	-11.143340	 16.668980	 73.999270	-1.727630	-4.579048	 1.226732	 2.474066	-12.440730	-29.359220	-10.843080	-3.838276	 52.420850	 2.463700	-1.150698	 57.805540	 2.447508	 1.021785	-43.612980	-0.673580	 1.016665	 42.357680	-0.210215	 3.173061	 32.797780	 2.609741	 5.139360	-58.252870	 30.555080	 16.687140	 22.200020	-6.554414	 19.295470	 25.760060	-5.690597	 19.250970	-72.753810	 13.680650	 7.432244	 30.180380	-3.702704	 9.470399	 33.026970	-0.553873	 10.484450	-60.529220	-36.670590	-2.672112	 27.697160	 15.806220	-0.539906	 0.137357	 17.080060	-0.375598	 3.457400	 0.000000	 90.000000	 0.000000	-174.796600	-1.929497	 176.220700	-156.569700	-2.986059	-22.653440
-0.057584	-0.124147	 0.016747	-154.059200	 4.922272	-95.330490	-7.691025	-4.818429	-1.537234	-7.399878	-12.843930	-1.395739	 0.938264	-4.269298	 106.399300	-0.813313	 0.122417	-8.559153	-8.791376	 13.753190	 58.845650	-118.343400	 22.405260	 8.529780	 36.357280	 17.303320	-37.601050	-11.701680	-4.668860	 49.529490	 2.466016	-1.147591	 53.441090	 2.739605	 0.675539	-52.364350	-0.436564	 1.210867	 40.192330	-0.238535	 3.158395	 22.065460	 2.701123	 4.940964	-61.334480	 36.916190	 19.525750	 19.596450	-6.691855	 19.243080	 17.938130	-5.689066	 19.250180	-72.691720	 17.691970	 9.918349	 30.412290	-3.779187	 9.429888	 23.359890	-0.508057	 10.279420	-65.365290	-51.617550	-12.041010	-7.588076	 16.022730	-0.540169	 0.139211	 14.789960	-0.368235	 3.437935	 0.449788	-4.994367	 89.948670	-98.292790	-5.150958	-108.802700	 179.432700	 1.970164	 110.020300	-0.813313	 0.122417	-8.559153	-11.237800	 16.411200	 74.025150	-1.717808	-4.415916	 1.220712	 1.438989	-12.065460	-30.130050	-10.871850	-3.866249	 52.415520	 2.463709	-1.150684	 57.786320	 2.447598	 1.021692	-43.615490	-0.663601	 1.024788	 42.345550	-0.210310	 3.172999	 32.759800	 2.611665	 5.135457	-58.314260	 30.666220	 16.738140	 22.178850	-6.554979	 19.295210	 25.726970	-5.691867	 19.251110	-72.816340	 13.751040	 7.477711	 30.152210	-3.703036	 9.470191	 32.983450	-0.553344	 10.482460	-60.576520	-36.671970	-2.667202	 27.717050	 15.810580	-0.539912	 0.137397	 17.069910	-0.375570	 3.457313	 0.000000	 90.000000	 0.000000	-175.037600	-1.829726	 176.178900	-156.942200	-2.891734	-23.075300
-0.055606	-0.124818	 0.017088	-154.303200	 5.119714	-95.170270	-7.706425	-4.792171	-1.463455	-7.402943	-12.775610	-1.323564	 0.931591	-4.236192	 106.429000	-0.813313	 0.122417	-8.559153	-8.794012	 13.671700	 58.671000	-118.254800	 22.374320	 8.524845	 36.192710	 17.352090	-37.445360	-11.701680	-4.668866	 49.531770	 2.466015	-1.147592	 53.443060	 2.739605	 0.675539	-52.364350	-0.434574	 1.212410	 40.195290	-0.238527	 3.158398	 22.068370	 2.701396	 4.940329	-61.344240	 36.946110	 19.538100	 19.587900	-6.691815	 19.243090	 17.940310	-5.689412	 19.250210	-72.708790	 17.708300	 9.928557	 30.403550	-3.779158	 9.429897	 23.363350	-0.508024	 10.279220	-65.369880	-51.617550	-12.041010	-7.588076	 16.022730	-0.540169	 0.139211	 14.789960	-0.368235	 3.437935	 0.447043	-5.056574	 89.947510	-98.240700	-4.697820	-109.059100	 179.443400	 1.928559	 110.017200	-0.813313	 0.122417	-8.559153	-11.359530	 16.073720	 74.002850	-1.709175	-4.197586	 1.213896	-0.115874	-11.533350	-30.233240	-10.906780	-3.900225	 52.406650	 2.463723	-1.150663	 57.758400	 2.447780	 1.021508	-43.620490	-0.649589	 1.036191	 42.327980	-0.210445	 3.172912	 32.705650	 2.614350	 5.129996	-58.400100	 30.822590	 16.810540	 22.139940	-6.555783	 19.294850	 25.679970	-5.693862	 19.251340	-72.914460	 13.850190	 7.541676	 30.112170	-3.703505	 9.469893	 32.921490	-0.552601	 10.479660	-60.643310	-36.675640	-2.661435	 27.743270	 15.807780	-0.539907	 0.137372	 17.052780	-0.375517	 3.457167	 0.000000	 90.000000	 0.000000	-175.264600	-1.711478	 176.106600	-157.394700	-2.774455	-23.606990
-0.054263	-0.125343	 0.017375	-154.540100	 5.281510	-95.052900	-7.717280	-4.767623	-1.398728	-7.403277	-12.718580	-1.260387	 0.925247	-4.205182	 106.453300	-0.813313	 0.122417	-8.559153	-8.797921	 13.597630	 58.518540	-118.196200	 22.345940	 8.519039	 36.038020	 17.400300	-37.303080	-11.701690	-4.668871	 49.533720	 2.466014	-1.147593	 53.444770	 2.739605	 0.675539	-52.364350	-0.432653	 1.213901	 40.197910	-0.238520	 3.158401	 22.070940	 2.701658	 4.939716	-61.353650	 36.970260	 19.548080	 19.580870	-6.691782	 19.243100	 17.942210	-5.689743	 19.250250	-72.724970	 17.721440	 9.936780	 30.395910	-3.779134	 9.429910	 23.366350	-0.507988	 10.279030	-65.374370	-51.617550	-12.041010	-7.588076	 16.022730	-0.540169	 0.139211	 14.789960	-0.368235	 3.437935	 0.444690	-5.060830	 89.946280	-98.162190	-4.371860	-109.286700	 179.451600	 1.896851	 110.014400	-0.813313	 0.122417	-8.559153	-11.446470	 15.798320	 73.853680	-1.705984	-4.100622	 1.211249	-1.297370	-11.225300	-29.680440	-10.935350	-3.928041	 52.397290	 2.463736	-1.150642	 57.731490	 2.447992	 1.021292	-43.626320	-0.636486	 1.046850	 42.311030	-0.210574	 3.172829	 32.654120	 2.616848	 5.124894	-58.480230	 30.962990	 16.875940	 22.098240	-6.556541	 19.294510	 25.635690	-5.695879	 19.251570	-73.013600	 13.939250	 7.599116	 30.074780	-3.703952	 9.469608	 32.862620	-0.551907	 10.477030	-60.705980	-36.680440	-2.657288	 27.765140	 15.798580	-0.539888	 0.137292	 17.036160	-0.375469	 3.457024	 0.000000	 90.000000	 0.000000	-175.413700	-1.613230	 176.051300	-157.717100	-2.687201	-23.990780
-0.053110	-0.125866	 0.017667	-154.791200	 5.438873	-94.938840	-7.726482	-4.741619	-1.333151	-7.402071	-12.664920	-1.196450	 0.919283	-4.175977	 106.477200	-0.813313	 0.122417	-8.559153	-8.803799	 13.521180	 58.367370	-118.142900	 22.317750	 8.512983	 35.876160	 17.451470	-37.159440	-11.701690	-4.668876	 49.535660	 2.466013	-1.147595	 53.446500	 2.739605	 0.675539	-52.364350	-0.430589	 1.215504	 40.200540	-0.238513	 3.158403	 22.073550	 2.701945	 4.939046	-61.363920	 36.992370	 19.557210	 19.574310	-6.691747	 19.243110	 17.944100	-5.690097	 19.250280	-72.742500	 17.733440	 9.944294	 30.388210	-3.779109	 9.429920	 23.369390	-0.507952	 10.278820	-65.379300	-51.617550	-12.041010	-7.588076	 16.022730	-0.540169	 0.139211	 14.789960	-0.368235	 3.437935	 0.442363	-5.025949	 89.944920	-98.055750	-4.088120	-109.527000	 179.459000	 1.868091	 110.011600	-0.813313	 0.122417	-8.559153	-11.594220	 15.377140	 73.631840	-1.706178	-4.161477	 1.212940	-2.231635	-11.144520	-29.056180	-10.962510	-3.954495	 52.386390	 2.463750	-1.150620	 57.702100	 2.448253	 1.021027	-43.633500	-0.622512	 1.058211	 42.292560	-0.210714	 3.172740	 32.598430	 2.619497	 5.119466	-58.565420	 31.101310	 16.940690	 22.051400	-6.557350	 19.294140	 25.588490	-5.698123	 19.251830	-73.124240	 14.026900	 7.655687	 30.035590	-3.704434	 9.469303	 32.799080	-0.551173	 10.474240	-60.772580	-36.686700	-2.654300	 27.784790	 15.783810	-0.539855	 0.137167	 17.019760	-0.375413	 3.456884	 0.000000	 90.000000	 0.000000	-175.545900	-1.519594	 175.947100	-157.977300	-2.612493	-24.294080
-0.051745	-0.126526	 0.017999	-155.082600	 5.618144	-94.793530	-7.735626	-4.710423	-1.257435	-7.399526	-12.609810	-1.122760	 0.914023	-4.149719	 106.504100	-0.813313	 0.122417	-8.559153	-8.813395	 13.432440	 58.200070	-118.075000	 22.287980	 8.507198	 35.688420	 17.510200	-37.001340	-11.701700	-4.668883	 49.537920	 2.466012	-1.147596	 53.448500	 2.739605	 0.675539	-52.364350	-0.428040	 1.217482	 40.203610	-0.238504	 3.158407	 22.076590	 2.702300	 4.938214	-61.376670	 37.014450	 19.566330	 19.567690	-6.691708	 19.243120	 17.946300	-5.690536	 19.250330	-72.764050	 17.745380	 9.951770	 30.379440	-3.779080	 9.429932	 23.372880	-0.507905	 10.278550	-65.385500	-51.617550	-12.041010	-7.588076	 16.022730	-0.540169	 0.139211	 14.789960	-0.368235	 3.437935	 0.439707	-4.946544	 89.943220	-97.902990	-3.811975	-109.695900	 179.466800	 1.837803	 110.008500	-0.813313	 0.122417	-8.559153	-11.826640	 14.750460	 73.310940	-1.709938	-4.387195	 1.219185	-2.881519	-11.315730	-28.071890	-10.991830	-3.983069	 52.372200	 2.463768	-1.150593	 57.665740	 2.448607	 1.020667	-43.643240	-0.605644	 1.071918	 42.269740	-0.210885	 3.172630	 32.530150	 2.622676	 5.112923	-58.668040	 31.234990	 17.003710	 21.998500	-6.558322	 19.293700	 25.531730	-5.700928	 19.252160	-73.262250	 14.111360	 7.710473	 29.990820	-3.705027	 9.468932	 32.721260	-0.550293	 10.470890	-60.852470	-36.695440	-2.652733	 27.802750	 15.760980	-0.539819	 0.136971	 17.003620	-0.375364	 3.456746	 0.000000	 90.000000	 0.000000	-175.707200	-1.417116	 175.734500	-158.259800	-2.528339	-24.616600
-0.050339	-0.127096	 0.018250	-155.336400	 5.777812	-94.637770	-7.742943	-4.682544	-1.191661	-7.396633	-12.553650	-1.058781	 0.911780	-4.137456	 106.526900	-0.813313	 0.122417	-8.559153	-8.824564	 13.356000	 58.063760	-117.998800	 22.266330	 8.504394	 35.529250	 17.558240	-36.876660	-11.701700	-4.668888	 49.539840	 2.466011	-1.147597	 53.450240	 2.739605	 0.675539	-52.364350	-0.425671	 1.219322	 40.206270	-0.238497	 3.158410	 22.079250	 2.702630	 4.937444	-61.388500	 37.030180	 19.572820	 19.562900	-6.691673	 19.243130	 17.948210	-5.690940	 19.250380	-72.783900	 17.753830	 9.957071	 30.371980	-3.779054	 9.429945	 23.375910	-0.507861	 10.278310	-65.391280	-51.617550	-12.041010	-7.588076	 16.022730	-0.540169	 0.139211	 14.789960	-0.368235	 3.437935	 0.437447	-4.851336	 89.941640	-97.748150	-3.602525	-109.707300	 179.473200	 1.812984	 110.005900	-0.813313	 0.122417	-8.559153	-12.013390	 14.239220	 72.976330	-1.715649	-4.666091	 1.227033	-3.310297	-11.578380	-27.363580	-11.015680	-4.006323	 52.358580	 2.463784	-1.150568	 57.632260	 2.448957	 1.020311	-43.652890	-0.590462	 1.084245	 42.248730	-0.211041	 3.172530	 32.467710	 2.625526	 5.107033	-58.760340	 31.321780	 17.045150	 21.956060	-6.559193	 19.293320	 25.480980	-5.703497	 19.252480	-73.389030	 14.165990	 7.746298	 29.953200	-3.705568	 9.468592	 32.650110	-0.549517	 10.467890	-60.923740	-36.704290	-2.653363	 27.812820	 15.736990	-0.539774	 0.136766	 16.993950	-0.375332	 3.456662	 0.000000	 90.000000	 0.000000	-175.880200	-1.315517	 175.541500	-158.550600	-2.441223	-24.946770
-0.049020	-0.127630	 0.018484	-155.585000	 5.923788	-94.499470	-7.750097	-4.654874	-1.127431	-7.393548	-12.481310	-0.996216	 0.911364	-4.133500	 106.548800	-0.813313	 0.122417	-8.559153	-8.838370	 13.282810	 57.941010	-117.898900	 22.250550	 8.504650	 35.381320	 17.600340	-36.771470	-11.701700	-4.668892	 49.541690	 2.466010	-1.147599	 53.451940	 2.739605	 0.675539	-52.364350	-0.423234	 1.221215	 40.208890	-0.238490	 3.158413	 22.081860	 2.702970	 4.936647	-61.400710	 37.043220	 19.578210	 19.558840	-6.691640	 19.243140	 17.950070	-5.691354	 19.250420	-72.804270	 17.760800	 9.961457	 30.364740	-3.779030	 9.429953	 23.378850	-0.507815	 10.278050	-65.397260	-51.617550	-12.041010	-7.588076	 16.022730	-0.540169	 0.139211	 14.789960	-0.368235	 3.437935	 0.435233	-4.741284	 89.940040	-97.580510	-3.394830	-109.693300	 179.479300	 1.789145	 110.003500	-0.813313	 0.122417	-8.559153	-12.207340	 13.720500	 72.627660	-1.723040	-4.968855	 1.235833	-3.575541	-11.885570	-26.935200	-11.037610	-4.027710	 52.344180	 2.463801	-1.150542	 57.597960	 2.449334	 1.019927	-43.663260	-0.575212	 1.096621	 42.227220	-0.211201	 3.172429	 32.404080	 2.628372	 5.101124	-58.852840	 31.389790	 17.078140	 21.915390	-6.560057	 19.292930	 25.430530	-5.706105	 19.252800	-73.517390	 14.208650	 7.774598	 29.916780	-3.706120	 9.468246	 32.577680	-0.548747	 10.464920	-60.994490	-36.713970	-2.656083	 27.816390	 15.710490	-0.539730	 0.136539	 16.990020	-0.375326	 3.456630	 0.000000	 90.000000	 0.000000	-176.024100	-1.207630	 175.434000	-158.881300	-2.342055	-25.324000
-0.047784	-0.128264	 0.018777	-155.878800	 6.074743	-94.394780	-7.759589	-4.620503	-1.048632	-7.390357	-12.375080	-0.919396	 0.911911	-4.133459	 106.575100	-0.813313	 0.122417	-8.559153	-8.859693	 13.196210	 57.807650	-117.743800	 22.238460	 8.509383	 35.215430	 17.642430	-36.672050	-11.701710	-4.668899	 49.543960	 2.466009	-1.147600	 53.454060	 2.739605	 0.675539	-52.364350	-0.420093	 1.223655	 40.212120	-0.238481	 3.158417	 22.085130	 2.703411	 4.935614	-61.416560	 37.057720	 19.584190	 19.554140	-6.691598	 19.243150	 17.952350	-5.691887	 19.250480	-72.830540	 17.768530	 9.966320	 30.355760	-3.779000	 9.429967	 23.382500	-0.507757	 10.277720	-65.405070	-51.617550	-12.041010	-7.588076	 16.022730	-0.540169	 0.139211	 14.789960	-0.368235	 3.437935	 0.432554	-4.591533	 89.938040	-97.356220	-3.095223	-109.782800	 179.487000	 1.759265	 110.000800	-0.813313	 0.122417	-8.559153	-12.462800	 13.059270	 72.197300	-1.733883	-5.323140	 1.246627	-3.798793	-12.253210	-26.658130	-11.062820	-4.052312	 52.325130	 2.463822	-1.150509	 57.553870	 2.449843	 1.019408	-43.677310	-0.556035	 1.112171	 42.199590	-0.211405	 3.172300	 32.322700	 2.631934	 5.093699	-58.969020	 31.463190	 17.114290	 21.863230	-6.561129	 19.292460	 25.368000	-5.709384	 19.253210	-73.678990	 14.254610	 7.805354	 29.871480	-3.706827	 9.467805	 32.485080	-0.547800	 10.461240	-61.082090	-36.698380	-2.717119	 27.571030	 15.674690	-0.539664	 0.136233	 16.580040	-0.374052	 3.453126	 0.000000	 90.000000	 0.000000	-176.111600	-1.081109	 175.416500	-159.319600	-2.216515	-25.826800
-0.046882	-0.128782	 0.019016	-156.103900	 6.187869	-94.330160	-7.768774	-4.591618	-0.982682	-7.388870	-12.276430	-0.855151	 0.913074	-4.136631	 106.596500	-0.813313	 0.122417	-8.559153	-8.881894	 13.127720	 57.715470	-117.599000	 22.233260	 8.516775	 35.091520	 17.668220	-36.619380	-11.701710	-4.668904	 49.545890	 2.466008	-1.147601	 53.455840	 2.739605	 0.675539	-52.364350	-0.417326	 1.225805	 40.214860	-0.238473	 3.158420	 22.087900	 2.703800	 4.934700	-61.430580	 37.068670	 19.588720	 19.550440	-6.691563	 19.243170	 17.954280	-5.692356	 19.250530	-72.853650	 17.774340	 9.969984	 30.348160	-3.778975	 9.429977	 23.385560	-0.507703	 10.277420	-65.411990	-51.617550	-12.041010	-7.588076	 16.022730	-0.540169	 0.139211	 14.789960	-0.368235	 3.437935	 0.430304	-4.460693	 89.936300	-97.174020	-2.876940	-109.979800	 179.493800	 1.732721	 109.998900	-0.813313	 0.122417	-8.559153	-12.692420	 12.486080	 71.857560	-1.744115	-5.555933	 1.254497	-3.986563	-12.488060	-26.593820	-11.082530	-4.071562	 52.308080	 2.463841	-1.150479	 57.515370	 2.450305	 1.018937	-43.690050	-0.539682	 1.125421	 42.175470	-0.211583	 3.172187	 32.251970	 2.634958	 5.087362	-59.068040	 31.526580	 17.145690	 21.814900	-6.562028	 19.292050	 25.315620	-5.712161	 19.253570	-73.815920	 14.294350	 7.831911	 29.832120	-3.707441	 9.467424	 32.404660	-0.547012	 10.458160	-61.155400	-36.667270	-2.808597	 27.192360	 15.642640	-0.539609	 0.135959	 15.946130	-0.372051	 3.447725	 0.000000	 90.000000	 0.000000	-176.161700	-0.973737	 175.425300	-159.688000	-2.120111	-26.253020
-0.046080	-0.129301	 0.019246	-156.306100	 6.292588	-94.274870	-7.779590	-4.563021	-0.917150	-7.389108	-12.174100	-0.791350	 0.914704	-4.141936	 106.617500	-0.813313	 0.122417	-8.559153	-8.908087	 13.064040	 57.642330	-117.445800	 22.246940	 8.527940	 34.983720	 17.697530	-36.605350	-11.701720	-4.668909	 49.547780	 2.466007	-1.147603	 53.457620	 2.739605	 0.675539	-52.364350	-0.414449	 1.228041	 40.217600	-0.238465	 3.158423	 22.090690	 2.704206	 4.933747	-61.445160	 37.078570	 19.592810	 19.546930	-6.691528	 19.243180	 17.956180	-5.692843	 19.250590	-72.877610	 17.779570	 9.973287	 30.340470	-3.778949	 9.429986	 23.388610	-0.507649	 10.277110	-65.419200	-51.617550	-12.041010	-7.588076	 16.022730	-0.540169	 0.139211	 14.789960	-0.368235	 3.437935	 0.428049	-4.331899	 89.934620	-97.014490	-2.746899	-110.250700	 179.500600	 1.706236	 109.997200	-0.813313	 0.122417	-8.559153	-12.937750	 11.898410	 71.515790	-1.756339	-5.643708	 1.259915	-4.137954	-12.583570	-26.616450	-11.100980	-4.089582	 52.290160	 2.463860	-1.150450	 57.475780	 2.450797	 1.018435	-43.703610	-0.523208	 1.138758	 42.150690	-0.211766	 3.172072	 32.179450	 2.637990	 5.080981	-59.167700	 31.741740	 17.246830	 21.717940	-6.562916	 19.291660	 25.263930	-5.714919	 19.253930	-73.951960	 14.431310	 7.919199	 29.777300	-3.708071	 9.467034	 32.322220	-0.546239	 10.455120	-61.227700	-36.573520	-3.166758	 25.746650	 15.609500	-0.539555	 0.135674	 13.679910	-0.364400	 3.428607	 0.000000	 90.000000	 0.000000	-176.199500	-0.866673	 175.434100	-160.030100	-2.037858	-26.655880
-0.045583	-0.129841	 0.019493	-156.516300	 6.402709	-94.231250	-7.795147	-4.529914	-0.840508	-7.392399	-12.054680	-0.716809	 0.917008	-4.149956	 106.641500	-0.813313	 0.122417	-8.559153	-8.943491	 12.995760	 57.576710	-117.259200	 22.297820	 8.546641	 34.880440	 17.746710	-36.641570	-11.701720	-4.668914	 49.550020	 2.466006	-1.147604	 53.459740	 2.739605	 0.675539	-52.364350	-0.410919	 1.230784	 40.220870	-0.238456	 3.158427	 22.094030	 2.704704	 4.932579	-61.463090	 37.088940	 19.597110	 19.543030	-6.691488	 19.243190	 17.958470	-5.693438	 19.250660	-72.906950	 17.785030	 9.976744	 30.331340	-3.778920	 9.430001	 23.392220	-0.507583	 10.276730	-65.428090	-51.617550	-12.041010	-7.588076	 16.022730	-0.540169	 0.139211	 14.789960	-0.368235	 3.437935	 0.425380	-4.190825	 89.932650	-96.851810	-2.658704	-110.602800	 179.507900	 1.677608	 109.995700	-0.813313	 0.122417	-8.559153	-13.249710	 11.187550	 71.062020	-1.774708	-5.609290	 1.264852	-4.186163	-12.592250	-26.668810	-11.121140	-4.109289	 52.268010	 2.463884	-1.150414	 57.427830	 2.451411	 1.017810	-43.720510	-0.503752	 1.154496	 42.120670	-0.211986	 3.171933	 32.091920	 2.641556	 5.073438	-59.285390	 31.962850	 17.350880	 21.609180	-6.563936	 19.291200	 25.204470	-5.718103	 19.254350	-74.109030	 14.571100	 8.008385	 29.714770	-3.708832	 9.466563	 32.222750	-0.545355	 10.451620	-61.310830	-36.592110	-3.440887	 24.755070	 15.569890	-0.539488	 0.135337	 12.228740	-0.359100	 3.416530	 0.000000	 90.000000	 0.000000	-176.205600	-0.747565	 175.475000	-160.271100	-2.002448	-26.984390
-0.045464	-0.130197	 0.019707	-156.673000	 6.486265	-94.209570	-7.811371	-4.502529	-0.775824	-7.398401	-11.959040	-0.654000	 0.919113	-4.157463	 106.661400	-0.813313	 0.122417	-8.559153	-8.977071	 12.943950	 57.535350	-117.096400	 22.359440	 8.567254	 34.811210	 17.792790	-36.708110	-11.701730	-4.668919	 49.551930	 2.466005	-1.147606	 53.461560	 2.739605	 0.675539	-52.364350	-0.407797	 1.233211	 40.223650	-0.238448	 3.158430	 22.096880	 2.705145	 4.931542	-61.478970	 37.096780	 19.600350	 19.539890	-6.691452	 19.243200	 17.960400	-5.693961	 19.250710	-72.932820	 17.789130	 9.979349	 30.323470	-3.778895	 9.430012	 23.395300	-0.507523	 10.276390	-65.435960	-51.617550	-12.041010	-7.588076	 16.022730	-0.540169	 0.139211	 14.789960	-0.368235	 3.437935	 0.423086	-4.086833	 89.931020	-96.731750	-2.598133	-110.878800	 179.513600	 1.655326	 109.994900	-0.813313	 0.122417	-8.559153	-13.534500	 10.567840	 70.634900	-1.793230	-5.494651	 1.268336	-4.165254	-12.536960	-26.689890	-11.137050	-4.124846	 52.248330	 2.463904	-1.150382	 57.386050	 2.451961	 1.017248	-43.735700	-0.487219	 1.167858	 42.094520	-0.212178	 3.171813	 32.015890	 2.644569	 5.067033	-59.385230	 32.089390	 17.411210	 21.531990	-6.564776	 19.290840	 25.155610	-5.720716	 19.254710	-74.238140	 14.650850	 8.059721	 29.666680	-3.709493	 9.466157	 32.136370	-0.544631	 10.448740	-61.379110	-36.675870	-4.026784	 22.664230	 15.536390	-0.539421	 0.135049	 9.054819	-0.346471	 3.390610	 0.000000	 90.000000	 0.000000	-176.190100	-0.651567	 175.530800	-160.372500	-2.003198	-27.118350
-0.045408	-0.130505	 0.019937	-156.811100	 6.561626	-94.199420	-7.831026	-4.475993	-0.711502	-7.408003	-11.873420	-0.591661	 0.921185	-4.164846	 106.681000	-0.813313	 0.122417	-8.559153	-9.013585	 12.898330	 57.504470	-116.930200	 22.427750	 8.592299	 34.757640	 17.835260	-36.799690	-11.701730	-4.668924	 49.553840	 2.466004	-1.147607	 53.463410	 2.739605	 0.675539	-52.364350	-0.404565	 1.235723	 40.226510	-0.238440	 3.158433	 22.099790	 2.705603	 4.930467	-61.495460	 37.103810	 19.603260	 19.536860	-6.691416	 19.243210	 17.962360	-5.694506	 19.250780	-72.959620	 17.792790	 9.981681	 30.315480	-3.778869	 9.430023	 23.398410	-0.507461	 10.276050	-65.444150	-51.617550	-12.041010	-7.588076	 16.022730	-0.540169	 0.139211	 14.789960	-0.368235	 3.437935	 0.420720	-4.003988	 89.929460	-96.632860	-2.548713	-111.077800	 179.518800	 1.634757	 109.994700	-0.813313	 0.122417	-8.559153	-13.837770	 9.933465	 70.170930	-1.814347	-5.257861	 1.270267	-4.130208	-12.374860	-26.643620	-11.151880	-4.139349	 52.227850	 2.463925	-1.150350	 57.343400	 2.452537	 1.016660	-43.751580	-0.470764	 1.181144	 42.067830	-0.212373	 3.171690	 31.938390	 2.647557	 5.060653	-59.484600	 32.173840	 17.452410	 21.464850	-6.565583	 19.290490	 25.108700	-5.723220	 19.255050	-74.361620	 14.703850	 8.094365	 29.621950	-3.710167	 9.465741	 32.048350	-0.543942	 10.445980	-61.444700	-36.885480	-4.847715	 19.771910	 15.503640	-0.539367	 0.134770	 4.523870	-0.325977	 3.354906	 0.000000	 90.000000	 0.000000	-176.166500	-0.559703	 175.601500	-160.472500	-1.995597	-27.199710
-0.045451	-0.130956	 0.020172	-156.991500	 6.635262	-94.190830	-7.869440	-4.433432	-0.637719	-7.433908	-11.735000	-0.520245	 0.925690	-4.182820	 106.703100	-0.813313	 0.122417	-8.559153	-9.069004	 12.813100	 57.482270	-116.728600	 22.508010	 8.613780	 34.714020	 17.869790	-36.926270	-11.701740	-4.668931	 49.556030	 2.466003	-1.147608	 53.465560	 2.739605	 0.675539	-52.364350	-0.400688	 1.238737	 40.229820	-0.238431	 3.158437	 22.103190	 2.706151	 4.929177	-61.515220	 37.110920	 19.606210	 19.533510	-6.691377	 19.243230	 17.964630	-5.695158	 19.250850	-72.991620	 17.796460	 9.984026	 30.306140	-3.778839	 9.430035	 23.402030	-0.507385	 10.275630	-65.453990	-51.617550	-12.041010	-7.588076	 16.022730	-0.540169	 0.139211	 14.789960	-0.368235	 3.437935	 0.417944	-3.943561	 89.927790	-96.559400	-2.531474	-111.212000	 179.524300	 1.613128	 109.995000	-0.813313	 0.122417	-8.559153	-14.210080	 9.185382	 69.592870	-1.841472	-4.878033	 1.271280	-4.126938	-12.084640	-26.617970	-11.167660	-4.154800	 52.203420	 2.463950	-1.150312	 57.293250	 2.453229	 1.015952	-43.770700	-0.452006	 1.196278	 42.036470	-0.212603	 3.171548	 31.847510	 2.650949	 5.053374	-59.597850	 32.235740	 17.483920	 21.395260	-6.566459	 19.290100	 25.057740	-5.725912	 19.255420	-74.494560	 14.742440	 8.120272	 29.573090	-3.710959	 9.465260	 31.945160	-0.543194	 10.442980	-61.515960	-38.125350	-6.768110	 13.337850	 15.455410	-0.539280	 0.134358	-6.469507	-0.265113	 3.275882	 0.000000	 90.000000	 0.000000	-176.133100	-0.373014	 175.696200	-160.532900	-1.993233	-27.301820
-0.045540	-0.131440	 0.020358	-157.195000	 6.685850	-94.177160	-7.925040	-4.374847	-0.573444	-7.477022	-11.534680	-0.458066	 0.933189	-4.214394	 106.722200	-0.813313	 0.122417	-8.559153	-9.135116	 12.677370	 57.474080	-116.537700	 22.573370	 8.614081	 34.706020	 17.872280	-37.051060	-11.701740	-4.668935	 49.557970	 2.466002	-1.147610	 53.467460	 2.739605	 0.675539	-52.364350	-0.397177	 1.241468	 40.232730	-0.238422	 3.158440	 22.106230	 2.706647	 4.928005	-61.533170	 37.116340	 19.608470	 19.530690	-6.691340	 19.243230	 17.966640	-5.695747	 19.250920	-73.020580	 17.799230	 9.985808	 30.297820	-3.778813	 9.430046	 23.405220	-0.507320	 10.275240	-65.462910	-51.617550	-12.041010	-7.588076	 16.022730	-0.540169	 0.139211	 14.789960	-0.368235	 3.437935	 0.415475	-3.912158	 89.926380	-96.522380	-2.548885	-111.287000	 179.528600	 1.595943	 109.996000	-0.813313	 0.122417	-8.559153	-14.555420	 8.517367	 69.051580	-1.867185	-4.492592	 1.271886	-4.242756	-11.758470	-26.763380	-11.180310	-4.167197	 52.181320	 2.463972	-1.150279	 57.248700	 2.453860	 1.015308	-43.788090	-0.435891	 1.209265	 42.008620	-0.212806	 3.171422	 31.766930	 2.653851	 5.047121	-59.695110	 32.274140	 17.504440	 21.336900	-6.567168	 19.289790	 25.016570	-5.728053	 19.255730	-74.600310	 14.766240	 8.136737	 29.531370	-3.711661	 9.464833	 31.853700	-0.542594	 10.440560	-61.573550	-38.835900	-7.535447	 10.708690	 15.395500	-0.539171	 0.133845	-10.985390	-0.235927	 3.247055	 0.000000	 90.000000	 0.000000	-176.092600	-0.151339	 175.785600	-160.555100	-1.979191	-27.406740
-0.045633	-0.131906	 0.020534	-157.406900	 6.723658	-94.158970	-7.991939	-4.305162	-0.513757	-7.531474	-11.295860	-0.400434	 0.942418	-4.253769	 106.739900	-0.813313	 0.122417	-8.559153	-9.206378	 12.509700	 57.471680	-116.348700	 22.619000	 8.599825	 34.729000	 17.840790	-37.173480	-11.701750	-4.668940	 49.559800	 2.466001	-1.147611	 53.469250	 2.739605	 0.675539	-52.364350	-0.393802	 1.244093	 40.235550	-0.238415	 3.158443	 22.109100	 2.707127	 4.926875	-61.550500	 37.120790	 19.610320	 19.528130	-6.691306	 19.243240	 17.968530	-5.696312	 19.250980	-73.048480	 17.801490	 9.987271	 30.289900	-3.778788	 9.430055	 23.408240	-0.507253	 10.274870	-65.471530	-51.617550	-12.041010	-7.588076	 16.022730	-0.540169	 0.139211	 14.789960	-0.368235	 3.437935	 0.413126	-3.887967	 89.925060	-96.499470	-2.596012	-111.328600	 179.532300	 1.581277	 109.997700	-0.813313	 0.122417	-8.559153	-14.894620	 7.882280	 68.517310	-1.892636	-4.122728	 1.272882	-4.452936	-11.427140	-27.016700	-11.191190	-4.177875	 52.160120	 2.463993	-1.150248	 57.206580	 2.454467	 1.014687	-43.804860	-0.421177	 1.221113	 41.982330	-0.212999	 3.171303	 31.690900	 2.656490	 5.041402	-59.783920	 32.310200	 17.523770	 21.280640	-6.567771	 19.289530	 24.981510	-5.729836	 19.255980	-74.688260	 14.788590	 8.152184	 29.492020	-3.712325	 9.464430	 31.767420	-0.542084	 10.438490	-61.622680	-39.218830	-7.739725	 10.148450	 15.329040	-0.539052	 0.133278	-12.044060	-0.228755	 3.240636	 0.000000	 90.000000	 0.000000	-176.046500	 0.061958	 175.870300	-160.573800	-1.949584	-27.486940
-0.045746	-0.132485	 0.020749	-157.679000	 6.760623	-94.128780	-8.086844	-4.206144	-0.442537	-7.610921	-10.962410	-0.331878	 0.955339	-4.309172	 106.760900	-0.813313	 0.122417	-8.559153	-9.297093	 12.269730	 57.469990	-116.110600	 22.649710	 8.565813	 34.781800	 17.762660	-37.319920	-11.701750	-4.668946	 49.562010	 2.466000	-1.147612	 53.471460	 2.739605	 0.675539	-52.364350	-0.389587	 1.247371	 40.238960	-0.238405	 3.158448	 22.112640	 2.707724	 4.925464	-61.572100	 37.125350	 19.612240	 19.525130	-6.691264	 19.243260	 17.970830	-5.697017	 19.251060	-73.083190	 17.803780	 9.988766	 30.280180	-3.778757	 9.430070	 23.411910	-0.507174	 10.274410	-65.482280	-51.617550	-12.041010	-7.588076	 16.022730	-0.540169	 0.139211	 14.789960	-0.368235	 3.437935	 0.410249	-3.865128	 89.923500	-96.486460	-2.693585	-111.327100	 179.536300	 1.565318	 110.000500	-0.813313	 0.122417	-8.559153	-15.324410	 7.103739	 67.839160	-1.924578	-3.712127	 1.275473	-4.744911	-11.056740	-27.421400	-11.203090	-4.189558	 52.133900	 2.464018	-1.150209	 57.155380	 2.455222	 1.013913	-43.825720	-0.404000	 1.234932	 41.950370	-0.213232	 3.171159	 31.598590	 2.659560	 5.034727	-59.887560	 32.372060	 17.555390	 21.205370	-6.568408	 19.289250	 24.944450	-5.731637	 19.256240	-74.777590	 14.827210	 8.178025	 29.442430	-3.713131	 9.463944	 31.662670	-0.541545	 10.436300	-61.674700	-39.714220	-8.097548	 8.964403	 15.241580	-0.538899	 0.132530	-14.133970	-0.214271	 3.228356	 0.000000	 90.000000	 0.000000	-175.985100	 0.362457	 175.968300	-160.603900	-1.902570	-27.569170
-0.045854	-0.132968	 0.020926	-157.908700	 6.785419	-94.101760	-8.173080	-4.115129	-0.384268	-7.684413	-10.665990	-0.275992	 0.966608	-4.357546	 106.778000	-0.813313	 0.122417	-8.559153	-9.370034	 12.051920	 57.464870	-115.909400	 22.660950	 8.525630	 34.836450	 17.675500	-37.439160	-11.701760	-4.668952	 49.563850	 2.465999	-1.147614	 53.473330	 2.739605	 0.675539	-52.364350	-0.385983	 1.250174	 40.241820	-0.238397	 3.158451	 22.115620	 2.708236	 4.924256	-61.590620	 37.128590	 19.613600	 19.522660	-6.691229	 19.243270	 17.972770	-5.697618	 19.251130	-73.112850	 17.805360	 9.989806	 30.271970	-3.778732	 9.430080	 23.414980	-0.507105	 10.274020	-65.491480	-51.617550	-12.041010	-7.588076	 16.022730	-0.540169	 0.139211	 14.789960	-0.368235	 3.437935	 0.407815	-3.851115	 89.922200	-96.491640	-2.825919	-111.295100	 179.539200	 1.553464	 110.003800	-0.813313	 0.122417	-8.559153	-15.697720	 6.448221	 67.250650	-1.951750	-3.442502	 1.279536	-5.017297	-10.815500	-27.812870	-11.211970	-4.198296	 52.111660	 2.464038	-1.150177	 57.112680	 2.455864	 1.013255	-43.843480	-0.390361	 1.245894	 41.923740	-0.213427	 3.171039	 31.521750	 2.661991	 5.029417	-59.969940	 32.474030	 17.604370	 21.126230	-6.568987	 19.289000	 24.910880	-5.733354	 19.256500	-74.862380	 14.891100	 8.219131	 29.396210	-3.713802	 9.463537	 31.575490	-0.541058	 10.434310	-61.721840	-40.002220	-8.259361	 8.464344	 15.168250	-0.538759	 0.131903	-15.043560	-0.207825	 3.223182	 0.000000	 90.000000	 0.000000	-175.931500	 0.615763	 176.068600	-160.628800	-1.869742	-27.630040
-0.045973	-0.133431	 0.021100	-158.129100	 6.805486	-94.079470	-8.260525	-4.021124	-0.327871	-7.759708	-10.373760	-0.222125	 0.977312	-4.403414	 106.794400	-0.813313	 0.122417	-8.559153	-9.433803	 11.832960	 57.452020	-115.712000	 22.660280	 8.477166	 34.889450	 17.576520	-37.550410	-11.701760	-4.668956	 49.565700	 2.465997	-1.147615	 53.475170	 2.739605	 0.675539	-52.364350	-0.382328	 1.253018	 40.244710	-0.238388	 3.158454	 22.118610	 2.708753	 4.923032	-61.609340	 37.131280	 19.614730	 19.520250	-6.691195	 19.243280	 17.974700	-5.698229	 19.251200	-73.142820	 17.806660	 9.990674	 30.263750	-3.778707	 9.430091	 23.418060	-0.507036	 10.273620	-65.500800	-51.617550	-12.041010	-7.588076	 16.022730	-0.540169	 0.139211	 14.789960	-0.368235	 3.437935	 0.405386	-3.841482	 89.920910	-96.512930	-3.011234	-111.246600	 179.541700	 1.542979	 110.007900	-0.813313	 0.122417	-8.559153	-16.079340	 5.795631	 66.650900	-1.978759	-3.246650	 1.285284	-5.350490	-10.636050	-28.228720	-11.219820	-4.206026	 52.089420	 2.464060	-1.150145	 57.070670	 2.456510	 1.012593	-43.861330	-0.377584	 1.256153	 41.897530	-0.213619	 3.170922	 31.446170	 2.664260	 5.024441	-60.047070	 32.620900	 17.673260	 21.033190	-6.569709	 19.288680	 24.868950	-5.735671	 19.256840	-74.976940	 14.983090	 8.277503	 29.346110	-3.714463	 9.463142	 31.489750	-0.540454	 10.431830	-61.780720	-40.288550	-8.417305	 7.967023	 15.100410	-0.538637	 0.131324	-15.941880	-0.201381	 3.218169	 0.000000	 90.000000	 0.000000	-175.878700	 0.838002	 176.201300	-160.656800	-1.853285	-27.689410
-0.046104	-0.133962	 0.021301	-158.369300	 6.826784	-94.060540	-8.361485	-3.909013	-0.262807	-7.847226	-10.051310	-0.160254	 0.988252	-4.450009	 106.813100	-0.813313	 0.122417	-8.559153	-9.490801	 11.584910	 57.420890	-115.484900	 22.645850	 8.410971	 34.964740	 17.440980	-37.676580	-11.701760	-4.668961	 49.567890	 2.465997	-1.147617	 53.477380	 2.739605	 0.675539	-52.364350	-0.377894	 1.256468	 40.248190	-0.238379	 3.158458	 22.122200	 2.709381	 4.921545	-61.632120	 37.133870	 19.615840	 19.517450	-6.691154	 19.243290	 17.977000	-5.698967	 19.251290	-73.179160	 17.807860	 9.991493	 30.253830	-3.778677	 9.430104	 23.421720	-0.506951	 10.273140	-65.512110	-51.617550	-12.041010	-7.588076	 16.022730	-0.540169	 0.139211	 14.789960	-0.368235	 3.437935	 0.402458	-3.835042	 89.919410	-96.555310	-3.285274	-111.178800	 179.544300	 1.532054	 110.013900	-0.813313	 0.122417	-8.559153	-16.547090	 5.016806	 65.919830	-2.010614	-3.066277	 1.293342	-5.812454	-10.462760	-28.717030	-11.227930	-4.214037	 52.062760	 2.464084	-1.150108	 57.021240	 2.457287	 1.011796	-43.882790	-0.360349	 1.269977	 41.866630	-0.213844	 3.170784	 31.357360	 2.667310	 5.017725	-60.151090	 32.810130	 17.761280	 20.917590	-6.570743	 19.288240	 24.808990	-5.739116	 19.257360	-75.147410	 15.101490	 8.352293	 29.285480	-3.715241	 9.462679	 31.389040	-0.539594	 10.428280	-61.864800	-40.520680	-8.511246	 7.716531	 15.012820	-0.538472	 0.130578	-16.415980	-0.197950	 3.215566	 0.000000	 90.000000	 0.000000	-175.818200	 1.022055	 176.387400	-160.693000	-1.853428	-27.766840
-0.046192	-0.134385	 0.021467	-158.529500	 6.844537	-94.051910	-8.439115	-3.818207	-0.215525	-7.915267	-9.840494	-0.115647	 0.994881	-4.477819	 106.828100	-0.813313	 0.122417	-8.559153	-9.517039	 11.402120	 57.384640	-115.305100	 22.623660	 8.350346	 35.054970	 17.309200	-37.781070	-11.701770	-4.668967	 49.569730	 2.465996	-1.147618	 53.479270	 2.739605	 0.675539	-52.364350	-0.374104	 1.259417	 40.251110	-0.238370	 3.158461	 22.125240	 2.709920	 4.920268	-61.651650	 37.135620	 19.616590	 19.515100	-6.691119	 19.243300	 17.978930	-5.699597	 19.251360	-73.210260	 17.808650	 9.992054	 30.245420	-3.778651	 9.430116	 23.424820	-0.506878	 10.272720	-65.521820	-51.617550	-12.041010	-7.588076	 16.022730	-0.540169	 0.139211	 14.789960	-0.368235	 3.437935	 0.400000	-3.833495	 89.918120	-96.601980	-3.546214	-111.123100	 179.546100	 1.524099	 110.020100	-0.813313	 0.122417	-8.559153	-16.950350	 4.361544	 65.294190	-2.036797	-2.945644	 1.300761	-6.242422	-10.340610	-29.086140	-11.233720	-4.219784	 52.040310	 2.464104	-1.150078	 56.980360	 2.457943	 1.011123	-43.900960	-0.341639	 1.284967	 41.840970	-0.214031	 3.170670	 31.284010	 2.670597	 5.010454	-60.263650	 32.942120	 17.822870	 20.828720	-6.571740	 19.287800	 24.751240	-5.742495	 19.257870	-75.314630	 15.184030	 8.404535	 29.237700	-3.715884	 9.462295	 31.305840	-0.538770	 10.424860	-61.945800	-40.598250	-8.550073	 7.595887	 14.918900	-0.538298	 0.129775	-16.677830	-0.196045	 3.214139	 0.000000	 90.000000	 0.000000	-175.772500	 1.120759	 176.554800	-160.722500	-1.858914	-27.832350
-0.046262	-0.134767	 0.021631	-158.647400	 6.865053	-94.047780	-8.504528	-3.735626	-0.180043	-7.973308	-9.692007	-0.082512	 0.998145	-4.490788	 106.842000	-0.813313	 0.122417	-8.559153	-9.518320	 11.259740	 57.344840	-115.142900	 22.594230	 8.288690	 35.160030	 17.169930	-37.878910	-11.701770	-4.668971	 49.571550	 2.465994	-1.147620	 53.481140	 2.739605	 0.675539	-52.364350	-0.370314	 1.262366	 40.254010	-0.238362	 3.158465	 22.128280	 2.710456	 4.918995	-61.671120	 37.136980	 19.617180	 19.512780	-6.691085	 19.243310	 17.980850	-5.700225	 19.251430	-73.241210	 17.809210	 9.992463	 30.237060	-3.778626	 9.430124	 23.427880	-0.506806	 10.272310	-65.531470	-51.617550	-12.041010	-7.588076	 16.022730	-0.540169	 0.139211	 14.789960	-0.368235	 3.437935	 0.397536	-3.835052	 89.916900	-96.654650	-3.815970	-111.079000	 179.547500	 1.517293	 110.029800	-0.813313	 0.122417	-8.559153	-17.353400	 3.719413	 64.674130	-2.061615	-2.842701	 1.308190	-6.689162	-10.232970	-29.378420	-11.238530	-4.224569	 52.018280	 2.464123	-1.150048	 56.941050	 2.458589	 1.010459	-43.918840	-0.320159	 1.302162	 41.816200	-0.214210	 3.170562	 31.213510	 2.674346	 5.002111	-60.392660	 33.270530	 17.970830	 20.680090	-6.572811	 19.287340	 24.689030	-5.746148	 19.258440	-75.495640	 15.389950	 8.532472	 29.171390	-3.716501	 9.461927	 31.225920	-0.537890	 10.421180	-62.033020	-40.872840	-8.607367	 7.550768	 14.811790	-0.538094	 0.128863	-16.761840	-0.195432	 3.213683	 0.000000	 90.000000	 0.000000	-175.736100	 1.203540	 176.717100	-160.751000	-1.867260	-27.888370
-0.046337	-0.135153	 0.021816	-158.758200	 6.897876	-94.044310	-8.561213	-3.652454	-0.151097	-8.024005	-9.556331	-0.055778	 0.998376	-4.490148	 106.857300	-0.813313	 0.122417	-8.559153	-9.481474	 11.157470	 57.290810	-114.977200	 22.552150	 8.216795	 35.293720	 17.002760	-37.982940	-11.701780	-4.668977	 49.573650	 2.465993	-1.147621	 53.483330	 2.739605	 0.675539	-52.364350	-0.365838	 1.265849	 40.257440	-0.238352	 3.158469	 22.131830	 2.711090	 4.917488	-61.694190	 37.138210	 19.617730	 19.510040	-6.691042	 19.243330	 17.983080	-5.700968	 19.251520	-73.277770	 17.809710	 9.992849	 30.227220	-3.778596	 9.430139	 23.431450	-0.506721	 10.271820	-65.542910	-51.617550	-12.041010	-7.588076	 16.022730	-0.540169	 0.139211	 14.789960	-0.368235	 3.437935	 0.394667	-3.840311	 89.915470	-96.721020	-4.130522	-111.052300	 179.548700	 1.510518	 110.048400	-0.813313	 0.122417	-8.559153	-17.796710	 3.035900	 63.945910	-2.089055	-2.726417	 1.316556	-7.226974	-10.115110	-29.555820	-11.243010	-4.229061	 51.992740	 2.464145	-1.150015	 56.896460	 2.459341	 1.009686	-43.939640	-0.292061	 1.324636	 41.788000	-0.214413	 3.170438	 31.133630	 2.679219	 4.991190	-60.561320	 33.560810	 18.101350	 20.535890	-6.574162	 19.286760	 24.610810	-5.750723	 19.259170	-75.722180	 15.571160	 8.645041	 29.104170	-3.717202	 9.461514	 31.135350	-0.536791	 10.416550	-62.142650	-41.137490	-8.682082	 7.410095	 14.672150	-0.537827	 0.127672	-17.041180	-0.193386	 3.212177	 0.000000	 90.000000	 0.000000	-175.708000	 1.295527	 176.888600	-160.783700	-1.880328	-27.943640
-0.046385	-0.135433	 0.021960	-158.837200	 6.927056	-94.038710	-8.596623	-3.597348	-0.135931	-8.057170	-9.441712	-0.041899	 0.996907	-4.482312	 106.869600	-0.813313	 0.122417	-8.559153	-9.432391	 11.106420	 57.242400	-114.861200	 22.511450	 8.158189	 35.410080	 16.866370	-38.048200	-11.701780	-4.668982	 49.575450	 2.465992	-1.147623	 53.485170	 2.739605	 0.675539	-52.364350	-0.361998	 1.268838	 40.260360	-0.238344	 3.158473	 22.134880	 2.711637	 4.916191	-61.714060	 37.138990	 19.618090	 19.507690	-6.691009	 19.243330	 17.984990	-5.701605	 19.251600	-73.309200	 17.809980	 9.993087	 30.218760	-3.778571	 9.430150	 23.434500	-0.506648	 10.271400	-65.552720	-51.617550	-12.041010	-7.588076	 16.022730	-0.540169	 0.139211	 14.789960	-0.368235	 3.437935	 0.392196	-3.847268	 89.914240	-96.777810	-4.388256	-111.010900	 179.549300	 1.505684	 110.068800	-0.813313	 0.122417	-8.559153	-18.125250	 2.552574	 63.327720	-2.110685	-2.645374	 1.323564	-7.684695	-10.038560	-29.573690	-11.245870	-4.231968	 51.971290	 2.464164	-1.149987	 56.859920	 2.459974	 1.009035	-43.957180	-0.266318	 1.345209	 41.764810	-0.214580	 3.170337	 31.068170	 2.683649	 4.981184	-60.715650	 33.682980	 18.157140	 20.453340	-6.575372	 19.286240	 24.540750	-5.754768	 19.259830	-75.922690	 15.647120	 8.692636	 29.060740	-3.717777	 9.461175	 31.061120	-0.535813	 10.412410	-62.240860	-41.278050	-8.725327	 7.316260	 14.544670	-0.537587	 0.126586	-17.211810	-0.192136	 3.211261	 0.000000	 90.000000	 0.000000	-175.697800	 1.356010	 176.977800	-160.811200	-1.894019	-27.982250
-0.046381	-0.135690	 0.022087	-158.894900	 6.949910	-94.030150	-8.627250	-3.554854	-0.128324	-8.088554	-9.327285	-0.035096	 0.994129	-4.468761	 106.881200	-0.813313	 0.122417	-8.559153	-9.386631	 11.062160	 57.197090	-114.766400	 22.468440	 8.104486	 35.521920	 16.743140	-38.083390	-11.701790	-4.668986	 49.577260	 2.465991	-1.147624	 53.487040	 2.739605	 0.675539	-52.364350	-0.358108	 1.271867	 40.263340	-0.238335	 3.158476	 22.137930	 2.712188	 4.914879	-61.734120	 37.139560	 19.618370	 19.505280	-6.690974	 19.243350	 17.986890	-5.702248	 19.251670	-73.340880	 17.810150	 9.993257	 30.210250	-3.778546	 9.430161	 23.437550	-0.506573	 10.270980	-65.562640	-51.617550	-12.041010	-7.588076	 16.022730	-0.540169	 0.139211	 14.789960	-0.368235	 3.437935	 0.389703	-3.856152	 89.913020	-96.831000	-4.628642	-110.913600	 179.549600	 1.501663	 110.092300	-0.813313	 0.122417	-8.559153	-18.421960	 2.134558	 62.763830	-2.130226	-2.597395	 1.330670	-8.089321	-10.004860	-29.534420	-11.247900	-4.234064	 51.950170	 2.464181	-1.149961	 56.824790	 2.460600	 1.008391	-43.974510	-0.239593	 1.366551	 41.742460	-0.214740	 3.170241	 31.005310	 2.688221	 4.970783	-60.875900	 33.770680	 18.197620	 20.383140	-6.576619	 19.285710	 24.468470	-5.758862	 19.260520	-76.125870	 15.701370	 8.726831	 29.022010	-3.718329	 9.460850	 30.989870	-0.534813	 10.408120	-62.342210	-41.368710	-8.755867	 7.241858	 14.412420	-0.537325	 0.125459	-17.333430	-0.191247	 3.210609	 0.000000	 90.000000	 0.000000	-175.702800	 1.405888	 176.993900	-160.838300	-1.909817	-28.013380
-0.046283	-0.135964	 0.022217	-158.925500	 6.969193	-94.018760	-8.656817	-3.514634	-0.127382	-8.122563	-9.220359	-0.034736	 0.989565	-4.447205	 106.893800	-0.813313	 0.122417	-8.559153	-9.340702	 11.020450	 57.149060	-114.677900	 22.418990	 8.051910	 35.634470	 16.622520	-38.092130	-11.701790	-4.668993	 49.579360	 2.465990	-1.147626	 53.489230	 2.739605	 0.675539	-52.364350	-0.353556	 1.275411	 40.266780	-0.238325	 3.158480	 22.141520	 2.712832	 4.913345	-61.757580	 37.140110	 19.618640	 19.502400	-6.690934	 19.243360	 17.989100	-5.702998	 19.251760	-73.377890	 17.810260	 9.993404	 30.200270	-3.778516	 9.430173	 23.441080	-0.506487	 10.270480	-65.574200	-51.617550	-12.041010	-7.588076	 16.022730	-0.540169	 0.139211	 14.789960	-0.368235	 3.437935	 0.386816	-3.868398	 89.911620	-96.883900	-4.867581	-110.740800	 179.549700	 1.497884	 110.121500	-0.813313	 0.122417	-8.559153	-18.741710	 1.699010	 62.227890	-2.149857	-2.572061	 1.338592	-8.462152	-10.017390	-29.367660	-11.249180	-4.235467	 51.926160	 2.464200	-1.149932	 56.786130	 2.461313	 1.007657	-43.994260	-0.208209	 1.391596	 41.717760	-0.214916	 3.170135	 30.936110	 2.693547	 4.958564	-61.063880	 33.932450	 18.270350	 20.285130	-6.578094	 19.285080	 24.383210	-5.763551	 19.261310	-76.358720	 15.801560	 8.789143	 28.972660	-3.718938	 9.460493	 30.911430	-0.533643	 10.403070	-62.461700	-41.446580	-8.782845	 7.173678	 14.257390	-0.537025	 0.124139	-17.430780	-0.190539	 3.210085	 0.000000	 90.000000	 0.000000	-175.730900	 1.443848	 176.940000	-160.869400	-1.930439	-28.040400
-0.046126	-0.136192	 0.022319	-158.923800	 6.981133	-94.007170	-8.677283	-3.487056	-0.132115	-8.149658	-9.148179	-0.039727	 0.984696	-4.424585	 106.904000	-0.813313	 0.122417	-8.559153	-9.309861	 10.993690	 57.111910	-114.621300	 22.378840	 8.017620	 35.706510	 16.542710	-38.076910	-11.701800	-4.668998	 49.581170	 2.465989	-1.147627	 53.491120	 2.739605	 0.675539	-52.364350	-0.349598	 1.278493	 40.269790	-0.238317	 3.158483	 22.144640	 2.713392	 4.912006	-61.778060	 37.140490	 19.618840	 19.499820	-6.690901	 19.243370	 17.991010	-5.703650	 19.251840	-73.410080	 17.810330	 9.993515	 30.191560	-3.778491	 9.430182	 23.444160	-0.506413	 10.270050	-65.584260	-51.617550	-12.041010	-7.588076	 16.022730	-0.540169	 0.139211	 14.789960	-0.368235	 3.437935	 0.384294	-3.880236	 89.910410	-96.919350	-5.027503	-110.548700	 179.549500	 1.495356	 110.147100	-0.813313	 0.122417	-8.559153	-19.009120	 1.334893	 61.844050	-2.163818	-2.566342	 1.344799	-8.737878	-10.056120	-29.108760	-11.249380	-4.235805	 51.905960	 2.464216	-1.149909	 56.754710	 2.461915	 1.007036	-44.010960	-0.181530	 1.412870	 41.697670	-0.215060	 3.170049	 30.879880	 2.698041	 4.948167	-61.223630	 34.101630	 18.345500	 20.193420	-6.579370	 19.284540	 24.309450	-5.766979	 19.261910	-76.528940	 15.887160	 8.842230	 28.931710	-3.719432	 9.460204	 30.847700	-0.532640	 10.398690	-62.565160	-41.522120	-8.805501	 7.124658	 14.125690	-0.536761	 0.123019	-17.493000	-0.190071	 3.209757	 0.000000	 90.000000	 0.000000	-175.769200	 1.451510	 176.847800	-160.895900	-1.949980	-28.056150
-0.045929	-0.136406	 0.022410	-158.900800	 6.989727	-93.994300	-8.692383	-3.466484	-0.140251	-8.173260	-9.095369	-0.047916	 0.979512	-4.400703	 106.913100	-0.813313	 0.122417	-8.559153	-9.285883	 10.975250	 57.079910	-114.583600	 22.350150	 7.992613	 35.748020	 16.493760	-38.050240	-11.701800	-4.669002	 49.582870	 2.465988	-1.147628	 53.492940	 2.739605	 0.675539	-52.364350	-0.345818	 1.281436	 40.272650	-0.238308	 3.158487	 22.147620	 2.713929	 4.910728	-61.797600	 37.140830	 19.619040	 19.497280	-6.690867	 19.243380	 17.992830	-5.704272	 19.251920	-73.440770	 17.810390	 9.993618	 30.183220	-3.778467	 9.430195	 23.447070	-0.506341	 10.269640	-65.593860	-51.617550	-12.041010	-7.588076	 16.022730	-0.540169	 0.139211	 14.789960	-0.368235	 3.437935	 0.381878	-3.892188	 89.909250	-96.944740	-5.141234	-110.339700	 179.549300	 1.493530	 110.170400	-0.813313	 0.122417	-8.559153	-19.266300	 0.974025	 61.528180	-2.174125	-2.566060	 1.349800	-8.987142	-10.089770	-28.890270	-11.248820	-4.235391	 51.887340	 2.464230	-1.149888	 56.726810	 2.462472	 1.006462	-44.026400	-0.157318	 1.432164	 41.679780	-0.215187	 3.169973	 30.829950	 2.702095	 4.938720	-61.368610	 34.221710	 18.398940	 20.121590	-6.580564	 19.284030	 24.240450	-5.769415	 19.262340	-76.650050	 15.960650	 8.887760	 28.895670	-3.719872	 9.459946	 30.791100	-0.531708	 10.394600	-62.661920	-41.628890	-8.832176	 7.081615	 14.006100	-0.536525	 0.122004	-17.547120	-0.189676	 3.209470	 0.000000	 90.000000	 0.000000	-175.810000	 1.444493	 176.736100	-160.920900	-1.969768	-28.064750
-0.045666	-0.136619	 0.022494	-158.850100	 6.998209	-93.975940	-8.704933	-3.448349	-0.153107	-8.198554	-9.050107	-0.060667	 0.972899	-4.370424	 106.923200	-0.813313	 0.122417	-8.559153	-9.258678	 10.959720	 57.044640	-114.555400	 22.334010	 7.966771	 35.768500	 16.468370	-38.013150	-11.701800	-4.669007	 49.584930	 2.465987	-1.147630	 53.495090	 2.739605	 0.675539	-52.364350	-0.341284	 1.284968	 40.276110	-0.238299	 3.158491	 22.151190	 2.714571	 4.909194	-61.821060	 37.141290	 19.619270	 19.494080	-6.690827	 19.243390	 17.995020	-5.705017	 19.252000	-73.477530	 17.810520	 9.993775	 30.173180	-3.778439	 9.430205	 23.450560	-0.506256	 10.269150	-65.605350	-51.617550	-12.041010	-7.588076	 16.022730	-0.540169	 0.139211	 14.789960	-0.368235	 3.437935	 0.378988	-3.906850	 89.907850	-96.966460	-5.235372	-110.069600	 179.548900	 1.491992	 110.195000	-0.813313	 0.122417	-8.559153	-18.100520	 0.634568	 61.133650	-3.675001	-2.362981	 1.523739	-8.359686	-8.849750	-28.485550	-11.247160	-4.233945	 51.865890	 2.464245	-1.149865	 56.696260	 2.463115	 1.005798	-44.044240	-0.133253	 1.451325	 41.660290	-0.215327	 3.169889	 30.775260	 2.706098	 4.929326	-61.512620	 34.330890	 18.447650	 20.050360	-6.581942	 19.283450	 24.160860	-5.771632	 19.262730	-76.760430	 16.058640	 8.948203	 28.853150	-3.720353	 9.459667	 30.729130	-0.530639	 10.389870	-62.773610	-41.760040	-8.862771	 7.039163	 13.883860	-0.536282	 0.120963	-17.623960	-0.189106	 3.209062	 0.000000	 90.000000	 0.000000	-175.854500	 1.427590	 176.592000	-160.950500	-1.994577	-28.067170
-0.045463	-0.136620	 0.022493	-158.790500	 7.001325	-93.956050	-8.710953	-3.437823	-0.165368	-8.217351	-9.024908	-0.072793	 0.967186	-4.344363	 106.931100	-0.813313	 0.122417	-8.559153	-9.236571	 10.951880	 57.017120	-114.545100	 22.333520	 7.948026	 35.765950	 16.469180	-37.983140	-11.701810	-4.669012	 49.586660	 2.465986	-1.147631	 53.496950	 2.739605	 0.675539	-52.364350	-0.337419	 1.287978	 40.279080	-0.238290	 3.158494	 22.154240	 2.715117	 4.907887	-61.841020	 37.141780	 19.619530	 19.491220	-6.690795	 19.243400	 17.996870	-5.705653	 19.252080	-73.508740	 17.810680	 9.993946	 30.164590	-3.778414	 9.430218	 23.453550	-0.506184	 10.268730	-65.615070	-51.617550	-12.041010	-7.588076	 16.022730	-0.540169	 0.139211	 14.789960	-0.368235	 3.437935	 0.376525	-3.919187	 89.906680	-96.979200	-5.285760	-109.835000	 179.548600	 1.491161	 110.211600	-0.813313	 0.122417	-8.559153	-15.739390	 0.746916	 60.919430	-6.018602	-2.000498	 1.638001	-7.308904	-6.687606	-28.117170	-11.244920	-4.231925	 51.848550	 2.464257	-1.149848	 56.672980	 2.463638	 1.005259	-44.058730	-0.118859	 1.462768	 41.645510	-0.215434	 3.169826	 30.733530	 2.708474	 4.923718	-61.598520	 34.409710	 18.482740	 19.997900	-6.583048	 19.282990	 24.096980	-5.773238	 19.263020	-76.840130	 16.109900	 8.979953	 28.824550	-3.720721	 9.459453	 30.681820	-0.529790	 10.386080	-62.863290	-41.828930	-8.878930	 7.016112	 13.805930	-0.536121	 0.120303	-17.715940	-0.188428	 3.208572	 0.000000	 90.000000	 0.000000	-175.890400	 1.410196	 176.478100	-160.975600	-2.015601	-28.058180
-0.045218	-0.136455	 0.022441	-158.717200	 6.998031	-93.930900	-8.712744	-3.430982	-0.177923	-8.233937	-9.009682	-0.085189	 0.961481	-4.318482	 106.937700	-0.813313	 0.122417	-8.559153	-9.214581	 10.948700	 56.991190	-114.546300	 22.343390	 7.931496	 35.749160	 16.485340	-37.959770	-11.701810	-4.669017	 49.588460	 2.465985	-1.147632	 53.498830	 2.739605	 0.675539	-52.364350	-0.333470	 1.291054	 40.282120	-0.238281	 3.158498	 22.157390	 2.715678	 4.906544	-61.861560	 37.142470	 19.619870	 19.488110	-6.690760	 19.243410	 17.998750	-5.706300	 19.252160	-73.540800	 17.810940	 9.994171	 30.155700	-3.778388	 9.430227	 23.456570	-0.506110	 10.268300	-65.625070	-51.617550	-12.041010	-7.588076	 16.022730	-0.540169	 0.139211	 14.789960	-0.368235	 3.437935	 0.373984	-3.931312	 89.905440	-96.988530	-5.315495	-109.601100	 179.548300	 1.490694	 110.225600	-0.813313	 0.122417	-8.559153	-14.234330	 1.638239	 60.846560	-9.121332	-1.490458	 1.854791	-5.783732	-5.569566	-27.890830	-11.241850	-4.229094	 51.831620	 2.464267	-1.149832	 56.651820	 2.464149	 1.004730	-44.072930	-0.108649	 1.470871	 41.632200	-0.215530	 3.169768	 30.695590	 2.710151	 4.919747	-61.659310	 34.493180	 18.519600	 19.947140	-6.584104	 19.282550	 24.036210	-5.774930	 19.263330	-76.924220	 16.153570	 9.007004	 28.798980	-3.721056	 9.459258	 30.638840	-0.528987	 10.382460	-62.948660	-41.887840	-8.892112	 6.999535	 13.747680	-0.535996	 0.119807	-17.810020	-0.187731	 3.208074	 0.000000	 90.000000	 0.000000	-175.933500	 1.389311	 176.387300	-161.001700	-2.036122	-28.034590
-0.044982	-0.136094	 0.022328	-158.627400	 6.988873	-93.899680	-8.709764	-3.427402	-0.189891	-8.248575	-9.002977	-0.097041	 0.955782	-4.292824	 106.942500	-0.813313	 0.122417	-8.559153	-9.191323	 10.950590	 56.965620	-114.559800	 22.363160	 7.916307	 35.720650	 16.513300	-37.949950	-11.701810	-4.669021	 49.590390	 2.465984	-1.147634	 53.500910	 2.739605	 0.675539	-52.364350	-0.329165	 1.294408	 40.285440	-0.238272	 3.158501	 22.160820	 2.716285	 4.905088	-61.883800	 37.143480	 19.620340	 19.484550	-6.690724	 19.243430	 18.000810	-5.707004	 19.252250	-73.575410	 17.811400	 9.994534	 30.145970	-3.778362	 9.430239	 23.459900	-0.506029	 10.267850	-65.635860	-51.617550	-12.041010	-7.588076	 16.022730	-0.540169	 0.139211	 14.789960	-0.368235	 3.437935	 0.371208	-3.943288	 89.904120	-96.996220	-5.329798	-109.370400	 179.547900	 1.490517	 110.239500	-0.813313	 0.122417	-8.559153	-12.949550	 2.773497	 60.755050	-11.593880	-1.300157	 1.994262	-4.182745	-5.089960	-27.790990	-11.237640	-4.225187	 51.814450	 2.464277	-1.149818	 56.632420	 2.464672	 1.004190	-44.087430	-0.101352	 1.476651	 41.620030	-0.215620	 3.169716	 30.660710	 2.711345	 4.916912	-61.702700	 34.604930	 18.568300	 19.890280	-6.585122	 19.282120	 23.977450	-5.777181	 19.263740	-77.036220	 16.216430	 9.045644	 28.771470	-3.721364	 9.459082	 30.599290	-0.528215	 10.378960	-63.031300	-41.972320	-8.909498	 6.983353	 13.705870	-0.535918	 0.119451	-17.872850	-0.187265	 3.207743	 0.000000	 90.000000	 0.000000	-175.987300	 1.364138	 176.317900	-161.030400	-2.057009	-27.993980
-0.044716	-0.135752	 0.022239	-158.543600	 6.977744	-93.870060	-8.702947	-3.426823	-0.197567	-8.258361	-9.003388	-0.104714	 0.951486	-4.273640	 106.944600	-0.813313	 0.122417	-8.559153	-9.171219	 10.956610	 56.945280	-114.581000	 22.385800	 7.904948	 35.692020	 16.540460	-37.960990	-11.701820	-4.669026	 49.592080	 2.465983	-1.147635	 53.502760	 2.739605	 0.675539	-52.364350	-0.325420	 1.297326	 40.288390	-0.238264	 3.158505	 22.163840	 2.716815	 4.903817	-61.903240	 37.144660	 19.620880	 19.481240	-6.690691	 19.243430	 18.002610	-5.707615	 19.252330	-73.605610	 17.811960	 9.994943	 30.137400	-3.778337	 9.430249	 23.462790	-0.505961	 10.267450	-65.645230	-51.617550	-12.041010	-7.588076	 16.022730	-0.540169	 0.139211	 14.789960	-0.368235	 3.437935	 0.368768	-3.952320	 89.902950	-96.997340	-5.308864	-109.195300	 179.547500	 1.490539	 110.250600	-0.813313	 0.122417	-8.559153	-12.306600	 3.565605	 60.763100	-13.421790	-0.812955	 2.120693	-3.270560	-4.567382	-27.797310	-11.233190	-4.221014	 51.800590	 2.464284	-1.149807	 56.618680	 2.465095	 1.003754	-44.099170	-0.096866	 1.480198	 41.611430	-0.215683	 3.169678	 30.635910	 2.712076	 4.915173	-61.729310	 34.683490	 18.602410	 19.851460	-6.585806	 19.281840	 23.938060	-5.779027	 19.264080	-77.128330	 16.264730	 9.075279	 28.751200	-3.721582	 9.458954	 30.571180	-0.527698	 10.376610	-63.086790	-42.031340	-8.921237	 6.974096	 13.684340	-0.535878	 0.119270	-17.902160	-0.187055	 3.207586	 0.000000	 90.000000	 0.000000	-176.039700	 1.339948	 176.267600	-161.055600	-2.073990	-27.946710
-0.044408	-0.135403	 0.022167	-158.459200	 6.965456	-93.839770	-8.692422	-3.427988	-0.201243	-8.265085	-9.007570	-0.108554	 0.948159	-4.258897	 106.945100	-0.813313	 0.122417	-8.559153	-9.151376	 10.966330	 56.927100	-114.609500	 22.410770	 7.895272	 35.665910	 16.564780	-37.992130	-11.701820	-4.669030	 49.593760	 2.465982	-1.147637	 53.504520	 2.739605	 0.675539	-52.364350	-0.321742	 1.300192	 40.291320	-0.238255	 3.158508	 22.166820	 2.717337	 4.902564	-61.922370	 37.146160	 19.621550	 19.477750	-6.690660	 19.243440	 18.004370	-5.708217	 19.252400	-73.635230	 17.812720	 9.995478	 30.128860	-3.778313	 9.430258	 23.465650	-0.505894	 10.267050	-65.654420	-51.617550	-12.041010	-7.588076	 16.022730	-0.540169	 0.139211	 14.789960	-0.368235	 3.437935	 0.366371	-3.959447	 89.901800	-96.990020	-5.243315	-109.043700	 179.547200	 1.490652	 110.260700	-0.813313	 0.122417	-8.559153	-11.932130	 4.064846	 60.847540	-14.810790	-0.498680	 2.221986	-2.607890	-4.257015	-27.864270	-11.228120	-4.216251	 51.788080	 2.464289	-1.149800	 56.608390	 2.465480	 1.003356	-44.109860	-0.092965	 1.483286	 41.604960	-0.215731	 3.169649	 30.617210	 2.712715	 4.913652	-61.752550	 34.710910	 18.614460	 19.834090	-6.586226	 19.281660	 23.913830	-5.780168	 19.264290	-77.185200	 16.281520	 9.085707	 28.739120	-3.721747	 9.458861	 30.549990	-0.527381	 10.375150	-63.121110	-42.043950	-8.923595	 6.972875	 13.673930	-0.535856	 0.119181	-17.914720	-0.186960	 3.207518	 0.000000	 90.000000	 0.000000	-176.096400	 1.314833	 176.225900	-161.080700	-2.089397	-27.890390
-0.044030	-0.134944	 0.022083	-158.364000	 6.951335	-93.805160	-8.675726	-3.430559	-0.198924	-8.268921	-9.014442	-0.106698	 0.946569	-4.251998	 106.943900	-0.813313	 0.122417	-8.559153	-9.128361	 10.981830	 56.908420	-114.650000	 22.439670	 7.885554	 35.646690	 16.584870	-38.048990	-11.701830	-4.669036	 49.595700	 2.465981	-1.147638	 53.506610	 2.739605	 0.675539	-52.364350	-0.317522	 1.303481	 40.294680	-0.238246	 3.158512	 22.170280	 2.717931	 4.901136	-61.944180	 37.148370	 19.622530	 19.473460	-6.690623	 19.243460	 18.006410	-5.708899	 19.252480	-73.668950	 17.813860	 9.996264	 30.119000	-3.778287	 9.430271	 23.468930	-0.505817	 10.266600	-65.664860	-51.617550	-12.041010	-7.588076	 16.022730	-0.540169	 0.139211	 14.789960	-0.368235	 3.437935	 0.363581	-3.964877	 89.900430	-96.973080	-5.124701	-108.890700	 179.546800	 1.490793	 110.271100	-0.813313	 0.122417	-8.559153	-11.679430	 4.555622	 60.998520	-15.972570	-0.171032	 2.326156	-1.976010	-4.020651	-27.981140	-11.221470	-4.209973	 51.775150	 2.464292	-1.149795	 56.601560	 2.465880	 1.002941	-44.120980	-0.089767	 1.485821	 41.600660	-0.215762	 3.169631	 30.605190	 2.713245	 4.912387	-61.771920	 34.702920	 18.611250	 19.832030	-6.586432	 19.281580	 23.901900	-5.780736	 19.264400	-77.213490	 16.276470	 9.082808	 28.733720	-3.721855	 9.458798	 30.536260	-0.527222	 10.374420	-63.138260	-42.032100	-8.921118	 6.975362	 13.671440	-0.535842	 0.119161	-17.918430	-0.186931	 3.207502	 0.000000	 90.000000	 0.000000	-176.167100	 1.285464	 176.186000	-161.109700	-2.105244	-27.815390
-0.043665	-0.134521	 0.022005	-158.265500	 6.939902	-93.779080	-8.657478	-3.433129	-0.189787	-8.268676	-9.019794	-0.098255	 0.947544	-4.256548	 106.941400	-0.813313	 0.122417	-8.559153	-9.108113	 10.998670	 56.894220	-114.690400	 22.462050	 7.878092	 35.644700	 16.591450	-38.113900	-11.701830	-4.669039	 49.597360	 2.465980	-1.147639	 53.508400	 2.739605	 0.675539	-52.364350	-0.313947	 1.306268	 40.297610	-0.238238	 3.158515	 22.173240	 2.718437	 4.899918	-61.962790	 37.150790	 19.623580	 19.469520	-6.690592	 19.243470	 18.008150	-5.709480	 19.252560	-73.697620	 17.815140	 9.997117	 30.110440	-3.778263	 9.430281	 23.471750	-0.505752	 10.266220	-65.673720	-51.617550	-12.041010	-7.588076	 16.022730	-0.540169	 0.139211	 14.789960	-0.368235	 3.437935	 0.361198	-3.969504	 89.899250	-96.952740	-4.996068	-108.772700	 179.546600	 1.490819	 110.279100	-0.813313	 0.122417	-8.559153	-11.526960	 4.896931	 61.154110	-16.827640	 0.148032	 2.405417	-1.550251	-3.773319	-28.107680	-11.215060	-4.203898	 51.765250	 2.464293	-1.149794	 56.600570	 2.466190	 1.002621	-44.129570	-0.089415	 1.486099	 41.600050	-0.215765	 3.169629	 30.604010	 2.713305	 4.912245	-61.774070	 34.681990	 18.602370	 19.837990	-6.586408	 19.281590	 23.903320	-5.780679	 19.264390	-77.210550	 16.263560	 9.075002	 28.734900	-3.721867	 9.458793	 30.534730	-0.527238	 10.374490	-63.136620	-42.026020	-8.920051	 6.975575	 13.673990	-0.535856	 0.119181	-17.920850	-0.186911	 3.207488	 0.000000	 90.000000	 0.000000	-176.232600	 1.260638	 176.156800	-161.134800	-2.117092	-27.743330
-0.043268	-0.134062	 0.021911	-158.144700	 6.924588	-93.757550	-8.636351	-3.435181	-0.173770	-8.265198	-9.022367	-0.083167	 0.950023	-4.267852	 106.937900	-0.813313	 0.122417	-8.559153	-9.087790	 11.017920	 56.881970	-114.733500	 22.479160	 7.871234	 35.654770	 16.586850	-38.187640	-11.701840	-4.669044	 49.598970	 2.465979	-1.147640	 53.510130	 2.739605	 0.675539	-52.364350	-0.310490	 1.308963	 40.300460	-0.238230	 3.158518	 22.176130	 2.718924	 4.898744	-61.980700	 37.153630	 19.624810	 19.465410	-6.690560	 19.243470	 18.009840	-5.710040	 19.252630	-73.725180	 17.816700	 9.998141	 30.102060	-3.778241	 9.430290	 23.474480	-0.505689	 10.265860	-65.682200	-51.617550	-12.041010	-7.588076	 16.022730	-0.540169	 0.139211	 14.789960	-0.368235	 3.437935	 0.358850	-3.976446	 89.898130	-96.929210	-4.857054	-108.665700	 179.546400	 1.490689	 110.286100	-0.813313	 0.122417	-8.559153	-11.453270	 5.181748	 61.318260	-17.487520	 0.536773	 2.478018	-1.173885	-3.488628	-28.245380	-11.208190	-4.197382	 51.756690	 2.464292	-1.149796	 56.603730	 2.466461	 1.002340	-44.137100	-0.090973	 1.484864	 41.602070	-0.215750	 3.169638	 30.609900	 2.713056	 4.912840	-61.764990	 34.667480	 18.596090	 19.844640	-6.586235	 19.281660	 23.913370	-5.780220	 19.264300	-77.187510	 16.254670	 9.069537	 28.739080	-3.721816	 9.458821	 30.541170	-0.527364	 10.375080	-63.122920	-42.024330	-8.919740	 6.975716	 13.677420	-0.535857	 0.119212	-17.917670	-0.186944	 3.207503	 0.000000	 90.000000	 0.000000	-176.299800	 1.223768	 176.131200	-161.159100	-2.126903	-27.667740
-0.042891	-0.133366	 0.021768	-157.986600	 6.895426	-93.733310	-8.607443	-3.435814	-0.146890	-8.257142	-9.018963	-0.057683	 0.954109	-4.286458	 106.932300	-0.813313	 0.122417	-8.559153	-9.062800	 11.043890	 56.869470	-114.787500	 22.490090	 7.863260	 35.678390	 16.566370	-38.282390	-11.701840	-4.669049	 49.600860	 2.465978	-1.147642	 53.512190	 2.739605	 0.675539	-52.364350	-0.306490	 1.312081	 40.303840	-0.238220	 3.158522	 22.179530	 2.719489	 4.897381	-62.001510	 37.159310	 19.627210	 19.459720	-6.690526	 19.243480	 18.011820	-5.710686	 19.252710	-73.757060	 17.819800	 10.000130	 30.091990	-3.778214	 9.430301	 23.477700	-0.505617	 10.265440	-65.691980	-51.617550	-12.041010	-7.588076	 16.022730	-0.540169	 0.139211	 14.789960	-0.368235	 3.437935	 0.356086	-3.987796	 89.896800	-96.898590	-4.689010	-108.544000	 179.546300	 1.490226	 110.293300	-0.813313	 0.122417	-8.559153	-11.435550	 5.475185	 61.532930	-17.901480	 0.986075	 2.542875	-0.931858	-3.168375	-28.431270	-11.199330	-4.188968	 51.747940	 2.464287	-1.149803	 56.612430	 2.466740	 1.002051	-44.144890	-0.094790	 1.481840	 41.607590	-0.215713	 3.169660	 30.624290	 2.712437	 4.914313	-61.742450	 34.651540	 18.589050	 19.855390	-6.585879	 19.281810	 23.933800	-5.779270	 19.264130	-77.140340	 16.244930	 9.063431	 28.748370	-3.721692	 9.458892	 30.557130	-0.527625	 10.376270	-63.094690	-41.699740	-8.738865	 7.613142	 13.735180	-0.535974	 0.119702	-16.761720	-0.195432	 3.213687	 0.000000	 90.000000	 0.000000	-176.382600	 1.153279	 176.102600	-161.128100	-2.154480	-27.493030
-0.042734	-0.132605	 0.021628	-157.851200	 6.862778	-93.712170	-8.579482	-3.433757	-0.117989	-8.247083	-9.007803	-0.030185	 0.957948	-4.304005	 106.926500	-0.813313	 0.122417	-8.559153	-9.040213	 11.068690	 56.860360	-114.835100	 22.488570	 7.856102	 35.705780	 16.534860	-38.365490	-11.701840	-4.669053	 49.602470	 2.465977	-1.147644	 53.513920	 2.739605	 0.675539	-52.364350	-0.303118	 1.314711	 40.306740	-0.238212	 3.158526	 22.182460	 2.719965	 4.896235	-62.019000	 37.167520	 19.630650	 19.453620	-6.690495	 19.243490	 18.013510	-5.711228	 19.252780	-73.783810	 17.824300	 10.002980	 30.083050	-3.778191	 9.430310	 23.480430	-0.505557	 10.265090	-65.700130	-51.617550	-12.041010	-7.588076	 16.022730	-0.540169	 0.139211	 14.789960	-0.368235	 3.437935	 0.353703	-4.000349	 89.895650	-96.871440	-4.553038	-108.438400	 179.546300	 1.489458	 110.298600	-0.813313	 0.122417	-8.559153	-11.457570	 5.707986	 61.749340	-18.109700	 1.352391	 2.592263	-0.809715	-2.919027	-28.599050	-11.191110	-4.181141	 51.741620	 2.464281	-1.149812	 56.623920	 2.466947	 1.001837	-44.150610	-0.099394	 1.478194	 41.614870	-0.215669	 3.169687	 30.641690	 2.711684	 4.916107	-61.715020	 34.620560	 18.575510	 19.872820	-6.585485	 19.281970	 23.956580	-5.778208	 19.263930	-77.087550	 16.225850	 9.051584	 28.761750	-3.721542	 9.458981	 30.576510	-0.527920	 10.377610	-63.063080	-41.261090	-8.484599	 8.489816	 13.863300	-0.536234	 0.120790	-15.170850	-0.206913	 3.222465	 0.000000	 90.000000	 0.000000	-176.456800	 1.079135	 176.077400	-161.007000	-2.204412	-27.212420
-0.042700	-0.131751	 0.021478	-157.724100	 6.825486	-93.691600	-8.549625	-3.431990	-0.085626	-8.234595	-8.996784	 0.000683	 0.961344	-4.319677	 106.919900	-0.813313	 0.122417	-8.559153	-9.016976	 11.094840	 56.852810	-114.882000	 22.478400	 7.848525	 35.736720	 16.493880	-38.445910	-11.701850	-4.669058	 49.604060	 2.465976	-1.147645	 53.515620	 2.739605	 0.675539	-52.364350	-0.299915	 1.317208	 40.309570	-0.238204	 3.158529	 22.185300	 2.720418	 4.895138	-62.035750	 37.178190	 19.635110	 19.446700	-6.690464	 19.243500	 18.015140	-5.711744	 19.252850	-73.809280	 17.830220	 10.006690	 30.074100	-3.778169	 9.430321	 23.483100	-0.505500	 10.264760	-65.707890	-51.617550	-12.041010	-7.588076	 16.022730	-0.540169	 0.139211	 14.789960	-0.368235	 3.437935	 0.351369	-4.015159	 89.894580	-96.839650	-4.408355	-108.326100	 179.546500	 1.488274	 110.303000	-0.813313	 0.122417	-8.559153	-11.516080	 5.887389	 61.990330	-18.053380	 1.688425	 2.617618	-0.811600	-2.686594	-28.767940	-11.182540	-4.172973	 51.736470	 2.464274	-1.149822	 56.638490	 2.467119	 1.001658	-44.155400	-0.104750	 1.473953	 41.624060	-0.215617	 3.169717	 30.661910	 2.710806	 4.918194	-61.683080	 34.579510	 18.557580	 19.895500	-6.585052	 19.282150	 23.981430	-5.777048	 19.263710	-77.029830	 16.200570	 9.035891	 28.778940	-3.721365	 9.459081	 30.599090	-0.528240	 10.379080	-63.028510	-40.546030	-8.012211	 10.112470	 14.028660	-0.536570	 0.122195	-12.277890	-0.227163	 3.239234	 0.000000	 90.000000	 0.000000	-176.532100	 1.003666	 176.050600	-160.826000	-2.271893	-26.850290
-0.042768	-0.130664	 0.021292	-157.587600	 6.777263	-93.668490	-8.512245	-3.434091	-0.044418	-8.217196	-8.994524	 0.040070	 0.964048	-4.332485	 106.911500	-0.813313	 0.122417	-8.559153	-8.988260	 11.127110	 56.845670	-114.936000	 22.460160	 7.838861	 35.775600	 16.438910	-38.536950	-11.701850	-4.669062	 49.605850	 2.465975	-1.147646	 53.517570	 2.739605	 0.675539	-52.364350	-0.296288	 1.320037	 40.312870	-0.238195	 3.158532	 22.188560	 2.720929	 4.893904	-62.054600	 37.193440	 19.641450	 19.437640	-6.690431	 19.243510	 18.017000	-5.712318	 19.252910	-73.837860	 17.838660	 10.011980	 30.063540	-3.778144	 9.430330	 23.486140	-0.505437	 10.264390	-65.716550	-51.617550	-12.041010	-7.588076	 16.022730	-0.540169	 0.139211	 14.789960	-0.368235	 3.437935	 0.348689	-4.035520	 89.893330	-96.791100	-4.198604	-108.198500	 179.546900	 1.486264	 110.307200	-0.813313	 0.122417	-8.559153	-11.636800	 5.991915	 62.307330	-17.532110	 2.044686	 2.598223	-1.003285	-2.418571	-28.965610	-11.171970	-4.162891	 51.731750	 2.464264	-1.149838	 56.659130	 2.467283	 1.001489	-44.159940	-0.111594	 1.468537	 41.637050	-0.215551	 3.169756	 30.687620	 2.709683	 4.920857	-61.642310	 34.524690	 18.533540	 19.926590	-6.584542	 19.282360	 24.010890	-5.775675	 19.263460	-76.961290	 16.166840	 9.014898	 28.802950	-3.721140	 9.459210	 30.627890	-0.528624	 10.380820	-62.987400	-39.469510	-7.209337	 12.756350	 14.233990	-0.536982	 0.123940	-7.574490	-0.258184	 3.268617	 0.000000	 90.000000	 0.000000	-176.622800	 0.924343	 176.023200	-160.567000	-2.366956	-26.358780
-0.042847	-0.129683	 0.021125	-157.459900	 6.731732	-93.651290	-8.477750	-3.439206	-0.006653	-8.199758	-9.001188	 0.076210	 0.964616	-4.335812	 106.903600	-0.813313	 0.122417	-8.559153	-8.961623	 11.156430	 56.840760	-114.981400	 22.439590	 7.829380	 35.809460	 16.387020	-38.611260	-11.701850	-4.669066	 49.607400	 2.465974	-1.147647	 53.519250	 2.739605	 0.675539	-52.364350	-0.293255	 1.322403	 40.315690	-0.238188	 3.158536	 22.191370	 2.721357	 4.892868	-62.070400	 37.208740	 19.647810	 19.429020	-6.690402	 19.243520	 18.018590	-5.712807	 19.252980	-73.861720	 17.847140	 10.017270	 30.054290	-3.778123	 9.430343	 23.488750	-0.505385	 10.264080	-65.723730	-51.617550	-12.041010	-7.588076	 16.022730	-0.540169	 0.139211	 14.789960	-0.368235	 3.437935	 0.346358	-4.055971	 89.892290	-96.740760	-3.988860	-108.106400	 179.547400	 1.483873	 110.310100	-0.813313	 0.122417	-8.559153	-11.779340	 6.005558	 62.610560	-16.887490	 2.323910	 2.558033	-1.224609	-2.203417	-29.127800	-11.162310	-4.153664	 51.728740	 2.464253	-1.149853	 56.679970	 2.467394	 1.001373	-44.163060	-0.117649	 1.463749	 41.650170	-0.215493	 3.169791	 30.710440	 2.708681	 4.923231	-61.605990	 34.476270	 18.512210	 19.955760	-6.584128	 19.282530	 24.034700	-5.774558	 19.263260	-76.905820	 16.137050	 8.996283	 28.826490	-3.720941	 9.459326	 30.653550	-0.528937	 10.382230	-62.954070	-37.342080	-4.702785	 20.876440	 14.962700	-0.538378	 0.130149	 6.435722	-0.334961	 3.369772	 0.000000	 90.000000	 0.000000	-176.703300	 0.837681	 176.009100	-160.323500	-2.455514	-25.903030
-0.042868	-0.128697	 0.020954	-157.300400	 6.681865	-93.638860	-8.441086	-3.447279	 0.032459	-8.180087	-9.015555	 0.113691	 0.963980	-4.333858	 106.895100	-0.813313	 0.122417	-8.559153	-8.932724	 11.187110	 56.836930	-115.025300	 22.415040	 7.818420	 35.841560	 16.332520	-38.679630	-11.701860	-4.669071	 49.608960	 2.465973	-1.147649	 53.520940	 2.739605	 0.675539	-52.364350	-0.290272	 1.324730	 40.318560	-0.238180	 3.158539	 22.194190	 2.721777	 4.891853	-62.085890	 37.225920	 19.654930	 19.419700	-6.690374	 19.243530	 18.020210	-5.713282	 19.253040	-73.884990	 17.856680	 10.023210	 30.044860	-3.778101	 9.430348	 23.491360	-0.505335	 10.263790	-65.730670	-51.617550	-12.041010	-7.588076	 16.022730	-0.540169	 0.139211	 14.789960	-0.368235	 3.437935	 0.344002	-4.079432	 89.891240	-96.689690	-3.758102	-108.025100	 179.548200	 1.480733	 110.312300	-0.813313	 0.122417	-8.559153	-11.961740	 5.962093	 62.942120	-16.251210	 2.587986	 2.518353	-1.395209	-2.017614	-29.274900	-11.152040	-4.143845	 51.726640	 2.464242	-1.149871	 56.703600	 2.467478	 1.001286	-44.165380	-0.123568	 1.459073	 41.664980	-0.215436	 3.169825	 30.732680	 2.707700	 4.925549	-61.570490	 34.431450	 18.492310	 19.985580	-6.583778	 19.282690	 24.055010	-5.773606	 19.263090	-76.858350	 16.109640	 8.979025	 28.852120	-3.720747	 9.459440	 30.678600	-0.529205	 10.383440	-62.925560	-36.641720	-3.421235	 24.892860	 15.334770	-0.539063	 0.133326	 12.970210	-0.361841	 3.422686	 0.000000	 90.000000	 0.000000	-176.785900	 0.713526	 176.002500	-160.081800	-2.543650	-25.444380
-0.042792	-0.127651	 0.020765	-157.096800	 6.623960	-93.630520	-8.399312	-3.459064	 0.074895	-8.156508	-9.039438	 0.154459	 0.962940	-4.330223	 106.885700	-0.813313	 0.122417	-8.559153	-8.898628	 11.221410	 56.833870	-115.069800	 22.384820	 7.804542	 35.871360	 16.273140	-38.743300	-11.701860	-4.669075	 49.610650	 2.465972	-1.147650	 53.522790	 2.739605	 0.675539	-52.364350	-0.287154	 1.327163	 40.321680	-0.238172	 3.158542	 22.197240	 2.722217	 4.890787	-62.102170	 37.246170	 19.663320	 19.408960	-6.690343	 19.243540	 18.021910	-5.713772	 19.253100	-73.909290	 17.867920	 10.030210	 30.034530	-3.778078	 9.430358	 23.494180	-0.505279	 10.263480	-65.737880	-51.617550	-12.041010	-7.588076	 16.022730	-0.540169	 0.139211	 14.789960	-0.368235	 3.437935	 0.341443	-4.108284	 89.890100	-96.642430	-3.494744	-107.943300	 179.549200	 1.476371	 110.313500	-0.813313	 0.122417	-8.559153	-12.199660	 5.864081	 63.328470	-15.478870	 2.795506	 2.468205	-1.456731	-1.935625	-29.232040	-11.140270	-4.132582	 51.725460	 2.464227	-1.149892	 56.731960	 2.467539	 1.001223	-44.167070	-0.131007	 1.453189	 41.682790	-0.215362	 3.169869	 30.761550	 2.706460	 4.928469	-61.525740	 34.358440	 18.460130	 20.027510	-6.583364	 19.282860	 24.078840	-5.772521	 19.262890	-76.804570	 16.064900	 8.951081	 28.884880	-3.720501	 9.459581	 30.710150	-0.529507	 10.384810	-62.893260	-36.733940	-2.937340	 26.810060	 15.521440	-0.539399	 0.134922	 15.318290	-0.370015	 3.442398	 0.000000	 90.000000	 0.000000	-176.877500	 0.553763	 176.002700	-159.850500	-2.630057	-24.983110
-0.042630	-0.126799	 0.020591	-156.898100	 6.571134	-93.628750	-8.361341	-3.471796	 0.110907	-8.134180	-9.067054	 0.189040	 0.961752	-4.325805	 106.877300	-0.813313	 0.122417	-8.559153	-8.866182	 11.251960	 56.832080	-115.105000	 22.356090	 7.790367	 35.890630	 16.223210	-38.787110	-11.701860	-4.669079	 49.612130	 2.465971	-1.147651	 53.524380	 2.739605	 0.675539	-52.364350	-0.284544	 1.329200	 40.324420	-0.238164	 3.158545	 22.199900	 2.722587	 4.889888	-62.115870	 37.264910	 19.671080	 19.399130	-6.690316	 19.243550	 18.023410	-5.714183	 19.253160	-73.929670	 17.878310	 10.036670	 30.025480	-3.778058	 9.430368	 23.496630	-0.505238	 10.263220	-65.743840	-51.617550	-12.041010	-7.588076	 16.022730	-0.540169	 0.139211	 14.789960	-0.368235	 3.437935	 0.339201	-4.136520	 89.889110	-96.609580	-3.264372	-107.871100	 179.550000	 1.473345	 110.313100	-0.813313	 0.122417	-8.559153	-12.438010	 5.747694	 63.685700	-14.585480	 2.911820	 2.402049	-1.455651	-1.963441	-28.940050	-11.129490	-4.122260	 51.725330	 2.464214	-1.149912	 56.758870	 2.467567	 1.001194	-44.167860	-0.139701	 1.446297	 41.699720	-0.215274	 3.169921	 30.796040	 2.705014	 4.931877	-61.473530	 34.256650	 18.415550	 20.077630	-6.582870	 19.283070	 24.107320	-5.771262	 19.262670	-76.741930	 16.002380	 8.912294	 28.919300	-3.720215	 9.459747	 30.746980	-0.529863	 10.386400	-62.855610	-36.678100	-2.614722	 27.917540	 15.772680	-0.539840	 0.137071	 17.169730	-0.375867	 3.458169	 0.000000	 90.000000	 0.000000	-176.959500	 0.407938	 176.008000	-159.685400	-2.698991	-24.652620
-0.042409	-0.126018	 0.020416	-156.688000	 6.518140	-93.632510	-8.322800	-3.486342	 0.144286	-8.110769	-9.100074	 0.221127	 0.960336	-4.320361	 106.869300	-0.813313	 0.122417	-8.559153	-8.831467	 11.282260	 56.831080	-115.135300	 22.326370	 7.774185	 35.901020	 16.177920	-38.816800	-11.701870	-4.669083	 49.613560	 2.465971	-1.147652	 53.525950	 2.739605	 0.675539	-52.364350	-0.282052	 1.331144	 40.327110	-0.238157	 3.158548	 22.202510	 2.722938	 4.889035	-62.128870	 37.284050	 19.679000	 19.389160	-6.690290	 19.243560	 18.024860	-5.714573	 19.253200	-73.948850	 17.888950	 10.043280	 30.016570	-3.778039	 9.430377	 23.499040	-0.505197	 10.262980	-65.749400	-51.617550	-12.041010	-7.588076	 16.022730	-0.540169	 0.139211	 14.789960	-0.368235	 3.437935	 0.336962	-4.171925	 89.888180	-96.586390	-3.047496	-107.793000	 179.550300	 1.472500	 110.311700	-0.813313	 0.122417	-8.559153	-12.697450	 5.616935	 64.052980	-13.592340	 2.853258	 2.327744	-1.460344	-2.183186	-28.523150	-11.118380	-4.111612	 51.726000	 2.464200	-1.149933	 56.787090	 2.467571	 1.001190	-44.167960	-0.150284	 1.437893	 41.717510	-0.215167	 3.169985	 30.837730	 2.703246	 4.936025	-61.409950	 34.137510	 18.363320	 20.134040	-6.582272	 19.283320	 24.141830	-5.769729	 19.262390	-76.665720	 15.929140	 8.866876	 28.956650	-3.719866	 9.459950	 30.791840	-0.530297	 10.388340	-62.809810	-36.717570	-2.694447	 27.680840	 15.942910	-0.540130	 0.138529	 16.764710	-0.374634	 3.454703	 0.000000	 90.000000	 0.000000	-177.042300	 0.273035	 176.016500	-159.549900	-2.762527	-24.383390
-0.042121	-0.125121	 0.020230	-156.430300	 6.456583	-93.642610	-8.276442	-3.505708	 0.179349	-8.081723	-9.145743	 0.254879	 0.958387	-4.312651	 106.860100	-0.813313	 0.122417	-8.559153	-8.786852	 11.317750	 56.830680	-115.164100	 22.290670	 7.751937	 35.900730	 16.129780	-38.837740	-11.701870	-4.669087	 49.615270	 2.465970	-1.147654	 53.527770	 2.739605	 0.675539	-52.364350	-0.279255	 1.333327	 40.330300	-0.238149	 3.158551	 22.205570	 2.723330	 4.888082	-62.143410	 37.306890	 19.688450	 19.377260	-6.690259	 19.243570	 18.026550	-5.715004	 19.253260	-73.970170	 17.901640	 10.051150	 30.006200	-3.778015	 9.430387	 23.501830	-0.505152	 10.262720	-65.755510	-51.617550	-12.041010	-7.588076	 16.022730	-0.540169	 0.139211	 14.789960	-0.368235	 3.437935	 0.334301	-4.227992	 89.887120	-96.571860	-2.815206	-107.684000	 179.550000	 1.474076	 110.308500	-0.813313	 0.122417	-8.559153	-13.029160	 5.459071	 64.499760	-12.406430	 2.620889	 2.241099	-1.546918	-2.613316	-28.011430	-11.104770	-4.098563	 51.727840	 2.464183	-1.149959	 56.822020	 2.467546	 1.001216	-44.167260	-0.165278	 1.425968	 41.739620	-0.215020	 3.170073	 30.895480	 2.700735	 4.941900	-61.319840	 33.995540	 18.300840	 20.202000	-6.581444	 19.283660	 24.189610	-5.767560	 19.262010	-76.557730	 15.841810	 8.812590	 29.002280	-3.719372	 9.460239	 30.855420	-0.530913	 10.391090	-62.744910	-36.680710	-2.641389	 27.823700	 16.055960	-0.540328	 0.139497	 17.426200	-0.376640	 3.460367	 0.000000	 90.000000	 0.000000	-177.142800	 0.159926	 176.029400	-159.421500	-2.823964	-24.082630
-0.041906	-0.124331	 0.020113	-156.212500	 6.407385	-93.654600	-8.237166	-3.523533	 0.203873	-8.056416	-9.189147	 0.278524	 0.956546	-4.305216	 106.852900	-0.813313	 0.122417	-8.559153	-8.748840	 11.348090	 56.831590	-115.183000	 22.259740	 7.733133	 35.891020	 16.092390	-38.849270	-11.701870	-4.669092	 49.616700	 2.465969	-1.147654	 53.529290	 2.739605	 0.675539	-52.364350	-0.277051	 1.335048	 40.332990	-0.238142	 3.158554	 22.208100	 2.723640	 4.887329	-62.154900	 37.325910	 19.696310	 19.367270	-6.690234	 19.243570	 18.027960	-5.715342	 19.253310	-73.986790	 17.912180	 10.057700	 29.997630	-3.777996	 9.430395	 23.504130	-0.505118	 10.262520	-65.760170	-51.617550	-12.041010	-7.588076	 16.022730	-0.540169	 0.139211	 14.789960	-0.368235	 3.437935	 0.332066	-4.284879	 89.886270	-96.569920	-2.641276	-107.570100	 179.549300	 1.477373	 110.304900	-0.813313	 0.122417	-8.559153	-13.414680	 5.170135	 64.901740	-10.861850	 2.221107	 2.105793	-2.012854	-3.143485	-27.533170	-11.092930	-4.087205	 51.730200	 2.464168	-1.149982	 56.852410	 2.467501	 1.001263	-44.166010	-0.179953	 1.414282	 41.758890	-0.214881	 3.170156	 30.949970	 2.698270	 4.947637	-61.231780	 33.894530	 18.256080	 20.253880	-6.580664	 19.284000	 24.234720	-5.765434	 19.261640	-76.452220	 15.779650	 8.773729	 29.039600	-3.718890	 9.460521	 30.917570	-0.531519	 10.393770	-62.681470	-36.665130	-2.613571	 27.903590	 16.088500	-0.540385	 0.139775	 17.733690	-0.377551	 3.463009	 0.000000	 90.000000	 0.000000	-177.229100	 0.101854	 176.040900	-159.336500	-2.857536	-23.794930
-0.041724	-0.123648	 0.019998	-156.000300	 6.362153	-93.668620	-8.197949	-3.542449	 0.222672	-8.030641	-9.236506	 0.296673	 0.954546	-4.297002	 106.846500	-0.813313	 0.122417	-8.559153	-8.712934	 11.379630	 56.834100	-115.197300	 22.227640	 7.716702	 35.873600	 16.057980	-38.855900	-11.701880	-4.669095	 49.618090	 2.465968	-1.147655	 53.530790	 2.739605	 0.675539	-52.364350	-0.275000	 1.336650	 40.335640	-0.238135	 3.158557	 22.210600	 2.723929	 4.886626	-62.165620	 37.344320	 19.703920	 19.357480	-6.690210	 19.243580	 18.029330	-5.715652	 19.253350	-74.002170	 17.922400	 10.064050	 29.989350	-3.777977	 9.430404	 23.506420	-0.505086	 10.262340	-65.764400	-51.617550	-12.041010	-7.588076	 16.022730	-0.540169	 0.139211	 14.789960	-0.368235	 3.437935	 0.329816	-4.348502	 89.885480	-96.577060	-2.484234	-107.469100	 179.548100	 1.482310	 110.300400	-0.813313	 0.122417	-8.559153	-13.858220	 4.810264	 65.293550	-9.117831	 1.699254	 1.942750	-2.631353	-3.802134	-26.932610	-11.080800	-4.075551	 51.733290	 2.464152	-1.150005	 56.883350	 2.467435	 1.001331	-44.164190	-0.196413	 1.401160	 41.778530	-0.214731	 3.170247	 31.008790	 2.695492	 4.954075	-61.132880	 33.801940	 18.214840	 20.303390	-6.579820	 19.284350	 24.283430	-5.763049	 19.261230	-76.333640	 15.709860	 8.730124	 29.078630	-3.718349	 9.460838	 30.987410	-0.532205	 10.396790	-62.610210	-36.660420	-2.601087	 27.942570	 16.074950	-0.540364	 0.139660	 17.849120	-0.377891	 3.464000	 0.000000	 90.000000	 0.000000	-177.301000	 0.043460	 176.051700	-159.261300	-2.892307	-23.560260
-0.041607	-0.123041	 0.019879	-155.770700	 6.323198	-93.687680	-8.153365	-3.565208	 0.235747	-8.000716	-9.295128	 0.309350	 0.952073	-4.286677	 106.840100	-0.813313	 0.122417	-8.559153	-8.674297	 11.417110	 56.838960	-115.207400	 22.190070	 7.700703	 35.845170	 16.022290	-38.858230	-11.701880	-4.669098	 49.619660	 2.465967	-1.147657	 53.532490	 2.739605	 0.675539	-52.364350	-0.272847	 1.338332	 40.338670	-0.238127	 3.158561	 22.213420	 2.724235	 4.885883	-62.176950	 37.364260	 19.712150	 19.346620	-6.690181	 19.243590	 18.030860	-5.715979	 19.253390	-74.018210	 17.933470	 10.070910	 29.980170	-3.777956	 9.430412	 23.508980	-0.505055	 10.262160	-65.768690	-51.617550	-12.041010	-7.588076	 16.022730	-0.540169	 0.139211	 14.789960	-0.368235	 3.437935	 0.327262	-4.427330	 89.884580	-96.595740	-2.321036	-107.409900	 179.546400	 1.489740	 110.294500	-0.813313	 0.122417	-8.559153	-15.138590	 4.035880	 65.789090	-5.294028	 1.071618	 1.567041	-4.244812	-4.984046	-26.271980	-11.066510	-4.061818	 51.737670	 2.464134	-1.150032	 56.919200	 2.467334	 1.001436	-44.161380	-0.217482	 1.384346	 41.801350	-0.214549	 3.170356	 31.080380	 2.691917	 4.962317	-61.006180	 33.679600	 18.160370	 20.365400	-6.578793	 19.284780	 24.342740	-5.759986	 19.260710	-76.181690	 15.599470	 8.661406	 29.128630	-3.717654	 9.461247	 31.076890	-0.533088	 10.400650	-62.518870	-36.665130	-2.601341	 27.948230	 16.016390	-0.540264	 0.139157	 17.800810	-0.377752	 3.463586	 0.000000	 90.000000	 0.000000	-177.353000	-0.027791	 176.061300	-159.178400	-2.938761	-23.367200
-0.041511	-0.122756	 0.019843	-155.596800	 6.304830	-93.705640	-8.116203	-3.585128	 0.238532	-7.975342	-9.347869	 0.312134	 0.949860	-4.277296	 106.835800	-0.813313	 0.122417	-8.559153	-8.643690	 11.449720	 56.844670	-115.209700	 22.158440	 7.689510	 35.814870	 15.995330	-38.856490	-11.701890	-4.669103	 49.620990	 2.465966	-1.147658	 53.533910	 2.739605	 0.675539	-52.364350	-0.271168	 1.339645	 40.341210	-0.238121	 3.158563	 22.215770	 2.724471	 4.885308	-62.185700	 37.379810	 19.718580	 19.337850	-6.690159	 19.243600	 18.032120	-5.716223	 19.253420	-74.030380	 17.942090	 10.076260	 29.972720	-3.777939	 9.430420	 23.511110	-0.505034	 10.262030	-65.771800	-51.617550	-12.041010	-7.588076	 16.022730	-0.540169	 0.139211	 14.789960	-0.368235	 3.437935	 0.325103	-4.496877	 89.883830	-96.619750	-2.198558	-107.399800	 179.544600	 1.497365	 110.288800	-0.813313	 0.122417	-8.559153	-16.516910	 3.321665	 66.176510	-3.538385	 0.487968	 1.410227	-4.893348	-6.397975	-25.693860	-11.054080	-4.049865	 51.742090	 2.464119	-1.150054	 56.949560	 2.467229	 1.001544	-44.158460	-0.237178	 1.368613	 41.820710	-0.214388	 3.170453	 31.143460	 2.688562	 4.970005	-60.887890	 33.561360	 18.107720	 20.422420	-6.577889	 19.285160	 24.394990	-5.757126	 19.260220	-76.039730	 15.493430	 8.595383	 29.172910	-3.717008	 9.461628	 31.160430	-0.533918	 10.404260	-62.433530	-36.674850	-2.610135	 27.929700	 15.942510	-0.540134	 0.138525	 17.655690	-0.377321	 3.462337	 0.000000	 90.000000	 0.000000	-177.378700	-0.071196	 176.065700	-159.109300	-2.975889	-23.217280
-0.041532	-0.122472	 0.019747	-155.441400	 6.295980	-93.725850	-8.079529	-3.605760	 0.235551	-7.949563	-9.403495	 0.309395	 0.947545	-4.267341	 106.832600	-0.813313	 0.122417	-8.559153	-8.614951	 11.483160	 56.851900	-115.207700	 22.127070	 7.680290	 35.779500	 15.971370	-38.851910	-11.701890	-4.669107	 49.622320	 2.465966	-1.147659	 53.535320	 2.739605	 0.675539	-52.364350	-0.269658	 1.340824	 40.343750	-0.238114	 3.158566	 22.218100	 2.724685	 4.884788	-62.193650	 37.393800	 19.724370	 19.329580	-6.690136	 19.243600	 18.033390	-5.716444	 19.253450	-74.041210	 17.949850	 10.081070	 29.965600	-3.777921	 9.430427	 23.513200	-0.505014	 10.261910	-65.774460	-51.617550	-12.041010	-7.588076	 16.022730	-0.540169	 0.139211	 14.789960	-0.368235	 3.437935	 0.322945	-4.567358	 89.883090	-96.650960	-2.091595	-107.419800	 179.542600	 1.506089	 110.282800	-0.813313	 0.122417	-8.559153	-17.042700	 3.386329	 66.432150	-2.978223	 0.240872	 1.363940	-5.184651	-7.131479	-25.099540	-11.041330	-4.037601	 51.747150	 2.464104	-1.150077	 56.979800	 2.467105	 1.001673	-44.155010	-0.258623	 1.351466	 41.840060	-0.214224	 3.170553	 31.208140	 2.684887	 4.978375	-60.758940	 33.427940	 18.048270	 20.483990	-6.576963	 19.285560	 24.448560	-5.754004	 19.259700	-75.884850	 15.402450	 8.538504	 29.214520	-3.716303	 9.462045	 31.251560	-0.534831	 10.408200	-62.340440	-36.687360	-2.623507	 27.898370	 15.856760	-0.539984	 0.137791	 17.457650	-0.376729	 3.460637	 0.000000	 90.000000	 0.000000	-177.393500	-0.101914	 176.065300	-159.039000	-3.017751	-23.113320
-0.041617	-0.122216	 0.019638	-155.274600	 6.292348	-93.754740	-8.037058	-3.631095	 0.228455	-7.918264	-9.472314	 0.302707	 0.944717	-4.254996	 106.830600	-0.813313	 0.122417	-8.559153	-8.583597	 11.523150	 56.862270	-115.203100	 22.091050	 7.671801	 35.732480	 15.947360	-38.843610	-11.701890	-4.669110	 49.623840	 2.465965	-1.147660	 53.536930	 2.739605	 0.675539	-52.364350	-0.268079	 1.342058	 40.346760	-0.238107	 3.158569	 22.220800	 2.724908	 4.884243	-62.201940	 37.407750	 19.730140	 19.320670	-6.690110	 19.243610	 18.034830	-5.716665	 19.253480	-74.052100	 17.957580	 10.085870	 29.957710	-3.777901	 9.430436	 23.515630	-0.504995	 10.261810	-65.776930	-51.617550	-12.041010	-7.588076	 16.022730	-0.540169	 0.139211	 14.789960	-0.368235	 3.437935	 0.320421	-4.648654	 89.882230	-96.697160	-1.992356	-107.473700	 179.539900	 1.517545	 110.275200	-0.813313	 0.122417	-8.559153	-17.302160	 3.441193	 66.667450	-2.297367	-0.053892	 1.273295	-5.342987	-7.676905	-24.709710	-11.025940	-4.022782	 51.753880	 2.464087	-1.150103	 57.014750	 2.466938	 1.001846	-44.150350	-0.286094	 1.329483	 41.862460	-0.214029	 3.170671	 31.284810	 2.680153	 4.989086	-60.593780	 33.250010	 17.968900	 20.562360	-6.575865	 19.286030	 24.512100	-5.749998	 19.259060	-75.686330	 15.329380	 8.492398	 29.257350	-3.715401	 9.462584	 31.368310	-0.536010	 10.413240	-62.221080	-36.702240	-2.640540	 27.856900	 15.755390	-0.539818	 0.136923	 17.215740	-0.376000	 3.458562	 0.000000	 90.000000	 0.000000	-177.404800	-0.125158	 176.056600	-158.956800	-3.066520	-23.014210
-0.041707	-0.122053	 0.019561	-155.144000	 6.290579	-93.781790	-8.003123	-3.652515	 0.219830	-7.891875	-9.530910	 0.294523	 0.942332	-4.244474	 106.829900	-0.813313	 0.122417	-8.559153	-8.560020	 11.556270	 56.872310	-115.197600	 22.062980	 7.666677	 35.690470	 15.931220	-38.835120	-11.701890	-4.669114	 49.625110	 2.465964	-1.147661	 53.538240	 2.739605	 0.675539	-52.364350	-0.266976	 1.342922	 40.349190	-0.238101	 3.158571	 22.222970	 2.725065	 4.883862	-62.207750	 37.416650	 19.733840	 19.314210	-6.690091	 19.243620	 18.035990	-5.716815	 19.253500	-74.059430	 17.962510	 10.088940	 29.952110	-3.777885	 9.430444	 23.517580	-0.504985	 10.261740	-65.778390	-51.617550	-12.041010	-7.588076	 16.022730	-0.540169	 0.139211	 14.789960	-0.368235	 3.437935	 0.318365	-4.711554	 89.881530	-96.742420	-1.935401	-107.535100	 179.537500	 1.527710	 110.268800	-0.813313	 0.122417	-8.559153	-17.434610	 3.548625	 66.827710	-2.126484	-0.111119	 1.254583	-5.294677	-7.911353	-24.560970	-11.013050	-4.010365	 51.759990	 2.464073	-1.150124	 57.042520	 2.466782	 1.002008	-44.146030	-0.310388	 1.310025	 41.880350	-0.213871	 3.170768	 31.346940	 2.675941	 4.998544	-60.447750	 33.086090	 17.895670	 20.631430	-6.574977	 19.286410	 24.563560	-5.746452	 19.258490	-75.510630	 15.282680	 8.462701	 29.289500	-3.714602	 9.463058	 31.471560	-0.537064	 10.417700	-62.115450	-36.711700	-2.651734	 27.829140	 15.684470	-0.539689	 0.136316	 17.060270	-0.375534	 3.457231	 0.000000	 90.000000	 0.000000	-177.410100	-0.138302	 176.041200	-158.891100	-3.103364	-22.936030
-0.041817	-0.121930	 0.019489	-155.010300	 6.288321	-93.812400	-7.969761	-3.674654	 0.208606	-7.864518	-9.591889	 0.283820	 0.939868	-4.233555	 106.829800	-0.813313	 0.122417	-8.559153	-8.538124	 11.589890	 56.883880	-115.190700	 22.036450	 7.663175	 35.645620	 15.918340	-38.825630	-11.701900	-4.669117	 49.626350	 2.465963	-1.147662	 53.539570	 2.739605	 0.675539	-52.364350	-0.266058	 1.343641	 40.351660	-0.238095	 3.158573	 22.225150	 2.725198	 4.883536	-62.212700	 37.422930	 19.736470	 19.308570	-6.690069	 19.243630	 18.037120	-5.716931	 19.253520	-74.065440	 17.965990	 10.091100	 29.947660	-3.777869	 9.430449	 23.519520	-0.504980	 10.261710	-65.779290	-51.617550	-12.041010	-7.588076	 16.022730	-0.540169	 0.139211	 14.789960	-0.368235	 3.437935	 0.316312	-4.769646	 89.880780	-96.793980	-1.897810	-107.605500	 179.534900	 1.538527	 110.262300	-0.813313	 0.122417	-8.559153	-17.575310	 3.724543	 66.969950	-2.152697	-0.156726	 1.270931	-5.246169	-8.176230	-24.382690	-10.999740	-3.997533	 51.766760	 2.464060	-1.150144	 57.069520	 2.466609	 1.002186	-44.141220	-0.336616	 1.289005	 41.897790	-0.213715	 3.170862	 31.408140	 2.671365	 5.008749	-60.290030	 32.902070	 17.813320	 20.706000	-6.574102	 19.286790	 24.614260	-5.742617	 19.257890	-75.320650	 15.164270	 8.388763	 29.332350	-3.713743	 9.463573	 31.583160	-0.538210	 10.422520	-62.001250	-36.715900	-2.656816	 27.816380	 15.635750	-0.539600	 0.135899	 16.990340	-0.375323	 3.456632	 0.000000	 90.000000	 0.000000	-177.408700	-0.151492	 176.016300	-158.825700	-3.138751	-22.863490
-0.041982	-0.121832	 0.019409	-154.868400	 6.285604	-93.849720	-7.933338	-3.700235	 0.192833	-7.832639	-9.662788	 0.268777	 0.937012	-4.220855	 106.830100	-0.813313	 0.122417	-8.559153	-8.515716	 11.627960	 56.898770	-115.181300	 22.009440	 7.661135	 35.592810	 15.908130	-38.814480	-11.701900	-4.669122	 49.627770	 2.465963	-1.147663	 53.541020	 2.739605	 0.675539	-52.364350	-0.265224	 1.344294	 40.354470	-0.238088	 3.158576	 22.227560	 2.725317	 4.883245	-62.217160	 37.427570	 19.738430	 19.302990	-6.690047	 19.243630	 18.038400	-5.717037	 19.253530	-74.070630	 17.968130	 10.092440	 29.944020	-3.777851	 9.430457	 23.521690	-0.504978	 10.261690	-65.779610	-51.617550	-12.041010	-7.588076	 16.022730	-0.540169	 0.139211	 14.789960	-0.368235	 3.437935	 0.314013	-4.825982	 89.879920	-96.858350	-1.876832	-107.685900	 179.531800	 1.551307	 110.254900	-0.813313	 0.122417	-8.559153	-17.657220	 3.971236	 67.102630	-2.190644	-0.174945	 1.287733	-5.288530	-8.378289	-24.229380	-10.984300	-3.982634	 51.775070	 2.464046	-1.150166	 57.098430	 2.466393	 1.002411	-44.135220	-0.360819	 1.269595	 41.916360	-0.213547	 3.170965	 31.474280	 2.667114	 5.018156	-60.144430	 32.728530	 17.735230	 20.778330	-6.573157	 19.287200	 24.669030	-5.739075	 19.257350	-75.145460	 15.055630	 8.320654	 29.375220	-3.712951	 9.464052	 31.686010	-0.539278	 10.426970	-61.895850	-37.047370	-3.084058	 26.696030	 15.624100	-0.539578	 0.135800	 17.823810	-0.377816	 3.463783	 0.000000	 90.000000	 0.000000	-177.399200	-0.172434	 175.968400	-158.753100	-3.176871	-22.788960
-0.042171	-0.121779	 0.019340	-154.764600	 6.283521	-93.883370	-7.902867	-3.722939	 0.176372	-7.803933	-9.726101	 0.253075	 0.934485	-4.209573	 106.830800	-0.813313	 0.122417	-8.559153	-8.498263	 11.661130	 56.913410	-115.171800	 21.989170	 7.661026	 35.545670	 15.903360	-38.805110	-11.701900	-4.669124	 49.628980	 2.465962	-1.147664	 53.542320	 2.739605	 0.675539	-52.364350	-0.264662	 1.344736	 40.356910	-0.238083	 3.158579	 22.229670	 2.725396	 4.883053	-62.220090	 37.430610	 19.739720	 19.298400	-6.690029	 19.243640	 18.039470	-5.717103	 19.253530	-74.073750	 17.968750	 10.092840	 29.942010	-3.777836	 9.430464	 23.523540	-0.504978	 10.261700	-65.779400	-51.617550	-12.041010	-7.588076	 16.022730	-0.540169	 0.139211	 14.789960	-0.368235	 3.437935	 0.312006	-4.866039	 89.879140	-96.918790	-1.874914	-107.747900	 179.529100	 1.562764	 110.248700	-0.813313	 0.122417	-8.559153	-17.669670	 4.217619	 67.196910	-2.161576	-0.164297	 1.288711	-5.371644	-8.480657	-24.131290	-10.970450	-3.969265	 51.782950	 2.464034	-1.150184	 57.121930	 2.466187	 1.002624	-44.129490	-0.371421	 1.261087	 41.931210	-0.213411	 3.171048	 31.528160	 2.665240	 5.022286	-60.080470	 32.652340	 17.700410	 20.817050	-6.572387	 19.287520	 24.713660	-5.737529	 19.257120	-75.068910	 15.008240	 8.290506	 29.403520	-3.712605	 9.464259	 31.730920	-0.539746	 10.428920	-61.849660	-38.166000	-4.380392	 23.196330	 15.668620	-0.539664	 0.136181	 20.442960	-0.384975	 3.486480	 0.000000	 90.000000	 0.000000	-177.384300	-0.195860	 175.904100	-158.690500	-3.208817	-22.730240
-0.042375	-0.121759	 0.019278	-154.677200	 6.281362	-93.916120	-7.875940	-3.744241	 0.158819	-7.776508	-9.785772	 0.236291	 0.932115	-4.198955	 106.831800	-0.813313	 0.122417	-8.559153	-8.483921	 11.691680	 56.928430	-115.162200	 21.973880	 7.662290	 35.501870	 15.902710	-38.797390	-11.701910	-4.669127	 49.630140	 2.465961	-1.147665	 53.543500	 2.739605	 0.675539	-52.364350	-0.264320	 1.345006	 40.359210	-0.238077	 3.158581	 22.231580	 2.725448	 4.882929	-62.221980	 37.432630	 19.740600	 19.294370	-6.690010	 19.243640	 18.040450	-5.717140	 19.253540	-74.075520	 17.968290	 10.092560	 29.941100	-3.777822	 9.430469	 23.525250	-0.504981	 10.261720	-65.778970	-51.617550	-12.041010	-7.588076	 16.022730	-0.540169	 0.139211	 14.789960	-0.368235	 3.437935	 0.310157	-4.896770	 89.878360	-96.977580	-1.884935	-107.790200	 179.526500	 1.573482	 110.243100	-0.813313	 0.122417	-8.559153	-17.638750	 4.462524	 67.268780	-2.138828	-0.134125	 1.288194	-5.476726	-8.519078	-24.067920	-10.957250	-3.956514	 51.790810	 2.464024	-1.150199	 57.141930	 2.465981	 1.002837	-44.123760	-0.374915	 1.258279	 41.943700	-0.213296	 3.171120	 31.573760	 2.664617	 5.023657	-60.059230	 32.627110	 17.688360	 20.837780	-6.571736	 19.287800	 24.751410	-5.737026	 19.257040	-75.043970	 14.992700	 8.280163	 29.423670	-3.712493	 9.464329	 31.745540	-0.539905	 10.429560	-61.834430	-39.914990	-6.103765	 18.177470	 15.749170	-0.539798	 0.136870	 24.163640	-0.393340	 3.519233	 0.000000	 90.000000	 0.000000	-177.365100	-0.218316	 175.827900	-158.633200	-3.237596	-22.681030
-0.042639	-0.121769	 0.019208	-154.586300	 6.278420	-93.955470	-7.846935	-3.768786	 0.135947	-7.744013	-9.854974	 0.214382	 0.929391	-4.186706	 106.833500	-0.813313	 0.122417	-8.559153	-8.469777	 11.726240	 56.947500	-115.149900	 21.959090	 7.665357	 35.452180	 15.904960	-38.789060	-11.701910	-4.669131	 49.631460	 2.465960	-1.147666	 53.544820	 2.739605	 0.675539	-52.364350	-0.264095	 1.345184	 40.361890	-0.238071	 3.158583	 22.233770	 2.725481	 4.882849	-62.223210	 37.434000	 19.741220	 19.290010	-6.689990	 19.243650	 18.041560	-5.717153	 19.253540	-74.076230	 17.966600	 10.091520	 29.941220	-3.777806	 9.430476	 23.527190	-0.504987	 10.261750	-65.778210	-51.617550	-12.041010	-7.588076	 16.022730	-0.540169	 0.139211	 14.789960	-0.368235	 3.437935	 0.308030	-4.925536	 89.877480	-97.046990	-1.908115	-107.809100	 179.523600	 1.585702	 110.237200	-0.813313	 0.122417	-8.559153	-17.561220	 4.749725	 67.330190	-2.117480	-0.077900	 1.286082	-5.616760	-8.502314	-24.025200	-10.941650	-3.941442	 51.800430	 2.464014	-1.150214	 57.162230	 2.465725	 1.003101	-44.116670	-0.374615	 1.258516	 41.956270	-0.213180	 3.171191	 31.619230	 2.664661	 5.023559	-60.060740	 32.629020	 17.688380	 20.850350	-6.571086	 19.288080	 24.789010	-5.737077	 19.257050	-75.046600	 14.994200	 8.280343	 29.441370	-3.712506	 9.464321	 31.743980	-0.539890	 10.429500	-61.835770	-48.183420	-11.013880	-0.849984	 15.863170	-0.539997	 0.137846	 38.196670	-0.405426	 3.645861	 0.000000	 90.000000	 0.000000	-177.337000	-0.244750	 175.723400	-158.568400	-3.269850	-22.630840
-0.042893	-0.121806	 0.019151	-154.521800	 6.275625	-93.989560	-7.824410	-3.789451	 0.114286	-7.715770	-9.913530	 0.193617	 0.927105	-4.176395	 106.835300	-0.813313	 0.122417	-8.559153	-8.459957	 11.754720	 56.965180	-115.138400	 21.947110	 7.669179	 35.411240	 15.907550	-38.781550	-11.701910	-4.669133	 49.632590	 2.465960	-1.147667	 53.545940	 2.739605	 0.675539	-52.364350	-0.264074	 1.345203	 40.364130	-0.238066	 3.158585	 22.235600	 2.725487	 4.882833	-62.223430	 37.434310	 19.741400	 19.286560	-6.689971	 19.243660	 18.042490	-5.717140	 19.253540	-74.075610	 17.964200	 10.090040	 29.942300	-3.777793	 9.430483	 23.528800	-0.504993	 10.261790	-65.777360	-51.617550	-12.041010	-7.588076	 16.022730	-0.540169	 0.139211	 14.789960	-0.368235	 3.437935	 0.306242	-4.945424	 89.876700	-97.108050	-1.945138	-107.800900	 179.521100	 1.595728	 110.232800	-0.813313	 0.122417	-8.559153	-17.468440	 4.984617	 67.361060	-2.103284	-0.014666	 1.283250	-5.738160	-8.443172	-24.011530	-10.928130	-3.928360	 51.809140	 2.464007	-1.150225	 57.176610	 2.465493	 1.003341	-44.110240	-0.373773	 1.259189	 41.965180	-0.213101	 3.171239	 31.650280	 2.664803	 5.023247	-60.065570	 32.634880	 17.690390	 20.857860	-6.570645	 19.288270	 24.814680	-5.737206	 19.257070	-75.052930	 14.998030	 8.282187	 29.453450	-3.712534	 9.464303	 31.740220	-0.539854	 10.429350	-61.839440	-51.398630	-12.030930	-7.561787	 15.953850	-0.540156	 0.138622	 43.031200	-0.402373	 3.689673	 0.000000	 90.000000	 0.000000	-177.308300	-0.267419	 175.623900	-158.514400	-3.296686	-22.593810
-0.043166	-0.121868	 0.019098	-154.468000	 6.272408	-94.023910	-7.804318	-3.809568	 0.090792	-7.687127	-9.970964	 0.171089	 0.924893	-4.166376	 106.837400	-0.813313	 0.122417	-8.559153	-8.452324	 11.781930	 56.984160	-115.126100	 21.935830	 7.674092	 35.372670	 15.910360	-38.774040	-11.701910	-4.669137	 49.633690	 2.465959	-1.147667	 53.547060	 2.739605	 0.675539	-52.364350	-0.264188	 1.345117	 40.366390	-0.238061	 3.158587	 22.237380	 2.725472	 4.882868	-62.222910	 37.433860	 19.741270	 19.283360	-6.689957	 19.243660	 18.043370	-5.717108	 19.253540	-74.073970	 17.961030	 10.088070	 29.944250	-3.777780	 9.430488	 23.530370	-0.505000	 10.261840	-65.776290	-51.617550	-12.041010	-7.588076	 16.022730	-0.540169	 0.139211	 14.789960	-0.368235	 3.437935	 0.304452	-4.962142	 89.875910	-97.171250	-2.004342	-107.778800	 179.518800	 1.605148	 110.229200	-0.813313	 0.122417	-8.559153	-17.360760	 5.196255	 67.374050	-2.092499	 0.059445	 1.279572	-5.847320	-8.350435	-24.015620	-10.914440	-3.915112	 51.818200	 2.464001	-1.150233	 57.187820	 2.465251	 1.003592	-44.103500	-0.375551	 1.257759	 41.972190	-0.213045	 3.171274	 31.672610	 2.664483	 5.023952	-60.054650	 32.622000	 17.684200	 20.868990	-6.570326	 19.288410	 24.833080	-5.736944	 19.257030	-75.040030	 14.990070	 8.276853	 29.464540	-3.712476	 9.464339	 31.747770	-0.539933	 10.429680	-61.831610	-51.255700	-11.954150	-6.892697	 16.013810	-0.540254	 0.139135	 42.632170	-0.402767	 3.686067	 0.000000	 90.000000	 0.000000	-177.275700	-0.289854	 175.518200	-158.461500	-3.321582	-22.562190
-0.043486	-0.121964	 0.019047	-154.419100	 6.268170	-94.061990	-7.785331	-3.830935	 0.062842	-7.655101	-10.032370	 0.144249	 0.922553	-4.155745	 106.840100	-0.813313	 0.122417	-8.559153	-8.446597	 11.810110	 57.006560	-115.111600	 21.924170	 7.680625	 35.334080	 15.913340	-38.766090	-11.701920	-4.669141	 49.634890	 2.465959	-1.147668	 53.548240	 2.739605	 0.675539	-52.364350	-0.264488	 1.344886	 40.368840	-0.238056	 3.158589	 22.239290	 2.725434	 4.882961	-62.221480	 37.432520	 19.740780	 19.280110	-6.689940	 19.243660	 18.044310	-5.717047	 19.253530	-74.070960	 17.956680	 10.085380	 29.947360	-3.777766	 9.430496	 23.532050	-0.505011	 10.261890	-65.774900	-51.617550	-12.041010	-7.588076	 16.022730	-0.540169	 0.139211	 14.789960	-0.368235	 3.437935	 0.302529	-4.978409	 89.875050	-97.241720	-2.090739	-107.740600	 179.516500	 1.614562	 110.226300	-0.813313	 0.122417	-8.559153	-17.236530	 5.386202	 67.370440	-2.084249	 0.150116	 1.274794	-5.990614	-8.210639	-24.044820	-10.899140	-3.900297	 51.828620	 2.463997	-1.150240	 57.196760	 2.464971	 1.003881	-44.095740	-0.379872	 1.254288	 41.977840	-0.213004	 3.171299	 31.688960	 2.663716	 5.025638	-60.028540	 32.598480	 17.673360	 20.881890	-6.570095	 19.288520	 24.846540	-5.736309	 19.256930	-75.008570	 14.975300	 8.267379	 29.474680	-3.712335	 9.464424	 31.766220	-0.540127	 10.430480	-61.812690	-51.624460	-12.043010	-7.601274	 16.044650	-0.540307	 0.139400	 43.148690	-0.402259	 3.690735	 0.000000	 90.000000	 0.000000	-177.235700	-0.314005	 175.398700	-158.404100	-3.345185	-22.533450
-0.043775	-0.122075	 0.019009	-154.383700	 6.263104	-94.095150	-7.773026	-3.848634	 0.036790	-7.626816	-10.083690	 0.119202	 0.920631	-4.146976	 106.842700	-0.813313	 0.122417	-8.559153	-8.444003	 11.832840	 57.027460	-115.098500	 21.914810	 7.687260	 35.304890	 15.915450	-38.759870	-11.701920	-4.669143	 49.635940	 2.465958	-1.147669	 53.549260	 2.739605	 0.675539	-52.364350	-0.264873	 1.344588	 40.370990	-0.238051	 3.158591	 22.240920	 2.725381	 4.883090	-62.219530	 37.430640	 19.740060	 19.277510	-6.689925	 19.243670	 18.045090	-5.716972	 19.253520	-74.067330	 17.952260	 10.082650	 29.950890	-3.777754	 9.430499	 23.533460	-0.505021	 10.261950	-65.773490	-51.617550	-12.041010	-7.588076	 16.022730	-0.540169	 0.139211	 14.789960	-0.368235	 3.437935	 0.300868	-4.992154	 89.874300	-97.302290	-2.179982	-107.697500	 179.514800	 1.621682	 110.224300	-0.813313	 0.122417	-8.559153	-17.134500	 5.499306	 67.354710	-2.079835	 0.233439	 1.270143	-6.176496	-8.056717	-24.096110	-10.885660	-3.887236	 51.838050	 2.463995	-1.150244	 57.202230	 2.464718	 1.004144	-44.088690	-0.382536	 1.252147	 41.981300	-0.212978	 3.171315	 31.699000	 2.663243	 5.026673	-60.012470	 32.596200	 17.672120	 20.886110	-6.569954	 19.288580	 24.854760	-5.735919	 19.256880	-74.989190	 14.973720	 8.266201	 29.479730	-3.712246	 9.464478	 31.777590	-0.540245	 10.430970	-61.801030	-51.617570	-12.041390	-7.588069	 16.061570	-0.540336	 0.139545	 43.451280	-0.401943	 3.693465	 0.000000	 90.000000	 0.000000	-177.197600	-0.334270	 175.295600	-158.354700	-3.362715	-22.513620
-0.044056	-0.122202	 0.018980	-154.354500	 6.256605	-94.126590	-7.765906	-3.864533	 0.010484	-7.599534	-10.130180	 0.093899	 0.918923	-4.139143	 106.845400	-0.813313	 0.122417	-8.559153	-8.443719	 11.852590	 57.048530	-115.085500	 21.906600	 7.694333	 35.281880	 15.916690	-38.754850	-11.701920	-4.669145	 49.636910	 2.465957	-1.147670	 53.550180	 2.739605	 0.675539	-52.364350	-0.265359	 1.344211	 40.373020	-0.238047	 3.158593	 22.242410	 2.725315	 4.883252	-62.217060	 37.428250	 19.739130	 19.275240	-6.689912	 19.243670	 18.045800	-5.716885	 19.253510	-74.063000	 17.947530	 10.079720	 29.954930	-3.777744	 9.430503	 23.534770	-0.505032	 10.262020	-65.772010	-51.617550	-12.041010	-7.588076	 16.022730	-0.540169	 0.139211	 14.789960	-0.368235	 3.437935	 0.299277	-5.006192	 89.873600	-97.357830	-2.273220	-107.649700	 179.513400	 1.627311	 110.222700	-0.813313	 0.122417	-8.559153	-17.051870	 5.549390	 67.331480	-2.077731	 0.313448	 1.265450	-6.399749	-7.888959	-24.164870	-10.872670	-3.874646	 51.847350	 2.463993	-1.150247	 57.205420	 2.464466	 1.004403	-44.081720	-0.384118	 1.250875	 41.983310	-0.212963	 3.171324	 31.704970	 2.662962	 5.027288	-60.002930	 32.605300	 17.676040	 20.885430	-6.569869	 19.288610	 24.859660	-5.735683	 19.256840	-74.977660	 14.979220	 8.269487	 29.481730	-3.712194	 9.464507	 31.784350	-0.540314	 10.431260	-61.794080	-51.617570	-12.041390	-7.588032	 16.070100	-0.540355	 0.139618	 43.627420	-0.401746	 3.695055	 0.000000	 90.000000	 0.000000	-177.158900	-0.352614	 175.201900	-158.308300	-3.376951	-22.499160
-0.044388	-0.122371	 0.018955	-154.324000	 6.247103	-94.162930	-7.762864	-3.881594	-0.021944	-7.567276	-10.180680	 0.062694	 0.917121	-4.130825	 106.848900	-0.813313	 0.122417	-8.559153	-8.446268	 11.872910	 57.074670	-115.070000	 21.898110	 7.703413	 35.262460	 15.916660	-38.750610	-11.701930	-4.669148	 49.638040	 2.465957	-1.147670	 53.551280	 2.739605	 0.675539	-52.364350	-0.266065	 1.343664	 40.375390	-0.238043	 3.158595	 22.244100	 2.725218	 4.883488	-62.213450	 37.424710	 19.737740	 19.272820	-6.689899	 19.243680	 18.046580	-5.716762	 19.253490	-74.056950	 17.941510	 10.075980	 29.960460	-3.777732	 9.430510	 23.536230	-0.505046	 10.262100	-65.770060	-51.617550	-12.041010	-7.588076	 16.022730	-0.540169	 0.139211	 14.789960	-0.368235	 3.437935	 0.297419	-5.025491	 89.872800	-97.417920	-2.386827	-107.588100	 179.512200	 1.632112	 110.221200	-0.813313	 0.122417	-8.559153	-16.975050	 5.541663	 67.296580	-2.077493	 0.403165	 1.259827	-6.708125	-7.676333	-24.266500	-10.857340	-3.859777	 51.858560	 2.463993	-1.150248	 57.206760	 2.464164	 1.004716	-44.073310	-0.384792	 1.250334	 41.984150	-0.212956	 3.171328	 31.707540	 2.662844	 5.027550	-59.998880	 32.623560	 17.684110	 20.880780	-6.569834	 19.288630	 24.861700	-5.735588	 19.256820	-74.972700	 14.990410	 8.276370	 29.481180	-3.712173	 9.464524	 31.787270	-0.540347	 10.431390	-61.791040	-51.617570	-12.041390	-7.588032	 16.071990	-0.540355	 0.139635	 43.712650	-0.401650	 3.695824	 0.000000	 90.000000	 0.000000	-177.111000	-0.372414	 175.102800	-158.255100	-3.390476	-22.486760
-0.044675	-0.122521	 0.018939	-154.304400	 6.238050	-94.192340	-7.764269	-3.894324	-0.050366	-7.540050	-10.219050	 0.035336	 0.915801	-4.124681	 106.851900	-0.813313	 0.122417	-8.559153	-8.452557	 11.884730	 57.098260	-115.056800	 21.891910	 7.711610	 35.251450	 15.915860	-38.748290	-11.701930	-4.669151	 49.638980	 2.465957	-1.147671	 53.552140	 2.739605	 0.675539	-52.364350	-0.266789	 1.343102	 40.377370	-0.238039	 3.158596	 22.245450	 2.725121	 4.883724	-62.209850	 37.421160	 19.736330	 19.271000	-6.689886	 19.243680	 18.047190	-5.716644	 19.253480	-74.051030	 17.936160	 10.072650	 29.965720	-3.777722	 9.430512	 23.537390	-0.505059	 10.262180	-65.768300	-51.617550	-12.041010	-7.588076	 16.022730	-0.540169	 0.139211	 14.789960	-0.368235	 3.437935	 0.295873	-5.043145	 89.872140	-97.462320	-2.480640	-107.534200	 179.511600	 1.634799	 110.220100	-0.813313	 0.122417	-8.559153	-16.925540	 5.491358	 67.262900	-2.078743	 0.470994	 1.255194	-6.996474	-7.493507	-24.366330	-10.844420	-3.847241	 51.868180	 2.463993	-1.150247	 57.205850	 2.463901	 1.004987	-44.066040	-0.384393	 1.250654	 41.983550	-0.212960	 3.171327	 31.706100	 2.662914	 5.027394	-60.001280	 32.639320	 17.691160	 20.875490	-6.569856	 19.288620	 24.860460	-5.735642	 19.256830	-74.975520	 15.000200	 8.282461	 29.478940	-3.712185	 9.464515	 31.785620	-0.540331	 10.431320	-61.792690	-51.617570	-12.041390	-7.588032	 16.068100	-0.540348	 0.139601	 43.700870	-0.401660	 3.695713	 0.000000	 90.000000	 0.000000	-177.069400	-0.387089	 175.035000	-158.211600	-3.399287	-22.479130
-0.044957	-0.122669	 0.018927	-154.294300	 6.228723	-94.219120	-7.768672	-3.905019	-0.078799	-7.513603	-10.251940	 0.007921	 0.914986	-4.120771	 106.855100	-0.813313	 0.122417	-8.559153	-8.463593	 11.889330	 57.122940	-115.044200	 21.886820	 7.719961	 35.243730	 15.915070	-38.746750	-11.701930	-4.669153	 49.639880	 2.465956	-1.147672	 53.552940	 2.739605	 0.675539	-52.364350	-0.267563	 1.342500	 40.379230	-0.238035	 3.158598	 22.246700	 2.725014	 4.883984	-62.205900	 37.417260	 19.734780	 19.269430	-6.689877	 19.243680	 18.047760	-5.716511	 19.253460	-74.044640	 17.930770	 10.069310	 29.971330	-3.777713	 9.430516	 23.538470	-0.505072	 10.262250	-65.766500	-51.617550	-12.041010	-7.588076	 16.022730	-0.540169	 0.139211	 14.789960	-0.368235	 3.437935	 0.294416	-5.059628	 89.871520	-97.499660	-2.564762	-107.482200	 179.511100	 1.636544	 110.219300	-0.813313	 0.122417	-8.559153	-16.888730	 5.415522	 67.225640	-2.080895	 0.526372	 1.251012	-7.292492	-7.321198	-24.472950	-10.831890	-3.835071	 51.877660	 2.463994	-1.150245	 57.203300	 2.463644	 1.005253	-44.058890	-0.383203	 1.251611	 41.981940	-0.212972	 3.171320	 31.701630	 2.663127	 5.026928	-60.008520	 32.654710	 17.698110	 20.869270	-6.569919	 19.288590	 24.856700	-5.735817	 19.256860	-74.984140	 15.009800	 8.288495	 29.475290	-3.712224	 9.464491	 31.780570	-0.540279	 10.431110	-61.797840	-51.617570	-12.041390	-7.588032	 16.060770	-0.540337	 0.139538	 43.633910	-0.401737	 3.695113	 0.000000	 90.000000	 0.000000	-177.028400	-0.399445	 174.983500	-158.174200	-3.404272	-22.474800
-0.045288	-0.122845	 0.018918	-154.293600	 6.217301	-94.248080	-7.777048	-3.915101	-0.113421	-7.482331	-10.284330	-0.025473	 0.914968	-4.120322	 106.859100	-0.813313	 0.122417	-8.559153	-8.482577	 11.886420	 57.154190	-115.029600	 21.882090	 7.730201	 35.238410	 15.914170	-38.745940	-11.701930	-4.669156	 49.640930	 2.465955	-1.147672	 53.553860	 2.739605	 0.675539	-52.364350	-0.268590	 1.341701	 40.381420	-0.238031	 3.158599	 22.248100	 2.724873	 4.884328	-62.200650	 37.412070	 19.732710	 19.267790	-6.689866	 19.243690	 18.048360	-5.716347	 19.253440	-74.036300	 17.924310	 10.065290	 29.978530	-3.777704	 9.430523	 23.539670	-0.505088	 10.262350	-65.764240	-51.617550	-12.041010	-7.588076	 16.022730	-0.540169	 0.139211	 14.789960	-0.368235	 3.437935	 0.292720	-5.078085	 89.870770	-97.536900	-2.647925	-107.424400	 179.510900	 1.637604	 110.218700	-0.813313	 0.122417	-8.559153	-16.856500	 5.306841	 67.172840	-2.084148	 0.617284	 1.245721	-7.649811	-7.091779	-24.603380	-10.817110	-3.820710	 51.889020	 2.463997	-1.150241	 57.198220	 2.463333	 1.005573	-44.050290	-0.380797	 1.253544	 41.978680	-0.212994	 3.171305	 31.692620	 2.663556	 5.025987	-60.023120	 32.677750	 17.708560	 20.859130	-6.570049	 19.288530	 24.849180	-5.736168	 19.256910	-75.001600	 15.024190	 8.297583	 29.468680	-3.712302	 9.464444	 31.770360	-0.540171	 10.430670	-61.808250	-51.617570	-12.041390	-7.588032	 16.049320	-0.540316	 0.139440	 43.507950	-0.401874	 3.693976	 0.000000	 90.000000	 0.000000	-176.979600	-0.411642	 174.935300	-158.139900	-3.404433	-22.474180
-0.045556	-0.122995	 0.018914	-154.301700	 6.207968	-94.269290	-7.785995	-3.921104	-0.142464	-7.456731	-10.305210	-0.053536	 0.915688	-4.123198	 106.862500	-0.813313	 0.122417	-8.559153	-8.502631	 11.877540	 57.181400	-115.017900	 21.879380	 7.738774	 35.237160	 15.913480	-38.746240	-11.701930	-4.669158	 49.641750	 2.465955	-1.147673	 53.554570	 2.739605	 0.675539	-52.364350	-0.269517	 1.340980	 40.383190	-0.238029	 3.158601	 22.249160	 2.724747	 4.884637	-62.195940	 37.407420	 19.730850	 19.266610	-6.689859	 19.243690	 18.048810	-5.716193	 19.253420	-74.028850	 17.919040	 10.062000	 29.984840	-3.777695	 9.430525	 23.540580	-0.505103	 10.262430	-65.762280	-51.617550	-12.041010	-7.588076	 16.022730	-0.540169	 0.139211	 14.789960	-0.368235	 3.437935	 0.291358	-5.092248	 89.870180	-97.560780	-2.696895	-107.382500	 179.510800	 1.637699	 110.218400	-0.813313	 0.122417	-8.559153	-16.836870	 5.215656	 67.122530	-2.087075	 0.742203	 1.240671	-7.937152	-6.859111	-24.706710	-10.805020	-3.808964	 51.898420	 2.464000	-1.150237	 57.192420	 2.463078	 1.005837	-44.043190	-0.378050	 1.255752	 41.975010	-0.213020	 3.171289	 31.682310	 2.664045	 5.024915	-60.039730	 32.700450	 17.718880	 20.848630	-6.570197	 19.288470	 24.840620	-5.736572	 19.256970	-75.021510	 15.038340	 8.306549	 29.461520	-3.712392	 9.464390	 31.758700	-0.540050	 10.430160	-61.820170	-51.617570	-12.041390	-7.588032	 16.039160	-0.540303	 0.139352	 43.387500	-0.402002	 3.692889	 0.000000	 90.000000	 0.000000	-176.940000	-0.419818	 174.901600	-158.118200	-3.400948	-22.477010
-0.045831	-0.123131	 0.018914	-154.317100	 6.198907	-94.288120	-7.796417	-3.925157	-0.172345	-7.430924	-10.321300	-0.082403	 0.917058	-4.128932	 106.866000	-0.813313	 0.122417	-8.559153	-8.526642	 11.862890	 57.210150	-115.006800	 21.877730	 7.747554	 35.238800	 15.912850	-38.747550	-11.701930	-4.669159	 49.642590	 2.465955	-1.147673	 53.555270	 2.739605	 0.675539	-52.364350	-0.270528	 1.340193	 40.384930	-0.238026	 3.158602	 22.250170	 2.724608	 4.884974	-62.190800	 37.402360	 19.728820	 19.265560	-6.689850	 19.243690	 18.049220	-5.716031	 19.253400	-74.020840	 17.913830	 10.058760	 29.991560	-3.777689	 9.430527	 23.541440	-0.505118	 10.262520	-65.760230	-51.617550	-12.041010	-7.588076	 16.022730	-0.540169	 0.139211	 14.789960	-0.368235	 3.437935	 0.290012	-5.105550	 89.869600	-97.575870	-2.712429	-107.346600	 179.511000	 1.637141	 110.218400	-0.813313	 0.122417	-8.559153	-16.820940	 5.134871	 67.065280	-2.089721	 0.900497	 1.235323	-8.212467	-6.602870	-24.805930	-10.792880	-3.797158	 51.907970	 2.464003	-1.150231	 57.185160	 2.462816	 1.006107	-44.035940	-0.374595	 1.258528	 41.970410	-0.213053	 3.171269	 31.669360	 2.664659	 5.023564	-60.060650	 32.726700	 17.730830	 20.836130	-6.570385	 19.288390	 24.829850	-5.737078	 19.257050	-75.046570	 15.054680	 8.316916	 29.452720	-3.712505	 9.464321	 31.744020	-0.539897	 10.429530	-61.835160	-51.617570	-12.041390	-7.588032	 16.029650	-0.540289	 0.139271	 43.270550	-0.402131	 3.691833	 0.000000	 90.000000	 0.000000	-176.900900	-0.425544	 174.884900	-158.100600	-3.395072	-22.482590
-0.046160	-0.123242	 0.018921	-154.342200	 6.189570	-94.305920	-7.809139	-3.927428	-0.206605	-7.401860	-10.333650	-0.115530	 0.919347	-4.138692	 106.870100	-0.813313	 0.122417	-8.559153	-8.557988	 11.839790	 57.244070	-114.995100	 21.877380	 7.757444	 35.244190	 15.912240	-38.750390	-11.701930	-4.669162	 49.643490	 2.465954	-1.147673	 53.555980	 2.739605	 0.675539	-52.364350	-0.271742	 1.339249	 40.386860	-0.238023	 3.158603	 22.251220	 2.724442	 4.885379	-62.184620	 37.396220	 19.726370	 19.264580	-6.689843	 19.243690	 18.049610	-5.715835	 19.253370	-74.011230	 17.908250	 10.055270	 29.999510	-3.777681	 9.430532	 23.542330	-0.505135	 10.262620	-65.757840	-51.617550	-12.041010	-7.588076	 16.022730	-0.540169	 0.139211	 14.789960	-0.368235	 3.437935	 0.288517	-5.119130	 89.868950	-97.579800	-2.676934	-107.316600	 179.511400	 1.635784	 110.218700	-0.813313	 0.122417	-8.559153	-16.804530	 5.074792	 66.992640	-2.091824	 1.099720	 1.229581	-8.492517	-6.313700	-24.910100	-10.779240	-3.783883	 51.918810	 2.464008	-1.150224	 57.175350	 2.462520	 1.006413	-44.027710	-0.369916	 1.262286	 41.964150	-0.213098	 3.171242	 31.651740	 2.665493	 5.021731	-60.089050	 32.760220	 17.746110	 20.819790	-6.570638	 19.288290	 24.815240	-5.737768	 19.257150	-75.080610	 15.075560	 8.330179	 29.440960	-3.712657	 9.464228	 31.724080	-0.539688	 10.428670	-61.855540	-51.617570	-12.041390	-7.588032	 16.021760	-0.540264	 0.139203	 43.171030	-0.402236	 3.690937	 0.000000	 90.000000	 0.000000	-176.858500	-0.427862	 174.903100	-158.083700	-3.386813	-22.491850
-0.046450	-0.123303	 0.018930	-154.368800	 6.182809	-94.317780	-7.820080	-3.927500	-0.235916	-7.377350	-10.339490	-0.143891	 0.921875	-4.149563	 106.873600	-0.813313	 0.122417	-8.559153	-8.587691	 11.815040	 57.273820	-114.986100	 21.878390	 7.765676	 35.251780	 15.911880	-38.754090	-11.701940	-4.669164	 49.644250	 2.465954	-1.147674	 53.556560	 2.739605	 0.675539	-52.364350	-0.272821	 1.338409	 40.388470	-0.238021	 3.158604	 22.252050	 2.724293	 4.885742	-62.179090	 37.390740	 19.724160	 19.263880	-6.689838	 19.243690	 18.049890	-5.715661	 19.253350	-74.002650	 17.903880	 10.052540	 30.006490	-3.777676	 9.430534	 23.543000	-0.505150	 10.262710	-65.755770	-51.617550	-12.041010	-7.588076	 16.022730	-0.540169	 0.139211	 14.789960	-0.368235	 3.437935	 0.287277	-5.129257	 89.868390	-97.573360	-2.607166	-107.313100	 179.511800	 1.634084	 110.219100	-0.813313	 0.122417	-8.559153	-16.788980	 5.065872	 66.924500	-2.092321	 1.268465	 1.225459	-8.623610	-6.103917	-24.983030	-10.767790	-3.772737	 51.927960	 2.464013	-1.150217	 57.165720	 2.462268	 1.006673	-44.020710	-0.365311	 1.265984	 41.958020	-0.213141	 3.171214	 31.634490	 2.666308	 5.019936	-60.116870	 32.791670	 17.760440	 20.804180	-6.570881	 19.288170	 24.800920	-5.738439	 19.257250	-75.113980	 15.095170	 8.342636	 29.429580	-3.712809	 9.464139	 31.704550	-0.539485	 10.427830	-61.875500	-51.617570	-12.041390	-7.588032	 16.019230	-0.540265	 0.139183	 43.138540	-0.402263	 3.690641	 0.000000	 90.000000	 0.000000	-176.824700	-0.426363	 174.944600	-158.070100	-3.379691	-22.501760
-0.046724	-0.123358	 0.018949	-154.398500	 6.177612	-94.326070	-7.830283	-3.926054	-0.264519	-7.353701	-10.341250	-0.171564	 0.924818	-4.162272	 106.877000	-0.813313	 0.122417	-8.559153	-8.618940	 11.786810	 57.303390	-114.978400	 21.880660	 7.773412	 35.261880	 15.911640	-38.758930	-11.701940	-4.669167	 49.644950	 2.465954	-1.147675	 53.557080	 2.739605	 0.675539	-52.364350	-0.273917	 1.337555	 40.390010	-0.238019	 3.158605	 22.252750	 2.724141	 4.886110	-62.173470	 37.385190	 19.721930	 19.263320	-6.689835	 19.243700	 18.050120	-5.715487	 19.253320	-73.993990	 17.900080	 10.050150	 30.013430	-3.777671	 9.430534	 23.543580	-0.505166	 10.262800	-65.753720	-51.617550	-12.041010	-7.588076	 16.022730	-0.540169	 0.139211	 14.789960	-0.368235	 3.437935	 0.286109	-5.137702	 89.867870	-97.559520	-2.509609	-107.335700	 179.512300	 1.632010	 110.219800	-0.813313	 0.122417	-8.559153	-16.769640	 5.109569	 66.852490	-2.441639	 1.416271	 1.282854	-8.621886	-5.958120	-25.037640	-10.756790	-3.762019	 51.936820	 2.464018	-1.150209	 57.155320	 2.462024	 1.006924	-44.013980	-0.360339	 1.269976	 41.951420	-0.213189	 3.171185	 31.615790	 2.667189	 5.017990	-60.146980	 32.824700	 17.775500	 20.787570	-6.571148	 19.288060	 24.785420	-5.739168	 19.257360	-75.150090	 15.115720	 8.355711	 29.417350	-3.712971	 9.464039	 31.683380	-0.539265	 10.426920	-61.897140	-51.332110	-12.014800	-7.432445	 15.737690	-0.539780	 0.136771	 41.766570	-0.403531	 3.678240	 0.000000	 90.000000	 0.000000	-176.794500	-0.421941	 175.003000	-158.055600	-3.373748	-22.512860
-0.047033	-0.123383	 0.018965	-154.435400	 6.173752	-94.331710	-7.840477	-3.922690	-0.296878	-7.327179	-10.338850	-0.202897	 0.928684	-4.179029	 106.880800	-0.813313	 0.122417	-8.559153	-8.656775	 11.750150	 57.337590	-114.971200	 21.884890	 7.781733	 35.276630	 15.911600	-38.766140	-11.701940	-4.669168	 49.645720	 2.465954	-1.147675	 53.557610	 2.739605	 0.675539	-52.364350	-0.275215	 1.336543	 40.391690	-0.238017	 3.158605	 22.253450	 2.723964	 4.886541	-62.166900	 37.378690	 19.719320	 19.262800	-6.689831	 19.243700	 18.050300	-5.715282	 19.253290	-73.983850	 17.896460	 10.047870	 30.021410	-3.777666	 9.430538	 23.544160	-0.505183	 10.262900	-65.751380	-51.617550	-12.041010	-7.588076	 16.022730	-0.540169	 0.139211	 14.789960	-0.368235	 3.437935	 0.284829	-5.145391	 89.867300	-97.536110	-2.372008	-107.387600	 179.513000	 1.629210	 110.220800	-0.813313	 0.122417	-8.559153	-16.051100	 5.297713	 66.682210	-3.540514	 1.911365	 1.417091	-8.267226	-4.962828	-24.943340	-10.744490	-3.750041	 51.946770	 2.464024	-1.150199	 57.142360	 2.461751	 1.007205	-44.006410	-0.354126	 1.274963	 41.943190	-0.213248	 3.171149	 31.592480	 2.668288	 5.015564	-60.184560	 32.864910	 17.793830	 20.767150	-6.571482	 19.287910	 24.766090	-5.740078	 19.257500	-75.195160	 15.140750	 8.371626	 29.402190	-3.713175	 9.463916	 31.656980	-0.538991	 10.425780	-61.924120	-50.693270	-11.952480	-7.084168	 15.104530	-0.538644	 0.131360	 38.687860	-0.405287	 3.650323	 0.000000	 90.000000	 0.000000	-176.764400	-0.413395	 175.084400	-158.043300	-3.366329	-22.528130
-0.047297	-0.123364	 0.018967	-154.468800	 6.172320	-94.333820	-7.847352	-3.918464	-0.324428	-7.304727	-10.333310	-0.229589	 0.932412	-4.195226	 106.884100	-0.813313	 0.122417	-8.559153	-8.690841	 11.715130	 57.367260	-114.966500	 21.890080	 7.788359	 35.292110	 15.911740	-38.773940	-11.701940	-4.669170	 49.646390	 2.465954	-1.147675	 53.558040	 2.739605	 0.675539	-52.364350	-0.276345	 1.335663	 40.393120	-0.238015	 3.158606	 22.253960	 2.723808	 4.886921	-62.161110	 37.372970	 19.717020	 19.262460	-6.689830	 19.243700	 18.050400	-5.715105	 19.253270	-73.974950	 17.894120	 10.046380	 30.028280	-3.777663	 9.430539	 23.544570	-0.505197	 10.262990	-65.749370	-51.617550	-12.041010	-7.588076	 16.022730	-0.540169	 0.139211	 14.789960	-0.368235	 3.437935	 0.283761	-5.150142	 89.866810	-97.510730	-2.239014	-107.450200	 179.513600	 1.626511	 110.221900	-0.813313	 0.122417	-8.559153	-15.085180	 5.636534	 66.479290	-4.820947	 1.631012	 1.556971	-7.700775	-4.622472	-24.891960	-10.734130	-3.739943	 51.955140	 2.464030	-1.150190	 57.130320	 2.461521	 1.007442	-44.000030	-0.348362	 1.279589	 41.935520	-0.213303	 3.171115	 31.570830	 2.669307	 5.013312	-60.219420	 32.901520	 17.810500	 20.748400	-6.571792	 19.287780	 24.748150	-5.740926	 19.257640	-75.236980	 15.163540	 8.386117	 29.388170	-3.713364	 9.463803	 31.632460	-0.538736	 10.424720	-61.949200	-48.818990	-11.720650	-5.857699	 12.683530	-0.533740	 0.110791	 26.913020	-0.398149	 3.543748	 0.000000	 90.000000	 0.000000	-176.742900	-0.403155	 175.161400	-158.042300	-3.357298	-22.544500
-0.047529	-0.123336	 0.018972	-154.500700	 6.172783	-94.333780	-7.851566	-3.913433	-0.350189	-7.283794	-10.325300	-0.254536	 0.936263	-4.211990	 106.887000	-0.813313	 0.122417	-8.559153	-8.724055	 11.679300	 57.395400	-114.963600	 21.896400	 7.793992	 35.309270	 15.912080	-38.782840	-11.701940	-4.669172	 49.646970	 2.465953	-1.147676	 53.558380	 2.739605	 0.675539	-52.364350	-0.277442	 1.334809	 40.394390	-0.238014	 3.158607	 22.254360	 2.723658	 4.887286	-62.155550	 37.367480	 19.714810	 19.262230	-6.689829	 19.243700	 18.050440	-5.714927	 19.253250	-73.966390	 17.892610	 10.045410	 30.034780	-3.777660	 9.430540	 23.544880	-0.505210	 10.263070	-65.747490	-51.617550	-12.041010	-7.588076	 16.022730	-0.540169	 0.139211	 14.789960	-0.368235	 3.437935	 0.282776	-5.152887	 89.866360	-97.483350	-2.107754	-107.520900	 179.514300	 1.623760	 110.223200	-0.813313	 0.122417	-8.559153	-14.571610	 5.981179	 66.326070	-5.621035	 1.658781	 1.640759	-7.201036	-4.373887	-24.848070	-10.724510	-3.730566	 51.962900	 2.464036	-1.150181	 57.118240	 2.461308	 1.007663	-43.994110	-0.342572	 1.284233	 41.927830	-0.213358	 3.171081	 31.549070	 2.670329	 5.011048	-60.254460	 32.937790	 17.827020	 20.729690	-6.572101	 19.287640	 24.730140	-5.741775	 19.257760	-75.279030	 15.186090	 8.400455	 29.374150	-3.713553	 9.463688	 31.607840	-0.538482	 10.423660	-61.974370	-45.441230	-11.140220	-3.275955	 7.345777	-0.519899	 0.066292	 1.583718	-0.311210	 3.332645	 0.000000	 90.000000	 0.000000	-176.726400	-0.391230	 175.235000	-158.048300	-3.347931	-22.565720
-0.047607	-0.123377	 0.018994	-154.478000	 6.174169	-94.327880	-7.853255	-3.901074	-0.382360	-7.260338	-10.299450	-0.285751	 0.941180	-4.233494	 106.889700	-0.813313	 0.122417	-8.559153	-8.766479	 11.635530	 57.437020	-114.959200	 21.898610	 7.801230	 35.335900	 15.904280	-38.796310	-11.700220	-4.667581	 49.647800	 2.465953	-1.147676	 53.558730	 2.739264	 0.676012	-52.353100	-0.278318	 1.334126	 40.395530	-0.238011	 3.158607	 22.255430	 2.723538	 4.887578	-62.151110	 37.363050	 19.713050	 19.260480	-6.689823	 19.243700	 18.050750	-5.714793	 19.253230	-73.959760	 17.892970	 10.045590	 30.040850	-3.777656	 9.430540	 23.545300	-0.505219	 10.263120	-65.746280	-51.617550	-12.041010	-7.588076	 16.022730	-0.540169	 0.139211	 14.828840	-0.368365	 3.438264	 0.282249	-5.153618	 89.866160	-97.444120	-1.950119	-107.593600	 179.515600	 1.618700	 110.221300	-0.813313	 0.122417	-8.559153	-14.167500	 6.241092	 66.147420	-6.509501	 1.660353	 1.737494	-6.738331	-4.207842	-24.810880	-10.713490	-3.719835	 51.970590	 2.464045	-1.150168	 57.100470	 2.461099	 1.007878	-43.988330	-0.334015	 1.291096	 41.916570	-0.213439	 3.171031	 31.516970	 2.671834	 5.007708	-60.306130	 32.991940	 17.851660	 20.701680	-6.572561	 19.287450	 24.703570	-5.743028	 19.257950	-75.341030	 15.219600	 8.421751	 29.353180	-3.713833	 9.463519	 31.571470	-0.538106	 10.422090	-62.011550	-41.103440	-10.457300	-1.454214	 4.529990	-0.510943	 0.043389	-11.430350	-0.232925	 3.244343	 0.000000	 90.000000	 0.000000	-176.727300	-0.385667	 175.291700	-158.082000	-3.358382	-22.599650
-0.041080	-0.124455	 0.018834	-151.755000	 6.098980	-94.151310	-7.874979	-3.651643	-0.523460	-7.265883	-9.669795	-0.423797	 0.948043	-4.266612	 106.862100	-0.813313	 0.122417	-8.559153	-8.927134	 11.650110	 57.863930	-114.820800	 21.578040	 7.875319	 35.510690	 15.513910	-38.848630	-11.620410	-4.593924	 49.655690	 2.465953	-1.147676	 53.558840	 2.723469	 0.697716	-51.835020	-0.259748	 1.348600	 40.381500	-0.237920	 3.158645	 22.288400	 2.726056	 4.881443	-62.244620	 37.451110	 19.749650	 19.189170	-6.689548	 19.243790	 18.066040	-5.717889	 19.253640	-74.112500	 17.946470	 10.078920	 29.978350	-3.777591	 9.430570	 23.553230	-0.504909	 10.261300	-65.788850	-51.617550	-12.041010	-7.588076	 16.022750	-0.540176	 0.139211	 16.619960	-0.374191	 3.453465	 0.306641	-5.150947	 89.881030	-97.204620	-1.502889	-106.805700	 179.541700	 1.537540	 110.051000	-0.813313	 0.122417	-8.559153	-13.098370	 7.300515	 64.930270	-13.034980	 2.035032	 2.549496	-3.822147	-3.879147	-23.683000	-10.704010	-3.711491	 51.922860	 2.464114	-1.150062	 56.959190	 2.462526	 1.006407	-44.027870	-0.263749	 1.347344	 41.826550	-0.214105	 3.170624	 31.254470	 2.683984	 4.980421	-60.727400	 33.483700	 18.073640	 20.449140	-6.576303	 19.285840	 24.486780	-5.753242	 19.259580	-75.847150	 15.517620	 8.610141	 29.171790	-3.716133	 9.462147	 31.273560	-0.535065	 10.409200	-62.316680	-39.773830	-9.909528	 0.564041	 5.330928	-0.513607	 0.049858	-9.797544	-0.243814	 3.254414	 0.000000	 90.000000	 0.000000	-177.475500	-0.852766	 174.299200	-158.994400	-4.309589	-22.578050
-0.035411	-0.125215	 0.019248	-148.959100	 6.094125	-94.174760	-7.865485	-3.377494	-0.969038	-7.290670	-8.999305	-0.854741	 0.941668	-4.239888	 106.846600	-0.813313	 0.122417	-8.559153	-9.153617	 11.848190	 58.873040	-114.310800	 21.149570	 8.021988	 35.219810	 15.004230	-39.318900	-11.540680	-4.520311	 49.663390	 2.465953	-1.147676	 53.558880	 2.707485	 0.719266	-51.317170	-0.241039	 1.363175	 40.367250	-0.237830	 3.158682	 22.321320	 2.728580	 4.875266	-62.338730	 37.533940	 19.784000	 19.119950	-6.689272	 19.243870	 18.081290	-5.720999	 19.254050	-74.266170	 17.996980	 10.110330	 29.915450	-3.777527	 9.430597	 23.561080	-0.504600	 10.259470	-65.831570	-51.617550	-12.041010	-7.588076	 16.022810	-0.540169	 0.139211	 18.410240	-0.379543	 3.468837	 0.331766	-4.843502	 89.894900	-96.878910	-1.590307	-106.382100	 179.555200	 1.507417	 109.864900	-0.813313	 0.122417	-8.559153	-12.078790	 8.329264	 63.467330	-19.266700	 2.730738	 3.253498	-1.245776	-3.155572	-22.192980	-10.696010	-3.704568	 51.875700	 2.464177	-1.149967	 56.832470	 2.463931	 1.004956	-44.066890	-0.209267	 1.390797	 41.740360	-0.214734	 3.170245	 31.007490	 2.693278	 4.959184	-61.054350	 33.863900	 18.244300	 20.233920	-6.579831	 19.284350	 24.282810	-5.761162	 19.260900	-76.239900	 15.749400	 8.756185	 29.014870	-3.718302	 9.460864	 30.993270	-0.532753	 10.399190	-62.553390	-39.296440	-9.382020	 2.755451	 5.859008	-0.515312	 0.054143	-8.833854	-0.250119	 3.260500	 0.000000	 90.000000	 0.000000	-178.392100	-1.224305	 173.598400	-160.087900	-5.100376	-22.269130
-0.028095	-0.124396	 0.020057	-145.463100	 6.202948	-94.314880	-7.806123	-3.043551	-1.622787	-7.287735	-8.171783	-1.481298	 0.896394	-4.038559	 106.852800	-0.813313	 0.122417	-8.559153	-9.173855	 12.416850	 59.532710	-113.614400	 20.267170	 8.228214	 34.536660	 14.181800	-39.679200	-11.445770	-4.432644	 49.672270	 2.465953	-1.147676	 53.558810	 2.688202	 0.744734	-50.700590	-0.218661	 1.380597	 40.350040	-0.237722	 3.158726	 22.360460	 2.731587	 4.867869	-62.451340	 37.624920	 19.821640	 19.040430	-6.688947	 19.243970	 18.099370	-5.724723	 19.254560	-74.450100	 18.052440	 10.144760	 29.840120	-3.777449	 9.430631	 23.570380	-0.504232	 10.257290	-65.882460	-51.617550	-12.041010	-7.588076	 16.023060	-0.540173	 0.139213	 20.541970	-0.385292	 3.487347	 0.361923	-4.325051	 89.910890	-96.140200	-2.268238	-106.181600	 179.586200	 1.409289	 109.658300	-0.813313	 0.122417	-8.559153	-11.360740	 9.345062	 62.225110	-25.588480	 4.499276	 3.986375	 1.708980	-1.509154	-20.957450	-10.688200	-3.697930	 51.822600	 2.464237	-1.149877	 56.711530	 2.465513	 1.003321	-44.110770	-0.160367	 1.429635	 41.645610	-0.215325	 3.169891	 30.776100	 2.701516	 4.940074	-61.347840	 34.290360	 18.433480	 19.993170	-6.583141	 19.282950	 24.091690	-5.768266	 19.262130	-76.592930	 16.009810	 8.918521	 28.859740	-3.720340	 9.459674	 30.730770	-0.530712	 10.390200	-62.765930	-38.841580	-8.784211	 5.175958	 6.578198	-0.517571	 0.060004	-7.233486	-0.260337	 3.270843	 0.000000	 90.000000	 0.000000	-179.774400	-1.615774	 173.626700	-161.580900	-6.107074	-21.700160
-0.020392	-0.122582	 0.020505	-142.302100	 6.373431	-94.318690	-7.734293	-2.791112	-1.908969	-7.242645	-7.525432	-1.748000	 0.863804	-3.890717	 106.892400	-0.813313	 0.122417	-8.559153	-9.052847	 13.050860	 60.011500	-112.998100	 19.641600	 8.373634	 33.997330	 13.581460	-39.993250	-11.366990	-4.359850	 49.679480	 2.465953	-1.147676	 53.558710	 2.671980	 0.765726	-50.188520	-0.199994	 1.395122	 40.335520	-0.237632	 3.158763	 22.393030	 2.734079	 4.861707	-62.545080	 37.699970	 19.852570	 18.974780	-6.688677	 19.244050	 18.114330	-5.727824	 19.254990	-74.603310	 18.097820	 10.172860	 29.776540	-3.777386	 9.430656	 23.578130	-0.503930	 10.255480	-65.924590	-51.617550	-12.041010	-7.588076	 16.023450	-0.540173	 0.139217	 22.312390	-0.389523	 3.502873	 0.386956	-3.840019	 89.924040	-95.541180	-2.740168	-106.078900	 179.608900	 1.322696	 109.620800	-0.813313	 0.122417	-8.559153	-10.849230	 10.124510	 61.287930	-30.153260	 5.903205	 4.520608	 4.061717	-0.177218	-20.198470	-10.682970	-3.693574	 51.782630	 2.464274	-1.149823	 56.639070	 2.466700	 1.002093	-44.143750	-0.124254	 1.458232	 41.575240	-0.215650	 3.169698	 30.648960	 2.707526	 4.925957	-61.564220	 34.567780	 18.555750	 19.826390	-6.584964	 19.282190	 23.986650	-5.773501	 19.263070	-76.853250	 16.180190	 9.023957	 28.765860	-3.721463	 9.459025	 30.586600	-0.529232	 10.383560	-62.922610	-38.531090	-8.306767	 7.070028	 7.226819	-0.519544	 0.065315	-5.649691	-0.270168	 3.281359	 0.000000	 90.000000	 0.000000	 179.013100	-1.872812	 173.483300	-162.875900	-6.921294	-21.131980
-0.012493	-0.119968	 0.020809	-139.062200	 6.489606	-94.269020	-7.673550	-2.548823	-2.121547	-7.203301	-6.924284	-1.942694	 0.832826	-3.747431	 106.970700	-0.813313	 0.122417	-8.559153	-8.964034	 13.568220	 60.475490	-112.438100	 19.035460	 8.484348	 33.525970	 13.006060	-40.205810	-11.288600	-4.287395	 49.686420	 2.465953	-1.147676	 53.558560	 2.655650	 0.786471	-49.678930	-0.181408	 1.409575	 40.320900	-0.237543	 3.158800	 22.425550	 2.736549	 4.855567	-62.638400	 37.777700	 19.884490	 18.908570	-6.688410	 19.244140	 18.129160	-5.730911	 19.255430	-74.755970	 18.144230	 10.201530	 29.711960	-3.777322	 9.430685	 23.585900	-0.503633	 10.253700	-65.966230	-51.617550	-12.041010	-7.588076	 16.024020	-0.540176	 0.139222	 24.074330	-0.393270	 3.518447	 0.411786	-3.371073	 89.937200	-94.912800	-2.946449	-105.951100	 179.623200	 1.269327	 109.590900	-0.813313	 0.122417	-8.559153	-10.303320	 10.952660	 60.215990	-34.540670	 7.246096	 5.042318	 6.349238	 1.131089	-19.596320	-10.678780	-3.690126	 51.747820	 2.464298	-1.149786	 56.589700	 2.467733	 1.001022	-44.172470	-0.092123	 1.483620	 41.514320	-0.215843	 3.169583	 30.573430	 2.712818	 4.913408	-61.756300	 34.740280	 18.632040	 19.703700	-6.586047	 19.281730	 23.924180	-5.778142	 19.263920	-77.084300	 16.287560	 9.090223	 28.705060	-3.722129	 9.458639	 30.501040	-0.527932	 10.377670	-63.061720	-38.271330	-7.844144	 8.880630	 7.908515	-0.521553	 0.070920	-3.894074	-0.280714	 3.293324	 0.000000	 90.000000	 0.000000	 177.814800	-2.103764	 173.289600	-164.181800	-7.682293	-20.486250
-0.004084	-0.116203	 0.020893	-135.002600	 6.378653	-94.261380	-7.645927	-2.248374	-2.527217	-7.208398	-6.245965	-2.323649	 0.796889	-3.584313	 107.033600	-0.813313	 0.122417	-8.559153	-8.915265	 14.114200	 61.072300	-111.889800	 18.381800	 8.615692	 32.976780	 12.363070	-40.604370	-11.194270	-4.200168	 49.694600	 2.465953	-1.147675	 53.558330	 2.635750	 0.811251	-49.065480	-0.159032	 1.426965	 40.303050	-0.237435	 3.158845	 22.464910	 2.739504	 4.848187	-62.750510	 37.870560	 19.922460	 18.829230	-6.688087	 19.244230	 18.146990	-5.734620	 19.255960	-74.939660	 18.198940	 10.235240	 29.633040	-3.777244	 9.430718	 23.595360	-0.503278	 10.251570	-66.015950	-51.617550	-12.041010	-7.588076	 16.025030	-0.540172	 0.139230	 26.195700	-0.397141	 3.537339	 0.441603	-2.757880	 89.952880	-94.073930	-2.772890	-105.672300	 179.630900	 1.244012	 109.541300	-0.813313	 0.122417	-8.559153	-9.604575	 11.887710	 58.781390	-39.484960	 8.881653	 5.608769	 8.983674	 2.800596	-19.056120	-10.674830	-3.686910	 51.713840	 2.464319	-1.149757	 56.550060	 2.468739	 0.999979	-44.200440	-0.065196	 1.504819	 41.454850	-0.215997	 3.169492	 30.513260	 2.717225	 4.902865	-61.917450	 34.864900	 18.687560	 19.598210	-6.586912	 19.281380	 23.874320	-5.782038	 19.264640	-77.278340	 16.366610	 9.138945	 28.658790	-3.722660	 9.458332	 30.432870	-0.526852	 10.372720	-63.178440	-38.007160	-7.296626	 10.996240	 8.761112	-0.523971	 0.077963	-1.622391	-0.293819	 3.309275	 0.000000	 90.000000	 0.000000	 176.397100	-2.327862	 172.974300	-165.728100	-8.738244	-19.715020
 0.002677	-0.112310	 0.020722	-131.529500	 6.135181	-94.223750	-7.664817	-2.005165	-2.835621	-7.245882	-5.726179	-2.612911	 0.771680	-3.471290	 107.064000	-0.813313	 0.122417	-8.559153	-8.887784	 14.598780	 61.576180	-111.502800	 17.816220	 8.743486	 32.593460	 11.803660	-40.924500	-11.116370	-4.128112	 49.701130	 2.465953	-1.147675	 53.558110	 2.619107	 0.831563	-48.558620	-0.140590	 1.441289	 40.288170	-0.237345	 3.158882	 22.497690	 2.741924	 4.842111	-62.842750	 37.946690	 19.953490	 18.763960	-6.687823	 19.244320	 18.161680	-5.737683	 19.256420	-75.091070	 18.243170	 10.262410	 29.566860	-3.777179	 9.430748	 23.603350	-0.502990	 10.249840	-66.056450	-51.617550	-12.041010	-7.588076	 16.026120	-0.540178	 0.139240	 27.948620	-0.399808	 3.553050	 0.466093	-2.257510	 89.965900	-93.316650	-2.332604	-105.485500	 179.634700	 1.230397	 109.526700	-0.813313	 0.122417	-8.559153	-9.107949	 12.571520	 57.652140	-43.329610	 10.212860	 6.065951	 11.085410	 4.166077	-18.731560	-10.672340	-3.684865	 51.693190	 2.464330	-1.149739	 56.527000	 2.469351	 0.999343	-44.217480	-0.053965	 1.513597	 41.418130	-0.216105	 3.169429	 30.471290	 2.719060	 4.898443	-61.984970	 34.956710	 18.727960	 19.528620	-6.587516	 19.281130	 23.839500	-5.783670	 19.264950	-77.359830	 16.434230	 9.180307	 28.628700	-3.723032	 9.458121	 30.385270	-0.526403	 10.370650	-63.227290	-37.818000	-6.846415	 12.714690	 9.480767	-0.525929	 0.083934	 0.329828	-0.304566	 3.323390	 0.000000	 90.000000	 0.000000	 175.266500	-2.501422	 172.656000	-167.015800	-9.707587	-19.027760
 0.009359	-0.107521	 0.020361	-127.768200	 5.767385	-94.160880	-7.730421	-1.756070	-3.123569	-7.320189	-5.204710	-2.882761	 0.743975	-3.347906	 107.088800	-0.813313	 0.122417	-8.559153	-8.870166	 15.085760	 62.085980	-111.063000	 17.237680	 8.878798	 32.218360	 11.225540	-41.238970	-11.034930	-4.052758	 49.707820	 2.465953	-1.147675	 53.557870	 2.601515	 0.852642	-48.028640	-0.121399	 1.456184	 40.272430	-0.237249	 3.158921	 22.532250	 2.744429	 4.835790	-62.938620	 38.025700	 19.985590	 18.695940	-6.687547	 19.244400	 18.177020	-5.740866	 19.256890	-75.248780	 18.288400	 10.290130	 29.496770	-3.777107	 9.430778	 23.611880	-0.502696	 10.248050	-66.098180	-51.617550	-12.041010	-7.588076	 16.027550	-0.540181	 0.139252	 29.781680	-0.402084	 3.569559	 0.491614	-1.750382	 89.979560	-92.526630	-1.766534	-105.298700	 179.639700	 1.212455	 109.509800	-0.813313	 0.122417	-8.559153	-8.604442	 13.256440	 56.578820	-47.090200	 11.617040	 6.508667	 13.288450	 5.618268	-18.515440	-10.670290	-3.683139	 51.679340	 2.464337	-1.149729	 56.512800	 2.469761	 0.998918	-44.228880	-0.047123	 1.518923	 41.392280	-0.216171	 3.169390	 30.445510	 2.720189	 4.895721	-62.026520	 35.047760	 18.767410	 19.471670	-6.587889	 19.280970	 23.818070	-5.784681	 19.265140	-77.410040	 16.515520	 9.229699	 28.604510	-3.723260	 9.457991	 30.356010	-0.526128	 10.369380	-63.257340	-37.640170	-6.372879	 14.501020	 10.239120	-0.527916	 0.090253	 2.400039	-0.315418	 3.338752	 0.000000	 90.000000	 0.000000	 174.154500	-2.707899	 172.310100	-168.312300	-10.794980	-18.229980
 0.016573	-0.101625	 0.019833	-123.400800	 5.294031	-94.091620	-7.860584	-1.481613	-3.400810	-7.444372	-4.608354	-3.142351	 0.713983	-3.214151	 107.123700	-0.813313	 0.122417	-8.559153	-8.869198	 15.595220	 62.631260	-110.487300	 16.610350	 9.034533	 31.788880	 10.600770	-41.558750	-10.943190	-3.967846	 49.715150	 2.465954	-1.147675	 53.557610	 2.581453	 0.876206	-47.431270	-0.099904	 1.472857	 40.254540	-0.237141	 3.158966	 22.571640	 2.747215	 4.828723	-63.045750	 38.114060	 20.021360	 18.619520	-6.687236	 19.244500	 18.194300	-5.744432	 19.257440	-75.425440	 18.338180	 10.320560	 29.416690	-3.777026	 9.430813	 23.621760	-0.502374	 10.246070	-66.144290	-51.617550	-12.041010	-7.588076	 16.029500	-0.540186	 0.139267	 31.848210	-0.404009	 3.588246	 0.520221	-1.199013	 89.995060	-91.708620	-1.398850	-105.135500	 179.640000	 1.212573	 109.497500	-0.813313	 0.122417	-8.559153	-8.047312	 13.988110	 55.364800	-50.923450	 13.215850	 6.966931	 15.726470	 7.258651	-18.414940	-10.668510	-3.681518	 51.673710	 2.464340	-1.149724	 56.506900	 2.469928	 0.998744	-44.233540	-0.044323	 1.521088	 41.378700	-0.216198	 3.169374	 30.434810	 2.720662	 4.894580	-62.043960	 35.137960	 18.805860	 19.429230	-6.588042	 19.280910	 23.809110	-5.785107	 19.265220	-77.431180	 16.600380	 9.281014	 28.587420	-3.723354	 9.457933	 30.343820	-0.526013	 10.368850	-63.269830	-37.457380	-5.830929	 16.518080	 11.092990	-0.530053	 0.097398	 4.728651	-0.326972	 3.356482	 0.000000	 90.000000	 0.000000	 172.924500	-2.942778	 171.879100	-169.691500	-12.066160	-17.307950
 0.022558	-0.096325	 0.019398	-119.489300	 4.924485	-94.081490	-8.020188	-1.243285	-3.603731	-7.583956	-4.053196	-3.332240	 0.688770	-3.101912	 107.154500	-0.813313	 0.122417	-8.559153	-8.894885	 16.005360	 63.121840	-109.972800	 16.068480	 9.172157	 31.432390	 10.058560	-41.821360	-10.861750	-3.892444	 49.721480	 2.465954	-1.147675	 53.557380	 2.563428	 0.896959	-46.900670	-0.080976	 1.487530	 40.238510	-0.237044	 3.159007	 22.607070	 2.749651	 4.822514	-63.139840	 38.191840	 20.052720	 18.551800	-6.686959	 19.244590	 18.209630	-5.747575	 19.257930	-75.581120	 18.381350	 10.346870	 29.344640	-3.776951	 9.430846	 23.630860	-0.502093	 10.244360	-66.184310	-51.617550	-12.041010	-7.588076	 16.031500	-0.540192	 0.139286	 33.683990	-0.405155	 3.604894	 0.545517	-0.718244	 90.008890	-91.044730	-1.346914	-105.056800	 179.634800	 1.232048	 109.508700	-0.813313	 0.122417	-8.559153	-7.569637	 14.607780	 54.278860	-53.831390	 14.639270	 7.337653	 17.750450	 8.685764	-18.431480	-10.667170	-3.680172	 51.677710	 2.464339	-1.149726	 56.509260	 2.469810	 0.998866	-44.230250	-0.045565	 1.520109	 41.380410	-0.216187	 3.169380	 30.439220	 2.720476	 4.895028	-62.037110	 35.189380	 18.827310	 19.416460	-6.587982	 19.280940	 23.812690	-5.784943	 19.265190	-77.423030	 16.628110	 9.297652	 28.587200	-3.723317	 9.457957	 30.348790	-0.526061	 10.369060	-63.264700	-37.306840	-5.339185	 18.322560	 11.845460	-0.531846	 0.103723	 6.767106	-0.336477	 3.372380	 0.000000	 90.000000	 0.000000	 171.891400	-3.155300	 171.491100	-170.774000	-13.252300	-16.448200
 0.028080	-0.091211	 0.019014	-115.697000	 4.622598	-94.126050	-8.202237	-1.018708	-3.762158	-7.735517	-3.506047	-3.480644	 0.666024	-3.000844	 107.183200	-0.813313	 0.122417	-8.559153	-8.946374	 16.356430	 63.603510	-109.470500	 15.562950	 9.303868	 31.113280	 9.548199	-42.057720	-10.783460	-3.819932	 49.727420	 2.465954	-1.147674	 53.557180	 2.545916	 0.916755	-46.390460	-0.062939	 1.501502	 40.223020	-0.236949	 3.159046	 22.641600	 2.751957	 4.816609	-63.229230	 38.266020	 20.082540	 18.486810	-6.686694	 19.244670	 18.224370	-5.750566	 19.258400	-75.729450	 18.421970	 10.371560	 29.274630	-3.776876	 9.430876	 23.639910	-0.501832	 10.242740	-66.221890	-51.617550	-12.041010	-7.588076	 16.033680	-0.540194	 0.139303	 35.449510	-0.405762	 3.620936	 0.569718	-0.247498	 90.022130	-90.406230	-1.289879	-105.021800	 179.625000	 1.268636	 109.534800	-0.813313	 0.122417	-8.559153	-7.125510	 15.176030	 53.224090	-56.196580	 15.996270	 7.667814	 19.547860	 10.010580	-18.531900	-10.665940	-3.678803	 51.689420	 2.464335	-1.149733	 56.517670	 2.469465	 0.999225	-44.220650	-0.049758	 1.516836	 41.393820	-0.216148	 3.169403	 30.454640	 2.719812	 4.896631	-62.012630	 35.187210	 18.825760	 19.434270	-6.587760	 19.281020	 23.825410	-5.784351	 19.265080	-77.393550	 16.596950	 9.278626	 28.602320	-3.723181	 9.458036	 30.366170	-0.526224	 10.369820	-63.246770	-37.171130	-4.855655	 20.073620	 12.561190	-0.533466	 0.109757	 8.688223	-0.344916	 3.387660	 0.000000	 90.000000	 0.000000	 170.948100	-3.348946	 171.121200	-171.747900	-14.437220	-15.675080
 0.034109	-0.084872	 0.018466	-111.188600	 4.258199	-94.189880	-8.432322	-0.759533	-3.908517	-7.919173	-2.849414	-3.618115	 0.641289	-2.891136	 107.215800	-0.813313	 0.122417	-8.559153	-9.042649	 16.711770	 64.187370	-108.866000	 14.988490	 9.458167	 30.764400	 8.956168	-42.337910	-10.691320	-3.734569	 49.734250	 2.465954	-1.147674	 53.557010	 2.525069	 0.939866	-45.789650	-0.041971	 1.517734	 40.204650	-0.236835	 3.159093	 22.682910	 2.754618	 4.809760	-63.332830	 38.352500	 20.117190	 18.410420	-6.686381	 19.244760	 18.241750	-5.754048	 19.258960	-75.902120	 18.468780	 10.399920	 29.191320	-3.776785	 9.430918	 23.651000	-0.501534	 10.240900	-66.264860	-51.617550	-12.041010	-7.588076	 16.036520	-0.540196	 0.139328	 37.529060	-0.405822	 3.639837	 0.598049	 0.349085	 90.037620	-89.626500	-1.218538	-104.996100	 179.607700	 1.334440	 109.563100	-0.813313	 0.122417	-8.559153	-6.606932	 15.798200	 51.960730	-58.590180	 17.498100	 8.025107	 21.514990	 11.444280	-18.748380	-10.664350	-3.676887	 51.712700	 2.464326	-1.149745	 56.535140	 2.468780	 0.999936	-44.201560	-0.058376	 1.510112	 41.423440	-0.216066	 3.169452	 30.486580	 2.718429	 4.899966	-61.961720	 35.073410	 18.776540	 19.506870	-6.587303	 19.281210	 23.851800	-5.783119	 19.264850	-77.332150	 16.503610	 9.221811	 28.636280	-3.722898	 9.458198	 30.402300	-0.526565	 10.371400	-63.209570	-37.023160	-4.272823	 22.156120	 13.393610	-0.535267	 0.116802	 10.898460	-0.353986	 3.405582	 0.000000	 90.000000	 0.000000	 169.884900	-3.540481	 170.671300	-172.832200	-15.894560	-14.787270
 0.038825	-0.079392	 0.017947	-107.303500	 3.953806	-94.251690	-8.618658	-0.543143	-4.006738	-8.061311	-2.287962	-3.710859	 0.622028	-2.805835	 107.242700	-0.813313	 0.122417	-8.559153	-9.154781	 16.964290	 64.700230	-108.340100	 14.517850	 9.588650	 30.485050	 8.453732	-42.608120	-10.613010	-3.661997	 49.739930	 2.465954	-1.147674	 53.556920	 2.507154	 0.959343	-45.278820	-0.024400	 1.531326	 40.188950	-0.236737	 3.159134	 22.718640	 2.756830	 4.804037	-63.419360	 38.425210	 20.146210	 18.345550	-6.686113	 19.244850	 18.256560	-5.756967	 19.259440	-76.046960	 18.507840	 10.423510	 29.119830	-3.776704	 9.430953	 23.660850	-0.501290	 10.239390	-66.300250	-51.617550	-12.041010	-7.588076	 16.039150	-0.540202	 0.139351	 39.297470	-0.405355	 3.655911	 0.621983	 0.867016	 90.050720	-88.959900	-1.146163	-104.997200	 179.588200	 1.409241	 109.590700	-0.813313	 0.122417	-8.559153	-6.166003	 16.284600	 50.865040	-60.298670	 18.758580	 8.300269	 23.163740	 12.593930	-19.075950	-10.662700	-3.674848	 51.739960	 2.464315	-1.149761	 56.556820	 2.467976	 1.000769	-44.179240	-0.069036	 1.501782	 41.459240	-0.215964	 3.169512	 30.526210	 2.716704	 4.904110	-61.898410	 34.942130	 18.719490	 19.591410	-6.586734	 19.281450	 23.884580	-5.781584	 19.264560	-77.255720	 16.423890	 9.173084	 28.670860	-3.722549	 9.458399	 30.447150	-0.526990	 10.373360	-63.163410	-36.909410	-3.767566	 23.940040	 14.094020	-0.536703	 0.122750	 12.740900	-0.361002	 3.420778	 0.000000	 90.000000	 0.000000	 169.085700	-3.690872	 170.283200	-173.688700	-17.219460	-14.095780
 0.042966	-0.074018	 0.017118	-103.253700	 3.608360	-94.349370	-8.777648	-0.348931	-4.184713	-8.181258	-1.799721	-3.880142	 0.586360	-2.649520	 107.257500	-0.813313	 0.122417	-8.559153	-9.226653	 17.469170	 65.220900	-107.903700	 13.894750	 9.793695	 30.206180	 7.927701	-42.526050	-10.532040	-3.586937	 49.745690	 2.465944	-1.147687	 53.574600	 2.488441	 0.979320	-44.750400	-0.009958	 1.542477	 40.172790	-0.236523	 3.159224	 22.796710	 2.758391	 4.799984	-63.480600	 38.460720	 20.160470	 18.292030	-6.685287	 19.245110	 18.302410	-5.759506	 19.259860	-76.173260	 18.524580	 10.433570	 29.049780	-3.776299	 9.431127	 23.710010	-0.501228	 10.238990	-66.309390	-51.617550	-12.041010	-7.588076	 16.042020	-0.540207	 0.139377	 41.127080	-0.404333	 3.672510	 0.646683	 1.302157	 90.064670	-88.334100	-0.847471	-104.525200	 179.560400	 1.517123	 109.616300	-0.813313	 0.122417	-8.559153	-5.065173	 17.178840	 49.375350	-63.553440	 19.615220	 8.508163	 25.521950	 13.557190	-19.429300	-10.660170	-3.672311	 51.746310	 2.464330	-1.149739	 56.526740	 2.467794	 1.000959	-44.174160	-0.054189	 1.513627	 41.467110	-0.216106	 3.169428	 30.470950	 2.719123	 4.898297	-61.987220	 35.063490	 18.770270	 19.563810	-6.587527	 19.281120	 23.838890	-5.783727	 19.264960	-77.362410	 16.498010	 9.218573	 28.630760	-3.723037	 9.458118	 30.384500	-0.526400	 10.370630	-63.227710	-36.716880	-2.663764	 27.792340	 15.600320	-0.539540	 0.135597	 16.961850	-0.375238	 3.456387	 0.000000	 90.000000	 0.000000	 168.387600	-3.785060	 169.728700	-174.461700	-18.597990	-13.343630
 0.047519	-0.067613	 0.016784	-98.724460	 3.360715	-94.387750	-8.913511	-0.081875	-4.180876	-8.263127	-1.073935	-3.876664	 0.585741	-2.645441	 107.299100	-0.813313	 0.122417	-8.559153	-9.489775	 17.359990	 65.871570	-107.168400	 13.551120	 9.869408	 29.913210	 7.349314	-43.382390	-10.443120	-3.504489	 49.751830	 2.465954	-1.147674	 53.556970	 2.467664	 1.001076	-44.169650	 0.012685	 1.559983	 40.154740	-0.236518	 3.159226	 22.798520	 2.761443	 4.792018	-63.600900	 38.579660	 20.207560	 18.205060	-6.685533	 19.245030	 18.288840	-5.763133	 19.260470	-76.353310	 18.590540	 10.473230	 28.962760	-3.776514	 9.431032	 23.683850	-0.500793	 10.236280	-66.372670	-51.617550	-12.041010	-7.588076	 16.045360	-0.540215	 0.139404	 43.138550	-0.402601	 3.690714	 0.673585	 1.885228	 90.079570	-87.616000	-0.926206	-105.091400	 179.529400	 1.631945	 109.687900	-0.813313	 0.122417	-8.559153	-5.260094	 17.116930	 48.423560	-62.824970	 21.401610	 8.784842	 26.384020	 14.905480	-19.764590	-10.657120	-3.668121	 51.821530	 2.464276	-1.149819	 56.633640	 2.465576	 1.003256	-44.112510	-0.106678	 1.472216	 41.567210	-0.215605	 3.169724	 30.666550	 2.710554	 4.918791	-61.673950	 34.755400	 18.635270	 19.775260	-6.584720	 19.282290	 24.000580	-5.776145	 19.263550	-76.984860	 16.309700	 9.102122	 28.761020	-3.721311	 9.459112	 30.606080	-0.528506	 10.380280	-63.000090	-36.715930	-2.656852	 27.816320	 15.609720	-0.539555	 0.135676	 16.990000	-0.375326	 3.456629	 0.000000	 90.000000	 0.000000	 167.851000	-4.044452	 169.469400	-175.316300	-20.181250	-12.597930
 0.047975	-0.067923	 0.017133	-98.171630	 3.357023	-94.521010	-8.958532	-0.101614	-4.061097	-8.301725	-1.078340	-3.764327	 0.595064	-2.686185	 107.296200	-0.813313	 0.122417	-8.559153	-9.590745	 17.151360	 65.903460	-107.159200	 13.638220	 9.858568	 29.994450	 7.385746	-43.450950	-10.443360	-3.504707	 49.751780	 2.465954	-1.147674	 53.557010	 2.467692	 1.001048	-44.170410	 0.010721	 1.558456	 40.154600	-0.236510	 3.159229	 22.801440	 2.761158	 4.792764	-63.589640	 38.571450	 20.204340	 18.206520	-6.685541	 19.245030	 18.288310	-5.762833	 19.260420	-76.338380	 18.585910	 10.470440	 28.960910	-3.776499	 9.431040	 23.685670	-0.500843	 10.236600	-66.365210	-51.617550	-12.041010	-7.588076	 16.046720	-0.540211	 0.139415	 43.138550	-0.402601	 3.690714	 0.674075	 1.904500	 90.079370	-87.627880	-0.948219	-105.223900	 179.498700	 1.744950	 109.757800	-0.813313	 0.122417	-8.559153	-5.342274	 16.949690	 48.316460	-60.666500	 21.614620	 8.594308	 25.644860	 14.945930	-19.690280	-10.652790	-3.663096	 51.872230	 2.464244	-1.149867	 56.698620	 2.464085	 1.004797	-44.071130	-0.138467	 1.447083	 41.634510	-0.215302	 3.169905	 30.785200	 2.705298	 4.931210	-61.483760	 34.502390	 18.524110	 19.931290	-6.583020	 19.283000	 24.098630	-5.771538	 19.262720	-76.755620	 16.154090	 9.006035	 28.845860	-3.720264	 9.459720	 30.740660	-0.529802	 10.386130	-62.862030	-36.715930	-2.656852	 27.816320	 15.609720	-0.539555	 0.135676	 16.990000	-0.375326	 3.456629	 0.000000	 90.000000	 0.000000	 168.376500	-4.017709	 169.435900	-175.172000	-20.362790	-12.520280
 0.048329	-0.068092	 0.017446	-97.620140	 3.353023	-94.640710	-9.002347	-0.117015	-3.961207	-8.339854	-1.079641	-3.670523	 0.603825	-2.724539	 107.291800	-0.813313	 0.122417	-8.559153	-9.686265	 16.951260	 65.941120	-107.152900	 13.726300	 9.845770	 30.071850	 7.421918	-43.528680	-10.443640	-3.504968	 49.751720	 2.465954	-1.147675	 53.557030	 2.467718	 1.001019	-44.171160	 0.008672	 1.556864	 40.154480	-0.236501	 3.159233	 22.804560	 2.760861	 4.793540	-63.577910	 38.563380	 20.201160	 18.207850	-6.685552	 19.245030	 18.287780	-5.762521	 19.260360	-76.322860	 18.581380	 10.467710	 28.958830	-3.776483	 9.431048	 23.687650	-0.500897	 10.236930	-66.357430	-51.617550	-12.041010	-7.588076	 16.047930	-0.540217	 0.139426	 43.138550	-0.402601	 3.690714	 0.674629	 1.925764	 90.079140	-87.638120	-0.977071	-105.351600	 179.468200	 1.857941	 109.816800	-0.813313	 0.122417	-8.559153	-5.429758	 16.765470	 48.204310	-58.480280	 21.796580	 8.385774	 24.845870	 14.968240	-19.615880	-10.648220	-3.657894	 51.919830	 2.464209	-1.149920	 56.769410	 2.462686	 1.006242	-44.032320	-0.173074	 1.419627	 41.697860	-0.214971	 3.170102	 30.914470	 2.699523	 4.944721	-61.276520	 34.151730	 18.370270	 20.112470	-6.581171	 19.283780	 24.205420	-5.766513	 19.261830	-76.505910	 15.937840	 8.872473	 28.945640	-3.719125	 9.460382	 30.887280	-0.531232	 10.392500	-62.711670	-36.715930	-2.656852	 27.816320	 15.609720	-0.539555	 0.135676	 16.990000	-0.375326	 3.456629	 0.000000	 90.000000	 0.000000	 168.804100	-3.982758	 169.472300	-175.038300	-20.537700	-12.393160
 0.048658	-0.068245	 0.017777	-97.039900	 3.354386	-94.772990	-9.051575	-0.130727	-3.849210	-8.383172	-1.078172	-3.565533	 0.612623	-2.763153	 107.285100	-0.813313	 0.122417	-8.559153	-9.781818	 16.744960	 65.987850	-107.148900	 13.826600	 9.828666	 30.180760	 7.451944	-43.630020	-10.443970	-3.505273	 49.751660	 2.465954	-1.147675	 53.557080	 2.467753	 1.000984	-44.172120	 0.006216	 1.554955	 40.154310	-0.236491	 3.159237	 22.808440	 2.760504	 4.794476	-63.563800	 38.554210	 20.197560	 18.209200	-6.685564	 19.245020	 18.287120	-5.762144	 19.260300	-76.304170	 18.576270	 10.464630	 28.956180	-3.776463	 9.431055	 23.690120	-0.500960	 10.237340	-66.348080	-51.617550	-12.041010	-7.588076	 16.049100	-0.540217	 0.139435	 43.138550	-0.402601	 3.690714	 0.675284	 1.974299	 90.078800	-87.627790	-1.026458	-105.503300	 179.433700	 1.986533	 109.875700	-0.813313	 0.122417	-8.559153	-5.546215	 16.526290	 48.075680	-55.895980	 21.972950	 8.122779	 23.888070	 14.952260	-19.618100	-10.642560	-3.651597	 51.969780	 2.464163	-1.149989	 56.862030	 2.461218	 1.007754	-43.991640	-0.218288	 1.383631	 41.764590	-0.214540	 3.170361	 31.083610	 2.691894	 4.962368	-61.005380	 33.751660	 18.193440	 20.310290	-6.578753	 19.284800	 24.345010	-5.759938	 19.260700	-76.179310	 15.690920	 8.718928	 29.069490	-3.717638	 9.461258	 31.079150	-0.533125	 10.400810	-62.515060	-36.715930	-2.656852	 27.816320	 15.609720	-0.539555	 0.135676	 16.990000	-0.375326	 3.456629	 0.000000	 90.000000	 0.000000	 169.244100	-3.966222	 169.565200	-174.916000	-20.719850	-12.238570
 0.048821	-0.068398	 0.018043	-96.567390	 3.353800	-94.878200	-9.091020	-0.137968	-3.759641	-8.418235	-1.074073	-3.481727	 0.618170	-2.787608	 107.278300	-0.813313	 0.122417	-8.559153	-9.840792	 16.609300	 66.025090	-107.148000	 13.904990	 9.812889	 30.303430	 7.458149	-43.722070	-10.444260	-3.505548	 49.751590	 2.465954	-1.147675	 53.557120	 2.467783	 1.000952	-44.172960	 0.004116	 1.553323	 40.154190	-0.236481	 3.159241	 22.811900	 2.760197	 4.795275	-63.551720	 38.546810	 20.194650	 18.210170	-6.685573	 19.245010	 18.286570	-5.761818	 19.260250	-76.288220	 18.572170	 10.462160	 28.953770	-3.776444	 9.431062	 23.692310	-0.501016	 10.237680	-66.340040	-51.617550	-12.041010	-7.588076	 16.049800	-0.540227	 0.139443	 43.138550	-0.402601	 3.690714	 0.675877	 2.014919	 90.078510	-87.611050	-1.077152	-105.640800	 179.408100	 2.081410	 109.920100	-0.813313	 0.122417	-8.559153	-5.662172	 16.304190	 47.977450	-53.708740	 22.094540	 7.889322	 23.114250	 14.900370	-19.711660	-10.637630	-3.646209	 52.006480	 2.464124	-1.150047	 56.939950	 2.460142	 1.008863	-43.961820	-0.254972	 1.354354	 41.813670	-0.214191	 3.170573	 31.220940	 2.685634	 4.976678	-60.785080	 33.492770	 18.077770	 20.443110	-6.576722	 19.285660	 24.462440	-5.754681	 19.259820	-75.918480	 15.538110	 8.622867	 29.164260	-3.716431	 9.461969	 31.234990	-0.534682	 10.407560	-62.355550	-36.715930	-2.656852	 27.816320	 15.609720	-0.539555	 0.135676	 16.990000	-0.375326	 3.456629	 0.000000	 90.000000	 0.000000	 169.637700	-3.982971	 169.718800	-174.836900	-20.863240	-12.135100
 0.048874	-0.068464	 0.018274	-96.075670	 3.345826	-94.977550	-9.128048	-0.140826	-3.675597	-8.451401	-1.067137	-3.403217	 0.621463	-2.802263	 107.270900	-0.813313	 0.122417	-8.559153	-9.873126	 16.521750	 66.056200	-107.149200	 13.973960	 9.796485	 30.435010	 7.451749	-43.813580	-10.444560	-3.505824	 49.751530	 2.465954	-1.147675	 53.557170	 2.467815	 1.000919	-44.173840	 0.002033	 1.551703	 40.154040	-0.236472	 3.159245	 22.815450	 2.759893	 4.796068	-63.539740	 38.539820	 20.191910	 18.210950	-6.685583	 19.245010	 18.286020	-5.761504	 19.260200	-76.272380	 18.568320	 10.459840	 28.951220	-3.776426	 9.431071	 23.694590	-0.501071	 10.238020	-66.332070	-51.617550	-12.041010	-7.588076	 16.050200	-0.540216	 0.139446	 43.138550	-0.402601	 3.690714	 0.676514	 2.028647	 90.078340	-87.608710	-1.127665	-105.793300	 179.386600	 2.160142	 109.962800	-0.813313	 0.122417	-8.559153	-5.808677	 16.052050	 47.899440	-51.540550	 22.195350	 7.650623	 22.424410	 14.815370	-19.884030	-10.632660	-3.640872	 52.038600	 2.464090	-1.150099	 57.008060	 2.459200	 1.009831	-43.935740	-0.284868	 1.330459	 41.856490	-0.213906	 3.170746	 31.332920	 2.680485	 4.988338	-60.605330	 33.288110	 17.985560	 20.551910	-6.574952	 19.286420	 24.564970	-5.750510	 19.259140	-75.711740	 15.426300	 8.551991	 29.243180	-3.715448	 9.462555	 31.362140	-0.535964	 10.413050	-62.225660	-36.715930	-2.656852	 27.816320	 15.609720	-0.539555	 0.135676	 16.990000	-0.375326	 3.456629	 0.000000	 90.000000	 0.000000	 170.002700	-3.998749	 169.952200	-174.777600	-21.000530	-12.052830
 0.048913	-0.068403	 0.018496	-95.536130	 3.331293	-95.084870	-9.170570	-0.138826	-3.578917	-8.489839	-1.054506	-3.313096	 0.622045	-2.805187	 107.261100	-0.813313	 0.122417	-8.559153	-9.876385	 16.480360	 66.083820	-107.152600	 14.042950	 9.775885	 30.585400	 7.433829	-43.918770	-10.444940	-3.506173	 49.751480	 2.465954	-1.147675	 53.557230	 2.467854	 1.000880	-44.174910	-0.000491	 1.549742	 40.153860	-0.236459	 3.159251	 22.819950	 2.759524	 4.797032	-63.525180	 38.531780	 20.188760	 18.211680	-6.685595	 19.245010	 18.285370	-5.761119	 19.260130	-76.253170	 18.563910	 10.457180	 28.947940	-3.776402	 9.431083	 23.697480	-0.501137	 10.238440	-66.322420	-51.617550	-12.041010	-7.588076	 16.050250	-0.540223	 0.139447	 43.138550	-0.402601	 3.690714	 0.677367	 2.021526	 90.078190	-87.622920	-1.187913	-105.969700	 179.362800	 2.246803	 110.009200	-0.813313	 0.122417	-8.559153	-6.035702	 15.682490	 47.837600	-48.876930	 22.292810	 7.341805	 21.691190	 14.675160	-20.183400	-10.626500	-3.634339	 52.072610	 2.464055	-1.150152	 57.079980	 2.458207	 1.010852	-43.908260	-0.314288	 1.306911	 41.901640	-0.213626	 3.170916	 31.443290	 2.675369	 4.999825	-60.427970	 33.089750	 17.895480	 20.660810	-6.573084	 19.287220	 24.673180	-5.746458	 19.258490	-75.510790	 15.320750	 8.484631	 29.324160	-3.714480	 9.463132	 31.487550	-0.537239	 10.418440	-62.097840	-36.715930	-2.656852	 27.816320	 15.609720	-0.539555	 0.135676	 16.990000	-0.375326	 3.456629	 0.000000	 90.000000	 0.000000	 170.348000	-3.999291	 170.251400	-174.728000	-21.168870	-11.976550
 0.048900	-0.068267	 0.018634	-95.177150	 3.317438	-95.159880	-9.203599	-0.133201	-3.503709	-8.519880	-1.040305	-3.243130	 0.619967	-2.796445	 107.252700	-0.813313	 0.122417	-8.559153	-9.856003	 16.488240	 66.098510	-107.155600	 14.075930	 9.758634	 30.680930	 7.409146	-43.989920	-10.445260	-3.506477	 49.751440	 2.465954	-1.147675	 53.557290	 2.467887	 1.000844	-44.175860	-0.002540	 1.548149	 40.153700	-0.236449	 3.159255	 22.823770	 2.759222	 4.797819	-63.513300	 38.525530	 20.186310	 18.212090	-6.685604	 19.245010	 18.284810	-5.760803	 19.260080	-76.237500	 18.560500	 10.455120	 28.945110	-3.776381	 9.431091	 23.699950	-0.501193	 10.238770	-66.314530	-51.617550	-12.041010	-7.588076	 16.049900	-0.540220	 0.139442	 43.138550	-0.402601	 3.690714	 0.678114	 2.005651	 90.078120	-87.646840	-1.234840	-106.075200	 179.343200	 2.319700	 110.037200	-0.813313	 0.122417	-8.559153	-6.249478	 15.331150	 47.814550	-46.652280	 22.350780	 7.065822	 21.141310	 14.542310	-20.478450	-10.621400	-3.628997	 52.096780	 2.464030	-1.150191	 57.131000	 2.457501	 1.011576	-43.888730	-0.334093	 1.291038	 41.933600	-0.213437	 3.171032	 31.517660	 2.671899	 5.007563	-60.308370	 32.953640	 17.833350	 20.736290	-6.571764	 19.287800	 24.749840	-5.743668	 19.258050	-75.372620	 15.240950	 8.433681	 29.382130	-3.713829	 9.463523	 31.572070	-0.538103	 10.422070	-62.011910	-36.715930	-2.656852	 27.816320	 15.609720	-0.539555	 0.135676	 16.990000	-0.375326	 3.456629	 0.000000	 90.000000	 0.000000	 170.563600	-4.004476	 170.517200	-174.703000	-21.314260	-11.930970
 0.048772	-0.068040	 0.018735	-94.838810	 3.299148	-95.230690	-9.235610	-0.124275	-3.430791	-8.549083	-1.022030	-3.175399	 0.615931	-2.779152	 107.244000	-0.813313	 0.122417	-8.559153	-9.817712	 16.528270	 66.105480	-107.157800	 14.082030	 9.741060	 30.739250	 7.375659	-44.041950	-10.445590	-3.506782	 49.751400	 2.465954	-1.147675	 53.557350	 2.467921	 1.000810	-44.176790	-0.004606	 1.546543	 40.153560	-0.236438	 3.159260	 22.827800	 2.758919	 4.798611	-63.501350	 38.519520	 20.183940	 18.212350	-6.685614	 19.245000	 18.284250	-5.760485	 19.260020	-76.221750	 18.557230	 10.453150	 28.942060	-3.776360	 9.431100	 23.702570	-0.501247	 10.239110	-66.306580	-51.617550	-12.041010	-7.588076	 16.049140	-0.540217	 0.139436	 43.138550	-0.402601	 3.690714	 0.678909	 1.989148	 90.078060	-87.681530	-1.280233	-106.152900	 179.323500	 2.393914	 110.058100	-0.813313	 0.122417	-8.559153	-6.488781	 14.938040	 47.820170	-44.344870	 22.393530	 6.765770	 20.622990	 14.398110	-20.807350	-10.616170	-3.623563	 52.118280	 2.464007	-1.150225	 57.176240	 2.456878	 1.012217	-43.871480	-0.351432	 1.277126	 41.961920	-0.213272	 3.171134	 31.582800	 2.668842	 5.014342	-60.203500	 32.826300	 17.775100	 20.805020	-6.570592	 19.288300	 24.817790	-5.741052	 19.257650	-75.243160	 15.149090	 8.375364	 29.436640	-3.713258	 9.463866	 31.646190	-0.538864	 10.425250	-61.936740	-36.715930	-2.656852	 27.816320	 15.609720	-0.539555	 0.135676	 16.990000	-0.375326	 3.456629	 0.000000	 90.000000	 0.000000	 170.717900	-4.010182	 170.852100	-174.687600	-21.455410	-11.897330
 0.048515	-0.067655	 0.018791	-94.510570	 3.282936	-95.299820	-9.269880	-0.110912	-3.352469	-8.580401	-0.996362	-3.102787	 0.609566	-2.751703	 107.234500	-0.813313	 0.122417	-8.559153	-9.754905	 16.603570	 66.102170	-107.159400	 14.062830	 9.719142	 30.764570	 7.331572	-44.078030	-10.445980	-3.507144	 49.751350	 2.465954	-1.147675	 53.557440	 2.467962	 1.000768	-44.177920	-0.006909	 1.544753	 40.153370	-0.236425	 3.159265	 22.832500	 2.758580	 4.799491	-63.488060	 38.513120	 20.181430	 18.212430	-6.685626	 19.245000	 18.283650	-5.760135	 19.259960	-76.204290	 18.553800	 10.451080	 28.938480	-3.776334	 9.431111	 23.705630	-0.501305	 10.239490	-66.297770	-51.617550	-12.041010	-7.588076	 16.047750	-0.540218	 0.139424	 43.138550	-0.402601	 3.690714	 0.679822	 1.980818	 90.077950	-87.732060	-1.328772	-106.212600	 179.303600	 2.469447	 110.075000	-0.813313	 0.122417	-8.559153	-6.780019	 14.460850	 47.859660	-41.675940	 22.427320	 6.405219	 20.079410	 14.232830	-21.192800	-10.610260	-3.617495	 52.139210	 2.463986	-1.150258	 57.220230	 2.456270	 1.012839	-43.854690	-0.369049	 1.262976	 41.989470	-0.213104	 3.171237	 31.649100	 2.665717	 5.021237	-60.096700	 32.679600	 17.708120	 20.878520	-6.569455	 19.288790	 24.883740	-5.738038	 19.257190	-75.094080	 15.012170	 8.289059	 29.496760	-3.712677	 9.464217	 31.721620	-0.539639	 10.428470	-61.860370	-36.715930	-2.656852	 27.816320	 15.609720	-0.539555	 0.135676	 16.990000	-0.375326	 3.456629	 0.000000	 90.000000	 0.000000	 170.768800	-3.997459	 171.288800	-174.677300	-21.592620	-11.871210
 0.048246	-0.067237	 0.018809	-94.235360	 3.275855	-95.348820	-9.298841	-0.096659	-3.286082	-8.606447	-0.961907	-3.041295	 0.602787	-2.722370	 107.226400	-0.813313	 0.122417	-8.559153	-9.682979	 16.689420	 66.087880	-107.159900	 14.029070	 9.695702	 30.760070	 7.289011	-44.092140	-10.446340	-3.507479	 49.751330	 2.465953	-1.147675	 53.557530	 2.467998	 1.000730	-44.178920	-0.008891	 1.543212	 40.153220	-0.236413	 3.159270	 22.836840	 2.758286	 4.800255	-63.476510	 38.507840	 20.179360	 18.212350	-6.685636	 19.245000	 18.283130	-5.759831	 19.259910	-76.189140	 18.550960	 10.449380	 28.935170	-3.776311	 9.431121	 23.708470	-0.501360	 10.239820	-66.290100	-51.617550	-12.041010	-7.588076	 16.046000	-0.540215	 0.139411	 43.138550	-0.402601	 3.690714	 0.680669	 1.968694	 90.077920	-87.786130	-1.369579	-106.248000	 179.287600	 2.530699	 110.086200	-0.813313	 0.122417	-8.559153	-7.052153	 14.015060	 47.916660	-39.231840	 22.406170	 6.065713	 19.620880	 14.050770	-21.513490	-10.605040	-3.612160	 52.155280	 2.463969	-1.150283	 57.253850	 2.455806	 1.013315	-43.841870	-0.384313	 1.250707	 42.010560	-0.212959	 3.171327	 31.706560	 2.662998	 5.027210	-60.004150	 32.531730	 17.640810	 20.945340	-6.568587	 19.289170	 24.934090	-5.735003	 19.256740	-74.943920	 14.912900	 8.226303	 29.541510	-3.712174	 9.464520	 31.787010	-0.540316	 10.431260	-61.794140	-36.715930	-2.656852	 27.816320	 15.609720	-0.539555	 0.135676	 16.990000	-0.375326	 3.456629	 0.000000	 90.000000	 0.000000	 170.753300	-3.978639	 171.706500	-174.672100	-21.705330	-11.856180
 0.047984	-0.066728	 0.018795	-93.951320	 3.272990	-95.388760	-9.325926	-0.080979	-3.223727	-8.630175	-0.913365	-2.983569	 0.595551	-2.690986	 107.219200	-0.813313	 0.122417	-8.559153	-9.601487	 16.784000	 66.062900	-107.160400	 13.985920	 9.669628	 30.739300	 7.246321	-44.091470	-10.446700	-3.507812	 49.751320	 2.465954	-1.147675	 53.557610	 2.468035	 1.000692	-44.179960	-0.010787	 1.541738	 40.153040	-0.236401	 3.159275	 22.841200	 2.758007	 4.800984	-63.465500	 38.503000	 20.177470	 18.212090	-6.685646	 19.245000	 18.282610	-5.759537	 19.259860	-76.174750	 18.548400	 10.447830	 28.931800	-3.776288	 9.431131	 23.711320	-0.501410	 10.240140	-66.282780	-51.617550	-12.041010	-7.588076	 16.043770	-0.540213	 0.139390	 43.138550	-0.402601	 3.690714	 0.681559	 1.937255	 90.077920	-87.846440	-1.407500	-106.273300	 179.273000	 2.586661	 110.095600	-0.813313	 0.122417	-8.559153	-7.326161	 13.566750	 47.988730	-36.761520	 22.312810	 5.716510	 19.184480	 13.818370	-21.780100	-10.599980	-3.607031	 52.169060	 2.463955	-1.150304	 57.282590	 2.455410	 1.013721	-43.830920	-0.400123	 1.237991	 42.028620	-0.212808	 3.171420	 31.766090	 2.660173	 5.033388	-59.908340	 32.357300	 17.561600	 21.016780	-6.567849	 19.289490	 24.977070	-5.731422	 19.256210	-74.766990	 14.824550	 8.170401	 29.579980	-3.711655	 9.464839	 31.854730	-0.541020	 10.434150	-61.725480	-36.715930	-2.656852	 27.816320	 15.609720	-0.539555	 0.135676	 16.990000	-0.375326	 3.456629	 0.000000	 90.000000	 0.000000	 170.669900	-3.944624	 172.124800	-174.668800	-21.816900	-11.846820
 0.047718	-0.066118	 0.018759	-93.662120	 3.278575	-95.423660	-9.355874	-0.061355	-3.154467	-8.655715	-0.842699	-2.919476	 0.586994	-2.653803	 107.212000	-0.813313	 0.122417	-8.559153	-9.498146	 16.898040	 66.019680	-107.162200	 13.930180	 9.636053	 30.705430	 7.198184	-44.075300	-10.447110	-3.508189	 49.751320	 2.465953	-1.147675	 53.557720	 2.468078	 1.000647	-44.181160	-0.012888	 1.540106	 40.152870	-0.236387	 3.159281	 22.846390	 2.757692	 4.801797	-63.453200	 38.497840	 20.175450	 18.211590	-6.685654	 19.244990	 18.282040	-5.759218	 19.259810	-76.158670	 18.545670	 10.446180	 28.927750	-3.776259	 9.431144	 23.714760	-0.501467	 10.240490	-66.274610	-51.617550	-12.041010	-7.588076	 16.040520	-0.540204	 0.139363	 43.138550	-0.402601	 3.690714	 0.682649	 1.882758	 90.078030	-87.924280	-1.448933	-106.299600	 179.256800	 2.648191	 110.106200	-0.813313	 0.122417	-8.559153	-7.647180	 13.043080	 48.087620	-34.062230	 22.117790	 5.327483	 18.688440	 13.505760	-22.015910	-10.594210	-3.601204	 52.183060	 2.463941	-1.150326	 57.311690	 2.455010	 1.014130	-43.819870	-0.421071	 1.221136	 42.047040	-0.212609	 3.171544	 31.844860	 2.656424	 5.041546	-59.781700	 32.164920	 17.474040	 21.093400	-6.567100	 19.289820	 25.020510	-5.727293	 19.255620	-74.562870	 14.740990	 8.117390	 29.617650	-3.710966	 9.465256	 31.944220	-0.541963	 10.437990	-61.634370	-36.715930	-2.656852	 27.816320	 15.609720	-0.539555	 0.135676	 16.990000	-0.375326	 3.456629	 0.000000	 90.000000	 0.000000	 170.538100	-3.893980	 172.594300	-174.661700	-21.934590	-11.838900
 0.047732	-0.065652	 0.018741	-93.488250	 3.293194	-95.442470	-9.381208	-0.043202	-3.095406	-8.676864	-0.770712	-2.864837	 0.579751	-2.622284	 107.206900	-0.813313	 0.122417	-8.559153	-9.402666	 16.995320	 65.967440	-107.165800	 13.881680	 9.603834	 30.676140	 7.158988	-44.049330	-10.447500	-3.508551	 49.751340	 2.465953	-1.147675	 53.557830	 2.468117	 1.000607	-44.182220	-0.014666	 1.538723	 40.152680	-0.236374	 3.159287	 22.851110	 2.757427	 4.802489	-63.442760	 38.493650	 20.173810	 18.210980	-6.685662	 19.244990	 18.281560	-5.758944	 19.259770	-76.145120	 18.543470	 10.444850	 28.924040	-3.776234	 9.431155	 23.717900	-0.501514	 10.240780	-66.267680	-51.617550	-12.041010	-7.588076	 16.036980	-0.540203	 0.139333	 43.138550	-0.402601	 3.690714	 0.683666	 1.823767	 90.078160	-87.999350	-1.483489	-106.327800	 179.243600	 2.698516	 110.115000	-0.813313	 0.122417	-8.559153	-7.929889	 12.584380	 48.184970	-32.003620	 21.878360	 5.025019	 18.251250	 13.211260	-22.145720	-10.589230	-3.596189	 52.194110	 2.463929	-1.150343	 57.334620	 2.454694	 1.014454	-43.811130	-0.443377	 1.203182	 42.061680	-0.212398	 3.171676	 31.928770	 2.652415	 5.050218	-59.646950	 32.041090	 17.417330	 21.145020	-6.566513	 19.290080	 25.054720	-5.724463	 19.255220	-74.422920	 14.702940	 8.092864	 29.642760	-3.710236	 9.465702	 32.039530	-0.542974	 10.442090	-61.537100	-36.715930	-2.656852	 27.816320	 15.609720	-0.539555	 0.135676	 16.990000	-0.375326	 3.456629	 0.000000	 90.000000	 0.000000	 170.419400	-3.837506	 172.853300	-174.657900	-22.015920	-11.862840
 0.047877	-0.065285	 0.018736	-93.348080	 3.309671	-95.453160	-9.404555	-0.025646	-3.040536	-8.696046	-0.696618	-2.814062	 0.573566	-2.595324	 107.203500	-0.813313	 0.122417	-8.559153	-9.311881	 17.078430	 65.906390	-107.174700	 13.840930	 9.571072	 30.657170	 7.126642	-44.016140	-10.447860	-3.508884	 49.751340	 2.465954	-1.147675	 53.557940	 2.468155	 1.000567	-44.183300	-0.016275	 1.537472	 40.152550	-0.236361	 3.159292	 22.855750	 2.757185	 4.803116	-63.433270	 38.490000	 20.172380	 18.210250	-6.685671	 19.244990	 18.281120	-5.758693	 19.259720	-76.132790	 18.541570	 10.443710	 28.920380	-3.776208	 9.431168	 23.720990	-0.501558	 10.241050	-66.261370	-51.617550	-12.041010	-7.588076	 16.032960	-0.540191	 0.139298	 43.138550	-0.402601	 3.690714	 0.684682	 1.762740	 90.078320	-88.075010	-1.513412	-106.327500	 179.232300	 2.741752	 110.122900	-0.813313	 0.122417	-8.559153	-8.195098	 12.157590	 48.283320	-30.245290	 21.618870	 4.764814	 17.827540	 12.928540	-22.219860	-10.584580	-3.591523	 52.203910	 2.463919	-1.150359	 57.354890	 2.454415	 1.014740	-43.803420	-0.469381	 1.182245	 42.074790	-0.212151	 3.171830	 32.026440	 2.647728	 5.060289	-59.490270	 31.941850	 17.371700	 21.187290	-6.565991	 19.290310	 25.084970	-5.722310	 19.254920	-74.316760	 14.570640	 8.009731	 29.679840	-3.709386	 9.466223	 32.150350	-0.544163	 10.446870	-61.423670	-36.715930	-2.656852	 27.816320	 15.609720	-0.539555	 0.135676	 16.990000	-0.375326	 3.456629	 0.000000	 90.000000	 0.000000	 170.352000	-3.782290	 173.003300	-174.654500	-22.082990	-11.911760
 0.048986	-0.065016	 0.018765	-93.122990	 3.321307	-95.461730	-9.431798	-0.004811	-2.975835	-8.718115	-0.604365	-2.754238	 0.567649	-2.569557	 107.199300	-0.813313	 0.122417	-8.559153	-9.208827	 17.156830	 65.822060	-107.197000	 13.805930	 9.529371	 30.657790	 7.097285	-43.967050	-10.448330	-3.509320	 49.751400	 2.465953	-1.147676	 53.558080	 2.468201	 1.000519	-44.184580	-0.018104	 1.536050	 40.152320	-0.236345	 3.159299	 22.861530	 2.756909	 4.803833	-63.422450	 38.486060	 20.170840	 18.209140	-6.685681	 19.244990	 18.280640	-5.758414	 19.259680	-76.118830	 18.539530	 10.442470	 28.915820	-3.776177	 9.431181	 23.724860	-0.501607	 10.241360	-66.254210	-51.617550	-12.041010	-7.588076	 16.027250	-0.540181	 0.139248	 43.138550	-0.402601	 3.690714	 0.685941	 1.689576	 90.078560	-88.169640	-1.544415	-106.261900	 179.219900	 2.788729	 110.131900	-0.813313	 0.122417	-8.559153	-8.503439	 11.668260	 48.404540	-28.286730	 21.301400	 4.475964	 17.297590	 12.604140	-22.283700	-10.579180	-3.586092	 52.215260	 2.463908	-1.150376	 57.378400	 2.454092	 1.015071	-43.794500	-0.499971	 1.157605	 42.089940	-0.211885	 3.171997	 32.131980	 2.642642	 5.071131	-59.321340	 31.818380	 17.314880	 21.238560	-6.565389	 19.290570	 25.119960	-5.720223	 19.254640	-74.213700	 14.451260	 7.934404	 29.717230	-3.708470	 9.466786	 32.270030	-0.545459	 10.452030	-61.300980	-36.715930	-2.656852	 27.816320	 15.609720	-0.539555	 0.135676	 16.990000	-0.375326	 3.456629	 0.000000	 90.000000	 0.000000	 170.374800	-3.681474	 172.304900	-174.627900	-22.170960	-12.017170
 0.050134	-0.064939	 0.018762	-92.899950	 3.323651	-95.467810	-9.452419	 0.010627	-2.926262	-8.734718	-0.533491	-2.708369	 0.564686	-2.556725	 107.194600	-0.813313	 0.122417	-8.559153	-9.138170	 17.194160	 65.751310	-107.223500	 13.795310	 9.495631	 30.684820	 7.083565	-43.925930	-10.448670	-3.509638	 49.751410	 2.465953	-1.147675	 53.558220	 2.468238	 1.000481	-44.185620	-0.019425	 1.535023	 40.152170	-0.236332	 3.159304	 22.866170	 2.756708	 4.804352	-63.414590	 38.483350	 20.169780	 18.208120	-6.685687	 19.244980	 18.280260	-5.758211	 19.259640	-76.108720	 18.538110	 10.441620	 28.912150	-3.776151	 9.431190	 23.727990	-0.501645	 10.241580	-66.248990	-51.617050	-12.040920	-7.587511	 16.022020	-0.540173	 0.139204	 43.137820	-0.402603	 3.690708	 0.686942	 1.637969	 90.078720	-88.245270	-1.565164	-106.176600	 179.211100	 2.822193	 110.138400	-0.813313	 0.122417	-8.559153	-8.730832	 11.314960	 48.497590	-26.801480	 21.076790	 4.259805	 16.862870	 12.381980	-22.320010	-10.575140	-3.582020	 52.224140	 2.463899	-1.150390	 57.396780	 2.453839	 1.015329	-43.787510	-0.518216	 1.142896	 42.101680	-0.211756	 3.172078	 32.183340	 2.640170	 5.076375	-59.239580	 31.732880	 17.275360	 21.275200	-6.564918	 19.290780	 25.147410	-5.718815	 19.254440	-74.144240	 14.399890	 7.901627	 29.739990	-3.708025	 9.467060	 32.328210	-0.546094	 10.454550	-61.241290	-36.715930	-2.656852	 27.816320	 15.609720	-0.539555	 0.135676	 16.990000	-0.375326	 3.456629	 0.000000	 90.000000	 0.000000	 170.519100	-3.588897	 171.270600	-174.584200	-22.258360	-12.153960
 0.050993	-0.065001	 0.018693	-92.660860	 3.325887	-95.475230	-9.473806	 0.025746	-2.874136	-8.751942	-0.462516	-2.660113	 0.563206	-2.550431	 107.188400	-0.813313	 0.122417	-8.559153	-9.074115	 17.209410	 65.673260	-107.260800	 13.803240	 9.458984	 30.738200	 7.080696	-43.882860	-10.449080	-3.510014	 49.751470	 2.465953	-1.147675	 53.558340	 2.468279	 1.000438	-44.186750	-0.020695	 1.534035	 40.151990	-0.236319	 3.159309	 22.871220	 2.756512	 4.804862	-63.406880	 38.480790	 20.168790	 18.206890	-6.685693	 19.244980	 18.279910	-5.758013	 19.259610	-76.098880	 18.536820	 10.440840	 28.908120	-3.776123	 9.431206	 23.731430	-0.501679	 10.241810	-66.243840	-51.256710	-11.966090	-7.007506	 16.015740	-0.540163	 0.139151	 42.626550	-0.403098	 3.686086	 0.688034	 1.593577	 90.078880	-88.328770	-1.596566	-106.068500	 179.202300	 2.855502	 110.145000	-0.813313	 0.122417	-8.559153	-8.966513	 10.982630	 48.594100	-25.185900	 20.896900	 4.034076	 16.372880	 12.194130	-22.351190	-10.571030	-3.577867	 52.233980	 2.463889	-1.150406	 57.417230	 2.453556	 1.015618	-43.779710	-0.532897	 1.131046	 42.114590	-0.211673	 3.172131	 32.216420	 2.638586	 5.079723	-59.187340	 31.661710	 17.242200	 21.308680	-6.564393	 19.291010	 25.177970	-5.717365	 19.254250	-74.072670	 14.366780	 7.880140	 29.761620	-3.707739	 9.467238	 32.365620	-0.546504	 10.456160	-61.202860	-36.715930	-2.656852	 27.816320	 15.609720	-0.539555	 0.135676	 16.990000	-0.375326	 3.456629	 0.000000	 90.000000	 0.000000	 170.788800	-3.498403	 170.210700	-174.516300	-22.365250	-12.332410
 0.052032	-0.065205	 0.018543	-92.415120	 3.328971	-95.485050	-9.497035	 0.040253	-2.816622	-8.770681	-0.393139	-2.606855	 0.563229	-2.550777	 107.179900	-0.813313	 0.122417	-8.559153	-9.014487	 17.201950	 65.584400	-107.312100	 13.831670	 9.417779	 30.818620	 7.091167	-43.835110	-10.449520	-3.510419	 49.751540	 2.465953	-1.147676	 53.558530	 2.468324	 1.000392	-44.188000	-0.021982	 1.533034	 40.151800	-0.236303	 3.159317	 22.876980	 2.756314	 4.805373	-63.399150	 38.478430	 20.167870	 18.205320	-6.685699	 19.244980	 18.279560	-5.757816	 19.259580	-76.089130	 18.535610	 10.440110	 28.903550	-3.776090	 9.431217	 23.735340	-0.501715	 10.242020	-66.238710	-50.746450	-11.822400	-5.904958	 15.991210	-0.540122	 0.138940	 41.909740	-0.403736	 3.679600	 0.689248	 1.563341	 90.078990	-88.426210	-1.654947	-105.946200	 179.193000	 2.890657	 110.151700	-0.813313	 0.122417	-8.559153	-9.220494	 10.680530	 48.694910	-23.685810	 20.783080	 3.836160	 15.859060	 12.055650	-22.397850	-10.566770	-3.573526	 52.245860	 2.463877	-1.150425	 57.442070	 2.453213	 1.015969	-43.770250	-0.544395	 1.121747	 42.130130	-0.211620	 3.172163	 32.237440	 2.637595	 5.081814	-59.154690	 31.584870	 17.206190	 21.346470	-6.563755	 19.291290	 25.215120	-5.715608	 19.254020	-73.985950	 14.332970	 7.858014	 29.786960	-3.707558	 9.467352	 32.389330	-0.546765	 10.457190	-61.178470	-36.715930	-2.656852	 27.816320	 15.609720	-0.539555	 0.135676	 16.990000	-0.375326	 3.456629	 0.000000	 90.000000	 0.000000	 171.117800	-3.373285	 168.866300	-174.414800	-22.490380	-12.545950
 0.053013	-0.065395	 0.018350	-92.206910	 3.324718	-95.491930	-9.516844	 0.050336	-2.766678	-8.786833	-0.344600	-2.560561	 0.564523	-2.556693	 107.171500	-0.813313	 0.122417	-8.559153	-8.972144	 17.176890	 65.506710	-107.364100	 13.869310	 9.381900	 30.904090	 7.108948	-43.793400	-10.449910	-3.510780	 49.751630	 2.465953	-1.147676	 53.558690	 2.468364	 1.000350	-44.189110	-0.022931	 1.532297	 40.151660	-0.236289	 3.159323	 22.882110	 2.756165	 4.805763	-63.393280	 38.476760	 20.167220	 18.203790	-6.685704	 19.244980	 18.279280	-5.757666	 19.259550	-76.081790	 18.534770	 10.439600	 28.899480	-3.776061	 9.431230	 23.738860	-0.501743	 10.242190	-66.234800	-48.886200	-11.253400	-2.195770	 15.946810	-0.540046	 0.138560	 39.199000	-0.405387	 3.655016	 0.690331	 1.552291	 90.079050	-88.513250	-1.724363	-105.824600	 179.185200	 2.920532	 110.157100	-0.813313	 0.122417	-8.559153	-9.415976	 10.489180	 48.770180	-22.797310	 20.762050	 3.728409	 15.479940	 12.003020	-22.461880	-10.563360	-3.570013	 52.257430	 2.463865	-1.150443	 57.466370	 2.452877	 1.016312	-43.760960	-0.551061	 1.116336	 42.145250	-0.211584	 3.172186	 32.251580	 2.636934	 5.083206	-59.132970	 31.500500	 17.166710	 21.386220	-6.563128	 19.291560	 25.251560	-5.713769	 19.253780	-73.895210	 14.285310	 7.827224	 29.814040	-3.707437	 9.467426	 32.405250	-0.546941	 10.457880	-61.162090	-36.715930	-2.656852	 27.816320	 15.609720	-0.539555	 0.135676	 16.990000	-0.375326	 3.456629	 0.000000	 90.000000	 0.000000	 171.364800	-3.229851	 167.666000	-174.304900	-22.602220	-12.722870
 0.053522	-0.065547	 0.018129	-92.005340	 3.312629	-95.497630	-9.535989	 0.057516	-2.719067	-8.802687	-0.310957	-2.516373	 0.566801	-2.566953	 107.162200	-0.813313	 0.122417	-8.559153	-8.938819	 17.137800	 65.431530	-107.420900	 13.914160	 9.347051	 30.999470	 7.131405	-43.752060	-10.450310	-3.511143	 49.751730	 2.465953	-1.147676	 53.558860	 2.468404	 1.000309	-44.190200	-0.023710	 1.531691	 40.151490	-0.236275	 3.159329	 22.887220	 2.756038	 4.806089	-63.388340	 38.475490	 20.166730	 18.202160	-6.685709	 19.244980	 18.279070	-5.757545	 19.259530	-76.075740	 18.534140	 10.439220	 28.895410	-3.776032	 9.431243	 23.742380	-0.501765	 10.242330	-66.231530	-46.606990	-10.369390	 2.448990	 15.888920	-0.539944	 0.138065	 35.783330	-0.405816	 3.623970	 0.691401	 1.550793	 90.079100	-88.598930	-1.807816	-105.677400	 179.178600	 2.945345	 110.162000	-0.813313	 0.122417	-8.559153	-9.578638	 10.363710	 48.829250	-22.107180	 20.806320	 3.651752	 15.152100	 12.004440	-22.539660	-10.560300	-3.566817	 52.270290	 2.463851	-1.150463	 57.493450	 2.452502	 1.016696	-43.750600	-0.555342	 1.112839	 42.162030	-0.211537	 3.172216	 32.270340	 2.636045	 5.085078	-59.103720	 31.454340	 17.144430	 21.416340	-6.562429	 19.291880	 25.292260	-5.712024	 19.253550	-73.809130	 14.256590	 7.808134	 29.840720	-3.707275	 9.467527	 32.426390	-0.547174	 10.458790	-61.140350	-36.715930	-2.656852	 27.816320	 15.609720	-0.539555	 0.135676	 16.990000	-0.375326	 3.456629	 0.000000	 90.000000	 0.000000	 171.570200	-3.070688	 166.883700	-174.178600	-22.712170	-12.867900
 0.054112	-0.065709	 0.017845	-91.766560	 3.291919	-95.508630	-9.558728	 0.062894	-2.665058	-8.821587	-0.284681	-2.466168	 0.570672	-2.584299	 107.150000	-0.813313	 0.122417	-8.559153	-8.908836	 17.074740	 65.344060	-107.495300	 13.973680	 9.305939	 31.126420	 7.161207	-43.701320	-10.450760	-3.511562	 49.751870	 2.465953	-1.147676	 53.559070	 2.468451	 1.000260	-44.191510	-0.024438	 1.531124	 40.151290	-0.236257	 3.159335	 22.893510	 2.755916	 4.806403	-63.383590	 38.474460	 20.166340	 18.199990	-6.685712	 19.244970	 18.278860	-5.757431	 19.259520	-76.070070	 18.533640	 10.438910	 28.890420	-3.775996	 9.431258	 23.746750	-0.501785	 10.242470	-66.228390	-46.380290	-10.264580	 2.950473	 15.809220	-0.539801	 0.137383	 35.420770	-0.405751	 3.620674	 0.692712	 1.559361	 90.079150	-88.700970	-1.927479	-105.472300	 179.172500	 2.968477	 110.167300	-0.813313	 0.122417	-8.559153	-9.741616	 10.273170	 48.879310	-21.361490	 20.918870	 3.573357	 14.789440	 12.054300	-22.642760	-10.557060	-3.563339	 52.288270	 2.463833	-1.150491	 57.531520	 2.451973	 1.017236	-43.736030	-0.558576	 1.110163	 42.185550	-0.211434	 3.172282	 32.311310	 2.634065	 5.089236	-59.038760	 31.452740	 17.141940	 21.440060	-6.561446	 19.292310	 25.349570	-5.710474	 19.253350	-73.732770	 14.256350	 7.806378	 29.872520	-3.706921	 9.467747	 32.472740	-0.547685	 10.460790	-61.092820	-36.715930	-2.656852	 27.816320	 15.609720	-0.539555	 0.135676	 16.990000	-0.375326	 3.456629	 0.000000	 90.000000	 0.000000	 171.748600	-2.838660	 166.039900	-174.009100	-22.841900	-12.997090
 0.054472	-0.065849	 0.017613	-91.580770	 3.274649	-95.525700	-9.576626	 0.065102	-2.624664	-8.836269	-0.269816	-2.428533	 0.574475	-2.601305	 107.139400	-0.813313	 0.122417	-8.559153	-8.892392	 17.014620	 65.278340	-107.558300	 14.021260	 9.274316	 31.234000	 7.183951	-43.659860	-10.451150	-3.511924	 49.752000	 2.465953	-1.147676	 53.559260	 2.468489	 1.000221	-44.192570	-0.024828	 1.530821	 40.151140	-0.236244	 3.159342	 22.898610	 2.755845	 4.806587	-63.380810	 38.474040	 20.166190	 18.198110	-6.685715	 19.244970	 18.278720	-5.757368	 19.259500	-76.066940	 18.533440	 10.438790	 28.886390	-3.775968	 9.431273	 23.750300	-0.501800	 10.242550	-66.226530	-38.970300	-5.226737	 20.772470	 15.745150	-0.539694	 0.136834	 22.228320	-0.389338	 3.502133	 0.693761	 1.572770	 90.079190	-88.779780	-2.036522	-105.294500	 179.167800	 2.986165	 110.171200	-0.813313	 0.122417	-8.559153	-9.849304	 10.231750	 48.901170	-20.849690	 21.027500	 3.521829	 14.506500	 12.114190	-22.724380	-10.554850	-3.560889	 52.304950	 2.463816	-1.150519	 57.566950	 2.451480	 1.017738	-43.722440	-0.560491	 1.108555	 42.207440	-0.211293	 3.172370	 32.367600	 2.631315	 5.094993	-58.948780	 31.311280	 17.075660	 21.503870	-6.560529	 19.292720	 25.402990	-5.709624	 19.253240	-73.690860	 14.166540	 7.748588	 29.915640	-3.706435	 9.468050	 32.536530	-0.548391	 10.463530	-61.027480	-36.715930	-2.656852	 27.816320	 15.609720	-0.539555	 0.135676	 16.990000	-0.375326	 3.456629	 0.000000	 90.000000	 0.000000	 171.868300	-2.638023	 165.495200	-173.872700	-22.940600	-13.075070
 0.054661	-0.065986	 0.017368	-91.398030	 3.258431	-95.535230	-9.594440	 0.065626	-2.586335	-8.850637	-0.259969	-2.392763	 0.578788	-2.620589	 107.128300	-0.813313	 0.122417	-8.559153	-8.882003	 16.947740	 65.217040	-107.624000	 14.065560	 9.243855	 31.345470	 7.203184	-43.616980	-10.451530	-3.512270	 49.752150	 2.465952	-1.147676	 53.559460	 2.468527	 1.000181	-44.193650	-0.025048	 1.530649	 40.150990	-0.236229	 3.159348	 22.903770	 2.755799	 4.806707	-63.378990	 38.474000	 20.166180	 18.196110	-6.685715	 19.244970	 18.278630	-5.757331	 19.259500	-76.065120	 18.533420	 10.438770	 28.882290	-3.775937	 9.431282	 23.753940	-0.501808	 10.242600	-66.225300	-36.840930	-2.965787	 26.849150	 15.686720	-0.539584	 0.136333	 17.578190	-0.377117	 3.461673	 0.694836	 1.590711	 90.079220	-88.851200	-2.158657	-105.109400	 179.164500	 2.998169	 110.174600	-0.813313	 0.122417	-8.559153	-9.944010	 10.204530	 48.930470	-20.407270	 21.129190	 3.477927	 14.209650	 12.176590	-22.799450	-10.552820	-3.558594	 52.322740	 2.463798	-1.150546	 57.603200	 2.450954	 1.018275	-43.707920	-0.562582	 1.106798	 42.230820	-0.211126	 3.172476	 32.433780	 2.628186	 5.101512	-58.846770	 31.219290	 17.031720	 21.554490	-6.559592	 19.293140	 25.457650	-5.709061	 19.253170	-73.663180	 14.120100	 7.717794	 29.954450	-3.705862	 9.468407	 32.611570	-0.549224	 10.466760	-60.950620	-36.715930	-2.656852	 27.816320	 15.609720	-0.539555	 0.135676	 16.990000	-0.375326	 3.456629	 0.000000	 90.000000	 0.000000	 171.994600	-2.435434	 165.081900	-173.743500	-23.033410	-13.136670
 0.054792	-0.066120	 0.017039	-91.183920	 3.239862	-95.516720	-9.615704	 0.064105	-2.543211	-8.867482	-0.254458	-2.352427	 0.584424	-2.645791	 107.114300	-0.813313	 0.122417	-8.559153	-8.876901	 16.861940	 65.151380	-107.704600	 14.109360	 9.209497	 31.480530	 7.217811	-43.563290	-10.451990	-3.512689	 49.752350	 2.465953	-1.147676	 53.559720	 2.468574	 1.000133	-44.194940	-0.025065	 1.530635	 40.150820	-0.236212	 3.159355	 22.910080	 2.755778	 4.806761	-63.378180	 38.474410	 20.166350	 18.193530	-6.685716	 19.244980	 18.278610	-5.757327	 19.259500	-76.064820	 18.533650	 10.438910	 28.877320	-3.775901	 9.431298	 23.758380	-0.501813	 10.242630	-66.224630	-37.236240	-3.319617	 26.067400	 15.632900	-0.539491	 0.135874	 18.292650	-0.379209	 3.467822	 0.696167	 1.616370	 90.079320	-88.922160	-2.321481	-104.886900	 179.164600	 2.997411	 110.178100	-0.813313	 0.122417	-8.559153	-10.047770	 10.173070	 49.002870	-19.969050	 21.209120	 3.433449	 13.812860	 12.233190	-22.872180	-10.550430	-3.555881	 52.343820	 2.463779	-1.150575	 57.642140	 2.450330	 1.018911	-43.690730	-0.566339	 1.103683	 42.258560	-0.210948	 3.172590	 32.504910	 2.625129	 5.107855	-58.747450	 31.188850	 17.015580	 21.591260	-6.558585	 19.293590	 25.516400	-5.708712	 19.253120	-73.645690	 14.122690	 7.717438	 29.992070	-3.705248	 9.468791	 32.692210	-0.550126	 10.470230	-60.868030	-36.715930	-2.656852	 27.816320	 15.609720	-0.539555	 0.135676	 16.990000	-0.375326	 3.456629	 0.000000	 90.000000	 0.000000	 172.173200	-2.199354	 164.625300	-173.611400	-23.133650	-13.195920
 0.055012	-0.066206	 0.016801	-91.000580	 3.224425	-95.477850	-9.634185	 0.061054	-2.508159	-8.881732	-0.254872	-2.319556	 0.589545	-2.668715	 107.101600	-0.813313	 0.122417	-8.559153	-8.878336	 16.785290	 65.102800	-107.776500	 14.143300	 9.182046	 31.596820	 7.227033	-43.518930	-10.452380	-3.513050	 49.752540	 2.465952	-1.147676	 53.559930	 2.468614	 1.000091	-44.196060	-0.024861	 1.530792	 40.150660	-0.236197	 3.159361	 22.915630	 2.755792	 4.806724	-63.378750	 38.475470	 20.166780	 18.191060	-6.685715	 19.244970	 18.278630	-5.757357	 19.259500	-76.066350	 18.534500	 10.439410	 28.872870	-3.775868	 9.431314	 23.762340	-0.501812	 10.242630	-66.224660	-36.835770	-2.817017	 27.392170	 15.599790	-0.539429	 0.135590	 17.302070	-0.376295	 3.459303	 0.697335	 1.640600	 90.079370	-88.972430	-2.474818	-104.701100	 179.167300	 2.986292	 110.180600	-0.813313	 0.122417	-8.559153	-10.133260	 10.127700	 49.095130	-19.668450	 21.211520	 3.400107	 13.480980	 12.235380	-22.927680	-10.548370	-3.553538	 52.361890	 2.463764	-1.150598	 57.672050	 2.449795	 1.019457	-43.675970	-0.569710	 1.100887	 42.282370	-0.210811	 3.172677	 32.559550	 2.623063	 5.112125	-58.680550	 31.206760	 17.021910	 21.609870	-6.557810	 19.293930	 25.561540	-5.708622	 19.253110	-73.641480	 14.131560	 7.721294	 30.023480	-3.704776	 9.469089	 32.754150	-0.550820	 10.472900	-60.804570	-36.715930	-2.656852	 27.816320	 15.609720	-0.539555	 0.135676	 16.990000	-0.375326	 3.456629	 0.000000	 90.000000	 0.000000	 172.334400	-1.998614	 164.268900	-173.522600	-23.210120	-13.241010
 0.055228	-0.066202	 0.016598	-90.814670	 3.209270	-95.420220	-9.653037	 0.056447	-2.474686	-8.895904	-0.259883	-2.288121	 0.594805	-2.692289	 107.088400	-0.813313	 0.122417	-8.559153	-8.884704	 16.708070	 65.062880	-107.851800	 14.180510	 9.156989	 31.712220	 7.239166	-43.481560	-10.452790	-3.513425	 49.752750	 2.465952	-1.147677	 53.560180	 2.468655	 1.000049	-44.197190	-0.024438	 1.531121	 40.150520	-0.236181	 3.159368	 22.921350	 2.755839	 4.806602	-63.380570	 38.477440	 20.167570	 18.188230	-6.685715	 19.244970	 18.278720	-5.757415	 19.259510	-76.069270	 18.536350	 10.440530	 28.868170	-3.775835	 9.431331	 23.766420	-0.501809	 10.242600	-66.225200	-36.721610	-2.663485	 27.797460	 15.573090	-0.539391	 0.135362	 17.003950	-0.375387	 3.456750	 0.698565	 1.665410	 90.079480	-89.014610	-2.639733	-104.527000	 179.171900	 2.967959	 110.182600	-0.813313	 0.122417	-8.559153	-10.208670	 10.076110	 49.210800	-19.502910	 21.159070	 3.381696	 13.208300	 12.193580	-22.993680	-10.546290	-3.551181	 52.380070	 2.463752	-1.150618	 57.698900	 2.449257	 1.020005	-43.661150	-0.571754	 1.099161	 42.306280	-0.210688	 3.172756	 32.608540	 2.621496	 5.115355	-58.629910	 31.241120	 17.035790	 21.623810	-6.557118	 19.294250	 25.602020	-5.708690	 19.253120	-73.644670	 14.133860	 7.721021	 30.056140	-3.704355	 9.469356	 32.809670	-0.551445	 10.475280	-60.747700	-36.715930	-2.656852	 27.816320	 15.609720	-0.539555	 0.135676	 16.990000	-0.375326	 3.456629	 0.000000	 90.000000	 0.000000	 172.475000	-1.793750	 164.009700	-173.454100	-23.280030	-13.286850
 0.055381	-0.066067	 0.016375	-90.605730	 3.192831	-95.338790	-9.674247	 0.049669	-2.439803	-8.911304	-0.270480	-2.255296	 0.600512	-2.717917	 107.073500	-0.813313	 0.122417	-8.559153	-8.896794	 16.626210	 65.031330	-107.937900	 14.224970	 9.132927	 31.834390	 7.256100	-43.451270	-10.453250	-3.513844	 49.753010	 2.465952	-1.147677	 53.560490	 2.468700	 1.000002	-44.198450	-0.023845	 1.531580	 40.150350	-0.236164	 3.159375	 22.927780	 2.755927	 4.806375	-63.384010	 38.480620	 20.168830	 18.184750	-6.685712	 19.244980	 18.278910	-5.757508	 19.259530	-76.073850	 18.539520	 10.442420	 28.862720	-3.775796	 9.431347	 23.771070	-0.501800	 10.242550	-66.226460	-36.435780	-2.279765	 28.788720	 15.550900	-0.539344	 0.135173	 16.263330	-0.373071	 3.450425	 0.699955	 1.691290	 90.079640	-89.053180	-2.831316	-104.360200	 179.178300	 2.942711	 110.184500	-0.813313	 0.122417	-8.559153	-10.268780	 10.040230	 49.358010	-19.524180	 21.073680	 3.388463	 12.967150	 12.129580	-23.058550	-10.544010	-3.548590	 52.400120	 2.463739	-1.150638	 57.724640	 2.448663	 1.020610	-43.644780	-0.572505	 1.098471	 42.332580	-0.210570	 3.172831	 32.655550	 2.620351	 5.117711	-58.592960	 31.267000	 17.045590	 21.642740	-6.556452	 19.294550	 25.640890	-5.708867	 19.253150	-73.653520	 14.146040	 7.726775	 30.090860	-3.703950	 9.469610	 32.862950	-0.552049	 10.477580	-60.693100	-36.715930	-2.656852	 27.816320	 15.609720	-0.539555	 0.135676	 16.990000	-0.375326	 3.456629	 0.000000	 90.000000	 0.000000	 172.605100	-1.568986	 163.807200	-173.400700	-23.351080	-13.345040
 0.055435	-0.065895	 0.016203	-90.417700	 3.178568	-95.255820	-9.693217	 0.042420	-2.411021	-8.924596	-0.283817	-2.228152	 0.605224	-2.739138	 107.060200	-0.813313	 0.122417	-8.559153	-8.911162	 16.560670	 65.016600	-108.015100	 14.266530	 9.115634	 31.933780	 7.274188	-43.436480	-10.453650	-3.514205	 49.753280	 2.465952	-1.147677	 53.560770	 2.468739	 0.999961	-44.199540	-0.023168	 1.532106	 40.150220	-0.236148	 3.159382	 22.933560	 2.756036	 4.806095	-63.388250	 38.484310	 20.170290	 18.181380	-6.685707	 19.244980	 18.279130	-5.757610	 19.259540	-76.078960	 18.543230	 10.444650	 28.857740	-3.775761	 9.431359	 23.775260	-0.501789	 10.242480	-66.228100	-36.191950	-1.940593	 29.653270	 15.537370	-0.539323	 0.135056	 15.615380	-0.370982	 3.444917	 0.701222	 1.710713	 90.079850	-89.083170	-3.005346	-104.287100	 179.184200	 2.919394	 110.185700	-0.813313	 0.122417	-8.559153	-10.303110	 10.025600	 49.499550	-19.672100	 20.978780	 3.411198	 12.794530	 12.062660	-23.085870	-10.542020	-3.546325	 52.417610	 2.463730	-1.150652	 57.743870	 2.448144	 1.021138	-43.630490	-0.571903	 1.098885	 42.355510	-0.210483	 3.172887	 32.690590	 2.619835	 5.118771	-58.576320	 31.279980	 17.049730	 21.662180	-6.555955	 19.294770	 25.669890	-5.709122	 19.253180	-73.665990	 14.160800	 7.734405	 30.120630	-3.703649	 9.469802	 32.902630	-0.552500	 10.479280	-60.652390	-36.715930	-2.656852	 27.816320	 15.609720	-0.539555	 0.135676	 16.990000	-0.375326	 3.456629	 0.000000	 90.000000	 0.000000	 172.698300	-1.378284	 163.672000	-173.351200	-23.409060	-13.351150
 0.055448	-0.065735	 0.016072	-90.236850	 3.165257	-95.172040	-9.711291	 0.034684	-2.385692	-8.936827	-0.299368	-2.204217	 0.609198	-2.757100	 107.047600	-0.813313	 0.122417	-8.559153	-8.928618	 16.508050	 65.015720	-108.088700	 14.306550	 9.104659	 32.017200	 7.293902	-43.434440	-10.454010	-3.514536	 49.753520	 2.465952	-1.147677	 53.561050	 2.468776	 0.999924	-44.200560	-0.022423	 1.532684	 40.150090	-0.236133	 3.159389	 22.939010	 2.756163	 4.805768	-63.393210	 38.488460	 20.171940	 18.177990	-6.685702	 19.244980	 18.279420	-5.757724	 19.259560	-76.084670	 18.547400	 10.447150	 28.852980	-3.775729	 9.431374	 23.779230	-0.501775	 10.242390	-66.230060	-35.970860	-1.622980	 30.453560	 15.529360	-0.539306	 0.134988	 15.013960	-0.368990	 3.439826	 0.702436	 1.724435	 90.080040	-89.109420	-3.169904	-104.276800	 179.189300	 2.899442	 110.186600	-0.813313	 0.122417	-8.559153	-10.321190	 10.024790	 49.638040	-19.876770	 20.876770	 3.440640	 12.654060	 11.993420	-23.088270	-10.540180	-3.544227	 52.433790	 2.463722	-1.150663	 57.758930	 2.447664	 1.021626	-43.617280	-0.570326	 1.100094	 42.376740	-0.210414	 3.172932	 32.718050	 2.619747	 5.118952	-58.573470	 31.297250	 17.055980	 21.678690	-6.555567	 19.294950	 25.692630	-5.709466	 19.253220	-73.682940	 14.174290	 7.741356	 30.148350	-3.703412	 9.469951	 32.933730	-0.552854	 10.480620	-60.620500	-36.715930	-2.656852	 27.816320	 15.609720	-0.539555	 0.135676	 16.990000	-0.375326	 3.456629	 0.000000	 90.000000	 0.000000	 172.768800	-1.210359	 163.555100	-173.293000	-23.460760	-13.302060
 0.055316	-0.065576	 0.015957	-90.014470	 3.148709	-95.068660	-9.733272	 0.024410	-2.357421	-8.951115	-0.321332	-2.177487	 0.613165	-2.775136	 107.032900	-0.813313	 0.122417	-8.559153	-8.953471	 16.459480	 65.027280	-108.177600	 14.355130	 9.099477	 32.101380	 7.321125	-43.449080	-10.454450	-3.514939	 49.753880	 2.465952	-1.147678	 53.561390	 2.468820	 0.999878	-44.201780	-0.021407	 1.533473	 40.149970	-0.236115	 3.159396	 22.945560	 2.756344	 4.805296	-63.400330	 38.494250	 20.174230	 18.173700	-6.685695	 19.244980	 18.279820	-5.757883	 19.259590	-76.092540	 18.553210	 10.450630	 28.847160	-3.775689	 9.431394	 23.784080	-0.501754	 10.242270	-66.232960	-35.716400	-1.244649	 31.395790	 15.525080	-0.539298	 0.134952	 14.364640	-0.366774	 3.434353	 0.703925	 1.733059	 90.080360	-89.140800	-3.365127	-104.341400	 179.195300	 2.875771	 110.187300	-0.813313	 0.122417	-8.559153	-10.327420	 10.037930	 49.805770	-20.147670	 20.743150	 3.478003	 12.496480	 11.905470	-23.064740	-10.538010	-3.541759	 52.452880	 2.463716	-1.150674	 57.773310	 2.447098	 1.022201	-43.601720	-0.567260	 1.102497	 42.401710	-0.210349	 3.172974	 32.744250	 2.620102	 5.118222	-58.584930	 31.323890	 17.066230	 21.696330	-6.555197	 19.295110	 25.714350	-5.709998	 19.253290	-73.709300	 14.194900	 7.752524	 30.180440	-3.703187	 9.470093	 32.963370	-0.553194	 10.481900	-60.590070	-36.715930	-2.656852	 27.816320	 15.609720	-0.539555	 0.135676	 16.990000	-0.375326	 3.456629	 0.000000	 90.000000	 0.000000	 172.855900	-0.973918	 163.545600	-173.219000	-23.522190	-13.220000
 0.055069	-0.065483	 0.015900	-89.814390	 3.133792	-94.979130	-9.750907	 0.014651	-2.334408	-8.963355	-0.343081	-2.155667	 0.615753	-2.787028	 107.020300	-0.813313	 0.122417	-8.559153	-8.975868	 16.432040	 65.043950	-108.255200	 14.398160	 9.101430	 32.158290	 7.348302	-43.478940	-10.454830	-3.515285	 49.754200	 2.465951	-1.147678	 53.561690	 2.468857	 0.999839	-44.202830	-0.020407	 1.534249	 40.149890	-0.236099	 3.159403	 22.951320	 2.756529	 4.804817	-63.407550	 38.500030	 20.176510	 18.169720	-6.685687	 19.244980	 18.280260	-5.758042	 19.259610	-76.100320	 18.558910	 10.454050	 28.842020	-3.775653	 9.431407	 23.788360	-0.501733	 10.242140	-66.235950	-35.502720	-0.915662	 32.205970	 15.525400	-0.539305	 0.134955	 13.828900	-0.364908	 3.429857	 0.705271	 1.721158	 90.080770	-89.170220	-3.531489	-104.464800	 179.201400	 2.851753	 110.187600	-0.813313	 0.122417	-8.559153	-10.321470	 10.060000	 49.949610	-20.356490	 20.620340	 3.505487	 12.352720	 11.826790	-23.023660	-10.536130	-3.539616	 52.469340	 2.463711	-1.150681	 57.782750	 2.446610	 1.022697	-43.588280	-0.563626	 1.105371	 42.423180	-0.210306	 3.173001	 32.761450	 2.620787	 5.116814	-58.607020	 31.352040	 17.077460	 21.710000	-6.554949	 19.295220	 25.728610	-5.710569	 19.253360	-73.737300	 14.221000	 7.767411	 30.206900	-3.703039	 9.470188	 32.982800	-0.553416	 10.482730	-60.570090	-36.715930	-2.656852	 27.816320	 15.609720	-0.539555	 0.135676	 16.990000	-0.375326	 3.456629	 0.000000	 90.000000	 0.000000	 172.944200	-0.710763	 163.660300	-173.147900	-23.577680	-13.133790
 0.054740	-0.065382	 0.015878	-89.612610	 3.118932	-94.892320	-9.765736	 0.004170	-2.312546	-8.975526	-0.367181	-2.134913	 0.617355	-2.794579	 107.007900	-0.813313	 0.122417	-8.559153	-8.997057	 16.420940	 65.066800	-108.332700	 14.442420	 9.108946	 32.197540	 7.379189	-43.527140	-10.455210	-3.515630	 49.754570	 2.465951	-1.147678	 53.562030	 2.468896	 0.999799	-44.203890	-0.019273	 1.535130	 40.149780	-0.236083	 3.159409	 22.957210	 2.756739	 4.804271	-63.415810	 38.506490	 20.179070	 18.165490	-6.685678	 19.244990	 18.280790	-5.758217	 19.259640	-76.109050	 18.565220	 10.457840	 28.836750	-3.775617	 9.431422	 23.792760	-0.501711	 10.241990	-66.239360	-35.294150	-0.583735	 33.015230	 15.528990	-0.539310	 0.134985	 13.292410	-0.362987	 3.425373	 0.706689	 1.685646	 90.081310	-89.201760	-3.692547	-104.590900	 179.208300	 2.824605	 110.187500	-0.813313	 0.122417	-8.559153	-10.306860	 10.090420	 50.088460	-20.582120	 20.490460	 3.534696	 12.219180	 11.742720	-22.972000	-10.534280	-3.537503	 52.485730	 2.463707	-1.150686	 57.789490	 2.446123	 1.023192	-43.574880	-0.559112	 1.108962	 42.444630	-0.210275	 3.173022	 32.773690	 2.621802	 5.114726	-58.639770	 31.384750	 17.090780	 21.722370	-6.554774	 19.295300	 25.738830	-5.711232	 19.253450	-73.769970	 14.251380	 7.785015	 30.232820	-3.702934	 9.470252	 32.996640	-0.553576	 10.483330	-60.555840	-36.715930	-2.656852	 27.816320	 15.609720	-0.539555	 0.135676	 16.990000	-0.375326	 3.456629	 0.000000	 90.000000	 0.000000	 173.040100	-0.423781	 163.845000	-173.087400	-23.629040	-13.025400
 0.054306	-0.065344	 0.015895	-89.403290	 3.102992	-94.806570	-9.778485	-0.007686	-2.290460	-8.988441	-0.395011	-2.113936	 0.617732	-2.796746	 106.995100	-0.813313	 0.122417	-8.559153	-9.015959	 16.430620	 65.097840	-108.414100	 14.491000	 9.122624	 32.201040	 7.422426	-43.599830	-10.455630	-3.516005	 49.754960	 2.465951	-1.147678	 53.562420	 2.468935	 0.999758	-44.205010	-0.017968	 1.536143	 40.149700	-0.236065	 3.159416	 22.963570	 2.756992	 4.803616	-63.425710	 38.514150	 20.182090	 18.160750	-6.685666	 19.244990	 18.281450	-5.758423	 19.259680	-76.119350	 18.572570	 10.462250	 28.831020	-3.775577	 9.431439	 23.797570	-0.501681	 10.241820	-66.243520	-35.077840	-0.227404	 33.875520	 15.535850	-0.539317	 0.135044	 12.720630	-0.360899	 3.420614	 0.708289	 1.628385	 90.081960	-89.242700	-3.856039	-104.810400	 179.216500	 2.792591	 110.187100	-0.813313	 0.122417	-8.559153	-10.283910	 10.130050	 50.225510	-20.891630	 20.344180	 3.575594	 12.111730	 11.643970	-22.916080	-10.532290	-3.535235	 52.503190	 2.463706	-1.150689	 57.793740	 2.445605	 1.023717	-43.560630	-0.553411	 1.113512	 42.467410	-0.210256	 3.173033	 32.781310	 2.623216	 5.111809	-58.685500	 31.424310	 17.107150	 21.734150	-6.554668	 19.295350	 25.745230	-5.712032	 19.253550	-73.809580	 14.284340	 7.804156	 30.260380	-3.702870	 9.470296	 33.005220	-0.553674	 10.483700	-60.546960	-36.715930	-2.656852	 27.816320	 15.609720	-0.539555	 0.135676	 16.990000	-0.375326	 3.456629	 0.000000	 90.000000	 0.000000	 173.149500	-0.132593	 164.135900	-173.052500	-23.668550	-12.899000
 0.053948	-0.065422	 0.015944	-89.221820	 3.088086	-94.739940	-9.787281	-0.018700	-2.271739	-8.999961	-0.421373	-2.096137	 0.616685	-2.792559	 106.984200	-0.813313	 0.122417	-8.559153	-9.025905	 16.463840	 65.130770	-108.484400	 14.535640	 9.139301	 32.163000	 7.473107	-43.681560	-10.455990	-3.516335	 49.755370	 2.465951	-1.147678	 53.562790	 2.468971	 0.999721	-44.205980	-0.016681	 1.537143	 40.149660	-0.236049	 3.159423	 22.969350	 2.757242	 4.802967	-63.435500	 38.521620	 20.185040	 18.156310	-6.685654	 19.245000	 18.282140	-5.758628	 19.259710	-76.129410	 18.579600	 10.466470	 28.825840	-3.775542	 9.431456	 23.801970	-0.501653	 10.241640	-66.247650	-34.890100	 0.092612	 34.640990	 15.544120	-0.539337	 0.135114	 12.210600	-0.358998	 3.416385	 0.709757	 1.566549	 90.082630	-89.289340	-3.992112	-105.123400	 179.224500	 2.761646	 110.186400	-0.813313	 0.122417	-8.559153	-10.259050	 10.169830	 50.333290	-21.201480	 20.209900	 3.617110	 12.041580	 11.548950	-22.870170	-10.530520	-3.533216	 52.518720	 2.463705	-1.150690	 57.794940	 2.445144	 1.024185	-43.547960	-0.547598	 1.118165	 42.487640	-0.210251	 3.173038	 32.783470	 2.624743	 5.108654	-58.734930	 31.463430	 17.123510	 21.743530	-6.554635	 19.295360	 25.747100	-5.712828	 19.253650	-73.848760	 14.310460	 7.819171	 30.285500	-3.702852	 9.470306	 33.007580	-0.553701	 10.483810	-60.544480	-36.715930	-2.656852	 27.816320	 15.609720	-0.539555	 0.135676	 16.990000	-0.375326	 3.456629	 0.000000	 90.000000	 0.000000	 173.249300	 0.080519	 164.413300	-173.038400	-23.690010	-12.787930
 0.053070	-0.065699	 0.016103	-89.050330	 3.072392	-94.687870	-9.793561	-0.029669	-2.254348	-9.011168	-0.448061	-2.079587	 0.614238	-2.782148	 106.974100	-0.813313	 0.122417	-8.559153	-9.028204	 16.519690	 65.167790	-108.549800	 14.580320	 9.159195	 32.095630	 7.531228	-43.774870	-10.456340	-3.516651	 49.755780	 2.465951	-1.147679	 53.563150	 2.469005	 0.999686	-44.206920	-0.015326	 1.538195	 40.149610	-0.236034	 3.159430	 22.975050	 2.757506	 4.802283	-63.445870	 38.529480	 20.188130	 18.151790	-6.685639	 19.245000	 18.282890	-5.758840	 19.259750	-76.139980	 18.586820	 10.470790	 28.820750	-3.775505	 9.431472	 23.806340	-0.501623	 10.241450	-66.252040	-34.712330	 0.405647	 35.383680	 15.553590	-0.539353	 0.135196	 11.714640	-0.357108	 3.412290	 0.711235	 1.502655	 90.083330	-89.342930	-4.111466	-105.457100	 179.232700	 2.729689	 110.185500	-0.813313	 0.122417	-8.559153	-10.232810	 10.210770	 50.420410	-21.508110	 20.078880	 3.658782	 11.992180	 11.451290	-22.833650	-10.528820	-3.531271	 52.533780	 2.463706	-1.150689	 57.793850	 2.444697	 1.024639	-43.535660	-0.541356	 1.123170	 42.507270	-0.210256	 3.173034	 32.781370	 2.626441	 5.105137	-58.790040	 31.504590	 17.140860	 21.751720	-6.554662	 19.295350	 25.745470	-5.713665	 19.253760	-73.890110	 14.329200	 7.829587	 30.310960	-3.702869	 9.470293	 33.005140	-0.553675	 10.483710	-60.546890	-36.715930	-2.656852	 27.816320	 15.609720	-0.539555	 0.135676	 16.990000	-0.375326	 3.456629	 0.000000	 90.000000	 0.000000	 173.420500	 0.604763	 165.147100	-173.030400	-23.695570	-12.632350
 0.052326	-0.065840	 0.016208	-88.856720	 3.051751	-94.647920	-9.798142	-0.042577	-2.234950	-9.024265	-0.479998	-2.061157	 0.609703	-2.762535	 106.963200	-0.813313	 0.122417	-8.559153	-9.023068	 16.610670	 65.218480	-108.620900	 14.634030	 9.186310	 31.988910	 7.607019	-43.898700	-10.456740	-3.517010	 49.756310	 2.465951	-1.147679	 53.563600	 2.469044	 0.999645	-44.208030	-0.013650	 1.539497	 40.149570	-0.236015	 3.159437	 22.981790	 2.757840	 4.801416	-63.458970	 38.539310	 20.192010	 18.146320	-6.685622	 19.245000	 18.283890	-5.759106	 19.259790	-76.153240	 18.595620	 10.476070	 28.814770	-3.775462	 9.431490	 23.811570	-0.501585	 10.241210	-66.257640	-34.511270	 0.772372	 36.246540	 15.565700	-0.539378	 0.135298	 11.137090	-0.354864	 3.407542	 0.712991	 1.431425	 90.084220	-89.413880	-4.228683	-105.779700	 179.242800	 2.690531	 110.184100	-0.813313	 0.122417	-8.559153	-10.204250	 10.256360	 50.494410	-21.826070	 19.930420	 3.703052	 11.949290	 11.332710	-22.808180	-10.526830	-3.529001	 52.551280	 2.463707	-1.150686	 57.789750	 2.444176	 1.025166	-43.521350	-0.533424	 1.129542	 42.530060	-0.210275	 3.173022	 32.773830	 2.628649	 5.100551	-58.861830	 31.556050	 17.162690	 21.760180	-6.554767	 19.295310	 25.739370	-5.714714	 19.253900	-73.941830	 14.337860	 7.833414	 30.342610	-3.702935	 9.470251	 32.996510	-0.553578	 10.483340	-60.555630	-36.715930	-2.656852	 27.816320	 15.609720	-0.539555	 0.135676	 16.990000	-0.375326	 3.456629	 0.000000	 90.000000	 0.000000	 173.565200	 1.089438	 165.584200	-173.036300	-23.675060	-12.346680
 0.051659	-0.065891	 0.016403	-88.699030	 3.051533	-94.590590	-9.799810	-0.053252	-2.219489	-9.035207	-0.506741	-2.046498	 0.604759	-2.740986	 106.955100	-0.813313	 0.122417	-8.559153	-9.013727	 16.704280	 65.267920	-108.674400	 14.680070	 9.211539	 31.885690	 7.673764	-44.011950	-10.457070	-3.517311	 49.756810	 2.465950	-1.147679	 53.564000	 2.469076	 0.999611	-44.208920	-0.012159	 1.540655	 40.149540	-0.236000	 3.159445	 22.987470	 2.758138	 4.800641	-63.470680	 38.548000	 20.195430	 18.141610	-6.685605	 19.245010	 18.284830	-5.759343	 19.259830	-76.164990	 18.603180	 10.480590	 28.809820	-3.775425	 9.431506	 23.816020	-0.501549	 10.241000	-66.262620	-34.349560	 1.077946	 36.959910	 15.576040	-0.539393	 0.135387	 10.658530	-0.352975	 3.403626	 0.714511	 1.351630	 90.085080	-89.492720	-4.254406	-106.221300	 179.251400	 2.656863	 110.182600	-0.813313	 0.122417	-8.559153	-10.396720	 10.034060	 50.635300	-21.298730	 19.859980	 3.632483	 11.632130	 11.265380	-22.881570	-10.525180	-3.527120	 52.565770	 2.463710	-1.150682	 57.784150	 2.443746	 1.025602	-43.509540	-0.526390	 1.135199	 42.548880	-0.210301	 3.173006	 32.763490	 2.630636	 5.096409	-58.926620	 31.601230	 17.181950	 21.766440	-6.554911	 19.295240	 25.730940	-5.715636	 19.254020	-73.987260	 14.347830	 7.838350	 30.368480	-3.703026	 9.470195	 32.984710	-0.553442	 10.482840	-60.567620	-36.715930	-2.656852	 27.816320	 15.609720	-0.539555	 0.135676	 16.990000	-0.375326	 3.456629	 0.000000	 90.000000	 0.000000	 173.654100	 1.318456	 166.100000	-173.070100	-23.634840	-12.049370
 0.050961	-0.065866	 0.016712	-88.550210	 3.073539	-94.491210	-9.799674	-0.063192	-2.205224	-9.045689	-0.532043	-2.032986	 0.599217	-2.716740	 106.948300	-0.813313	 0.122417	-8.559153	-9.009762	 16.808050	 65.324760	-108.723000	 14.722450	 9.245064	 31.782520	 7.738258	-44.126990	-10.457390	-3.517598	 49.757310	 2.465950	-1.147680	 53.564420	 2.469107	 0.999580	-44.209760	-0.010669	 1.541813	 40.149560	-0.235985	 3.159451	 22.992940	 2.758439	 4.799860	-63.482490	 38.556730	 20.198860	 18.137000	-6.685588	 19.245010	 18.285830	-5.759580	 19.259870	-76.176800	 18.610540	 10.485010	 28.805100	-3.775391	 9.431521	 23.820340	-0.501514	 10.240780	-66.267660	-34.199900	 1.369905	 37.637000	 15.585550	-0.539409	 0.135468	 10.203410	-0.351141	 3.399915	 0.716054	 1.239820	 90.086040	-89.596490	-4.213991	-106.940800	 179.259900	 2.624128	 110.181100	-0.813313	 0.122417	-8.559153	-10.790810	 9.576457	 50.870310	-20.704900	 19.816400	 3.558990	 11.050070	 11.234860	-23.036220	-10.523640	-3.525346	 52.579490	 2.463713	-1.150677	 57.776930	 2.443338	 1.026015	-43.498330	-0.519371	 1.140851	 42.566750	-0.210333	 3.172984	 32.750270	 2.632632	 5.092241	-58.991810	 31.646010	 17.201100	 21.771850	-6.555094	 19.295150	 25.720140	-5.716546	 19.254140	-74.032320	 14.370200	 7.851196	 30.391160	-3.703140	 9.470123	 32.969650	-0.553273	 10.482190	-60.582940	-36.715930	-2.656852	 27.816320	 15.609720	-0.539555	 0.135676	 16.990000	-0.375326	 3.456629	 0.000000	 90.000000	 0.000000	 173.726800	 1.466329	 166.791300	-173.126400	-23.575490	-11.696250
 0.049893	-0.065616	 0.017074	-88.375500	 3.115332	-94.331410	-9.797452	-0.074603	-2.188679	-9.058297	-0.561452	-2.017384	 0.591804	-2.684204	 106.941600	-0.813313	 0.122417	-8.559153	-9.021399	 16.948510	 65.409060	-108.779900	 14.768340	 9.304509	 31.663630	 7.812846	-44.270900	-10.457760	-3.517926	 49.757920	 2.465950	-1.147680	 53.564910	 2.469142	 0.999544	-44.210750	-0.008806	 1.543261	 40.149590	-0.235967	 3.159459	 22.999500	 2.758818	 4.798872	-63.497400	 38.567610	 20.203140	 18.131400	-6.685564	 19.245020	 18.287130	-5.759879	 19.259920	-76.191600	 18.619410	 10.490320	 28.799550	-3.775347	 9.431540	 23.825560	-0.501470	 10.240510	-66.274060	-34.027420	 1.718280	 38.439580	 15.595760	-0.539424	 0.135556	 9.662854	-0.348924	 3.395527	 0.718007	 1.065359	 90.087430	-89.759370	-4.147832	-108.064400	 179.270000	 2.584781	 110.178900	-0.813313	 0.122417	-8.559153	-11.278070	 9.040099	 51.196050	-19.652560	 19.796190	 3.425481	 10.336570	 11.205090	-23.224330	-10.521780	-3.523232	 52.595760	 2.463719	-1.150668	 57.766130	 2.442855	 1.026504	-43.485050	-0.510695	 1.147843	 42.587890	-0.210383	 3.172951	 32.730390	 2.635098	 5.087070	-59.072620	 31.701050	 17.224690	 21.777700	-6.555375	 19.295030	 25.703890	-5.717669	 19.254290	-74.087720	 14.410440	 7.875107	 30.416130	-3.703311	 9.470015	 32.947040	-0.553016	 10.481230	-60.605980	-36.715930	-2.656852	 27.816320	 15.609720	-0.539555	 0.135676	 16.990000	-0.375326	 3.456629	 0.000000	 90.000000	 0.000000	 173.810400	 1.663138	 167.764700	-173.253900	-23.479950	-11.262430
 0.048860	-0.065348	 0.017453	-88.229200	 3.152654	-94.173650	-9.793907	-0.083747	-2.174839	-9.069188	-0.585473	-2.004403	 0.584983	-2.654183	 106.937200	-0.813313	 0.122417	-8.559153	-9.045317	 17.079000	 65.496070	-108.793200	 14.808900	 9.371323	 31.521360	 7.886904	-44.412150	-10.458070	-3.518198	 49.758470	 2.465950	-1.147680	 53.565360	 2.469171	 0.999513	-44.211560	-0.007129	 1.544563	 40.149620	-0.235951	 3.159465	 23.005180	 2.759158	 4.797987	-63.510770	 38.577290	 20.206960	 18.126510	-6.685541	 19.245030	 18.288360	-5.760145	 19.259960	-76.204850	 18.626980	 10.494860	 28.794880	-3.775309	 9.431558	 23.830140	-0.501431	 10.240260	-66.279820	-33.885150	 2.016064	 39.121270	 15.602830	-0.539438	 0.135617	 9.202840	-0.347014	 3.391810	 0.719759	 0.884883	 90.088780	-89.926200	-4.083291	-109.148900	 179.278700	 2.551286	 110.176900	-0.813313	 0.122417	-8.559153	-11.739410	 8.525765	 51.495840	-18.474640	 19.761210	 3.270285	 9.676029	 11.153950	-23.415080	-10.520210	-3.521427	 52.609570	 2.463725	-1.150660	 57.755020	 2.442444	 1.026920	-43.473770	-0.503115	 1.153959	 42.605830	-0.210434	 3.172920	 32.710020	 2.637246	 5.082551	-59.143200	 31.749100	 17.245330	 21.782330	-6.555661	 19.294900	 25.687190	-5.718652	 19.254430	-74.136090	 14.453850	 7.901269	 30.436010	-3.703487	 9.469903	 32.923860	-0.552754	 10.480240	-60.629630	-36.715930	-2.656852	 27.816320	 15.609720	-0.539555	 0.135676	 16.990000	-0.375326	 3.456629	 0.000000	 90.000000	 0.000000	 173.877700	 1.862742	 168.628900	-173.356800	-23.373840	-10.706680
 0.047728	-0.065014	 0.017909	-88.088620	 3.179370	-94.013270	-9.789081	-0.092059	-2.161374	-9.080052	-0.607653	-1.991851	 0.578062	-2.623605	 106.936100	-0.813313	 0.122417	-8.559153	-9.081258	 17.212810	 65.595950	-108.748600	 14.854300	 9.450454	 31.312380	 7.978083	-44.577100	-10.458370	-3.518468	 49.759080	 2.465949	-1.147681	 53.565830	 2.469198	 0.999485	-44.212320	-0.005419	 1.545892	 40.149660	-0.235936	 3.159472	 23.010800	 2.759506	 4.797079	-63.524490	 38.587190	 20.210850	 18.121610	-6.685517	 19.245030	 18.289690	-5.760416	 19.260010	-76.218410	 18.634380	 10.499280	 28.790360	-3.775272	 9.431574	 23.834710	-0.501391	 10.240010	-66.285750	-33.749870	 2.308801	 39.787710	 15.607640	-0.539449	 0.135658	 8.752312	-0.345103	 3.388185	 0.721554	 0.683121	 90.090230	-90.102150	-3.984715	-110.226200	 179.287000	 2.518856	 110.174700	-0.813313	 0.122417	-8.559153	-12.376300	 7.808350	 51.811410	-16.665140	 19.726450	 3.027323	 8.825721	 11.076420	-23.692680	-10.518690	-3.519684	 52.623060	 2.463731	-1.150651	 57.742490	 2.442043	 1.027326	-43.462760	-0.495579	 1.160043	 42.623360	-0.210492	 3.172882	 32.687060	 2.639360	 5.078087	-59.212870	 31.796850	 17.265860	 21.786640	-6.555982	 19.294760	 25.668340	-5.719628	 19.254560	-74.184140	 14.502140	 7.930568	 30.454640	-3.703686	 9.469778	 32.897750	-0.552456	 10.479120	-60.656270	-36.715930	-2.656852	 27.816320	 15.609720	-0.539555	 0.135676	 16.990000	-0.375326	 3.456629	 0.000000	 90.000000	 0.000000	 173.935800	 2.038334	 169.584700	-173.563300	-23.172780	-10.042710
 0.046092	-0.064557	 0.018435	-87.930150	 3.182824	-93.838650	-9.781910	-0.100593	-2.145810	-9.092880	-0.631037	-1.977435	 0.570046	-2.587992	 106.941000	-0.813313	 0.122417	-8.559153	-9.138156	 17.369930	 65.730520	-108.635300	 14.913210	 9.555791	 31.012500	 8.098152	-44.795010	-10.458730	-3.518783	 49.759800	 2.465949	-1.147681	 53.566410	 2.469231	 0.999451	-44.213230	-0.003370	 1.547485	 40.149780	-0.235918	 3.159480	 23.017360	 2.759928	 4.795980	-63.541090	 38.599030	 20.215500	 18.115880	-6.685488	 19.245050	 18.291380	-5.760748	 19.260070	-76.234730	 18.642770	 10.504310	 28.785260	-3.775228	 9.431593	 23.840110	-0.501341	 10.239700	-66.292900	-33.598580	 2.648316	 40.556410	 15.609720	-0.539451	 0.135676	 8.231726	-0.342868	 3.384015	 0.723732	 0.423996	 90.092090	-90.312000	-3.830053	-111.356700	 179.296500	 2.482359	 110.171900	-0.813313	 0.122417	-8.559153	-13.276860	 6.854712	 52.152070	-14.102650	 19.716210	 2.684335	 7.713738	 10.958640	-24.084870	-10.516920	-3.517660	 52.638620	 2.463738	-1.150638	 57.726050	 2.441580	 1.027794	-43.450070	-0.486864	 1.167084	 42.643550	-0.210567	 3.172834	 32.656960	 2.641775	 5.072974	-59.292630	 31.852350	 17.289730	 21.791500	-6.556406	 19.294570	 25.643640	-5.720754	 19.254710	-74.239990	 14.561770	 7.966864	 30.475620	-3.703944	 9.469612	 32.863510	-0.552070	 10.477650	-60.691220	-36.715930	-2.656852	 27.816320	 15.609720	-0.539555	 0.135676	 16.990000	-0.375326	 3.456629	 0.000000	 90.000000	 0.000000	 173.994200	 2.225264	 170.763800	-173.932400	-22.807340	-9.069958
 0.044614	-0.064206	 0.018860	-87.794650	 3.158847	-93.694180	-9.774611	-0.104995	-2.150570	-9.102263	-0.647263	-1.982299	 0.563384	-2.558250	 106.950200	-0.813313	 0.122417	-8.559153	-9.200185	 17.502480	 65.863750	-108.493400	 14.968780	 9.655497	 30.730090	 8.206080	-45.000730	-10.459000	-3.519025	 49.760480	 2.465949	-1.147681	 53.566930	 2.469256	 0.999424	-44.213940	-0.001540	 1.548907	 40.149910	-0.235902	 3.159486	 23.023070	 2.760304	 4.794994	-63.555960	 38.609550	 20.219640	 18.110860	-6.685458	 19.245050	 18.292970	-5.761041	 19.260110	-76.249340	 18.649790	 10.508510	 28.781010	-3.775189	 9.431611	 23.844860	-0.501294	 10.239420	-66.299370	-33.472810	 2.941240	 41.216160	 15.609720	-0.539451	 0.135676	 7.784168	-0.340915	 3.380445	 0.725674	 0.183425	 90.093820	-90.492320	-3.666356	-112.152900	 179.304300	 2.452312	 110.169400	-0.813313	 0.122417	-8.559153	-14.092750	 6.037272	 52.394490	-12.586980	 19.699360	 2.494672	 6.759438	 10.836550	-24.443010	-10.515420	-3.515933	 52.651940	 2.463746	-1.150626	 57.710300	 2.441184	 1.028194	-43.439190	-0.479441	 1.173084	 42.660860	-0.210639	 3.172787	 32.628130	 2.643786	 5.068700	-59.359230	 31.899850	 17.310160	 21.795740	-6.556810	 19.294380	 25.619960	-5.721724	 19.254840	-74.287800	 14.604050	 7.992400	 30.495020	-3.704194	 9.469457	 32.830760	-0.551702	 10.476250	-60.724630	-36.715930	-2.656852	 27.816320	 15.609720	-0.539555	 0.135676	 16.990000	-0.375326	 3.456629	 0.000000	 90.000000	 0.000000	 174.038300	 2.380031	 171.789800	-174.256800	-22.408500	-8.206574
 0.042893	-0.063869	 0.019251	-87.665420	 3.121053	-93.552440	-9.766901	-0.105130	-2.182928	-9.108053	-0.657789	-2.013319	 0.557539	-2.532044	 106.962700	-0.813313	 0.122417	-8.559153	-9.269450	 17.620730	 66.004690	-108.330300	 15.024680	 9.754317	 30.467130	 8.304070	-45.205070	-10.459260	-3.519253	 49.761160	 2.465949	-1.147682	 53.567440	 2.469281	 0.999399	-44.214620	 0.000238	 1.550289	 40.150020	-0.235888	 3.159492	 23.028480	 2.760672	 4.794035	-63.570450	 38.619710	 20.223620	 18.106100	-6.685429	 19.245060	 18.294570	-5.761325	 19.260160	-76.263500	 18.656130	 10.512310	 28.777160	-3.775151	 9.431626	 23.849410	-0.501253	 10.239160	-66.305630	-33.358260	 3.217393	 41.835430	 15.609720	-0.539451	 0.135676	 7.363413	-0.339046	 3.377104	 0.727585	-0.053630	 90.095520	-90.663690	-3.489021	-112.889700	 179.311200	 2.425616	 110.166800	-0.813313	 0.122417	-8.559153	-14.807880	 5.372553	 52.578090	-11.417430	 19.689130	 2.352385	 5.964959	 10.705090	-24.758370	-10.514010	-3.514313	 52.664420	 2.463754	-1.150614	 57.694190	 2.440812	 1.028570	-43.428980	-0.472614	 1.178606	 42.677090	-0.210713	 3.172741	 32.598700	 2.645586	 5.064866	-59.418990	 31.943890	 17.329080	 21.799910	-6.557224	 19.294200	 25.595780	-5.722623	 19.254970	-74.332090	 14.629770	 8.007543	 30.515440	-3.704449	 9.469296	 32.797310	-0.551323	 10.474820	-60.758830	-36.715930	-2.656852	 27.816320	 15.609720	-0.539555	 0.135676	 16.990000	-0.375326	 3.456629	 0.000000	 90.000000	 0.000000	 174.075300	 2.522212	 172.884200	-174.658900	-21.681260	-7.179945
 0.040487	-0.063511	 0.019638	-87.507030	 3.060315	-93.378010	-9.756658	-0.100651	-2.250312	-9.111344	-0.664271	-2.077664	 0.551333	-2.504079	 106.982300	-0.813313	 0.122417	-8.559153	-9.367087	 17.749390	 66.196460	-108.105800	 15.095980	 9.876616	 30.185420	 8.407229	-45.459810	-10.459570	-3.519521	 49.762020	 2.465948	-1.147683	 53.568080	 2.469308	 0.999370	-44.215380	 0.002456	 1.552013	 40.150180	-0.235870	 3.159500	 23.035090	 2.761131	 4.792838	-63.588520	 38.632280	 20.228560	 18.100340	-6.685391	 19.245070	 18.296710	-5.761681	 19.260220	-76.281180	 18.663350	 10.516630	 28.772700	-3.775104	 9.431646	 23.855040	-0.501199	 10.238820	-66.313470	-33.224580	 3.551938	 42.582310	 15.609720	-0.539451	 0.135676	 6.855175	-0.336771	 3.373085	 0.729940	-0.348215	 90.097720	-90.867990	-3.249271	-113.722100	 179.318900	 2.395980	 110.163500	-0.813313	 0.122417	-8.559153	-15.334070	 4.914686	 52.721010	-10.569590	 19.596490	 2.249285	 5.557266	 10.480110	-25.048040	-10.512290	-3.512351	 52.679470	 2.463764	-1.150598	 57.673190	 2.440364	 1.029022	-43.416690	-0.464697	 1.185012	 42.696650	-0.210809	 3.172678	 32.560250	 2.647592	 5.060578	-59.485760	 31.995630	 17.351270	 21.805370	-6.557765	 19.293950	 25.564190	-5.723677	 19.255110	-74.384160	 14.648420	 8.017989	 30.542030	-3.704781	 9.469085	 32.753620	-0.550832	 10.472940	-60.803430	-36.715930	-2.656852	 27.816320	 15.609720	-0.539555	 0.135676	 16.990000	-0.375326	 3.456629	 0.000000	 90.000000	 0.000000	 174.114300	 2.699837	 174.295000	-175.304200	-20.434200	-5.711428
 0.038591	-0.063682	 0.019836	-87.380330	 3.003120	-93.237140	-9.747741	-0.093484	-2.321122	-9.110838	-0.658719	-2.145129	 0.547260	-2.485576	 107.001600	-0.813313	 0.122417	-8.559153	-9.457378	 17.837300	 66.370520	-107.910900	 15.155950	 9.975037	 30.005950	 8.472375	-45.666680	-10.459800	-3.519719	 49.762780	 2.465948	-1.147683	 53.568660	 2.469330	 0.999348	-44.215980	 0.004303	 1.553448	 40.150360	-0.235855	 3.159506	 23.040490	 2.761513	 4.791836	-63.603650	 38.642700	 20.232660	 18.095620	-6.685357	 19.245090	 18.298600	-5.761979	 19.260270	-76.295970	 18.668750	 10.519860	 28.769280	-3.775066	 9.431662	 23.859710	-0.501154	 10.238540	-66.320060	-33.119850	 3.824396	 43.188100	 15.609720	-0.539451	 0.135676	 6.442348	-0.334890	 3.369839	 0.731938	-0.589044	 90.099580	-91.026160	-3.040043	-114.238100	 179.324500	 2.374560	 110.160700	-0.813313	 0.122417	-8.559153	-15.439090	 4.824061	 52.779540	-10.201570	 19.437490	 2.197034	 5.414718	 10.300740	-25.143580	-10.510910	-3.510762	 52.691650	 2.463773	-1.150585	 57.654950	 2.440000	 1.029389	-43.406720	-0.458639	 1.189915	 42.712490	-0.210893	 3.172626	 32.526870	 2.649045	 5.057467	-59.534200	 32.035980	 17.368540	 21.810300	-6.558236	 19.293740	 25.536750	-5.724495	 19.255220	-74.424680	 14.658620	 8.023339	 30.564440	-3.705070	 9.468905	 32.715700	-0.550406	 10.471320	-60.842190	-36.715930	-2.656852	 27.816320	 15.609720	-0.539555	 0.135676	 16.990000	-0.375326	 3.456629	 0.000000	 90.000000	 0.000000	 174.152300	 2.749500	 175.443500	-175.637400	-19.201160	-4.755706
 0.036907	-0.064240	 0.019953	-87.261080	 2.944494	-93.103880	-9.738618	-0.083908	-2.397713	-9.107598	-0.640035	-2.218044	 0.544378	-2.472304	 107.022800	-0.813313	 0.122417	-8.559153	-9.554637	 17.903950	 66.556920	-107.719100	 15.215260	 10.067150	 29.869660	 8.523165	-45.859310	-10.460030	-3.519916	 49.763580	 2.465947	-1.147683	 53.569220	 2.469349	 0.999329	-44.216510	 0.006149	 1.554883	 40.150570	-0.235840	 3.159513	 23.045800	 2.761896	 4.790833	-63.618790	 38.653010	 20.236700	 18.091040	-6.685320	 19.245090	 18.300580	-5.762276	 19.260320	-76.310700	 18.672790	 10.522270	 28.766290	-3.775028	 9.431680	 23.864350	-0.501108	 10.238250	-66.326650	-33.021050	 4.090607	 43.778050	 15.609720	-0.539451	 0.135676	 6.039800	-0.333032	 3.366683	 0.733908	-0.820443	 90.101420	-91.174740	-2.825536	-114.738800	 179.329300	 2.356057	 110.157800	-0.813313	 0.122417	-8.559153	-15.432890	 4.833111	 52.810420	-10.576770	 19.367520	 2.260283	 5.344017	 10.250960	-25.188560	-10.509580	-3.509235	 52.703490	 2.463782	-1.150571	 57.636200	 2.439648	 1.029745	-43.397050	-0.453148	 1.194360	 42.727910	-0.210979	 3.172570	 32.492610	 2.650267	 5.054841	-59.575040	 32.073350	 17.384450	 21.815720	-6.558720	 19.293530	 25.508570	-5.725258	 19.255330	-74.462200	 14.668950	 8.028810	 30.586250	-3.705366	 9.468719	 32.676750	-0.549972	 10.469650	-60.881960	-36.715930	-2.656852	 27.816320	 15.609720	-0.539555	 0.135676	 16.990000	-0.375326	 3.456629	 0.000000	 90.000000	 0.000000	 174.207200	 2.722034	 176.402400	-175.721100	-18.106880	-3.984605
 0.035397	-0.065053	 0.020047	-87.125700	 2.876327	-92.964070	-9.727434	-0.071597	-2.475209	-9.100208	-0.603951	-2.292185	 0.542733	-2.464331	 107.050500	-0.813313	 0.122417	-8.559153	-9.677538	 17.950820	 66.780730	-107.501300	 15.285210	 10.167320	 29.745110	 8.574762	-46.062800	-10.460290	-3.520140	 49.764560	 2.465947	-1.147683	 53.569960	 2.469371	 0.999305	-44.217120	 0.008384	 1.556622	 40.150840	-0.235823	 3.159519	 23.052160	 2.762361	 4.789616	-63.637170	 38.665410	 20.241570	 18.085620	-6.685275	 19.245110	 18.303120	-5.762636	 19.260390	-76.328600	 18.675260	 10.523750	 28.763350	-3.774981	 9.431701	 23.869980	-0.501054	 10.237910	-66.334670	-32.907980	 4.407466	 44.477830	 15.609720	-0.539451	 0.135676	 5.561669	-0.330804	 3.362954	 0.736300	-1.084216	 90.103680	-91.339200	-2.563593	-115.275200	 179.334400	 2.336838	 110.154300	-0.813313	 0.122417	-8.559153	-15.522390	 4.764988	 52.842670	-10.283200	 19.560770	 2.214586	 5.396109	 10.393660	-25.303050	-10.507980	-3.507398	 52.717530	 2.463794	-1.150553	 57.612870	 2.439230	 1.030166	-43.385600	-0.447318	 1.199080	 42.746180	-0.211086	 3.172502	 32.449880	 2.651414	 5.052374	-59.613430	 32.114480	 17.401890	 21.823100	-6.559320	 19.293260	 25.473450	-5.726090	 19.255450	-74.503470	 14.688280	 8.039785	 30.611150	-3.705735	 9.468488	 32.628230	-0.549431	 10.467560	-60.931540	-36.715930	-2.656852	 27.816320	 15.609720	-0.539555	 0.135676	 16.990000	-0.375326	 3.456629	 0.000000	 90.000000	 0.000000	 174.295300	 2.632975	 177.341100	-175.757200	-17.431480	-3.455854
 0.034411	-0.065789	 0.020105	-87.018360	 2.830109	-92.876670	-9.718051	-0.062127	-2.513977	-9.091314	-0.565010	-2.330003	 0.543147	-2.465512	 107.075100	-0.813313	 0.122417	-8.559153	-9.781207	 17.956250	 66.950330	-107.340100	 15.341330	 10.238960	 29.661570	 8.617293	-46.198450	-10.460490	-3.520309	 49.765430	 2.465947	-1.147684	 53.570570	 2.469387	 0.999288	-44.217580	 0.010281	 1.558097	 40.151080	-0.235808	 3.159526	 23.057470	 2.762754	 4.788585	-63.652730	 38.675780	 20.245630	 18.081200	-6.685234	 19.245120	 18.305400	-5.762941	 19.260440	-76.343730	 18.675840	 10.524100	 28.761340	-3.774943	 9.431717	 23.874760	-0.501007	 10.237620	-66.341460	-32.817750	 4.670667	 45.057300	 15.609720	-0.539451	 0.135676	 5.165256	-0.328926	 3.359875	 0.738315	-1.287845	 90.105510	-91.461110	-2.348165	-115.568900	 179.338000	 2.323084	 110.151200	-0.813313	 0.122417	-8.559153	-15.498380	 4.742909	 52.850160	-10.960380	 19.717160	 2.318498	 5.669826	 10.550910	-25.417580	-10.506680	-3.505901	 52.729110	 2.463804	-1.150538	 57.592660	 2.438884	 1.030515	-43.376130	-0.443160	 1.202446	 42.761280	-0.211179	 3.172443	 32.413020	 2.652159	 5.050773	-59.638340	 32.144950	 17.414690	 21.830340	-6.559841	 19.293030	 25.443130	-5.726708	 19.255540	-74.533960	 14.707540	 8.050943	 30.631330	-3.706054	 9.468287	 32.586350	-0.548965	 10.465770	-60.974330	-36.715930	-2.656852	 27.816320	 15.609720	-0.539555	 0.135676	 16.990000	-0.375326	 3.456629	 0.000000	 90.000000	 0.000000	 174.388200	 2.475605	 178.175600	-175.706800	-17.126290	-3.280856
 0.033204	-0.066534	 0.020087	-86.917760	 2.801885	-92.814140	-9.709136	-0.053496	-2.531622	-9.080780	-0.521048	-2.348127	 0.544865	-2.472431	 107.099700	-0.813313	 0.122417	-8.559153	-9.875103	 17.939200	 67.097190	-107.212600	 15.392150	 10.294300	 29.622660	 8.645558	-46.309200	-10.460680	-3.520462	 49.766330	 2.465946	-1.147685	 53.571220	 2.469402	 0.999273	-44.217990	 0.012110	 1.559519	 40.151370	-0.235794	 3.159532	 23.062570	 2.763135	 4.787580	-63.667880	 38.685750	 20.249540	 18.077000	-6.685192	 19.245140	 18.307740	-5.763235	 19.260490	-76.358440	 18.675630	 10.523960	 28.759680	-3.774904	 9.431734	 23.879410	-0.500961	 10.237330	-66.348080	-32.734260	 4.923316	 45.612160	 15.609720	-0.539451	 0.135676	 4.785295	-0.327109	 3.356936	 0.740255	-1.464713	 90.107350	-91.564900	-2.145807	-115.812700	 179.341000	 2.311708	 110.148200	-0.813313	 0.122417	-8.559153	-15.195430	 4.918086	 52.822720	-11.932810	 19.851900	 2.444556	 6.140532	 10.782050	-25.472230	-10.505420	-3.504451	 52.740170	 2.463813	-1.150523	 57.572720	 2.438555	 1.030847	-43.367100	-0.439769	 1.205189	 42.775730	-0.211270	 3.172385	 32.376590	 2.652763	 5.049469	-59.658600	 32.170610	 17.425330	 21.838330	-6.560354	 19.292800	 25.413170	-5.727229	 19.255610	-74.559590	 14.723290	 8.059919	 30.651140	-3.706370	 9.468092	 32.544980	-0.548506	 10.463990	-61.016630	-36.715930	-2.656852	 27.816320	 15.609720	-0.539555	 0.135676	 16.990000	-0.375326	 3.456629	 0.000000	 90.000000	 0.000000	 174.504100	 2.150702	 179.362500	-175.644000	-16.957630	-3.133842
 0.032291	-0.067382	 0.020037	-86.797800	 2.788638	-92.755200	-9.698836	-0.043465	-2.530818	-9.065975	-0.461082	-2.349399	 0.548032	-2.485545	 107.129700	-0.813313	 0.122417	-8.559153	-9.973929	 17.904410	 67.251450	-107.094300	 15.448350	 10.344350	 29.647850	 8.650142	-46.437550	-10.460880	-3.520628	 49.767480	 2.465946	-1.147685	 53.571980	 2.469419	 0.999256	-44.218440	 0.014345	 1.561258	 40.151730	-0.235777	 3.159539	 23.068740	 2.763601	 4.786358	-63.686320	 38.697740	 20.254240	 18.072060	-6.685137	 19.245150	 18.310760	-5.763598	 19.260550	-76.376400	 18.674980	 10.523570	 28.757970	-3.774857	 9.431754	 23.885120	-0.500907	 10.236990	-66.356160	-32.637920	 5.227235	 46.277930	 15.609720	-0.539451	 0.135676	 4.328858	-0.324907	 3.353424	 0.742608	-1.645649	 90.109470	-91.668490	-1.915426	-116.022600	 179.344100	 2.300320	 110.144400	-0.813313	 0.122417	-8.559153	-14.635290	 5.333580	 52.762970	-13.664520	 20.088530	 2.666267	 6.975350	 11.156240	-25.490750	-10.503930	-3.502736	 52.753440	 2.463825	-1.150504	 57.548160	 2.438159	 1.031246	-43.356240	-0.436444	 1.207876	 42.793040	-0.211383	 3.172314	 32.331700	 2.653355	 5.048189	-59.678490	 32.196980	 17.436090	 21.849310	-6.560986	 19.292510	 25.376230	-5.727758	 19.255690	-74.585830	 14.738890	 8.068610	 30.675480	-3.706759	 9.467849	 32.494000	-0.547945	 10.461800	-61.068710	-36.715930	-2.656852	 27.816320	 15.609720	-0.539555	 0.135676	 16.990000	-0.375326	 3.456629	 0.000000	 90.000000	 0.000000	 174.681900	 1.600958	-179.674900	-175.556800	-16.719920	-3.101205
 0.031965	-0.068044	 0.020008	-86.698910	 2.789865	-92.714430	-9.690992	-0.035353	-2.515313	-9.052666	-0.407854	-2.336545	 0.551436	-2.499828	 107.153900	-0.813313	 0.122417	-8.559153	-10.046800	 17.865590	 67.360880	-107.016800	 15.490210	 10.375780	 29.693850	 8.643196	-46.533610	-10.461030	-3.520753	 49.768450	 2.465945	-1.147686	 53.572670	 2.469429	 0.999245	-44.218740	 0.016175	 1.562680	 40.152050	-0.235764	 3.159545	 23.073770	 2.763983	 4.785353	-63.701490	 38.707440	 20.258040	 18.068150	-6.685090	 19.245170	 18.313400	-5.763895	 19.260600	-76.391110	 18.674670	 10.523380	 28.756690	-3.774818	 9.431772	 23.889870	-0.500860	 10.236700	-66.362810	-32.562700	 5.474621	 46.818610	 15.609720	-0.539451	 0.135676	 3.957800	-0.323085	 3.350581	 0.744498	-1.767390	 90.111210	-91.734450	-1.743609	-116.098100	 179.346100	 2.292814	 110.141300	-0.813313	 0.122417	-8.559153	-14.167810	 5.793516	 52.710920	-14.947910	 20.275850	 2.832465	 7.565565	 11.416880	-25.407370	-10.502710	-3.501334	 52.764180	 2.463835	-1.150489	 57.527770	 2.437840	 1.031568	-43.347500	-0.434293	 1.209613	 42.807090	-0.211476	 3.172254	 32.294510	 2.653736	 5.047368	-59.691270	 32.214960	 17.443250	 21.859270	-6.561513	 19.292280	 25.345650	-5.728120	 19.255730	-74.603630	 14.749040	 8.074069	 30.695710	-3.707081	 9.467649	 32.451770	-0.547480	 10.459980	-61.111870	-36.715930	-2.656852	 27.816320	 15.609720	-0.539555	 0.135676	 16.990000	-0.375326	 3.456629	 0.000000	 90.000000	 0.000000	 174.832200	 1.193433	-179.301700	-175.455600	-16.579070	-3.106629
 0.031875	-0.068673	 0.019989	-86.596960	 2.797292	-92.673390	-9.683796	-0.026927	-2.488912	-9.038393	-0.351098	-2.313446	 0.555612	-2.517468	 107.177700	-0.813313	 0.122417	-8.559153	-10.114440	 17.816820	 67.457930	-106.953300	 15.522890	 10.399500	 29.730390	 8.634738	-46.615850	-10.461180	-3.520861	 49.769500	 2.465945	-1.147686	 53.573410	 2.469439	 0.999235	-44.219020	 0.018054	 1.564143	 40.152450	-0.235750	 3.159551	 23.078890	 2.764373	 4.784326	-63.716970	 38.717200	 20.261860	 18.064300	-6.685038	 19.245180	 18.316280	-5.764199	 19.260650	-76.406140	 18.675110	 10.523640	 28.755430	-3.774778	 9.431789	 23.894780	-0.500814	 10.236410	-66.369610	-32.489360	 5.725724	 47.366460	 15.609720	-0.539451	 0.135676	 3.581507	-0.321223	 3.347710	 0.746440	-1.872653	 90.112970	-91.787530	-1.584045	-116.145500	 179.347800	 2.286757	 110.138000	-0.813313	 0.122417	-8.559153	-13.752530	 6.287864	 52.668290	-15.960230	 20.461560	 2.968761	 8.061373	 11.629580	-25.239080	-10.501480	-3.499915	 52.775020	 2.463845	-1.150473	 57.506890	 2.437516	 1.031894	-43.338620	-0.432581	 1.210992	 42.821300	-0.211572	 3.172194	 32.256390	 2.654035	 5.046720	-59.701320	 32.230150	 17.449130	 21.870310	-6.562050	 19.292040	 25.314270	-5.728423	 19.255780	-74.618590	 14.757160	 8.078228	 30.716600	-3.707411	 9.467442	 32.408470	-0.547006	 10.458120	-61.156130	-36.715930	-2.656852	 27.816320	 15.609720	-0.539555	 0.135676	 16.990000	-0.375326	 3.456629	 0.000000	 90.000000	 0.000000	 174.975300	 0.861877	-179.197800	-175.321400	-16.481950	-3.105687
 0.031882	-0.069398	 0.019970	-86.479410	 2.816992	-92.630270	-9.676826	-0.016897	-2.450037	-9.021926	-0.285324	-2.278713	 0.561117	-2.540858	 107.202900	-0.813313	 0.122417	-8.559153	-10.184020	 17.750590	 67.551820	-106.896900	 15.541180	 10.416840	 29.769680	 8.612729	-46.688300	-10.461300	-3.520954	 49.770770	 2.465945	-1.147687	 53.574290	 2.469449	 0.999225	-44.219280	 0.020154	 1.565777	 40.152910	-0.235734	 3.159557	 23.084680	 2.764815	 4.783163	-63.734510	 38.728050	 20.266110	 18.060130	-6.684975	 19.245200	 18.319750	-5.764541	 19.260710	-76.423220	 18.677290	 10.524940	 28.753880	-3.774731	 9.431810	 23.900420	-0.500762	 10.236080	-66.377320	-32.409990	 6.009764	 47.985070	 15.609720	-0.539451	 0.135676	 3.156238	-0.319102	 3.344479	 0.748660	-1.971451	 90.114970	-91.833340	-1.424845	-116.148300	 179.349200	 2.281658	 110.134200	-0.813313	 0.122417	-8.559153	-13.368000	 6.728302	 52.620170	-17.043890	 20.617570	 3.112707	 8.521812	 11.832560	-24.974750	-10.500120	-3.498339	 52.787250	 2.463857	-1.150455	 57.483170	 2.437151	 1.032261	-43.328630	-0.431188	 1.212109	 42.837310	-0.211681	 3.172125	 32.213110	 2.654276	 5.046197	-59.709430	 32.243770	 17.454160	 21.883850	-6.562663	 19.291770	 25.278660	-5.728692	 19.255820	-74.631900	 14.763920	 8.081395	 30.740620	-3.707788	 9.467209	 32.359320	-0.546466	 10.456010	-61.206390	-36.715930	-2.656852	 27.816320	 15.609720	-0.539555	 0.135676	 16.990000	-0.375326	 3.456629	 0.000000	 90.000000	 0.000000	 175.149800	 0.568686	-179.082800	-175.145100	-16.425260	-3.121919
 0.032152	-0.070049	 0.019991	-86.378280	 2.848908	-92.600830	-9.672189	-0.007628	-2.412884	-9.008019	-0.229442	-2.245128	 0.566417	-2.563477	 107.222300	-0.813313	 0.122417	-8.559153	-10.238330	 17.685000	 67.619730	-106.860700	 15.541880	 10.424360	 29.833860	 8.570608	-46.737840	-10.461410	-3.521031	 49.771910	 2.465944	-1.147687	 53.575040	 2.469454	 0.999219	-44.219430	 0.021966	 1.567187	 40.153360	-0.235720	 3.159563	 23.089630	 2.765192	 4.782169	-63.749500	 38.737140	 20.269670	 18.056740	-6.684918	 19.245220	 18.322930	-5.764834	 19.260760	-76.437770	 18.681210	 10.527290	 28.752360	-3.774690	 9.431825	 23.905320	-0.500716	 10.235800	-66.383920	-32.345170	 6.252343	 48.512580	 15.609720	-0.539451	 0.135676	 2.793270	-0.317271	 3.341737	 0.750590	-2.040625	 90.116700	-91.863100	-1.308293	-116.134900	 179.350100	 2.278703	 110.130900	-0.813313	 0.122417	-8.559153	-13.102260	 7.014829	 52.561860	-17.925600	 20.733160	 3.228150	 8.854388	 11.997100	-24.714340	-10.498920	-3.496967	 52.797630	 2.463866	-1.150440	 57.462970	 2.436840	 1.032573	-43.320130	-0.430409	 1.212729	 42.850930	-0.211774	 3.172067	 32.176280	 2.654410	 5.045908	-59.713930	 32.252610	 17.457180	 21.896250	-6.563183	 19.291540	 25.248330	-5.728864	 19.255840	-74.640430	 14.767860	 8.082935	 30.761450	-3.708107	 9.467012	 32.317490	-0.546011	 10.454210	-61.249130	-36.715930	-2.656852	 27.816320	 15.609720	-0.539555	 0.135676	 16.990000	-0.375326	 3.456629	 0.000000	 90.000000	 0.000000	 175.318600	 0.382346	-179.135300	-174.979900	-16.418520	-3.147177
 0.032491	-0.070680	 0.020016	-86.284330	 2.889048	-92.575830	-9.669178	 0.001810	-2.378289	-8.995671	-0.179093	-2.213575	 0.571779	-2.586441	 107.238000	-0.813313	 0.122417	-8.559153	-10.285300	 17.616650	 67.673680	-106.835500	 15.531060	 10.425860	 29.915900	 8.514009	-46.773840	-10.461510	-3.521097	 49.773020	 2.465944	-1.147688	 53.575810	 2.469458	 0.999216	-44.219530	 0.024066	 1.568821	 40.153810	-0.235707	 3.159568	 23.094250	 2.765541	 4.781248	-63.763410	 38.746430	 20.273300	 18.053410	-6.684862	 19.245240	 18.326070	-5.765178	 19.260820	-76.454860	 18.686410	 10.530400	 28.750840	-3.774652	 9.431842	 23.909990	-0.500675	 10.235530	-66.390050	-32.287320	 6.478244	 49.003270	 15.609720	-0.539451	 0.135676	 2.455415	-0.315549	 3.339191	 0.752394	-2.094089	 90.118400	-91.885090	-1.219140	-116.075500	 179.350600	 2.277030	 110.127700	-0.813313	 0.122417	-8.559153	-12.864590	 7.268949	 52.487650	-18.717580	 20.850830	 3.330536	 9.135205	 12.163090	-24.468770	-10.497840	-3.495720	 52.807250	 2.463876	-1.150426	 57.444350	 2.436553	 1.032862	-43.312270	-0.429972	 1.213071	 42.863560	-0.211859	 3.172013	 32.142310	 2.654481	 5.045755	-59.716300	 32.258650	 17.458980	 21.908480	-6.563665	 19.291330	 25.220380	-5.728978	 19.255860	-74.646150	 14.770200	 8.083530	 30.781100	-3.708402	 9.466830	 32.278930	-0.545591	 10.452560	-61.288570	-36.715930	-2.656852	 27.816320	 15.609720	-0.539555	 0.135676	 16.990000	-0.375326	 3.456629	 0.000000	 90.000000	 0.000000	 175.485000	 0.257524	-179.231100	-174.819600	-16.444090	-3.177278
 0.032917	-0.071451	 0.020043	-86.171260	 2.946134	-92.544400	-9.667574	 0.014319	-2.341839	-8.982362	-0.123693	-2.180002	 0.578563	-2.615624	 107.252700	-0.813313	 0.122417	-8.559153	-10.337210	 17.527240	 67.727170	-106.815100	 15.505230	 10.421640	 30.036250	 8.428254	-46.803820	-10.461570	-3.521130	 49.774430	 2.465943	-1.147689	 53.576740	 2.469459	 0.999214	-44.219580	 0.027470	 1.571468	 40.154340	-0.235693	 3.159575	 23.099670	 2.765950	 4.780168	-63.779690	 38.759750	 20.278510	 18.048770	-6.684792	 19.245270	 18.330040	-5.765744	 19.260910	-76.482970	 18.693820	 10.534840	 28.749040	-3.774607	 9.431864	 23.915620	-0.500626	 10.235230	-66.397260	-32.222050	 6.745102	 49.582340	 15.609720	-0.539451	 0.135676	 2.056423	-0.313494	 3.336200	 0.754544	-2.145838	 90.120410	-91.913240	-1.165835	-115.922900	 179.351000	 2.276242	 110.124000	-0.813313	 0.122417	-8.559153	-12.595200	 7.554166	 52.375930	-19.627100	 21.035480	 3.446569	 9.460526	 12.401600	-24.210800	-10.496550	-3.494237	 52.818570	 2.463886	-1.150410	 57.422730	 2.436215	 1.033203	-43.303000	-0.429770	 1.213220	 42.878450	-0.211958	 3.171951	 32.102970	 2.654509	 5.045695	-59.717250	 32.263340	 17.460000	 21.923660	-6.564220	 19.291080	 25.187990	-5.729064	 19.255870	-74.650400	 14.771550	 8.083323	 30.804550	-3.708744	 9.466618	 32.234260	-0.545108	 10.450630	-61.334230	-36.715930	-2.656852	 27.816320	 15.609720	-0.539555	 0.135676	 16.990000	-0.375326	 3.456629	 0.000000	 90.000000	 0.000000	 175.684800	 0.165543	-179.295900	-174.629500	-16.510110	-3.217243
 0.033347	-0.072131	 0.020065	-86.065390	 3.003008	-92.509380	-9.668274	 0.027129	-2.317735	-8.972109	-0.079727	-2.157424	 0.584977	-2.643350	 107.261400	-0.813313	 0.122417	-8.559153	-10.381440	 17.439210	 67.767110	-106.803700	 15.471120	 10.413150	 30.161610	 8.336694	-46.819400	-10.461620	-3.521151	 49.775770	 2.465942	-1.147689	 53.577640	 2.469458	 0.999216	-44.219530	 0.031298	 1.574445	 40.154870	-0.235679	 3.159580	 23.104540	 2.766313	 4.779209	-63.794140	 38.773930	 20.284060	 18.043960	-6.684721	 19.245280	 18.333840	-5.766385	 19.261020	-76.514880	 18.701690	 10.539550	 28.747410	-3.774565	 9.431884	 23.920750	-0.500583	 10.234950	-66.403660	-32.166260	 6.984834	 50.102080	 15.609720	-0.539451	 0.135676	 1.698081	-0.311637	 3.333527	 0.756538	-2.184150	 90.122320	-91.945860	-1.176541	-115.759000	 179.351100	 2.276517	 110.120500	-0.813313	 0.122417	-8.559153	-12.362990	 7.797434	 52.254060	-20.425330	 21.158750	 3.548272	 9.770182	 12.565650	-24.023760	-10.495420	-3.492927	 52.828700	 2.463895	-1.150396	 57.403900	 2.435914	 1.033506	-43.294750	-0.429813	 1.213170	 42.891740	-0.212045	 3.171896	 32.068680	 2.654492	 5.045732	-59.716670	 32.265480	 17.459960	 21.937920	-6.564706	 19.290870	 25.159740	-5.729099	 19.255880	-74.652110	 14.771730	 8.082480	 30.825830	-3.709041	 9.466434	 32.195340	-0.544685	 10.448960	-61.374050	-36.715930	-2.656852	 27.816320	 15.609720	-0.539555	 0.135676	 16.990000	-0.375326	 3.456629	 0.000000	 90.000000	 0.000000	 175.853500	 0.131828	-179.371600	-174.466000	-16.598560	-3.253241
 0.033802	-0.072692	 0.020086	-85.965800	 3.055120	-92.468350	-9.670891	 0.040051	-2.307187	-8.964869	-0.047042	-2.147032	 0.590860	-2.668858	 107.266600	-0.813313	 0.122417	-8.559153	-10.419690	 17.355140	 67.797360	-106.797800	 15.433340	 10.402550	 30.282860	 8.246258	-46.824290	-10.461640	-3.521141	 49.777020	 2.465942	-1.147690	 53.578450	 2.469455	 0.999219	-44.219440	 0.035260	 1.577527	 40.155340	-0.235668	 3.159586	 23.108840	 2.766630	 4.778369	-63.806790	 38.788440	 20.289730	 18.039160	-6.684656	 19.245300	 18.337440	-5.767046	 19.261140	-76.547870	 18.709720	 10.544360	 28.746010	-3.774527	 9.431900	 23.925400	-0.500545	 10.234710	-66.409260	-32.118910	 7.197939	 50.563780	 15.609720	-0.539451	 0.135676	 1.379583	-0.309965	 3.331160	 0.758336	-2.213714	 90.124090	-91.978580	-1.216281	-115.634100	 179.350900	 2.277439	 110.117500	-0.813313	 0.122417	-8.559153	-12.163710	 8.004190	 52.129150	-21.125920	 21.201080	 3.638004	 10.081770	 12.633600	-23.912960	-10.494410	-3.491757	 52.837680	 2.463904	-1.150383	 57.387770	 2.435646	 1.033775	-43.287410	-0.429993	 1.213009	 42.903520	-0.212119	 3.171850	 32.039310	 2.654453	 5.045817	-59.715350	 32.265910	 17.459260	 21.951060	-6.565122	 19.290690	 25.135570	-5.729099	 19.255880	-74.652150	 14.771260	 8.081331	 30.844890	-3.709296	 9.466276	 32.162000	-0.544325	 10.447520	-61.408150	-36.715930	-2.656852	 27.816320	 15.609720	-0.539555	 0.135676	 16.990000	-0.375326	 3.456629	 0.000000	 90.000000	 0.000000	 175.982400	 0.138617	-179.516300	-174.333100	-16.696820	-3.281927
 0.034446	-0.073605	 0.020128	-85.844910	 3.123530	-92.418300	-9.676398	 0.056700	-2.312252	-8.959346	-0.019544	-2.151317	 0.597615	-2.698184	 107.271100	-0.813313	 0.122417	-8.559153	-10.462450	 17.254260	 67.826820	-106.794100	 15.383590	 10.388170	 30.425700	 8.137304	-46.820030	-10.461640	-3.521117	 49.778510	 2.465942	-1.147690	 53.579440	 2.469449	 0.999225	-44.219280	 0.040206	 1.581372	 40.155910	-0.235654	 3.159591	 23.113680	 2.766979	 4.777444	-63.820730	 38.806940	 20.296960	 18.033110	-6.684580	 19.245330	 18.341760	-5.767883	 19.261290	-76.589410	 18.719940	 10.550480	 28.744440	-3.774482	 9.431919	 23.930730	-0.500502	 10.234440	-66.415470	-32.068150	 7.437880	 51.083390	 15.609720	-0.539451	 0.135676	 1.020931	-0.308066	 3.328505	 0.760403	-2.244444	 90.126170	-92.016860	-1.278499	-115.464800	 179.350600	 2.279080	 110.114000	-0.813313	 0.122417	-8.559153	-11.946520	 8.227329	 51.970540	-22.372340	 21.227680	 3.805667	 10.668860	 12.670840	-23.841340	-10.493270	-3.490445	 52.847730	 2.463912	-1.150371	 57.370490	 2.435345	 1.034077	-43.279210	-0.430277	 1.212763	 42.916730	-0.212198	 3.171800	 32.007890	 2.654392	 5.045949	-59.713310	 32.265030	 17.457840	 21.966260	-6.565566	 19.290490	 25.109680	-5.729074	 19.255870	-74.650770	 14.770330	 8.079780	 30.866460	-3.709570	 9.466111	 32.126350	-0.543943	 10.445990	-61.444610	-36.715930	-2.656852	 27.816320	 15.609720	-0.539555	 0.135676	 16.990000	-0.375326	 3.456629	 0.000000	 90.000000	 0.000000	 176.146100	 0.171634	-179.714600	-174.156800	-16.838410	-3.315058
 0.035153	-0.074693	 0.020194	-85.732330	 3.197934	-92.379730	-9.683786	 0.072762	-2.330157	-8.957218	-0.002584	-2.168371	 0.603524	-2.723867	 107.274000	-0.813313	 0.122417	-8.559153	-10.500420	 17.161290	 67.849980	-106.791900	 15.335370	 10.374300	 30.551200	 8.039109	-46.808110	-10.461630	-3.521079	 49.779890	 2.465942	-1.147691	 53.580310	 2.469441	 0.999233	-44.219070	 0.044897	 1.585020	 40.156450	-0.235643	 3.159597	 23.117860	 2.767275	 4.776660	-63.832560	 38.825050	 20.304040	 18.027300	-6.684509	 19.245350	 18.345750	-5.768675	 19.261420	-76.628670	 18.729930	 10.556470	 28.743120	-3.774444	 9.431935	 23.935470	-0.500466	 10.234220	-66.420720	-32.026100	 7.646966	 51.536060	 15.609720	-0.539451	 0.135676	 0.708336	-0.306406	 3.326200	 0.762265	-2.271350	 90.128080	-92.048980	-1.332110	-115.254300	 179.350300	 2.280932	 110.110900	-0.813313	 0.122417	-8.559153	-11.762770	 8.414351	 51.817400	-23.702330	 21.231200	 3.985988	 11.284430	 12.683980	-23.741950	-10.492280	-3.489306	 52.856430	 2.463919	-1.150360	 57.356350	 2.435084	 1.034339	-43.272060	-0.430541	 1.212534	 42.928170	-0.212262	 3.171760	 31.982280	 2.654335	 5.046071	-59.711390	 32.263270	 17.456150	 21.979840	-6.565928	 19.290330	 25.088570	-5.729029	 19.255870	-74.648610	 14.769430	 8.078370	 30.885310	-3.709793	 9.465973	 32.097260	-0.543629	 10.444730	-61.474380	-36.715930	-2.656852	 27.816320	 15.609720	-0.539555	 0.135676	 16.990000	-0.375326	 3.456629	 0.000000	 90.000000	 0.000000	 176.333300	 0.209841	-179.869400	-173.956500	-16.993360	-3.350487
 0.035916	-0.075826	 0.020270	-85.614380	 3.283695	-92.345540	-9.693853	 0.089804	-2.357041	-8.957999	 0.009986	-2.194377	 0.609368	-2.749305	 107.275700	-0.813313	 0.122417	-8.559153	-10.540030	 17.063880	 67.872150	-106.789000	 15.283810	 10.360030	 30.655460	 7.948301	-46.786710	-10.461590	-3.521011	 49.781330	 2.465941	-1.147692	 53.581270	 2.469431	 0.999244	-44.218790	 0.049808	 1.588839	 40.157030	-0.235632	 3.159601	 23.122010	 2.767561	 4.775900	-63.844000	 38.845110	 20.311870	 18.020920	-6.684432	 19.245370	 18.349980	-5.769504	 19.261570	-76.670070	 18.741000	 10.563100	 28.741860	-3.774403	 9.431952	 23.940290	-0.500431	 10.234000	-66.425830	-31.986040	 7.856325	 51.989250	 15.609720	-0.539451	 0.135676	 0.395271	-0.304731	 3.323901	 0.764167	-2.300806	 90.130100	-92.077760	-1.365839	-115.029300	 179.349900	 2.283023	 110.107900	-0.813313	 0.122417	-8.559153	-11.583130	 8.595746	 51.650760	-24.761350	 21.200490	 4.126428	 11.771160	 12.676250	-23.556770	-10.491300	-3.488168	 52.865130	 2.463925	-1.150350	 57.343310	 2.434825	 1.034600	-43.264960	-0.430764	 1.212340	 42.939590	-0.212322	 3.171723	 31.958590	 2.654286	 5.046178	-59.709750	 32.260850	 17.454150	 21.993620	-6.566265	 19.290190	 25.069060	-5.728971	 19.255860	-74.645740	 14.768720	 8.077074	 30.904210	-3.709999	 9.465847	 32.070380	-0.543342	 10.443570	-61.501880	-36.715930	-2.656852	 27.816320	 15.609720	-0.539555	 0.135676	 16.990000	-0.375326	 3.456629	 0.000000	 90.000000	 0.000000	 176.544800	 0.254352	-179.989700	-173.731500	-17.171400	-3.392152
 0.036743	-0.077079	 0.020344	-85.477140	 3.388799	-92.312520	-9.708698	 0.109222	-2.392637	-8.962899	 0.018545	-2.229171	 0.615684	-2.776833	 107.276400	-0.813313	 0.122417	-8.559153	-10.587160	 16.950790	 67.897450	-106.782700	 15.224290	 10.344920	 30.730080	 7.864168	-46.751160	-10.461530	-3.520926	 49.783020	 2.465940	-1.147693	 53.582340	 2.469416	 0.999259	-44.218380	 0.055447	 1.593225	 40.157730	-0.235619	 3.159607	 23.126580	 2.767868	 4.775089	-63.856220	 38.869820	 20.321520	 18.013190	-6.684340	 19.245400	 18.355000	-5.770463	 19.261730	-76.717540	 18.754620	 10.571260	 28.740510	-3.774358	 9.431972	 23.945760	-0.500395	 10.233760	-66.431330	-31.943860	 8.089352	 52.493710	 15.609720	-0.539451	 0.135676	 0.046669	-0.302842	 3.321356	 0.766365	-2.339769	 90.132550	-92.103090	-1.354075	-114.820700	 179.349400	 2.285470	 110.104600	-0.813313	 0.122417	-8.559153	-11.387320	 8.792089	 51.450420	-25.705550	 21.134570	 4.249055	 12.205080	 12.646920	-23.268830	-10.490220	-3.486918	 52.874770	 2.463931	-1.150340	 57.330260	 2.434537	 1.034889	-43.257100	-0.430892	 1.212221	 42.952260	-0.212382	 3.171685	 31.935010	 2.654253	 5.046248	-59.708650	 32.257650	 17.451690	 22.009140	-6.566598	 19.290040	 25.049630	-5.728896	 19.255850	-74.642070	 14.768510	 8.075997	 30.925210	-3.710203	 9.465720	 32.043630	-0.543056	 10.442430	-61.529240	-36.715930	-2.656852	 27.816320	 15.609720	-0.539555	 0.135676	 16.990000	-0.375326	 3.456629	 0.000000	 90.000000	 0.000000	 176.783900	 0.308350	 179.894700	-173.477900	-17.387740	-3.446087
