HIERARCHY
ROOT root
{
	OFFSET	0.00	0.00	0.00
	CHANNELS 6 Xposition Yposition Zposition Zrotation Xrotation Yrotation
	JOINT back
	{
		OFFSET	 0.494700	-0.003154	-0.003150
		CHANNELS 3 Zrotation Xrotation Yrotation
		JOINT chest
		{
			OFFSET	 0.264817	 0.004177	 0.000000
			CHANNELS 3 Zrotation Xrotation Yrotation
			JOINT l_clavicle
			{
				OFFSET	 0.114550	 0.000716	-0.065320
				CHANNELS 3 Zrotation Xrotation Yrotation
				JOINT l_end_clavicle
				{
					OFFSET	 0.162817	-0.003802	 0.000069
					CHANNELS 3 Zrotation Xrotation Yrotation
					JOINT l_shoulder
					{
						OFFSET	 0.005511	-0.036537	 0.056010
						CHANNELS 3 Zrotation Xrotation Yrotation
						JOINT l_forearm
						{
							OFFSET	 0.293352	 0.004850	-0.038040
							CHANNELS 3 Zrotation Xrotation Yrotation
							JOINT l_end_wrist
							{
								OFFSET	 0.317021	-0.006522	 0.006333
								CHANNELS 3 Zrotation Xrotation Yrotation
								JOINT l_index1
								{
									OFFSET	 0.152748	-0.021000	-0.014320
									CHANNELS 3 Zrotation Xrotation Yrotation
									JOINT l_index2
									{
										OFFSET	 0.039283	 0.000000	 0.000000
										CHANNELS 3 Zrotation Xrotation Yrotation
										JOINT l_index3
										{
											OFFSET	 0.038151	 0.000000	 0.000000
											CHANNELS 3 Zrotation Xrotation Yrotation
											End Site
											{
												OFFSET	 0.038151	 0.000000	 0.000000
											}
										}
									}
								}
								JOINT l_middle1
								{
									OFFSET	 0.151723	 0.016194	-0.014667
									CHANNELS 3 Zrotation Xrotation Yrotation
									JOINT l_middle_2
									{
										OFFSET	 0.038269	 0.000000	 0.000000
										CHANNELS 3 Zrotation Xrotation Yrotation
										JOINT l_middle_3
										{
											OFFSET	 0.039743	 0.000000	 0.000000
											CHANNELS 3 Zrotation Xrotation Yrotation
											End Site
											{
												OFFSET	 0.039743	 0.000000	 0.000000
											}
										}
									}
								}
								JOINT l_pinky1
								{
									OFFSET	 0.117088	 0.077397	-0.013819
									CHANNELS 3 Zrotation Xrotation Yrotation
									JOINT l_pinky2
									{
										OFFSET	 0.028938	 0.000000	 0.000000
										CHANNELS 3 Zrotation Xrotation Yrotation
										JOINT l_pinky3
										{
											OFFSET	 0.027080	 0.000000	 0.000000
											CHANNELS 3 Zrotation Xrotation Yrotation
											End Site
											{
												OFFSET	 0.027080	 0.000000	 0.000000
											}
										}
									}
								}
								JOINT l_ring1
								{
									OFFSET	 0.137788	 0.047650	-0.014135
									CHANNELS 3 Zrotation Xrotation Yrotation
									JOINT l_ring2
									{
										OFFSET	 0.030749	 0.000000	 0.000000
										CHANNELS 3 Zrotation Xrotation Yrotation
										JOINT l_ring3
										{
											OFFSET	 0.032711	 0.000000	 0.000000
											CHANNELS 3 Zrotation Xrotation Yrotation
											End Site
											{
												OFFSET	 0.032711	 0.000000	 0.000000
											}
										}
									}
								}
								JOINT l_thumb1
								{
									OFFSET	 0.054053	-0.036728	-0.011261
									CHANNELS 3 Zrotation Xrotation Yrotation
									JOINT l_thumb_2
									{
										OFFSET	 0.051141	-0.005593	-0.001180
										CHANNELS 3 Zrotation Xrotation Yrotation
										JOINT l_thumb_3
										{
											OFFSET	 0.046422	-0.001905	 0.000191
											CHANNELS 3 Zrotation Xrotation Yrotation
											End Site
											{
												OFFSET	 0.046422	-0.001905	 0.000191
											}
										}
									}
								}
							}
						}
					}
				}
			}
			JOINT neck
			{
				OFFSET	 0.143918	 0.000470	 0.000000
				CHANNELS 3 Zrotation Xrotation Yrotation
				JOINT head
				{
					OFFSET	-0.005141	-0.004258	 0.061190
					CHANNELS 3 Zrotation Xrotation Yrotation
					End Site
					{
						OFFSET	-0.005141	-0.004258	 0.061190
					}
				}
			}
			JOINT r_clavicle
			{
				OFFSET	 0.114552	 0.000716	 0.065320
				CHANNELS 3 Zrotation Xrotation Yrotation
				JOINT r_end_clavicle
				{
					OFFSET	-0.162817	 0.003801	-0.000067
					CHANNELS 3 Zrotation Xrotation Yrotation
					JOINT r_shoulder
					{
						OFFSET	 0.002062	 0.026294	-0.022755
						CHANNELS 3 Zrotation Xrotation Yrotation
						JOINT r_forearm
						{
							OFFSET	-0.279907	-0.027041	 0.065271
							CHANNELS 3 Zrotation Xrotation Yrotation
							JOINT r_end_wrist
							{
								OFFSET	-0.317022	 0.006522	-0.006331
								CHANNELS 3 Zrotation Xrotation Yrotation
								JOINT r_index1
								{
									OFFSET	-0.152748	 0.021000	 0.014322
									CHANNELS 3 Zrotation Xrotation Yrotation
									JOINT r_index2
									{
										OFFSET	-0.039280	 0.000000	-0.000001
										CHANNELS 3 Zrotation Xrotation Yrotation
										JOINT r_index3
										{
											OFFSET	-0.038152	 0.000000	-0.000001
											CHANNELS 3 Zrotation Xrotation Yrotation
											End Site
											{
												OFFSET	-0.038152	 0.000000	-0.000001
											}
										}
									}
								}
								JOINT r_middle1
								{
									OFFSET	-0.151722	-0.016194	 0.014664
									CHANNELS 3 Zrotation Xrotation Yrotation
									JOINT r_middle_2
									{
										OFFSET	-0.038270	 0.000000	 0.000003
										CHANNELS 3 Zrotation Xrotation Yrotation
										JOINT r_middle_3
										{
											OFFSET	-0.039744	 0.000000	 0.000000
											CHANNELS 3 Zrotation Xrotation Yrotation
											End Site
											{
												OFFSET	-0.039744	 0.000000	 0.000000
											}
										}
									}
								}
								JOINT r_pinky1
								{
									OFFSET	-0.117090	-0.077397	 0.013818
									CHANNELS 3 Zrotation Xrotation Yrotation
									JOINT r_pinky2
									{
										OFFSET	-0.028938	 0.000000	 0.000000
										CHANNELS 3 Zrotation Xrotation Yrotation
										JOINT r_pinky3
										{
											OFFSET	-0.027079	-0.000001	 0.000000
											CHANNELS 3 Zrotation Xrotation Yrotation
											End Site
											{
												OFFSET	-0.027079	-0.000001	 0.000000
											}
										}
									}
								}
								JOINT r_ring1
								{
									OFFSET	-0.137790	-0.047650	 0.014136
									CHANNELS 3 Zrotation Xrotation Yrotation
									JOINT r_ring2
									{
										OFFSET	-0.030748	 0.000000	-0.000001
										CHANNELS 3 Zrotation Xrotation Yrotation
										JOINT r_ring3
										{
											OFFSET	-0.032707	-0.000001	 0.000003
											CHANNELS 3 Zrotation Xrotation Yrotation
											End Site
											{
												OFFSET	-0.032707	-0.000001	 0.000003
											}
										}
									}
								}
								JOINT r_thumb1
								{
									OFFSET	-0.054054	 0.036728	 0.011262
									CHANNELS 3 Zrotation Xrotation Yrotation
									JOINT r_thumb_2
									{
										OFFSET	-0.051140	 0.005594	 0.001177
										CHANNELS 3 Zrotation Xrotation Yrotation
										JOINT r_thumb_3
										{
											OFFSET	-0.046419	 0.001906	-0.000190
											CHANNELS 3 Zrotation Xrotation Yrotation
											End Site
											{
												OFFSET	-0.046419	 0.001906	-0.000190
											}
										}
									}
								}
							}
						}
					}
				}
			}
		}
	}
	JOINT Pelvis
	{
		OFFSET	 0.153808	-0.002935	-0.002617
		CHANNELS 3 Zrotation Xrotation Yrotation
		JOINT l_thigh
		{
			OFFSET	 0.145220	-0.127337	 0.003593
			CHANNELS 3 Zrotation Xrotation Yrotation
			End Site
			{
				OFFSET	 0.145220	-0.127337	 0.003593
			}
		}
		JOINT r_thigh
		{
			OFFSET	 0.143035	 0.137869	 0.004460
			CHANNELS 3 Zrotation Xrotation Yrotation
			End Site
			{
				OFFSET	 0.143035	 0.137869	 0.004460
			}
		}
	}
}
MOTION
Frames:    435
Frame Time: 0.01666667
-0.001963	 0.002454	-0.116118	 179.305400	 0.221747	-89.965800	-0.000021	 0.000000	 0.000000	-0.000021	 0.000000	 0.000000	-3.525149	 11.225090	 114.920700	-0.813313	 0.122417	-8.559153	-39.721840	-22.971270	 34.504040	-46.877240	 33.730030	 8.058828	-1.508344	 27.119350	 0.905986	-11.666870	-4.636808	 35.944750	 2.477603	-1.136251	 35.323120	 2.739605	 0.675539	-52.364350	-0.352786	 1.276010	 35.556880	-0.202301	 3.178486	 36.024460	 2.411832	 5.494030	-52.520410	 39.007590	 20.375220	 27.137650	-6.436097	 19.357820	 32.910680	-5.387433	 19.254410	-57.899170	 18.466570	 10.398590	 33.996140	-3.686892	 9.480865	 35.137450	-0.646625	 10.763470	-53.750010	-51.281710	-9.954659	 11.445530	 23.982090	-0.549087	 0.208112	 14.789960	-0.368235	 3.437935	-0.000006	 0.000001	 90.000000	-90.000000	 0.000000	-86.406780	 177.642400	 8.601227	 111.084700	-0.813313	 0.122417	-8.559153	 12.236280	 10.972310	 52.931600	-1.045101	 10.743230	-0.604093	-2.262662	 22.375880	-11.302420	-11.666870	-4.636809	 35.944760	 2.477604	-1.136251	 35.323130	 2.739605	 0.675539	-52.364380	-0.352786	 1.276010	 35.556880	-0.202300	 3.178487	 36.024460	 2.411833	 5.494030	-52.520430	 39.007590	 20.375220	 27.137660	-6.436093	 19.357820	 32.910680	-5.387434	 19.254410	-57.899150	 18.466580	 10.398590	 33.996150	-3.686890	 9.480865	 35.137440	-0.646626	 10.763470	-53.750010	-51.281720	-9.954665	 11.445540	 23.982080	-0.549088	 0.208112	 14.789960	-0.368242	 3.437935	 0.000000	 90.000000	 0.000000	 177.641500	 1.693646	 173.691800	-177.179200	-1.281514	-6.296279
-0.003153	-0.016576	-0.091087	 178.018000	 1.075239	-89.763760	-2.217815	 0.472908	-0.395717	-1.961065	 1.195494	-0.381622	-2.511190	 8.171368	 113.932700	-0.813313	 0.122417	-8.559153	-42.077610	-23.011020	 31.983030	-38.798690	 33.255920	 7.548675	-4.086933	 25.515990	-11.103710	-10.555490	-3.904761	 30.943790	 2.482107	-1.133398	 29.387990	 2.889768	 0.445384	-57.669830	 0.383127	 1.759051	 31.021310	-0.215226	 3.169969	 30.819840	 2.533717	 5.285698	-55.926520	 38.645230	 20.209640	 24.813080	-6.505447	 19.318840	 28.653880	-5.435076	 19.248830	-60.246880	 18.431830	 10.376570	 31.577500	-3.724350	 9.457179	 30.190700	-0.593019	 10.616560	-57.351340	-52.473250	-10.287920	 10.547160	 21.150970	-0.547014	 0.183469	 8.205601	-0.342747	 3.383805	 0.267169	-0.321287	 90.063760	-90.187720	-0.151414	-90.422590	 178.111500	 7.040905	 110.405900	-0.813313	 0.122417	-8.559153	 10.282320	 12.152220	 53.364320	-18.922800	 7.251783	-2.859059	-1.663097	 16.043400	-15.569830	-11.459310	-4.479081	 38.689570	 2.475088	-1.138119	 38.814990	 2.695712	 0.734885	-50.939870	-0.074612	 1.477810	 36.365100	-0.207873	 3.174598	 33.739570	 2.525129	 5.301363	-55.674350	 39.942070	 20.801000	 24.766540	-6.479841	 19.332620	 30.207710	-5.492745	 19.244790	-63.070280	 19.065170	 10.783440	 32.380900	-3.703207	 9.470081	 32.960780	-0.602764	 10.645250	-56.655430	-48.286570	-8.873206	 14.778310	 22.369300	-0.548077	 0.194063	 15.213750	-0.369658	 3.441513	 0.000000	 90.000000	 0.000000	 176.117100	 3.799785	 172.034500	-176.797800	-1.520425	-5.895193
-0.003481	-0.022849	-0.082745	 177.597500	 1.353571	-89.679270	-2.945530	 0.631275	-0.525090	-2.602236	 1.600700	-0.506488	-2.189673	 7.159032	 113.620600	-0.813313	 0.122417	-8.559153	-42.849030	-22.999480	 31.147270	-36.107070	 33.099690	 7.295634	-4.877140	 25.086810	-15.109270	-10.177760	-3.686137	 29.298580	 2.483648	-1.132564	 27.437730	 2.934381	 0.366842	-59.413010	 0.632675	 1.904638	 29.529490	-0.219636	 3.167431	 29.109650	 2.571018	 5.215711	-57.045400	 38.524780	 20.158280	 24.049520	-6.528880	 19.307110	 27.255330	-5.450778	 19.247400	-61.018320	 18.420230	 10.369670	 30.782770	-3.737093	 9.450104	 28.565290	-0.577472	 10.567610	-58.534310	-52.866170	-10.393380	 10.250280	 20.220690	-0.546068	 0.175398	 6.042020	-0.333041	 3.366700	 0.355301	-0.406632	 90.084790	-90.228310	-0.200708	-91.754680	 178.260900	 6.526180	 110.191900	-0.813313	 0.122417	-8.559153	 9.634405	 12.539400	 53.517660	-24.943370	 6.187986	-3.235734	-1.478219	 13.940530	-16.939370	-11.392800	-4.425099	 39.593820	 2.474286	-1.138767	 39.962700	 2.680970	 0.754143	-50.471810	 0.016049	 1.544882	 36.630620	-0.209736	 3.173370	 32.989390	 2.559983	 5.236773	-56.709790	 40.252710	 20.932510	 23.984750	-6.494475	 19.324770	 29.320080	-5.527475	 19.243590	-64.768370	 19.263860	 10.905910	 31.849310	-3.708652	 9.466674	 32.246170	-0.589699	 10.605970	-57.609430	-47.319470	-8.481028	 15.857390	 21.839350	-0.547657	 0.189453	 15.353010	-0.370123	 3.442693	 0.000000	 90.000000	 0.000000	 175.636800	 4.500881	 171.509500	-176.672700	-1.596519	-5.765677
-0.003832	-0.030470	-0.072562	 177.091500	 1.689305	-89.564430	-3.827023	 0.825007	-0.681196	-3.377302	 2.099842	-0.657264	-1.806876	 5.924931	 113.250400	-0.813313	 0.122417	-8.559153	-43.782810	-22.969310	 30.127770	-32.821480	 32.901830	 6.931512	-5.791448	 24.626420	-20.003150	-9.712773	-3.436352	 27.303440	 2.485554	-1.131624	 25.074030	 2.985219	 0.269885	-61.525640	 0.939721	 2.072068	 27.720540	-0.225080	 3.164532	 27.036890	 2.614372	 5.129936	-58.401250	 38.377940	 20.098090	 23.124230	-6.557671	 19.293610	 25.560390	-5.469835	 19.245930	-61.953290	 18.406110	 10.361550	 29.819580	-3.752802	 9.442009	 26.595350	-0.560017	 10.507860	-59.967780	-53.343290	-10.518510	 9.889354	 19.093150	-0.544749	 0.165637	 3.419769	-0.320425	 3.346480	 0.462438	-0.514941	 90.110470	-90.279400	-0.261303	-93.362220	 178.439500	 5.901030	 109.934600	-0.813313	 0.122417	-8.559153	 8.844235	 13.009190	 53.711220	-32.303540	 4.903606	-3.452541	-1.260692	 11.385960	-18.578760	-11.313370	-4.358283	 40.692540	 2.473333	-1.139573	 41.354020	 2.662896	 0.777318	-49.904610	 0.125375	 1.626634	 36.952490	-0.212014	 3.171916	 32.080850	 2.600624	 5.157701	-57.963940	 40.631070	 21.086110	 23.035660	-6.512373	 19.315550	 28.244840	-5.569574	 19.243430	-66.825330	 19.505740	 11.051550	 31.204660	-3.715305	 9.462640	 31.380720	-0.574767	 10.558090	-58.765090	-46.159610	-7.982127	 17.153660	 21.197050	-0.547095	 0.183872	 15.521780	-0.370675	 3.444123	 0.000000	 90.000000	 0.000000	 175.069300	 5.356138	 170.859800	-176.521600	-1.687337	-5.608574
-0.004080	-0.036560	-0.064372	 176.691900	 1.956138	-89.463070	-4.530838	 0.981054	-0.805260	-3.994895	 2.502677	-0.777187	-1.506202	 4.933156	 112.960800	-0.813313	 0.122417	-8.559153	-44.527930	-22.932450	 29.307560	-30.179450	 32.733480	 6.595446	-6.496748	 24.304740	-23.938250	-9.336208	-3.249043	 25.708880	 2.487102	-1.130931	 23.185920	 3.023237	 0.191132	-63.213120	 1.188261	 2.198528	 26.274930	-0.229501	 3.162359	 25.381200	 2.647528	 5.060698	-59.484140	 38.260050	 20.051650	 22.385260	-6.580965	 19.283410	 24.206620	-5.485071	 19.244970	-62.700170	 18.394780	 10.355270	 29.050180	-3.765548	 9.435930	 25.021810	-0.547172	 10.459840	-61.112620	-53.725100	-10.616320	 9.600248	 18.192520	-0.543547	 0.157861	 1.325157	-0.309680	 3.330755	 0.548328	-0.599016	 90.131160	-90.327890	-0.309875	-94.645130	 178.580200	 5.400632	 109.728900	-0.813313	 0.122417	-8.559153	 8.208820	 13.385090	 53.872110	-38.216670	 3.855838	-3.443019	-1.091318	 9.343844	-19.872690	-11.250880	-4.303824	 41.572880	 2.472585	-1.140233	 42.465680	 2.648296	 0.795698	-49.451610	 0.212257	 1.692290	 37.209600	-0.213848	 3.170781	 31.355750	 2.631812	 5.093954	-58.965020	 40.934570	 21.204200	 22.276410	-6.526792	 19.308420	 27.386470	-5.603168	 19.244340	-68.467440	 19.699700	 11.165640	 30.689510	-3.720657	 9.459489	 30.690010	-0.563550	 10.519660	-59.687700	-45.243220	-7.565457	 18.179600	 20.684010	-0.546595	 0.179418	 15.656600	-0.371114	 3.445266	 0.000000	 90.000000	 0.000000	 174.628100	 6.043361	 170.327800	-176.401400	-1.759320	-5.482488
-0.004300	-0.042669	-0.056097	 176.297100	 2.222989	-89.353150	-5.237803	 1.138904	-0.929232	-4.614173	 2.907957	-0.897203	-1.208451	 3.931208	 112.675200	-0.813313	 0.122417	-8.559153	-45.275990	-22.883900	 28.477650	-27.510250	 32.551990	 6.217491	-7.190338	 24.023270	-27.911250	-8.953756	-3.071989	 24.106130	 2.488680	-1.130286	 21.288960	 3.059081	 0.110916	-64.908450	 1.440674	 2.318969	 24.821970	-0.234004	 3.160305	 23.717730	 2.679506	 4.990520	-60.571930	 38.141030	 20.006440	 21.642910	-6.604617	 19.273690	 22.846520	-5.500398	 19.244190	-63.450520	 18.383340	 10.349120	 28.277210	-3.778518	 9.430173	 23.440890	-0.535253	 10.411350	-62.262650	-54.109290	-10.712680	 9.309048	 17.287660	-0.542231	 0.150068	-0.779289	-0.298318	 3.315364	 0.634925	-0.681692	 90.152080	-90.376970	-0.359765	-95.932220	 178.719700	 4.896883	 109.523200	-0.813313	 0.122417	-8.559153	 7.566250	 13.763510	 54.039550	-44.174530	 2.754861	-3.278450	-0.924375	 7.287052	-21.159180	-11.188980	-4.248159	 42.460170	 2.471846	-1.140911	 43.582850	 2.633484	 0.814044	-48.996550	 0.299114	 1.758546	 37.468010	-0.215704	 3.169666	 30.627890	 2.661997	 5.029404	-59.970140	 41.240430	 21.318640	 21.512660	-6.541380	 19.301460	 26.524590	-5.636859	 19.246160	-70.116290	 19.895160	 11.278220	 30.171800	-3.726069	 9.456392	 29.996690	-0.552925	 10.480890	-60.614110	-44.331850	-7.130975	 19.201500	 20.168540	-0.546061	 0.174949	 15.792060	-0.371552	 3.446416	 0.000000	 90.000000	 0.000000	 174.196000	 6.737146	 169.781300	-176.281100	-1.831927	-5.354843
-0.004536	-0.050082	-0.045944	 175.827100	 2.546849	-89.209010	-6.100081	 1.332862	-1.079457	-5.368080	 3.399127	-1.042819	-0.850865	 2.701420	 112.334100	-0.813313	 0.122417	-8.559153	-46.187930	-22.808960	 27.456670	-24.235810	 32.310000	 5.702412	-8.005022	 23.735180	-32.787430	-8.482316	-2.871403	 22.150130	 2.490632	-1.129570	 18.974920	 3.099569	 0.011682	-66.976460	 1.751883	 2.456760	 23.048960	-0.239576	 3.157977	 21.688540	 2.716691	 4.904115	-61.898690	 37.995200	 19.953330	 20.737500	-6.633789	 19.262560	 21.187540	-5.519100	 19.243500	-64.365860	 18.369370	 10.341890	 27.334250	-3.794550	 9.423630	 21.512440	-0.522060	 10.351890	-63.665270	-54.578740	-10.827610	 8.952895	 16.183840	-0.540450	 0.140590	-3.346415	-0.283702	 3.297169	 0.741024	-0.780921	 90.177890	-90.437950	-0.422407	-97.498550	 178.887600	 4.280997	 109.273400	-0.813313	 0.122417	-8.559153	 6.776426	 14.226210	 54.251980	-51.447290	 1.314728	-2.883111	-0.724182	 4.771515	-22.710700	-11.114720	-4.178980	 43.546990	 2.470963	-1.141758	 44.946030	 2.615224	 0.836257	-48.441580	 0.404519	 1.839790	 37.783290	-0.217984	 3.168338	 29.740950	 2.697245	 4.950016	-61.195250	 41.614680	 21.452540	 20.579740	-6.559311	 19.293260	 25.473960	-5.677837	 19.249610	-72.126370	 20.134350	 11.412760	 29.540120	-3.732715	 9.452708	 29.151830	-0.540836	 10.433400	-61.743500	-43.233180	-6.579967	 20.435680	 19.539730	-0.545351	 0.169502	 15.957270	-0.372087	 3.447819	 0.000000	 90.000000	 0.000000	 173.684200	 7.587337	 169.103100	-176.135100	-1.922145	-5.197263
-0.004705	-0.056131	-0.037552	 175.451000	 2.811804	-89.083040	-6.808939	 1.493403	-1.202077	-5.986787	 3.799510	-1.161895	-0.561360	 1.684302	 112.059500	-0.813313	 0.122417	-8.559153	-46.937170	-22.734210	 26.609670	-21.530120	 32.091180	 5.235190	-8.633512	 23.540700	-36.825670	-8.091256	-2.719363	 20.541400	 2.492258	-1.129042	 17.072440	 3.130155	-0.070954	-68.676610	 2.010175	 2.562423	 21.590790	-0.244216	 3.156212	 20.020250	 2.745749	 4.832447	-62.989320	 37.874800	 19.911330	 19.993190	-6.658017	 19.254000	 19.823670	-5.534486	 19.243150	-65.118400	 18.357870	 10.336150	 26.559040	-3.807892	 9.418653	 19.927000	-0.512324	 10.302790	-64.818210	-54.965350	-10.919940	 8.659305	 15.276340	-0.538842	 0.132827	-5.456951	-0.271089	 3.282712	 0.828680	-0.861725	 90.199380	-90.489430	-0.475444	-98.782370	 179.023700	 3.773492	 109.068700	-0.813313	 0.122417	-8.559153	 6.121879	 14.607520	 54.433560	-57.416280	 0.026981	-2.414154	-0.561455	 2.698327	-23.971830	-11.054700	-4.121051	 44.444570	 2.470252	-1.142470	 46.067090	 2.600057	 0.854380	-47.985480	 0.490695	 1.906908	 38.042590	-0.219872	 3.167274	 29.012620	 2.724922	 4.884239	-62.201660	 41.923160	 21.557880	 19.811770	-6.574160	 19.286760	 24.610850	-5.711390	 19.253470	-73.777850	 20.331570	 11.521050	 29.020680	-3.738213	 9.449753	 28.457990	-0.531616	 10.394200	-62.671420	-42.340990	-6.110128	 21.439820	 19.022750	-0.544715	 0.165032	 16.093140	-0.372517	 3.448976	 0.000000	 90.000000	 0.000000	 173.275600	 8.288722	 168.543700	-176.015800	-1.998315	-5.065794
-0.004863	-0.062448	-0.028689	 175.066500	 3.088969	-88.944440	-7.553879	 1.663075	-1.330003	-6.635942	 4.215591	-1.286346	-0.261421	 0.610008	 111.776600	-0.813313	 0.122417	-8.559153	-47.723960	-22.642760	 25.711880	-18.675720	 31.839120	 4.702738	-9.232844	 23.371380	-41.103910	-7.677544	-2.572290	 18.850570	 2.493984	-1.128544	 15.073510	 3.159637	-0.158718	-70.462920	 2.283603	 2.665919	 20.058280	-0.249145	 3.154504	 18.267380	 2.774797	 4.756567	-64.135100	 37.747810	 19.868840	 19.211240	-6.683698	 19.245600	 18.390710	-5.550657	 19.242980	-65.909120	 18.345740	 10.330320	 25.744500	-3.822054	 9.413814	 18.261170	-0.503182	 10.250990	-66.029400	-55.372150	-11.014830	 8.350125	 14.322820	-0.537031	 0.124696	-7.674526	-0.257274	 3.268034	 0.921224	-0.946320	 90.222220	-90.545170	-0.532675	-100.126700	 179.164900	 3.239073	 108.854100	-0.813313	 0.122417	-8.559153	 5.428899	 15.008960	 54.631360	-63.664730	-1.447520	-1.800079	-0.391346	 0.515385	-25.283040	-10.992720	-4.059210	 45.392030	 2.469520	-1.143234	 47.245380	 2.583970	 0.873286	-47.506380	 0.580767	 1.977738	 38.315070	-0.221867	 3.166184	 28.248240	 2.752731	 4.814656	-63.258380	 42.247990	 21.663970	 19.003920	-6.589859	 19.280160	 23.704640	-5.746480	 19.258500	-75.512060	 20.539320	 11.632590	 28.474820	-3.744021	 9.446723	 27.729760	-0.522632	 10.352880	-63.645810	-41.414580	-5.600572	 22.484390	 18.479580	-0.544011	 0.160340	 16.235860	-0.372975	 3.450191	 0.000000	 90.000000	 0.000000	 172.855700	 9.024955	 167.972600	-175.891100	-2.080655	-4.925481
-0.005026	-0.069545	-0.018607	 174.645600	 3.401111	-88.781360	-8.396525	 1.856080	-1.473461	-7.369131	 4.679184	-1.426196	 0.072614	-0.611242	 111.463400	-0.813313	 0.122417	-8.559153	-48.613030	-22.523110	 24.686440	-15.435840	 31.523930	 4.050838	-9.818540	 23.214590	-45.989990	-7.206882	-2.421792	 16.937860	 2.495955	-1.128054	 12.812850	 3.189664	-0.259024	-72.483060	 2.595005	 2.773583	 18.324690	-0.254779	 3.152755	 16.285010	 2.805802	 4.670075	-65.430690	 37.603690	 19.822820	 18.327000	-6.712996	 19.236840	 16.770230	-5.568941	 19.243040	-66.803390	 18.332060	 10.323990	 24.823300	-3.838236	 9.408838	 16.377290	-0.494187	 10.192200	-67.398940	-55.832960	-11.119530	 7.999601	 13.244460	-0.534819	 0.115539	-10.182400	-0.240973	 3.252094	 1.026507	-1.042114	 90.248440	-90.610570	-0.599093	-101.640500	 179.322300	 2.633234	 108.611900	-0.813313	 0.122417	-8.559153	 4.638478	 15.463660	 54.864060	-70.687740	-3.285903	-0.981321	-0.198748	-1.958580	-26.748840	-10.924000	-3.988101	 46.469360	 2.468711	-1.144115	 48.578360	 2.565595	 0.894495	-46.964770	 0.682110	 2.058270	 38.623310	-0.224138	 3.164984	 27.384900	 2.782601	 4.735412	-64.452550	 42.616130	 21.778280	 18.089180	-6.607731	 19.272990	 22.680630	-5.785928	 19.265380	-77.472170	 20.774940	 11.755970	 27.857360	-3.750630	 9.443389	 26.907150	-0.513338	 10.306010	-64.747110	-40.380790	-5.005256	 23.652440	 17.865290	-0.543159	 0.155042	 16.397290	-0.373485	 3.451566	 0.000000	 90.000000	 0.000000	 172.389800	 9.852414	 167.361400	-175.751100	-2.176923	-4.763831
-0.005159	-0.075502	-0.010041	 174.301300	 3.664096	-88.639580	-9.109232	 2.020151	-1.593716	-7.988359	 5.064585	-1.543702	 0.350770	-1.648359	 111.204300	-0.813313	 0.122417	-8.559153	-49.364040	-22.408250	 23.810730	-12.689110	 31.230240	 3.460014	-10.239840	 23.107150	-50.157830	-6.807227	-2.307780	 15.320470	 2.497636	-1.127702	 10.901570	 3.212279	-0.344610	-74.190990	 2.859748	 2.856749	 16.858750	-0.259587	 3.151428	 14.609000	 2.830477	 4.596418	-66.525900	 37.481450	 19.785600	 17.579490	-6.737965	 19.230050	 15.400260	-5.584401	 19.243300	-67.559460	 18.320490	 10.318860	 24.044480	-3.852038	 9.405040	 14.784560	-0.487700	 10.142350	-68.556610	-56.223130	-11.205880	 7.702576	 12.332780	-0.532818	 0.107831	-12.302710	-0.226662	 3.239180	 1.116063	-1.123518	 90.270980	-90.668010	-0.656481	-102.914400	 179.453600	 2.119789	 108.407600	-0.813313	 0.122417	-8.559153	 3.964558	 15.848400	 55.068430	-76.579060	-4.995047	-0.208758	-0.034512	-4.054151	-27.973810	-10.867080	-3.927016	 47.385400	 2.468042	-1.144875	 49.705660	 2.549912	 0.912281	-46.507100	 0.767317	 2.126676	 38.883940	-0.226069	 3.163999	 26.655940	 2.806543	 4.667980	-65.461480	 42.928050	 21.870250	 17.314850	-6.622933	 19.267160	 21.815560	-5.819055	 19.272190	-79.128550	 20.974700	 11.858020	 27.335170	-3.756248	 9.440645	 26.212440	-0.506198	 10.266260	-65.677670	-39.518530	-4.486645	 24.628810	 17.345930	-0.542404	 0.150570	 16.533760	-0.373916	 3.452730	 0.000000	 90.000000	 0.000000	 172.003700	 10.548260	 166.861100	-175.633500	-2.261040	-4.624537
-0.005304	-0.081486	-0.001348	 173.963900	 3.929279	-88.493930	-9.829934	 2.186767	-1.714306	-8.613804	 5.447565	-1.661770	 0.627941	-2.700176	 110.947400	-0.813313	 0.122417	-8.559153	-50.122230	-22.279190	 22.917300	-9.907977	 30.906340	 2.827502	-10.591720	 23.016400	-54.405170	-6.402250	-2.204973	 13.685460	 2.499346	-1.127402	 8.969733	 3.232534	-0.431762	-75.917270	 3.128431	 2.933440	 15.376850	-0.264484	 3.150231	 12.914990	 2.853974	 4.521507	-67.632740	 37.357550	 19.749570	 16.824030	-6.763365	 19.223750	 14.015590	-5.600021	 19.243760	-68.323670	 18.308830	 10.313880	 23.257260	-3.866093	 9.401589	 13.174750	-0.482184	 10.091840	-69.726540	-56.618020	-11.291130	 7.401727	 11.411270	-0.530665	 0.100074	-14.445790	-0.211721	 3.226680	 1.207120	-1.206404	 90.294070	-90.728100	-0.715335	-104.195900	 179.584500	 1.599654	 108.201600	-0.813313	 0.122417	-8.559153	 3.278073	 16.237240	 55.282380	-82.483150	-6.875233	 0.625381	 0.133912	-6.175587	-29.198420	-10.810670	-3.864397	 48.316450	 2.467382	-1.145656	 50.845420	 2.533924	 0.930122	-46.044700	 0.853022	 2.196133	 39.147400	-0.228032	 3.163028	 25.920020	 2.829516	 4.599436	-66.480690	 43.243910	 21.958880	 16.531310	-6.638378	 19.261500	 20.941840	-5.852297	 19.279990	-80.802100	 21.177170	 11.959090	 26.807190	-3.761955	 9.437944	 25.510980	-0.499655	 10.225990	-66.617770	-38.658080	-3.948665	 25.605060	 16.820990	-0.541585	 0.146059	 16.671690	-0.374347	 3.453908	 0.000000	 90.000000	 0.000000	 171.622500	 11.249720	 166.352800	-175.515300	-2.348587	-4.481145
-0.005504	-0.088550	 0.009004	 173.576900	 4.243322	-88.318260	-10.685680	 2.385505	-1.856094	-9.355485	 5.893145	-1.800958	 0.951560	-3.951644	 110.649200	-0.813313	 0.122417	-8.559153	-51.020510	-22.108740	 21.846070	-6.604542	 30.484820	 2.033237	-10.906980	 22.923940	-59.490220	-5.921029	-2.099250	 11.745280	 2.501387	-1.127121	 6.677452	 3.253151	-0.535909	-77.965600	 3.448270	 3.014754	 13.618280	-0.270338	 3.148998	 10.904890	 2.879964	 4.432051	-68.945940	 37.210110	 19.708880	 15.927660	-6.793704	 19.217030	 12.372640	-5.618547	 19.244570	-69.230480	 18.295030	 10.308250	 22.323170	-3.882889	 9.398001	 11.264550	-0.477000	 10.031770	-71.114530	-57.087250	-11.389610	 7.043983	 10.317840	-0.527950	 0.090917	-16.988750	-0.193401	 3.212582	 1.315936	-1.305759	 90.321980	-90.802080	-0.785901	-105.708100	 179.737600	 0.980942	 107.958100	-0.813313	 0.122417	-8.559153	 2.456559	 16.697990	 55.546090	-89.416650	-9.311162	 1.655976	 0.341508	-8.697266	-30.632780	-10.745270	-3.788998	 49.428300	 2.466619	-1.146601	 52.198150	 2.514778	 0.951111	-45.496360	 0.954215	 2.278990	 39.460010	-0.230373	 3.161911	 25.047980	 2.855172	 4.517619	-67.689480	 43.619560	 22.058450	 15.600320	-6.656806	 19.255070	 19.905890	-5.891399	 19.290410	-82.787410	 21.418210	 12.076350	 26.180380	-3.768762	 9.434830	 24.679470	-0.492765	 10.178090	-67.732800	-37.651730	-3.292946	 26.749450	 16.198100	-0.540570	 0.140714	 16.835370	-0.374848	 3.455306	 0.000000	 90.000000	 0.000000	 171.186800	 12.083120	 165.715100	-175.376000	-2.455616	-4.307607
-0.005706	-0.094466	 0.017754	 173.261200	 4.507562	-88.166630	-11.407480	 2.553813	-1.974500	-9.980410	 6.261226	-1.917514	 1.219788	-5.008161	 110.403100	-0.813313	 0.122417	-8.559153	-51.776130	-21.950240	 20.933770	-3.820100	 30.097020	 1.329106	-11.082510	 22.851600	-63.813740	-5.515497	-2.023913	 10.110070	 2.503115	-1.126949	 4.745426	 3.267626	-0.624215	-79.692040	 3.718389	 3.075085	 12.136020	-0.275303	 3.148118	 9.210713	 2.900266	 4.356208	-70.052600	 37.085590	 19.676370	 15.172200	-6.819424	 19.212010	 10.987930	-5.634148	 19.245460	-69.994820	 18.283420	 10.303720	 21.535870	-3.897134	 9.395408	 9.654587	-0.473781	 9.981058	-72.284170	-57.483280	-11.470380	 6.741806	 9.396233	-0.525529	 0.083238	-19.132040	-0.177478	 3.201341	 1.408291	-1.390422	 90.345900	-90.866550	-0.845572	-106.975100	 179.864900	 0.458177	 107.753700	-0.813313	 0.122417	-8.559153	 1.758371	 17.085240	 55.776880	-95.197820	-11.537590	 2.534939	 0.528467	-10.826790	-31.824170	-10.691510	-3.724564	 50.371640	 2.465993	-1.147411	 53.338550	 2.498498	 0.968645	-45.034540	 1.039110	 2.349218	 39.723450	-0.232357	 3.160998	 24.313930	 2.875439	 4.448270	-68.707910	 43.936950	 22.137700	 14.814540	-6.672419	 19.249900	 19.033380	-5.924037	 19.300190	-84.460460	 21.622140	 12.173010	 25.651720	-3.774530	 9.432285	 23.979300	-0.487697	 10.137630	-68.672230	-36.816070	-2.726141	 27.702050	 15.673100	-0.539667	 0.136219	 16.973320	-0.375273	 3.456486	 0.000000	 90.000000	 0.000000	 170.835700	 12.789140	 165.142100	-175.259400	-2.548190	-4.158473
-0.005684	-0.095252	 0.018807	 173.264200	 4.545063	-88.155830	-11.501040	 2.569527	-1.984795	-10.062830	 6.266692	-1.927477	 1.255210	-5.148579	 110.374200	-0.813313	 0.122417	-8.559153	-51.902310	-21.926320	 20.756150	-3.485196	 30.017060	 1.243335	-11.136260	 22.828020	-64.349060	-5.466561	-2.015671	 9.912610	 2.503324	-1.126932	 4.512146	 3.269194	-0.634905	-79.900480	 3.751489	 3.082064	 11.957020	-0.275905	 3.148022	 9.006140	 2.902619	 4.347019	-70.186290	 37.070560	 19.672560	 15.080980	-6.822537	 19.211440	 10.820750	-5.636033	 19.245580	-70.087170	 18.282570	 10.303470	 21.440690	-3.898858	 9.395122	 9.460192	-0.473463	 9.974930	-72.425380	-57.531080	-11.479970	 6.705282	 9.284960	-0.525222	 0.082313	-19.390840	-0.175535	 3.200025	 1.422467	-1.399034	 90.350930	-90.878490	-0.875775	-107.093100	 179.880900	 0.391549	 107.726200	-0.813313	 0.122417	-8.559153	 1.656882	 17.147600	 55.813590	-95.923100	-11.815470	 2.662198	 0.568555	-11.082620	-31.966630	-10.685300	-3.716376	 50.519340	 2.465918	-1.147511	 53.478250	 2.496574	 0.970699	-44.980230	 1.048776	 2.357305	 39.756030	-0.232582	 3.160897	 24.231060	 2.877747	 4.440075	-68.827910	 43.970810	 22.145350	 14.719200	-6.674240	 19.249320	 18.932010	-5.927863	 19.301400	-84.657760	 21.644180	 12.183150	 25.590040	-3.775190	 9.431998	 23.899330	-0.487140	 10.132840	-68.783450	-36.715930	-2.656852	 27.816320	 15.609720	-0.539555	 0.135676	 16.990000	-0.375326	 3.456629	 0.000000	 90.000000	 0.000000	 170.797900	 12.859170	 165.032700	-175.251600	-2.573929	-4.126595
-0.005619	-0.095343	 0.018797	 173.316200	 4.553375	-88.166180	-11.509990	 2.563192	-1.979636	-10.072530	 6.213495	-1.922155	 1.258609	-5.161680	 110.374600	-0.813313	 0.122417	-8.559153	-51.950760	-21.920770	 20.663610	-3.486863	 29.982280	 1.244959	-11.181980	 22.811800	-64.364190	-5.466561	-2.015671	 9.912610	 2.503324	-1.126932	 4.512146	 3.269194	-0.634905	-79.900480	 3.752163	 3.082359	 11.956980	-0.275905	 3.148022	 9.006140	 2.902620	 4.347015	-70.186350	 37.070610	 19.672570	 15.080970	-6.822537	 19.211440	 10.820750	-5.636030	 19.245580	-70.087300	 18.283320	 10.303860	 21.440550	-3.898858	 9.395122	 9.460192	-0.473463	 9.974930	-72.425380	-57.530980	-11.479960	 6.705270	 9.284960	-0.525222	 0.082313	-19.390840	-0.175535	 3.200025	 1.426618	-1.397987	 90.353910	-90.883800	-0.905126	-107.044300	 179.882100	 0.386853	 107.723200	-0.813313	 0.122417	-8.559153	 1.635190	 17.166780	 55.825080	-95.967820	-11.810770	 2.689171	 0.599167	-11.079810	-31.964070	-10.685640	-3.715951	 50.565500	 2.465916	-1.147512	 53.480730	 2.496648	 0.970620	-44.982310	 1.048140	 2.356832	 39.756940	-0.232561	 3.160906	 24.238660	 2.877682	 4.440306	-68.824530	 43.965610	 22.143460	 14.718060	-6.674147	 19.249340	 18.937130	-5.927763	 19.301370	-84.652540	 21.641160	 12.181550	 25.592490	-3.775143	 9.432018	 23.905120	-0.487153	 10.132950	-68.780870	-36.715930	-2.656852	 27.816320	 15.609720	-0.539555	 0.135676	 16.990000	-0.375326	 3.456629	 0.000000	 90.000000	 0.000000	 170.802100	 12.846800	 164.988500	-175.260100	-2.592699	-4.107928
-0.005563	-0.095413	 0.018786	 173.357600	 4.560987	-88.174870	-11.518000	 2.557839	-1.975378	-10.081080	 6.167753	-1.917738	 1.260884	-5.170443	 110.375000	-0.813313	 0.122417	-8.559153	-51.993130	-21.915680	 20.582320	-3.488345	 29.958140	 1.246262	-11.216400	 22.800740	-64.377240	-5.466561	-2.015671	 9.912610	 2.503324	-1.126932	 4.512146	 3.269194	-0.634905	-79.900480	 3.752741	 3.082612	 11.956940	-0.275905	 3.148022	 9.006140	 2.902622	 4.347011	-70.186420	 37.070630	 19.672580	 15.080960	-6.822537	 19.211440	 10.820750	-5.636037	 19.245580	-70.087370	 18.283990	 10.304210	 21.440420	-3.898858	 9.395122	 9.460192	-0.473463	 9.974930	-72.425380	-57.530920	-11.479950	 6.705259	 9.284960	-0.525222	 0.082313	-19.390840	-0.175535	 3.200025	 1.430294	-1.397830	 90.356550	-90.887970	-0.928578	-107.001100	 179.883100	 0.382799	 107.721000	-0.813313	 0.122417	-8.559153	 1.617694	 17.181210	 55.835070	-96.005020	-11.804160	 2.710076	 0.631916	-11.076440	-31.960060	-10.685990	-3.715628	 50.606060	 2.465915	-1.147514	 53.482670	 2.496716	 0.970548	-44.984220	 1.047728	 2.356526	 39.757560	-0.232544	 3.160914	 24.245040	 2.877638	 4.440464	-68.822220	 43.962060	 22.142120	 14.716440	-6.674073	 19.249370	 18.941340	-5.927699	 19.301350	-84.649210	 21.639100	 12.180460	 25.594070	-3.775105	 9.432036	 23.909730	-0.487163	 10.133030	-68.779030	-36.715930	-2.656852	 27.816320	 15.609720	-0.539555	 0.135676	 16.990000	-0.375326	 3.456629	 0.000000	 90.000000	 0.000000	 170.802700	 12.843360	 164.958500	-175.267300	-2.607646	-4.092014
-0.005506	-0.095484	 0.018770	 173.394700	 4.568939	-88.183150	-11.526270	 2.552500	-1.971291	-10.089840	 6.122847	-1.913507	 1.262648	-5.177240	 110.375200	-0.813313	 0.122417	-8.559153	-52.036110	-21.910230	 20.499540	-3.489892	 29.937320	 1.247535	-11.246810	 22.790810	-64.390380	-5.466561	-2.015671	 9.912610	 2.503324	-1.126932	 4.512146	 3.269194	-0.634905	-79.900480	 3.753338	 3.082873	 11.956910	-0.275905	 3.148022	 9.006140	 2.902622	 4.347005	-70.186490	 37.070650	 19.672590	 15.080950	-6.822537	 19.211440	 10.820750	-5.636037	 19.245580	-70.087480	 18.284680	 10.304560	 21.440290	-3.898858	 9.395122	 9.460192	-0.473463	 9.974930	-72.425380	-57.530830	-11.479940	 6.705245	 9.284960	-0.525222	 0.082313	-19.390840	-0.175535	 3.200025	 1.434069	-1.398077	 90.359280	-90.891460	-0.950349	-106.953000	 179.884100	 0.378748	 107.718400	-0.813313	 0.122417	-8.559153	 1.601380	 17.193550	 55.845230	-96.038280	-11.795010	 2.728653	 0.669836	-11.071940	-31.954430	-10.686400	-3.715344	 50.647350	 2.465914	-1.147515	 53.484380	 2.496788	 0.970471	-44.986260	 1.047453	 2.356323	 39.758010	-0.232527	 3.160921	 24.251210	 2.877605	 4.440579	-68.820530	 43.959450	 22.141090	 14.714210	-6.674000	 19.249400	 18.945330	-5.927657	 19.301340	-84.647020	 21.637590	 12.179640	 25.595130	-3.775069	 9.432050	 23.913970	-0.487170	 10.133090	-68.777600	-36.715930	-2.656852	 27.816320	 15.609720	-0.539555	 0.135676	 16.990000	-0.375326	 3.456629	 0.000000	 90.000000	 0.000000	 170.800200	 12.844420	 164.921300	-175.274500	-2.621136	-4.076389
-0.005442	-0.095570	 0.018750	 173.431200	 4.578714	-88.192200	-11.536420	 2.546239	-1.966732	-10.100370	 6.071774	-1.908747	 1.264174	-5.183110	 110.375500	-0.813313	 0.122417	-8.559153	-52.087760	-21.903350	 20.399650	-3.491755	 29.916490	 1.248990	-11.278340	 22.780290	-64.405720	-5.466561	-2.015671	 9.912610	 2.503324	-1.126932	 4.512146	 3.269194	-0.634905	-79.900480	 3.754090	 3.083202	 11.956870	-0.275905	 3.148022	 9.006140	 2.902624	 4.347000	-70.186560	 37.070690	 19.672610	 15.080940	-6.822537	 19.211440	 10.820750	-5.636042	 19.245580	-70.087590	 18.285500	 10.304990	 21.440130	-3.898858	 9.395122	 9.460192	-0.473463	 9.974930	-72.425380	-57.530740	-11.479920	 6.705220	 9.284960	-0.525222	 0.082313	-19.390840	-0.175535	 3.200025	 1.438678	-1.398516	 90.362590	-90.894360	-0.973919	-106.884500	 179.885300	 0.373950	 107.714800	-0.813313	 0.122417	-8.559153	 1.583741	 17.205240	 55.857360	-96.075970	-11.780760	 2.747410	 0.720551	-11.064850	-31.945850	-10.686950	-3.715061	 50.697200	 2.465913	-1.147516	 53.486160	 2.496879	 0.970374	-44.988820	 1.047297	 2.356209	 39.758310	-0.232508	 3.160930	 24.258250	 2.877583	 4.440658	-68.819360	 43.957640	 22.140290	 14.710720	-6.673922	 19.249420	 18.949750	-5.927636	 19.301330	-84.646030	 21.636580	 12.179100	 25.595700	-3.775032	 9.432068	 23.918460	-0.487176	 10.133140	-68.776440	-36.715930	-2.656852	 27.816320	 15.609720	-0.539555	 0.135676	 16.990000	-0.375326	 3.456629	 0.000000	 90.000000	 0.000000	 170.794100	 12.850680	 164.869000	-175.283100	-2.634792	-4.058517
-0.005389	-0.095647	 0.018729	 173.456700	 4.587442	-88.199350	-11.545510	 2.540930	-1.963045	-10.109620	 6.030323	-1.904902	 1.265077	-5.186580	 110.375700	-0.813313	 0.122417	-8.559153	-52.133000	-21.897010	 20.311760	-3.493391	 29.901470	 1.250198	-11.302190	 22.772080	-64.418530	-5.466561	-2.015671	 9.912610	 2.503324	-1.126932	 4.512146	 3.269194	-0.634905	-79.900480	 3.754726	 3.083481	 11.956830	-0.275905	 3.148022	 9.006140	 2.902625	 4.346995	-70.186630	 37.070740	 19.672620	 15.080920	-6.822537	 19.211440	 10.820750	-5.636043	 19.245580	-70.087710	 18.286250	 10.305380	 21.439990	-3.898858	 9.395122	 9.460192	-0.473463	 9.974930	-72.425380	-57.530640	-11.479910	 6.705219	 9.284960	-0.525222	 0.082313	-19.390840	-0.175535	 3.200025	 1.442774	-1.398730	 90.365520	-90.895550	-0.992239	-106.816600	 179.886300	 0.369798	 107.711100	-0.813313	 0.122417	-8.559153	 1.570108	 17.212570	 55.867990	-96.109810	-11.765340	 2.760607	 0.768797	-11.056890	-31.936830	-10.687520	-3.714882	 50.741040	 2.465913	-1.147517	 53.487430	 2.496963	 0.970284	-44.991200	 1.047348	 2.356249	 39.758370	-0.232492	 3.160937	 24.264090	 2.877578	 4.440676	-68.819120	 43.957290	 22.140000	 14.706910	-6.673859	 19.249440	 18.953270	-5.927648	 19.301330	-84.646680	 21.636390	 12.178990	 25.595530	-3.775004	 9.432078	 23.921850	-0.487178	 10.133160	-68.775950	-36.715930	-2.656852	 27.816320	 15.609720	-0.539555	 0.135676	 16.990000	-0.375326	 3.456629	 0.000000	 90.000000	 0.000000	 170.786600	 12.859820	 164.817800	-175.290400	-2.644163	-4.043806
-0.005337	-0.095730	 0.018706	 173.477100	 4.596633	-88.206020	-11.555150	 2.535601	-1.959515	-10.119220	 5.991139	-1.901221	 1.265664	-5.188832	 110.375900	-0.813313	 0.122417	-8.559153	-52.180000	-21.890120	 20.220070	-3.495132	 29.888430	 1.251408	-11.323840	 22.764350	-64.431070	-5.466561	-2.015671	 9.912610	 2.503324	-1.126932	 4.512146	 3.269194	-0.634905	-79.900480	 3.755400	 3.083775	 11.956780	-0.275905	 3.148022	 9.006140	 2.902626	 4.346991	-70.186700	 37.070780	 19.672640	 15.080910	-6.822537	 19.211440	 10.820750	-5.636045	 19.245580	-70.087820	 18.287020	 10.305770	 21.439840	-3.898858	 9.395122	 9.460192	-0.473463	 9.974930	-72.425380	-57.530540	-11.479900	 6.705202	 9.284960	-0.525222	 0.082313	-19.390840	-0.175535	 3.200025	 1.447079	-1.398491	 90.368620	-90.895200	-1.008901	-106.739700	 179.887400	 0.365565	 107.706700	-0.813313	 0.122417	-8.559153	 1.557774	 17.217250	 55.879000	-96.148350	-11.746450	 2.770970	 0.821998	-11.046630	-31.931070	-10.688160	-3.714752	 50.786800	 2.465912	-1.147518	 53.488440	 2.497055	 0.970186	-44.993800	 1.047587	 2.356430	 39.758210	-0.232477	 3.160944	 24.269780	 2.877589	 4.440635	-68.819730	 43.958200	 22.140100	 14.702210	-6.673800	 19.249460	 18.956590	-5.927696	 19.301350	-84.648880	 21.636960	 12.179270	 25.594650	-3.774979	 9.432089	 23.924820	-0.487178	 10.133160	-68.775960	-36.715930	-2.656852	 27.816320	 15.609720	-0.539555	 0.135676	 16.990000	-0.375326	 3.456629	 0.000000	 90.000000	 0.000000	 170.777400	 12.872260	 164.760200	-175.297900	-2.651044	-4.030433
-0.005281	-0.095834	 0.018676	 173.493900	 4.607645	-88.212930	-11.566890	 2.529483	-1.955790	-10.130630	 5.950609	-1.897267	 1.265999	-5.190111	 110.376000	-0.813313	 0.122417	-8.559153	-52.235760	-21.881470	 20.110750	-3.497243	 29.875970	 1.252819	-11.346090	 22.756010	-64.444690	-5.466561	-2.015671	 9.912610	 2.503324	-1.126932	 4.512146	 3.269194	-0.634905	-79.900480	 3.756228	 3.084139	 11.956740	-0.275905	 3.148022	 9.006140	 2.902628	 4.346985	-70.186790	 37.070820	 19.672660	 15.080900	-6.822537	 19.211440	 10.820750	-5.636045	 19.245580	-70.087970	 18.287960	 10.306260	 21.439660	-3.898858	 9.395122	 9.460192	-0.473463	 9.974930	-72.425380	-57.530430	-11.479880	 6.705184	 9.284960	-0.525222	 0.082313	-19.390840	-0.175535	 3.200025	 1.452235	-1.397317	 90.372360	-90.892490	-1.025451	-106.641700	 179.888700	 0.360630	 107.700700	-0.813313	 0.122417	-8.559153	 1.545716	 17.218730	 55.891970	-96.201570	-11.720160	 2.778721	 0.888442	-11.031510	-31.937710	-10.689020	-3.714682	 50.841320	 2.465912	-1.147518	 53.489230	 2.497170	 0.970063	-44.997030	 1.048101	 2.356817	 39.757710	-0.232460	 3.160952	 24.276050	 2.877625	 4.440510	-68.821550	 43.961000	 22.140790	 14.695570	-6.673738	 19.249480	 18.960030	-5.927785	 19.301380	-84.653640	 21.638630	 12.180140	 25.592670	-3.774957	 9.432100	 23.927560	-0.487175	 10.133130	-68.776730	-36.715930	-2.656852	 27.816320	 15.609720	-0.539555	 0.135676	 16.990000	-0.375326	 3.456629	 0.000000	 90.000000	 0.000000	 170.765100	 12.890110	 164.687400	-175.306600	-2.655292	-4.018660
-0.005238	-0.095929	 0.018648	 173.502200	 4.617151	-88.217990	-11.577200	 2.524449	-1.952966	-10.140370	 5.921748	-1.894283	 1.266044	-5.190275	 110.376100	-0.813313	 0.122417	-8.559153	-52.283550	-21.873690	 20.016590	-3.499091	 29.867400	 1.254009	-11.362730	 22.749420	-64.455080	-5.466561	-2.015671	 9.912610	 2.503324	-1.126932	 4.512146	 3.269194	-0.634905	-79.900480	 3.756942	 3.084451	 11.956700	-0.275905	 3.148022	 9.006140	 2.902629	 4.346980	-70.186860	 37.070860	 19.672670	 15.080880	-6.822537	 19.211440	 10.820750	-5.636048	 19.245580	-70.088110	 18.288760	 10.306680	 21.439500	-3.898858	 9.395122	 9.460192	-0.473463	 9.974930	-72.425380	-57.530320	-11.479860	 6.705173	 9.284960	-0.525222	 0.082313	-19.390840	-0.175535	 3.200025	 1.456735	-1.395242	 90.375610	-90.887920	-1.036764	-106.553300	 179.889700	 0.356486	 107.694900	-0.813313	 0.122417	-8.559153	 1.537664	 17.216330	 55.903100	-96.256210	-11.694140	 2.781291	 0.964004	-11.019210	-31.950670	-10.689830	-3.714694	 50.888280	 2.465912	-1.147519	 53.489570	 2.497274	 0.969953	-44.999980	 1.048768	 2.357318	 39.757020	-0.232446	 3.160958	 24.280980	 2.877674	 4.440334	-68.824120	 43.964970	 22.141890	 14.688940	-6.673692	 19.249490	 18.962530	-5.927903	 19.301410	-84.659610	 21.640980	 12.181360	 25.590120	-3.774944	 9.432105	 23.929200	-0.487169	 10.133070	-68.778080	-36.715930	-2.656852	 27.816320	 15.609720	-0.539555	 0.135676	 16.990000	-0.375326	 3.456629	 0.000000	 90.000000	 0.000000	 170.754100	 12.907470	 164.621900	-175.313900	-2.655869	-4.011859
-0.005198	-0.096029	 0.018618	 173.504700	 4.626866	-88.222250	-11.587920	 2.519520	-1.950491	-10.150200	 5.899199	-1.891621	 1.265918	-5.189778	 110.376200	-0.813313	 0.122417	-8.559153	-52.332120	-21.865390	 19.920340	-3.500952	 29.860370	 1.255177	-11.377800	 22.743110	-64.464220	-5.466561	-2.015671	 9.912610	 2.503324	-1.126932	 4.512146	 3.269194	-0.634905	-79.900480	 3.757675	 3.084771	 11.956660	-0.275905	 3.148022	 9.006140	 2.902630	 4.346973	-70.186940	 37.070900	 19.672680	 15.080870	-6.822537	 19.211440	 10.820750	-5.636054	 19.245580	-70.088210	 18.289610	 10.307110	 21.439340	-3.898858	 9.395122	 9.460192	-0.473463	 9.974930	-72.425380	-57.530230	-11.479840	 6.705156	 9.284960	-0.525222	 0.082313	-19.390840	-0.175535	 3.200025	 1.461375	-1.391887	 90.378970	-90.879720	-1.038641	-106.460100	 179.890800	 0.352366	 107.688300	-0.813313	 0.122417	-8.559153	 1.531785	 17.210250	 55.914340	-96.322610	-11.664340	 2.779902	 1.067559	-11.009040	-31.967880	-10.690750	-3.714788	 50.936280	 2.465912	-1.147518	 53.489510	 2.497386	 0.969833	-45.003140	 1.049676	 2.357999	 39.756030	-0.232434	 3.160963	 24.285550	 2.877743	 4.440085	-68.827760	 43.970560	 22.143520	 14.681250	-6.673654	 19.249510	 18.964650	-5.928056	 19.301460	-84.667620	 21.644280	 12.183090	 25.586690	-3.774935	 9.432108	 23.930180	-0.487158	 10.132980	-68.780080	-36.715930	-2.656852	 27.816320	 15.609720	-0.539555	 0.135676	 16.990000	-0.375326	 3.456629	 0.000000	 90.000000	 0.000000	 170.742800	 12.926580	 164.553300	-175.321200	-2.654149	-4.007844
-0.005158	-0.096155	 0.018580	 173.500200	 4.638487	-88.226170	-11.601070	 2.513923	-1.948090	-10.161880	 5.881784	-1.888987	 1.265616	-5.188601	 110.376200	-0.813313	 0.122417	-8.559153	-52.390160	-21.854960	 19.804740	-3.503205	 29.853730	 1.256567	-11.395370	 22.734900	-64.461200	-5.466561	-2.015671	 9.912610	 2.503324	-1.126932	 4.512146	 3.269194	-0.634905	-79.900480	 3.758580	 3.085168	 11.956610	-0.275905	 3.148022	 9.006140	 2.902632	 4.346965	-70.187050	 37.070960	 19.672710	 15.080850	-6.822537	 19.211440	 10.820750	-5.636057	 19.245580	-70.088390	 18.290620	 10.307640	 21.439150	-3.898858	 9.395122	 9.460192	-0.473463	 9.974930	-72.425380	-57.530090	-11.479830	 6.705142	 9.284960	-0.525222	 0.082313	-19.390840	-0.175535	 3.200025	 1.466967	-1.385923	 90.383050	-90.863140	-1.017323	-106.345800	 179.892100	 0.347546	 107.679500	-0.813313	 0.122417	-8.559153	 1.527939	 17.197960	 55.927700	-96.419240	-11.624100	 2.772635	 1.202460	-10.994990	-31.997490	-10.691960	-3.714996	 50.993910	 2.465912	-1.147518	 53.488960	 2.497525	 0.969684	-45.007070	 1.051047	 2.359026	 39.754490	-0.232421	 3.160969	 24.290420	 2.877854	 4.439693	-68.833510	 43.979380	 22.146170	 14.670780	-6.673620	 19.249520	 18.966560	-5.928293	 19.301540	-84.679800	 21.649490	 12.185820	 25.581420	-3.774933	 9.432110	 23.930400	-0.487141	 10.132840	-68.783400	-36.715930	-2.656852	 27.816320	 15.609720	-0.539555	 0.135676	 16.990000	-0.375326	 3.456629	 0.000000	 90.000000	 0.000000	 170.729900	 12.950670	 164.469700	-175.329600	-2.649651	-4.006666
-0.005130	-0.096264	 0.018546	 173.491700	 4.648192	-88.228660	-11.612360	 2.509503	-1.946565	-10.171610	 5.873921	-1.887256	 1.265295	-5.187359	 110.376200	-0.813313	 0.122417	-8.559153	-52.438590	-21.845790	 19.707650	-3.505127	 29.849380	 1.257697	-11.411510	 22.726480	-64.435970	-5.466561	-2.015671	 9.912610	 2.503324	-1.126932	 4.512146	 3.269194	-0.634905	-79.900480	 3.759332	 3.085497	 11.956560	-0.275905	 3.148022	 9.006140	 2.902634	 4.346959	-70.187150	 37.071010	 19.672720	 15.080830	-6.822537	 19.211440	 10.820750	-5.636059	 19.245580	-70.088520	 18.291490	 10.308090	 21.438980	-3.898858	 9.395122	 9.460192	-0.473463	 9.974930	-72.425380	-57.529980	-11.479800	 6.705116	 9.284960	-0.525222	 0.082313	-19.390840	-0.175535	 3.200025	 1.471781	-1.384597	 90.386540	-90.849580	-0.980190	-106.248900	 179.893200	 0.343619	 107.671200	-0.813313	 0.122417	-8.559153	 1.527538	 17.183240	 55.938800	-96.516910	-11.586430	 2.761676	 1.305523	-10.977470	-32.032700	-10.693080	-3.715281	 51.042330	 2.465912	-1.147518	 53.488050	 2.497649	 0.969552	-45.010570	 1.052486	 2.360105	 39.752890	-0.232411	 3.160973	 24.293940	 2.877969	 4.439283	-68.839520	 43.988660	 22.149000	 14.660880	-6.673599	 19.249520	 18.967630	-5.928533	 19.301610	-84.692320	 21.654950	 12.188680	 25.575990	-3.774939	 9.432107	 23.929710	-0.487122	 10.132690	-68.786990	-36.715930	-2.656852	 27.816320	 15.609720	-0.539555	 0.135676	 16.990000	-0.375326	 3.456629	 0.000000	 90.000000	 0.000000	 170.720000	 12.971380	 164.399100	-175.336300	-2.644382	-4.008564
-0.005100	-0.096380	 0.018508	 173.479800	 4.658051	-88.230650	-11.624230	 2.505227	-1.945466	-10.181620	 5.870984	-1.885954	 1.264958	-5.186057	 110.376200	-0.813313	 0.122417	-8.559153	-52.488140	-21.835940	 19.607720	-3.507141	 29.845750	 1.258877	-11.423370	 22.713890	-64.394960	-5.466561	-2.015671	 9.912610	 2.503324	-1.126932	 4.512146	 3.269194	-0.634905	-79.900480	 3.760122	 3.085842	 11.956520	-0.275905	 3.148022	 9.006140	 2.902635	 4.346953	-70.187230	 37.071050	 19.672740	 15.080820	-6.822537	 19.211440	 10.820750	-5.636064	 19.245580	-70.088660	 18.292390	 10.308550	 21.438810	-3.898858	 9.395122	 9.460192	-0.473463	 9.974930	-72.425380	-57.529860	-11.479790	 6.705106	 9.284960	-0.525222	 0.082313	-19.390840	-0.175535	 3.200025	 1.476831	-1.393926	 90.390200	-90.843530	-0.923453	-106.149600	 179.894400	 0.339280	 107.661800	-0.813313	 0.122417	-8.559153	 1.529932	 17.163690	 55.950100	-96.635270	-11.543850	 2.745535	 1.479021	-10.969960	-32.062450	-10.694320	-3.715648	 51.092140	 2.465913	-1.147517	 53.486680	 2.497782	 0.969410	-45.014320	 1.054216	 2.361400	 39.750870	-0.232403	 3.160977	 24.297000	 2.878110	 4.438777	-68.846910	 44.000050	 22.152520	 14.649620	-6.673590	 19.249530	 18.968190	-5.928828	 19.301710	-84.707440	 21.661660	 12.192190	 25.569380	-3.774951	 9.432101	 23.928180	-0.487102	 10.132490	-68.791450	-36.715930	-2.656852	 27.816320	 15.609720	-0.539555	 0.135676	 16.990000	-0.375326	 3.456629	 0.000000	 90.000000	 0.000000	 170.706700	 12.994290	 164.327200	-175.343000	-2.637992	-4.013111
-0.005052	-0.096524	 0.018458	 173.462500	 4.669548	-88.232440	-11.638710	 2.500521	-1.944848	-10.193580	 5.872868	-1.885083	 1.264618	-5.184732	 110.376300	-0.813313	 0.122417	-8.559153	-52.546830	-21.823640	 19.488470	-3.509563	 29.842170	 1.260286	-11.422080	 22.689910	-64.335180	-5.466561	-2.015671	 9.912610	 2.503324	-1.126932	 4.512146	 3.269194	-0.634905	-79.900480	 3.761066	 3.086256	 11.956470	-0.275905	 3.148022	 9.006140	 2.902637	 4.346946	-70.187360	 37.071110	 19.672760	 15.080800	-6.822537	 19.211440	 10.820750	-5.636066	 19.245580	-70.088840	 18.293460	 10.309110	 21.438610	-3.898858	 9.395122	 9.460192	-0.473463	 9.974930	-72.425380	-57.529710	-11.479770	 6.705075	 9.284960	-0.525222	 0.082313	-19.390840	-0.175535	 3.200025	 1.483062	-1.419687	 90.394710	-90.847400	-0.834175	-106.032900	 179.896100	 0.332930	 107.649500	-0.813313	 0.122417	-8.559153	 1.536718	 17.134340	 55.963420	-96.804120	-11.451020	 2.718641	 1.798743	-10.942870	-32.085690	-10.695930	-3.716217	 51.151560	 2.465914	-1.147515	 53.484440	 2.497948	 0.969232	-45.019010	 1.056650	 2.363222	 39.748040	-0.232395	 3.160981	 24.299880	 2.878311	 4.438060	-68.857410	 44.016240	 22.157550	 14.634640	-6.673591	 19.249520	 18.968110	-5.929237	 19.301840	-84.728630	 21.671160	 12.197180	 25.560100	-3.774976	 9.432092	 23.925160	-0.487070	 10.132210	-68.797900	-36.715930	-2.656852	 27.816320	 15.609720	-0.539555	 0.135676	 16.990000	-0.375326	 3.456629	 0.000000	 90.000000	 0.000000	 170.679700	 13.025860	 164.243800	-175.350400	-2.629693	-4.021826
-0.005004	-0.096651	 0.018411	 173.446500	 4.679160	-88.233700	-11.651410	 2.496820	-1.944930	-10.203930	 5.877886	-1.884935	 1.264431	-5.184009	 110.376300	-0.813313	 0.122417	-8.559153	-52.596760	-21.812600	 19.386370	-3.511613	 29.839470	 1.261457	-11.410560	 22.663440	-64.278310	-5.466561	-2.015671	 9.912610	 2.503324	-1.126932	 4.512146	 3.269194	-0.634905	-79.900480	 3.761894	 3.086618	 11.956420	-0.275905	 3.148022	 9.006140	 2.902640	 4.346938	-70.187460	 37.071180	 19.672780	 15.080770	-6.822537	 19.211440	 10.820750	-5.636069	 19.245580	-70.089000	 18.294400	 10.309600	 21.438420	-3.898858	 9.395122	 9.460192	-0.473463	 9.974930	-72.425380	-57.529580	-11.479750	 6.705068	 9.284960	-0.525222	 0.082313	-19.390840	-0.175535	 3.200025	 1.488563	-1.454933	 90.398670	-90.860900	-0.741298	-105.935400	 179.897800	 0.326557	 107.637800	-0.813313	 0.122417	-8.559153	 1.546112	 17.103670	 55.974710	-96.976070	-11.301970	 2.687874	 2.121659	-10.860880	-32.106540	-10.697420	-3.716816	 51.202460	 2.465915	-1.147513	 53.481960	 2.498099	 0.969072	-45.023270	 1.059067	 2.365031	 39.745230	-0.232390	 3.160983	 24.301630	 2.878512	 4.437341	-68.867930	 44.032430	 22.162630	 14.620450	-6.673604	 19.249520	 18.967350	-5.929646	 19.301970	-84.749630	 21.680690	 12.202180	 25.550890	-3.775007	 9.432078	 23.921500	-0.487037	 10.131930	-68.804430	-36.715930	-2.656852	 27.816320	 15.609720	-0.539555	 0.135676	 16.990000	-0.375326	 3.456629	 0.000000	 90.000000	 0.000000	 170.649300	 13.055450	 164.175200	-175.356300	-2.622473	-4.032022
-0.004956	-0.096788	 0.018359	 173.431300	 4.688175	-88.234820	-11.663860	 2.493600	-1.945578	-10.213920	 5.884662	-1.885354	 1.264388	-5.183844	 110.376300	-0.813313	 0.122417	-8.559153	-52.644290	-21.801550	 19.288380	-3.513648	 29.836900	 1.262632	-11.392880	 22.634360	-64.221890	-5.466561	-2.015671	 9.912610	 2.503324	-1.126932	 4.512146	 3.269194	-0.634905	-79.900480	 3.762704	 3.086974	 11.956380	-0.275905	 3.148022	 9.006140	 2.902641	 4.346931	-70.187550	 37.071220	 19.672800	 15.080760	-6.822537	 19.211440	 10.820750	-5.636069	 19.245590	-70.089170	 18.295310	 10.310060	 21.438250	-3.898858	 9.395122	 9.460192	-0.473463	 9.974930	-72.425380	-57.529470	-11.479730	 6.705048	 9.284960	-0.525222	 0.082313	-19.390840	-0.175535	 3.200025	 1.493981	-1.500675	 90.402570	-90.883150	-0.639809	-105.845100	 179.899700	 0.319664	 107.625700	-0.813313	 0.122417	-8.559153	 1.558355	 17.069220	 55.985440	-97.167050	-11.115430	 2.651833	 2.527707	-10.759230	-32.116180	-10.698980	-3.717513	 51.251260	 2.465917	-1.147511	 53.479080	 2.498249	 0.968911	-45.027500	 1.063254	 2.368197	 39.742060	-0.232387	 3.160984	 24.302670	 2.878892	 4.435979	-68.887860	 44.050100	 22.168190	 14.605560	-6.673629	 19.249510	 18.966010	-5.930315	 19.302190	-84.784260	 21.691100	 12.207520	 25.537790	-3.775044	 9.432062	 23.917030	-0.487002	 10.131620	-68.811600	-36.715930	-2.656852	 27.816320	 15.609720	-0.539555	 0.135676	 16.990000	-0.375326	 3.456629	 0.000000	 90.000000	 0.000000	 170.618300	 13.086000	 164.095000	-175.361500	-2.615873	-4.044089
-0.004905	-0.096989	 0.018284	 173.414300	 4.698889	-88.236270	-11.679510	 2.490129	-1.947157	-10.226420	 5.894289	-1.886663	 1.264590	-5.184629	 110.376200	-0.813313	 0.122417	-8.559153	-52.701970	-21.787430	 19.168500	-3.516128	 29.833580	 1.264055	-11.365440	 22.595660	-64.154270	-5.466561	-2.015671	 9.912610	 2.503324	-1.126932	 4.512146	 3.269194	-0.634905	-79.900480	 3.763688	 3.087403	 11.956320	-0.275905	 3.148022	 9.006140	 2.902643	 4.346923	-70.187690	 37.071300	 19.672830	 15.080730	-6.822537	 19.211440	 10.820750	-5.636076	 19.245580	-70.089360	 18.296440	 10.310650	 21.438040	-3.898858	 9.395122	 9.460192	-0.473463	 9.974930	-72.425380	-57.529290	-11.479700	 6.705025	 9.284960	-0.525222	 0.082313	-19.390840	-0.175535	 3.200025	 1.500845	-1.573343	 90.407510	-90.923520	-0.501721	-105.716400	 179.902200	 0.310222	 107.609400	-0.813313	 0.122417	-8.559153	 1.577979	 17.019940	 55.998380	-97.437250	-10.851340	 2.599313	 3.049108	-10.605170	-32.133930	-10.701260	-3.718716	 51.310970	 2.465920	-1.147508	 53.474820	 2.498444	 0.968703	-45.033000	 1.073279	 2.375837	 39.737490	-0.232387	 3.160985	 24.303030	 2.879849	 4.432545	-68.938100	 44.087250	 22.180170	 14.580800	-6.673676	 19.249500	 18.963460	-5.931853	 19.302680	-84.863650	 21.715910	 12.220350	 25.508900	-3.775101	 9.432037	 23.910150	-0.486921	 10.130910	-68.828030	-36.715930	-2.656852	 27.816320	 15.609720	-0.539555	 0.135676	 16.990000	-0.375326	 3.456629	 0.000000	 90.000000	 0.000000	 170.584000	 13.126200	 163.957200	-175.367300	-2.608700	-4.061792
-0.004867	-0.097180	 0.018212	 173.402300	 4.707845	-88.237780	-11.693370	 2.487551	-1.949269	-10.237390	 5.902617	-1.888524	 1.265045	-5.186386	 110.376300	-0.813313	 0.122417	-8.559153	-52.751220	-21.774670	 19.065130	-3.518301	 29.830210	 1.265329	-11.339360	 22.561190	-64.100750	-5.466561	-2.015671	 9.912610	 2.503324	-1.126932	 4.512146	 3.269194	-0.634905	-79.900480	 3.764555	 3.087783	 11.956270	-0.275905	 3.148022	 9.006140	 2.902645	 4.346915	-70.187810	 37.071350	 19.672850	 15.080720	-6.822537	 19.211440	 10.820750	-5.636079	 19.245580	-70.089550	 18.297420	 10.311160	 21.437850	-3.898858	 9.395122	 9.460192	-0.473463	 9.974930	-72.425380	-57.529160	-11.479690	 6.705007	 9.284960	-0.525222	 0.082313	-19.390840	-0.175535	 3.200025	 1.506940	-1.651555	 90.411870	-90.970730	-0.372668	-105.566500	 179.904600	 0.301298	 107.594100	-0.813313	 0.122417	-8.559153	 1.599185	 16.970760	 56.009450	-97.702120	-10.611150	 2.546644	 3.383453	-10.437490	-32.179600	-10.703900	-3.720402	 51.362400	 2.465922	-1.147505	 53.470480	 2.498619	 0.968516	-45.037970	 1.085446	 2.385127	 39.732880	-0.232388	 3.160984	 24.302480	 2.881030	 4.428297	-69.000270	 44.146000	 22.199420	 14.548710	-6.673730	 19.249480	 18.960440	-5.933696	 19.303270	-84.958720	 21.756720	 12.241790	 25.471960	-3.775160	 9.432010	 23.902940	-0.486785	 10.129720	-68.855740	-36.715930	-2.656852	 27.816320	 15.609720	-0.539555	 0.135676	 16.990000	-0.375326	 3.456629	 0.000000	 90.000000	 0.000000	 170.557100	 13.161510	 163.819000	-175.371700	-2.603851	-4.079651
-0.004831	-0.097369	 0.018137	 173.398300	 4.716196	-88.240030	-11.706970	 2.485459	-1.951982	-10.248140	 5.909684	-1.891004	 1.265777	-5.189219	 110.376300	-0.813313	 0.122417	-8.559153	-52.797960	-21.761900	 18.966210	-3.520400	 29.826320	 1.266557	-11.295100	 22.519570	-64.063640	-5.466561	-2.015671	 9.912610	 2.503324	-1.126932	 4.512146	 3.269194	-0.634905	-79.900480	 3.765402	 3.088154	 11.956220	-0.275905	 3.148022	 9.006140	 2.902647	 4.346907	-70.187900	 37.071410	 19.672870	 15.080690	-6.822537	 19.211440	 10.820750	-5.636083	 19.245590	-70.089710	 18.298370	 10.311650	 21.437660	-3.898858	 9.395122	 9.460192	-0.473463	 9.974930	-72.425380	-57.529010	-11.479660	 6.704982	 9.284960	-0.525222	 0.082313	-19.390840	-0.175535	 3.200025	 1.512997	-1.740687	 90.416170	-91.019490	-0.193984	-105.398000	 179.907000	 0.292062	 107.578200	-0.813313	 0.122417	-8.559153	 1.623536	 16.917570	 56.019910	-97.983340	-10.387000	 2.489903	 3.555866	-10.253730	-32.255920	-10.706920	-3.722499	 51.411590	 2.465924	-1.147501	 53.465700	 2.498796	 0.968326	-45.042970	 1.099504	 2.395865	 39.727910	-0.232392	 3.160982	 24.301160	 2.882398	 4.423343	-69.072690	 44.221100	 22.224100	 14.510230	-6.673796	 19.249460	 18.956780	-5.935805	 19.303960	-85.067650	 21.806310	 12.267860	 25.428660	-3.775228	 9.431983	 23.894820	-0.486609	 10.128160	-68.891880	-36.715930	-2.656852	 27.816320	 15.609720	-0.539555	 0.135676	 16.990000	-0.375326	 3.456629	 0.000000	 90.000000	 0.000000	 170.533500	 13.194330	 163.683400	-175.375300	-2.600759	-4.098950
-0.004783	-0.097592	 0.018045	 173.409400	 4.726004	-88.244490	-11.723850	 2.483500	-1.956210	-10.261490	 5.915721	-1.894920	 1.267113	-5.194387	 110.376300	-0.813313	 0.122417	-8.559153	-52.853810	-21.745770	 18.846810	-3.522913	 29.820380	 1.268067	-11.194710	 22.448410	-64.050050	-5.466561	-2.015671	 9.912610	 2.503324	-1.126932	 4.512146	 3.269194	-0.634905	-79.900480	 3.766443	 3.088609	 11.956160	-0.275905	 3.148022	 9.006140	 2.902650	 4.346898	-70.188050	 37.071490	 19.672900	 15.080670	-6.822537	 19.211440	 10.820750	-5.636088	 19.245580	-70.089940	 18.299550	 10.312260	 21.437440	-3.898858	 9.395122	 9.460192	-0.473463	 9.974930	-72.425380	-57.528840	-11.479630	 6.704960	 9.284960	-0.525222	 0.082313	-19.390840	-0.175535	 3.200025	 1.520575	-1.868079	 90.421550	-91.084420	 0.092540	-105.174900	 179.910200	 0.280051	 107.557300	-0.813313	 0.122417	-8.559153	 1.658490	 16.844740	 56.032460	-98.359360	-10.145780	 2.413136	 3.653626	-10.040380	-32.370840	-10.711250	-3.725680	 51.470890	 2.465928	-1.147497	 53.459060	 2.499022	 0.968086	-45.049330	 1.118725	 2.410547	 39.721210	-0.232399	 3.160979	 24.298460	 2.884275	 4.416514	-69.172530	 44.330620	 22.260060	 14.455790	-6.673894	 19.249430	 18.951290	-5.938671	 19.304900	-85.215910	 21.871370	 12.301900	 25.369320	-3.775322	 9.431942	 23.883340	-0.486351	 10.125860	-68.945300	-36.715930	-2.656852	 27.816320	 15.609720	-0.539555	 0.135676	 16.990000	-0.375326	 3.456629	 0.000000	 90.000000	 0.000000	 170.507200	 13.230570	 163.533200	-175.378800	-2.599619	-4.125088
-0.004739	-0.097793	 0.017960	 173.430100	 4.733791	-88.249400	-11.738400	 2.482373	-1.960625	-10.273060	 5.917546	-1.899077	 1.268686	-5.200466	 110.376300	-0.813313	 0.122417	-8.559153	-52.899940	-21.731610	 18.746910	-3.525080	 29.814040	 1.269388	-11.089840	 22.380210	-64.062760	-5.466561	-2.015671	 9.912610	 2.503324	-1.126932	 4.512146	 3.269194	-0.634905	-79.900480	 3.767310	 3.088989	 11.956110	-0.275905	 3.148022	 9.006140	 2.902652	 4.346889	-70.188180	 37.071560	 19.672920	 15.080640	-6.822537	 19.211440	 10.820750	-5.636092	 19.245580	-70.090090	 18.300540	 10.312770	 21.437250	-3.898858	 9.395122	 9.460192	-0.473463	 9.974930	-72.425380	-57.528690	-11.479620	 6.704937	 9.284960	-0.525222	 0.082313	-19.390840	-0.175535	 3.200025	 1.527253	-2.006769	 90.426270	-91.165020	 0.348047	-104.983400	 179.913100	 0.269359	 107.534300	-0.813313	 0.122417	-8.559153	 1.692761	 16.776040	 56.042900	-98.705380	-9.987369	 2.341795	 3.711566	-9.902086	-32.470260	-10.715420	-3.728868	 51.520480	 2.465931	-1.147492	 53.452730	 2.499220	 0.967874	-45.054930	 1.136024	 2.423753	 39.714990	-0.232408	 3.160975	 24.295190	 2.885963	 4.410330	-69.262860	 44.433290	 22.293700	 14.405280	-6.673995	 19.249400	 18.945740	-5.941236	 19.305740	-85.348530	 21.922920	 12.328570	 25.316500	-3.775414	 9.431901	 23.872250	-0.486107	 10.123670	-68.995880	-36.715930	-2.656852	 27.816320	 15.609720	-0.539555	 0.135676	 16.990000	-0.375326	 3.456629	 0.000000	 90.000000	 0.000000	 170.486200	 13.260610	 163.396200	-175.381000	-2.601344	-4.149394
-0.004689	-0.098045	 0.017856	 173.460400	 4.741286	-88.255230	-11.754030	 2.481698	-1.966156	-10.285540	 5.915178	-1.904310	 1.270829	-5.208755	 110.376400	-0.813313	 0.122417	-8.559153	-52.947590	-21.716200	 18.642690	-3.527346	 29.805890	 1.270814	-10.979260	 22.309760	-64.097470	-5.466561	-2.015671	 9.912610	 2.503324	-1.126932	 4.512146	 3.269194	-0.634905	-79.900480	 3.768235	 3.089394	 11.956060	-0.275905	 3.148022	 9.006140	 2.902655	 4.346879	-70.188320	 37.071620	 19.672950	 15.080630	-6.822537	 19.211440	 10.820750	-5.636093	 19.245580	-70.090320	 18.301600	 10.313320	 21.437050	-3.898858	 9.395122	 9.460192	-0.473463	 9.974930	-72.425380	-57.528530	-11.479600	 6.704906	 9.284960	-0.525222	 0.082313	-19.390840	-0.175535	 3.200025	 1.534710	-2.197846	 90.431440	-91.280080	 0.681346	-104.788500	 179.916500	 0.257536	 107.500500	-0.813313	 0.122417	-8.559153	 1.724186	 16.682930	 56.059230	-99.098300	-9.864201	 2.259904	 3.819008	-9.811804	-32.563470	-10.720270	-3.732681	 51.572140	 2.465935	-1.147487	 53.445290	 2.499438	 0.967641	-45.061080	 1.154504	 2.437848	 39.707890	-0.232420	 3.160969	 24.290740	 2.887768	 4.403678	-69.360020	 44.546280	 22.330600	 14.349570	-6.674116	 19.249360	 18.938920	-5.943959	 19.306650	-85.489600	 21.966460	 12.350630	 25.261110	-3.775523	 9.431854	 23.859070	-0.485839	 10.121250	-69.052070	-36.715930	-2.656852	 27.816320	 15.609720	-0.539555	 0.135676	 16.990000	-0.375326	 3.456629	 0.000000	 90.000000	 0.000000	 170.463000	 13.296060	 163.209600	-175.382600	-2.606289	-4.177086
-0.004706	-0.098689	 0.017752	 173.498100	 4.748077	-88.261830	-11.771160	 2.482318	-1.973118	-10.299180	 5.911456	-1.910972	 1.274768	-5.223969	 110.376600	-0.813313	 0.122417	-8.559153	-52.999660	-21.700310	 18.530870	-3.529797	 29.795020	 1.272376	-10.768060	 22.178920	-64.097460	-5.466561	-2.015671	 9.912610	 2.503324	-1.126932	 4.512146	 3.269194	-0.634905	-79.900480	 3.769238	 3.089833	 11.956000	-0.275905	 3.148022	 9.006140	 2.902656	 4.346869	-70.188450	 37.071700	 19.672980	 15.080600	-6.822537	 19.211440	 10.820750	-5.636101	 19.245590	-70.090540	 18.302730	 10.313900	 21.436830	-3.898858	 9.395122	 9.460192	-0.473463	 9.974930	-72.425380	-57.528340	-11.479560	 6.704886	 9.284960	-0.525222	 0.082313	-19.390840	-0.175535	 3.200025	 1.543139	-2.444942	 90.437220	-91.433070	 1.097877	-104.527300	 179.920400	 0.244310	 107.455600	-0.813313	 0.122417	-8.559153	 1.778924	 16.517400	 56.038530	-99.592110	-9.749082	 2.129758	 4.077842	-9.770930	-32.635810	-10.725950	-3.737247	 51.627030	 2.465941	-1.147479	 53.434010	 2.499683	 0.967379	-45.068010	 1.173877	 2.452567	 39.697980	-0.232447	 3.160958	 24.280910	 2.889657	 4.396666	-69.462390	 44.667560	 22.370030	 14.288930	-6.674331	 19.249290	 18.927000	-5.946787	 19.307600	-85.636350	 22.066140	 12.403120	 25.188500	-3.775714	 9.431771	 23.835850	-0.485551	 10.118620	-69.112990	-36.904200	-2.871362	 27.289000	 15.428970	-0.539232	 0.134131	 16.135730	-0.372659	 3.449337	 0.000000	 90.000000	 0.000000	 170.433300	 13.336830	 162.985000	-175.377000	-2.793425	-4.709353
-0.004788	-0.099568	 0.017649	 173.530400	 4.752509	-88.267240	-11.786660	 2.484769	-1.980251	-10.311360	 5.912590	-1.917831	 1.280720	-5.246953	 110.377000	-0.813313	 0.122417	-8.559153	-53.049190	-21.688520	 18.430670	-3.531942	 29.783290	 1.273792	-10.536850	 22.020880	-63.973040	-5.466561	-2.015671	 9.912610	 2.503324	-1.126932	 4.512146	 3.269194	-0.634905	-79.900480	 3.770144	 3.090229	 11.955940	-0.275905	 3.148022	 9.006140	 2.902659	 4.346860	-70.188580	 37.071760	 19.673000	 15.080570	-6.822537	 19.211440	 10.820750	-5.636105	 19.245580	-70.090740	 18.303750	 10.314430	 21.436640	-3.898858	 9.395122	 9.460192	-0.473463	 9.974930	-72.425380	-57.528160	-11.479530	 6.704865	 9.284960	-0.525222	 0.082313	-19.390840	-0.175535	 3.200025	 1.550920	-2.691972	 90.442540	-91.590710	 1.503927	-104.187300	 179.924100	 0.232104	 107.410500	-0.813313	 0.122417	-8.559153	 1.886376	 16.295370	 55.935900	-100.126400	-9.650443	 1.945685	 4.374031	-9.767402	-32.686040	-10.731390	-3.741704	 51.675140	 2.465950	-1.147468	 53.418400	 2.499910	 0.967136	-45.074450	 1.189892	 2.464636	 39.685360	-0.232494	 3.160936	 24.263460	 2.891220	 4.390821	-69.547660	 44.769950	 22.403140	 14.236400	-6.674662	 19.249180	 18.908560	-5.949101	 19.308380	-85.756530	 22.137470	 12.440240	 25.128170	-3.776010	 9.431645	 23.800150	-0.485306	 10.116370	-69.165110	-37.208520	-3.208251	 26.452310	 15.141840	-0.538706	 0.131678	 14.782870	-0.368219	 3.437873	 0.000000	 90.000000	 0.000000	 170.400200	 13.373810	 162.785700	-175.365200	-3.195977	-5.635277
-0.004907	-0.100567	 0.017501	 173.560400	 4.755662	-88.272290	-11.802360	 2.488955	-1.988153	-10.323490	 5.917812	-1.925632	 1.288638	-5.277524	 110.377500	-0.813313	 0.122417	-8.559153	-53.101650	-21.678860	 18.329860	-3.534106	 29.769400	 1.275280	-10.422880	 21.906100	-63.736920	-5.466561	-2.015671	 9.912610	 2.503324	-1.126932	 4.512146	 3.269194	-0.634905	-79.900480	 3.771049	 3.090626	 11.955890	-0.275905	 3.148022	 9.006140	 2.902661	 4.346851	-70.188730	 37.071850	 19.673030	 15.080550	-6.822537	 19.211440	 10.820750	-5.636109	 19.245590	-70.090940	 18.304760	 10.314960	 21.436450	-3.898858	 9.395122	 9.460192	-0.473463	 9.974930	-72.425380	-57.528010	-11.479510	 6.704834	 9.284960	-0.525222	 0.082313	-19.390840	-0.175535	 3.200025	 1.558918	-2.956656	 90.447950	-91.764320	 1.932103	-103.776800	 179.927900	 0.219549	 107.362300	-0.813313	 0.122417	-8.559153	 2.036851	 16.016410	 55.773090	-100.731500	-9.551730	 1.710614	 4.769547	-9.798985	-32.715620	-10.737130	-3.746463	 51.722480	 2.465961	-1.147453	 53.397890	 2.500146	 0.966883	-45.081120	 1.204086	 2.475225	 39.669420	-0.232562	 3.160905	 24.238350	 2.892612	 4.385593	-69.623910	 44.862500	 22.432870	 14.186970	-6.675117	 19.249040	 18.883190	-5.951130	 19.309070	-85.861660	 22.172960	 12.457800	 25.077500	-3.776402	 9.431475	 23.752690	-0.485084	 10.114310	-69.212970	-37.605510	-3.617398	 25.438430	 14.785240	-0.538041	 0.128636	 13.330570	-0.363154	 3.425688	 0.000000	 90.000000	 0.000000	 170.362900	 13.411590	 162.576600	-175.358500	-3.621951	-6.763066
-0.005084	-0.101631	 0.017245	 173.594800	 4.758001	-88.278180	-11.821270	 2.495943	-1.998233	-10.337880	 5.928876	-1.936046	 1.300075	-5.321674	 110.378300	-0.813313	 0.122417	-8.559153	-53.167220	-21.670160	 18.210250	-3.536638	 29.749860	 1.277088	-10.359610	 21.799720	-63.422330	-5.466561	-2.015671	 9.912610	 2.503324	-1.126932	 4.512146	 3.269194	-0.634905	-79.900480	 3.772109	 3.091090	 11.955830	-0.275905	 3.148022	 9.006140	 2.902664	 4.346840	-70.188890	 37.071930	 19.673060	 15.080520	-6.822537	 19.211440	 10.820750	-5.636114	 19.245590	-70.091190	 18.305950	 10.315570	 21.436220	-3.898858	 9.395122	 9.460192	-0.473463	 9.974930	-72.425380	-57.527800	-11.479490	 6.704805	 9.284960	-0.525222	 0.082313	-19.390840	-0.175535	 3.200025	 1.568547	-3.281652	 90.454480	-91.983470	 2.452307	-103.242100	 179.932400	 0.204314	 107.304000	-0.813313	 0.122417	-8.559153	 2.253665	 15.631440	 55.528750	-101.512800	-9.430981	 1.384863	 5.389501	-9.881937	-32.718460	-10.744320	-3.752501	 51.777340	 2.465977	-1.147431	 53.367770	 2.500437	 0.966572	-45.089320	 1.217592	 2.485132	 39.646740	-0.232667	 3.160858	 24.199460	 2.893950	 4.380529	-69.697710	 44.952980	 22.461640	 14.134940	-6.675804	 19.248820	 18.844940	-5.953011	 19.309710	-85.959480	 22.205680	 12.473640	 25.023170	-3.776965	 9.431234	 23.684740	-0.484863	 10.112230	-69.261100	-38.297800	-4.284558	 23.756230	 14.190460	-0.536898	 0.123570	 10.916750	-0.354051	 3.405732	 0.000000	 90.000000	 0.000000	 170.321500	 13.458970	 162.273800	-175.344500	-3.915026	-7.967214
-0.005243	-0.102413	 0.016985	 173.622600	 4.758873	-88.282910	-11.837500	 2.503415	-2.007340	-10.350010	 5.942078	-1.945804	 1.311096	-5.364211	 110.379100	-0.813313	 0.122417	-8.559153	-53.225420	-21.665060	 18.109140	-3.538753	 29.730460	 1.278652	-10.345330	 21.733410	-63.201560	-5.466561	-2.015671	 9.912610	 2.503324	-1.126932	 4.512146	 3.269194	-0.634905	-79.900480	 3.773015	 3.091486	 11.955780	-0.275905	 3.148022	 9.006140	 2.902667	 4.346831	-70.189030	 37.072000	 19.673090	 15.080500	-6.822537	 19.211440	 10.820750	-5.636118	 19.245590	-70.091410	 18.306990	 10.316110	 21.436020	-3.898858	 9.395122	 9.460192	-0.473463	 9.974930	-72.425380	-57.527620	-11.479450	 6.704772	 9.284960	-0.525222	 0.082313	-19.390840	-0.175535	 3.200025	 1.576765	-3.557320	 90.460010	-92.176890	 2.887848	-102.685800	 179.936400	 0.191162	 107.250800	-0.813313	 0.122417	-8.559153	 2.411710	 15.214970	 55.325490	-102.206800	-9.323063	 1.084490	 5.895433	-9.955952	-32.719620	-10.750640	-3.757867	 51.822640	 2.465993	-1.147410	 53.337780	 2.500754	 0.966232	-45.098300	 1.228123	 2.492748	 39.624460	-0.232776	 3.160809	 24.159520	 2.895019	 4.376477	-69.756780	 45.045040	 22.490770	 14.080830	-6.676501	 19.248600	 18.806280	-5.954437	 19.310200	-86.033630	 22.256720	 12.499880	 24.976130	-3.777499	 9.431005	 23.620180	-0.484647	 10.110190	-69.308420	-39.490440	-5.273413	 21.253770	 13.277020	-0.535028	 0.115814	 6.992553	-0.337490	 3.374158	 0.000000	 90.000000	 0.000000	 170.288400	 13.500370	 161.978100	-175.319400	-4.048232	-8.795381
-0.005397	-0.103224	 0.016696	 173.649500	 4.758724	-88.287270	-11.854280	 2.512467	-2.017175	-10.362390	 5.958925	-1.956598	 1.323264	-5.411173	 110.379900	-0.813313	 0.122417	-8.559153	-53.287370	-21.661980	 18.006020	-3.540869	 29.707720	 1.280290	-10.353220	 21.684390	-63.050340	-5.466561	-2.015671	 9.912610	 2.503324	-1.126932	 4.512146	 3.269194	-0.634905	-79.900480	 3.773940	 3.091891	 11.955730	-0.275905	 3.148022	 9.006140	 2.902669	 4.346820	-70.189170	 37.072080	 19.673120	 15.080470	-6.822537	 19.211440	 10.820750	-5.636126	 19.245580	-70.091620	 18.308030	 10.316640	 21.435820	-3.898858	 9.395122	 9.460192	-0.473463	 9.974930	-72.425380	-57.527440	-11.479420	 6.704757	 9.284960	-0.525222	 0.082313	-19.390840	-0.175535	 3.200025	 1.585164	-3.831582	 90.465690	-92.379480	 3.314559	-101.973200	 179.940700	 0.177578	 107.188000	-0.813313	 0.122417	-8.559153	 2.499648	 14.667350	 55.162310	-102.927900	-9.205832	 0.767756	 6.510624	-10.055470	-32.697770	-10.757310	-3.763578	 51.867790	 2.466012	-1.147385	 53.303230	 2.501222	 0.965731	-45.111540	 1.241526	 2.502498	 39.598970	-0.232903	 3.160752	 24.112640	 2.896393	 4.371234	-69.833170	 45.181750	 22.533880	 14.001050	-6.677306	 19.248340	 18.761300	-5.956249	 19.310820	-86.127780	 22.332240	 12.539520	 24.927880	-3.778080	 9.430759	 23.550100	-0.484329	 10.107150	-69.378710	-41.494450	-6.708312	 17.376260	 11.859390	-0.531876	 0.103841	 0.697507	-0.306529	 3.326089	 0.000000	 90.000000	 0.000000	 170.255900	 13.543360	 161.645300	-175.287900	-4.187677	-9.562130
-0.005584	-0.104160	 0.016344	 173.679300	 4.757432	-88.291920	-11.874550	 2.524914	-2.029539	-10.377140	 5.983062	-1.970467	 1.338456	-5.469793	 110.381000	-0.813313	 0.122417	-8.559153	-53.364110	-21.661020	 17.883810	-3.543379	 29.672650	 1.282399	-10.382940	 21.635350	-62.921700	-5.466561	-2.015671	 9.912610	 2.503324	-1.126932	 4.512146	 3.269194	-0.634905	-79.900480	 3.775038	 3.092372	 11.955670	-0.275905	 3.148022	 9.006140	 2.902672	 4.346808	-70.189350	 37.072190	 19.673160	 15.080430	-6.822537	 19.211440	 10.820750	-5.636127	 19.245590	-70.091900	 18.309260	 10.317280	 21.435590	-3.898858	 9.395122	 9.460192	-0.473463	 9.974930	-72.425380	-57.527220	-11.479390	 6.704722	 9.284960	-0.525222	 0.082313	-19.390840	-0.175535	 3.200025	 1.595290	-4.169072	 90.472490	-92.632510	 3.872433	-101.089800	 179.946000	 0.161258	 107.104200	-0.813313	 0.122417	-8.559153	 2.572462	 13.899370	 54.893970	-103.775300	-9.051901	 0.377373	 7.288190	-10.182840	-32.656150	-10.765480	-3.770634	 51.919930	 2.466037	-1.147353	 53.257480	 2.501951	 0.964950	-45.132150	 1.261572	 2.517162	 39.565320	-0.233074	 3.160676	 24.049650	 2.898444	 4.363354	-69.947940	 45.357550	 22.588590	 13.891350	-6.678384	 19.248000	 18.701370	-5.958952	 19.311760	-86.268650	 22.429190	 12.590100	 24.861530	-3.778786	 9.430458	 23.464770	-0.483877	 10.102790	-69.479870	-46.853810	-9.394621	 9.161212	 8.710866	-0.523831	 0.077547	-13.633830	-0.217778	 3.231245	 0.000000	 90.000000	 0.000000	 170.218400	 13.594640	 161.218300	-175.236300	-4.291596	-10.263910
-0.005775	-0.105070	 0.016038	 173.702500	 4.758220	-88.295220	-11.891850	 2.536661	-2.040469	-10.389550	 6.006532	-1.982954	 1.351446	-5.519916	 110.381900	-0.813313	 0.122417	-8.559153	-53.431080	-21.662450	 17.781640	-3.545420	 29.632180	 1.284378	-10.413770	 21.591010	-62.847910	-5.466561	-2.015671	 9.912610	 2.503324	-1.126932	 4.512146	 3.269194	-0.634905	-79.900480	 3.775963	 3.092777	 11.955620	-0.275905	 3.148022	 9.006140	 2.902675	 4.346798	-70.189500	 37.072250	 19.673180	 15.080410	-6.822537	 19.211440	 10.820750	-5.636133	 19.245590	-70.092150	 18.310290	 10.317810	 21.435380	-3.898858	 9.395122	 9.460192	-0.473463	 9.974930	-72.425380	-57.527020	-11.479370	 6.704689	 9.284960	-0.525222	 0.082313	-19.390840	-0.175535	 3.200025	 1.604205	-4.493051	 90.478440	-92.872730	 4.451982	-100.393200	 179.950500	 0.147430	 107.028000	-0.813313	 0.122417	-8.559153	 2.671534	 13.181750	 54.485570	-104.457500	-8.902462	 0.023279	 7.911021	-10.279230	-32.620980	-10.772470	-3.776719	 51.962360	 2.466060	-1.147323	 53.215520	 2.502692	 0.964156	-45.153120	 1.282420	 2.532487	 39.534500	-0.233233	 3.160604	 23.991230	 2.900555	 4.355179	-70.066940	 45.480640	 22.625910	 13.801310	-6.679377	 19.247680	 18.646120	-5.961764	 19.312750	-86.415280	 22.497070	 12.624170	 24.787270	-3.779372	 9.430210	 23.394160	-0.483482	 10.098880	-69.570190	-49.563480	-10.368850	 5.396033	 7.239524	-0.519578	 0.065420	-20.190220	-0.169885	 3.195863	 0.000000	 90.000000	 0.000000	 170.187300	 13.637320	 160.840300	-175.190200	-4.354118	-10.858390
-0.005962	-0.105978	 0.015750	 173.723500	 4.763002	-88.297770	-11.909590	 2.549088	-2.051514	-10.402180	 6.031773	-1.995687	 1.363879	-5.567891	 110.382700	-0.813313	 0.122417	-8.559153	-53.498530	-21.663020	 17.675310	-3.547375	 29.584540	 1.286446	-10.475070	 21.556930	-62.786430	-5.466561	-2.015671	 9.912610	 2.503324	-1.126932	 4.512146	 3.269194	-0.634905	-79.900480	 3.776849	 3.093165	 11.955560	-0.275905	 3.148022	 9.006140	 2.902677	 4.346787	-70.189640	 37.072340	 19.673210	 15.080380	-6.822537	 19.211440	 10.820750	-5.636137	 19.245590	-70.092380	 18.311290	 10.318330	 21.435190	-3.898858	 9.395122	 9.460192	-0.473463	 9.974930	-72.425380	-57.526840	-11.479340	 6.704667	 9.284960	-0.525222	 0.082313	-19.390840	-0.175535	 3.200025	 1.613135	-4.835629	 90.484340	-93.131510	 5.061371	-99.744360	 179.954900	 0.134016	 106.950600	-0.813313	 0.122417	-8.559153	 2.743095	 12.386300	 54.032480	-105.073200	-8.738043	-0.339097	 8.503882	-10.363320	-32.583720	-10.779370	-3.782762	 52.002200	 2.466083	-1.147292	 53.172130	 2.503510	 0.963278	-45.176290	 1.306467	 2.550229	 39.502690	-0.233398	 3.160531	 23.930450	 2.902962	 4.345769	-70.203820	 45.604110	 22.662870	 13.706740	-6.680407	 19.247360	 18.588890	-5.965021	 19.313890	-86.585110	 22.575070	 12.663000	 24.698100	-3.779912	 9.429983	 23.329210	-0.483119	 10.095250	-69.654240	-50.308070	-10.548740	 4.817406	 6.894053	-0.518539	 0.062587	-21.453040	-0.160205	 3.189691	 0.000000	 90.000000	 0.000000	 170.157200	 13.677820	 160.464000	-175.143100	-4.412188	-11.345560
-0.006171	-0.107186	 0.015416	 173.747300	 4.773299	-88.300180	-11.934080	 2.565728	-2.065722	-10.419720	 6.066082	-2.012245	 1.378591	-5.624650	 110.383600	-0.813313	 0.122417	-8.559153	-53.586230	-21.657910	 17.520680	-3.549721	 29.515700	 1.289175	-10.634280	 21.544850	-62.695640	-5.466561	-2.015671	 9.912610	 2.503324	-1.126932	 4.512146	 3.269194	-0.634905	-79.900480	 3.777929	 3.093637	 11.955500	-0.275905	 3.148022	 9.006140	 2.902681	 4.346775	-70.189830	 37.072440	 19.673250	 15.080350	-6.822537	 19.211440	 10.820750	-5.636144	 19.245590	-70.092650	 18.312520	 10.318960	 21.434960	-3.898858	 9.395122	 9.460192	-0.473463	 9.974930	-72.425380	-57.526600	-11.479300	 6.704640	 9.284960	-0.525222	 0.082313	-19.390840	-0.175535	 3.200025	 1.624525	-5.289056	 90.491810	-93.487230	 5.813570	-98.971980	 179.960400	 0.117442	 106.852200	-0.813313	 0.122417	-8.559153	 2.699870	 11.185850	 53.546580	-105.651300	-8.509886	-0.811341	 9.314829	-10.468720	-32.515830	-10.787970	-3.790341	 52.049540	 2.466115	-1.147251	 53.115250	 2.504641	 0.962062	-45.208350	 1.342111	 2.576616	 39.460960	-0.233616	 3.160434	 23.850340	 2.906461	 4.331921	-70.405130	 45.839720	 22.734330	 13.550730	-6.681761	 19.246930	 18.513740	-5.969854	 19.315620	-86.837350	 22.686870	 12.718410	 24.570970	-3.780514	 9.429731	 23.256750	-0.482743	 10.091430	-69.742650	-51.984120	-10.963900	 3.130980	 6.015900	-0.515806	 0.055420	-25.003710	-0.132308	 3.173492	 0.000000	 90.000000	 0.000000	 170.119400	 13.725990	 159.993600	-175.088300	-4.488869	-11.914030
-0.006368	-0.108344	 0.015127	 173.765600	 4.785729	-88.301830	-11.957680	 2.581360	-2.078662	-10.436670	 6.098664	-2.027441	 1.390457	-5.670435	 110.384300	-0.813313	 0.122417	-8.559153	-53.666940	-21.648360	 17.367120	-3.551832	 29.448530	 1.291733	-10.816320	 21.545890	-62.600650	-5.466561	-2.015671	 9.912610	 2.503324	-1.126932	 4.512146	 3.269194	-0.634905	-79.900480	 3.778874	 3.094050	 11.955450	-0.275905	 3.148022	 9.006140	 2.902684	 4.346762	-70.190030	 37.072550	 19.673290	 15.080310	-6.822537	 19.211440	 10.820750	-5.636147	 19.245590	-70.092930	 18.313590	 10.319520	 21.434750	-3.898858	 9.395122	 9.460192	-0.473463	 9.974930	-72.425380	-57.526390	-11.479270	 6.704606	 9.284960	-0.525222	 0.082313	-19.390840	-0.175535	 3.200025	 1.634698	-5.704665	 90.498450	-93.829870	 6.410545	-98.319610	 179.965700	 0.100656	 106.765300	-0.813313	 0.122417	-8.559153	 2.618941	 10.003520	 53.024140	-105.933700	-8.226774	-1.245633	 10.060480	-10.488770	-32.455930	-10.795520	-3.797029	 52.089220	 2.466142	-1.147214	 53.062910	 2.505726	 0.960896	-45.239070	 1.379140	 2.604103	 39.422570	-0.233817	 3.160345	 23.776350	 2.910019	 4.317615	-70.612890	 46.099560	 22.812950	 13.387760	-6.683005	 19.246540	 18.444580	-5.974885	 19.317430	-87.100580	 22.838320	 12.795030	 24.440840	-3.781019	 9.429519	 23.195830	-0.482422	 10.088130	-69.819160	-52.624160	-11.112240	 2.451225	 5.640613	-0.514605	 0.052370	-26.256630	-0.122228	 3.168196	 0.000000	 90.000000	 0.000000	 170.085200	 13.765870	 159.584800	-175.047700	-4.545564	-12.459510
-0.006567	-0.109431	 0.014854	 173.779500	 4.799242	-88.303150	-11.980620	 2.596202	-2.090734	-10.453190	 6.129932	-2.041652	 1.400050	-5.707457	 110.384800	-0.813313	 0.122417	-8.559153	-53.743080	-21.635670	 17.216000	-3.554008	 29.384070	 1.294277	-10.995100	 21.546530	-62.498770	-5.466561	-2.015671	 9.912610	 2.503324	-1.126932	 4.512146	 3.269194	-0.634905	-79.900480	 3.779721	 3.094422	 11.955400	-0.275905	 3.148022	 9.006140	 2.902688	 4.346751	-70.190190	 37.072620	 19.673320	 15.080280	-6.822537	 19.211440	 10.820750	-5.636154	 19.245590	-70.093160	 18.314530	 10.320010	 21.434580	-3.898858	 9.395122	 9.460192	-0.473463	 9.974930	-72.425380	-57.526200	-11.479240	 6.704575	 9.284960	-0.525222	 0.082313	-19.390840	-0.175535	 3.200025	 1.644016	-6.088789	 90.504550	-94.163880	 6.841391	-97.748690	 179.971400	 0.081390	 106.687800	-0.813313	 0.122417	-8.559153	 2.566570	 8.874730	 52.331950	-106.111700	-7.910426	-1.649855	 10.736910	-10.447920	-32.370920	-10.802370	-3.803138	 52.123560	 2.466170	-1.147179	 53.013910	 2.506768	 0.959773	-45.268660	 1.419148	 2.633889	 39.386470	-0.234006	 3.160262	 23.706880	 2.913501	 4.303407	-70.819050	 46.371520	 22.894720	 13.222060	-6.684170	 19.246180	 18.379800	-5.980353	 19.319440	-87.387200	 22.988490	 12.870940	 24.319420	-3.781522	 9.429309	 23.135460	-0.482060	 10.084330	-69.906960	-53.127370	-11.247760	 1.652215	 5.318837	-0.513563	 0.049760	-27.212920	-0.114459	 3.164297	 0.000000	 90.000000	 0.000000	 170.052900	 13.799570	 159.223700	-175.018100	-4.589084	-12.971440
-0.006810	-0.110769	 0.014508	 173.793800	 4.819423	-88.304650	-12.012020	 2.616140	-2.106701	-10.475880	 6.172179	-2.060512	 1.410325	-5.747127	 110.385200	-0.813313	 0.122417	-8.559153	-53.844500	-21.614780	 17.008470	-3.557184	 29.297680	 1.297820	-11.238640	 21.547180	-62.356740	-5.466561	-2.015671	 9.912610	 2.503324	-1.126932	 4.512146	 3.269194	-0.634905	-79.900480	 3.780820	 3.094903	 11.955340	-0.275905	 3.148022	 9.006140	 2.902692	 4.346738	-70.190390	 37.072730	 19.673360	 15.080240	-6.822537	 19.211440	 10.820750	-5.636161	 19.245590	-70.093480	 18.315760	 10.320640	 21.434340	-3.898858	 9.395122	 9.460192	-0.473463	 9.974930	-72.425380	-57.525950	-11.479200	 6.704540	 9.284960	-0.525222	 0.082313	-19.390840	-0.175535	 3.200025	 1.656063	-6.583786	 90.512370	-94.615980	 7.234974	-97.039410	 179.979800	 0.051050	 106.591600	-0.813313	 0.122417	-8.559153	 2.475567	 7.358246	 51.334630	-106.239000	-7.501838	-2.178888	 11.572940	-10.377750	-32.166140	-10.811070	-3.810932	 52.165390	 2.466205	-1.147133	 52.949170	 2.508176	 0.958256	-45.308610	 1.478484	 2.678140	 39.338710	-0.234257	 3.160152	 23.615010	 2.918066	 4.284430	-71.094120	 46.762120	 23.011020	 12.988540	-6.685710	 19.245700	 18.294360	-5.988527	 19.322490	-87.816670	 23.204140	 12.980210	 24.163510	-3.782235	 9.429013	 23.049630	-0.481508	 10.078420	-70.043760	-53.908370	-11.416090	 0.736100	 4.802085	-0.511857	 0.045584	-28.856990	-0.100956	 3.157906	 0.000000	 90.000000	 0.000000	 170.009100	 13.838850	 158.781200	-174.988800	-4.633719	-13.549180
-0.006972	-0.111825	 0.014239	 173.802600	 4.838046	-88.305810	-12.039330	 2.633131	-2.120198	-10.495690	 6.208431	-2.076462	 1.416908	-5.772554	 110.385300	-0.813313	 0.122417	-8.559153	-53.930630	-21.594680	 16.829250	-3.560002	 29.224700	 1.300884	-11.445230	 21.549240	-62.252910	-5.466561	-2.015671	 9.912610	 2.503324	-1.126932	 4.512146	 3.269194	-0.634905	-79.900480	 3.781687	 3.095283	 11.955290	-0.275905	 3.148022	 9.006140	 2.902694	 4.346727	-70.190550	 37.072840	 19.673400	 15.080210	-6.822537	 19.211440	 10.820750	-5.636163	 19.245590	-70.093730	 18.316740	 10.321150	 21.434150	-3.898858	 9.395122	 9.460192	-0.473463	 9.974930	-72.425380	-57.525740	-11.479180	 6.704504	 9.284960	-0.525222	 0.082313	-19.390840	-0.175535	 3.200025	 1.665973	-6.984860	 90.518820	-94.994800	 7.471828	-96.469120	 179.987700	 0.021472	 106.517100	-0.813313	 0.122417	-8.559153	 2.293878	 5.999214	 50.608810	-106.182700	-7.134856	-2.622035	 12.201340	-10.263900	-31.956960	-10.818140	-3.817293	 52.197770	 2.466235	-1.147094	 52.894770	 2.509378	 0.956958	-45.342740	 1.529287	 2.715987	 39.298690	-0.234467	 3.160060	 23.537780	 2.921902	 4.268157	-71.329720	 47.090280	 23.107310	 12.790670	-6.687003	 19.245300	 18.222710	-5.995545	 19.325160	-88.186310	 23.385340	 13.072050	 24.043930	-3.782887	 9.428741	 22.971190	-0.480990	 10.072750	-70.175000	-54.264170	-11.495930	 0.228582	 4.489618	-0.510811	 0.043063	-29.774300	-0.093348	 3.154509	 0.000000	 90.000000	 0.000000	 169.971300	 13.867410	 158.437900	-174.973300	-4.663329	-13.973450
-0.007112	-0.112844	 0.013974	 173.809300	 4.858078	-88.307110	-12.067870	 2.650586	-2.134033	-10.516490	 6.245905	-2.092786	 1.422082	-5.792570	 110.385200	-0.813313	 0.122417	-8.559153	-54.019010	-21.572600	 16.644230	-3.563014	 29.150780	 1.304098	-11.655640	 21.552580	-62.160100	-5.466561	-2.015671	 9.912610	 2.503324	-1.126932	 4.512146	 3.269194	-0.634905	-79.900480	 3.782574	 3.095670	 11.955230	-0.275905	 3.148022	 9.006140	 2.902697	 4.346714	-70.190720	 37.072930	 19.673430	 15.080180	-6.822537	 19.211440	 10.820750	-5.636171	 19.245590	-70.093990	 18.317710	 10.321650	 21.433960	-3.898858	 9.395122	 9.460192	-0.473463	 9.974930	-72.425380	-57.525540	-11.479140	 6.704469	 9.284960	-0.525222	 0.082313	-19.390840	-0.175535	 3.200025	 1.675811	-7.374943	 90.525210	-95.370910	 7.673904	-95.901530	 179.996300	-0.012334	 106.447900	-0.813313	 0.122417	-8.559153	 2.040897	 4.564183	 49.912930	-106.035700	-6.748355	-3.069320	 12.940620	-10.140450	-31.701110	-10.825120	-3.823603	 52.228370	 2.466265	-1.147055	 52.839550	 2.510612	 0.955625	-45.377800	 1.577787	 2.752010	 39.258380	-0.234681	 3.159967	 23.459370	 2.925828	 4.251188	-71.575170	 47.400320	 23.196740	 12.597650	-6.688312	 19.244900	 18.150120	-6.002239	 19.327760	-88.540020	 23.556600	 13.158050	 23.924470	-3.783608	 9.428445	 22.884610	-0.480426	 10.066380	-70.322280	-54.413110	-11.537100	-0.091678	 4.262566	-0.510037	 0.041238	-30.353410	-0.088515	 3.152424	 0.000000	 90.000000	 0.000000	 169.932700	 13.892620	 158.109400	-174.964400	-4.689647	-14.367550
-0.007285	-0.114024	 0.013642	 173.815400	 4.883421	-88.309240	-12.103440	 2.671984	-2.151009	-10.542560	 6.292043	-2.112786	 1.426694	-5.810438	 110.384900	-0.813313	 0.122417	-8.559153	-54.127230	-21.544720	 16.418540	-3.566864	 29.062560	 1.308059	-11.909210	 21.558070	-62.062300	-5.466561	-2.015671	 9.912610	 2.503324	-1.126932	 4.512146	 3.269194	-0.634905	-79.900480	 3.783595	 3.096118	 11.955180	-0.275905	 3.148022	 9.006140	 2.902700	 4.346699	-70.190930	 37.073040	 19.673470	 15.080150	-6.822537	 19.211440	 10.820750	-5.636178	 19.245590	-70.094310	 18.318870	 10.322250	 21.433740	-3.898858	 9.395122	 9.460192	-0.473463	 9.974930	-72.425380	-57.525260	-11.479100	 6.704447	 9.284960	-0.525222	 0.082313	-19.390840	-0.175535	 3.200025	 1.687197	-7.795260	 90.532680	-95.779270	 7.921093	-95.219070	-179.992400	-0.058235	 106.378300	-0.813313	 0.122417	-8.559153	 1.672967	 2.736235	 48.887830	-105.813900	-6.271616	-3.602993	 14.139070	-10.025090	-31.330140	-10.833290	-3.831015	 52.262510	 2.466302	-1.147007	 52.772830	 2.512112	 0.954001	-45.420460	 1.627270	 2.788522	 39.210440	-0.234939	 3.159855	 23.364760	 2.930639	 4.229922	-71.882430	 47.714340	 23.285020	 12.387290	-6.689890	 19.244420	 18.062710	-6.009055	 19.330450	-88.900950	 23.730460	 13.242540	 23.763360	-3.784568	 9.428051	 22.769360	-0.479704	 10.057920	-70.517850	-54.396020	-11.550700	-0.280599	 4.078583	-0.509398	 0.039761	-30.688410	-0.085704	 3.151242	 0.000000	 90.000000	 0.000000	 169.886700	 13.918090	 157.734800	-174.962100	-4.720269	-14.817620
-0.007446	-0.114994	 0.013329	 173.819800	 4.906771	-88.312040	-12.136220	 2.691312	-2.166453	-10.566670	 6.333958	-2.130913	 1.429621	-5.821815	 110.384500	-0.813313	 0.122417	-8.559153	-54.225350	-21.519520	 16.216690	-3.570524	 28.985490	 1.311689	-12.133640	 21.564140	-61.986270	-5.466561	-2.015671	 9.912610	 2.503324	-1.126932	 4.512146	 3.269194	-0.634905	-79.900480	 3.784501	 3.096514	 11.955120	-0.275905	 3.148022	 9.006140	 2.902703	 4.346688	-70.191110	 37.073160	 19.673520	 15.080100	-6.822537	 19.211440	 10.820750	-5.636182	 19.245590	-70.094600	 18.319890	 10.322780	 21.433550	-3.898858	 9.395122	 9.460192	-0.473463	 9.974930	-72.425380	-57.525040	-11.479060	 6.704403	 9.284960	-0.525222	 0.082313	-19.390840	-0.175535	 3.200025	 1.696789	-8.110141	 90.539050	-96.082150	 8.187532	-94.600430	-179.981600	-0.103998	 106.333100	-0.813313	 0.122417	-8.559153	 1.306140	 1.067700	 47.816700	-105.370800	-5.867649	-4.080650	 15.261540	-9.921585	-31.009060	-10.840360	-3.837459	 52.290500	 2.466334	-1.146965	 52.713290	 2.513454	 0.952547	-45.458670	 1.678383	 2.826354	 39.167540	-0.235169	 3.159756	 23.280500	 2.935024	 4.210055	-72.169110	 48.034740	 23.374700	 12.182810	-6.691290	 19.243990	 17.984990	-6.016109	 19.333290	-89.275500	 23.908200	 13.328030	 23.594340	-3.785521	 9.427663	 22.655140	-0.479027	 10.049690	-70.708100	-54.273320	-11.541860	-0.319607	 3.972224	-0.509041	 0.038904	-30.739560	-0.085276	 3.151065	 0.000000	 90.000000	 0.000000	 169.841100	 13.938720	 157.417500	-174.966600	-4.744073	-15.215540
-0.007591	-0.115810	 0.013021	 173.823300	 4.928375	-88.315360	-12.167150	 2.709275	-2.180957	-10.589560	 6.373005	-2.147823	 1.431546	-5.829327	 110.384000	-0.813313	 0.122417	-8.559153	-54.316840	-21.496770	 16.032430	-3.574035	 28.916710	 1.315053	-12.336870	 21.570620	-61.924580	-5.466561	-2.015671	 9.912610	 2.503324	-1.126932	 4.512146	 3.269194	-0.634905	-79.900480	 3.785330	 3.096876	 11.955080	-0.275905	 3.148022	 9.006140	 2.902707	 4.346675	-70.191300	 37.073240	 19.673550	 15.080070	-6.822537	 19.211440	 10.820750	-5.636188	 19.245590	-70.094860	 18.320810	 10.323250	 21.433370	-3.898858	 9.395122	 9.460192	-0.473463	 9.974930	-72.425380	-57.524810	-11.479030	 6.704360	 9.284960	-0.525222	 0.082313	-19.390840	-0.175535	 3.200025	 1.705352	-8.372490	 90.544760	-96.333710	 8.471487	-94.013400	-179.971000	-0.150183	 106.303800	-0.813313	 0.122417	-8.559153	 0.913260	-0.425769	 46.715400	-104.759000	-5.542821	-4.472837	 16.149860	-9.803738	-30.774950	-10.846660	-3.843230	 52.314200	 2.466364	-1.146926	 52.658680	 2.514685	 0.951211	-45.493730	 1.745129	 2.876124	 39.127350	-0.235380	 3.159666	 23.203410	 2.939146	 4.190947	-72.444570	 48.449910	 23.491580	 11.946200	-6.692571	 19.243600	 17.914060	-6.025331	 19.337070	-89.766900	 24.138510	 13.439890	 23.408530	-3.786485	 9.427270	 22.539570	-0.478389	 10.041580	-70.895450	-54.129470	-11.525150	-0.288137	 3.903302	-0.508796	 0.038354	-30.647430	-0.086053	 3.151385	 0.000000	 90.000000	 0.000000	 169.790200	 13.958330	 157.138200	-174.974700	-4.758776	-15.593490
-0.007765	-0.116804	 0.012626	 173.816200	 4.949023	-88.319150	-12.206500	 2.731687	-2.199321	-10.618860	 6.421957	-2.169116	 1.433207	-5.835850	 110.383300	-0.813313	 0.122417	-8.559153	-54.431800	-21.470170	 15.808310	-3.578606	 28.835380	 1.319277	-12.582210	 21.579610	-61.857660	-5.466561	-2.015671	 9.912610	 2.503324	-1.126932	 4.512146	 3.269194	-0.634905	-79.900480	 3.786351	 3.097323	 11.955020	-0.275905	 3.148022	 9.006140	 2.902710	 4.346659	-70.191530	 37.073360	 19.673600	 15.080030	-6.822537	 19.211440	 10.820750	-5.636195	 19.245590	-70.095210	 18.321940	 10.323840	 21.433160	-3.898858	 9.395122	 9.460192	-0.473463	 9.974930	-72.425380	-57.524540	-11.478990	 6.704339	 9.284960	-0.525222	 0.082313	-19.390840	-0.175535	 3.200025	 1.715933	-8.691746	 90.551820	-96.648600	 8.847965	-93.186970	-179.946500	-0.259934	 106.281600	-0.813313	 0.122417	-8.559153	 0.261348	-2.240371	 45.246800	-103.730200	-5.065094	-4.850673	 16.931520	-9.467084	-30.662510	-10.854200	-3.850159	 52.340850	 2.466401	-1.146878	 52.591410	 2.516194	 0.949572	-45.536720	 1.842757	 2.949054	 39.077300	-0.235639	 3.159554	 23.108830	 2.944380	 4.166002	-72.803710	 49.054590	 23.659980	 11.616310	-6.694141	 19.243130	 17.827180	-6.038770	 19.342750	-90.486230	 24.473910	 13.601900	 23.150130	-3.787812	 9.426736	 22.380730	-0.477588	 10.030850	-71.143280	-53.986900	-11.504730	-0.212041	 3.831254	-0.508545	 0.037776	-30.434640	-0.087835	 3.152136	 0.000000	 90.000000	 0.000000	 169.716300	 13.983300	 156.806200	-174.989400	-4.769128	-16.098030
-0.007908	-0.117669	 0.012297	 173.793200	 4.957009	-88.321310	-12.240820	 2.750863	-2.215370	-10.644590	 6.464009	-2.187553	 1.434226	-5.839892	 110.382600	-0.813313	 0.122417	-8.559153	-54.531130	-21.449780	 15.623160	-3.582645	 28.770490	 1.322881	-12.783590	 21.587960	-61.807740	-5.466561	-2.015671	 9.912610	 2.503324	-1.126932	 4.512146	 3.269194	-0.634905	-79.900480	 3.787199	 3.097695	 11.954970	-0.275905	 3.148022	 9.006140	 2.902714	 4.346645	-70.191710	 37.073470	 19.673630	 15.080000	-6.822537	 19.211440	 10.820750	-5.636199	 19.245590	-70.095500	 18.322880	 10.324320	 21.432980	-3.898858	 9.395122	 9.460192	-0.473463	 9.974930	-72.425380	-57.524290	-11.478950	 6.704298	 9.284960	-0.525222	 0.082313	-19.390840	-0.175535	 3.200025	 1.724945	-8.961187	 90.557830	-96.926210	 9.167293	-92.379180	-179.908900	-0.430610	 106.273500	-0.813313	 0.122417	-8.559153	-0.474570	-3.866405	 43.958900	-102.605400	-4.596998	-5.125886	 17.444060	-9.058612	-30.720170	-10.860350	-3.855842	 52.361090	 2.466433	-1.146838	 52.534690	 2.517454	 0.948201	-45.572680	 1.911862	 3.000415	 39.036110	-0.235856	 3.159461	 23.029430	 2.948960	 4.143500	-73.127270	 49.485650	 23.776730	 11.369340	-6.695457	 19.242730	 17.754400	-6.048186	 19.346840	-90.992670	 24.681980	 13.697910	 22.937910	-3.789070	 9.426231	 22.230210	-0.476901	 10.021140	-71.367650	-53.964050	-11.498060	-0.160125	 3.759870	-0.508297	 0.037204	-30.241540	-0.089450	 3.152824	 0.000000	 90.000000	 0.000000	 169.644900	 14.004940	 156.533600	-175.003300	-4.771420	-16.523630
-0.008024	-0.118457	 0.011998	 173.765900	 4.959861	-88.323580	-12.273220	 2.768655	-2.230553	-10.669060	 6.503092	-2.204849	 1.435052	-5.843192	 110.381900	-0.813313	 0.122417	-8.559153	-54.624210	-21.433530	 15.458390	-3.586519	 28.709220	 1.326285	-12.961610	 21.590720	-61.767660	-5.466561	-2.015671	 9.912610	 2.503324	-1.126932	 4.512146	 3.269194	-0.634905	-79.900480	 3.787990	 3.098041	 11.954920	-0.275905	 3.148022	 9.006140	 2.902717	 4.346633	-70.191890	 37.073580	 19.673670	 15.079960	-6.822537	 19.211440	 10.820750	-5.636205	 19.245590	-70.095800	 18.323760	 10.324780	 21.432810	-3.898858	 9.395122	 9.460192	-0.473463	 9.974930	-72.425380	-57.524080	-11.478920	 6.704253	 9.284960	-0.525222	 0.082313	-19.390840	-0.175535	 3.200025	 1.733150	-9.194448	 90.563340	-97.171360	 9.452462	-91.628780	-179.867100	-0.620917	 106.276700	-0.813313	 0.122417	-8.559153	-1.261354	-5.436931	 42.749190	-101.528000	-4.168599	-5.374387	 17.877350	-8.680988	-30.892970	-10.865800	-3.860890	 52.377770	 2.466461	-1.146802	 52.482810	 2.518595	 0.946959	-45.605240	 1.954269	 3.031547	 38.999890	-0.236054	 3.159378	 22.957200	 2.953307	 4.121517	-73.442990	 49.742080	 23.843070	 11.199480	-6.696651	 19.242380	 17.688330	-6.053834	 19.349340	-91.297450	 24.837820	 13.766710	 22.743590	-3.790353	 9.425721	 22.076970	-0.476270	 10.011690	-71.585830	-54.048480	-11.505990	-0.154639	 3.667385	-0.507978	 0.036466	-30.115180	-0.090501	 3.153277	 0.000000	 90.000000	 0.000000	 169.572600	 14.025060	 156.288000	-175.014300	-4.768193	-16.871480
-0.008146	-0.119451	 0.011658	 173.734100	 4.962037	-88.328350	-12.315070	 2.791128	-2.250301	-10.700880	 6.552648	-2.227104	 1.436222	-5.847857	 110.380900	-0.813313	 0.122417	-8.559153	-54.743550	-21.417820	 15.261820	-3.591535	 28.620660	 1.330923	-13.171730	 21.576540	-61.726740	-5.466561	-2.015671	 9.912610	 2.503324	-1.126932	 4.512146	 3.269194	-0.634905	-79.900480	 3.788972	 3.098471	 11.954870	-0.275905	 3.148022	 9.006140	 2.902722	 4.346617	-70.192130	 37.073710	 19.673720	 15.079920	-6.822537	 19.211440	 10.820750	-5.636214	 19.245590	-70.096150	 18.324850	 10.325350	 21.432600	-3.898858	 9.395122	 9.460192	-0.473463	 9.974930	-72.425380	-57.523770	-11.478880	 6.704204	 9.284960	-0.525222	 0.082313	-19.390840	-0.175535	 3.200025	 1.743396	-9.470327	 90.570240	-97.458180	 9.788322	-90.793660	-179.814500	-0.860994	 106.298000	-0.813313	 0.122417	-8.559153	-2.382197	-7.483435	 41.216040	-99.744190	-3.526924	-5.700653	 18.380090	-8.069059	-31.332030	-10.872350	-3.866998	 52.395840	 2.466497	-1.146756	 52.418330	 2.519985	 0.945442	-45.644940	 2.001763	 3.066245	 38.955680	-0.236298	 3.159274	 22.868080	 2.958961	 4.091926	-73.867480	 49.979320	 23.901810	 11.022410	-6.698121	 19.241940	 17.607010	-6.059993	 19.352100	-91.630780	 24.984020	 13.826570	 22.503860	-3.792158	 9.425013	 21.861730	-0.475489	 9.999110	-71.876000	-54.180510	-11.524870	-0.224202	 3.487384	-0.507350	 0.035026	-30.117880	-0.090480	 3.153263	 0.000000	 90.000000	 0.000000	 169.472000	 14.050010	 155.993100	-175.024800	-4.758168	-17.259570
-0.008245	-0.120325	 0.011399	 173.699800	 4.978287	-88.330470	-12.353940	 2.812953	-2.267138	-10.728700	 6.605268	-2.245904	 1.437535	-5.853128	 110.379600	-0.813313	 0.122417	-8.559153	-54.845260	-21.403690	 15.093550	-3.595786	 28.538000	 1.335000	-13.444260	 21.598380	-61.661720	-5.466561	-2.015671	 9.912610	 2.503324	-1.126932	 4.512146	 3.269194	-0.634905	-79.900480	 3.789781	 3.098825	 11.954820	-0.275905	 3.148022	 9.006140	 2.902725	 4.346602	-70.192340	 37.073830	 19.673770	 15.079870	-6.822537	 19.211440	 10.820750	-5.636219	 19.245590	-70.096470	 18.325760	 10.325810	 21.432430	-3.898858	 9.395122	 9.460192	-0.473463	 9.974930	-72.425380	-57.523530	-11.478840	 6.704178	 9.284960	-0.525222	 0.082313	-19.390840	-0.175535	 3.200025	 1.751837	-9.685963	 90.575960	-97.676840	 10.042760	-90.213200	-179.769400	-1.066963	 106.326900	-0.813313	 0.122417	-8.559153	-3.477839	-9.251903	 39.698250	-98.079960	-2.981840	-5.934475	 18.702330	-7.509869	-31.831810	-10.877440	-3.871767	 52.408180	 2.466526	-1.146719	 52.365970	 2.521087	 0.944239	-45.676430	 2.057229	 3.107199	 38.919260	-0.236495	 3.159192	 22.796360	 2.963797	 4.065606	-74.244520	 50.465990	 24.030290	 10.759490	-6.699302	 19.241590	 17.541750	-6.067148	 19.355370	-92.018910	 25.246190	 13.946290	 22.265950	-3.793831	 9.424359	 21.662320	-0.474860	 9.988141	-72.129100	-54.430900	-11.564210	-0.405761	 3.259560	-0.506533	 0.033207	-30.341000	-0.088621	 3.152466	 0.000000	 90.000000	 0.000000	 169.383800	 14.080440	 155.765800	-175.035500	-4.743852	-17.548270
-0.008379	-0.121233	 0.011150	 173.648700	 5.015018	-88.327410	-12.396100	 2.838723	-2.282976	-10.756210	 6.671281	-2.263527	 1.439226	-5.859983	 110.377400	-0.813313	 0.122417	-8.559153	-54.942100	-21.384170	 14.918490	-3.599774	 28.454760	 1.338951	-13.819870	 21.667790	-61.575270	-5.466561	-2.015671	 9.912610	 2.503324	-1.126932	 4.512146	 3.269194	-0.634905	-79.900480	 3.790533	 3.099154	 11.954770	-0.275905	 3.148022	 9.006140	 2.902728	 4.346590	-70.192540	 37.073940	 19.673810	 15.079840	-6.822537	 19.211440	 10.820750	-5.636227	 19.245600	-70.096760	 18.326580	 10.326240	 21.432270	-3.898858	 9.395122	 9.460192	-0.473463	 9.974930	-72.425380	-57.523270	-11.478800	 6.704143	 9.284960	-0.525222	 0.082313	-19.390840	-0.175535	 3.200025	 1.759573	-9.875830	 90.581230	-97.868670	 10.255780	-89.714000	-179.720400	-1.290210	 106.359500	-0.813313	 0.122417	-8.559153	-4.682812	-11.000170	 37.746990	-96.549810	-2.521645	-6.113843	 18.944370	-7.020350	-32.343080	-10.881830	-3.875895	 52.417210	 2.466552	-1.146686	 52.318940	 2.522049	 0.943188	-45.703930	 2.110734	 3.146744	 38.886780	-0.236670	 3.159117	 22.732570	 2.967447	 4.045064	-74.538440	 50.719840	 24.094000	 10.599260	-6.700349	 19.241280	 17.483850	-6.074033	 19.358560	-92.394010	 25.382660	 14.005000	 22.101480	-3.795247	 9.423814	 21.493770	-0.474407	 9.979635	-72.325230	-54.608420	-11.596560	-0.596966	 3.050546	-0.505793	 0.031538	-30.613870	-0.086338	 3.151505	 0.000000	 90.000000	 0.000000	 169.302900	 14.124380	 155.565600	-175.052100	-4.724557	-17.795680
-0.008469	-0.122377	 0.010939	 173.569400	 5.080950	-88.318710	-12.453430	 2.876180	-2.302225	-10.791500	 6.765717	-2.284768	 1.442141	-5.871781	 110.373800	-0.813313	 0.122417	-8.559153	-55.060760	-21.352910	 14.686090	-3.604600	 28.347620	 1.343876	-14.290270	 21.758350	-61.503700	-5.466561	-2.015671	 9.912610	 2.503324	-1.126932	 4.512146	 3.269194	-0.634905	-79.900480	 3.791420	 3.099542	 11.954730	-0.275905	 3.148022	 9.006140	 2.902732	 4.346572	-70.192780	 37.074060	 19.673850	 15.079800	-6.822537	 19.211440	 10.820750	-5.636235	 19.245590	-70.097130	 18.327560	 10.326750	 21.432080	-3.898858	 9.395122	 9.460192	-0.473463	 9.974930	-72.425380	-57.522980	-11.478750	 6.704104	 9.284960	-0.525222	 0.082313	-19.390840	-0.175535	 3.200025	 1.768711	-10.092200	 90.587470	-98.086210	 10.486710	-89.159290	-179.655000	-1.587178	 106.401700	-0.813313	 0.122417	-8.559153	-6.154837	-12.903730	 35.826840	-94.566150	-1.999331	-6.287596	 19.188900	-6.425724	-32.985340	-10.886600	-3.880430	 52.424790	 2.466582	-1.146648	 52.265080	 2.523104	 0.942033	-45.734110	 2.145725	 3.172106	 38.851780	-0.236868	 3.159036	 22.660500	 2.969784	 4.031588	-74.731160	 50.835260	 24.118860	 10.489750	-6.701530	 19.240930	 17.418680	-6.078470	 19.360650	-92.636140	 25.443230	 14.028860	 22.001340	-3.796392	 9.423378	 21.357770	-0.474120	 9.973938	-72.456630	-54.708260	-11.617670	-0.745243	 2.908188	-0.505278	 0.030406	-30.795250	-0.084817	 3.150871	 0.000000	 90.000000	 0.000000	 169.207800	 14.191480	 155.334200	-175.080000	-4.694957	-18.076060
-0.008516	-0.123382	 0.010842	 173.494000	 5.149602	-88.308490	-12.506340	 2.912679	-2.318487	-10.823150	 6.851941	-2.302553	 1.445556	-5.885545	 110.370000	-0.813313	 0.122417	-8.559153	-55.161870	-21.320470	 14.473940	-3.608628	 28.252620	 1.348101	-14.609520	 21.801080	-61.496350	-5.466561	-2.015671	 9.912610	 2.503324	-1.126932	 4.512146	 3.269194	-0.634905	-79.900480	 3.792153	 3.099862	 11.954680	-0.275905	 3.148022	 9.006140	 2.902736	 4.346558	-70.192990	 37.074200	 19.673900	 15.079750	-6.822537	 19.211440	 10.820750	-5.636243	 19.245590	-70.097440	 18.328370	 10.327160	 21.431920	-3.898858	 9.395122	 9.460192	-0.473463	 9.974930	-72.425380	-57.522740	-11.478710	 6.704049	 9.284960	-0.525222	 0.082313	-19.390840	-0.175535	 3.200025	 1.776256	-10.265620	 90.592670	-98.259740	 10.663810	-88.725390	-179.596800	-1.850451	 106.435800	-0.813313	 0.122417	-8.559153	-7.391587	-14.355620	 34.453740	-92.548980	-1.504521	-6.405158	 19.378040	-5.817763	-33.547550	-10.890140	-3.883810	 52.428220	 2.466605	-1.146618	 52.222580	 2.523892	 0.941170	-45.756670	 2.157605	 3.180221	 38.825730	-0.237021	 3.158971	 22.604570	 2.970574	 4.026962	-74.797260	 51.000530	 24.158580	 10.375000	-6.702443	 19.240670	 17.368350	-6.079912	 19.361330	-92.714940	 25.530300	 14.070070	 21.950550	-3.796967	 9.423156	 21.289400	-0.474018	 9.971851	-72.504720	-54.753510	-11.627690	-0.819321	 2.853533	-0.505078	 0.029974	-30.860130	-0.084269	 3.150640	 0.000000	 90.000000	 0.000000	 169.130000	 14.255040	 155.143600	-175.109700	-4.665845	-18.305890
-0.008546	-0.124460	 0.010794	 173.413900	 5.228169	-88.296780	-12.564520	 2.954651	-2.335327	-10.857830	 6.941653	-2.320739	 1.450218	-5.904242	 110.365400	-0.813313	 0.122417	-8.559153	-55.266920	-21.281600	 14.240770	-3.612746	 28.150890	 1.352525	-14.869070	 21.815080	-61.532220	-5.466561	-2.015671	 9.912610	 2.503324	-1.126932	 4.512146	 3.269194	-0.634905	-79.900480	 3.792884	 3.100182	 11.954640	-0.275905	 3.148022	 9.006140	 2.902740	 4.346544	-70.193210	 37.074310	 19.673940	 15.079710	-6.822537	 19.211440	 10.820750	-5.636248	 19.245600	-70.097780	 18.329170	 10.327580	 21.431770	-3.898858	 9.395122	 9.460192	-0.473463	 9.974930	-72.425380	-57.522460	-11.478680	 6.704017	 9.284960	-0.525222	 0.082313	-19.390840	-0.175535	 3.200025	 1.783912	-10.438100	 90.597960	-98.431900	 10.834440	-88.302250	-179.535900	-2.124854	 106.471900	-0.813313	 0.122417	-8.559153	-8.659338	-15.727300	 33.145790	-90.329710	-0.944268	-6.492483	 19.583460	-5.116353	-34.101370	-10.893270	-3.886843	 52.428870	 2.466628	-1.146589	 52.181830	 2.524596	 0.940399	-45.776820	 2.160385	 3.181510	 38.802010	-0.237165	 3.158911	 22.552030	 2.970771	 4.025805	-74.813800	 51.103950	 24.181860	 10.290110	-6.703295	 19.240420	 17.321260	-6.080172	 19.361460	-92.729070	 25.584330	 14.096470	 21.930260	-3.797280	 9.423038	 21.252240	-0.473985	 9.971158	-72.520730	-54.819730	-11.637480	-0.866125	 2.832121	-0.505000	 0.029804	-30.879990	-0.084097	 3.150577	 0.000000	 90.000000	 0.000000	 169.052200	 14.322550	 154.946600	-175.145900	-4.632878	-18.545870
-0.008567	-0.125770	 0.010760	 173.326500	 5.323443	-88.284130	-12.635720	 3.008418	-2.354951	-10.900890	 7.039744	-2.341609	 1.457357	-5.932742	 110.359500	-0.813313	 0.122417	-8.559153	-55.389610	-21.230020	 13.953140	-3.617486	 28.028950	 1.357717	-15.121530	 21.810180	-61.607860	-5.466561	-2.015671	 9.912610	 2.503324	-1.126932	 4.512146	 3.269194	-0.634905	-79.900480	 3.793713	 3.100546	 11.954590	-0.275905	 3.148022	 9.006140	 2.902743	 4.346527	-70.193440	 37.074440	 19.673990	 15.079670	-6.822537	 19.211440	 10.820750	-5.636257	 19.245600	-70.098170	 18.330070	 10.328040	 21.431600	-3.898858	 9.395122	 9.460192	-0.473463	 9.974930	-72.425380	-57.522150	-11.478620	 6.703970	 9.284960	-0.525222	 0.082313	-19.390840	-0.175535	 3.200025	 1.792642	-10.633180	 90.603990	-98.626620	 11.023140	-87.831760	-179.466800	-2.435059	 106.523100	-0.813313	 0.122417	-8.559153	-10.128090	-17.178560	 31.599460	-87.827360	-0.232039	-6.547449	 19.736300	-4.216253	-34.675940	-10.896310	-3.889829	 52.425800	 2.466651	-1.146559	 52.139640	 2.525260	 0.939670	-45.795860	 2.161012	 3.181160	 38.778110	-0.237313	 3.158849	 22.498160	 2.970832	 4.025446	-74.818930	 51.185250	 24.199230	 10.215840	-6.704163	 19.240170	 17.273330	-6.080137	 19.361440	-92.727250	 25.626420	 14.117320	 21.918380	-3.797403	 9.422992	 21.237680	-0.473963	 9.970753	-72.530090	-54.925170	-11.649430	-0.894253	 2.816649	-0.504947	 0.029679	-30.890420	-0.084013	 3.150537	 0.000000	 90.000000	 0.000000	 168.964800	 14.397580	 154.711300	-175.194300	-4.592228	-18.840130
-0.008597	-0.126973	 0.010724	 173.253900	 5.403096	-88.274150	-12.699520	 3.058770	-2.371937	-10.940140	 7.128753	-2.359396	 1.466607	-5.969340	 110.354000	-0.813313	 0.122417	-8.559153	-55.504950	-21.185480	 13.687070	-3.621468	 27.921060	 1.362201	-15.332150	 21.802460	-61.683960	-5.466561	-2.015671	 9.912610	 2.503324	-1.126932	 4.512146	 3.269194	-0.634905	-79.900480	 3.794407	 3.100850	 11.954560	-0.275905	 3.148022	 9.006140	 2.902749	 4.346511	-70.193680	 37.074600	 19.674040	 15.079610	-6.822537	 19.211440	 10.820750	-5.636262	 19.245600	-70.098500	 18.330840	 10.328440	 21.431450	-3.898858	 9.395122	 9.460192	-0.473463	 9.974930	-72.425380	-57.521870	-11.478590	 6.703927	 9.284960	-0.525222	 0.082313	-19.390840	-0.175535	 3.200025	 1.800098	-10.799640	 90.609180	-98.793460	 11.182880	-87.434460	-179.410900	-2.684968	 106.573600	-0.813313	 0.122417	-8.559153	-11.471650	-18.386630	 30.100850	-85.640040	 0.392704	-6.560449	 19.737310	-3.382957	-35.110460	-10.898510	-3.892040	 52.419720	 2.466668	-1.146538	 52.108720	 2.525689	 0.939199	-45.808160	 2.167571	 3.185520	 38.760480	-0.237423	 3.158804	 22.458360	 2.971279	 4.022815	-74.856530	 51.263020	 24.217030	 10.156480	-6.704797	 19.239980	 17.238300	-6.080897	 19.361800	-92.768790	 25.666880	 14.136230	 21.892540	-3.797402	 9.422992	 21.237710	-0.473904	 9.969473	-72.559620	-54.982110	-11.654730	-0.894401	 2.780565	-0.504820	 0.029391	-30.930010	-0.083683	 3.150404	 0.000000	 90.000000	 0.000000	 168.894500	 14.461180	 154.496500	-175.241300	-4.556233	-19.118190
-0.008647	-0.128264	 0.010716	 173.174800	 5.477067	-88.263910	-12.767000	 3.114397	-2.389617	-10.982050	 7.242233	-2.377581	 1.480361	-6.023439	 110.348200	-0.813313	 0.122417	-8.559153	-55.644320	-21.145960	 13.390130	-3.625517	 27.807630	 1.366843	-15.535790	 21.787520	-61.769210	-5.466561	-2.015671	 9.912610	 2.503324	-1.126932	 4.512146	 3.269194	-0.634905	-79.900480	 3.795101	 3.101153	 11.954510	-0.275905	 3.148022	 9.006140	 2.902753	 4.346495	-70.193920	 37.074720	 19.674100	 15.079580	-6.822537	 19.211440	 10.820750	-5.636269	 19.245600	-70.098850	 18.331610	 10.328840	 21.431310	-3.898858	 9.395122	 9.460192	-0.473463	 9.974930	-72.425380	-57.521590	-11.478540	 6.703884	 9.284960	-0.525222	 0.082313	-19.390840	-0.175535	 3.200025	 1.807720	-10.972580	 90.614490	-98.968390	 11.350010	-87.022700	-179.358900	-2.915961	 106.629900	-0.813313	 0.122417	-8.559153	-12.986580	-19.647980	 28.500450	-83.081440	 0.981255	-6.543622	 19.684550	-2.515258	-35.493770	-10.900380	-3.893982	 52.409950	 2.466684	-1.146519	 52.081850	 2.525935	 0.938929	-45.815200	 2.178380	 3.193168	 38.744960	-0.237516	 3.158766	 22.424350	 2.971993	 4.018582	-74.917000	 51.343220	 24.235980	 10.101440	-6.705334	 19.239830	 17.208750	-6.082222	 19.362430	-92.841310	 25.699990	 14.150260	 21.853240	-3.797400	 9.422993	 21.237970	-0.473799	 9.967219	-72.611530	-55.013940	-11.656690	-0.881431	 2.730698	-0.504642	 0.028995	-30.989620	-0.083179	 3.150198	 0.000000	 90.000000	 0.000000	 168.832900	 14.527920	 154.283600	-175.292900	-4.518505	-19.398270
-0.008687	-0.129679	 0.010807	 173.082500	 5.562251	-88.251030	-12.841750	 3.179005	-2.409087	-11.029640	 7.388289	-2.397200	 1.498861	-6.096036	 110.341700	-0.813313	 0.122417	-8.559153	-55.817750	-21.109070	 13.041850	-3.629813	 27.682050	 1.371884	-15.699910	 21.744220	-61.876980	-5.466561	-2.015671	 9.912610	 2.503324	-1.126932	 4.512146	 3.269194	-0.634905	-79.900480	 3.795853	 3.101482	 11.954470	-0.275905	 3.148022	 9.006140	 2.902757	 4.346477	-70.194180	 37.074870	 19.674150	 15.079520	-6.822537	 19.211440	 10.820750	-5.636277	 19.245600	-70.099250	 18.332410	 10.329260	 21.431150	-3.898858	 9.395122	 9.460192	-0.473463	 9.974930	-72.425380	-57.521270	-11.478500	 6.703837	 9.284960	-0.525222	 0.082313	-19.390840	-0.175535	 3.200025	 1.816045	-11.165900	 90.620310	-99.158520	 11.553670	-86.641680	-179.307000	-3.144882	 106.694200	-0.813313	 0.122417	-8.559153	-14.697810	-20.990010	 26.977770	-80.065830	 1.538944	-6.489054	 19.532760	-1.590426	-35.838470	-10.901990	-3.895734	 52.394980	 2.466697	-1.146502	 52.058110	 2.525913	 0.938953	-45.814580	 2.183260	 3.196380	 38.731070	-0.237594	 3.158733	 22.396150	 2.972317	 4.016659	-74.944470	 51.379340	 24.243370	 10.066460	-6.705766	 19.239700	 17.184930	-6.082815	 19.362710	-92.873730	 25.715810	 14.155880	 21.820910	-3.797515	 9.422951	 21.224360	-0.473703	 9.965151	-72.659250	-55.025890	-11.656530	-0.864475	 2.707715	-0.504558	 0.028813	-31.016600	-0.082951	 3.150109	 0.000000	 90.000000	 0.000000	 168.782200	 14.594410	 154.089600	-175.350100	-4.477146	-19.650060
-0.008716	-0.130988	 0.010967	 172.993400	 5.659768	-88.235570	-12.907070	 3.238394	-2.426242	-11.072900	 7.532027	-2.414117	 1.516753	-6.166211	 110.335800	-0.813313	 0.122417	-8.559153	-55.985230	-21.081330	 12.719140	-3.633486	 27.571790	 1.376257	-15.807850	 21.688990	-61.971680	-5.466561	-2.015671	 9.912610	 2.503324	-1.126932	 4.512146	 3.269194	-0.634905	-79.900480	 3.796488	 3.101761	 11.954440	-0.275905	 3.148022	 9.006140	 2.902761	 4.346461	-70.194400	 37.074990	 19.674190	 15.079480	-6.822537	 19.211440	 10.820750	-5.636284	 19.245600	-70.099600	 18.333110	 10.329610	 21.431010	-3.898858	 9.395122	 9.460192	-0.473463	 9.974930	-72.425380	-57.520980	-11.478450	 6.703795	 9.284960	-0.525222	 0.082313	-19.390840	-0.175535	 3.200025	 1.823326	-11.341120	 90.625400	-99.321440	 11.730330	-86.415300	-179.262100	-3.341629	 106.751300	-0.813313	 0.122417	-8.559153	-16.244470	-22.142930	 25.762200	-77.375850	 1.806265	-6.409028	 19.383570	-0.976104	-36.028420	-10.903020	-3.896958	 52.378040	 2.466706	-1.146491	 52.042010	 2.525665	 0.939226	-45.807440	 2.183353	 3.196114	 38.721380	-0.237643	 3.158713	 22.378060	 2.972322	 4.016623	-74.945000	 51.379750	 24.241900	 10.052000	-6.706038	 19.239620	 17.170020	-6.082812	 19.362710	-92.873660	 25.726860	 14.159780	 21.797990	-3.797689	 9.422884	 21.203720	-0.473636	 9.963678	-72.693160	-55.024240	-11.655910	-0.858304	 2.706901	-0.504544	 0.028807	-31.016920	-0.082954	 3.150100	 0.000000	 90.000000	 0.000000	 168.753000	 14.647150	 153.935500	-175.401100	-4.442326	-19.846570
-0.008751	-0.132378	 0.011173	 172.895000	 5.773044	-88.216260	-12.970530	 3.299128	-2.443238	-11.117070	 7.685502	-2.430473	 1.534755	-6.236865	 110.329700	-0.813313	 0.122417	-8.559153	-56.162530	-21.057230	 12.386750	-3.636971	 27.463570	 1.380485	-15.895560	 21.624280	-62.054060	-5.466561	-2.015671	 9.912610	 2.503324	-1.126932	 4.512146	 3.269194	-0.634905	-79.900480	 3.797105	 3.102031	 11.954400	-0.275905	 3.148022	 9.006140	 2.902764	 4.346444	-70.194630	 37.075140	 19.674250	 15.079430	-6.822537	 19.211440	 10.820750	-5.636293	 19.245600	-70.099980	 18.333760	 10.329950	 21.430890	-3.898858	 9.395122	 9.460192	-0.473463	 9.974930	-72.425380	-57.520690	-11.478400	 6.703743	 9.284960	-0.525222	 0.082313	-19.390840	-0.175535	 3.200025	 1.830509	-11.521670	 90.630420	-99.484320	 11.867470	-86.255290	-179.214900	-3.547916	 106.806700	-0.813313	 0.122417	-8.559153	-17.820910	-23.265770	 24.594150	-74.774350	 1.945694	-6.307478	 19.132860	-0.469941	-36.153100	-10.903710	-3.897883	 52.357670	 2.466712	-1.146482	 52.030230	 2.525226	 0.939708	-45.794880	 2.181324	 3.194319	 38.713950	-0.237681	 3.158697	 22.364370	 2.972187	 4.017432	-74.933430	 51.364230	 24.236560	 10.047220	-6.706241	 19.239560	 17.158750	-6.082547	 19.362590	-92.859210	 25.721040	 14.155660	 21.783820	-3.797821	 9.422832	 21.188060	-0.473585	 9.962530	-72.719640	-55.018480	-11.655470	-0.859447	 2.716102	-0.504582	 0.028882	-31.005370	-0.083046	 3.150141	 0.000000	 90.000000	 0.000000	 168.738900	 14.694410	 153.781000	-175.452200	-4.410671	-20.040240
-0.008809	-0.134125	 0.011438	 172.778800	 5.924256	-88.190270	-13.040720	 3.370621	-2.462723	-11.169470	 7.871458	-2.448666	 1.554265	-6.313581	 110.322300	-0.813313	 0.122417	-8.559153	-56.376780	-21.032610	 11.992850	-3.640813	 27.341710	 1.385192	-15.990280	 21.544950	-62.120570	-5.466561	-2.015671	 9.912610	 2.503324	-1.126932	 4.512146	 3.269194	-0.634905	-79.900480	 3.797760	 3.102317	 11.954360	-0.275905	 3.148022	 9.006140	 2.902770	 4.346427	-70.194890	 37.075290	 19.674300	 15.079380	-6.822537	 19.211440	 10.820750	-5.636301	 19.245600	-70.100390	 18.334470	 10.330320	 21.430760	-3.898858	 9.395122	 9.460192	-0.473463	 9.974930	-72.425380	-57.520370	-11.478360	 6.703699	 9.284960	-0.525222	 0.082313	-19.390840	-0.175535	 3.200025	 1.838633	-11.731690	 90.636150	-99.669500	 11.985560	-86.142460	-179.165100	-3.764785	 106.866200	-0.813313	 0.122417	-8.559153	-19.695460	-24.531750	 23.200210	-71.974870	 2.151071	-6.178722	 18.688350	 0.163999	-36.298820	-10.904100	-3.898625	 52.329790	 2.466717	-1.146476	 52.021580	 2.524515	 0.940487	-45.774510	 2.178572	 3.192024	 38.707830	-0.237710	 3.158685	 22.353670	 2.971999	 4.018551	-74.917460	 51.342970	 24.229880	 10.046670	-6.706400	 19.239520	 17.149990	-6.082195	 19.362420	-92.839830	 25.709290	 14.148820	 21.773830	-3.797924	 9.422795	 21.175800	-0.473542	 9.961576	-72.741630	-55.007640	-11.654280	-0.857082	 2.729247	-0.504629	 0.028985	-30.989470	-0.083183	 3.150202	 0.000000	 90.000000	 0.000000	 168.741600	 14.742900	 153.580600	-175.511600	-4.379482	-20.288390
-0.008877	-0.135816	 0.011715	 172.711500	 6.072104	-88.170390	-13.098610	 3.433871	-2.479625	-11.216600	 8.038469	-2.463941	 1.575181	-6.395555	 110.316300	-0.813313	 0.122417	-8.559153	-56.569800	-21.012900	 11.642180	-3.643935	 27.238660	 1.389131	-16.080980	 21.479190	-62.153340	-5.466561	-2.015671	 9.912610	 2.503324	-1.126932	 4.512146	 3.269194	-0.634905	-79.900480	 3.798319	 3.102562	 11.954330	-0.275905	 3.148022	 9.006140	 2.902774	 4.346409	-70.195140	 37.075410	 19.674350	 15.079340	-6.822537	 19.211440	 10.820750	-5.636307	 19.245600	-70.100740	 18.335040	 10.330620	 21.430650	-3.898858	 9.395122	 9.460192	-0.473463	 9.974930	-72.425380	-57.520060	-11.478320	 6.703662	 9.284960	-0.525222	 0.082313	-19.390840	-0.175535	 3.200025	 1.845498	-11.906170	 90.641010	-99.823320	 12.056510	-86.076190	-179.131300	-3.909782	 106.921400	-0.813313	 0.122417	-8.559153	-21.406620	-25.592150	 21.850960	-69.137570	 2.194368	-6.025061	 17.873390	 0.735298	-36.404390	-10.904140	-3.899028	 52.301540	 2.466719	-1.146474	 52.018020	 2.523739	 0.941338	-45.752300	 2.176465	 3.190314	 38.704490	-0.237724	 3.158679	 22.348600	 2.971854	 4.019411	-74.905170	 51.321940	 24.223730	 10.050140	-6.706476	 19.239500	 17.145820	-6.081927	 19.362290	-92.825190	 25.694360	 14.140850	 21.770480	-3.797974	 9.422774	 21.169910	-0.473519	 9.961047	-72.753810	-54.989350	-11.652110	-0.850963	 2.740211	-0.504677	 0.029072	-30.976500	-0.083294	 3.150236	 0.000000	 90.000000	 0.000000	 168.761100	 14.780400	 153.368100	-175.564100	-4.358180	-20.550170
-0.008922	-0.137539	 0.012028	 172.680700	 6.225106	-88.155350	-13.151880	 3.496643	-2.496241	-11.264430	 8.204821	-2.478437	 1.600866	-6.495926	 110.311000	-0.813313	 0.122417	-8.559153	-56.763610	-20.994270	 11.291850	-3.646816	 27.140670	 1.392820	-16.189040	 21.424820	-62.168100	-5.466561	-2.015671	 9.912610	 2.503324	-1.126932	 4.512146	 3.269194	-0.634905	-79.900480	 3.798821	 3.102782	 11.954300	-0.275905	 3.148022	 9.006140	 2.902778	 4.346394	-70.195380	 37.075560	 19.674410	 15.079290	-6.822537	 19.211440	 10.820750	-5.636314	 19.245600	-70.101110	 18.335600	 10.330900	 21.430540	-3.898858	 9.395122	 9.460192	-0.473463	 9.974930	-72.425380	-57.519770	-11.478270	 6.703611	 9.284960	-0.525222	 0.082313	-19.390840	-0.175535	 3.200025	 1.851999	-12.066980	 90.645640	-99.967700	 12.099360	-86.012050	-179.098600	-4.048455	 106.987200	-0.813313	 0.122417	-8.559153	-23.140590	-26.566630	 20.466490	-66.096440	 2.158434	-5.820997	 16.751630	 1.314253	-36.501820	-10.903890	-3.899191	 52.269970	 2.466719	-1.146474	 52.017850	 2.522854	 0.942307	-45.726950	 2.174058	 3.188436	 38.702880	-0.237728	 3.158678	 22.347230	 2.971689	 4.020393	-74.891140	 51.290170	 24.215000	 10.060630	-6.706494	 19.239490	 17.144740	-6.081617	 19.362140	-92.808550	 25.668500	 14.127760	 21.773620	-3.797987	 9.422771	 21.168270	-0.473508	 9.960789	-72.759770	-54.963950	-11.649030	-0.841479	 2.753699	-0.504723	 0.029178	-30.960610	-0.083426	 3.150292	 0.000000	 90.000000	 0.000000	 168.789300	 14.811220	 153.148300	-175.614500	-4.342811	-20.818260
-0.008942	-0.139471	 0.012420	 172.616900	 6.400341	-88.133980	-13.209820	 3.571985	-2.516052	-11.323730	 8.402672	-2.494990	 1.628850	-6.605427	 110.304500	-0.813313	 0.122417	-8.559153	-56.997420	-20.971980	 10.868790	-3.650057	 27.029000	 1.396993	-16.359610	 21.381820	-62.157920	-5.466561	-2.015671	 9.912610	 2.503324	-1.126932	 4.512146	 3.269194	-0.634905	-79.900480	 3.799418	 3.103043	 11.954270	-0.275905	 3.148022	 9.006140	 2.902783	 4.346373	-70.195680	 37.075730	 19.674470	 15.079230	-6.822537	 19.211440	 10.820750	-5.636321	 19.245600	-70.101560	 18.336210	 10.331220	 21.430420	-3.898858	 9.395122	 9.460192	-0.473463	 9.974930	-72.425380	-57.519410	-11.478220	 6.703548	 9.284960	-0.525222	 0.082313	-19.390840	-0.175535	 3.200025	 1.859379	-12.240480	 90.651010	-100.130900	 12.117510	-85.899970	-179.025800	-4.359826	 107.081800	-0.813313	 0.122417	-8.559153	-25.197740	-27.628880	 18.926280	-62.710580	 2.114644	-5.536732	 15.519500	 1.908108	-36.666870	-10.903250	-3.899124	 52.227160	 2.466718	-1.146477	 52.021740	 2.521662	 0.943611	-45.692860	 2.170697	 3.185901	 38.703130	-0.237720	 3.158681	 22.350170	 2.971461	 4.021745	-74.871830	 51.239150	 24.201430	 10.081620	-6.706451	 19.239500	 17.147230	-6.081203	 19.361940	-92.785610	 25.629080	 14.108230	 21.783920	-3.797961	 9.422780	 21.171490	-0.473508	 9.960801	-72.759520	-54.924800	-11.644180	-0.825891	 2.773158	-0.504795	 0.029333	-30.937630	-0.083620	 3.150373	 0.000000	 90.000000	 0.000000	 168.822600	 14.836790	 152.923200	-175.669300	-4.330962	-21.084850
-0.008934	-0.141025	 0.012830	 172.635700	 6.567287	-88.130580	-13.252970	 3.635484	-2.532752	-11.369980	 8.565822	-2.508280	 1.664911	-6.745784	 110.300600	-0.813313	 0.122417	-8.559153	-57.193340	-20.964340	 10.540850	-3.652594	 26.949880	 1.400097	-16.490040	 21.352830	-62.140160	-5.466561	-2.015671	 9.912610	 2.503324	-1.126932	 4.512146	 3.269194	-0.634905	-79.900480	 3.799880	 3.103245	 11.954240	-0.275905	 3.148022	 9.006140	 2.902787	 4.346356	-70.195930	 37.075870	 19.674520	 15.079180	-6.822537	 19.211440	 10.820750	-5.636332	 19.245600	-70.101950	 18.336710	 10.331480	 21.430320	-3.898858	 9.395122	 9.460192	-0.473463	 9.974930	-72.425380	-57.519120	-11.478170	 6.703497	 9.284960	-0.525222	 0.082313	-19.390840	-0.175535	 3.200025	 1.865250	-12.367320	 90.655330	-100.255600	 12.114200	-85.789400	-179.001600	-4.456589	 107.168300	-0.813313	 0.122417	-8.559153	-26.912430	-28.440790	 17.697260	-59.513020	 2.038366	-5.246929	 14.345810	 2.405782	-36.879870	-10.902430	-3.898858	 52.186540	 2.466714	-1.146481	 52.028250	 2.520564	 0.944811	-45.661460	 2.167449	 3.183511	 38.705040	-0.237703	 3.158688	 22.356410	 2.971240	 4.023044	-74.853260	 51.186110	 24.187570	 10.105920	-6.706356	 19.239530	 17.152420	-6.080801	 19.361750	-92.763610	 25.593690	 14.090970	 21.796680	-3.797902	 9.422803	 21.178440	-0.473520	 9.961069	-72.753330	-54.884960	-11.639200	-0.809361	 2.792356	-0.504864	 0.029486	-30.915010	-0.083813	 3.150452	 0.000000	 90.000000	 0.000000	 168.854800	 14.846030	 152.757100	-175.710100	-4.326529	-21.274000
-0.008921	-0.142397	 0.013237	 172.689800	 6.719775	-88.140950	-13.287760	 3.694217	-2.548330	-11.405080	 8.712023	-2.520091	 1.706029	-6.905485	 110.298100	-0.813313	 0.122417	-8.559153	-57.372160	-20.974880	 10.283810	-3.654840	 26.896020	 1.402497	-16.556720	 21.319720	-62.129140	-5.466561	-2.015671	 9.912610	 2.503324	-1.126932	 4.512146	 3.269194	-0.634905	-79.900480	 3.800285	 3.103423	 11.954220	-0.275905	 3.148022	 9.006140	 2.902791	 4.346340	-70.196160	 37.076000	 19.674570	 15.079140	-6.822537	 19.211440	 10.820750	-5.636340	 19.245600	-70.102280	 18.337120	 10.331690	 21.430250	-3.898858	 9.395122	 9.460192	-0.473463	 9.974930	-72.425380	-57.518820	-11.478130	 6.703458	 9.284960	-0.525222	 0.082313	-19.390840	-0.175535	 3.200025	 1.870355	-12.466040	 90.659180	-100.354300	 12.092630	-85.707830	-178.974500	-4.565519	 107.256000	-0.813313	 0.122417	-8.559153	-28.484750	-29.127250	 16.590230	-56.334160	 1.967625	-4.942333	 13.170300	 2.880033	-37.133390	-10.901460	-3.898463	 52.144800	 2.466709	-1.146487	 52.036800	 2.519484	 0.945990	-45.630580	 2.164081	 3.181072	 38.708200	-0.237679	 3.158698	 22.365160	 2.971013	 4.024386	-74.834080	 51.129330	 24.172890	 10.133560	-6.706224	 19.239570	 17.159690	-6.080386	 19.361560	-92.740860	 25.563190	 14.076310	 21.810700	-3.797819	 9.422834	 21.188290	-0.473540	 9.961522	-72.742870	-54.842800	-11.633870	-0.791343	 2.812422	-0.504939	 0.029644	-30.891320	-0.084009	 3.150537	 0.000000	 90.000000	 0.000000	 168.889300	 14.843140	 152.615500	-175.743200	-4.327118	-21.428550
-0.008948	-0.144074	 0.013768	 172.763900	 6.908423	-88.163310	-13.325680	 3.769899	-2.574082	-11.441290	 8.875147	-2.534641	 1.741843	-7.045110	 110.293100	-0.813313	 0.122417	-8.559153	-57.599500	-21.008620	 10.005540	-3.657550	 26.849570	 1.405023	-16.589280	 21.274000	-62.115960	-5.466561	-2.015671	 9.912610	 2.503324	-1.126932	 4.512146	 3.269194	-0.634905	-79.900480	 3.800786	 3.103642	 11.954190	-0.275905	 3.148022	 9.006140	 2.902797	 4.346317	-70.196490	 37.076190	 19.674640	 15.079070	-6.822537	 19.211440	 10.820750	-5.636349	 19.245600	-70.102760	 18.337640	 10.331950	 21.430150	-3.898858	 9.395122	 9.460192	-0.473463	 9.974930	-72.425380	-57.518420	-11.478060	 6.703406	 9.284960	-0.525222	 0.082313	-19.390840	-0.175535	 3.200025	 1.876492	-12.562080	 90.663930	-100.453100	 12.019170	-85.634910	-178.926400	-4.760898	 107.379900	-0.813313	 0.122417	-8.559153	-30.503930	-29.924310	 15.160340	-51.994890	 1.922205	-4.504862	 11.552000	 3.538147	-37.537920	-10.899880	-3.897719	 52.083970	 2.466701	-1.146497	 52.051400	 2.518003	 0.947605	-45.588310	 2.159095	 3.177507	 38.714270	-0.237636	 3.158716	 22.380900	 2.970678	 4.026354	-74.805950	 51.045160	 24.151270	 10.176530	-6.705989	 19.239640	 17.172750	-6.079775	 19.361270	-92.707470	 25.533110	 14.062300	 21.830450	-3.797669	 9.422890	 21.206010	-0.473579	 9.962405	-72.722530	-54.780700	-11.625940	-0.764055	 2.841916	-0.505041	 0.029880	-30.856510	-0.084297	 3.150654	 0.000000	 90.000000	 0.000000	 168.933700	 14.828300	 152.439800	-175.773300	-4.337022	-21.611610
-0.009030	-0.145325	 0.014127	 172.817400	 7.033506	-88.186870	-13.350700	 3.827779	-2.603349	-11.462320	 8.966290	-2.551535	 1.763567	-7.130059	 110.288800	-0.813313	 0.122417	-8.559153	-57.770910	-21.046370	 9.824381	-3.659524	 26.828520	 1.406584	-16.591300	 21.241800	-62.101200	-5.466561	-2.015671	 9.912610	 2.503324	-1.126932	 4.512146	 3.269194	-0.634905	-79.900480	 3.801153	 3.103802	 11.954170	-0.275905	 3.148022	 9.006140	 2.902801	 4.346301	-70.196730	 37.076340	 19.674690	 15.079020	-6.822537	 19.211440	 10.820750	-5.636356	 19.245600	-70.103160	 18.338020	 10.332150	 21.430080	-3.898858	 9.395122	 9.460192	-0.473463	 9.974930	-72.425380	-57.518120	-11.478020	 6.703366	 9.284960	-0.525222	 0.082313	-19.390840	-0.175535	 3.200025	 1.880781	-12.606510	 90.667390	-100.502600	 11.932550	-85.602950	-178.879300	-4.952025	 107.483300	-0.813313	 0.122417	-8.559153	-32.292200	-30.623290	 13.977540	-48.562990	 1.775378	-4.138393	 10.246570	 3.920141	-37.869710	-10.898420	-3.896995	 52.030840	 2.466693	-1.146507	 52.065460	 2.516805	 0.948908	-45.554150	 2.154723	 3.174413	 38.720500	-0.237592	 3.158734	 22.396630	 2.970383	 4.028082	-74.781260	 50.971970	 24.132580	 10.215300	-6.705750	 19.239710	 17.185770	-6.079241	 19.361010	-92.678190	 25.509220	 14.051390	 21.849050	-3.797519	 9.422945	 21.223780	-0.473621	 9.963322	-72.701410	-54.726900	-11.619000	-0.739754	 2.867686	-0.505135	 0.030084	-30.826130	-0.084555	 3.150762	 0.000000	 90.000000	 0.000000	 168.977000	 14.806840	 152.300400	-175.782700	-4.353586	-21.749720
-0.009171	-0.146532	 0.014411	 172.849600	 7.139510	-88.211170	-13.371050	 3.881976	-2.637986	-11.475850	 9.028009	-2.577404	 1.780784	-7.197552	 110.284600	-0.813313	 0.122417	-8.559153	-57.927590	-21.087750	 9.674280	-3.661161	 26.818040	 1.407737	-16.591280	 21.218890	-62.078560	-5.466561	-2.015671	 9.912610	 2.503324	-1.126932	 4.512146	 3.269194	-0.634905	-79.900480	 3.801480	 3.103945	 11.954150	-0.275905	 3.148022	 9.006140	 2.902807	 4.346283	-70.196990	 37.076490	 19.674750	 15.078970	-6.822537	 19.211440	 10.820750	-5.636366	 19.245600	-70.103530	 18.338320	 10.332310	 21.430020	-3.898858	 9.395122	 9.460192	-0.473463	 9.974930	-72.425380	-57.517810	-11.477980	 6.703317	 9.284960	-0.525222	 0.082313	-19.390840	-0.175535	 3.200025	 1.884471	-12.622180	 90.670510	-100.531400	 11.831460	-85.590220	-178.827300	-5.163075	 107.586300	-0.813313	 0.122417	-8.559153	-34.343440	-31.444580	 12.719970	-45.344730	 1.535496	-3.779537	 8.996744	 4.152355	-38.197520	-10.896800	-3.896164	 51.975080	 2.466684	-1.146518	 52.080980	 2.515647	 0.950167	-45.521130	 2.150114	 3.171172	 38.727700	-0.237543	 3.158754	 22.414510	 2.970073	 4.029899	-74.755300	 50.896600	 24.113400	 10.256350	-6.705483	 19.239790	 17.200570	-6.078677	 19.360740	-92.647400	 25.476570	 14.036260	 21.871840	-3.797349	 9.423012	 21.243970	-0.473668	 9.964382	-72.676990	-54.671540	-11.611780	-0.714185	 2.894542	-0.505231	 0.030299	-30.794410	-0.084820	 3.150874	 0.000000	 90.000000	 0.000000	 169.036600	 14.775620	 152.157400	-175.781900	-4.375703	-21.886080
-0.009514	-0.148054	 0.014770	 172.869400	 7.260884	-88.243790	-13.391740	 3.947733	-2.688861	-11.484200	 9.076013	-2.621180	 1.799496	-7.270998	 110.279700	-0.813313	 0.122417	-8.559153	-58.109790	-21.140520	 9.508879	-3.662879	 26.813840	 1.408811	-16.582550	 21.194770	-62.042050	-5.466561	-2.015671	 9.912610	 2.503324	-1.126932	 4.512146	 3.269194	-0.634905	-79.900480	 3.801867	 3.104114	 11.954130	-0.275905	 3.148022	 9.006140	 2.902812	 4.346262	-70.197300	 37.076680	 19.674820	 15.078910	-6.822537	 19.211440	 10.820750	-5.636374	 19.245600	-70.104030	 18.338710	 10.332510	 21.429940	-3.898858	 9.395122	 9.460192	-0.473463	 9.974930	-72.425380	-57.517420	-11.477920	 6.703254	 9.284960	-0.525222	 0.082313	-19.390840	-0.175535	 3.200025	 1.888499	-12.609720	 90.674130	-100.554200	 11.688720	-85.593480	-178.753700	-5.460215	 107.718600	-0.813313	 0.122417	-8.559153	-37.232550	-32.550060	 10.946080	-40.168580	 0.961297	-3.244192	 6.564160	 4.466301	-38.560680	-10.894530	-3.894976	 51.898270	 2.466672	-1.146533	 52.103020	 2.514211	 0.951726	-45.480220	 2.143727	 3.166702	 38.738370	-0.237471	 3.158784	 22.440700	 2.969643	 4.032407	-74.719440	 50.796270	 24.087930	 10.312480	-6.705090	 19.239900	 17.222240	-6.077899	 19.360380	-92.604860	 25.425880	 14.012660	 21.906130	-3.797099	 9.423105	 21.273590	-0.473740	 9.965950	-72.640800	-54.597750	-11.602050	-0.679204	 2.931097	-0.505362	 0.030590	-30.751280	-0.085179	 3.151024	 0.000000	 90.000000	 0.000000	 169.134200	 14.726730	 151.955400	-175.770600	-4.410388	-22.074430
-0.009882	-0.149126	 0.015049	 172.873300	 7.348678	-88.269290	-13.403920	 3.994799	-2.730828	-11.484700	 9.095431	-2.660358	 1.812931	-7.323664	 110.276500	-0.813313	 0.122417	-8.559153	-58.232360	-21.175630	 9.394824	-3.663832	 26.813780	 1.409363	-16.552520	 21.169720	-62.016090	-5.466561	-2.015671	 9.912610	 2.503324	-1.126932	 4.512146	 3.269194	-0.634905	-79.900480	 3.802097	 3.104215	 11.954110	-0.275905	 3.148022	 9.006140	 2.902816	 4.346244	-70.197560	 37.076810	 19.674870	 15.078870	-6.822537	 19.211440	 10.820750	-5.636383	 19.245610	-70.104390	 18.338920	 10.332620	 21.429900	-3.898858	 9.395122	 9.460192	-0.473463	 9.974930	-72.425380	-57.517120	-11.477870	 6.703205	 9.284960	-0.525222	 0.082313	-19.390840	-0.175535	 3.200025	 1.891099	-12.579940	 90.676610	-100.562100	 11.577950	-85.607360	-178.694100	-5.700075	 107.817600	-0.813313	 0.122417	-8.559153	-39.485240	-33.330500	 9.482038	-35.563530	 0.346226	-2.788395	 4.143569	 4.703442	-38.792710	-10.892670	-3.893994	 51.835890	 2.466662	-1.146546	 52.121100	 2.513178	 0.952847	-45.450790	 2.138544	 3.163086	 38.747400	-0.237410	 3.158809	 22.462820	 2.969293	 4.034443	-74.690320	 50.718460	 24.068230	 10.357080	-6.704759	 19.239990	 17.240530	-6.077266	 19.360080	-92.570300	 25.383950	 13.993140	 21.934930	-3.796889	 9.423187	 21.298610	-0.473800	 9.967282	-72.610090	-54.540360	-11.594390	-0.651255	 2.960277	-0.505467	 0.030822	-30.716840	-0.085470	 3.151146	 0.000000	 90.000000	 0.000000	 169.216400	 14.685730	 151.811700	-175.756100	-4.439588	-22.206420
-0.010314	-0.150264	 0.015281	 172.871200	 7.446875	-88.297620	-13.414230	 4.043511	-2.778630	-11.480340	 9.105831	-2.707134	 1.828594	-7.384865	 110.273900	-0.813313	 0.122417	-8.559153	-58.349490	-21.204180	 9.272816	-3.664609	 26.813510	 1.409821	-16.505100	 21.136140	-61.988190	-5.466561	-2.015671	 9.912610	 2.503324	-1.126932	 4.512146	 3.269194	-0.634905	-79.900480	 3.802289	 3.104300	 11.954100	-0.275905	 3.148022	 9.006140	 2.902822	 4.346224	-70.197830	 37.076970	 19.674930	 15.078810	-6.822537	 19.211440	 10.820750	-5.636391	 19.245610	-70.104800	 18.339090	 10.332710	 21.429870	-3.898858	 9.395122	 9.460192	-0.473463	 9.974930	-72.425380	-57.516780	-11.477820	 6.703150	 9.284960	-0.525222	 0.082313	-19.390840	-0.175535	 3.200025	 1.893526	-12.531100	 90.679120	-100.562200	 11.450760	-85.632680	-178.626300	-5.971539	 107.922900	-0.813313	 0.122417	-8.559153	-42.740100	-34.182230	 7.107859	-29.838830	-0.312599	-2.165224	 1.089966	 4.975579	-39.020350	-10.890500	-3.892856	 51.763660	 2.466650	-1.146561	 52.141940	 2.512119	 0.953994	-45.420680	 2.132535	 3.158902	 38.758140	-0.237338	 3.158839	 22.489060	 2.968884	 4.036805	-74.656560	 50.632720	 24.046560	 10.407300	-6.704366	 19.240110	 17.262220	-6.076531	 19.359740	-92.530210	 25.337710	 13.971690	 21.968200	-3.796639	 9.423281	 21.328310	-0.473874	 9.968864	-72.573600	-54.476820	-11.585810	-0.619553	 2.993485	-0.505592	 0.031085	-30.677630	-0.085801	 3.151278	 0.000000	 90.000000	 0.000000	 169.306100	 14.639460	 151.692200	-175.735700	-4.472489	-22.313010
-0.010845	-0.151631	 0.015506	 172.862200	 7.567472	-88.333550	-13.423330	 4.099825	-2.838612	-11.469010	 9.111403	-2.768168	 1.847062	-7.456882	 110.271500	-0.813313	 0.122417	-8.559153	-58.472950	-21.232490	 9.139997	-3.665312	 26.808600	 1.410344	-16.437650	 21.086460	-61.952460	-5.466561	-2.015671	 9.912610	 2.503324	-1.126932	 4.512146	 3.269194	-0.634905	-79.900480	 3.802444	 3.104367	 11.954100	-0.275905	 3.148022	 9.006140	 2.902827	 4.346202	-70.198170	 37.077160	 19.675000	 15.078740	-6.822537	 19.211440	 10.820750	-5.636399	 19.245610	-70.105320	 18.339210	 10.332770	 21.429850	-3.898858	 9.395122	 9.460192	-0.473463	 9.974930	-72.425380	-57.516380	-11.477760	 6.703078	 9.284960	-0.525222	 0.082313	-19.390840	-0.175535	 3.200025	 1.895963	-12.452330	 90.681890	-100.550600	 11.269950	-85.679030	-178.540400	-6.313883	 108.047000	-0.813313	 0.122417	-8.559153	-48.683520	-35.286220	 2.768886	-19.631370	-1.237692	-1.071102	-4.340338	 5.415824	-39.512050	-10.887680	-3.891402	 51.668120	 2.466635	-1.146580	 52.169020	 2.510944	 0.955266	-45.387260	 2.124572	 3.153360	 38.772520	-0.237241	 3.158879	 22.524290	 2.968344	 4.039926	-74.611940	 50.542080	 24.024020	 10.464670	-6.703836	 19.240260	 17.291360	-6.075562	 19.359280	-92.477240	 25.289980	 13.950010	 22.009110	-3.796304	 9.423410	 21.368200	-0.473975	 9.970987	-72.524690	-54.406780	-11.575990	-0.580541	 3.036337	-0.505744	 0.031425	-30.627050	-0.086224	 3.151462	 0.000000	 90.000000	 0.000000	 169.413700	 14.585870	 151.589800	-175.707300	-4.512547	-22.400110
-0.011251	-0.152628	 0.015533	 172.838900	 7.651450	-88.361390	-13.428130	 4.141031	-2.884982	-11.456310	 9.116548	-2.816643	 1.857160	-7.496347	 110.269800	-0.813313	 0.122417	-8.559153	-58.558670	-21.261610	 9.069415	-3.665731	 26.810530	 1.410558	-16.388330	 21.054460	-61.918170	-5.466561	-2.015671	 9.912610	 2.503324	-1.126932	 4.512146	 3.269194	-0.634905	-79.900480	 3.802482	 3.104384	 11.954090	-0.275905	 3.148022	 9.006140	 2.902831	 4.346185	-70.198420	 37.077330	 19.675060	 15.078690	-6.822537	 19.211440	 10.820750	-5.636409	 19.245610	-70.105730	 18.339210	 10.332770	 21.429850	-3.898858	 9.395122	 9.460192	-0.473463	 9.974930	-72.425380	-57.516060	-11.477710	 6.703033	 9.284960	-0.525222	 0.082313	-19.390840	-0.175535	 3.200025	 1.897516	-12.380030	 90.683890	-100.533300	 11.113160	-85.724650	-178.472600	-6.583009	 108.138200	-0.813313	 0.122417	-8.559153	-54.489240	-33.829800	-1.851110	-10.928600	-1.805398	 0.197037	-9.006578	 4.021739	-40.605100	-10.885350	-3.890209	 51.588030	 2.466623	-1.146596	 52.191120	 2.510143	 0.956133	-45.364460	 2.117911	 3.148723	 38.784610	-0.237160	 3.158913	 22.554020	 2.967890	 4.042540	-74.574580	 50.495990	 24.013200	 10.500520	-6.703392	 19.240390	 17.315920	-6.074747	 19.358900	-92.432840	 25.265700	 13.939670	 22.039470	-3.796020	 9.423518	 21.401860	-0.474062	 9.972769	-72.483580	-54.366450	-11.569800	-0.551629	 3.071334	-0.505867	 0.031705	-30.585730	-0.086571	 3.151604	 0.000000	 90.000000	 0.000000	 169.495300	 14.555460	 151.537700	-175.685500	-4.541892	-22.441070
-0.011520	-0.153455	 0.015622	 172.787500	 7.732187	-88.388630	-13.431470	 4.182009	-2.932279	-11.439800	 9.129012	-2.866945	 1.864613	-7.525571	 110.268100	-0.813313	 0.122417	-8.559153	-58.640350	-21.297110	 9.019585	-3.666189	 26.830970	 1.410389	-16.349820	 21.043750	-61.869480	-5.466561	-2.015671	 9.912610	 2.503324	-1.126932	 4.512146	 3.269194	-0.634905	-79.900480	 3.802463	 3.104376	 11.954090	-0.275905	 3.148022	 9.006140	 2.902837	 4.346164	-70.198730	 37.077500	 19.675120	 15.078630	-6.822537	 19.211440	 10.820750	-5.636416	 19.245610	-70.106150	 18.339170	 10.332750	 21.429860	-3.898858	 9.395122	 9.460192	-0.473463	 9.974930	-72.425380	-57.515700	-11.477650	 6.702988	 9.284960	-0.525222	 0.082313	-19.390840	-0.175535	 3.200025	 1.898864	-12.296480	 90.685870	-100.507700	 10.935150	-85.779830	-178.401200	-6.865247	 108.227500	-0.813313	 0.122417	-8.559153	-58.596150	-29.167510	-4.558452	-6.344834	-2.071381	 1.168903	-11.868450	-0.487926	-42.332280	-10.882770	-3.888938	 51.497430	 2.466609	-1.146613	 52.215230	 2.509428	 0.956905	-45.344140	 2.110373	 3.143471	 38.798230	-0.237067	 3.158952	 22.587620	 2.967373	 4.045494	-74.532300	 50.465990	 24.006970	 10.531900	-6.702889	 19.240540	 17.343680	-6.073829	 19.358470	-92.382640	 25.249810	 13.933730	 22.070640	-3.795700	 9.423641	 21.439900	-0.474161	 9.974772	-72.437390	-54.335080	-11.564380	-0.522034	 3.109871	-0.506003	 0.032013	-30.540220	-0.086955	 3.151768	 0.000000	 90.000000	 0.000000	 169.578000	 14.540970	 151.503000	-175.662900	-4.561347	-22.464680
-0.011997	-0.154117	 0.015755	 172.703600	 7.810340	-88.414540	-13.433470	 4.222320	-2.978695	-11.419630	 9.157167	-2.916937	 1.869876	-7.546290	 110.266500	-0.813313	 0.122417	-8.559153	-58.717500	-21.337360	 8.987068	-3.666567	 26.871480	 1.409776	-16.358430	 21.071650	-61.793730	-5.466561	-2.015671	 9.912610	 2.503324	-1.126932	 4.512146	 3.269194	-0.634905	-79.900480	 3.802406	 3.104351	 11.954100	-0.275905	 3.148022	 9.006140	 2.902842	 4.346143	-70.199040	 37.077690	 19.675200	 15.078560	-6.822537	 19.211440	 10.820750	-5.636430	 19.245610	-70.106640	 18.339040	 10.332680	 21.429880	-3.898858	 9.395122	 9.460192	-0.473463	 9.974930	-72.425380	-57.515320	-11.477610	 6.702931	 9.284960	-0.525222	 0.082313	-19.390840	-0.175535	 3.200025	 1.899970	-12.203930	 90.687810	-100.467000	 10.748540	-85.909330	-178.327700	-7.155482	 108.312000	-0.813313	 0.122417	-8.559153	-60.491280	-23.230890	-6.066865	-4.383193	-2.138509	 1.669616	-13.464430	-5.862798	-43.994810	-10.879920	-3.887566	 51.394520	 2.466595	-1.146631	 52.241430	 2.508847	 0.957532	-45.327640	 2.101837	 3.137516	 38.813480	-0.236963	 3.158995	 22.625530	 2.966784	 4.048845	-74.484380	 50.449850	 24.004750	 10.559910	-6.702321	 19.240700	 17.374970	-6.072782	 19.357980	-92.325680	 25.241180	 13.931660	 22.103200	-3.795339	 9.423779	 21.482840	-0.474273	 9.977015	-72.385640	-54.312020	-11.559660	-0.491403	 3.152342	-0.506161	 0.032348	-30.490050	-0.087371	 3.151942	 0.000000	 90.000000	 0.000000	 169.655900	 14.545550	 151.488800	-175.640000	-4.557654	-22.472630
-0.012445	-0.154670	 0.015892	 172.601400	 7.881707	-88.436520	-13.434350	 4.257547	-3.017549	-11.398500	 9.205619	-2.959069	 1.873429	-7.560297	 110.265300	-0.813313	 0.122417	-8.559153	-58.782750	-21.375510	 8.967738	-3.666849	 26.926290	 1.408797	-16.419720	 21.136620	-61.697720	-5.466561	-2.015671	 9.912610	 2.503324	-1.126932	 4.512146	 3.269194	-0.634905	-79.900480	 3.802252	 3.104283	 11.954110	-0.275905	 3.148022	 9.006140	 2.902848	 4.346122	-70.199360	 37.077860	 19.675260	 15.078510	-6.822537	 19.211440	 10.820750	-5.636438	 19.245610	-70.107090	 18.338830	 10.332570	 21.429920	-3.898858	 9.395122	 9.460192	-0.473463	 9.974930	-72.425380	-57.514960	-11.477550	 6.702871	 9.284960	-0.525222	 0.082313	-19.390840	-0.175535	 3.200025	 1.900792	-12.116000	 90.689530	-100.410500	 10.587240	-86.157440	-178.266100	-7.397612	 108.380500	-0.813313	 0.122417	-8.559153	-61.602640	-20.263160	-6.921165	-3.627181	-2.158573	 1.782549	-14.027540	-8.657129	-45.077780	-10.877110	-3.886266	 51.289570	 2.466581	-1.146649	 52.266690	 2.508495	 0.957911	-45.317660	 2.093133	 3.131428	 38.828720	-0.236859	 3.159039	 22.663720	 2.966183	 4.052257	-74.435570	 50.443950	 24.005320	 10.583670	-6.701751	 19.240870	 17.406500	-6.071718	 19.357480	-92.267690	 25.237890	 13.932240	 22.134300	-3.794974	 9.423918	 21.526100	-0.474388	 9.979255	-72.333990	-54.297120	-11.555870	-0.462503	 3.194249	-0.506302	 0.032685	-30.440570	-0.087787	 3.152122	 0.000000	 90.000000	 0.000000	 169.715800	 14.567830	 151.499400	-175.623200	-4.532623	-22.466290
-0.012905	-0.155037	 0.016102	 172.491500	 7.944337	-88.452840	-13.434730	 4.285883	-3.046063	-11.378620	 9.277692	-2.989982	 1.876247	-7.571359	 110.264600	-0.813313	 0.122417	-8.559153	-58.834270	-21.406760	 8.953681	-3.667044	 26.986330	 1.407661	-16.478610	 21.207080	-61.607040	-5.466561	-2.015671	 9.912610	 2.503324	-1.126932	 4.512146	 3.269194	-0.634905	-79.900480	 3.802077	 3.104207	 11.954120	-0.275905	 3.148022	 9.006140	 2.902853	 4.346103	-70.199620	 37.078030	 19.675320	 15.078450	-6.822537	 19.211440	 10.820750	-5.636445	 19.245610	-70.107510	 18.338590	 10.332450	 21.429970	-3.898858	 9.395122	 9.460192	-0.473463	 9.974930	-72.425380	-57.514630	-11.477500	 6.702817	 9.284960	-0.525222	 0.082313	-19.390840	-0.175535	 3.200025	 1.901330	-12.041860	 90.690970	-100.350100	 10.454660	-86.441060	-178.221000	-7.573771	 108.431400	-0.813313	 0.122417	-8.559153	-61.891880	-18.738970	-7.177525	-3.150501	-2.311297	 1.774925	-14.016850	-10.278940	-45.632000	-10.874550	-3.885137	 51.190850	 2.466568	-1.146665	 52.289090	 2.508373	 0.958043	-45.314190	 2.084978	 3.125713	 38.842700	-0.236761	 3.159080	 22.699080	 2.965614	 4.055459	-74.389760	 50.441830	 24.006740	 10.604100	-6.701221	 19.241020	 17.435690	-6.070716	 19.357020	-92.213220	 25.236600	 13.933630	 22.162350	-3.794638	 9.424047	 21.566180	-0.474494	 9.981307	-72.286660	-54.287490	-11.552840	-0.436887	 3.232382	-0.506442	 0.032988	-30.395490	-0.088159	 3.152277	 0.000000	 90.000000	 0.000000	 169.758300	 14.599360	 151.525700	-175.612500	-4.496043	-22.451310
-0.013414	-0.155415	 0.016406	 172.329200	 8.017498	-88.467830	-13.435170	 4.316345	-3.071159	-11.354070	 9.406964	-3.016782	 1.880388	-7.587458	 110.264300	-0.813313	 0.122417	-8.559153	-58.889540	-21.438260	 8.931872	-3.667237	 27.071120	 1.405997	-16.503580	 21.284100	-61.509140	-5.466561	-2.015671	 9.912610	 2.503324	-1.126932	 4.512146	 3.269194	-0.634905	-79.900480	 3.801808	 3.104089	 11.954130	-0.275905	 3.148022	 9.006140	 2.902858	 4.346080	-70.199950	 37.078220	 19.675390	 15.078390	-6.822537	 19.211440	 10.820750	-5.636456	 19.245610	-70.108020	 18.338230	 10.332260	 21.430040	-3.898858	 9.395122	 9.460192	-0.473463	 9.974930	-72.425380	-57.514230	-11.477440	 6.702743	 9.284960	-0.525222	 0.082313	-19.390840	-0.175535	 3.200025	 1.901819	-11.961470	 90.692640	-100.269600	 10.302930	-86.812760	-178.172100	-7.764829	 108.482500	-0.813313	 0.122417	-8.559153	-61.994020	-17.825420	-7.143691	-3.090740	-2.494756	 1.820193	-13.804810	-11.457760	-45.958500	-10.871430	-3.883838	 51.064180	 2.466553	-1.146684	 52.315870	 2.508495	 0.957911	-45.317660	 2.074535	 3.118372	 38.860120	-0.236639	 3.159131	 22.743570	 2.964883	 4.059559	-74.331080	 50.437020	 24.007910	 10.630390	-6.700557	 19.241220	 17.472400	-6.069430	 19.356420	-92.143420	 25.233830	 13.934790	 22.197440	-3.794216	 9.424213	 21.616600	-0.474629	 9.983861	-72.227800	-54.277440	-11.549290	-0.405409	 3.279623	-0.506604	 0.033365	-30.339690	-0.088630	 3.152475	 0.000000	 90.000000	 0.000000	 169.797900	 14.648290	 151.575500	-175.601200	-4.439651	-22.424060
-0.013804	-0.155729	 0.016712	 172.168000	 8.083879	-88.477390	-13.435770	 4.340833	-3.087400	-11.332170	 9.554975	-3.033672	 1.886514	-7.611098	 110.264800	-0.813313	 0.122417	-8.559153	-58.933850	-21.461040	 8.906509	-3.667265	 27.157980	 1.404209	-16.441300	 21.327220	-61.446330	-5.466561	-2.015671	 9.912610	 2.503324	-1.126932	 4.512146	 3.269194	-0.634905	-79.900480	 3.801480	 3.103945	 11.954150	-0.275905	 3.148022	 9.006140	 2.902863	 4.346058	-70.200260	 37.078400	 19.675460	 15.078330	-6.822537	 19.211440	 10.820750	-5.636467	 19.245610	-70.108480	 18.337840	 10.332060	 21.430110	-3.898858	 9.395122	 9.460192	-0.473463	 9.974930	-72.425380	-57.513830	-11.477390	 6.702695	 9.284960	-0.525222	 0.082313	-19.390840	-0.175535	 3.200025	 1.902114	-11.901490	 90.694080	-100.193900	 10.168460	-87.128650	-178.135600	-7.907439	 108.520000	-0.813313	 0.122417	-8.559153	-62.130460	-17.451040	-6.932498	-3.142720	-2.502697	 1.864467	-13.407830	-12.116250	-46.023090	-10.868520	-3.882705	 50.941350	 2.466540	-1.146701	 52.339730	 2.508894	 0.957481	-45.328990	 2.064418	 3.111236	 38.876390	-0.236524	 3.159180	 22.785670	 2.964172	 4.063526	-74.274280	 50.424350	 24.006750	 10.658250	-6.699930	 19.241410	 17.507120	-6.068190	 19.355850	-92.075870	 25.226920	 13.933680	 22.231200	-3.793815	 9.424368	 21.664310	-0.474757	 9.986238	-72.172920	-54.266810	-11.545830	-0.375833	 3.323643	-0.506768	 0.033718	-30.287660	-0.089068	 3.152662	 0.000000	 90.000000	 0.000000	 169.824300	 14.699320	 151.634600	-175.593300	-4.380408	-22.393180
-0.014121	-0.155986	 0.017030	 172.023100	 8.146934	-88.477460	-13.436500	 4.361177	-3.100838	-11.312920	 9.707780	-3.047712	 1.894758	-7.642814	 110.265800	-0.813313	 0.122417	-8.559153	-58.969910	-21.479740	 8.884412	-3.667206	 27.243790	 1.402387	-16.323550	 21.347280	-61.408500	-5.466561	-2.015671	 9.912610	 2.503324	-1.126932	 4.512146	 3.269194	-0.634905	-79.900480	 3.801153	 3.103802	 11.954170	-0.275905	 3.148022	 9.006140	 2.902869	 4.346037	-70.200550	 37.078580	 19.675520	 15.078260	-6.822537	 19.211440	 10.820750	-5.636477	 19.245610	-70.108920	 18.337420	 10.331850	 21.430190	-3.898858	 9.395122	 9.460192	-0.473463	 9.974930	-72.425380	-57.513470	-11.477330	 6.702643	 9.284960	-0.525222	 0.082313	-19.390840	-0.175535	 3.200025	 1.902326	-11.861190	 90.695390	-100.124900	 10.048160	-87.375020	-178.112600	-7.995750	 108.547000	-0.813313	 0.122417	-8.559153	-62.175540	-17.457370	-6.585253	-3.055248	-2.579279	 1.850335	-12.964740	-12.509810	-45.972050	-10.865860	-3.881770	 50.822090	 2.466529	-1.146715	 52.360930	 2.509532	 0.956792	-45.347120	 2.054645	 3.104321	 38.891600	-0.236415	 3.159225	 22.825510	 2.963479	 4.067369	-74.219290	 50.400380	 24.002320	 10.689160	-6.699334	 19.241580	 17.539960	-6.066988	 19.355290	-92.010360	 25.214090	 13.929430	 22.264210	-3.793436	 9.424515	 21.709450	-0.474878	 9.988458	-72.121760	-54.253230	-11.542180	-0.347526	 3.364770	-0.506908	 0.034047	-30.239040	-0.089469	 3.152836	 0.000000	 90.000000	 0.000000	 169.842000	 14.748100	 151.697200	-175.588700	-4.322758	-22.362150
-0.014395	-0.156240	 0.017403	 171.863700	 8.211065	-88.464390	-13.437900	 4.381951	-3.114547	-11.293390	 9.891627	-3.062035	 1.906705	-7.688703	 110.267700	-0.813313	 0.122417	-8.559153	-59.006340	-21.499150	 8.860852	-3.667053	 27.346990	 1.400147	-16.150980	 21.359830	-61.378810	-5.466561	-2.015671	 9.912610	 2.503324	-1.126932	 4.512146	 3.269194	-0.634905	-79.900480	 3.800690	 3.103599	 11.954190	-0.275905	 3.148022	 9.006140	 2.902874	 4.346014	-70.200900	 37.078810	 19.675610	 15.078190	-6.822537	 19.211440	 10.820750	-5.636484	 19.245610	-70.109440	 18.336870	 10.331560	 21.430300	-3.898858	 9.395122	 9.460192	-0.473463	 9.974930	-72.425380	-57.513070	-11.477260	 6.702566	 9.284960	-0.525222	 0.082313	-19.390840	-0.175535	 3.200025	 1.902457	-11.831290	 90.696820	-100.045200	 9.922111	-87.621020	-178.091200	-8.078566	 108.571500	-0.813313	 0.122417	-8.559153	-62.168590	-17.498710	-6.063341	-2.971395	-2.461854	 1.832308	-12.484030	-12.731190	-45.862010	-10.862790	-3.880789	 50.677550	 2.466516	-1.146732	 52.384040	 2.510615	 0.955622	-45.377880	 2.042838	 3.095936	 38.909200	-0.236286	 3.159279	 22.872360	 2.962636	 4.072014	-74.152760	 50.343860	 23.989250	 10.736680	-6.698637	 19.241790	 17.578580	-6.065532	 19.354630	-91.931140	 25.184070	 13.916850	 22.306110	-3.792989	 9.424687	 21.762560	-0.475020	 9.991021	-72.062650	-54.230040	-11.537090	-0.313272	 3.412602	-0.507077	 0.034429	-30.182500	-0.089947	 3.153037	 0.000000	 90.000000	 0.000000	 169.856100	 14.802050	 151.775100	-175.587600	-4.256986	-22.326380
-0.014560	-0.156413	 0.017704	 171.737500	 8.250939	-88.447530	-13.440000	 4.397970	-3.125080	-11.279930	 10.049690	-3.073005	 1.918772	-7.735003	 110.269700	-0.813313	 0.122417	-8.559153	-59.034480	-21.514890	 8.842149	-3.666752	 27.439080	 1.398067	-15.997630	 21.372700	-61.356020	-5.466561	-2.015671	 9.912610	 2.503324	-1.126932	 4.512146	 3.269194	-0.634905	-79.900480	 3.800247	 3.103406	 11.954220	-0.275905	 3.148022	 9.006140	 2.902881	 4.345994	-70.201200	 37.078970	 19.675670	 15.078130	-6.822537	 19.211440	 10.820750	-5.636498	 19.245610	-70.109900	 18.336350	 10.331290	 21.430400	-3.898858	 9.395122	 9.460192	-0.473463	 9.974930	-72.425380	-57.512690	-11.477210	 6.702519	 9.284960	-0.525222	 0.082313	-19.390840	-0.175535	 3.200025	 1.902432	-11.816140	 90.697980	-99.974940	 9.834878	-87.807640	-178.074100	-8.144803	 108.588600	-0.813313	 0.122417	-8.559153	-62.135800	-17.452280	-5.554103	-2.925806	-2.333802	 1.827901	-12.188520	-12.934810	-45.823020	-10.860140	-3.880062	 50.544390	 2.466506	-1.146745	 52.402920	 2.511895	 0.954237	-45.414290	 2.031988	 3.088201	 38.924630	-0.236172	 3.159328	 22.914120	 2.961857	 4.076283	-74.091630	 50.265260	 23.969730	 10.790130	-6.698013	 19.241970	 17.612990	-6.064194	 19.354010	-91.858330	 25.142460	 13.898100	 22.346540	-3.792592	 9.424843	 21.809900	-0.475147	 9.993259	-72.011000	-54.200350	-11.531550	-0.281408	 3.454764	-0.507227	 0.034766	-30.132620	-0.090354	 3.153220	 0.000000	 90.000000	 0.000000	 169.864700	 14.843590	 151.845200	-175.591100	-4.203515	-22.297600
-0.014656	-0.156535	 0.017973	 171.636600	 8.278401	-88.430920	-13.443160	 4.411760	-3.134140	-11.271250	 10.193370	-3.082333	 1.931595	-7.784154	 110.272000	-0.813313	 0.122417	-8.559153	-59.059290	-21.529710	 8.825727	-3.666384	 27.529360	 1.395982	-15.872990	 21.397500	-61.328230	-5.466561	-2.015671	 9.912610	 2.503324	-1.126932	 4.512146	 3.269194	-0.634905	-79.900480	 3.799764	 3.103194	 11.954240	-0.275905	 3.148022	 9.006140	 2.902885	 4.345974	-70.201490	 37.079160	 19.675740	 15.078060	-6.822537	 19.211440	 10.820750	-5.636504	 19.245610	-70.110360	 18.335770	 10.330990	 21.430510	-3.898858	 9.395122	 9.460192	-0.473463	 9.974930	-72.425380	-57.512340	-11.477150	 6.702449	 9.284960	-0.525222	 0.082313	-19.390840	-0.175535	 3.200025	 1.902292	-11.808030	 90.699010	-99.905150	 9.774467	-87.970210	-178.061100	-8.195075	 108.602200	-0.813313	 0.122417	-8.559153	-62.084740	-17.471500	-5.057826	-2.882006	-2.178988	 1.818880	-11.984620	-13.004260	-45.752710	-10.857590	-3.879489	 50.407210	 2.466496	-1.146757	 52.419980	 2.513481	 0.952518	-45.459450	 2.020837	 3.080223	 38.939720	-0.236058	 3.159376	 22.955740	 2.961051	 4.080670	-74.028790	 50.173420	 23.946400	 10.848440	-6.697393	 19.242160	 17.647280	-6.062812	 19.353380	-91.783460	 25.093860	 13.875710	 22.387890	-3.792196	 9.424996	 21.857090	-0.475274	 9.995445	-71.960570	-54.161590	-11.524990	-0.248284	 3.496406	-0.507374	 0.035095	-30.083360	-0.090770	 3.153389	 0.000000	 90.000000	 0.000000	 169.871400	 14.875800	 151.912700	-175.598800	-4.157894	-22.260340
-0.014683	-0.156604	 0.018248	 171.559800	 8.299341	-88.418060	-13.446920	 4.425876	-3.143439	-11.265380	 10.331210	-3.091604	 1.947596	-7.845453	 110.275000	-0.813313	 0.122417	-8.559153	-59.086310	-21.547430	 8.808899	-3.665827	 27.634920	 1.393457	-15.783340	 21.452240	-61.280320	-5.466561	-2.015671	 9.912610	 2.503324	-1.126932	 4.512146	 3.269194	-0.634905	-79.900480	 3.799148	 3.102924	 11.954290	-0.275905	 3.148022	 9.006140	 2.902891	 4.345947	-70.201860	 37.079370	 19.675820	 15.077990	-6.822537	 19.211440	 10.820750	-5.636516	 19.245610	-70.110910	 18.335010	 10.330590	 21.430650	-3.898858	 9.395122	 9.460192	-0.473463	 9.974930	-72.425380	-57.511890	-11.477090	 6.702384	 9.284960	-0.525222	 0.082313	-19.390840	-0.175535	 3.200025	 1.901889	-11.802790	 90.700090	-99.819800	 9.721699	-88.148960	-178.048800	-8.242449	 108.615900	-0.813313	 0.122417	-8.559153	-62.019650	-17.549760	-4.536349	-2.831253	-2.006559	 1.804391	-11.784380	-13.019070	-45.525310	-10.854570	-3.878975	 50.233440	 2.466486	-1.146770	 52.438260	 2.515858	 0.949938	-45.527130	 2.006760	 3.070109	 38.957700	-0.235919	 3.159435	 23.006430	 2.960025	 4.086212	-73.949380	 50.060190	 23.917430	 10.919280	-6.696640	 19.242380	 17.689000	-6.061067	 19.352590	-91.688840	 25.034000	 13.847980	 22.437390	-3.791714	 9.425185	 21.914540	-0.475424	 9.998038	-71.900750	-54.105350	-11.515990	-0.206701	 3.546628	-0.507548	 0.035499	-30.023930	-0.091266	 3.153603	 0.000000	 90.000000	 0.000000	 169.879100	 14.898400	 151.987700	-175.613800	-4.116367	-22.180820
-0.014643	-0.156594	 0.018450	 171.538400	 8.310410	-88.417970	-13.447730	 4.435781	-3.150091	-11.260630	 10.409870	-3.097874	 1.961219	-7.897593	 110.277700	-0.813313	 0.122417	-8.559153	-59.107690	-21.563220	 8.797333	-3.665175	 27.720570	 1.391322	-15.744700	 21.512590	-61.232680	-5.466561	-2.015671	 9.912610	 2.503324	-1.126932	 4.512146	 3.269194	-0.634905	-79.900480	 3.798550	 3.102663	 11.954320	-0.275905	 3.148022	 9.006140	 2.902897	 4.345925	-70.202190	 37.079560	 19.675890	 15.077930	-6.822537	 19.211440	 10.820750	-5.636526	 19.245610	-70.111400	 18.334320	 10.330240	 21.430790	-3.898858	 9.395122	 9.460192	-0.473463	 9.974930	-72.425380	-57.511510	-11.477020	 6.702329	 9.284960	-0.525222	 0.082313	-19.390840	-0.175535	 3.200025	 1.901292	-11.798250	 90.700850	-99.745060	 9.681724	-88.297160	-178.039600	-8.277527	 108.626900	-0.813313	 0.122417	-8.559153	-61.981030	-17.637980	-4.219049	-2.789880	-1.917912	 1.790926	-11.502660	-13.077100	-45.238310	-10.852080	-3.878738	 50.076300	 2.466478	-1.146780	 52.451670	 2.518339	 0.947238	-45.597910	 1.809919	 2.941331	 39.655060	-0.232503	 3.160932	 24.260160	 2.940553	 4.184314	-72.540110	 49.274690	 23.774750	 12.083420	-6.676680	 19.248540	 18.796240	-6.031502	 19.339660	-90.096820	 24.637700	 13.713150	 23.506440	-3.781681	 9.429243	 23.116150	-0.479787	 10.058910	-70.494910	-54.050590	-11.507480	-0.169927	 3.589767	-0.507704	 0.035842	-29.972880	-0.091689	 3.153788	 0.000000	 90.000000	 0.000000	 169.885200	 14.900410	 152.065800	-175.631600	-4.093269	-22.086190
-0.014553	-0.156527	 0.018623	 171.547500	 8.315804	-88.421840	-13.446190	 4.443518	-3.155408	-11.255870	 10.458210	-3.102576	 1.973720	-7.945413	 110.280300	-0.813313	 0.122417	-8.559153	-59.127560	-21.579600	 8.788964	-3.664382	 27.796840	 1.389305	-15.722290	 21.572730	-61.188490	-5.466561	-2.015671	 9.912610	 2.503324	-1.126932	 4.512146	 3.269194	-0.634905	-79.900480	 3.797935	 3.102393	 11.954360	-0.275905	 3.148022	 9.006140	 2.902903	 4.345902	-70.202510	 37.079750	 19.675960	 15.077860	-6.822537	 19.211440	 10.820750	-5.636535	 19.245620	-70.111890	 18.333590	 10.329860	 21.430920	-3.898858	 9.395122	 9.460192	-0.473463	 9.974930	-72.425380	-57.511120	-11.476970	 6.702264	 9.284960	-0.525222	 0.082313	-19.390840	-0.175535	 3.200025	 1.900456	-11.790200	 90.701390	-99.671330	 9.636666	-88.444420	-178.031100	-8.312042	 108.627800	-0.813313	 0.122417	-8.559153	-61.978760	-17.717260	-4.086710	-2.752396	-1.927873	 1.778900	-11.091710	-13.234320	-44.932430	-10.849770	-3.878707	 49.916900	 2.466472	-1.146787	 52.462360	 2.521158	 0.944163	-45.678430	 1.791178	 2.928587	 39.711570	-0.232219	 3.161061	 24.364720	 2.938663	 4.193209	-72.411980	 49.185810	 23.754960	 12.186090	-6.674992	 19.249080	 18.890180	-6.028702	 19.338480	-89.946860	 24.590930	 13.694730	 23.603880	-3.780810	 9.429605	 23.221020	-0.480244	 10.064300	-70.370480	-53.993630	-11.498780	-0.133844	 3.631381	-0.507850	 0.036176	-29.923600	-0.092100	 3.153971	 0.000000	 90.000000	 0.000000	 169.889200	 14.887850	 152.172700	-175.652000	-4.079118	-21.975070
-0.014374	-0.156406	 0.018800	 171.594600	 8.321635	-88.421460	-13.441580	 4.450085	-3.160143	-11.249870	 10.488470	-3.106365	 1.986285	-7.993436	 110.282900	-0.813313	 0.122417	-8.559153	-59.149620	-21.600010	 8.783216	-3.663332	 27.872030	 1.387174	-15.706240	 21.636300	-61.145440	-5.466561	-2.015671	 9.912610	 2.503324	-1.126932	 4.512146	 3.269194	-0.634905	-79.900480	 3.797202	 3.102072	 11.954400	-0.275905	 3.148022	 9.006140	 2.902909	 4.345878	-70.202870	 37.079980	 19.676040	 15.077780	-6.822537	 19.211440	 10.820750	-5.636546	 19.245610	-70.112430	 18.332720	 10.329410	 21.431090	-3.898858	 9.395122	 9.460192	-0.473463	 9.974930	-72.425380	-57.510670	-11.476900	 6.702194	 9.284960	-0.525222	 0.082313	-19.390840	-0.175535	 3.200025	 1.899136	-11.772460	 90.701740	-99.586810	 9.565281	-88.624570	-178.033700	-8.307302	 108.604500	-0.813313	 0.122417	-8.559153	-62.014240	-17.790530	-4.126038	-2.713459	-2.163292	 1.770020	-10.643870	-13.640950	-44.199960	-10.911510	-3.938375	 49.724150	 2.466750	-1.146435	 51.963030	 2.524850	 0.940120	-45.784110	-4.182679	-3.369301	 65.399090	-0.140955	 3.262275	 71.521440	 0.717872	 7.002774	-20.080150	 30.928020	 13.992270	 51.915210	-6.084793	 19.704110	 59.964500	-4.862365	 19.455560	-29.935310	 15.053710	 6.655558	 61.892720	-3.507729	 9.697748	 66.983570	-1.643907	 11.947460	-17.612550	-53.926980	-11.488690	-0.093213	 3.677847	-0.508015	 0.036548	-29.868530	-0.092563	 3.154170	 0.000000	 90.000000	 0.000000	 169.893000	 14.858830	 152.318600	-175.677800	-4.071788	-21.825540
-0.014163	-0.156251	 0.018941	 171.660300	 8.324284	-88.417690	-13.435050	 4.453951	-3.163207	-11.243860	 10.501560	-3.108426	 1.993189	-8.019777	 110.284600	-0.813313	 0.122417	-8.559153	-59.168940	-21.619690	 8.781685	-3.662312	 27.926890	 1.385477	-15.706820	 21.689660	-61.112900	-5.466561	-2.015671	 9.912610	 2.503324	-1.126932	 4.512146	 3.269194	-0.634905	-79.900480	 3.796527	 3.101777	 11.954430	-0.275905	 3.148022	 9.006140	 2.902915	 4.345858	-70.203190	 37.080180	 19.676110	 15.077720	-6.822537	 19.211440	 10.820750	-5.636555	 19.245610	-70.112900	 18.331940	 10.329010	 21.431240	-3.898858	 9.395122	 9.460192	-0.473463	 9.974930	-72.425380	-57.510300	-11.476850	 6.702131	 9.284960	-0.525222	 0.082313	-19.390840	-0.175535	 3.200025	 1.897654	-11.746350	 90.701830	-99.513360	 9.475622	-88.799080	-178.048900	-8.253474	 108.568800	-0.813313	 0.122417	-8.559153	-62.062190	-17.852000	-4.238322	-2.684646	-2.503874	 1.766207	-10.386270	-14.096020	-43.315830	-11.033080	-4.046828	 50.110940	 2.466532	-1.146711	 52.355290	 2.508502	 0.957904	-45.317850	-4.750332	-4.493213	 69.773620	-0.135924	 3.280774	 77.976710	 0.246240	 7.192352	-12.908800	 29.831960	 12.240110	 58.152390	-6.024210	 19.817860	 67.097280	-4.731058	 19.560480	-21.518100	 14.404620	 5.402452	 68.272320	-3.485100	 9.760810	 74.509740	-1.921838	 12.096760	-10.409560	-53.869720	-11.480040	-0.058910	 3.717138	-0.508155	 0.036863	-29.821970	-0.092953	 3.154338	 0.000000	 90.000000	 0.000000	 169.897000	 14.823410	 152.455300	-175.701500	-4.071917	-21.675500
-0.013905	-0.156049	 0.019057	 171.746400	 8.320368	-88.412190	-13.425980	 4.455112	-3.165416	-11.236820	 10.505920	-3.109518	 1.995669	-8.029151	 110.285600	-0.813313	 0.122417	-8.559153	-59.182660	-21.638750	 8.786875	-3.661221	 27.975080	 1.383865	-15.718700	 21.743240	-61.085160	-5.466561	-2.015671	 9.912610	 2.503324	-1.126932	 4.512146	 3.269194	-0.634905	-79.900480	 3.795814	 3.101465	 11.954470	-0.275905	 3.148022	 9.006140	 2.902920	 4.345835	-70.203510	 37.080370	 19.676180	 15.077660	-6.822537	 19.211440	 10.820750	-5.636564	 19.245620	-70.113390	 18.331110	 10.328580	 21.431400	-3.898858	 9.395122	 9.460192	-0.473463	 9.974930	-72.425380	-57.509910	-11.476790	 6.702066	 9.284960	-0.525222	 0.082313	-19.390840	-0.175535	 3.200025	 1.895787	-11.705840	 90.701670	-99.437480	 9.358238	-89.011150	-178.076000	-8.152708	 108.523200	-0.813313	 0.122417	-8.559153	-62.139530	-17.911510	-4.416736	-2.661968	-2.877258	 1.764647	-10.661860	-14.454400	-42.067620	-11.385150	-4.364594	 52.244440	 2.464967	-1.148815	 55.275950	 2.425233	 1.044189	-43.003160	-5.288674	-5.594601	 73.019630	-0.133038	 3.299420	 84.330830	-0.177561	 7.307900	-6.714572	 28.836810	 10.531560	 62.876750	-5.988935	 19.907160	 72.439260	-4.618989	 19.680400	-13.224880	 13.823350	 4.163084	 73.043900	-3.473785	 9.809470	 80.125680	-2.212070	 12.209270	-3.316846	-53.813480	-11.471500	-0.025179	 3.756130	-0.508288	 0.037173	-29.775740	-0.093334	 3.154506	 0.000000	 90.000000	 0.000000	 169.902900	 14.779680	 152.595100	-175.726400	-4.077219	-21.509040
-0.013539	-0.155768	 0.019165	 171.876400	 8.307831	-88.405360	-13.411320	 4.450713	-3.167043	-11.227080	 10.495360	-3.109526	 1.996431	-8.031949	 110.286300	-0.813313	 0.122417	-8.559153	-59.179230	-21.655120	 8.809421	-3.659646	 28.025230	 1.381967	-15.745830	 21.808300	-61.058440	-5.466561	-2.015671	 9.912610	 2.503324	-1.126932	 4.512146	 3.269194	-0.634905	-79.900480	 3.794889	 3.101060	 11.954520	-0.275905	 3.148022	 9.006140	 2.902928	 4.345808	-70.203920	 37.080600	 19.676270	 15.077580	-6.822537	 19.211440	 10.820750	-5.636580	 19.245620	-70.113990	 18.330040	 10.328020	 21.431600	-3.898858	 9.395122	 9.460192	-0.473463	 9.974930	-72.425380	-57.509420	-11.476710	 6.701999	 9.284960	-0.525222	 0.082313	-19.390840	-0.175535	 3.200025	 1.892967	-11.635440	 90.701230	-99.341230	 9.190939	-89.333500	-178.117300	-7.996323	 108.462500	-0.813313	 0.122417	-8.559153	-62.293520	-17.979190	-4.715876	-2.643490	-3.451733	 1.768565	-11.920290	-14.846170	-39.918330	-12.070460	-5.059745	 56.964750	 2.461821	-1.153874	 61.917390	 2.231035	 1.221048	-37.931070	-5.735081	-6.721320	 76.530300	-0.132239	 3.318495	 90.760240	-0.428290	 7.353879	-3.121908	 28.054020	 8.748451	 67.869760	-5.960888	 20.006780	 78.222070	-4.525422	 19.815960	-4.827137	 13.395640	 2.897521	 78.169270	-3.467045	 9.863105	 86.206910	-2.518028	 12.286560	 3.862770	-53.748710	-11.461540	 0.014587	 3.803183	-0.508452	 0.037551	-29.719910	-0.093800	 3.154707	 0.000000	 90.000000	 0.000000	 169.914500	 14.717370	 152.756900	-175.757600	-4.089742	-21.290840
-0.013235	-0.155502	 0.019205	 171.968900	 8.284939	-88.397380	-13.397000	 4.443172	-3.167536	-11.218620	 10.475780	-3.108595	 1.996279	-8.031302	 110.286500	-0.813313	 0.122417	-8.559153	-59.162060	-21.663340	 8.839581	-3.658364	 28.058010	 1.380580	-15.774430	 21.857770	-61.042770	-5.466561	-2.015671	 9.912610	 2.503324	-1.126932	 4.512146	 3.269194	-0.634905	-79.900480	 3.794137	 3.100731	 11.954570	-0.275905	 3.148022	 9.006140	 2.902934	 4.345785	-70.204250	 37.080810	 19.676340	 15.077510	-6.822537	 19.211440	 10.820750	-5.636588	 19.245620	-70.114470	 18.329150	 10.327570	 21.431780	-3.898858	 9.395122	 9.460192	-0.473463	 9.974930	-72.425380	-57.509040	-11.476660	 6.701933	 9.284960	-0.525222	 0.082313	-19.390840	-0.175535	 3.200025	 1.890409	-11.566970	 90.700760	-99.265830	 9.042161	-89.617720	-178.132100	-7.949119	 108.403000	-0.813313	 0.122417	-8.559153	-62.473430	-18.025770	-5.002122	-2.637904	-3.951393	 1.776266	-12.919340	-15.210670	-38.529620	-12.927800	-6.097233	 62.695770	 2.458812	-1.160477	 70.009190	 1.972629	 1.413483	-31.707700	-5.973349	-7.433164	 78.744460	-0.132840	 3.330537	 94.819570	-0.457209	 7.358153	-2.709994	 27.660750	 7.614114	 70.984260	-5.948733	 20.070850	 81.874990	-4.477557	 19.907620	 0.478597	 13.198170	 2.103072	 81.391980	-3.465775	 9.897213	 90.046880	-2.715401	 12.315850	 8.396787	-53.703480	-11.454440	 0.043834	 3.839061	-0.508576	 0.037840	-29.677330	-0.094157	 3.154862	 0.000000	 90.000000	 0.000000	 169.923800	 14.663290	 152.889500	-175.781900	-4.103220	-21.116350
-0.012917	-0.155177	 0.019216	 172.053800	 8.256594	-88.386390	-13.379780	 4.432093	-3.167379	-11.209270	 10.446630	-3.106887	 1.994261	-8.023548	 110.286300	-0.813313	 0.122417	-8.559153	-59.132840	-21.668410	 8.881474	-3.656912	 28.086010	 1.379212	-15.807790	 21.906210	-61.031960	-5.466561	-2.015671	 9.912610	 2.503324	-1.126932	 4.512146	 3.269194	-0.634905	-79.900480	 3.793348	 3.100385	 11.954610	-0.275905	 3.148022	 9.006140	 2.902939	 4.345762	-70.204570	 37.081020	 19.676420	 15.077430	-6.822537	 19.211440	 10.820750	-5.636598	 19.245620	-70.114970	 18.328250	 10.327100	 21.431950	-3.898858	 9.395122	 9.460192	-0.473463	 9.974930	-72.425380	-57.508640	-11.476600	 6.701876	 9.284960	-0.525222	 0.082313	-19.390840	-0.175535	 3.200025	 1.887488	-11.487620	 90.700140	-99.191000	 8.874565	-89.921260	-178.136100	-7.952172	 108.319200	-0.813313	 0.122417	-8.559153	-62.722320	-18.065200	-5.331652	-2.641536	-4.468353	 1.788344	-13.580620	-15.607920	-37.991530	-13.432900	-6.818522	 66.357770	 2.457383	-1.164911	 75.200270	 1.796642	 1.521614	-27.718680	-6.142164	-8.010787	 80.544510	-0.133958	 3.340280	 98.121190	-0.378439	 7.346020	-3.833044	 27.398100	 6.691689	 73.497980	-5.942070	 20.123420	 84.847110	-4.445391	 19.984980	 4.796171	 13.078670	 1.463386	 84.006660	-3.466457	 9.924968	 93.170340	-2.877293	 12.328370	 12.084770	-53.310920	-11.377440	 0.455669	 4.390214	-0.510472	 0.042264	-28.613000	-0.102973	 3.158827	 0.000000	 90.000000	 0.000000	 169.929400	 14.604270	 153.050300	-175.806000	-4.119384	-20.941570
-0.012511	-0.154649	 0.019177	 172.145700	 8.207506	-88.373140	-13.355670	 4.414543	-3.166394	-11.196880	 10.399930	-3.103885	 1.989449	-8.004996	 110.286000	-0.813313	 0.122417	-8.559153	-59.083020	-21.671200	 8.947577	-3.655058	 28.113610	 1.377632	-15.851040	 21.961880	-61.026580	-5.466561	-2.015671	 9.912610	 2.503324	-1.126932	 4.512146	 3.269194	-0.634905	-79.900480	 3.792344	 3.099947	 11.954670	-0.275905	 3.148022	 9.006140	 2.902946	 4.345735	-70.204970	 37.081250	 19.676510	 15.077360	-6.822537	 19.211440	 10.820750	-5.636612	 19.245620	-70.115580	 18.327100	 10.326510	 21.432170	-3.898858	 9.395122	 9.460192	-0.473463	 9.974930	-72.425380	-57.508140	-11.476520	 6.701787	 9.284960	-0.525222	 0.082313	-19.390840	-0.175535	 3.200025	 1.883616	-11.381150	 90.699240	-99.104930	 8.648391	-90.290850	-178.129700	-8.007509	 108.198400	-0.813313	 0.122417	-8.559153	-63.167480	-18.138140	-5.789140	-2.656332	-5.083748	 1.807120	-14.232420	-16.057790	-37.984380	-13.712150	-7.244203	 68.129230	 2.456831	-1.167131	 77.749640	 1.707850	 1.570018	-25.765830	-6.274751	-8.528053	 82.162390	-0.135440	 3.348971	 101.089000	-0.196769	 7.311998	-6.437798	 27.205390	 5.865473	 75.744140	-5.938565	 20.170890	 87.519570	-4.421828	 20.056290	 8.678961	 13.002420	 0.895560	 86.352800	-3.468378	 9.949850	 95.978230	-3.023260	 12.330920	 15.400040	-52.235120	-11.147820	 1.621482	 5.944324	-0.515580	 0.054838	-25.580550	-0.127686	 3.171026	 0.000000	 90.000000	 0.000000	 169.931600	 14.529580	 153.273100	-175.832300	-4.140645	-20.696070
-0.012174	-0.154071	 0.019096	 172.210800	 8.147651	-88.366220	-13.334680	 4.397783	-3.165059	-11.186220	 10.354940	-3.100845	 1.983935	-7.983531	 110.286600	-0.813313	 0.122417	-8.559153	-59.033520	-21.671680	 9.012049	-3.653519	 28.131170	 1.376429	-15.885080	 22.003180	-61.028970	-5.466561	-2.015671	 9.912610	 2.503324	-1.126932	 4.512146	 3.269194	-0.634905	-79.900480	 3.791536	 3.099593	 11.954720	-0.275905	 3.148022	 9.006140	 2.902951	 4.345713	-70.205280	 37.081460	 19.676590	 15.077290	-6.822537	 19.211440	 10.820750	-5.636621	 19.245620	-70.116070	 18.326160	 10.326020	 21.432350	-3.898858	 9.395122	 9.460192	-0.473463	 9.974930	-72.425380	-57.507760	-11.476460	 6.701725	 9.284960	-0.525222	 0.082313	-19.390840	-0.175535	 3.200025	 1.880283	-11.290930	 90.698410	-99.042010	 8.450480	-90.570570	-178.118700	-8.078081	 108.097200	-0.813313	 0.122417	-8.559153	-63.658890	-18.252180	-6.195633	-2.672203	-5.558799	 1.822962	-14.724090	-16.389290	-38.099410	-13.885480	-7.529410	 69.385990	 2.456500	-1.168709	 79.545560	 1.644113	 1.602396	-24.385330	-6.338914	-8.806802	 83.037520	-0.136430	 3.353637	 102.694400	-0.032952	 7.273948	-8.808094	 27.118160	 5.420586	 76.954260	-5.937649	 20.196620	 88.965510	-4.411239	 20.095450	 10.779980	 12.973350	 0.591912	 87.620390	-3.469935	 9.963264	 97.497130	-3.102206	 12.328860	 17.193280	-51.052460	-10.867000	 2.922683	 7.678039	-0.520882	 0.069022	-22.187780	-0.154523	 3.186198	 0.000000	 90.000000	 0.000000	 169.930400	 14.469720	 153.465900	-175.849000	-4.157499	-20.446790
-0.011825	-0.153349	 0.018964	 172.272400	 8.070291	-88.360570	-13.309930	 4.376978	-3.163076	-11.173710	 10.298890	-3.096939	 1.976325	-7.953770	 110.288100	-0.813313	 0.122417	-8.559153	-58.970750	-21.671430	 9.094640	-3.651732	 28.146530	 1.375135	-15.919300	 22.044780	-61.038950	-5.466561	-2.015671	 9.912610	 2.503324	-1.126932	 4.512146	 3.269194	-0.634905	-79.900480	 3.790610	 3.099188	 11.954770	-0.275905	 3.148022	 9.006140	 2.902958	 4.345687	-70.205670	 37.081680	 19.676670	 15.077210	-6.822537	 19.211440	 10.820750	-5.636632	 19.245620	-70.116590	 18.325080	 10.325470	 21.432550	-3.898858	 9.395122	 9.460192	-0.473463	 9.974930	-72.425380	-57.507350	-11.476400	 6.701656	 9.284960	-0.525222	 0.082313	-19.390840	-0.175535	 3.200025	 1.876403	-11.189250	 90.697410	-98.967810	 8.221826	-90.892360	-178.105800	-8.168381	 107.951500	-0.813313	 0.122417	-8.559153	-64.295360	-18.395260	-6.717593	-2.692630	-6.070256	 1.841017	-15.423350	-16.655060	-38.512180	-13.937380	-7.614638	 69.716160	 2.456421	-1.169129	 80.021820	 1.627041	 1.610742	-24.018370	-6.378134	-8.989238	 83.611830	-0.137150	 3.356682	 103.747800	 0.116706	 7.232893	-10.995490	 27.067340	 5.129644	 77.746540	-5.937425	 20.213510	 89.914390	-4.405122	 20.121320	 12.158880	 12.958870	 0.394153	 88.451600	-3.471149	 9.972040	 98.493810	-3.153958	 12.326200	 18.369960	-44.491740	-8.683567	 10.723120	 17.510500	-0.542649	 0.151987	-2.413202	-0.289326	 3.303665	 0.000000	 90.000000	 0.000000	 169.926500	 14.405830	 153.686100	-175.863500	-4.175167	-20.151870
-0.011518	-0.152547	 0.018787	 172.327500	 7.986762	-88.357380	-13.281600	 4.352404	-3.160451	-11.159380	 10.232400	-3.092218	 1.966518	-7.915303	 110.290500	-0.813313	 0.122417	-8.559153	-58.895520	-21.671310	 9.196545	-3.649797	 28.159250	 1.373821	-15.949350	 22.084430	-61.058780	-5.466561	-2.015671	 9.912610	 2.503324	-1.126932	 4.512146	 3.269194	-0.634905	-79.900480	 3.789608	 3.098749	 11.954830	-0.275905	 3.148022	 9.006140	 2.902965	 4.345661	-70.206030	 37.081920	 19.676760	 15.077130	-6.822537	 19.211440	 10.820750	-5.636643	 19.245620	-70.117190	 18.323930	 10.324870	 21.432780	-3.898858	 9.395122	 9.460192	-0.473463	 9.974930	-72.425380	-57.506870	-11.476330	 6.701588	 9.284960	-0.525222	 0.082313	-19.390840	-0.175535	 3.200025	 1.872083	-11.080270	 90.696270	-98.865390	 7.973481	-91.309330	-178.094600	-8.263152	 107.762100	-0.813313	 0.122417	-8.559153	-65.038190	-18.517450	-7.413052	-2.716621	-6.646988	 1.861763	-16.347870	-16.904860	-39.025800	-13.995770	-7.714305	 70.135540	 2.456326	-1.169658	 80.620940	 1.605509	 1.621078	-23.557150	-6.391985	-9.056226	 83.823030	-0.137429	 3.357799	 104.135200	 0.188533	 7.210995	-12.053940	 27.049940	 5.022870	 78.037610	-5.937415	 20.219720	 90.263400	-4.403039	 20.130870	 12.666060	 12.954460	 0.321749	 88.757240	-3.471636	 9.975265	 98.860390	-3.172972	 12.324950	 18.802690	-39.002400	-5.935300	 17.813440	 26.308770	-0.549849	 0.228419	 14.899860	-0.368614	 3.438863	 0.000000	 90.000000	 0.000000	 169.920000	 14.341900	 153.924400	-175.875100	-4.192282	-19.850200
-0.011300	-0.151723	 0.018597	 172.370100	 7.907183	-88.358400	-13.252960	 4.327238	-3.157538	-11.144840	 10.164120	-3.087311	 1.954931	-7.869833	 110.293400	-0.813313	 0.122417	-8.559153	-58.812430	-21.671670	 9.313672	-3.647859	 28.168560	 1.372573	-15.968780	 22.116950	-61.087050	-5.466561	-2.015671	 9.912610	 2.503324	-1.126932	 4.512146	 3.269194	-0.634905	-79.900480	 3.788625	 3.098319	 11.954890	-0.275905	 3.148022	 9.006140	 2.902971	 4.345634	-70.206420	 37.082160	 19.676850	 15.077050	-6.822537	 19.211440	 10.820750	-5.636656	 19.245620	-70.117740	 18.322800	 10.324280	 21.432990	-3.898858	 9.395122	 9.460192	-0.473463	 9.974930	-72.425380	-57.506420	-11.476260	 6.701519	 9.284960	-0.525222	 0.082313	-19.390840	-0.175535	 3.200025	 1.867633	-10.966030	 90.695030	-98.749990	 7.732456	-91.757120	-178.089700	-8.334825	 107.563700	-0.813313	 0.122417	-8.559153	-65.763760	-18.606900	-8.143866	-2.740441	-7.222252	 1.882533	-17.388080	-17.099700	-39.618300	-13.981950	-7.690495	 70.034490	 2.456349	-1.169528	 80.474530	 1.610715	 1.618598	-23.668500	-6.382676	-9.011023	 83.680440	-0.137240	 3.357046	 103.873700	 0.188712	 7.210938	-12.056590	 27.061620	 5.094944	 77.841160	-5.937418	 20.215520	 90.027810	-4.404436	 20.124420	 12.323690	 12.957390	 0.370610	 88.550960	-3.471305	 9.973089	 98.612930	-3.160136	 12.325810	 18.510560	-36.127590	-3.923079	 22.382050	 31.577860	-0.548524	 0.274404	 25.623640	-0.396037	 3.532223	 0.000000	 90.000000	 0.000000	 169.912100	 14.287530	 154.146700	-175.876200	-4.207326	-19.555780
-0.011165	-0.150862	 0.018387	 172.392500	 7.824771	-88.358930	-13.225430	 4.303174	-3.154605	-11.130790	 10.098610	-3.082564	 1.941809	-7.818402	 110.296500	-0.813313	 0.122417	-8.559153	-58.722370	-21.671900	 9.444405	-3.646052	 28.175350	 1.371447	-15.976510	 22.141770	-61.121320	-5.466561	-2.015671	 9.912610	 2.503324	-1.126932	 4.512146	 3.269194	-0.634905	-79.900480	 3.787719	 3.097923	 11.954940	-0.275905	 3.148022	 9.006140	 2.902977	 4.345612	-70.206750	 37.082370	 19.676920	 15.076980	-6.822537	 19.211440	 10.820750	-5.636668	 19.245620	-70.118250	 18.321770	 10.323750	 21.433190	-3.898858	 9.395122	 9.460192	-0.473463	 9.974930	-72.425380	-57.506010	-11.476200	 6.701450	 9.284960	-0.525222	 0.082313	-19.390840	-0.175535	 3.200025	 1.863187	-10.841990	 90.693730	-98.633170	 7.507983	-92.192320	-178.095900	-8.371530	 107.318900	-0.813313	 0.122417	-8.559153	-66.407090	-18.670150	-8.816133	-2.762217	-7.766850	 1.902063	-18.486430	-17.229030	-40.251010	-13.996220	-7.714923	 70.135880	 2.456327	-1.169657	 80.619850	 1.605499	 1.621083	-23.556930	-6.356695	-8.888250	 83.293750	-0.136744	 3.354997	 103.164400	 0.188712	 7.210938	-12.056590	 27.094850	 5.290665	 77.307930	-5.937512	 20.204150	 89.388850	-4.408427	 20.106970	 11.395200	 12.966440	 0.503525	 87.991310	-3.470459	 9.967182	 97.941850	-3.125301	 12.327800	 17.718250	-34.590190	-2.717904	 24.822320	 34.680650	-0.545769	 0.301360	 31.753190	-0.403731	 3.587362	 0.000000	 90.000000	 0.000000	 169.903700	 14.245390	 154.339700	-175.863800	-4.218621	-19.244420
-0.011088	-0.149706	 0.018099	 172.398300	 7.717913	-88.359950	-13.190930	 4.273527	-3.150830	-11.113050	 10.017630	-3.076663	 1.923275	-7.745810	 110.300700	-0.813313	 0.122417	-8.559153	-58.598060	-21.671980	 9.628601	-3.643864	 28.182150	 1.370119	-15.973650	 22.166310	-61.172290	-5.466561	-2.015671	 9.912610	 2.503324	-1.126932	 4.512146	 3.269194	-0.634905	-79.900480	 3.786621	 3.097442	 11.955000	-0.275905	 3.148022	 9.006140	 2.902984	 4.345584	-70.207160	 37.082620	 19.677020	 15.076890	-6.822537	 19.211440	 10.820750	-5.636679	 19.245620	-70.118890	 18.320520	 10.323100	 21.433430	-3.898858	 9.395122	 9.460192	-0.473463	 9.974930	-72.425380	-57.505510	-11.476130	 6.701365	 9.284960	-0.525222	 0.082313	-19.390840	-0.175535	 3.200025	 1.857433	-10.674200	 90.691970	-98.483520	 7.233349	-92.724790	-178.116700	-8.368732	 106.983700	-0.813313	 0.122417	-8.559153	-67.208080	-18.713820	-9.710527	-2.787407	-8.439154	 1.925793	-19.780430	-17.383250	-41.056670	-14.013020	-7.743800	 70.255650	 2.456300	-1.169809	 80.791520	 1.599329	 1.624005	-23.425090	-6.304268	-8.653536	 82.556010	-0.135869	 3.351073	 101.811100	 0.188712	 7.210938	-12.056590	 27.164690	 5.665166	 76.288830	-5.938064	 20.182460	 88.169890	-4.416877	 20.073860	 9.623907	 12.988290	 0.758655	 86.923030	-3.469033	 9.955889	 96.661380	-3.058776	 12.330300	 16.206590	-34.187730	-2.344592	 25.603980	 35.580180	-0.544700	 0.309144	 33.553850	-0.404864	 3.603685	 0.000000	 90.000000	 0.000000	 169.891400	 14.200010	 154.611600	-175.837100	-4.225604	-18.849020
-0.011081	-0.148653	 0.017825	 172.390500	 7.623187	-88.362760	-13.160950	 4.248505	-3.147553	-11.097450	 9.949122	-3.071659	 1.905783	-7.677317	 110.304600	-0.813313	 0.122417	-8.559153	-58.481830	-21.671840	 9.803485	-3.642036	 28.187330	 1.369021	-15.962420	 22.183530	-61.222320	-5.466561	-2.015671	 9.912610	 2.503324	-1.126932	 4.512146	 3.269194	-0.634905	-79.900480	 3.785697	 3.097037	 11.955050	-0.275905	 3.148022	 9.006140	 2.902991	 4.345560	-70.207510	 37.082840	 19.677100	 15.076820	-6.822537	 19.211440	 10.820750	-5.636689	 19.245620	-70.119400	 18.319440	 10.322550	 21.433630	-3.898858	 9.395122	 9.460192	-0.473463	 9.974930	-72.425380	-57.505100	-11.476060	 6.701290	 9.284960	-0.525222	 0.082313	-19.390840	-0.175535	 3.200025	 1.852364	-10.522560	 90.690400	-98.354070	 6.999162	-93.161320	-178.141000	-8.336722	 106.699900	-0.813313	 0.122417	-8.559153	-67.983160	-18.721010	-10.622680	-2.806914	-9.014024	 1.945596	-21.068700	-17.426770	-41.836240	-14.026680	-7.767400	 70.353500	 2.456279	-1.169933	 80.931820	 1.594284	 1.626382	-23.317400	-6.242654	-8.396338	 81.749730	-0.135020	 3.346762	 100.332000	 0.188712	 7.210938	-12.056590	 27.250670	 6.075819	 75.172360	-5.939231	 20.158770	 86.837830	-4.427350	 20.037960	 7.688439	 13.019090	 1.039650	 85.754740	-3.467772	 9.943513	 95.262020	-2.986019	 12.331060	 14.554430	-33.867980	-2.061520	 26.160440	 36.266980	-0.543799	 0.315073	 34.912200	-0.405386	 3.616017	 0.000000	 90.000000	 0.000000	 169.881500	 14.161920	 154.910800	-175.809700	-4.225052	-18.525080
-0.011098	-0.147507	 0.017516	 172.369700	 7.517452	-88.364230	-13.128890	 4.222728	-3.144053	-11.080580	 9.878355	-3.066473	 1.886031	-7.600014	 110.308900	-0.813313	 0.122417	-8.559153	-58.350780	-21.671450	 10.003020	-3.640120	 28.192900	 1.367857	-15.943560	 22.199230	-61.280470	-5.466561	-2.015671	 9.912610	 2.503324	-1.126932	 4.512146	 3.269194	-0.634905	-79.900480	 3.784733	 3.096615	 11.955110	-0.275905	 3.148022	 9.006140	 2.902997	 4.345534	-70.207880	 37.083070	 19.677190	 15.076750	-6.822537	 19.211440	 10.820750	-5.636697	 19.245630	-70.119950	 18.318350	 10.321980	 21.433840	-3.898858	 9.395122	 9.460192	-0.473463	 9.974930	-72.425380	-57.504670	-11.476000	 6.701227	 9.284960	-0.525222	 0.082313	-19.390840	-0.175535	 3.200025	 1.846887	-10.358740	 90.688640	-98.215180	 6.760138	-93.645460	-178.173000	-8.287491	 106.348700	-0.813313	 0.122417	-8.559153	-68.870210	-18.722000	-11.649060	-2.824817	-9.619204	 1.965756	-22.557170	-17.394460	-42.728840	-14.040490	-7.791353	 70.452780	 2.456259	-1.170059	 81.074100	 1.589161	 1.628784	-23.208150	-6.161717	-8.082975	 80.769930	-0.134137	 3.341496	 98.534680	 0.188712	 7.210938	-12.056590	 27.368800	 6.576357	 73.811650	-5.941432	 20.130020	 85.219360	-4.441801	 19.994820	 5.337005	 13.066290	 1.383825	 84.333770	-3.466650	 9.928439	 93.561510	-2.897618	 12.329220	 12.546680	-33.765250	-1.970426	 26.336430	 36.482790	-0.543511	 0.316937	 35.339010	-0.405486	 3.619894	 0.000000	 90.000000	 0.000000	 169.877700	 14.125970	 155.250000	-175.778300	-4.216666	-18.150050
-0.011112	-0.146066	 0.017143	 172.332200	 7.381580	-88.364650	-13.089480	 4.192741	-3.139912	-11.059540	 9.795694	-3.060409	 1.860733	-7.501004	 110.314600	-0.813313	 0.122417	-8.559153	-58.181860	-21.670590	 10.262960	-3.637794	 28.200670	 1.366437	-15.913210	 22.216560	-61.357070	-5.466561	-2.015671	 9.912610	 2.503324	-1.126932	 4.512146	 3.269194	-0.634905	-79.900480	 3.783557	 3.096101	 11.955180	-0.275905	 3.148022	 9.006140	 2.903004	 4.345504	-70.208310	 37.083340	 19.677280	 15.076650	-6.822537	 19.211440	 10.820750	-5.636713	 19.245630	-70.120600	 18.317020	 10.321300	 21.434100	-3.898858	 9.395122	 9.460192	-0.473463	 9.974930	-72.425380	-57.504150	-11.475920	 6.701153	 9.284960	-0.525222	 0.082313	-19.390840	-0.175535	 3.200025	 1.840146	-10.160040	 90.686490	-98.040690	 6.502069	-94.338010	-178.215700	-8.222144	 105.868700	-0.813313	 0.122417	-8.559153	-70.018070	-18.746400	-12.880880	-2.842163	-10.350040	 1.988941	-24.472670	-17.262990	-43.880620	-14.056510	-7.819265	 70.568360	 2.456235	-1.170206	 81.239780	 1.583189	 1.631569	-23.080900	-6.043030	-7.662612	 79.458880	-0.133216	 3.334412	 96.129850	 0.188712	 7.210938	-12.056590	 27.550400	 7.247814	 71.983810	-5.945744	 20.091680	 83.054380	-4.464051	 19.938050	 2.191828	 13.146350	 1.848338	 82.430290	-3.465862	 9.908232	 91.286450	-2.779549	 12.322040	 9.860392	-33.677130	-1.891182	 26.489810	 36.671890	-0.543234	 0.318564	 35.713040	-0.405551	 3.623293	 0.000000	 90.000000	 0.000000	 169.888400	 14.090850	 155.640300	-175.739300	-4.194029	-17.584810
-0.011129	-0.144784	 0.016815	 172.295900	 7.261250	-88.365300	-13.054710	 4.168049	-3.136406	-11.040680	 9.727445	-3.055411	 1.837826	-7.411361	 110.319800	-0.813313	 0.122417	-8.559153	-58.027220	-21.669460	 10.503190	-3.635854	 28.208990	 1.365209	-15.881720	 22.231460	-61.428230	-5.466561	-2.015671	 9.912610	 2.503324	-1.126932	 4.512146	 3.269194	-0.634905	-79.900480	 3.782574	 3.095670	 11.955230	-0.275905	 3.148022	 9.006140	 2.903011	 4.345479	-70.208690	 37.083570	 19.677370	 15.076570	-6.822537	 19.211440	 10.820750	-5.636724	 19.245630	-70.121170	 18.315870	 10.320700	 21.434310	-3.898858	 9.395122	 9.460192	-0.473463	 9.974930	-72.425380	-57.503690	-11.475850	 6.701078	 9.284960	-0.525222	 0.082313	-19.390840	-0.175535	 3.200025	 1.834254	-9.991372	 90.684580	-97.887320	 6.309387	-95.000770	-178.259000	-8.138877	 105.432700	-0.813313	 0.122417	-8.559153	-71.043370	-18.738960	-14.002190	-2.852877	-10.982460	 2.007819	-26.184400	-17.080610	-44.922570	-14.069880	-7.842663	 70.665230	 2.456215	-1.170329	 81.378660	 1.578181	 1.633891	-22.974300	-5.923294	-7.274971	 78.252180	-0.132633	 3.327863	 93.916860	 0.188712	 7.210938	-12.056590	 27.741480	 7.866531	 70.293980	-5.951063	 20.056550	 81.062530	-4.487419	 19.886880	-0.701521	 13.237240	 2.279100	 80.676130	-3.465857	 9.889623	 89.192920	-2.671314	 12.310660	 7.388499	-33.599770	-1.821208	 26.624820	 36.838600	-0.542997	 0.320001	 36.042820	-0.405592	 3.626291	 0.000000	 90.000000	 0.000000	 169.902400	 14.065030	 156.000800	-175.711400	-4.163418	-17.067910
-0.011172	-0.143584	 0.016445	 172.247300	 7.140844	-88.359410	-13.020150	 4.145416	-3.133150	-11.021190	 9.672940	-3.050855	 1.814826	-7.321367	 110.325000	-0.813313	 0.122417	-8.559153	-57.869560	-21.668000	 10.750030	-3.633960	 28.219270	 1.363955	-15.847590	 22.246980	-61.501340	-5.466561	-2.015671	 9.912610	 2.503324	-1.126932	 4.512146	 3.269194	-0.634905	-79.900480	 3.781610	 3.095249	 11.955290	-0.275905	 3.148022	 9.006140	 2.903017	 4.345453	-70.209050	 37.083780	 19.677440	 15.076500	-6.822537	 19.211440	 10.820750	-5.636735	 19.245630	-70.121700	 18.314780	 10.320140	 21.434530	-3.898858	 9.395122	 9.460192	-0.473463	 9.974930	-72.425380	-57.503270	-11.475800	 6.701010	 9.284960	-0.525222	 0.082313	-19.390840	-0.175535	 3.200025	 1.828666	-9.849121	 90.682820	-97.739150	 6.141558	-95.678690	-178.314900	-8.017194	 104.903200	-0.813313	 0.122417	-8.559153	-72.033620	-18.645610	-15.226880	-2.858842	-11.598860	 2.024933	-27.861000	-16.854170	-45.962550	-14.082550	-7.864917	 70.757330	 2.456196	-1.170446	 81.510650	 1.573414	 1.636091	-22.872910	-5.793423	-6.886679	 77.044520	-0.132303	 3.321295	 91.702770	 0.188712	 7.210938	-12.056590	 27.955760	 8.485330	 68.595380	-5.957682	 20.021590	 79.070130	-4.513509	 19.836860	-3.595451	 13.344800	 2.712498	 78.918390	-3.466542	 9.871017	 87.098470	-2.563633	 12.294720	 4.915480	-33.526370	-1.754519	 26.753080	 36.997150	-0.542763	 0.321366	 36.356500	-0.405609	 3.629139	 0.000000	 90.000000	 0.000000	 169.919800	 14.043570	 156.364600	-175.695400	-4.125424	-16.599650
-0.011224	-0.142194	 0.015999	 172.167800	 6.995574	-88.346670	-12.978520	 4.120821	-3.129550	-10.996240	 9.633476	-3.046037	 1.787073	-7.212757	 110.331600	-0.813313	 0.122417	-8.559153	-57.675320	-21.665780	 11.056470	-3.631698	 28.234870	 1.362418	-15.804330	 22.267980	-61.591820	-5.466561	-2.015671	 9.912610	 2.503324	-1.126932	 4.512146	 3.269194	-0.634905	-79.900480	 3.780473	 3.094751	 11.955350	-0.275905	 3.148022	 9.006140	 2.903025	 4.345423	-70.209500	 37.084050	 19.677540	 15.076400	-6.822537	 19.211440	 10.820750	-5.636750	 19.245630	-70.122360	 18.313480	 10.319460	 21.434780	-3.898858	 9.395122	 9.460192	-0.473463	 9.974930	-72.425380	-57.502750	-11.475720	 6.700915	 9.284960	-0.525222	 0.082313	-19.390840	-0.175535	 3.200025	 1.822473	-9.726143	 90.680910	-97.570040	 5.960752	-96.489870	-178.387300	-7.848660	 104.225900	-0.813313	 0.122417	-8.559153	-73.170980	-18.454980	-16.756970	-2.859462	-12.326120	 2.043244	-29.802690	-16.543160	-47.202500	-14.097120	-7.890611	 70.863580	 2.456175	-1.170581	 81.662970	 1.567909	 1.638619	-22.755950	-5.627264	-6.428406	 75.619130	-0.132241	 3.313535	 89.090540	 0.188712	 7.210938	-12.056590	 28.238420	 9.213799	 66.580490	-5.967142	 19.980660	 76.719960	-4.547683	 19.779540	-7.008639	 13.493150	 3.225868	 76.840890	-3.468239	 9.849114	 84.627570	-2.437648	 12.270100	 1.998033	-33.441850	-1.677336	 26.901000	 37.180210	-0.542496	 0.322943	 36.718600	-0.405616	 3.632430	 0.000000	 90.000000	 0.000000	 169.944600	 14.022460	 156.802100	-175.694000	-4.070734	-16.004730
-0.011225	-0.140762	 0.015644	 172.079400	 6.862823	-88.333780	-12.940290	 4.101097	-3.126609	-10.972320	 9.615583	-3.042247	 1.761836	-7.113986	 110.337800	-0.813313	 0.122417	-8.559153	-57.493950	-21.663290	 11.344750	-3.629717	 28.252960	 1.360970	-15.763970	 22.290620	-61.676340	-5.466561	-2.015671	 9.912610	 2.503324	-1.126932	 4.512146	 3.269194	-0.634905	-79.900480	 3.779433	 3.094295	 11.955410	-0.275905	 3.148022	 9.006140	 2.903032	 4.345397	-70.209880	 37.084310	 19.677640	 15.076320	-6.822537	 19.211440	 10.820750	-5.636761	 19.245630	-70.122940	 18.312310	 10.318860	 21.435000	-3.898858	 9.395122	 9.460192	-0.473463	 9.974930	-72.425380	-57.502280	-11.475640	 6.700846	 9.284960	-0.525222	 0.082313	-19.390840	-0.175535	 3.200025	 1.817098	-9.644065	 90.679300	-97.427410	 5.807582	-97.201030	-178.448800	-7.698791	 103.643000	-0.813313	 0.122417	-8.559153	-74.146960	-18.238420	-18.137060	-2.855613	-12.835640	 2.054201	-31.444910	-16.119880	-48.236150	-14.109890	-7.913245	 70.957140	 2.456157	-1.170700	 81.797090	 1.563060	 1.640836	-22.652990	-5.471123	-6.029386	 74.376550	-0.132475	 3.306778	 86.814610	 0.188712	 7.210938	-12.056590	 28.511110	 9.845874	 64.814900	-5.976832	 19.945330	 74.672840	-4.580357	 19.731230	-9.981488	 13.641380	 3.674042	 75.027250	-3.470498	 9.830104	 82.474880	-2.329060	 12.243560	-0.543522	-33.367580	-1.609185	 27.031170	 37.341450	-0.542243	 0.324327	 37.037600	-0.405608	 3.635329	 0.000000	 90.000000	 0.000000	 169.954100	 14.002530	 157.289700	-175.706700	-4.014107	-15.323110
-0.011200	-0.139422	 0.015350	 171.991800	 6.742734	-88.320760	-12.905180	 4.085606	-3.124232	-10.949800	 9.609468	-3.039310	 1.739088	-7.024950	 110.343600	-0.813313	 0.122417	-8.559153	-57.325620	-21.660930	 11.613940	-3.627985	 28.286410	 1.359310	-15.728600	 22.328140	-61.750890	-5.466561	-2.015671	 9.912610	 2.503324	-1.126932	 4.512146	 3.269194	-0.634905	-79.900480	 3.778527	 3.093899	 11.955470	-0.275905	 3.148022	 9.006140	 2.903039	 4.345371	-70.210250	 37.084550	 19.677720	 15.076240	-6.822537	 19.211440	 10.820750	-5.636772	 19.245630	-70.123470	 18.311250	 10.318310	 21.435200	-3.898858	 9.395122	 9.460192	-0.473463	 9.974930	-72.425380	-57.501860	-11.475580	 6.700772	 9.284960	-0.525222	 0.082313	-19.390840	-0.175535	 3.200025	 1.812282	-9.582934	 90.677860	-97.307130	 5.677880	-97.846590	-178.503700	-7.556050	 103.127800	-0.813313	 0.122417	-8.559153	-75.003810	-18.186080	-19.340320	-2.825418	-13.257040	 2.045588	-32.791930	-15.583270	-49.040650	-14.121170	-7.933295	 71.040020	 2.456141	-1.170805	 81.915890	 1.558760	 1.642792	-22.561750	-5.330197	-5.690888	 73.320460	-0.132885	 3.301049	 84.881340	 0.188712	 7.210938	-12.056590	 28.762090	 10.380020	 63.307370	-5.986117	 19.915580	 72.934280	-4.610165	 19.691490	-12.506080	 13.781200	 4.054746	 73.483890	-3.472983	 9.814033	 80.646360	-2.237850	 12.217350	-2.702203	-33.301900	-1.548648	 27.146440	 37.484400	-0.542032	 0.325558	 37.320360	-0.405581	 3.637898	 0.000000	 90.000000	 0.000000	 169.959700	 13.985610	 157.753600	-175.729800	-3.961921	-14.661550
-0.011144	-0.137850	 0.015001	 171.881100	 6.595427	-88.299740	-12.861240	 4.069976	-3.121806	-10.921180	 9.609454	-3.036406	 1.711411	-6.916592	 110.351000	-0.813313	 0.122417	-8.559153	-57.113010	-21.658220	 11.955930	-3.625785	 28.364960	 1.356498	-15.688990	 22.412160	-61.835730	-5.466561	-2.015671	 9.912610	 2.503324	-1.126932	 4.512146	 3.269194	-0.634905	-79.900480	 3.777389	 3.093402	 11.955530	-0.275905	 3.148022	 9.006140	 2.903045	 4.345343	-70.210670	 37.084810	 19.677820	 15.076150	-6.822537	 19.211440	 10.820750	-5.636785	 19.245630	-70.124150	 18.309970	 10.317650	 21.435450	-3.898858	 9.395122	 9.460192	-0.473463	 9.974930	-72.425380	-57.501320	-11.475490	 6.700686	 9.284960	-0.525222	 0.082313	-19.390840	-0.175535	 3.200025	 1.806227	-9.511106	 90.676070	-97.169540	 5.533367	-98.697820	-178.579000	-7.345626	 102.432100	-0.813313	 0.122417	-8.559153	-76.023220	-18.315460	-20.697480	-2.754725	-13.821110	 2.015793	-34.249400	-14.861450	-49.904570	-14.134760	-7.957558	 71.140240	 2.456121	-1.170933	 82.059560	 1.553555	 1.645149	-22.451410	-5.164990	-5.316152	 72.148280	-0.133568	 3.294715	 82.736890	 0.188712	 7.210938	-12.056590	 29.061290	 10.968700	 61.626540	-5.997528	 19.882910	 71.006180	-4.645359	 19.648910	-15.305790	 13.951210	 4.476417	 71.768720	-3.476345	 9.796306	 78.618200	-2.137949	 12.184360	-5.096379	-33.222610	-1.475263	 27.285770	 37.657350	-0.541756	 0.327043	 37.662460	-0.405536	 3.641006	 0.000000	 90.000000	 0.000000	 169.972700	 13.968730	 158.285100	-175.769600	-3.875854	-13.882790
-0.011444	-0.136291	 0.014805	 171.785800	 6.469771	-88.277960	-12.823110	 4.060129	-3.120216	-10.896250	 9.611219	-3.034623	 1.688372	-6.826372	 110.357500	-0.813313	 0.122417	-8.559153	-56.927830	-21.656140	 12.255620	-3.623918	 28.457210	 1.353556	-15.639990	 22.501930	-61.910470	-5.466561	-2.015671	 9.912610	 2.503324	-1.126932	 4.512146	 3.269194	-0.634905	-79.900480	 3.776406	 3.092971	 11.955590	-0.275905	 3.148022	 9.006140	 2.903053	 4.345315	-70.211070	 37.085060	 19.677920	 15.076060	-6.822537	 19.211440	 10.820750	-5.636797	 19.245630	-70.124700	 18.308850	 10.317070	 21.435660	-3.898858	 9.395122	 9.460192	-0.473463	 9.974930	-72.425380	-57.500860	-11.475430	 6.700624	 9.284960	-0.525222	 0.082313	-19.390840	-0.175535	 3.200025	 1.800797	-9.441157	 90.674390	-97.064120	 5.420679	-99.467810	-178.646000	-7.150902	 101.793800	-0.813313	 0.122417	-8.559153	-78.119680	-29.217260	-22.496150	-3.562508	-14.098930	 1.229142	-32.287560	-5.331853	-44.876570	-14.146120	-7.977904	 71.224270	 2.456106	-1.171040	 82.180020	 1.549188	 1.647116	-22.358930	-5.039555	-5.045445	 71.298930	-0.134209	 3.290147	 81.184080	 0.188712	 7.210938	-12.056590	 29.291590	 11.391970	 60.403550	-6.006513	 19.859490	 69.610210	-4.672194	 19.619110	-17.332660	 14.084100	 4.780946	 70.524580	-3.479178	 9.783547	 77.149640	-2.066543	 12.157940	-6.829799	-33.156240	-1.413541	 27.402570	 37.802450	-0.541531	 0.328291	 37.949490	-0.405479	 3.643615	 0.000000	 90.000000	 0.000000	 169.979900	 13.954900	 158.748900	-175.805100	-3.768747	-13.119590
-0.011582	-0.134571	 0.014682	 171.696900	 6.350916	-88.254530	-12.786700	 4.054104	-3.119185	-10.872570	 9.610317	-3.033549	 1.667394	-6.744185	 110.363700	-0.813313	 0.122417	-8.559153	-56.750770	-21.654430	 12.543730	-3.622071	 28.559170	 1.350431	-15.568860	 22.590680	-61.988840	-5.466561	-2.015671	 9.912610	 2.503324	-1.126932	 4.512146	 3.269194	-0.634905	-79.900480	 3.775501	 3.092576	 11.955640	-0.275905	 3.148022	 9.006140	 2.903059	 4.345289	-70.211430	 37.085300	 19.678010	 15.075980	-6.822537	 19.211440	 10.820750	-5.636808	 19.245630	-70.125260	 18.307840	 10.316540	 21.435860	-3.898858	 9.395122	 9.460192	-0.473463	 9.974930	-72.425380	-57.500420	-11.475360	 6.700534	 9.284960	-0.525222	 0.082313	-19.390840	-0.175535	 3.200025	 1.795488	-9.368991	 90.672740	-96.974660	 5.320760	-100.226100	-178.708300	-6.967561	 101.162000	-0.813313	 0.122417	-8.559153	-77.427280	-34.414310	-22.609180	-8.371547	-14.060120	 0.427394	-30.845090	-0.450749	-43.393570	-14.156630	-7.996810	 71.302310	 2.456092	-1.171139	 82.291880	 1.545130	 1.648938	-22.273030	-4.942010	-4.842273	 70.659810	-0.134773	 3.286723	 80.016170	 0.188712	 7.210938	-12.056590	 29.472340	 11.708410	 59.480400	-6.013673	 19.842010	 68.560440	-4.693102	 19.597300	-18.856900	 14.189440	 5.009371	 69.587580	-3.481526	 9.774002	 76.045160	-2.013398	 12.136690	-8.133423	-33.094700	-1.356096	 27.511000	 37.937260	-0.541316	 0.329448	 38.216190	-0.405422	 3.646037	 0.000000	 90.000000	 0.000000	 169.971300	 13.938620	 159.257500	-175.840800	-3.660755	-12.314560
-0.011530	-0.132233	 0.014625	 171.588300	 6.204485	-88.222270	-12.741200	 4.049411	-3.116389	-10.843120	 9.610635	-3.030983	 1.642732	-6.647500	 110.371600	-0.813313	 0.122417	-8.559153	-56.529080	-21.652760	 12.906720	-3.619695	 28.697050	 1.346269	-15.464040	 22.705470	-62.092700	-5.466561	-2.015671	 9.912610	 2.503324	-1.126932	 4.512146	 3.269194	-0.634905	-79.900480	 3.774383	 3.092085	 11.955700	-0.275905	 3.148022	 9.006140	 2.903067	 4.345258	-70.211900	 37.085590	 19.678110	 15.075880	-6.822537	 19.211440	 10.820750	-5.636820	 19.245630	-70.125950	 18.306550	 10.315880	 21.436100	-3.898858	 9.395122	 9.460192	-0.473463	 9.974930	-72.425380	-57.499870	-11.475280	 6.700457	 9.284960	-0.525222	 0.082313	-19.390840	-0.175535	 3.200025	 1.788818	-9.286858	 90.670680	-96.873290	 5.200882	-101.203800	-178.783700	-6.741634	 100.348700	-0.813313	 0.122417	-8.559153	-75.195200	-37.747170	-21.085760	-15.626880	-13.885160	-0.935211	-28.861350	 2.065150	-42.868910	-14.169430	-8.019899	 71.397530	 2.456074	-1.171260	 82.428380	 1.540173	 1.651152	-22.168180	-4.859763	-4.675558	 70.134190	-0.135288	 3.283917	 79.055980	 0.188712	 7.210938	-12.056590	 29.625790	 11.967240	 58.719260	-6.019810	 19.827740	 67.697470	-4.710747	 19.579760	-20.109840	 14.279510	 5.196673	 68.816420	-3.483595	 9.766188	 75.137140	-1.970091	 12.118330	-9.205021	-33.019720	-1.285799	 27.643270	 38.101900	-0.541046	 0.330861	 38.541860	-0.405329	 3.648994	 0.000000	 90.000000	 0.000000	 169.963800	 13.909830	 159.920300	-175.880600	-3.487890	-11.132260
-0.011320	-0.130147	 0.014572	 171.496500	 6.079872	-88.192060	-12.701530	 4.044997	-3.109631	-10.817170	 9.623080	-3.024879	 1.623572	-6.572254	 110.378700	-0.813313	 0.122417	-8.559153	-56.334080	-21.651860	 13.228230	-3.617477	 28.819930	 1.342503	-15.373270	 22.809490	-62.185960	-5.466561	-2.015671	 9.912610	 2.503324	-1.126932	 4.512146	 3.269194	-0.634905	-79.900480	 3.773419	 3.091663	 11.955760	-0.275905	 3.148022	 9.006140	 2.903074	 4.345230	-70.212300	 37.085850	 19.678210	 15.075800	-6.822537	 19.211440	 10.820750	-5.636836	 19.245630	-70.126560	 18.305460	 10.315310	 21.436310	-3.898858	 9.395122	 9.460192	-0.473463	 9.974930	-72.425380	-57.499390	-11.475210	 6.700365	 9.284960	-0.525222	 0.082313	-19.390840	-0.175535	 3.200025	 1.782906	-9.221222	 90.668820	-96.793130	 5.096043	-102.087800	-178.849900	-6.530010	 99.618620	-0.813313	 0.122417	-8.559153	-73.827040	-39.309490	-19.879570	-20.537050	-14.081140	-1.949822	-27.619790	 2.707706	-43.309050	-14.180400	-8.039783	 71.479560	 2.456060	-1.171365	 82.545990	 1.535901	 1.653052	-22.077900	-4.832687	-4.621546	 69.963630	-0.135466	 3.283008	 78.744570	 0.188712	 7.210938	-12.056590	 29.676490	 12.050910	 58.471950	-6.021849	 19.823130	 67.417590	-4.716557	 19.574150	-20.516220	 14.309390	 5.257313	 68.566140	-3.484294	 9.763661	 74.842640	-1.956118	 12.112210	-9.552635	-32.955240	-1.225087	 27.757180	 38.243830	-0.540818	 0.332079	 38.822620	-0.405236	 3.651545	 0.000000	 90.000000	 0.000000	 169.986300	 13.866880	 160.469300	-175.907200	-3.281863	-9.829928
-0.011063	-0.128079	 0.014457	 171.420400	 5.971867	-88.164090	-12.666090	 4.040730	-3.100308	-10.793910	 9.642381	-3.016428	 1.608874	-6.514374	 110.385200	-0.813313	 0.122417	-8.559153	-56.159190	-21.651600	 13.518490	-3.615334	 28.925230	 1.339143	-15.289150	 22.897880	-62.274260	-5.466561	-2.015671	 9.912610	 2.503324	-1.126932	 4.512146	 3.269194	-0.634905	-79.900480	 3.772552	 3.091284	 11.955810	-0.275905	 3.148022	 9.006140	 2.903081	 4.345203	-70.212690	 37.086070	 19.678300	 15.075720	-6.822537	 19.211440	 10.820750	-5.636847	 19.245640	-70.127120	 18.304460	 10.314800	 21.436500	-3.898858	 9.395122	 9.460192	-0.473463	 9.974930	-72.425380	-57.498950	-11.475140	 6.700303	 9.284960	-0.525222	 0.082313	-19.390840	-0.175535	 3.200025	 1.777497	-9.166983	 90.667100	-96.727960	 4.999188	-102.898600	-178.908700	-6.330129	 98.956890	-0.813313	 0.122417	-8.559153	-72.690770	-39.410010	-19.256200	-24.187220	-13.751520	-2.456193	-26.749080	 2.909457	-43.900660	-14.190100	-8.057400	 71.552190	 2.456047	-1.171458	 82.650070	 1.532115	 1.654729	-21.997940	-4.797304	-4.553054	 69.756460	-0.135880	 3.280985	 78.049040	 0.241559	 7.193899	-12.839310	 29.832190	 12.279010	 57.886330	-6.026705	 19.812400	 66.764000	-4.731820	 19.559770	-21.570260	 14.400660	 5.419502	 68.027530	-3.485859	 9.758177	 74.202000	-1.923535	 12.097540	-10.367010	-32.898250	-1.171212	 27.858020	 38.369540	-0.540600	 0.333155	 39.071300	-0.405147	 3.653804	 0.000000	 90.000000	 0.000000	 170.020700	 13.809830	 160.968400	-175.922900	-3.036568	-8.308679
-0.010903	-0.125919	 0.014271	 171.336200	 5.852117	-88.128850	-12.623160	 4.035261	-3.085002	-10.765650	 9.673971	-3.002542	 1.593100	-6.452127	 110.393100	-0.813313	 0.122417	-8.559153	-55.947100	-21.652190	 13.873080	-3.612496	 29.038300	 1.335255	-15.161230	 22.981360	-62.397800	-5.466561	-2.015671	 9.912610	 2.503324	-1.126932	 4.512146	 3.269194	-0.634905	-79.900480	 3.771512	 3.090828	 11.955870	-0.275905	 3.148022	 9.006140	 2.903088	 4.345172	-70.213130	 37.086380	 19.678400	 15.075620	-6.822537	 19.211440	 10.820750	-5.636860	 19.245630	-70.127820	 18.303270	 10.314180	 21.436730	-3.898858	 9.395122	 9.460192	-0.473463	 9.974930	-72.425380	-57.498410	-11.475070	 6.700205	 9.284960	-0.525222	 0.082313	-19.390840	-0.175535	 3.200025	 1.770797	-9.106361	 90.665010	-96.657370	 4.873781	-103.903600	-178.978900	-6.075587	 98.143110	-0.813313	 0.122417	-8.559153	-71.354410	-39.691680	-18.807600	-28.083370	-13.768120	-3.197432	-25.733720	 3.030575	-44.672740	-14.201710	-8.078589	 71.639540	 2.456032	-1.171569	 82.775290	 1.527560	 1.656738	-21.901790	-4.491938	-3.984398	 68.011640	-0.140330	 3.264189	 72.199010	 0.676666	 7.022120	-19.438210	 31.292070	 14.173710	 52.925540	-6.072662	 19.724270	 61.261960	-4.870290	 19.450160	-30.412970	 15.225400	 6.744467	 63.470160	-3.501477	 9.712752	 68.807320	-1.658261	 11.956290	-17.227540	-32.829790	-1.106256	 27.979260	 38.520820	-0.540346	 0.334452	 39.370590	-0.405022	 3.656520	 0.000000	 90.000000	 0.000000	 170.063800	 13.716950	 161.668900	-175.953400	-2.622982	-7.071167
-0.010790	-0.124490	 0.014180	 171.281000	 5.771281	-88.104130	-12.586740	 4.030326	-3.068638	-10.741740	 9.705950	-2.987695	 1.580548	-6.402562	 110.399700	-0.813313	 0.122417	-8.559153	-55.767670	-21.653730	 14.175640	-3.609988	 29.148210	 1.331608	-15.035350	 23.058810	-62.509220	-5.466561	-2.015671	 9.912610	 2.503324	-1.126932	 4.512146	 3.269194	-0.634905	-79.900480	 3.770626	 3.090441	 11.955920	-0.275905	 3.148022	 9.006140	 2.903096	 4.345145	-70.213550	 37.086630	 19.678500	 15.075530	-6.822537	 19.211440	 10.820750	-5.636873	 19.245640	-70.128400	 18.302270	 10.313670	 21.436920	-3.898858	 9.395122	 9.460192	-0.473463	 9.974930	-72.425380	-57.497920	-11.475000	 6.700134	 9.284960	-0.525222	 0.082313	-19.390840	-0.175535	 3.200025	 1.764948	-9.058939	 90.663170	-96.604890	 4.756604	-104.772400	-179.030400	-5.848708	 97.636660	-0.813313	 0.122417	-8.559153	-70.362400	-39.866440	-18.468580	-31.480630	-13.781450	-3.819921	-25.043760	 3.054989	-45.403660	-14.211490	-8.096491	 71.713290	 2.456019	-1.171663	 82.881030	 1.523710	 1.658430	-21.820590	-2.777100	-1.362766	 59.272870	-0.186006	 3.191965	 43.139630	 2.400727	 5.511674	-52.226260	 42.929530	 22.241510	 26.956820	-6.416826	 19.369790	 34.127190	-5.790285	 19.266220	-77.689410	 21.530700	 12.667050	 40.141600	-3.638942	 9.518213	 41.912320	-0.687707	 10.859980	-51.333790	-32.772060	-1.051273	 28.081610	 38.648690	-0.540125	 0.335548	 39.623530	-0.404909	 3.658815	 0.000000	 90.000000	 0.000000	 170.108000	 13.623930	 162.294400	-175.986600	-2.258308	-6.485125
-0.010616	-0.123200	 0.014048	 171.226400	 5.697466	-88.075110	-12.551300	 4.025256	-3.049813	-10.718610	 9.739850	-2.970622	 1.568166	-6.353749	 110.405800	-0.813313	 0.122417	-8.559153	-55.594110	-21.656330	 14.470810	-3.607549	 29.302850	 1.327066	-14.903120	 23.175640	-62.613680	-5.466561	-2.015671	 9.912610	 2.503324	-1.126932	 4.512146	 3.269194	-0.634905	-79.900480	 3.769759	 3.090061	 11.955970	-0.275905	 3.148022	 9.006140	 2.903103	 4.345117	-70.213950	 37.086880	 19.678590	 15.075450	-6.822537	 19.211440	 10.820750	-5.636883	 19.245640	-70.129010	 18.301290	 10.313160	 21.437110	-3.898858	 9.395122	 9.460192	-0.473463	 9.974930	-72.425380	-57.497460	-11.474910	 6.700038	 9.284960	-0.525222	 0.082313	-19.390840	-0.175535	 3.200025	 1.759096	-9.015966	 90.661300	-96.560750	 4.629288	-105.628700	-179.082900	-5.621233	 97.045150	-0.813313	 0.122417	-8.559153	-69.521130	-39.941200	-18.245830	-34.907170	-13.777640	-4.409162	-24.443660	 3.004658	-46.199890	-14.220970	-8.113889	 71.784950	 2.456007	-1.171754	 82.983730	 1.519969	 1.660067	-21.741730	-2.438051	-0.934519	 57.766620	-0.197209	 3.182338	 38.170890	 2.595930	 5.167056	-57.816310	 45.346180	 23.084460	 22.229970	-6.491668	 19.326260	 29.489780	-5.824117	 19.273310	-79.382700	 21.839550	 12.725170	 36.285160	-3.670993	 9.492256	 37.315250	-0.595809	 10.624620	-57.157260	-32.716050	-0.997724	 28.181070	 38.772980	-0.539915	 0.336611	 39.869410	-0.404790	 3.661046	 0.000000	 90.000000	 0.000000	 170.163900	 13.526940	 162.880100	-176.022000	-2.061517	-6.047320
-0.010422	-0.121963	 0.013968	 171.174300	 5.619629	-88.044290	-12.510500	 4.019149	-3.024670	-10.692280	 9.779879	-2.947763	 1.552484	-6.292155	 110.412400	-0.813313	 0.122417	-8.559153	-55.396450	-21.661110	 14.810470	-3.604689	 29.522900	 1.320951	-14.741100	 23.346700	-62.732840	-5.466561	-2.015671	 9.912610	 2.503324	-1.126932	 4.512146	 3.269194	-0.634905	-79.900480	 3.768775	 3.089630	 11.956020	-0.275905	 3.148022	 9.006140	 2.903111	 4.345085	-70.214410	 37.087200	 19.678710	 15.075340	-6.822537	 19.211440	 10.820750	-5.636900	 19.245640	-70.129720	 18.300160	 10.312570	 21.437320	-3.898858	 9.395122	 9.460192	-0.473463	 9.974930	-72.425380	-57.496880	-11.474830	 6.699960	 9.284960	-0.525222	 0.082313	-19.390840	-0.175535	 3.200025	 1.752114	-8.970019	 90.659070	-96.519140	 4.461096	-106.623500	-179.138400	-5.351003	 96.456570	-0.813313	 0.122417	-8.559153	-68.665890	-39.933080	-18.099410	-38.420670	-13.800760	-4.998432	-23.818650	 2.892346	-47.240160	-14.231860	-8.133946	 71.867560	 2.455993	-1.171860	 83.102120	 1.515652	 1.661949	-21.650790	-1.772477	-0.152897	 54.805700	-0.221337	 3.166471	 28.450620	 2.876219	 4.445509	-68.748340	 51.186490	 24.490190	 12.873780	-6.646484	 19.258630	 20.485190	-6.113201	 19.377770	-94.550480	 24.564480	 13.999890	 28.234150	-3.739613	 9.449016	 28.282060	-0.488209	 10.141990	-68.571080	-32.651550	-0.935822	 28.295700	 38.916390	-0.539664	 0.337839	 40.153100	-0.404639	 3.663621	 0.000000	 90.000000	 0.000000	 170.225800	 13.377390	 163.582600	-176.061000	-2.052738	-5.729194
-0.010227	-0.120730	 0.013898	 171.138000	 5.552532	-88.019890	-12.476760	 4.013876	-3.001061	-10.670890	 9.811518	-2.926295	 1.539197	-6.240079	 110.417300	-0.813313	 0.122417	-8.559153	-55.240340	-21.669570	 15.087740	-3.602178	 29.723840	 1.315421	-14.601160	 23.504670	-62.833720	-5.466561	-2.015671	 9.912610	 2.503324	-1.126932	 4.512146	 3.269194	-0.634905	-79.900480	 3.767946	 3.089268	 11.956070	-0.275905	 3.148022	 9.006140	 2.903119	 4.345055	-70.214840	 37.087470	 19.678810	 15.075250	-6.822537	 19.211440	 10.820750	-5.636912	 19.245640	-70.130330	 18.299240	 10.312100	 21.437500	-3.898858	 9.395122	 9.460192	-0.473463	 9.974930	-72.425380	-57.496400	-11.474770	 6.699875	 9.284960	-0.525222	 0.082313	-19.390840	-0.175535	 3.200025	 1.746109	-8.934502	 90.657140	-96.489820	 4.318775	-107.437900	-179.182400	-5.122533	 95.982850	-0.813313	 0.122417	-8.559153	-68.015040	-39.869110	-18.047460	-41.082050	-13.827400	-5.432306	-23.405520	 2.799484	-48.160580	-14.240870	-8.150600	 71.936100	 2.455982	-1.171947	 83.200400	 1.512067	 1.663505	-21.575310	-1.053356	 0.606897	 51.814860	-0.247969	 3.154840	 18.670800	 3.014447	 3.679392	-79.733280	 51.677610	 23.843190	 5.648552	-6.811707	 19.214480	 11.421400	-6.347006	 19.535440	-108.629400	 24.843640	 13.630910	 20.739960	-3.814712	 9.416780	 19.196420	-0.480031	 9.644882	-80.038350	-32.598090	-0.884333	 28.390840	 39.035530	-0.539454	 0.338859	 40.388730	-0.404495	 3.665757	 0.000000	 90.000000	 0.000000	 170.254000	 13.211760	 164.291700	-176.089600	-2.031366	-5.514701
-0.010085	-0.119599	 0.013840	 171.106800	 5.473881	-87.995990	-12.443260	 4.008453	-2.975146	-10.650080	 9.839314	-2.902698	 1.527793	-6.195330	 110.422000	-0.813313	 0.122417	-8.559153	-55.097930	-21.685520	 15.356250	-3.599492	 29.925110	 1.309782	-14.458820	 23.663020	-62.939070	-5.466561	-2.015671	 9.912610	 2.503324	-1.126932	 4.512146	 3.269194	-0.634905	-79.900480	 3.767137	 3.088913	 11.956120	-0.275905	 3.148022	 9.006140	 2.903127	 4.345027	-70.215270	 37.087740	 19.678910	 15.075150	-6.822537	 19.211440	 10.820750	-5.636925	 19.245640	-70.130970	 18.298320	 10.311620	 21.437670	-3.898858	 9.395122	 9.460192	-0.473463	 9.974930	-72.425380	-57.495910	-11.474690	 6.699788	 9.284960	-0.525222	 0.082313	-19.390840	-0.175535	 3.200025	 1.739890	-8.901155	 90.655130	-96.460790	 4.196664	-108.225900	-179.226200	-4.892690	 95.454580	-0.813313	 0.122417	-8.559153	-67.381580	-39.772660	-18.037330	-43.623420	-13.835940	-5.840672	-23.040930	 2.707887	-49.055920	-14.249860	-8.167256	 72.004630	 2.455971	-1.172035	 83.298650	 1.508482	 1.665056	-21.499890	-0.431287	 1.204259	 49.352910	-0.271029	 3.148791	 10.652400	 3.016838	 3.041348	-88.724770	 51.318210	 23.148850	 0.030190	-6.951311	 19.197000	 3.990247	-6.503669	 19.701570	-120.173100	 24.708000	 13.165330	 14.683200	-3.879493	 9.399356	 11.750130	-0.548269	 9.242638	-89.427480	-32.544700	-0.832755	 28.485950	 39.154710	-0.539244	 0.339877	 40.624490	-0.404359	 3.667895	 0.000000	 90.000000	 0.000000	 170.315500	 12.967620	 165.060600	-176.115100	-2.013292	-5.395587
-0.009985	-0.118518	 0.013829	 171.082400	 5.392318	-87.969720	-12.405340	 4.002093	-2.942762	-10.627050	 9.866439	-2.873173	 1.516805	-6.152167	 110.426900	-0.813313	 0.122417	-8.559153	-54.950840	-21.712210	 15.651890	-3.596071	 30.132040	 1.303634	-14.296070	 23.823850	-63.069590	-5.466561	-2.015671	 9.912610	 2.503324	-1.126932	 4.512146	 3.269194	-0.634905	-79.900480	 3.766230	 3.088517	 11.956170	-0.275905	 3.148022	 9.006140	 2.903135	 4.344993	-70.215760	 37.088060	 19.679030	 15.075050	-6.822537	 19.211440	 10.820750	-5.636940	 19.245640	-70.131710	 18.297260	 10.311070	 21.437880	-3.898858	 9.395122	 9.460192	-0.473463	 9.974930	-72.425380	-57.495320	-11.474600	 6.699686	 9.284960	-0.525222	 0.082313	-19.390840	-0.175535	 3.200025	 1.732507	-8.865161	 90.652740	-96.426760	 4.077958	-109.100000	-179.272500	-4.629627	 94.890730	-0.813313	 0.122417	-8.559153	-66.625560	-39.648720	-18.047640	-46.547360	-13.778300	-6.316197	-22.673300	 2.650787	-50.036630	-14.260120	-8.186345	 72.083210	 2.455959	-1.172135	 83.411250	 1.504369	 1.666829	-21.413390	 0.142358	 1.711912	 47.163090	-0.291990	 3.146161	 3.548624	 2.935654	 2.482561	-96.675980	 50.925610	 22.560060	-4.930668	-7.076110	 19.195870	-2.594383	-6.610451	 19.870580	-130.394500	 24.533700	 12.761430	 9.324610	-3.938340	 9.390962	 5.157224	-0.663469	 8.899641	-97.736620	-32.483560	-0.773460	 28.595010	 39.291440	-0.538998	 0.341046	 40.894960	-0.404182	 3.670347	 0.000000	 90.000000	 0.000000	 170.438300	 12.565130	 165.939200	-176.140500	-1.996099	-5.323978
-0.009907	-0.117566	 0.013889	 171.071800	 5.354390	-87.947780	-12.375770	 3.996967	-2.915218	-10.609370	 9.886622	-2.848066	 1.509472	-6.123360	 110.430200	-0.813313	 0.122417	-8.559153	-54.846010	-21.738840	 15.875540	-3.593090	 30.270550	 1.299151	-14.171490	 23.930390	-63.180180	-5.466561	-2.015671	 9.912610	 2.503324	-1.126932	 4.512146	 3.269194	-0.634905	-79.900480	 3.765498	 3.088195	 11.956210	-0.275905	 3.148022	 9.006140	 2.903141	 4.344965	-70.216160	 37.088340	 19.679130	 15.074950	-6.822537	 19.211440	 10.820750	-5.636952	 19.245640	-70.132330	 18.296460	 10.310660	 21.438030	-3.898858	 9.395122	 9.460192	-0.473463	 9.974930	-72.425380	-57.494820	-11.474530	 6.699615	 9.284960	-0.525222	 0.082313	-19.390840	-0.175535	 3.200025	 1.726451	-8.838068	 90.650750	-96.398510	 3.996881	-109.773000	-179.305200	-4.423838	 94.522830	-0.813313	 0.122417	-8.559153	-65.960810	-39.562690	-18.047720	-49.004950	-13.635590	-6.732915	-22.466520	 2.703194	-50.765520	-14.268240	-8.201488	 72.145440	 2.455949	-1.172214	 83.500470	 1.501108	 1.668229	-21.344870	 0.480271	 1.993171	 45.899760	-0.304129	 3.145829	-0.532913	 2.854439	 2.169031	-101.233000	 50.679230	 22.236350	-7.781141	-7.147637	 19.201350	-6.379127	-6.656724	 19.974620	-136.256600	 24.417530	 12.537310	 6.245495	-3.972433	 9.389174	 1.372965	-0.751931	 8.711214	-102.506800	-32.435170	-0.726376	 28.681380	 39.399850	-0.538795	 0.341972	 41.109480	-0.404031	 3.672291	 0.000000	 90.000000	 0.000000	 170.534200	 11.961260	 166.830100	-176.157900	-1.984530	-5.271215
-0.009882	-0.116465	 0.013980	 171.061400	 5.325209	-87.925610	-12.348660	 3.992151	-2.888130	-10.593380	 9.904488	-2.823397	 1.503526	-6.100021	 110.432800	-0.813313	 0.122417	-8.559153	-54.756970	-21.767400	 16.074800	-3.590092	 30.382050	 1.295225	-14.062860	 24.017330	-63.286980	-5.466561	-2.015671	 9.912610	 2.503324	-1.126932	 4.512146	 3.269194	-0.634905	-79.900480	 3.764863	 3.087918	 11.956250	-0.275905	 3.148022	 9.006140	 2.903149	 4.344937	-70.216570	 37.088590	 19.679220	 15.074870	-6.822537	 19.211440	 10.820750	-5.636962	 19.245640	-70.132920	 18.295710	 10.310270	 21.438180	-3.898858	 9.395122	 9.460192	-0.473463	 9.974930	-72.425380	-57.494370	-11.474460	 6.699532	 9.284960	-0.525222	 0.082313	-19.390840	-0.175535	 3.200025	 1.720584	-8.813560	 90.648820	-96.370610	 3.928705	-110.388100	-179.332800	-4.248553	 94.173550	-0.813313	 0.122417	-8.559153	-65.318440	-39.489270	-18.042830	-51.255540	-13.423250	-7.125565	-22.334220	 2.837993	-51.408130	-14.275800	-8.215612	 72.203570	 2.455940	-1.172289	 83.583780	 1.498063	 1.669531	-21.280900	 0.698742	 2.168299	 45.086970	-0.311902	 3.146070	-3.146692	 2.789708	 1.972778	-104.139900	 50.501920	 22.033440	-9.605536	-7.193208	 19.207210	-8.804456	-6.680234	 20.043060	-139.995900	 24.330800	 12.394980	 4.273103	-3.994263	 9.389195	-1.046465	-0.816744	 8.594662	-105.559600	-32.390020	-0.682309	 28.762100	 39.501220	-0.538617	 0.342839	 41.309940	-0.403883	 3.674103	 0.000000	 90.000000	 0.000000	 170.666500	 11.104080	 167.955300	-176.172000	-1.975161	-5.210365
-0.009861	-0.114965	 0.014102	 171.051600	 5.281985	-87.901740	-12.316210	 3.986193	-2.853330	-10.574480	 9.925117	-2.791710	 1.497148	-6.075077	 110.435000	-0.813313	 0.122417	-8.559153	-54.658570	-21.806150	 16.305110	-3.586114	 30.499150	 1.290644	-13.946020	 24.113910	-63.419350	-5.466561	-2.015671	 9.912610	 2.503324	-1.126932	 4.512146	 3.269194	-0.634905	-79.900480	 3.764073	 3.087572	 11.956290	-0.275905	 3.148022	 9.006140	 2.903157	 4.344903	-70.217050	 37.088920	 19.679350	 15.074750	-6.822537	 19.211440	 10.820750	-5.636977	 19.245640	-70.133660	 18.294830	 10.309810	 21.438340	-3.898858	 9.395122	 9.460192	-0.473463	 9.974930	-72.425380	-57.493770	-11.474360	 6.699440	 9.284960	-0.525222	 0.082313	-19.390840	-0.175535	 3.200025	 1.713110	-8.784140	 90.646350	-96.333770	 3.850728	-111.129200	-179.358800	-4.073427	 93.848190	-0.813313	 0.122417	-8.559153	-64.599610	-39.383670	-18.047690	-53.594940	-13.116080	-7.528925	-22.296350	 3.103899	-52.162590	-14.285050	-8.232965	 72.274900	 2.455929	-1.172380	 83.686050	 1.494321	 1.671127	-21.202350	 0.838271	 2.277232	 44.556880	-0.316909	 3.146413	-4.833184	 2.743234	 1.849362	-105.994800	 50.347160	 21.900760	-10.777490	-7.222511	 19.211960	-10.372280	-6.692713	 20.087340	-142.378000	 24.252290	 12.298150	 2.999954	-4.008274	 9.389690	-2.600152	-0.861810	 8.521397	-107.527400	-32.334630	-0.628082	 28.861200	 39.625740	-0.538381	 0.343900	 41.556280	-0.403698	 3.676334	 0.000000	 90.000000	 0.000000	 170.828300	 9.377645	 169.526000	-176.187000	-1.965848	-5.145981
-0.009810	-0.114170	 0.014161	 171.048000	 5.239880	-87.884400	-12.290650	 3.981425	-2.823974	-10.559780	 9.940788	-2.765008	 1.492438	-6.056767	 110.436000	-0.813313	 0.122417	-8.559153	-54.586650	-21.839610	 16.479280	-3.582716	 30.581880	 1.287081	-13.862370	 24.186680	-63.527790	-5.466561	-2.015671	 9.912610	 2.503324	-1.126932	 4.512146	 3.269194	-0.634905	-79.900480	 3.763456	 3.087302	 11.956330	-0.275905	 3.148022	 9.006140	 2.903164	 4.344873	-70.217490	 37.089170	 19.679440	 15.074670	-6.822537	 19.211440	 10.820750	-5.636992	 19.245640	-70.134280	 18.294140	 10.309460	 21.438480	-3.898858	 9.395122	 9.460192	-0.473463	 9.974930	-72.425380	-57.493260	-11.474300	 6.699356	 9.284960	-0.525222	 0.082313	-19.390840	-0.175535	 3.200025	 1.706789	-8.760319	 90.644210	-96.301350	 3.787970	-111.723800	-179.375600	-3.955804	 93.632350	-0.813313	 0.122417	-8.559153	-64.060270	-39.293590	-18.041830	-55.260120	-12.825610	-7.805964	-22.409260	 3.419944	-52.750370	-14.292560	-8.247088	 72.332920	 2.455920	-1.172454	 83.769250	 1.491276	 1.672421	-21.138460	 0.850041	 2.285896	 44.488270	-0.317483	 3.146462	-5.026624	 2.738460	 1.837337	-106.176800	 50.259690	 21.877580	-10.899620	-7.225942	 19.212560	-10.556320	-6.693799	 20.091580	-142.604600	 24.205710	 12.274970	 2.854516	-4.009781	 9.389766	-2.767328	-0.867084	 8.513181	-107.750700	-32.289610	-0.583867	 28.941820	 39.727140	-0.538190	 0.344765	 41.756870	-0.403537	 3.678153	 0.000000	 90.000000	 0.000000	 170.940500	 8.354285	 170.233800	-176.197600	-1.960015	-5.101852
-0.009536	-0.113644	 0.014209	 171.047500	 5.205422	-87.866330	-12.266670	 3.976837	-2.794700	-10.546170	 9.955069	-2.738411	 1.488018	-6.039664	 110.436300	-0.813313	 0.122417	-8.559153	-54.522960	-21.872740	 16.635960	-3.579216	 30.655210	 1.283678	-13.783250	 24.252660	-63.636040	-5.466561	-2.015671	 9.912610	 2.503324	-1.126932	 4.512146	 3.269194	-0.634905	-79.900480	 3.762858	 3.087041	 11.956360	-0.275905	 3.148022	 9.006140	 2.903172	 4.344844	-70.217900	 37.089470	 19.679550	 15.074570	-6.822537	 19.211440	 10.820750	-5.637005	 19.245640	-70.134930	 18.293460	 10.309110	 21.438610	-3.898858	 9.395122	 9.460192	-0.473463	 9.974930	-72.425380	-57.492770	-11.474230	 6.699254	 9.284960	-0.525222	 0.082313	-19.390840	-0.175535	 3.200025	 1.700415	-8.736858	 90.642110	-96.267400	 3.723542	-112.298600	-179.390100	-3.854730	 93.428380	-0.813313	 0.122417	-8.559153	-63.562780	-39.210530	-18.009100	-56.784050	-12.500460	-8.044263	-22.609730	 3.799391	-53.304160	-14.299850	-8.260826	 72.389400	 2.455912	-1.172526	 83.850180	 1.488311	 1.673677	-21.076280	 0.778916	 2.230010	 44.714710	-0.315215	 3.146280	-4.262070	 2.761592	 1.896680	-105.281000	 50.190930	 21.920250	-10.340600	-7.212824	 19.210300	-9.853107	-6.688041	 20.069870	-141.441400	 24.166970	 12.293710	 3.434411	-4.003254	 9.389470	-2.043318	-0.846111	 8.546283	-106.854400	-32.245830	-0.540747	 29.020340	 39.825920	-0.537999	 0.345607	 41.952240	-0.403376	 3.679920	 0.000000	 90.000000	 0.000000	 170.907400	 7.757565	 170.685300	-176.206700	-1.955759	-5.065645
-0.009159	-0.113309	 0.014294	 171.052900	 5.172880	-87.843420	-12.239270	 3.971454	-2.759014	-10.530800	 9.970961	-2.706033	 1.482560	-6.018553	 110.436700	-0.813313	 0.122417	-8.559153	-54.453230	-21.913330	 16.810340	-3.574725	 30.739310	 1.279507	-13.691720	 24.330810	-63.768090	-5.466561	-2.015671	 9.912610	 2.503324	-1.126932	 4.512146	 3.269194	-0.634905	-79.900480	 3.762203	 3.086754	 11.956400	-0.275905	 3.148022	 9.006140	 2.903182	 4.344809	-70.218440	 37.089810	 19.679680	 15.074450	-6.822537	 19.211440	 10.820750	-5.637020	 19.245640	-70.135700	 18.292710	 10.308720	 21.438750	-3.898858	 9.395122	 9.460192	-0.473463	 9.974930	-72.425380	-57.492150	-11.474130	 6.699161	 9.284960	-0.525222	 0.082313	-19.390840	-0.175535	 3.200025	 1.692437	-8.707698	 90.639400	-96.223290	 3.635949	-112.987800	-179.406200	-3.738680	 93.195450	-0.813313	 0.122417	-8.559153	-62.984780	-39.127810	-17.909620	-58.649430	-12.039390	-8.307136	-22.916300	 4.324389	-53.951620	-14.308570	-8.277319	 72.457140	 2.455902	-1.172613	 83.947280	 1.484755	 1.675179	-21.001720	 0.595949	 2.084655	 45.336920	-0.309101	 3.145942	-2.204191	 2.818050	 2.054634	-102.921500	 50.100610	 22.045400	-8.848031	-7.177244	 19.204940	-7.953306	-6.670718	 20.013480	-138.389500	 24.113910	 12.360450	 4.997051	-3.985843	 9.389081	-0.113117	-0.792368	 8.636797	-104.445700	-32.193350	-0.488905	 29.114540	 39.944520	-0.537774	 0.346617	 42.186860	-0.403173	 3.682041	 0.000000	 90.000000	 0.000000	 170.848700	 7.310626	 170.882000	-176.216700	-1.952462	-5.030508
-0.008914	-0.113093	 0.014401	 171.063400	 5.153868	-87.825940	-12.219180	 3.967422	-2.731097	-10.519710	 9.982344	-2.680738	 1.478772	-6.003892	 110.437000	-0.813313	 0.122417	-8.559153	-54.402440	-21.946760	 16.941500	-3.571080	 30.806600	 1.276149	-13.623300	 24.395460	-63.871190	-5.466561	-2.015671	 9.912610	 2.503324	-1.126932	 4.512146	 3.269194	-0.634905	-79.900480	 3.761722	 3.086543	 11.956430	-0.275905	 3.148022	 9.006140	 2.903189	 4.344779	-70.218860	 37.090100	 19.679780	 15.074350	-6.822537	 19.211440	 10.820750	-5.637036	 19.245640	-70.136320	 18.292160	 10.308430	 21.438850	-3.898858	 9.395122	 9.460192	-0.473463	 9.974930	-72.425380	-57.491650	-11.474050	 6.699083	 9.284960	-0.525222	 0.082313	-19.390840	-0.175535	 3.200025	 1.685972	-8.683743	 90.637180	-96.186290	 3.554898	-113.528100	-179.417100	-3.652931	 93.063710	-0.813313	 0.122417	-8.559153	-62.539670	-39.079800	-17.780110	-60.269000	-11.610640	-8.508209	-23.160310	 4.764163	-54.450100	-14.315330	-8.290135	 72.509830	 2.455894	-1.172680	 84.022770	 1.481986	 1.676344	-20.943720	 0.389305	 1.916657	 46.057650	-0.302041	 3.145825	 0.168540	 2.874715	 2.238406	-100.216400	 49.947640	 22.181780	-7.101267	-7.135979	 19.200150	-5.760771	-6.646994	 19.950080	-134.895200	 24.027200	 12.427640	 6.808576	-3.965812	 9.389346	 2.106907	-0.735250	 8.743778	-101.669000	-32.152550	-0.448479	 29.187830	 40.036850	-0.537602	 0.347404	 42.369550	-0.403016	 3.683695	 0.000000	 90.000000	 0.000000	 170.852100	 7.077122	 170.991700	-176.224000	-1.951182	-5.008936
-0.008664	-0.112938	 0.014532	 171.077200	 5.137929	-87.808810	-12.199850	 3.963620	-2.703584	-10.509050	 9.992803	-2.655888	 1.476381	-5.994605	 110.437400	-0.813313	 0.122417	-8.559153	-54.355320	-21.981690	 17.067620	-3.567339	 30.879570	 1.272613	-13.558250	 24.467620	-63.972620	-5.466561	-2.015671	 9.912610	 2.503324	-1.126932	 4.512146	 3.269194	-0.634905	-79.900480	 3.761259	 3.086340	 11.956450	-0.275905	 3.148022	 9.006140	 2.903196	 4.344748	-70.219310	 37.090380	 19.679880	 15.074260	-6.822537	 19.211440	 10.820750	-5.637047	 19.245650	-70.136980	 18.291640	 10.308170	 21.438960	-3.898858	 9.395122	 9.460192	-0.473463	 9.974930	-72.425380	-57.491140	-11.473980	 6.698986	 9.284960	-0.525222	 0.082313	-19.390840	-0.175535	 3.200025	 1.679310	-8.658365	 90.634900	-96.162220	 3.466112	-114.070500	-179.426100	-3.579291	 92.964450	-0.813313	 0.122417	-8.559153	-62.094580	-39.047420	-17.606240	-61.984540	-11.136690	-8.703675	-23.363040	 5.205393	-54.948720	-14.322030	-8.302863	 72.562030	 2.455887	-1.172747	 84.097630	 1.479241	 1.677496	-20.886230	 0.138589	 1.706960	 46.948140	-0.293331	 3.146082	 3.096995	 2.932480	 2.468064	-96.884740	 49.763670	 22.346050	-4.942964	-7.084809	 19.196300	-3.053770	-6.612226	 19.874070	-130.595700	 23.923070	 12.509130	 9.045891	-3.941154	 9.390730	 4.844255	-0.672079	 8.879363	-98.241540	-32.112100	-0.408308	 29.260530	 40.128520	-0.537418	 0.348185	 42.550870	-0.402844	 3.685333	 0.000000	 90.000000	 0.000000	 170.855700	 6.789706	 171.028900	-176.231300	-1.950935	-4.992033
-0.008380	-0.112766	 0.014714	 171.096200	 5.122209	-87.789310	-12.177330	 3.959464	-2.672758	-10.496510	 10.003650	-2.628110	 1.475324	-5.990415	 110.438200	-0.813313	 0.122417	-8.559153	-54.307470	-22.025220	 17.205910	-3.562825	 30.965600	 1.268399	-13.486750	 24.554780	-64.088680	-5.466561	-2.015671	 9.912610	 2.503324	-1.126932	 4.512146	 3.269194	-0.634905	-79.900480	 3.760777	 3.086129	 11.956480	-0.275905	 3.148022	 9.006140	 2.903206	 4.344715	-70.219810	 37.090710	 19.680010	 15.074150	-6.822537	 19.211440	 10.820750	-5.637064	 19.245650	-70.137760	 18.291080	 10.307880	 21.439060	-3.898858	 9.395122	 9.460192	-0.473463	 9.974930	-72.425380	-57.490540	-11.473880	 6.698877	 9.284960	-0.525222	 0.082313	-19.390840	-0.175535	 3.200025	 1.671364	-8.626698	 90.632150	-96.167490	 3.368160	-114.779200	-179.435000	-3.504580	 92.871500	-0.813313	 0.122417	-8.559153	-61.570220	-39.023370	-17.351370	-63.862690	-10.578780	-8.904500	-23.434070	 5.661460	-55.541530	-14.329660	-8.317383	 72.621690	 2.455878	-1.172823	 84.183110	 1.476104	 1.678809	-20.820570	-0.190254	 1.421620	 48.139190	-0.281723	 3.147120	 7.014277	 2.988641	 2.779377	-92.433140	 49.330570	 22.525200	-1.979843	-7.016157	 19.194720	 0.568013	-6.556563	 19.776780	-124.855800	 23.684720	 12.573940	 12.063180	-3.908345	 9.394388	 8.503936	-0.600590	 9.066083	-93.655390	-32.065940	-0.362329	 29.343630	 40.233330	-0.537217	 0.349078	 42.758190	-0.402643	 3.687206	 0.000000	 90.000000	 0.000000	 170.859400	 6.487202	 171.077900	-176.240200	-1.951852	-4.977495
-0.008151	-0.112637	 0.014886	 171.114500	 5.110162	-87.773510	-12.158360	 3.956307	-2.648239	-10.485800	 10.011720	-2.606082	 1.475799	-5.992141	 110.438900	-0.813313	 0.122417	-8.559153	-54.272980	-22.064040	 17.315070	-3.558921	 31.027320	 1.265008	-13.429190	 24.619390	-64.186870	-5.466561	-2.015671	 9.912610	 2.503324	-1.126932	 4.512146	 3.269194	-0.634905	-79.900480	 3.760391	 3.085960	 11.956510	-0.275905	 3.148022	 9.006140	 2.903214	 4.344683	-70.220270	 37.091010	 19.680120	 15.074040	-6.822537	 19.211440	 10.820750	-5.637076	 19.245650	-70.138400	 18.290660	 10.307660	 21.439140	-3.898858	 9.395122	 9.460192	-0.473463	 9.974930	-72.425380	-57.490010	-11.473800	 6.698806	 9.284960	-0.525222	 0.082313	-19.390840	-0.175535	 3.200025	 1.664546	-8.597807	 90.629780	-96.187740	 3.289753	-115.512600	-179.441700	-3.446386	 92.809910	-0.813313	 0.122417	-8.559153	-61.114570	-39.003330	-17.095540	-65.378970	-10.104550	-9.049423	-23.359340	 5.991636	-56.059250	-14.335920	-8.329335	 72.670750	 2.455871	-1.172886	 84.253480	 1.473523	 1.679886	-20.766540	-0.482947	 1.157272	 49.220790	-0.271256	 3.148748	 10.574750	 3.018555	 3.065190	-88.388380	 48.972930	 22.678900	 0.702745	-6.953773	 19.196840	 3.860180	-6.497296	 19.693340	-119.644900	 23.488950	 12.632410	 14.802000	-3.878791	 9.399498	 11.829520	-0.548894	 9.240202	-89.485210	-32.027960	-0.324407	 29.412030	 40.319710	-0.537051	 0.349813	 42.929070	-0.402476	 3.688751	 0.000000	 90.000000	 0.000000	 170.862800	 6.261593	 171.107000	-176.248400	-1.953397	-4.968664
-0.007936	-0.112517	 0.015070	 171.135100	 5.098597	-87.758960	-12.139650	 3.953520	-2.625712	-10.475070	 10.018770	-2.585932	 1.477414	-5.998249	 110.439700	-0.813313	 0.122417	-8.559153	-54.243990	-22.104140	 17.416240	-3.554955	 31.079070	 1.261803	-13.374720	 24.675580	-64.283710	-5.466561	-2.015671	 9.912610	 2.503324	-1.126932	 4.512146	 3.269194	-0.634905	-79.900480	 3.760064	 3.085817	 11.956520	-0.275905	 3.148022	 9.006140	 2.903221	 4.344653	-70.220700	 37.091300	 19.680230	 15.073940	-6.822537	 19.211440	 10.820750	-5.637086	 19.245650	-70.139060	 18.290300	 10.307470	 21.439210	-3.898858	 9.395122	 9.460192	-0.473463	 9.974930	-72.425380	-57.489510	-11.473730	 6.698714	 9.284960	-0.525222	 0.082313	-19.390840	-0.175535	 3.200025	 1.657713	-8.566915	 90.627400	-96.233600	 3.139952	-116.334200	-179.447900	-3.388864	 92.773520	-0.813313	 0.122417	-8.559153	-60.645140	-38.979470	-16.809800	-66.851630	-9.634892	-9.174329	-23.156010	 6.258630	-56.595130	-14.341950	-8.340868	 72.718050	 2.455865	-1.172947	 84.321260	 1.471033	 1.680921	-20.714480	-0.772789	 0.885314	 50.312010	-0.260805	 3.151048	 14.171630	 3.028202	 3.355318	-84.301550	 48.711560	 22.842210	 3.375836	-6.890985	 19.202420	 7.186144	-6.429543	 19.614550	-114.383700	 23.344630	 12.708030	 17.557050	-3.849291	 9.406369	 15.189050	-0.509813	 9.419400	-85.270420	-31.991350	-0.287756	 29.478040	 40.403060	-0.536884	 0.350521	 43.093940	-0.402310	 3.690237	 0.000000	 90.000000	 0.000000	 170.866400	 6.064806	 171.125500	-176.257700	-1.955498	-4.962146
-0.007702	-0.112374	 0.015295	 171.159900	 5.083158	-87.743470	-12.117960	 3.950756	-2.601996	-10.462350	 10.025860	-2.564841	 1.480602	-6.010388	 110.440800	-0.813313	 0.122417	-8.559153	-54.216350	-22.152820	 17.525850	-3.550288	 31.128860	 1.258249	-13.314130	 24.732270	-64.395690	-5.466561	-2.015671	 9.912610	 2.503324	-1.126932	 4.512146	 3.269194	-0.634905	-79.900480	 3.759699	 3.085657	 11.956540	-0.275905	 3.148022	 9.006140	 2.903230	 4.344617	-70.221210	 37.091640	 19.680350	 15.073830	-6.822537	 19.211440	 10.820750	-5.637107	 19.245650	-70.139830	 18.289880	 10.307250	 21.439290	-3.898858	 9.395122	 9.460192	-0.473463	 9.974930	-72.425380	-57.488890	-11.473640	 6.698614	 9.284960	-0.525222	 0.082313	-19.390840	-0.175535	 3.200025	 1.649604	-8.527501	 90.624530	-96.322690	 2.831935	-117.372000	-179.454600	-3.324079	 92.756380	-0.813313	 0.122417	-8.559153	-60.065440	-38.941320	-16.441080	-68.580430	-9.088436	-9.301191	-22.800520	 6.479228	-57.152230	-14.348740	-8.353902	 72.771540	 2.455858	-1.173015	 84.397930	 1.468217	 1.682091	-20.655590	-1.095729	 0.569665	 51.552180	-0.249109	 3.154459	 18.266850	 3.013929	 3.685611	-79.645390	 48.493750	 23.036390	 6.388771	-6.820056	 19.212940	 10.972870	-6.343453	 19.532370	-108.393900	 23.222320	 12.808630	 20.683940	-3.816263	 9.416255	 19.014690	-0.481693	 9.626237	-80.468980	-31.949930	-0.246205	 29.552760	 40.497440	-0.536701	 0.351326	 43.280660	-0.402110	 3.691924	 0.000000	 90.000000	 0.000000	 170.870400	 5.867459	 171.136000	-176.270400	-1.958431	-4.956193
-0.007522	-0.112235	 0.015491	 171.179300	 5.065415	-87.731290	-12.099230	 3.948774	-2.584003	-10.451090	 10.031090	-2.549000	 1.484390	-6.024842	 110.441700	-0.813313	 0.122417	-8.559153	-54.197410	-22.196580	 17.613900	-3.546166	 31.163870	 1.255304	-13.264030	 24.774530	-64.491340	-5.466561	-2.015671	 9.912610	 2.503324	-1.126932	 4.512146	 3.269194	-0.634905	-79.900480	 3.759409	 3.085530	 11.956560	-0.275905	 3.148022	 9.006140	 2.903238	 4.344586	-70.221660	 37.091940	 19.680460	 15.073730	-6.822537	 19.211440	 10.820750	-5.637119	 19.245650	-70.140500	 18.289550	 10.307090	 21.439350	-3.898858	 9.395122	 9.460192	-0.473463	 9.974930	-72.425380	-57.488370	-11.473560	 6.698521	 9.284960	-0.525222	 0.082313	-19.390840	-0.175535	 3.200025	 1.642494	-8.489940	 90.621980	-96.393320	 2.559092	-118.289100	-179.459200	-3.277005	 92.758610	-0.813313	 0.122417	-8.559153	-59.527040	-38.894600	-16.095520	-70.130410	-8.616564	-9.398116	-22.641240	 6.678027	-57.470960	-14.354430	-8.364839	 72.816420	 2.455851	-1.173072	 84.462270	 1.465852	 1.683069	-20.606170	-1.350445	 0.310773	 52.548450	-0.239889	 3.157805	 21.564090	 2.982892	 3.950243	-75.891930	 48.356080	 23.197070	 8.799060	-6.763584	 19.224610	 14.021460	-6.267769	 19.472580	-103.568300	 23.143240	 12.896950	 23.196250	-3.790192	 9.425786	 22.096140	-0.471874	 9.794012	-76.600720	-31.915180	-0.211252	 29.615500	 40.576770	-0.536539	 0.352000	 43.437600	-0.401954	 3.693342	 0.000000	 90.000000	 0.000000	 170.873700	 5.723168	 171.137000	-176.283500	-1.961233	-4.951466
-0.007371	-0.112095	 0.015684	 171.195600	 5.045207	-87.719740	-12.080370	 3.947258	-2.568586	-10.439440	 10.035580	-2.535570	 1.489074	-6.042749	 110.442800	-0.813313	 0.122417	-8.559153	-54.182690	-22.242030	 17.696630	-3.541923	 31.192560	 1.252414	-13.215440	 24.811560	-64.586460	-5.466561	-2.015671	 9.912610	 2.503324	-1.126932	 4.512146	 3.269194	-0.634905	-79.900480	 3.759158	 3.085421	 11.956580	-0.275905	 3.148022	 9.006140	 2.903246	 4.344554	-70.222140	 37.092240	 19.680570	 15.073630	-6.822537	 19.211440	 10.820750	-5.637134	 19.245650	-70.141170	 18.289260	 10.306940	 21.439410	-3.898858	 9.395122	 9.460192	-0.473463	 9.974930	-72.425380	-57.487830	-11.473480	 6.698431	 9.284960	-0.525222	 0.082313	-19.390840	-0.175535	 3.200025	 1.635235	-8.448373	 90.619380	-96.428670	 2.348374	-119.186300	-179.463000	-3.236661	 92.772160	-0.813313	 0.122417	-8.559153	-59.007390	-38.848210	-15.749470	-71.653020	-8.166300	-9.480483	-22.589730	 6.887052	-57.714850	-14.360000	-8.375552	 72.860370	 2.455846	-1.173129	 84.525240	 1.463537	 1.684026	-20.557810	-1.573624	 0.076384	 53.433520	-0.231850	 3.161228	 24.501070	 2.940583	 4.184171	-72.542180	 48.242880	 23.339900	 10.940310	-6.713909	 19.237380	 16.736440	-6.195961	 19.424470	-99.263420	 23.077310	 12.976890	 25.431670	-3.767421	 9.435433	 24.842820	-0.472819	 9.943728	-73.153020	-31.881160	-0.176950	 29.677000	 40.654550	-0.536379	 0.352661	 43.591500	-0.401787	 3.694732	 0.000000	 90.000000	 0.000000	 170.876700	 5.601273	 171.132100	-176.296100	-1.964971	-4.950372
-0.007247	-0.111971	 0.015898	 171.207500	 5.024722	-87.706110	-12.058600	 3.946099	-2.554561	-10.425550	 10.039910	-2.523617	 1.495425	-6.067040	 110.444100	-0.813313	 0.122417	-8.559153	-54.170860	-22.296100	 17.785000	-3.536987	 31.218650	 1.249214	-13.161570	 24.848420	-64.693920	-5.466561	-2.015671	 9.912610	 2.503324	-1.126932	 4.512146	 3.269194	-0.634905	-79.900480	 3.758889	 3.085303	 11.956590	-0.275905	 3.148022	 9.006140	 2.903256	 4.344517	-70.222690	 37.092610	 19.680710	 15.073500	-6.822537	 19.211440	 10.820750	-5.637148	 19.245650	-70.141980	 18.288960	 10.306780	 21.439460	-3.898858	 9.395122	 9.460192	-0.473463	 9.974930	-72.425380	-57.487220	-11.473390	 6.698315	 9.284960	-0.525222	 0.082313	-19.390840	-0.175535	 3.200025	 1.626620	-8.388528	 90.616260	-96.426310	 2.155504	-120.143100	-179.466600	-3.197185	 92.795850	-0.813313	 0.122417	-8.559153	-58.527770	-38.819360	-15.393360	-73.179440	-7.722579	-9.552164	-22.570590	 7.101542	-57.961410	-14.366210	-8.387526	 72.909450	 2.455839	-1.173192	 84.595620	 1.460949	 1.685091	-20.503740	-1.776951	-0.143464	 54.245890	-0.224605	 3.164743	 27.208310	 2.889304	 4.397977	-69.443240	 48.117470	 23.462830	 12.918210	-6.668753	 19.251090	 19.237870	-6.126289	 19.384580	-95.280940	 23.005410	 13.043430	 27.492050	-3.746840	 9.445287	 27.378310	-0.481792	 10.081490	-69.972740	-31.843110	-0.138521	 29.745810	 40.741630	-0.536203	 0.353401	 43.763730	-0.401590	 3.696284	 0.000000	 90.000000	 0.000000	 170.879800	 5.488584	 171.121000	-176.304700	-1.971788	-4.960330
-0.007182	-0.111889	 0.016073	 171.209900	 5.009556	-87.695480	-12.039960	 3.945493	-2.544466	-10.413450	 10.042770	-2.515222	 1.501590	-6.090629	 110.445300	-0.813313	 0.122417	-8.559153	-54.164660	-22.343820	 17.855290	-3.532653	 31.236290	 1.246527	-13.116900	 24.875960	-64.784120	-5.466561	-2.015671	 9.912610	 2.503324	-1.126932	 4.512146	 3.269194	-0.634905	-79.900480	 3.758676	 3.085210	 11.956600	-0.275905	 3.148022	 9.006140	 2.903264	 4.344485	-70.223140	 37.092910	 19.680820	 15.073400	-6.822537	 19.211440	 10.820750	-5.637164	 19.245650	-70.142650	 18.288710	 10.306650	 21.439510	-3.898858	 9.395122	 9.460192	-0.473463	 9.974930	-72.425380	-57.486670	-11.473310	 6.698222	 9.284960	-0.525222	 0.082313	-19.390840	-0.175535	 3.200025	 1.618997	-8.320931	 90.613430	-96.399760	 2.014380	-120.866200	-179.469300	-3.167675	 92.817920	-0.813313	 0.122417	-8.559153	-58.179130	-38.803700	-15.118470	-74.358090	-7.390018	-9.600542	-22.516500	 7.232736	-58.140690	-14.371350	-8.397477	 72.950280	 2.455833	-1.173243	 84.654140	 1.458797	 1.685975	-20.458800	-1.895041	-0.273794	 54.713050	-0.220482	 3.166937	 28.778150	 2.853989	 4.521531	-67.631870	 47.991540	 23.515700	 14.080250	-6.642905	 19.259880	 20.686580	-6.084217	 19.363380	-92.950850	 22.936470	 13.065440	 28.689420	-3.735074	 9.451429	 28.853560	-0.490558	 10.161130	-68.126700	-31.811460	-0.106467	 29.803090	 40.814190	-0.536058	 0.354017	 43.907230	-0.401429	 3.697576	 0.000000	 90.000000	 0.000000	 170.881900	 5.414308	 171.108400	-176.307700	-1.979542	-4.977266
-0.007152	-0.111826	 0.016229	 171.206600	 4.997180	-87.688040	-12.022370	 3.945017	-2.534819	-10.402030	 10.044720	-2.507228	 1.507968	-6.115046	 110.446500	-0.813313	 0.122417	-8.559153	-54.161930	-22.390290	 17.917790	-3.528491	 31.249890	 1.243997	-13.075480	 24.899380	-64.867900	-5.466561	-2.015671	 9.912610	 2.503324	-1.126932	 4.512146	 3.269194	-0.634905	-79.900480	 3.758484	 3.085126	 11.956620	-0.275905	 3.148022	 9.006140	 2.903271	 4.344454	-70.223590	 37.093200	 19.680930	 15.073300	-6.822537	 19.211440	 10.820750	-5.637175	 19.245660	-70.143330	 18.288520	 10.306550	 21.439550	-3.898858	 9.395122	 9.460192	-0.473463	 9.974930	-72.425380	-57.486130	-11.473230	 6.698143	 9.284960	-0.525222	 0.082313	-19.390840	-0.175535	 3.200025	 1.611569	-8.246254	 90.610680	-96.360600	 1.889440	-121.482000	-179.471600	-3.141949	 92.835920	-0.813313	 0.122417	-8.559153	-57.866970	-38.785560	-14.878100	-75.422590	-7.092714	-9.640158	-22.342080	 7.286532	-58.308530	-14.376110	-8.406689	 72.988030	 2.455828	-1.173292	 84.708240	 1.456805	 1.686792	-20.417220	-1.949809	-0.334499	 54.914360	-0.218676	 3.167945	 29.473490	 2.836625	 4.577363	-66.807590	 47.835980	 23.505830	 14.625050	-6.631586	 19.263950	 21.325340	-6.064695	 19.354240	-91.885810	 22.855120	 13.044620	 29.225730	-3.729853	 9.454282	 29.514790	-0.495283	 10.196400	-67.306980	-31.782150	-0.076730	 29.856200	 40.881420	-0.535919	 0.354587	 44.040250	-0.401272	 3.698777	 0.000000	 90.000000	 0.000000	 170.883400	 5.361775	 171.095400	-176.307600	-1.988363	-4.999511
-0.007147	-0.111758	 0.016404	 171.197100	 4.984473	-87.682160	-12.000870	 3.944556	-2.522842	-10.388070	 10.046040	-2.497343	 1.516402	-6.147331	 110.448000	-0.813313	 0.122417	-8.559153	-54.162460	-22.448900	 17.989330	-3.523327	 31.263610	 1.240932	-13.025610	 24.925590	-64.968090	-5.466561	-2.015671	 9.912610	 2.503324	-1.126932	 4.512146	 3.269194	-0.634905	-79.900480	 3.758310	 3.085050	 11.956620	-0.275905	 3.148022	 9.006140	 2.903281	 4.344416	-70.224140	 37.093590	 19.681070	 15.073170	-6.822537	 19.211440	 10.820750	-5.637194	 19.245660	-70.144130	 18.288300	 10.306440	 21.439590	-3.898858	 9.395122	 9.460192	-0.473463	 9.974930	-72.425380	-57.485490	-11.473130	 6.698020	 9.284960	-0.525222	 0.082313	-19.390840	-0.175535	 3.200025	 1.602236	-8.145522	 90.607200	-96.302630	 1.735461	-122.181900	-179.474500	-3.111571	 92.847790	-0.813313	 0.122417	-8.559153	-57.493760	-38.752560	-14.615050	-76.736180	-6.737111	-9.685678	-21.971820	 7.269372	-58.539310	-14.381780	-8.417695	 73.033130	 2.455823	-1.173350	 84.772900	 1.454425	 1.687766	-20.367570	-2.413323	-0.880540	 57.035030	-0.201485	 3.179083	 36.364080	 2.636819	 5.083448	-59.129180	 43.956210	 22.441640	 21.147840	-6.521145	 19.311180	 27.721860	-5.877313	 19.286500	-82.069930	 21.120630	 12.182970	 34.865350	-3.681334	 9.484743	 35.891820	-0.569164	 10.539190	-59.219480	-31.747130	-0.041132	 29.919680	 40.961890	-0.535755	 0.355272	 44.199390	-0.401083	 3.700208	 0.000000	 90.000000	 0.000000	 170.884700	 5.320048	 171.079800	-176.304200	-2.000836	-5.033629
-0.007156	-0.111703	 0.016532	 171.186200	 4.975852	-87.679830	-11.983100	 3.944329	-2.512787	-10.376540	 10.046290	-2.489082	 1.523804	-6.175674	 110.449200	-0.813313	 0.122417	-8.559153	-54.165900	-22.498670	 18.044650	-3.518957	 31.273620	 1.238370	-12.984870	 24.946100	-65.048470	-5.466561	-2.015671	 9.912610	 2.503324	-1.126932	 4.512146	 3.269194	-0.634905	-79.900480	 3.758175	 3.084991	 11.956630	-0.275905	 3.148022	 9.006140	 2.903289	 4.344384	-70.224600	 37.093900	 19.681190	 15.073060	-6.822537	 19.211440	 10.820750	-5.637208	 19.245660	-70.144840	 18.288150	 10.306360	 21.439620	-3.898858	 9.395122	 9.460192	-0.473463	 9.974930	-72.425380	-57.484940	-11.473050	 6.697932	 9.284960	-0.525222	 0.082313	-19.390840	-0.175535	 3.200025	 1.594361	-8.058772	 90.604230	-96.247770	 1.616377	-122.745700	-179.477200	-3.085715	 92.843570	-0.813313	 0.122417	-8.559153	-57.216920	-38.721320	-14.440750	-77.899730	-6.436814	-9.724445	-21.654950	 7.248450	-58.763850	-14.386340	-8.426559	 73.069500	 2.455818	-1.173396	 84.825000	 1.452505	 1.688550	-20.327530	-4.535625	-4.047745	 68.093280	-0.139981	 3.265291	 72.588070	 0.642220	 7.037864	-18.904140	 30.992840	 13.878310	 53.350120	-6.069360	 19.729940	 61.624170	-4.795512	 19.505080	-25.780710	 14.543890	 5.943710	 63.815820	-3.500222	 9.715936	 69.191220	-1.791746	 12.032410	-13.719600	-31.718840	-0.012340	 29.970950	 41.026880	-0.535622	 0.355822	 44.327990	-0.400933	 3.701368	 0.000000	 90.000000	 0.000000	 170.885200	 5.303544	 171.069000	-176.299500	-2.012336	-5.066438
-0.007179	-0.111659	 0.016641	 171.174800	 4.969172	-87.679580	-11.966300	 3.944170	-2.503154	-10.365650	 10.045860	-2.481205	 1.531055	-6.203437	 110.450400	-0.813313	 0.122417	-8.559153	-54.171380	-22.546760	 18.093980	-3.514729	 31.282910	 1.235906	-12.946690	 24.965190	-65.121370	-5.466561	-2.015671	 9.912610	 2.503324	-1.126932	 4.512146	 3.269194	-0.634905	-79.900480	 3.758061	 3.084940	 11.956640	-0.275905	 3.148022	 9.006140	 2.903297	 4.344353	-70.225060	 37.094210	 19.681310	 15.072960	-6.822537	 19.211440	 10.820750	-5.637222	 19.245660	-70.145510	 18.288030	 10.306300	 21.439640	-3.898858	 9.395122	 9.460192	-0.473463	 9.974930	-72.425380	-57.484420	-11.472970	 6.697838	 9.284960	-0.525222	 0.082313	-19.390840	-0.175535	 3.200025	 1.586816	-7.977768	 90.601380	-96.188190	 1.528728	-123.291500	-179.480000	-3.059239	 92.822940	-0.813313	 0.122417	-8.559153	-56.984360	-38.687580	-14.320850	-78.887290	-6.181602	-9.759782	-21.439210	 7.272568	-59.016850	-14.390550	-8.434744	 73.103010	 2.455814	-1.173439	 84.873060	 1.450734	 1.689271	-20.290610	-4.732433	-4.426795	 69.358630	-0.136715	 3.277234	 76.755600	 0.336878	 7.161139	-14.260190	 29.954200	 12.545580	 56.785800	-6.036182	 19.792370	 65.535550	-4.781099	 19.516770	-24.852070	 14.625780	 5.783370	 66.994660	-3.488900	 9.748132	 73.023220	-1.820949	 12.047670	-12.967980	-31.692750	 0.014312	 30.018350	 41.086990	-0.535492	 0.356331	 44.446900	-0.400783	 3.702440	 0.000000	 90.000000	 0.000000	 170.885200	 5.302227	 171.062100	-176.293900	-2.024010	-5.100215
-0.007225	-0.111633	 0.016757	 171.162400	 4.963264	-87.681750	-11.945890	 3.944118	-2.491257	-10.352400	 10.044410	-2.471519	 1.540120	-6.238142	 110.451900	-0.813313	 0.122417	-8.559153	-54.180710	-22.606630	 18.150540	-3.509548	 31.295290	 1.232861	-12.900410	 24.989050	-65.204850	-5.466561	-2.015671	 9.912610	 2.503324	-1.126932	 4.512146	 3.269194	-0.634905	-79.900480	 3.757963	 3.084898	 11.956650	-0.275905	 3.148022	 9.006140	 2.903307	 4.344313	-70.225630	 37.094590	 19.681440	 15.072830	-6.822537	 19.211440	 10.820750	-5.637237	 19.245660	-70.146350	 18.287920	 10.306240	 21.439660	-3.898858	 9.395122	 9.460192	-0.473463	 9.974930	-72.425380	-57.483760	-11.472880	 6.697719	 9.284960	-0.525222	 0.082313	-19.390840	-0.175535	 3.200025	 1.577560	-7.885764	 90.597860	-96.111040	 1.453299	-124.012100	-179.484600	-3.018767	 92.772580	-0.813313	 0.122417	-8.559153	-56.744860	-38.638090	-14.253510	-79.870290	-5.922547	-9.805231	-21.236230	 7.361463	-59.481260	-14.395530	-8.444457	 73.142830	 2.455809	-1.173490	 84.930110	 1.448632	 1.690126	-20.246780	-4.826970	-4.610189	 69.927730	-0.135534	 3.282666	 78.626810	 0.197473	 7.208170	-12.186100	 29.695800	 12.083240	 58.373610	-6.022665	 19.821300	 67.306520	-4.719067	 19.571750	-20.691020	 14.319970	 5.278976	 68.474270	-3.484554	 9.762739	 74.734830	-1.950591	 12.109760	-9.690386	-31.661700	 0.046039	 30.074710	 41.158510	-0.535342	 0.356938	 44.588360	-0.400611	 3.703712	 0.000000	 90.000000	 0.000000	 170.884800	 5.319139	 171.048700	-176.286600	-2.038950	-5.143593
-0.007258	-0.111635	 0.016835	 171.156300	 4.960733	-87.685650	-11.929130	 3.944208	-2.481341	-10.341530	 10.042580	-2.463471	 1.547636	-6.266919	 110.453100	-0.813313	 0.122417	-8.559153	-54.190280	-22.656650	 18.194330	-3.505219	 31.307450	 1.230288	-12.862360	 25.010090	-65.268800	-5.466561	-2.015671	 9.912610	 2.503324	-1.126932	 4.512146	 3.269194	-0.634905	-79.900480	 3.757906	 3.084873	 11.956650	-0.275905	 3.148022	 9.006140	 2.903315	 4.344281	-70.226100	 37.094910	 19.681560	 15.072720	-6.822537	 19.211440	 10.820750	-5.637254	 19.245660	-70.147040	 18.287860	 10.306210	 21.439680	-3.898858	 9.395122	 9.460192	-0.473463	 9.974930	-72.425380	-57.483210	-11.472790	 6.697628	 9.284960	-0.525222	 0.082313	-19.390840	-0.175535	 3.200025	 1.569965	-7.820465	 90.594970	-96.052040	 1.409928	-124.623100	-179.489600	-2.974432	 92.714320	-0.813313	 0.122417	-8.559153	-56.586360	-38.589530	-14.272010	-80.749830	-5.703070	-9.851837	-21.029740	 7.449080	-60.032990	-14.399500	-8.452209	 73.174580	 2.455805	-1.173531	 84.975620	 1.446955	 1.690806	-20.211820	-4.952190	-4.863269	 70.726360	-0.134207	 3.290158	 81.187990	-0.002184	 7.266004	-9.255958	 29.279620	 11.353490	 60.571400	-6.005272	 19.862620	 69.797580	-4.664595	 19.627330	-16.767210	 14.093140	 4.792057	 70.530190	-3.479176	 9.783558	 77.150790	-2.075956	 12.161560	-6.600140	-31.636920	 0.071419	 30.119760	 41.215690	-0.535224	 0.357423	 44.701490	-0.400461	 3.704730	 0.000000	 90.000000	 0.000000	 170.884500	 5.348162	 171.022200	-176.281000	-2.051571	-5.179743
-0.007285	-0.111658	 0.016902	 171.155700	 4.960121	-87.691680	-11.911810	 3.944405	-2.470957	-10.330300	 10.039990	-2.455067	 1.555359	-6.296480	 110.454400	-0.813313	 0.122417	-8.559153	-54.201730	-22.709120	 18.237450	-3.500658	 31.323140	 1.227521	-12.822650	 25.034220	-65.330670	-5.466561	-2.015671	 9.912610	 2.503324	-1.126932	 4.512146	 3.269194	-0.634905	-79.900480	 3.757867	 3.084856	 11.956650	-0.275905	 3.148022	 9.006140	 2.903323	 4.344248	-70.226590	 37.095250	 19.681690	 15.072610	-6.822537	 19.211440	 10.820750	-5.637267	 19.245660	-70.147770	 18.287800	 10.306180	 21.439690	-3.898858	 9.395122	 9.460192	-0.473463	 9.974930	-72.425380	-57.482640	-11.472710	 6.697525	 9.284960	-0.525222	 0.082313	-19.390840	-0.175535	 3.200025	 1.562151	-7.767525	 90.592030	-96.005200	 1.371818	-125.211800	-179.495700	-2.919127	 92.641080	-0.813313	 0.122417	-8.559153	-56.454010	-38.533510	-14.353060	-81.633290	-5.487132	-9.906743	-20.713350	 7.495309	-60.670790	-14.403480	-8.460001	 73.206510	 2.455801	-1.173571	 85.021400	 1.445267	 1.691489	-20.176660	-5.068412	-5.106911	 71.492880	-0.133309	 3.296869	 83.467100	-0.196504	 7.311943	-6.441612	 28.913370	 10.644590	 62.667470	-5.990382	 19.902940	 72.190380	-4.616187	 19.683890	-12.997880	 13.895720	 4.322183	 72.499850	-3.474854	 9.803744	 79.470960	-2.198889	 12.205020	-3.631932	-31.611940	 0.097038	 30.165180	 41.273380	-0.535100	 0.357912	 44.815610	-0.400321	 3.705757	 0.000000	 90.000000	 0.000000	 170.884300	 5.391597	 170.983500	-176.276300	-2.064734	-5.216307
-0.007297	-0.111700	 0.016965	 171.163600	 4.961574	-87.700720	-11.892530	 3.944780	-2.459217	-10.317790	 10.036360	-2.445627	 1.563755	-6.328626	 110.455700	-0.813313	 0.122417	-8.559153	-54.215930	-22.768310	 18.283220	-3.495512	 31.345830	 1.224296	-12.777620	 25.065170	-65.394390	-5.466561	-2.015671	 9.912610	 2.503324	-1.126932	 4.512146	 3.269194	-0.634905	-79.900480	 3.757828	 3.084839	 11.956650	-0.275905	 3.148022	 9.006140	 2.903333	 4.344208	-70.227160	 37.095630	 19.681830	 15.072480	-6.822537	 19.211440	 10.820750	-5.637286	 19.245660	-70.148590	 18.287780	 10.306170	 21.439690	-3.898858	 9.395122	 9.460192	-0.473463	 9.974930	-72.425380	-57.481990	-11.472610	 6.697415	 9.284960	-0.525222	 0.082313	-19.390840	-0.175535	 3.200025	 1.553634	-7.739285	 90.588800	-95.978450	 1.333365	-125.824300	-179.503500	-2.847893	 92.547920	-0.813313	 0.122417	-8.559153	-56.338620	-38.466160	-14.506660	-82.598620	-5.256419	-9.975768	-20.275340	 7.476792	-61.324660	-14.407770	-8.468410	 73.240970	 2.455797	-1.173616	 85.070780	 1.443446	 1.692225	-20.138730	-5.183220	-5.356699	 72.276610	-0.132715	 3.303114	 85.578660	-0.397421	 7.349086	-3.562099	 28.572660	 9.912948	 64.797720	-5.977004	 19.944740	 74.638910	-4.570843	 19.744740	-9.140434	 13.714510	 3.840226	 74.510340	-3.471294	 9.824556	 81.844730	-2.326882	 12.242980	-0.594814	-31.584910	 0.124813	 30.214360	 41.335820	-0.534969	 0.358441	 44.939120	-0.400159	 3.706868	 0.000000	 90.000000	 0.000000	 170.884100	 5.454679	 170.931200	-176.273300	-2.079124	-5.254336
-0.007283	-0.111742	 0.017013	 171.180100	 4.964470	-87.710750	-11.875490	 3.945197	-2.448689	-10.306740	 10.032570	-2.437184	 1.570863	-6.355831	 110.456900	-0.813313	 0.122417	-8.559153	-54.229400	-22.821120	 18.322130	-3.490948	 31.361360	 1.221511	-12.735940	 25.087010	-65.448530	-5.466561	-2.015671	 9.912610	 2.503324	-1.126932	 4.512146	 3.269194	-0.634905	-79.900480	 3.757828	 3.084839	 11.956650	-0.275905	 3.148022	 9.006140	 2.903342	 4.344173	-70.227660	 37.095960	 19.681950	 15.072370	-6.822537	 19.211440	 10.820750	-5.637300	 19.245660	-70.149350	 18.287800	 10.306180	 21.439690	-3.898858	 9.395122	 9.460192	-0.473463	 9.974930	-72.425380	-57.481390	-11.472520	 6.697314	 9.284960	-0.525222	 0.082313	-19.390840	-0.175535	 3.200025	 1.546338	-7.749633	 90.586080	-95.992160	 1.295379	-126.337200	-179.511000	-2.777943	 92.459140	-0.813313	 0.122417	-8.559153	-56.258980	-38.404210	-14.687700	-83.448970	-5.057426	-10.043270	-19.899130	 7.427322	-61.784470	-14.411450	-8.475608	 73.270430	 2.455793	-1.173653	 85.113010	 1.441889	 1.692854	-20.106300	-5.272774	-5.558461	 72.908330	-0.132434	 3.307574	 87.082820	-0.560652	 7.371715	-1.239929	 28.322980	 9.319488	 66.505530	-5.967611	 19.978820	 76.613720	-4.537503	 19.795800	-6.028923	 13.583720	 3.451422	 76.128410	-3.469061	 9.841433	 83.758870	-2.431484	 12.268720	 1.854500	-31.561760	 0.148630	 30.256510	 41.389380	-0.534859	 0.358895	 45.045080	-0.400017	 3.707820	 0.000000	 90.000000	 0.000000	 170.883700	 5.522168	 170.881300	-176.273700	-2.091313	-5.284007
-0.007251	-0.111774	 0.017050	 171.201100	 4.968046	-87.720810	-11.860490	 3.945671	-2.439277	-10.296980	 10.028720	-2.429687	 1.576775	-6.378451	 110.457800	-0.813313	 0.122417	-8.559153	-54.241750	-22.867990	 18.355530	-3.486763	 31.363310	 1.219239	-12.696720	 25.093730	-65.496640	-5.466561	-2.015671	 9.912610	 2.503324	-1.126932	 4.512146	 3.269194	-0.634905	-79.900480	 3.757867	 3.084856	 11.956650	-0.275905	 3.148022	 9.006140	 2.903350	 4.344141	-70.228120	 37.096280	 19.682070	 15.072260	-6.822537	 19.211440	 10.820750	-5.637314	 19.245660	-70.150020	 18.287820	 10.306190	 21.439680	-3.898858	 9.395122	 9.460192	-0.473463	 9.974930	-72.425380	-57.480850	-11.472440	 6.697223	 9.284960	-0.525222	 0.082313	-19.390840	-0.175535	 3.200025	 1.540058	-7.783242	 90.583740	-96.038730	 1.256351	-126.774400	-179.518000	-2.712019	 92.378880	-0.813313	 0.122417	-8.559153	-56.201450	-38.349110	-14.874150	-84.207080	-4.883017	-10.107390	-19.629000	 7.394022	-62.124630	-14.414570	-8.481751	 73.295610	 2.455790	-1.173686	 85.149080	 1.440557	 1.693391	-20.078580	-5.343054	-5.721430	 73.417810	-0.132307	 3.310701	 88.136540	-0.692946	 7.385180	 0.633774	 28.137820	 8.839084	 67.877310	-5.960947	 20.006530	 78.207390	-4.512773	 19.838190	-3.517739	 13.488150	 3.138007	 77.432020	-3.467679	 9.855096	 85.303360	-2.516648	 12.286300	 3.830884	-31.541910	 0.169077	 30.292650	 41.435320	-0.534759	 0.359283	 45.135970	-0.399897	 3.708636	 0.000000	 90.000000	 0.000000	 170.883100	 5.589797	 170.837800	-176.276200	-2.101666	-5.305728
-0.007191	-0.111797	 0.017093	 171.230700	 4.973339	-87.733830	-11.842260	 3.946374	-2.427665	-10.285120	 10.023500	-2.420452	 1.583362	-6.403653	 110.458900	-0.813313	 0.122417	-8.559153	-54.256910	-22.925160	 18.395400	-3.481682	 31.352830	 1.216725	-12.652520	 25.091060	-65.552700	-5.466561	-2.015671	 9.912610	 2.503324	-1.126932	 4.512146	 3.269194	-0.634905	-79.900480	 3.757905	 3.084872	 11.956650	-0.275905	 3.148022	 9.006140	 2.903360	 4.344104	-70.228680	 37.096690	 19.682220	 15.072120	-6.822537	 19.211440	 10.820750	-5.637331	 19.245660	-70.150860	 18.287900	 10.306230	 21.439660	-3.898858	 9.395122	 9.460192	-0.473463	 9.974930	-72.425380	-57.480200	-11.472340	 6.697101	 9.284960	-0.525222	 0.082313	-19.390840	-0.175535	 3.200025	 1.532568	-7.850779	 90.580990	-96.131840	 1.206374	-127.294600	-179.526700	-2.628275	 92.282930	-0.813313	 0.122417	-8.559153	-56.141410	-38.283570	-15.123290	-85.153270	-4.668492	-10.190360	-19.428400	 7.398391	-62.468300	-14.418250	-8.488984	 73.325170	 2.455787	-1.173724	 85.191480	 1.438993	 1.694020	-20.046020	-5.418193	-5.900549	 73.977130	-0.132241	 3.313521	 89.085970	-0.838649	 7.395017	 2.691408	 27.951180	 8.310554	 69.377630	-5.954572	 20.037140	 79.957700	-4.487914	 19.885870	-0.759414	 13.393480	 2.794555	 78.861680	-3.466593	 9.870136	 86.999470	-2.610827	 12.302280	 6.001343	-31.518530	 0.193202	 30.335230	 41.489510	-0.534649	 0.359746	 45.243130	-0.399746	 3.709600	 0.000000	 90.000000	 0.000000	 170.881800	 5.680883	 170.790300	-176.280500	-2.113978	-5.324699
-0.007121	-0.111797	 0.017133	 171.260600	 4.978693	-87.745860	-11.825900	 3.947143	-2.417116	-10.274480	 10.018330	-2.412088	 1.588547	-6.423484	 110.459800	-0.813313	 0.122417	-8.559153	-54.270270	-22.976440	 18.430870	-3.477011	 31.333650	 1.214638	-12.623950	 25.084160	-65.597300	-5.466561	-2.015671	 9.912610	 2.503324	-1.126932	 4.512146	 3.269194	-0.634905	-79.900480	 3.757982	 3.084906	 11.956650	-0.275905	 3.148022	 9.006140	 2.903370	 4.344069	-70.229220	 37.097020	 19.682340	 15.072000	-6.822537	 19.211440	 10.820750	-5.637345	 19.245670	-70.151620	 18.287980	 10.306270	 21.439650	-3.898858	 9.395122	 9.460192	-0.473463	 9.974930	-72.425380	-57.479600	-11.472250	 6.697005	 9.284960	-0.525222	 0.082313	-19.390840	-0.175535	 3.200025	 1.525949	-7.931856	 90.578560	-96.242220	 1.163369	-127.758300	-179.534500	-2.551526	 92.202600	-0.813313	 0.122417	-8.559153	-56.090480	-38.228230	-15.355910	-85.960100	-4.485961	-10.268710	-19.338280	 7.435214	-62.731820	-14.421420	-8.495207	 73.350660	 2.455784	-1.173756	 85.228000	 1.437644	 1.694562	-20.017940	-5.476491	-6.043254	 74.422290	-0.132224	 3.315169	 89.640750	-0.954837	 7.399132	 4.329462	 27.815090	 7.889483	 70.567630	-5.950210	 20.061630	 81.351340	-4.469882	 19.924590	 1.436979	 13.325750	 2.521897	 79.998470	-3.466050	 9.882129	 88.349710	-2.686204	 12.312500	 7.729274	-31.498290	 0.214120	 30.372130	 41.536420	-0.534538	 0.360138	 45.335930	-0.399626	 3.710436	 0.000000	 90.000000	 0.000000	 170.880100	 5.769359	 170.757600	-176.285600	-2.124723	-5.332979
-0.007051	-0.111770	 0.017168	 171.288800	 4.981223	-87.756590	-11.811810	 3.947889	-2.407886	-10.265300	 10.013510	-2.404799	 1.592463	-6.438460	 110.460500	-0.813313	 0.122417	-8.559153	-54.281280	-23.020570	 18.461650	-3.472963	 31.311320	 1.212923	-12.607040	 25.076090	-65.631580	-5.466561	-2.015671	 9.912610	 2.503324	-1.126932	 4.512146	 3.269194	-0.634905	-79.900480	 3.758061	 3.084940	 11.956640	-0.275905	 3.148022	 9.006140	 2.903378	 4.344035	-70.229680	 37.097340	 19.682460	 15.071900	-6.822537	 19.211440	 10.820750	-5.637357	 19.245670	-70.152310	 18.288070	 10.306320	 21.439640	-3.898858	 9.395122	 9.460192	-0.473463	 9.974930	-72.425380	-57.479080	-11.472170	 6.696910	 9.284960	-0.525222	 0.082313	-19.390840	-0.175535	 3.200025	 1.520249	-8.013960	 90.576500	-96.352170	 1.130808	-128.162900	-179.541000	-2.485374	 92.140960	-0.813313	 0.122417	-8.559153	-56.043620	-38.184700	-15.554470	-86.567300	-4.347128	-10.339440	-19.295600	 7.479484	-62.943200	-14.424040	-8.500393	 73.371890	 2.455781	-1.173783	 85.258410	 1.436521	 1.695012	-19.994580	-5.520322	-6.152843	 74.763920	-0.132222	 3.315956	 89.905590	-1.044075	 7.400057	 5.586833	 27.718090	 7.566295	 71.478550	-5.947290	 20.080490	 82.421190	-4.457117	 19.954740	 3.123283	 13.278350	 2.313215	 80.870290	-3.465829	 9.891342	 89.386220	-2.744259	 12.318840	 9.055662	-31.481380	 0.231589	 30.402930	 41.575620	-0.534456	 0.360473	 45.413520	-0.399516	 3.711131	 0.000000	 90.000000	 0.000000	 170.877900	 5.849820	 170.740700	-176.291000	-2.133685	-5.332017
-0.006949	-0.111691	 0.017206	 171.327000	 4.977696	-87.770670	-11.794140	 3.948937	-2.396125	-10.253770	 10.007060	-2.395547	 1.596781	-6.454964	 110.461200	-0.813313	 0.122417	-8.559153	-54.293980	-23.075610	 18.500960	-3.467789	 31.278160	 1.210834	-12.594900	 25.065020	-65.669110	-5.466561	-2.015671	 9.912610	 2.503324	-1.126932	 4.512146	 3.269194	-0.634905	-79.900480	 3.758175	 3.084991	 11.956630	-0.275905	 3.148022	 9.006140	 2.903388	 4.343997	-70.230240	 37.097740	 19.682610	 15.071760	-6.822537	 19.211440	 10.820750	-5.637378	 19.245670	-70.153140	 18.288210	 10.306390	 21.439610	-3.898858	 9.395122	 9.460192	-0.473463	 9.974930	-72.425380	-57.478400	-11.472070	 6.696793	 9.284960	-0.525222	 0.082313	-19.390840	-0.175535	 3.200025	 1.513095	-8.127886	 90.573850	-96.503210	 1.096184	-128.650700	-179.548900	-2.404437	 92.078370	-0.813313	 0.122417	-8.559153	-55.973780	-38.137990	-15.787620	-87.234870	-4.192511	-10.432120	-19.241740	 7.533267	-63.212690	-14.427210	-8.506640	 73.397460	 2.455779	-1.173816	 85.295060	 1.435168	 1.695555	-19.966430	-5.567273	-6.272560	 75.136960	-0.132222	 3.316158	 89.973430	-1.141533	 7.398848	 6.960049	 27.619560	 7.213543	 72.470980	-5.944534	 20.101150	 83.589830	-4.444256	 19.988060	 4.965326	 13.231140	 2.086016	 81.821780	-3.465780	 9.901402	 90.518240	-2.807820	 12.324250	 10.504370	-31.460950	 0.252766	 30.440240	 41.623090	-0.534361	 0.360875	 45.507420	-0.399388	 3.711974	 0.000000	 90.000000	 0.000000	 170.874100	 5.954799	 170.735000	-176.299100	-2.144498	-5.322193
-0.006854	-0.111595	 0.017228	 171.360600	 4.969177	-87.782390	-11.779510	 3.949926	-2.386275	-10.244220	 10.001410	-2.387834	 1.599873	-6.466778	 110.461800	-0.813313	 0.122417	-8.559153	-54.303150	-23.120680	 18.534450	-3.463519	 31.248570	 1.209163	-12.591580	 25.056740	-65.695680	-5.466561	-2.015671	 9.912610	 2.503324	-1.126932	 4.512146	 3.269194	-0.634905	-79.900480	 3.758310	 3.085050	 11.956620	-0.275905	 3.148022	 9.006140	 2.903396	 4.343962	-70.230750	 37.098070	 19.682730	 15.071650	-6.822537	 19.211440	 10.820750	-5.637393	 19.245670	-70.153880	 18.288340	 10.306460	 21.439580	-3.898858	 9.395122	 9.460192	-0.473463	 9.974930	-72.425380	-57.477830	-11.471990	 6.696688	 9.284960	-0.525222	 0.082313	-19.390840	-0.175535	 3.200025	 1.507120	-8.226851	 90.571680	-96.634180	 1.071585	-129.005000	-179.555000	-2.340991	 92.043210	-0.813313	 0.122417	-8.559153	-55.900330	-38.108130	-15.955200	-87.727580	-4.076613	-10.511550	-19.147610	 7.550569	-63.441670	-14.429720	-8.511580	 73.417650	 2.455776	-1.173842	 85.324010	 1.434098	 1.695983	-19.944190	-5.599659	-6.356613	 75.398790	-0.132223	 3.315707	 89.821500	-1.209909	 7.396617	 7.923923	 27.555020	 6.966183	 73.166170	-5.942867	 20.115670	 84.410210	-4.435914	 20.011660	 6.258535	 13.200820	 1.927031	 82.489220	-3.465867	 9.908467	 91.312850	-2.852508	 12.327120	 11.521230	-31.444700	 0.269612	 30.469910	 41.660860	-0.534276	 0.361194	 45.582080	-0.399280	 3.712642	 0.000000	 90.000000	 0.000000	 170.870100	 6.043972	 170.741500	-176.306900	-2.153099	-5.310890
-0.006750	-0.111472	 0.017242	 171.395400	 4.955365	-87.793660	-11.764920	 3.950993	-2.376297	-10.234670	 9.995505	-2.380024	 1.602566	-6.477064	 110.462300	-0.813313	 0.122417	-8.559153	-54.310680	-23.165120	 18.569280	-3.459195	 31.219170	 1.207471	-12.593400	 25.050810	-65.718280	-5.466561	-2.015671	 9.912610	 2.503324	-1.126932	 4.512146	 3.269194	-0.634905	-79.900480	 3.758445	 3.085109	 11.956620	-0.275905	 3.148022	 9.006140	 2.903405	 4.343927	-70.231250	 37.098440	 19.682870	 15.071530	-6.822537	 19.211440	 10.820750	-5.637406	 19.245670	-70.154620	 18.288520	 10.306550	 21.439550	-3.898858	 9.395122	 9.460192	-0.473463	 9.974930	-72.425380	-57.477260	-11.471900	 6.696593	 9.284960	-0.525222	 0.082313	-19.390840	-0.175535	 3.200025	 1.501040	-8.325618	 90.569410	-96.763570	 1.053820	-129.323400	-179.560500	-2.282466	 92.019920	-0.813313	 0.122417	-8.559153	-55.806290	-38.088320	-16.088230	-88.186230	-3.967095	-10.592840	-18.999060	 7.533816	-63.657740	-14.432110	-8.516309	 73.436980	 2.455774	-1.173867	 85.351710	 1.433074	 1.696392	-19.922890	-5.626472	-6.427145	 75.618390	-0.132227	 3.314740	 89.496150	-1.267237	 7.393864	 8.732554	 27.503770	 6.758860	 73.748470	-5.941639	 20.127880	 85.098480	-4.429351	 20.031610	 7.343565	 13.177170	 1.794006	 83.048870	-3.466017	 9.914392	 91.979500	-2.890032	 12.328920	 12.374290	-31.429080	 0.285821	 30.498430	 41.697160	-0.534200	 0.361501	 45.653930	-0.399179	 3.713290	 0.000000	 90.000000	 0.000000	 170.865400	 6.134138	 170.756300	-176.315600	-2.161299	-5.296959
-0.006615	-0.111290	 0.017250	 171.436000	 4.932135	-87.805290	-11.747950	 3.952371	-2.364517	-10.223540	 9.988339	-2.370864	 1.605237	-6.487267	 110.462900	-0.813313	 0.122417	-8.559153	-54.316870	-23.215920	 18.612090	-3.454136	 31.188110	 1.205400	-12.600670	 25.049120	-65.739880	-5.466561	-2.015671	 9.912610	 2.503324	-1.126932	 4.512146	 3.269194	-0.634905	-79.900480	 3.758619	 3.085185	 11.956610	-0.275905	 3.148022	 9.006140	 2.903416	 4.343887	-70.231830	 37.098850	 19.683020	 15.071380	-6.822537	 19.211440	 10.820750	-5.637424	 19.245670	-70.155490	 18.288720	 10.306660	 21.439510	-3.898858	 9.395122	 9.460192	-0.473463	 9.974930	-72.425380	-57.476570	-11.471800	 6.696457	 9.284960	-0.525222	 0.082313	-19.390840	-0.175535	 3.200025	 1.493778	-8.434467	 90.566700	-96.902700	 1.046038	-129.662600	-179.566100	-2.222811	 91.995830	-0.813313	 0.122417	-8.559153	-55.662090	-38.080610	-16.184010	-88.704880	-3.841181	-10.688680	-18.794260	 7.491085	-63.889250	-14.434740	-8.521525	 73.458370	 2.455771	-1.173894	 85.382340	 1.431943	 1.696844	-19.899370	-5.650973	-6.492387	 75.821530	-0.132249	 3.313025	 88.918950	-1.320220	 7.390604	 9.480469	 27.458750	 6.567307	 74.286340	-5.940645	 20.139180	 85.735190	-4.423640	 20.050150	 8.347324	 13.156760	 1.671293	 83.566350	-3.466215	 9.919868	 92.596090	-2.924763	 12.330110	 13.163380	-31.411690	 0.303888	 30.530190	 41.737610	-0.534103	 0.361841	 45.733950	-0.399059	 3.714005	 0.000000	 90.000000	 0.000000	 170.859100	 6.239081	 170.781500	-176.327000	-2.170317	-5.277526
-0.006491	-0.111113	 0.017252	 171.469200	 4.907655	-87.813060	-11.734080	 3.953608	-2.354775	-10.214450	 9.982330	-2.363291	 1.607077	-6.494290	 110.463200	-0.813313	 0.122417	-8.559153	-54.319450	-23.256470	 18.649340	-3.449972	 31.167690	 1.203596	-12.609630	 25.053720	-65.753830	-5.466561	-2.015671	 9.912610	 2.503324	-1.126932	 4.512146	 3.269194	-0.634905	-79.900480	 3.758792	 3.085260	 11.956600	-0.275905	 3.148022	 9.006140	 2.903424	 4.343852	-70.232350	 37.099190	 19.683140	 15.071270	-6.822537	 19.211440	 10.820750	-5.637440	 19.245680	-70.156230	 18.288920	 10.306760	 21.439480	-3.898858	 9.395122	 9.460192	-0.473463	 9.974930	-72.425380	-57.476000	-11.471710	 6.696362	 9.284960	-0.525222	 0.082313	-19.390840	-0.175535	 3.200025	 1.487644	-8.513342	 90.564410	-97.001190	 1.048017	-129.926000	-179.570000	-2.180313	 91.978370	-0.813313	 0.122417	-8.559153	-55.528560	-38.094560	-16.207680	-89.139430	-3.734070	-10.766720	-18.632900	 7.454745	-64.058950	-14.436780	-8.525564	 73.474880	 2.455770	-1.173915	 85.406030	 1.431067	 1.697193	-19.881150	-5.665825	-6.532307	 75.945790	-0.132291	 3.311207	 88.306790	-1.352619	 7.388272	 9.938127	 27.432310	 6.450190	 74.615140	-5.940099	 20.146100	 86.124790	-4.420315	 20.061540	 8.961553	 13.144960	 1.596350	 83.882900	-3.466369	 9.923220	 92.973400	-2.946022	 12.330600	 13.646200	-31.398160	 0.317957	 30.554920	 41.769130	-0.534041	 0.362109	 45.796280	-0.398974	 3.714566	 0.000000	 90.000000	 0.000000	 170.853400	 6.323521	 170.806200	-176.337200	-2.177166	-5.259250
-0.006351	-0.110914	 0.017249	 171.503100	 4.878361	-87.818890	-11.720130	 3.954943	-2.344810	-10.205250	 9.976137	-2.355573	 1.608668	-6.500360	 110.463600	-0.813313	 0.122417	-8.559153	-54.319270	-23.296260	 18.689460	-3.445757	 31.154150	 1.201651	-12.620350	 25.065650	-65.764630	-5.466561	-2.015671	 9.912610	 2.503324	-1.126932	 4.512146	 3.269194	-0.634905	-79.900480	 3.758985	 3.085344	 11.956580	-0.275905	 3.148022	 9.006140	 2.903433	 4.343818	-70.232850	 37.099550	 19.683280	 15.071140	-6.822537	 19.211440	 10.820750	-5.637455	 19.245680	-70.156980	 18.289130	 10.306870	 21.439430	-3.898858	 9.395122	 9.460192	-0.473463	 9.974930	-72.425380	-57.475410	-11.471630	 6.696261	 9.284960	-0.525222	 0.082313	-19.390840	-0.175535	 3.200025	 1.481242	-8.578686	 90.561930	-97.083390	 1.049474	-130.191700	-179.573700	-2.140584	 91.962750	-0.813313	 0.122417	-8.559153	-55.406310	-38.128650	-16.201070	-89.610100	-3.616680	-10.843890	-18.505990	 7.433624	-64.209360	-14.438730	-8.529419	 73.490660	 2.455768	-1.173935	 85.428600	 1.430232	 1.697526	-19.863800	-5.676255	-6.560514	 76.033610	-0.132366	 3.309046	 87.579090	-1.375499	 7.386468	 10.261500	 27.414170	 6.367527	 74.847310	-5.939745	 20.150990	 86.400070	-4.418044	 20.069610	 9.395558	 13.136930	 1.543476	 84.106500	-3.466490	 9.925586	 93.240010	-2.961044	 12.330840	 13.987340	-31.385120	 0.331530	 30.578740	 41.799450	-0.533977	 0.362367	 45.856270	-0.398892	 3.715104	 0.000000	 90.000000	 0.000000	 170.847200	 6.406302	 170.832700	-176.348400	-2.183584	-5.238789
-0.006173	-0.110663	 0.017236	 171.543100	 4.838557	-87.823490	-11.703810	 3.956639	-2.333008	-10.194500	 9.968778	-2.346478	 1.610228	-6.506309	 110.463900	-0.813313	 0.122417	-8.559153	-54.314980	-23.341180	 18.740330	-3.440813	 31.150470	 1.199089	-12.633510	 25.091340	-65.773450	-5.466561	-2.015671	 9.912610	 2.503324	-1.126932	 4.512146	 3.269194	-0.634905	-79.900480	 3.759216	 3.085446	 11.956570	-0.275905	 3.148022	 9.006140	 2.903444	 4.343775	-70.233460	 37.099950	 19.683420	 15.071010	-6.822537	 19.211440	 10.820750	-5.637474	 19.245680	-70.157880	 18.289420	 10.307020	 21.439380	-3.898858	 9.395122	 9.460192	-0.473463	 9.974930	-72.425380	-57.474700	-11.471520	 6.696135	 9.284960	-0.525222	 0.082313	-19.390840	-0.175535	 3.200025	 1.473400	-8.630252	 90.558890	-97.151020	 1.045289	-130.518900	-179.577700	-2.098060	 91.946940	-0.813313	 0.122417	-8.559153	-55.290320	-38.178600	-16.194730	-90.147680	-3.478118	-10.931980	-18.423040	 7.440491	-64.356880	-14.440870	-8.533652	 73.507970	 2.455766	-1.173958	 85.453430	 1.429314	 1.697891	-19.844710	-5.682846	-6.578403	 76.089230	-0.132509	 3.306173	 86.610720	-1.389990	 7.385259	 10.466380	 27.402880	 6.315164	 74.994370	-5.939534	 20.154090	 86.574520	-4.416639	 20.074730	 9.670607	 13.131990	 1.510010	 84.248190	-3.466572	 9.927085	 93.408940	-2.970565	 12.330950	 14.203520	-31.370700	 0.346561	 30.605120	 41.833060	-0.533896	 0.362648	 45.922780	-0.398785	 3.715701	 0.000000	 90.000000	 0.000000	 170.839600	 6.498577	 170.862900	-176.362600	-2.190364	-5.212390
-0.006018	-0.110442	 0.017219	 171.577700	 4.799650	-87.826770	-11.689680	 3.958211	-2.322613	-10.185170	 9.962389	-2.338492	 1.611366	-6.510646	 110.464200	-0.813313	 0.122417	-8.559153	-54.307090	-23.378500	 18.788510	-3.436547	 31.161130	 1.196594	-12.644080	 25.126250	-65.777860	-5.466561	-2.015671	 9.912610	 2.503324	-1.126932	 4.512146	 3.269194	-0.634905	-79.900480	 3.759448	 3.085547	 11.956560	-0.275905	 3.148022	 9.006140	 2.903454	 4.343738	-70.233990	 37.100330	 19.683560	 15.070880	-6.822537	 19.211440	 10.820750	-5.637489	 19.245680	-70.158670	 18.289670	 10.307150	 21.439330	-3.898858	 9.395122	 9.460192	-0.473463	 9.974930	-72.425380	-57.474090	-11.471430	 6.696017	 9.284960	-0.525222	 0.082313	-19.390840	-0.175535	 3.200025	 1.466274	-8.651826	 90.556050	-97.183880	 1.037756	-130.836800	-179.580700	-2.064614	 91.935280	-0.813313	 0.122417	-8.559153	-55.209850	-38.228400	-16.189620	-90.504760	-3.339610	-11.007710	-18.390920	 7.500757	-64.450810	-14.442590	-8.537073	 73.521920	 2.455764	-1.173976	 85.473430	 1.428575	 1.698185	-19.829350	-5.683758	-6.580896	 76.097040	-0.132691	 3.303450	 85.692070	-1.392022	 7.385087	 10.495110	 27.401320	 6.307834	 75.014960	-5.939504	 20.154520	 86.598950	-4.416444	 20.075450	 9.709171	 13.131300	 1.505315	 84.268050	-3.466584	 9.927295	 93.432630	-2.971899	 12.330960	 14.233830	-31.358920	 0.358836	 30.626640	 41.860530	-0.533836	 0.362880	 45.977070	-0.398719	 3.716190	 0.000000	 90.000000	 0.000000	 170.832800	 6.573037	 170.885500	-176.375900	-2.195565	-5.187597
-0.005883	-0.110244	 0.017202	 171.608300	 4.761850	-87.829100	-11.677110	 3.959707	-2.313253	-10.176820	 9.956699	-2.331314	 1.612247	-6.514012	 110.464400	-0.813313	 0.122417	-8.559153	-54.296320	-23.410220	 18.835080	-3.432734	 31.179430	 1.194194	-12.651260	 25.164590	-65.780510	-5.466561	-2.015671	 9.912610	 2.503324	-1.126932	 4.512146	 3.269194	-0.634905	-79.900480	 3.759660	 3.085641	 11.956550	-0.275905	 3.148022	 9.006140	 2.903462	 4.343705	-70.234490	 37.100690	 19.683690	 15.070760	-6.822537	 19.211440	 10.820750	-5.637503	 19.245680	-70.159390	 18.289940	 10.307290	 21.439280	-3.898858	 9.395122	 9.460192	-0.473463	 9.974930	-72.425380	-57.473510	-11.471340	 6.695928	 9.284960	-0.525222	 0.082313	-19.390840	-0.175535	 3.200025	 1.459714	-8.657090	 90.553400	-97.197720	 1.032602	-131.152800	-179.583300	-2.037477	 91.926430	-0.813313	 0.122417	-8.559153	-55.150950	-38.276110	-16.184360	-90.746390	-3.172486	-11.073970	-18.386430	 7.619066	-64.500620	-14.444020	-8.539910	 73.533520	 2.455763	-1.173990	 85.490040	 1.427960	 1.698429	-19.816580	-5.680923	-6.573174	 76.072970	-0.132899	 3.300904	 84.832240	-1.385755	 7.385618	 10.406500	 27.406170	 6.330482	 74.951380	-5.939594	 20.153180	 86.523510	-4.417048	 20.073230	 9.590164	 13.133420	 1.519786	 84.206750	-3.466547	 9.926647	 93.359540	-2.967781	 12.330930	 14.140320	-31.349030	 0.369149	 30.644730	 41.883590	-0.533790	 0.363078	 46.022690	-0.398640	 3.716598	 0.000000	 90.000000	 0.000000	 170.826700	 6.633691	 170.900600	-176.388400	-2.199573	-5.164190
-0.005721	-0.110009	 0.017180	 171.645100	 4.711991	-87.831140	-11.661800	 3.961646	-2.301677	-10.166660	 9.949821	-2.322476	 1.613218	-6.517709	 110.464600	-0.813313	 0.122417	-8.559153	-54.277790	-23.446740	 18.897270	-3.428127	 31.206010	 1.191192	-12.654860	 25.212950	-65.784530	-5.466561	-2.015671	 9.912610	 2.503324	-1.126932	 4.512146	 3.269194	-0.634905	-79.900480	 3.759968	 3.085776	 11.956530	-0.275905	 3.148022	 9.006140	 2.903472	 4.343662	-70.235090	 37.101110	 19.683850	 15.070620	-6.822537	 19.211440	 10.820750	-5.637523	 19.245680	-70.160260	 18.290260	 10.307450	 21.439210	-3.898858	 9.395122	 9.460192	-0.473463	 9.974930	-72.425380	-57.472820	-11.471240	 6.695801	 9.284960	-0.525222	 0.082313	-19.390840	-0.175535	 3.200025	 1.451499	-8.648090	 90.550070	-97.197460	 1.027955	-131.574300	-179.586000	-2.007737	 91.917550	-0.813313	 0.122417	-8.559153	-55.091260	-38.336170	-16.175720	-90.971530	-2.931450	-11.151760	-18.401520	 7.817995	-64.526520	-14.445620	-8.543094	 73.546540	 2.455762	-1.174007	 85.508690	 1.427271	 1.698703	-19.802250	-5.672865	-6.551327	 76.005000	-0.133214	 3.297723	 83.756320	-1.368044	 7.387070	 10.156120	 27.420060	 6.394497	 74.771660	-5.939855	 20.149390	 86.310330	-4.418778	 20.066980	 9.254100	 13.139510	 1.560696	 84.033610	-3.466449	 9.924816	 93.153110	-2.956147	 12.330770	 13.876140	-31.337750	 0.380929	 30.665380	 41.909900	-0.533734	 0.363301	 46.074720	-0.398565	 3.717062	 0.000000	 90.000000	 0.000000	 170.819600	 6.698790	 170.909300	-176.404600	-2.203641	-5.134158
-0.005588	-0.109820	 0.017164	 171.674700	 4.667763	-87.832010	-11.649070	 3.963342	-2.291922	-10.158140	 9.944242	-2.315040	 1.613533	-6.518905	 110.464700	-0.813313	 0.122417	-8.559153	-54.253990	-23.473030	 18.955850	-3.424217	 31.231310	 1.188605	-12.651830	 25.253440	-65.789650	-5.466561	-2.015671	 9.912610	 2.503324	-1.126932	 4.512146	 3.269194	-0.634905	-79.900480	 3.760218	 3.085885	 11.956510	-0.275905	 3.148022	 9.006140	 2.903481	 4.343626	-70.235610	 37.101460	 19.683980	 15.070490	-6.822537	 19.211440	 10.820750	-5.637539	 19.245680	-70.161030	 18.290570	 10.307610	 21.439160	-3.898858	 9.395122	 9.460192	-0.473463	 9.974930	-72.425380	-57.472230	-11.471160	 6.695690	 9.284960	-0.525222	 0.082313	-19.390840	-0.175535	 3.200025	 1.444478	-8.629716	 90.547180	-97.185090	 1.025190	-131.950800	-179.588000	-1.985692	 91.911620	-0.813313	 0.122417	-8.559153	-55.047990	-38.385680	-16.165400	-91.125520	-2.715696	-11.212540	-18.427390	 8.007682	-64.525730	-14.446840	-8.545514	 73.556430	 2.455760	-1.174020	 85.522840	 1.426746	 1.698912	-19.791340	-5.662349	-6.522945	 75.916680	-0.133522	 3.295077	 82.859910	-1.345030	 7.388842	 9.830904	 27.438470	 6.477684	 74.538120	-5.940222	 20.144480	 86.033460	-4.421082	 20.058870	 8.817579	 13.147670	 1.613896	 83.808720	-3.466331	 9.922436	 92.884990	-2.941039	 12.330500	 13.533020	-31.329000	 0.390048	 30.681330	 41.930270	-0.533692	 0.363472	 46.115030	-0.398503	 3.717424	 0.000000	 90.000000	 0.000000	 170.814000	 6.744061	 170.905500	-176.418900	-2.206228	-5.108071
-0.005449	-0.109639	 0.017151	 171.702900	 4.620970	-87.831950	-11.636140	 3.965178	-2.281886	-10.149530	 9.938708	-2.307411	 1.612888	-6.516426	 110.464700	-0.813313	 0.122417	-8.559153	-54.218010	-23.493410	 19.023940	-3.420271	 31.259530	 1.185917	-12.641440	 25.293560	-65.797460	-5.466561	-2.015671	 9.912610	 2.503324	-1.126932	 4.512146	 3.269194	-0.634905	-79.900480	 3.760507	 3.086011	 11.956500	-0.275905	 3.148022	 9.006140	 2.903491	 4.343590	-70.236140	 37.101840	 19.684120	 15.070370	-6.822537	 19.211440	 10.820750	-5.637555	 19.245680	-70.161820	 18.290870	 10.307770	 21.439100	-3.898858	 9.395122	 9.460192	-0.473463	 9.974930	-72.425380	-57.471600	-11.471060	 6.695585	 9.284960	-0.525222	 0.082313	-19.390840	-0.175535	 3.200025	 1.437210	-8.603091	 90.544170	-97.163490	 1.023152	-132.350300	-179.589800	-1.965841	 91.906940	-0.813313	 0.122417	-8.559153	-55.006400	-38.433260	-16.150860	-91.271230	-2.500816	-11.268770	-18.467990	 8.203005	-64.510430	-14.447960	-8.547744	 73.565560	 2.455760	-1.174031	 85.535930	 1.426263	 1.699104	-19.781300	-5.648218	-6.485012	 75.798560	-0.133867	 3.292471	 81.974930	-1.314234	 7.391006	 9.395934	 27.463780	 6.589015	 74.225560	-5.940746	 20.137900	 85.663170	-4.424267	 20.048040	 8.233821	 13.158990	 1.685144	 83.507850	-3.466190	 9.919250	 92.526400	-2.920835	 12.330000	 13.074150	-31.320780	 0.398635	 30.696370	 41.949430	-0.533647	 0.363634	 46.152920	-0.398448	 3.717764	 0.000000	 90.000000	 0.000000	 170.808900	 6.780114	 170.888800	-176.434000	-2.208059	-5.080838
-0.005291	-0.109457	 0.017144	 171.731900	 4.566914	-87.830710	-11.621750	 3.967317	-2.270558	-10.139880	 9.932816	-2.298823	 1.611079	-6.509481	 110.464600	-0.813313	 0.122417	-8.559153	-54.164650	-23.509350	 19.110080	-3.415886	 31.293470	 1.182905	-12.618980	 25.335690	-65.810580	-5.466561	-2.015671	 9.912610	 2.503324	-1.126932	 4.512146	 3.269194	-0.634905	-79.900480	 3.760816	 3.086147	 11.956480	-0.275905	 3.148022	 9.006140	 2.903501	 4.343548	-70.236760	 37.102270	 19.684280	 15.070220	-6.822537	 19.211440	 10.820750	-5.637575	 19.245680	-70.162710	 18.291260	 10.307970	 21.439030	-3.898858	 9.395122	 9.460192	-0.473463	 9.974930	-72.425380	-57.470930	-11.470960	 6.695461	 9.284960	-0.525222	 0.082313	-19.390840	-0.175535	 3.200025	 1.428959	-8.566677	 90.540710	-97.131580	 1.021545	-132.809600	-179.591600	-1.946671	 91.903150	-0.813313	 0.122417	-8.559153	-54.958050	-38.480400	-16.128340	-91.424860	-2.293588	-11.323460	-18.528010	 8.397007	-64.484960	-14.449070	-8.549945	 73.574570	 2.455758	-1.174043	 85.548850	 1.425783	 1.699293	-19.771340	-5.628395	-6.432233	 75.634220	-0.134271	 3.289747	 81.048140	-1.271367	 7.393632	 8.790834	 27.500250	 6.744008	 73.790370	-5.941560	 20.128760	 85.148090	-4.428894	 20.033050	 7.421754	 13.175540	 1.784444	 83.089210	-3.466029	 9.914819	 92.027530	-2.892737	 12.329030	 12.435760	-31.312430	 0.407372	 30.711670	 41.968940	-0.533601	 0.363799	 46.191540	-0.398396	 3.718111	 0.000000	 90.000000	 0.000000	 170.804200	 6.806627	 170.851200	-176.451600	-2.209079	-5.049814
-0.005152	-0.109296	 0.017145	 171.754800	 4.518740	-87.828600	-11.609310	 3.969263	-2.260604	-10.131470	 9.927988	-2.291303	 1.608643	-6.500142	 110.464300	-0.813313	 0.122417	-8.559153	-54.107810	-23.517890	 19.193580	-3.412074	 31.324600	 1.180248	-12.584800	 25.367090	-65.828260	-5.466561	-2.015671	 9.912610	 2.503324	-1.126932	 4.512146	 3.269194	-0.634905	-79.900480	 3.761124	 3.086281	 11.956460	-0.275905	 3.148022	 9.006140	 2.903511	 4.343512	-70.237300	 37.102650	 19.684420	 15.070090	-6.822537	 19.211440	 10.820750	-5.637588	 19.245680	-70.163510	 18.291600	 10.308150	 21.438960	-3.898858	 9.395122	 9.460192	-0.473463	 9.974930	-72.425380	-57.470300	-11.470870	 6.695342	 9.284960	-0.525222	 0.082313	-19.390840	-0.175535	 3.200025	 1.421727	-8.531880	 90.537650	-97.099850	 1.020574	-133.213400	-179.592900	-1.932467	 91.901010	-0.813313	 0.122417	-8.559153	-54.909980	-38.513700	-16.101940	-91.550340	-2.167712	-11.362610	-18.590320	 8.520043	-64.463940	-14.449910	-8.551627	 73.581430	 2.455757	-1.174052	 85.558650	 1.425420	 1.699437	-19.763810	-5.607767	-6.377844	 75.464870	-0.134618	 3.287622	 80.323240	-1.227170	 7.395872	 8.167338	 27.539380	 6.903842	 73.341530	-5.942482	 20.119340	 84.617360	-4.433896	 20.017660	 6.585119	 13.193520	 1.886947	 82.657710	-3.465904	 9.910251	 91.513520	-2.863799	 12.327720	 11.777990	-31.305880	 0.414244	 30.723700	 41.984260	-0.533566	 0.363929	 46.221830	-0.398341	 3.718383	 0.000000	 90.000000	 0.000000	 170.800000	 6.815230	 170.814700	-176.467500	-2.209019	-5.022578
-0.005014	-0.109117	 0.017146	 171.774600	 4.471487	-87.825620	-11.597300	 3.971272	-2.250881	-10.123370	 9.923624	-2.283978	 1.605582	-6.488405	 110.464000	-0.813313	 0.122417	-8.559153	-54.044410	-23.522020	 19.281830	-3.408447	 31.355600	 1.177685	-12.535510	 25.390910	-65.852650	-5.466561	-2.015671	 9.912610	 2.503324	-1.126932	 4.512146	 3.269194	-0.634905	-79.900480	 3.761433	 3.086416	 11.956440	-0.275905	 3.148022	 9.006140	 2.903520	 4.343475	-70.237830	 37.103030	 19.684560	 15.069970	-6.822537	 19.211440	 10.820750	-5.637605	 19.245690	-70.164280	 18.291950	 10.308330	 21.438890	-3.898858	 9.395122	 9.460192	-0.473463	 9.974930	-72.425380	-57.469700	-11.470780	 6.695246	 9.284960	-0.525222	 0.082313	-19.390840	-0.175535	 3.200025	 1.414714	-8.497854	 90.534670	-97.068120	 1.019968	-133.601400	-179.593900	-1.920865	 91.899840	-0.813313	 0.122417	-8.559153	-54.854100	-38.536730	-16.069220	-91.658990	-2.094343	-11.392040	-18.657890	 8.598973	-64.445080	-14.450620	-8.553021	 73.587100	 2.455757	-1.174059	 85.566820	 1.425118	 1.699557	-19.757520	-5.584901	-6.318160	 75.279010	-0.134927	 3.285856	 79.719850	-1.178637	 7.397778	 7.483032	 27.584150	 7.079400	 72.848300	-5.943604	 20.109030	 84.034940	-4.439660	 20.000850	 5.666967	 13.214400	 1.999701	 82.183950	-3.465816	 9.905236	 90.949360	-2.832059	 12.325910	 11.056070	-31.300170	 0.420192	 30.734100	 41.997540	-0.533537	 0.364041	 46.248100	-0.398305	 3.718617	 0.000000	 90.000000	 0.000000	 170.795400	 6.814176	 170.793500	-176.483500	-2.208369	-4.996259
-0.004856	-0.108888	 0.017138	 171.794000	 4.417147	-87.821040	-11.583650	 3.973644	-2.239670	-10.114090	 9.919090	-2.275546	 1.601334	-6.472125	 110.463500	-0.813313	 0.122417	-8.559153	-53.962900	-23.522590	 19.391570	-3.404311	 31.391540	 1.174756	-12.462850	 25.411100	-65.888470	-5.466561	-2.015671	 9.912610	 2.503324	-1.126932	 4.512146	 3.269194	-0.634905	-79.900480	 3.761798	 3.086577	 11.956430	-0.275905	 3.148022	 9.006140	 2.903531	 4.343432	-70.238430	 37.103470	 19.684720	 15.069820	-6.822537	 19.211440	 10.820750	-5.637621	 19.245690	-70.165190	 18.292390	 10.308550	 21.438810	-3.898858	 9.395122	 9.460192	-0.473463	 9.974930	-72.425380	-57.468990	-11.470670	 6.695111	 9.284960	-0.525222	 0.082313	-19.390840	-0.175535	 3.200025	 1.406657	-8.461683	 90.531200	-97.033790	 1.019711	-134.033700	-179.594900	-1.910071	 91.899440	-0.813313	 0.122417	-8.559153	-54.781200	-38.554730	-16.024140	-91.753360	-2.038049	-11.418300	-18.742610	 8.671535	-64.416280	-14.451280	-8.554340	 73.592480	 2.455757	-1.174066	 85.574490	 1.424833	 1.699670	-19.751600	-5.555381	-6.242010	 75.041810	-0.135219	 3.284282	 79.181220	-1.116677	 7.399376	 6.609770	 27.644060	 7.303610	 72.218040	-5.945195	 20.095870	 83.291720	-4.447429	 19.979520	 4.495392	 13.242730	 2.143896	 81.579130	-3.465774	 9.898837	 90.229460	-2.791593	 12.323020	 10.134810	-31.294470	 0.426167	 30.744530	 42.010860	-0.533509	 0.364152	 46.274460	-0.398264	 3.718852	 0.000000	 90.000000	 0.000000	 170.790100	 6.811918	 170.785300	-176.502200	-2.207529	-4.966504
-0.004715	-0.108667	 0.017125	 171.808300	 4.368800	-87.815880	-11.571510	 3.975821	-2.229561	-10.105830	 9.915533	-2.267965	 1.596940	-6.455287	 110.463000	-0.813313	 0.122417	-8.559153	-53.883010	-23.520090	 19.497440	-3.400629	 31.423550	 1.172143	-12.386410	 25.423750	-65.926770	-5.466561	-2.015671	 9.912610	 2.503324	-1.126932	 4.512146	 3.269194	-0.634905	-79.900480	 3.762146	 3.086728	 11.956400	-0.275905	 3.148022	 9.006140	 2.903541	 4.343393	-70.239010	 37.103870	 19.684880	 15.069680	-6.822537	 19.211440	 10.820750	-5.637640	 19.245690	-70.166000	 18.292770	 10.308750	 21.438730	-3.898858	 9.395122	 9.460192	-0.473463	 9.974930	-72.425380	-57.468360	-11.470590	 6.694985	 9.284960	-0.525222	 0.082313	-19.390840	-0.175535	 3.200025	 1.399520	-8.434730	 90.528140	-97.008880	 1.018050	-134.386800	-179.595600	-1.902113	 91.899810	-0.813313	 0.122417	-8.559153	-54.715990	-38.569690	-15.979970	-91.803050	-2.012035	-11.439670	-18.822980	 8.721337	-64.384350	-14.451740	-8.555258	 73.596220	 2.455756	-1.174070	 85.579870	 1.424635	 1.699749	-19.747490	-5.526078	-6.167391	 74.809270	-0.135395	 3.283368	 78.867770	-1.055925	 7.400034	 5.753781	 27.705800	 7.523514	 71.599320	-5.946934	 20.083000	 82.563290	-4.455492	 19.958770	 3.347192	 13.272360	 2.285547	 80.986070	-3.465811	 9.892565	 89.523840	-2.751980	 12.319580	 9.231814	-31.290100	 0.430736	 30.752520	 42.021030	-0.533477	 0.364237	 46.294570	-0.398236	 3.719034	 0.000000	 90.000000	 0.000000	 170.785400	 6.808996	 170.791700	-176.519400	-2.206690	-4.940528
-0.004578	-0.108443	 0.017110	 171.819100	 4.322892	-87.809940	-11.559890	 3.978030	-2.219737	-10.097850	 9.912590	-2.260622	 1.592249	-6.437310	 110.462400	-0.813313	 0.122417	-8.559153	-53.800700	-23.515680	 19.606250	-3.397117	 31.453680	 1.169684	-12.305530	 25.431990	-65.968490	-5.466561	-2.015671	 9.912610	 2.503324	-1.126932	 4.512146	 3.269194	-0.634905	-79.900480	 3.762492	 3.086880	 11.956380	-0.275905	 3.148022	 9.006140	 2.903549	 4.343358	-70.239530	 37.104250	 19.685010	 15.069550	-6.822537	 19.211440	 10.820750	-5.637658	 19.245690	-70.166790	 18.293170	 10.308960	 21.438660	-3.898858	 9.395122	 9.460192	-0.473463	 9.974930	-72.425380	-57.467730	-11.470490	 6.694880	 9.284960	-0.525222	 0.082313	-19.390840	-0.175535	 3.200025	 1.392677	-8.416444	 90.525180	-96.993260	 1.014565	-134.683200	-179.596300	-1.895391	 91.900670	-0.813313	 0.122417	-8.559153	-54.653370	-38.583180	-15.934220	-91.812550	-2.008656	-11.458730	-18.902670	 8.756623	-64.348570	-14.452070	-8.555913	 73.598860	 2.455756	-1.174074	 85.583640	 1.424493	 1.699805	-19.744540	-5.495361	-6.090186	 74.568630	-0.135465	 3.283011	 78.745060	-0.993063	 7.399765	 4.868098	 27.772850	 7.751149	 70.958110	-5.948913	 20.069700	 81.809650	-4.464298	 19.937470	 2.159350	 13.304960	 2.432430	 80.372040	-3.465933	 9.886075	 88.793740	-2.711055	 12.315380	 8.297478	-31.286580	 0.434417	 30.758940	 42.029250	-0.533468	 0.364308	 46.310850	-0.398206	 3.719177	 0.000000	 90.000000	 0.000000	 170.779500	 6.805952	 170.809100	-176.536300	-2.205820	-4.916297
-0.004429	-0.108177	 0.017100	 171.828200	 4.272047	-87.802090	-11.546760	 3.980633	-2.208498	-10.088810	 9.909936	-2.252238	 1.586486	-6.415223	 110.461800	-0.813313	 0.122417	-8.559153	-53.694720	-23.533080	 19.808960	-3.393205	 31.486390	 1.166941	-12.200980	 25.442360	-66.076080	-5.466561	-2.015671	 9.912610	 2.503324	-1.126932	 4.512146	 3.269194	-0.634905	-79.900480	 3.762897	 3.087058	 11.956360	-0.275905	 3.148022	 9.006140	 2.903561	 4.343314	-70.240180	 37.104690	 19.685180	 15.069400	-6.822537	 19.211440	 10.820750	-5.637675	 19.245690	-70.167720	 18.293640	 10.309200	 21.438570	-3.898858	 9.395122	 9.460192	-0.473463	 9.974930	-72.425380	-57.467010	-11.470380	 6.694758	 9.284960	-0.525222	 0.082313	-19.390840	-0.175535	 3.200025	 1.385016	-8.408266	 90.521870	-96.987440	 1.011575	-134.983300	-179.596900	-1.888839	 91.902110	-0.813313	 0.122417	-8.559153	-54.582660	-38.597450	-15.878720	-91.778430	-2.028301	-11.478620	-18.993530	 8.782566	-64.302420	-14.452300	-8.556373	 73.600720	 2.455756	-1.174076	 85.586280	 1.424395	 1.699844	-19.742500	-5.457684	-5.996852	 74.277610	-0.135466	 3.283006	 78.743720	-0.917056	 7.398156	 3.796988	 27.858230	 8.026507	 70.181190	-5.951559	 20.053650	 80.898300	-4.475571	 19.911940	 0.722947	 13.347010	 2.610432	 79.629070	-3.466197	 9.878229	 87.910820	-2.661667	 12.309420	 7.167590	-31.283410	 0.437740	 30.764770	 42.036680	-0.533454	 0.364372	 46.325520	-0.398182	 3.719308	 0.000000	 90.000000	 0.000000	 170.768000	 6.803159	 170.841600	-176.555900	-2.204786	-4.890062
-0.004314	-0.107943	 0.017107	 171.833900	 4.231065	-87.794650	-11.535840	 3.982866	-2.199030	-10.081280	 9.908314	-2.245179	 1.581408	-6.395759	 110.461100	-0.813313	 0.122417	-8.559153	-53.592330	-23.580930	 20.086150	-3.389987	 31.537820	 1.164189	-12.103060	 25.481220	-66.247160	-5.466561	-2.015671	 9.912610	 2.503324	-1.126932	 4.512146	 3.269194	-0.634905	-79.900480	 3.763243	 3.087209	 11.956340	-0.275905	 3.148022	 9.006140	 2.903570	 4.343276	-70.240720	 37.105090	 19.685320	 15.069270	-6.822537	 19.211440	 10.820750	-5.637689	 19.245690	-70.168520	 18.294040	 10.309410	 21.438500	-3.898858	 9.395122	 9.460192	-0.473463	 9.974930	-72.425380	-57.466400	-11.470290	 6.694639	 9.284960	-0.525222	 0.082313	-19.390840	-0.175535	 3.200025	 1.378711	-8.413535	 90.519100	-96.981630	 1.040129	-135.214100	-179.597300	-1.884249	 91.903510	-0.813313	 0.122417	-8.559153	-54.524010	-38.608460	-15.829690	-91.719890	-2.060534	-11.493700	-19.067580	 8.793451	-64.259890	-14.452380	-8.556515	 73.601280	 2.455756	-1.174077	 85.587120	 1.424365	 1.699855	-19.741880	-5.424113	-5.914887	 74.021870	-0.135466	 3.283008	 78.744250	-0.850317	 7.395579	 2.855986	 27.937140	 8.268406	 69.497340	-5.954106	 20.039590	 80.097730	-4.486031	 19.889730	-0.538762	 13.386360	 2.767121	 78.975950	-3.466526	 9.871342	 87.135150	-2.618386	 12.303400	 6.174943	-31.281430	 0.439796	 30.768360	 42.041250	-0.533441	 0.364410	 46.334620	-0.398176	 3.719392	 0.000000	 90.000000	 0.000000	 170.754900	 6.801356	 170.878000	-176.572600	-2.203861	-4.869513
-0.004204	-0.107711	 0.017123	 171.837900	 4.192353	-87.786600	-11.525140	 3.985155	-2.189627	-10.073850	 9.907325	-2.238176	 1.576233	-6.375927	 110.460500	-0.813313	 0.122417	-8.559153	-53.485090	-23.640940	 20.403750	-3.386845	 31.626830	 1.160702	-12.005950	 25.561640	-66.450720	-5.466561	-2.015671	 9.912610	 2.503324	-1.126932	 4.512146	 3.269194	-0.634905	-79.900480	 3.763609	 3.087369	 11.956320	-0.275905	 3.148022	 9.006140	 2.903580	 4.343239	-70.241260	 37.105450	 19.685460	 15.069140	-6.822537	 19.211440	 10.820750	-5.637707	 19.245690	-70.169280	 18.294440	 10.309620	 21.438420	-3.898858	 9.395122	 9.460192	-0.473463	 9.974930	-72.425380	-57.465790	-11.470190	 6.694520	 9.284960	-0.525222	 0.082313	-19.390840	-0.175535	 3.200025	 1.372575	-8.428300	 90.516430	-96.966500	 1.114270	-135.434000	-179.597600	-1.880449	 91.904980	-0.813313	 0.122417	-8.559153	-54.466660	-38.618530	-15.779160	-91.641430	-2.103395	-11.507050	-19.137180	 8.795416	-64.214770	-14.452340	-8.556443	 73.600990	 2.455756	-1.174077	 85.586640	 1.424380	 1.699849	-19.742190	-5.389269	-5.830976	 73.759950	-0.135466	 3.283010	 78.745040	-0.782025	 7.391814	 1.892339	 28.021710	 8.516037	 68.795710	-5.956924	 20.025230	 79.277930	-4.497279	 19.867220	-1.830676	 13.428970	 2.927818	 78.306700	-3.466961	 9.864293	 86.340780	-2.574180	 12.296480	 5.158426	-31.280090	 0.441195	 30.770800	 42.044360	-0.533427	 0.364435	 46.340740	-0.398167	 3.719448	 0.000000	 90.000000	 0.000000	 170.739100	 6.800031	 170.921300	-176.589200	-2.202954	-4.850698
-0.004067	-0.107443	 0.017150	 171.840400	 4.148901	-87.776040	-11.512420	 3.987971	-2.178317	-10.064970	 9.907021	-2.229785	 1.569956	-6.351878	 110.459700	-0.813313	 0.122417	-8.559153	-53.358030	-23.705740	 20.766770	-3.383173	 31.755990	 1.156120	-11.898280	 25.684130	-66.696270	-5.466561	-2.015671	 9.912610	 2.503324	-1.126932	 4.512146	 3.269194	-0.634905	-79.900480	 3.764054	 3.087563	 11.956300	-0.275905	 3.148022	 9.006140	 2.903591	 4.343195	-70.241900	 37.105930	 19.685630	 15.068980	-6.822537	 19.211440	 10.820750	-5.637725	 19.245690	-70.170230	 18.294960	 10.309880	 21.438320	-3.898858	 9.395122	 9.460192	-0.473463	 9.974930	-72.425380	-57.465050	-11.470090	 6.694394	 9.284960	-0.525222	 0.082313	-19.390840	-0.175535	 3.200025	 1.365349	-8.456290	 90.513250	-96.946630	 1.232870	-135.707200	-179.598000	-1.876883	 91.906650	-0.813313	 0.122417	-8.559153	-54.398930	-38.629540	-15.716270	-91.529280	-2.164595	-11.520960	-19.206070	 8.783584	-64.158180	-14.452160	-8.556076	 73.599430	 2.455756	-1.174075	 85.584450	 1.424461	 1.699818	-19.743870	-5.345660	-5.727553	 73.436930	-0.135465	 3.283014	 78.746240	-0.697924	 7.385603	 0.704156	 28.131280	 8.821181	 67.928710	-5.960711	 20.007570	 78.267230	-4.511883	 19.839810	-3.423396	 13.484740	 3.126252	 77.480970	-3.467633	 9.855609	 85.361370	-2.519860	 12.286900	 3.905132	-31.279330	 0.441998	 30.772190	 42.046140	-0.533426	 0.364451	 46.344240	-0.398154	 3.719477	 0.000000	 90.000000	 0.000000	 170.716800	 6.799047	 170.981300	-176.609300	-2.201867	-4.830493
-0.003937	-0.107226	 0.017171	 171.840800	 4.113244	-87.766430	-11.501630	 3.990470	-2.168557	-10.057390	 9.907567	-2.222573	 1.564612	-6.331404	 110.459000	-0.813313	 0.122417	-8.559153	-53.259140	-23.733920	 20.994640	-3.380100	 31.861240	 1.152340	-11.833970	 25.791400	-66.863690	-5.466561	-2.015671	 9.912610	 2.503324	-1.126932	 4.512146	 3.269194	-0.634905	-79.900480	 3.764458	 3.087741	 11.956270	-0.275905	 3.148022	 9.006140	 2.903600	 4.343155	-70.242460	 37.106340	 19.685790	 15.068840	-6.822537	 19.211440	 10.820750	-5.637741	 19.245700	-70.171070	 18.295400	 10.310110	 21.438230	-3.898858	 9.395122	 9.460192	-0.473463	 9.974930	-72.425380	-57.464410	-11.469990	 6.694269	 9.284960	-0.525222	 0.082313	-19.390840	-0.175535	 3.200025	 1.359223	-8.487210	 90.510570	-96.937900	 1.332772	-135.968600	-179.598100	-1.874661	 91.907820	-0.813313	 0.122417	-8.559153	-54.341950	-38.638050	-15.660690	-91.425420	-2.221513	-11.530810	-19.245180	 8.759701	-64.108700	-14.451870	-8.555512	 73.597120	 2.455756	-1.174072	 85.581090	 1.424584	 1.699769	-19.746430	-5.306940	-5.637152	 73.154380	-0.135465	 3.283017	 78.747410	-0.624489	 7.378754	-0.335015	 28.231890	 9.087778	 67.168690	-5.964288	 19.992180	 77.383350	-4.525315	 19.816150	-4.816195	 13.536450	 3.300001	 76.758220	-3.468348	 9.848028	 84.504800	-2.472538	 12.277570	 2.809008	-31.279380	 0.441930	 30.772040	 42.045950	-0.533424	 0.364447	 46.343890	-0.398161	 3.719477	 0.000000	 90.000000	 0.000000	 170.695100	 6.798687	 171.038600	-176.626600	-2.200932	-4.815519
-0.003803	-0.107031	 0.017192	 171.839800	 4.079515	-87.757140	-11.491540	 3.992873	-2.159317	-10.050250	 9.908848	-2.215728	 1.559692	-6.312541	 110.458400	-0.813313	 0.122417	-8.559153	-53.176350	-23.736720	 21.133710	-3.377249	 31.934020	 1.149337	-11.812680	 25.875840	-66.946780	-5.466561	-2.015671	 9.912610	 2.503324	-1.126932	 4.512146	 3.269194	-0.634905	-79.900480	 3.764825	 3.087900	 11.956250	-0.275905	 3.148022	 9.006140	 2.903611	 4.343118	-70.243010	 37.106710	 19.685920	 15.068710	-6.822537	 19.211440	 10.820750	-5.637756	 19.245700	-70.171850	 18.295840	 10.310340	 21.438150	-3.898858	 9.395122	 9.460192	-0.473463	 9.974930	-72.425380	-57.463790	-11.469890	 6.694174	 9.284960	-0.525222	 0.082313	-19.390840	-0.175535	 3.200025	 1.353514	-8.520469	 90.508000	-96.938770	 1.415855	-136.253000	-179.598300	-1.873188	 91.908580	-0.813313	 0.122417	-8.559153	-54.289130	-38.645310	-15.607000	-91.327790	-2.275434	-11.538390	-19.269240	 8.729570	-64.060810	-14.451500	-8.554762	 73.594050	 2.455756	-1.174068	 85.576700	 1.424746	 1.699705	-19.749790	-5.269475	-5.550918	 72.884730	-0.135464	 3.283021	 78.748590	-0.554541	 7.370989	-1.326653	 28.332050	 9.341851	 66.441870	-5.967942	 19.977540	 76.539960	-4.538694	 19.793860	-6.145149	 13.588350	 3.465925	 76.068040	-3.469135	 9.840802	 83.687390	-2.427557	 12.267840	 1.763013	-31.280080	 0.441207	 30.770800	 42.044360	-0.533427	 0.364435	 46.340740	-0.398167	 3.719448	 0.000000	 90.000000	 0.000000	 170.672800	 6.798727	 171.096600	-176.643000	-2.200074	-4.803665
-0.003637	-0.106804	 0.017222	 171.836700	 4.038481	-87.745590	-11.479320	 3.995891	-2.147991	-10.041580	 9.911539	-2.207368	 1.553965	-6.290600	 110.457600	-0.813313	 0.122417	-8.559153	-53.082340	-23.734890	 21.278330	-3.373845	 31.986240	 1.146473	-11.828450	 25.952310	-66.965580	-5.466561	-2.015671	 9.912610	 2.503324	-1.126932	 4.512146	 3.269194	-0.634905	-79.900480	 3.765287	 3.088102	 11.956220	-0.275905	 3.148022	 9.006140	 2.903622	 4.343072	-70.243680	 37.107200	 19.686100	 15.068550	-6.822537	 19.211440	 10.820750	-5.637782	 19.245700	-70.172810	 18.296380	 10.310620	 21.438050	-3.898858	 9.395122	 9.460192	-0.473463	 9.974930	-72.425380	-57.463040	-11.469780	 6.694026	 9.284960	-0.525222	 0.082313	-19.390840	-0.175535	 3.200025	 1.346577	-8.564058	 90.504910	-96.945690	 1.510915	-136.605000	-179.598400	-1.872248	 91.908860	-0.813313	 0.122417	-8.559153	-54.226050	-38.653180	-15.540190	-91.218770	-2.336627	-11.545160	-19.287470	 8.688660	-64.000280	-14.450910	-8.553583	 73.589130	 2.455757	-1.174062	 85.569650	 1.425006	 1.699601	-19.755200	-5.222912	-5.445340	 72.554280	-0.135463	 3.283025	 78.749950	-0.469053	 7.359840	-2.541419	 28.460320	 9.652583	 65.549390	-5.972728	 19.959690	 75.506870	-4.555829	 19.766970	-7.772942	 13.655330	 3.669307	 75.221870	-3.470243	 9.831964	 82.686050	-2.372718	 12.254830	 0.481721	-31.281710	 0.439471	 30.767750	 42.040480	-0.533438	 0.364402	 46.333030	-0.398176	 3.719378	 0.000000	 90.000000	 0.000000	 170.643600	 6.799282	 171.171000	-176.662900	-2.199081	-4.792523
-0.003494	-0.106561	 0.017236	 171.832900	 4.005502	-87.736150	-11.469500	 3.998404	-2.138736	-10.034540	 9.914619	-2.200559	 1.549650	-6.274074	 110.456900	-0.813313	 0.122417	-8.559153	-53.012840	-23.730910	 21.377250	-3.371162	 32.022670	 1.144344	-11.861530	 26.017350	-66.970200	-5.466561	-2.015671	 9.912610	 2.503324	-1.126932	 4.512146	 3.269194	-0.634905	-79.900480	 3.765691	 3.088280	 11.956200	-0.275905	 3.148022	 9.006140	 2.903632	 4.343036	-70.244220	 37.107600	 19.686250	 15.068420	-6.822537	 19.211440	 10.820750	-5.637797	 19.245700	-70.173610	 18.296820	 10.310850	 21.437960	-3.898858	 9.395122	 9.460192	-0.473463	 9.974930	-72.425380	-57.462430	-11.469690	 6.693908	 9.284960	-0.525222	 0.082313	-19.390840	-0.175535	 3.200025	 1.340979	-8.599804	 90.502370	-96.958370	 1.574842	-136.837300	-179.598400	-1.872100	 91.908380	-0.813313	 0.122417	-8.559153	-54.176180	-38.658760	-15.485290	-91.146490	-2.378406	-11.548570	-19.298020	 8.656960	-63.949220	-14.450300	-8.552373	 73.584190	 2.455757	-1.174055	 85.562570	 1.425267	 1.699498	-19.760610	-5.184773	-5.360145	 72.287410	-0.135462	 3.283028	 78.751000	-0.400202	 7.349527	-3.522419	 28.568370	 9.902996	 64.826930	-5.976834	 19.945320	 74.672640	-4.570251	 19.745600	-9.087279	 13.712160	 3.833590	 74.538010	-3.471251	 9.824844	 81.877410	-2.328659	 12.243460	-0.552956	-31.283720	 0.437367	 30.764050	 42.035760	-0.533452	 0.364362	 46.323720	-0.398188	 3.719293	 0.000000	 90.000000	 0.000000	 170.618600	 6.800122	 171.233000	-176.679100	-2.198307	-4.786503
-0.003342	-0.106272	 0.017244	 171.827900	 3.972084	-87.726390	-11.459420	 4.001062	-2.129171	-10.027300	 9.918811	-2.193516	 1.545611	-6.258599	 110.456400	-0.813313	 0.122417	-8.559153	-52.948580	-23.725920	 21.463480	-3.368512	 32.055490	 1.142257	-11.907810	 26.085000	-66.968850	-5.466561	-2.015671	 9.912610	 2.503324	-1.126932	 4.512146	 3.269194	-0.634905	-79.900480	 3.766096	 3.088457	 11.956180	-0.275905	 3.148022	 9.006140	 2.903641	 4.342995	-70.244800	 37.108020	 19.686410	 15.068270	-6.822537	 19.211440	 10.820750	-5.637811	 19.245700	-70.174450	 18.297280	 10.311080	 21.437870	-3.898858	 9.395122	 9.460192	-0.473463	 9.974930	-72.425380	-57.461780	-11.469600	 6.693789	 9.284960	-0.525222	 0.082313	-19.390840	-0.175535	 3.200025	 1.335227	-8.635007	 90.499730	-96.975420	 1.628840	-137.041600	-179.598400	-1.872523	 91.909940	-0.813313	 0.122417	-8.559153	-54.126090	-38.663750	-15.428290	-91.095090	-2.410003	-11.550090	-19.309750	 8.630379	-63.894260	-14.449570	-8.550920	 73.578220	 2.455758	-1.174047	 85.554000	 1.425584	 1.699373	-19.767200	-5.145427	-5.273414	 72.015500	-0.135462	 3.283030	 78.751910	-0.330265	 7.337822	-4.521616	 28.682520	 10.157510	 64.089390	-5.981247	 19.930750	 73.822920	-4.585470	 19.724150	-10.425960	 13.772550	 4.000897	 73.840900	-3.472384	 9.817607	 81.053730	-2.284003	 12.231070	-1.606905	-31.286430	 0.434515	 30.759080	 42.029410	-0.533466	 0.364310	 46.311150	-0.398210	 3.719180	 0.000000	 90.000000	 0.000000	 170.592000	 6.801327	 171.297300	-176.695600	-2.197596	-4.783482
-0.003167	-0.105986	 0.017259	 171.822300	 3.935220	-87.715670	-11.448090	 4.004126	-2.118244	-10.019170	 9.923194	-2.185495	 1.541660	-6.243477	 110.455700	-0.813313	 0.122417	-8.559153	-52.886020	-23.721280	 21.543900	-3.365566	 32.087520	 1.140090	-11.966600	 26.158940	-66.963420	-5.466561	-2.015671	 9.912610	 2.503324	-1.126932	 4.512146	 3.269194	-0.634905	-79.900480	 3.766578	 3.088668	 11.956150	-0.275905	 3.148022	 9.006140	 2.903653	 4.342949	-70.245470	 37.108490	 19.686580	 15.068110	-6.822537	 19.211440	 10.820750	-5.637832	 19.245700	-70.175410	 18.297840	 10.311370	 21.437770	-3.898858	 9.395122	 9.460192	-0.473463	 9.974930	-72.425380	-57.461020	-11.469490	 6.693654	 9.284960	-0.525222	 0.082313	-19.390840	-0.175535	 3.200025	 1.328683	-8.670435	 90.496700	-96.995990	 1.676328	-137.250200	-179.598200	-1.873635	 91.918850	-0.813313	 0.122417	-8.559153	-54.071050	-38.668580	-15.363440	-91.078350	-2.427655	-11.549110	-19.330050	 8.612234	-63.829140	-14.448610	-8.548994	 73.570300	 2.455759	-1.174037	 85.542650	 1.426003	 1.699207	-19.775900	-5.101136	-5.177144	 71.713440	-0.135461	 3.283033	 78.752660	-0.252844	 7.323407	-5.631386	 28.814170	 10.439450	 63.268250	-5.986423	 19.914640	 72.879300	-4.602992	 19.700720	-11.912600	 13.842610	 4.186656	 73.066030	-3.473763	 9.809584	 80.138890	-2.234691	 12.216370	-2.777394	-31.290310	 0.430460	 30.751960	 42.020310	-0.533490	 0.364233	 46.293190	-0.398233	 3.719021	 0.000000	 90.000000	 0.000000	 170.561200	 6.803108	 171.369300	-176.713900	-2.196519	-4.738267
-0.003001	-0.105715	 0.017271	 171.818700	 3.903620	-87.706700	-11.438080	 4.006949	-2.108453	-10.012050	 9.924800	-2.178293	 1.538844	-6.232693	 110.455300	-0.813313	 0.122417	-8.559153	-52.840940	-23.719920	 21.601710	-3.363082	 32.111820	 1.138282	-12.016250	 26.218740	-66.958500	-5.466561	-2.015671	 9.912610	 2.503324	-1.126932	 4.512146	 3.269194	-0.634905	-79.900480	 3.767021	 3.088863	 11.956120	-0.275905	 3.148022	 9.006140	 2.903664	 4.342909	-70.246060	 37.108930	 19.686740	 15.067960	-6.822537	 19.211440	 10.820750	-5.637850	 19.245700	-70.176280	 18.298340	 10.311630	 21.437670	-3.898858	 9.395122	 9.460192	-0.473463	 9.974930	-72.425380	-57.460350	-11.469390	 6.693540	 9.284960	-0.525222	 0.082313	-19.390840	-0.175535	 3.200025	 1.322834	-8.695441	 90.493970	-97.011850	 1.706965	-137.434200	-179.598100	-1.875163	 91.932480	-0.813313	 0.122417	-8.559153	-54.023800	-38.672090	-15.305920	-91.105270	-2.427188	-11.545850	-19.360160	 8.608962	-63.769440	-14.447620	-8.547023	 73.562250	 2.455760	-1.174027	 85.531070	 1.426430	 1.699037	-19.784780	-5.062482	-5.094261	 71.453130	-0.135462	 3.283034	 78.752970	-0.186372	 7.309793	-6.587578	 28.931690	 10.681660	 62.559090	-5.991111	 19.900830	 72.066280	-4.618599	 19.680890	-13.193390	 13.905460	 4.346591	 72.397800	-3.475057	 9.802691	 79.350620	-2.192459	 12.202920	-3.785859	-31.294460	 0.426082	 30.744290	 42.010540	-0.533504	 0.364149	 46.273860	-0.398265	 3.718849	 0.000000	 90.000000	 0.000000	 170.533700	 6.805050	 171.431000	-176.729300	-2.195237	-4.639071
-0.002854	-0.105498	 0.017285	 171.816600	 3.875904	-87.699010	-11.428980	 4.009553	-2.099448	-10.005660	 9.924425	-2.171675	 1.536946	-6.225445	 110.454900	-0.813313	 0.122417	-8.559153	-52.809570	-23.722560	 21.644710	-3.360855	 32.131010	 1.136729	-12.052350	 26.265520	-66.956830	-5.466561	-2.015671	 9.912610	 2.503324	-1.126932	 4.512146	 3.269194	-0.634905	-79.900480	 3.767426	 3.089040	 11.956100	-0.275905	 3.148022	 9.006140	 2.903673	 4.342871	-70.246620	 37.109330	 19.686890	 15.067820	-6.822537	 19.211440	 10.820750	-5.637868	 19.245700	-70.177090	 18.298800	 10.311870	 21.437580	-3.898858	 9.395122	 9.460192	-0.473463	 9.974930	-72.425380	-57.459720	-11.469290	 6.693421	 9.284960	-0.525222	 0.082313	-19.390840	-0.175535	 3.200025	 1.317454	-8.710856	 90.491410	-97.021270	 1.725977	-137.617800	-179.597900	-1.876962	 91.949100	-0.813313	 0.122417	-8.559153	-53.982130	-38.674660	-15.253760	-91.159760	-2.414607	-11.541040	-19.402630	 8.619298	-63.713790	-14.446610	-8.545023	 73.554020	 2.455761	-1.174016	 85.519240	 1.426866	 1.698864	-19.793830	-5.028128	-5.021458	 71.224290	-0.135462	 3.283033	 78.752850	-0.128144	 7.296923	-7.427970	 29.038120	 10.893960	 61.934440	-5.995397	 19.888740	 71.351780	-4.632703	 19.663730	-14.319010	 13.962620	 4.487041	 71.810070	-3.476272	 9.796651	 78.657820	-2.155543	 12.190500	-4.672236	-31.298900	 0.421437	 30.736180	 42.000180	-0.533529	 0.364063	 46.253350	-0.398296	 3.718665	 0.000000	 90.000000	 0.000000	 170.508700	 6.807117	 171.484100	-176.743300	-2.194202	-4.553496
-0.002697	-0.105328	 0.017309	 171.815800	 3.844775	-87.690640	-11.418300	 4.012725	-2.088729	-9.998206	 9.921881	-2.163788	 1.535763	-6.220945	 110.454500	-0.813313	 0.122417	-8.559153	-52.780930	-23.729240	 21.687990	-3.358371	 32.150520	 1.135037	-12.074310	 26.307280	-66.962360	-5.466561	-2.015671	 9.912610	 2.503324	-1.126932	 4.512146	 3.269194	-0.634905	-79.900480	 3.767927	 3.089259	 11.956070	-0.275905	 3.148022	 9.006140	 2.903685	 4.342826	-70.247260	 37.109820	 19.687070	 15.067660	-6.822537	 19.211440	 10.820750	-5.637882	 19.245700	-70.178080	 18.299370	 10.312170	 21.437470	-3.898858	 9.395122	 9.460192	-0.473463	 9.974930	-72.425380	-57.458970	-11.469180	 6.693272	 9.284960	-0.525222	 0.082313	-19.390840	-0.175535	 3.200025	 1.311007	-8.717135	 90.488290	-97.023920	 1.735263	-137.852200	-179.597700	-1.879556	 91.973100	-0.813313	 0.122417	-8.559153	-53.934920	-38.676940	-15.192970	-91.255220	-2.386139	-11.533420	-19.477680	 8.651479	-63.647120	-14.445290	-8.542387	 73.543160	 2.455762	-1.174003	 85.503740	 1.427439	 1.698637	-19.805750	-4.989236	-4.939978	 70.967940	-0.135462	 3.283031	 78.752150	-0.063160	 7.281499	-8.369249	 29.160790	 11.131020	 61.233310	-6.000387	 19.875260	 70.551460	-4.648919	 19.644830	-15.579670	 14.028780	 4.644206	 71.151290	-3.477725	 9.789901	 77.881840	-2.114438	 12.175930	-5.664968	-31.304900	 0.415145	 30.725150	 41.986120	-0.533562	 0.363943	 46.225550	-0.398342	 3.718416	 0.000000	 90.000000	 0.000000	 170.480800	 6.810750	 171.528300	-176.759900	-2.193494	-4.509951
-0.002570	-0.105188	 0.017324	 171.816500	 3.820395	-87.684270	-11.409380	 4.015451	-2.079699	-9.992089	 9.918043	-2.157145	 1.535750	-6.220926	 110.454300	-0.813313	 0.122417	-8.559153	-52.758670	-23.735120	 21.722830	-3.356399	 32.164610	 1.133729	-12.078020	 26.332570	-66.972110	-5.466561	-2.015671	 9.912610	 2.503324	-1.126932	 4.512146	 3.269194	-0.634905	-79.900480	 3.768332	 3.089436	 11.956050	-0.275905	 3.148022	 9.006140	 2.903695	 4.342785	-70.247840	 37.110220	 19.687220	 15.067530	-6.822537	 19.211440	 10.820750	-5.637902	 19.245700	-70.178880	 18.299850	 10.312420	 21.437380	-3.898858	 9.395122	 9.460192	-0.473463	 9.974930	-72.425380	-57.458330	-11.469080	 6.693148	 9.284960	-0.525222	 0.082313	-19.390840	-0.175535	 3.200025	 1.305571	-8.713377	 90.485640	-97.020360	 1.730423	-138.043500	-179.597400	-1.882088	 91.996110	-0.813313	 0.122417	-8.559153	-53.897410	-38.678210	-15.143300	-91.355380	-2.352303	-11.525610	-19.557690	 8.693353	-63.592080	-14.444070	-8.539954	 73.533200	 2.455763	-1.173990	 85.489420	 1.427968	 1.698426	-19.816730	-4.958623	-4.876531	 70.768160	-0.135462	 3.283027	 78.750980	-0.012719	 7.268753	-9.102496	 29.258910	 11.315130	 60.686050	-6.004416	 19.864800	 69.928070	-4.661856	 19.630340	-16.561700	 14.081870	 4.766500	 70.637730	-3.478918	 9.784655	 77.277290	-2.082599	 12.164090	-6.438304	-31.310570	 0.409205	 30.714740	 41.972860	-0.533590	 0.363832	 46.199290	-0.398383	 3.718179	 0.000000	 90.000000	 0.000000	 170.459600	 6.815317	 171.540000	-176.773800	-2.193249	-4.508748
-0.002450	-0.105086	 0.017343	 171.818400	 3.797770	-87.678520	-11.400540	 4.018212	-2.070616	-9.986057	 9.912764	-2.150458	 1.536538	-6.223989	 110.454100	-0.813313	 0.122417	-8.559153	-52.737530	-23.741900	 21.758920	-3.354511	 32.177080	 1.132489	-12.078540	 26.354240	-66.982390	-5.466561	-2.015671	 9.912610	 2.503324	-1.126932	 4.512146	 3.269194	-0.634905	-79.900480	 3.768756	 3.089622	 11.956020	-0.275905	 3.148022	 9.006140	 2.903705	 4.342746	-70.248420	 37.110660	 19.687380	 15.067380	-6.822537	 19.211440	 10.820750	-5.637920	 19.245710	-70.179720	 18.300310	 10.312650	 21.437290	-3.898858	 9.395122	 9.460192	-0.473463	 9.974930	-72.425380	-57.457700	-11.468990	 6.693025	 9.284960	-0.525222	 0.082313	-19.390840	-0.175535	 3.200025	 1.300135	-8.704649	 90.482960	-97.013210	 1.716901	-138.230600	-179.597200	-1.884893	 92.021160	-0.813313	 0.122417	-8.559153	-53.861720	-38.678940	-15.094890	-91.469280	-2.310540	-11.516660	-19.643800	 8.744002	-63.539860	-14.442740	-8.537310	 73.522350	 2.455764	-1.173976	 85.473860	 1.428541	 1.698199	-19.828640	-4.930190	-4.818124	 70.584100	-0.135463	 3.283022	 78.749200	 0.033606	 7.256443	-9.778078	 29.351270	 11.484290	 60.180930	-6.008232	 19.855210	 69.353700	-4.674005	 19.617170	-17.466450	 14.131980	 4.879042	 70.164250	-3.480068	 9.779832	 76.720290	-2.053412	 12.152820	-7.150799	-31.316840	 0.402634	 30.703240	 41.958160	-0.533621	 0.363707	 46.170230	-0.398424	 3.717921	 0.000000	 90.000000	 0.000000	 170.440100	 6.820609	 171.537400	-176.787300	-2.193167	-4.516943
-0.002314	-0.104970	 0.017369	 171.821800	 3.773760	-87.672470	-11.390160	 4.021565	-2.059814	-9.979046	 9.904853	-2.142509	 1.538386	-6.231121	 110.454100	-0.813313	 0.122417	-8.559153	-52.713760	-23.752180	 21.806360	-3.352468	 32.190410	 1.131157	-12.075350	 26.375900	-66.995120	-5.466561	-2.015671	 9.912610	 2.503324	-1.126932	 4.512146	 3.269194	-0.634905	-79.900480	 3.769276	 3.089850	 11.956000	-0.275905	 3.148022	 9.006140	 2.903717	 4.342699	-70.249110	 37.111150	 19.687560	 15.067210	-6.822537	 19.211440	 10.820750	-5.637939	 19.245700	-70.180710	 18.300890	 10.312950	 21.437180	-3.898858	 9.395122	 9.460192	-0.473463	 9.974930	-72.425380	-57.456920	-11.468880	 6.692894	 9.284960	-0.525222	 0.082313	-19.390840	-0.175535	 3.200025	 1.293714	-8.688276	 90.479720	-97.000320	 1.691279	-138.445500	-179.596800	-1.888559	 92.052510	-0.813313	 0.122417	-8.559153	-53.822290	-38.679100	-15.039950	-91.614480	-2.252666	-11.504990	-19.751850	 8.814617	-63.483400	-14.441030	-8.533918	 73.508450	 2.455766	-1.173958	 85.453890	 1.429278	 1.697906	-19.843970	-4.900048	-4.756750	 70.390540	-0.135465	 3.283014	 78.746240	 0.082151	 7.242914	-10.488360	 29.450420	 11.661650	 59.648980	-6.012356	 19.845160	 68.749840	-4.687014	 19.603530	-18.417610	 14.185910	 4.997211	 69.666150	-3.481330	 9.774776	 76.134700	-2.022881	 12.140580	-7.899899	-31.325030	 0.394050	 30.688180	 41.938980	-0.533666	 0.363546	 46.132270	-0.398483	 3.717578	 0.000000	 90.000000	 0.000000	 170.419200	 6.826893	 171.528500	-176.802600	-2.193117	-4.507744
-0.002208	-0.104880	 0.017394	 171.825600	 3.756443	-87.668080	-11.381590	 4.024374	-2.050782	-9.973289	 9.896978	-2.135865	 1.540562	-6.239515	 110.454000	-0.813313	 0.122417	-8.559153	-52.695220	-23.761780	 21.847500	-3.350822	 32.200770	 1.130111	-12.069790	 26.391220	-67.006040	-5.466561	-2.015671	 9.912610	 2.503324	-1.126932	 4.512146	 3.269194	-0.634905	-79.900480	 3.769700	 3.090036	 11.955970	-0.275905	 3.148022	 9.006140	 2.903727	 4.342660	-70.249670	 37.111590	 19.687730	 15.067060	-6.822537	 19.211440	 10.820750	-5.637956	 19.245710	-70.181550	 18.301390	 10.313210	 21.437090	-3.898858	 9.395122	 9.460192	-0.473463	 9.974930	-72.425380	-57.456260	-11.468780	 6.692774	 9.284960	-0.525222	 0.082313	-19.390840	-0.175535	 3.200025	 1.288393	-8.669952	 90.477010	-96.986120	 1.663347	-138.619200	-179.596500	-1.891829	 92.079220	-0.813313	 0.122417	-8.559153	-53.791940	-38.678680	-14.996540	-91.737690	-2.199081	-11.494640	-19.845540	 8.881683	-63.442150	-14.439490	-8.530865	 73.495920	 2.455768	-1.173942	 85.435970	 1.429939	 1.697642	-19.857700	-4.878385	-4.712985	 70.252470	-0.135467	 3.283004	 78.742910	 0.116670	 7.232903	-10.994970	 29.522400	 11.787800	 59.268960	-6.015365	 19.838010	 68.319160	-4.696438	 19.593920	-19.096040	 14.225160	 5.081400	 69.310690	-3.482260	 9.771174	 75.716990	-2.001208	 12.131620	-8.434181	-31.332520	 0.386227	 30.674470	 41.921490	-0.533703	 0.363398	 46.097660	-0.398532	 3.717269	 0.000000	 90.000000	 0.000000	 170.403100	 6.831293	 171.527200	-176.814700	-2.193206	-4.497282
-0.002118	-0.104883	 0.017434	 171.830100	 3.745372	-87.663700	-11.373010	 4.027286	-2.041631	-9.967570	 9.887996	-2.129120	 1.543252	-6.249870	 110.454100	-0.813313	 0.122417	-8.559153	-52.678250	-23.770650	 21.885080	-3.349310	 32.210840	 1.129123	-12.061720	 26.404470	-67.017400	-5.466561	-2.015671	 9.912610	 2.503324	-1.126932	 4.512146	 3.269194	-0.634905	-79.900480	 3.770124	 3.090220	 11.955940	-0.275905	 3.148022	 9.006140	 2.903737	 4.342619	-70.250270	 37.112030	 19.687890	 15.066910	-6.822537	 19.211440	 10.820750	-5.637974	 19.245710	-70.182410	 18.301890	 10.313470	 21.436990	-3.898858	 9.395122	 9.460192	-0.473463	 9.974930	-72.425380	-57.455600	-11.468680	 6.692642	 9.284960	-0.525222	 0.082313	-19.390840	-0.175535	 3.200025	 1.283070	-8.647409	 90.474250	-96.968780	 1.630418	-138.789700	-179.596100	-1.895292	 92.105990	-0.813313	 0.122417	-8.559153	-53.763680	-38.677750	-14.955190	-91.858370	-2.141450	-11.483870	-19.942440	 8.956614	-63.407130	-14.437840	-8.527584	 73.482450	 2.455769	-1.173925	 85.416650	 1.430652	 1.697358	-19.872520	-4.860182	-4.676417	 70.137020	-0.135470	 3.282992	 78.738720	 0.145461	 7.224299	-11.418520	 29.583410	 11.893060	 58.950930	-6.017927	 19.832060	 67.959080	-4.704409	 19.585960	-19.663170	 14.258470	 5.151720	 69.013380	-3.483058	 9.768171	 75.367770	-1.983154	 12.123970	-8.880854	-31.340680	 0.377702	 30.659520	 41.902420	-0.533744	 0.363236	 46.059970	-0.398587	 3.716932	 0.000000	 90.000000	 0.000000	 170.389400	 6.835690	 171.518800	-176.826700	-2.193632	-4.519793
-0.002036	-0.105050	 0.017502	 171.835800	 3.745505	-87.658100	-11.363120	 4.030684	-2.030966	-9.961059	 9.876442	-2.121259	 1.546848	-6.263720	 110.454200	-0.813313	 0.122417	-8.559153	-52.660830	-23.779940	 21.923780	-3.347721	 32.221750	 1.128091	-12.049510	 26.416910	-67.031070	-5.466561	-2.015671	 9.912610	 2.503324	-1.126932	 4.512146	 3.269194	-0.634905	-79.900480	 3.770645	 3.090450	 11.955920	-0.275905	 3.148022	 9.006140	 2.903749	 4.342572	-70.250950	 37.112540	 19.688080	 15.066740	-6.822537	 19.211440	 10.820750	-5.637996	 19.245710	-70.183400	 18.302460	 10.313770	 21.436890	-3.898858	 9.395122	 9.460192	-0.473463	 9.974930	-72.425380	-57.454830	-11.468570	 6.692500	 9.284960	-0.525222	 0.082313	-19.390840	-0.175535	 3.200025	 1.276916	-8.616523	 90.471040	-96.945050	 1.588030	-138.981400	-179.595700	-1.899472	 92.135770	-0.813313	 0.122417	-8.559153	-53.734210	-38.676100	-14.910860	-91.985860	-2.072052	-11.471350	-20.056010	 9.051971	-63.376530	-14.435780	-8.523509	 73.465740	 2.455771	-1.173903	 85.392650	 1.431538	 1.697005	-19.890940	-4.844338	-4.644745	 70.036950	-0.135474	 3.282974	 78.732610	 0.170355	 7.216674	-11.785510	 29.636840	 11.984080	 58.675030	-6.020174	 19.826910	 67.647090	-4.711384	 19.579140	-20.154620	 14.287690	 5.212596	 68.755680	-3.483766	 9.765572	 75.065170	-1.967560	 12.117230	-9.267897	-31.350920	 0.366987	 30.640730	 41.878490	-0.533800	 0.363034	 46.012600	-0.398658	 3.716505	 0.000000	 90.000000	 0.000000	 170.378600	 6.842442	 171.471500	-176.840000	-2.194541	-4.573377
-0.001984	-0.105279	 0.017571	 171.841000	 3.753468	-87.653820	-11.354870	 4.033619	-2.021950	-9.955658	 9.865884	-2.114605	 1.550144	-6.276411	 110.454200	-0.813313	 0.122417	-8.559153	-52.648010	-23.786820	 21.952390	-3.346552	 32.230340	 1.127319	-12.037080	 26.425120	-67.043010	-5.466561	-2.015671	 9.912610	 2.503324	-1.126932	 4.512146	 3.269194	-0.634905	-79.900480	 3.771087	 3.090643	 11.955890	-0.275905	 3.148022	 9.006140	 2.903759	 4.342529	-70.251560	 37.112980	 19.688240	 15.066590	-6.822537	 19.211440	 10.820750	-5.638012	 19.245710	-70.184300	 18.302960	 10.314020	 21.436790	-3.898858	 9.395122	 9.460192	-0.473463	 9.974930	-72.425380	-57.454140	-11.468470	 6.692375	 9.284960	-0.525222	 0.082313	-19.390840	-0.175535	 3.200025	 1.271780	-8.586922	 90.468280	-96.922160	 1.550394	-139.137800	-179.595400	-1.903071	 92.158940	-0.813313	 0.122417	-8.559153	-53.712320	-38.674220	-14.876980	-92.075860	-2.013186	-11.461160	-20.149320	 9.140169	-63.370350	-14.433940	-8.519851	 73.450740	 2.455772	-1.173884	 85.371160	 1.432331	 1.696689	-19.907440	-4.835955	-4.628042	 69.984150	-0.135477	 3.282956	 78.726310	 0.183471	 7.212586	-11.979160	 29.665260	 12.032040	 58.529370	-6.021370	 19.824200	 67.482440	-4.715089	 19.575560	-20.413900	 14.303240	 5.244679	 68.619670	-3.484143	 9.764201	 74.905490	-1.959351	 12.113640	-9.472121	-31.360210	 0.357302	 30.623740	 41.856790	-0.533842	 0.362849	 45.969710	-0.398726	 3.716123	 0.000000	 90.000000	 0.000000	 170.373400	 6.848578	 171.413400	-176.850000	-2.195707	-4.628819
-0.001947	-0.105529	 0.017642	 171.846000	 3.765182	-87.650870	-11.347020	 4.036458	-2.013275	-9.950519	 9.855206	-2.108198	 1.553429	-6.289061	 110.454300	-0.813313	 0.122417	-8.559153	-52.637290	-23.792710	 21.976500	-3.345515	 32.238180	 1.126633	-12.023590	 26.431240	-67.054870	-5.466561	-2.015671	 9.912610	 2.503324	-1.126932	 4.512146	 3.269194	-0.634905	-79.900480	 3.771512	 3.090828	 11.955870	-0.275905	 3.148022	 9.006140	 2.903770	 4.342489	-70.252150	 37.113400	 19.688400	 15.066440	-6.822537	 19.211440	 10.820750	-5.638031	 19.245710	-70.185140	 18.303440	 10.314270	 21.436700	-3.898858	 9.395122	 9.460192	-0.473463	 9.974930	-72.425380	-57.453500	-11.468380	 6.692251	 9.284960	-0.525222	 0.082313	-19.390840	-0.175535	 3.200025	 1.266904	-8.555734	 90.465640	-96.897910	 1.514017	-139.283400	-179.595000	-1.906547	 92.178700	-0.813313	 0.122417	-8.559153	-53.693970	-38.672040	-14.847830	-92.141130	-1.957872	-11.451970	-20.233810	 9.232110	-63.390480	-14.432070	-8.516145	 73.435550	 2.455774	-1.173865	 85.349380	 1.433136	 1.696368	-19.924160	-4.832661	-4.621493	 69.963460	-0.135481	 3.282935	 78.719210	 0.188609	 7.210971	-12.055060	 29.676440	 12.050820	 58.472210	-6.021849	 19.823140	 67.417920	-4.716547	 19.574150	-20.515580	 14.309380	 5.257280	 68.566310	-3.484294	 9.763665	 74.842860	-1.956135	 12.112220	-9.552219	-31.369680	 0.347412	 30.606370	 41.834670	-0.533889	 0.362663	 45.925930	-0.398786	 3.715731	 0.000000	 90.000000	 0.000000	 170.370800	 6.854118	 171.354300	-176.857700	-2.197261	-4.679621
-0.001913	-0.105813	 0.017724	 171.851900	 3.780915	-87.649070	-11.337550	 4.039945	-2.002680	-9.944383	 9.841715	-2.100396	 1.557417	-6.304420	 110.454400	-0.813313	 0.122417	-8.559153	-52.626340	-23.798800	 22.001530	-3.344475	 32.247210	 1.125944	-12.005400	 26.436590	-67.069730	-5.466561	-2.015671	 9.912610	 2.503324	-1.126932	 4.512146	 3.269194	-0.634905	-79.900480	 3.772013	 3.091048	 11.955840	-0.275905	 3.148022	 9.006140	 2.903783	 4.342441	-70.252860	 37.113930	 19.688590	 15.066260	-6.822537	 19.211440	 10.820750	-5.638051	 19.245710	-70.186160	 18.304020	 10.314570	 21.436590	-3.898858	 9.395122	 9.460192	-0.473463	 9.974930	-72.425380	-57.452700	-11.468250	 6.692104	 9.284960	-0.525222	 0.082313	-19.390840	-0.175535	 3.200025	 1.261060	-8.514607	 90.462430	-96.841970	 1.520752	-139.394800	-179.594600	-1.910750	 92.198400	-0.813313	 0.122417	-8.559153	-53.675490	-38.668880	-14.817410	-92.177550	-1.895782	-11.442280	-20.329280	 9.351811	-63.444270	-14.429670	-8.511400	 73.416040	 2.455777	-1.173840	 85.321410	 1.434168	 1.695955	-19.945620	-4.832088	-4.620328	 69.959620	-0.135487	 3.282906	 78.709060	 0.189611	 7.210656	-12.069880	 29.677350	 12.053170	 58.462070	-6.021940	 19.822920	 67.405170	-4.716830	 19.573880	-20.535270	 14.309820	 5.258723	 68.556700	-3.484323	 9.763561	 74.830640	-1.955503	 12.111940	-9.567947	-31.381940	 0.334627	 30.583920	 41.806060	-0.533958	 0.362422	 45.869320	-0.398872	 3.715223	 0.000000	 90.000000	 0.000000	 170.369600	 6.859265	 171.295000	-176.864700	-2.199589	-4.722559
-0.001888	-0.105973	 0.017780	 171.856400	 3.791456	-87.649330	-11.330130	 4.042751	-1.994300	-9.939577	 9.830761	-2.094193	 1.560443	-6.316078	 110.454400	-0.813313	 0.122417	-8.559153	-52.619190	-23.802960	 22.018130	-3.343769	 32.254040	 1.125447	-11.989870	 26.439380	-67.081920	-5.466561	-2.015671	 9.912610	 2.503324	-1.126932	 4.512146	 3.269194	-0.634905	-79.900480	 3.772416	 3.091225	 11.955820	-0.275905	 3.148022	 9.006140	 2.903792	 4.342401	-70.253440	 37.114370	 19.688760	 15.066120	-6.822537	 19.211440	 10.820750	-5.638066	 19.245710	-70.186980	 18.304480	 10.314810	 21.436500	-3.898858	 9.395122	 9.460192	-0.473463	 9.974930	-72.425380	-57.452060	-11.468150	 6.691977	 9.284960	-0.525222	 0.082313	-19.390840	-0.175535	 3.200025	 1.256508	-8.479953	 90.459870	-96.771030	 1.580609	-139.402400	-179.594300	-1.914011	 92.209780	-0.813313	 0.122417	-8.559153	-53.663960	-38.666080	-14.797600	-92.162730	-1.853144	-11.436150	-20.398830	 9.451339	-63.505640	-14.427660	-8.507430	 73.399800	 2.455779	-1.173819	 85.298140	 1.435027	 1.695611	-19.963490	-4.830788	-4.617684	 69.950900	-0.135492	 3.282878	 78.699710	 0.191840	 7.209951	-12.102820	 29.679190	 12.058290	 58.439040	-6.022152	 19.822460	 67.376810	-4.717459	 19.573280	-20.579030	 14.310670	 5.261804	 68.534830	-3.484388	 9.763327	 74.803340	-1.954096	 12.111320	-9.603024	-31.392230	 0.323909	 30.565090	 41.782070	-0.534007	 0.362219	 45.821870	-0.398938	 3.714794	 0.000000	 90.000000	 0.000000	 170.369300	 6.861289	 171.271400	-176.868300	-2.201721	-4.729596
-0.001878	-0.106201	 0.017846	 171.860600	 3.809196	-87.649710	-11.322530	 4.045680	-1.985622	-9.934671	 9.819366	-2.087775	 1.563345	-6.327261	 110.454400	-0.813313	 0.122417	-8.559153	-52.613110	-23.806720	 22.032490	-3.343123	 32.260620	 1.125000	-11.973040	 26.441140	-67.094860	-5.466561	-2.015671	 9.912610	 2.503324	-1.126932	 4.512146	 3.269194	-0.634905	-79.900480	 3.772860	 3.091419	 11.955790	-0.275905	 3.148022	 9.006140	 2.903803	 4.342360	-70.254040	 37.114810	 19.688920	 15.065960	-6.822537	 19.211440	 10.820750	-5.638086	 19.245710	-70.187860	 18.304950	 10.315050	 21.436410	-3.898858	 9.395122	 9.460192	-0.473463	 9.974930	-72.425380	-57.451370	-11.468050	 6.691849	 9.284960	-0.525222	 0.082313	-19.390840	-0.175535	 3.200025	 1.251872	-8.442468	 90.457230	-96.703980	 1.630717	-139.390800	-179.594000	-1.917259	 92.216760	-0.813313	 0.122417	-8.559153	-53.655110	-38.662860	-14.781520	-92.105930	-1.815441	-11.431380	-20.486940	 9.568785	-63.579690	-14.425500	-8.503161	 73.382270	 2.455781	-1.173796	 85.272980	 1.435954	 1.695240	-19.982780	-4.828698	-4.613428	 69.936780	-0.135503	 3.282821	 78.680050	 0.195314	 7.208853	-12.154190	 29.682250	 12.066640	 58.401760	-6.022474	 19.821730	 67.332550	-4.718441	 19.572350	-20.647320	 14.312080	 5.266825	 68.499500	-3.484490	 9.762960	 74.760820	-1.951902	 12.110340	-9.657720	-31.403420	 0.312264	 30.544620	 41.756000	-0.534072	 0.361999	 45.770320	-0.399012	 3.714331	 0.000000	 90.000000	 0.000000	 170.371200	 6.863604	 171.236700	-176.870800	-2.204328	-4.748901
-0.001908	-0.106780	 0.017965	 171.864700	 3.853837	-87.647930	-11.313740	 4.049136	-1.975471	-9.929027	 9.806132	-2.080264	 1.566267	-6.338529	 110.454300	-0.813313	 0.122417	-8.559153	-52.607600	-23.810560	 22.045830	-3.342459	 32.267860	 1.124523	-11.952720	 26.442010	-67.110380	-5.466561	-2.015671	 9.912610	 2.503324	-1.126932	 4.512146	 3.269194	-0.634905	-79.900480	 3.773343	 3.091630	 11.955760	-0.275905	 3.148022	 9.006140	 2.903815	 4.342311	-70.254740	 37.115320	 19.689100	 15.065790	-6.822537	 19.211440	 10.820750	-5.638106	 19.245720	-70.188870	 18.305510	 10.315340	 21.436300	-3.898858	 9.395122	 9.460192	-0.473463	 9.974930	-72.425380	-57.450600	-11.467950	 6.691698	 9.284960	-0.525222	 0.082313	-19.390840	-0.175535	 3.200025	 1.246585	-8.397059	 90.454170	-96.660480	 1.620584	-139.423600	-179.593700	-1.920862	 92.217710	-0.813313	 0.122417	-8.559153	-53.657540	-38.652160	-14.791160	-91.985270	-1.780064	-11.428060	-20.643570	 9.739922	-63.669690	-14.422850	-8.497930	 73.360790	 2.455783	-1.173769	 85.242230	 1.437089	 1.694785	-20.006400	-4.825388	-4.606700	 69.914510	-0.135533	 3.282673	 78.629440	 0.200535	 7.207196	-12.231400	 29.687260	 12.079970	 58.343000	-6.022963	 19.820630	 67.265980	-4.719917	 19.570940	-20.750000	 14.314410	 5.274874	 68.443740	-3.484645	 9.762412	 74.696840	-1.948604	 12.108880	-9.739974	-31.417180	 0.297954	 30.519470	 41.723970	-0.534143	 0.361728	 45.706930	-0.399097	 3.713763	 0.000000	 90.000000	 0.000000	 170.379700	 6.870395	 171.124400	-176.873000	-2.208276	-4.858773
-0.001959	-0.107439	 0.018083	 171.867200	 3.904574	-87.645410	-11.306260	 4.052124	-1.966726	-9.924243	 9.794980	-2.073803	 1.568241	-6.346159	 110.454200	-0.813313	 0.122417	-8.559153	-52.604190	-23.813380	 22.054500	-3.341946	 32.273750	 1.124159	-11.934970	 26.441990	-67.124150	-5.466561	-2.015671	 9.912610	 2.503324	-1.126932	 4.512146	 3.269194	-0.634905	-79.900480	 3.773766	 3.091815	 11.955740	-0.275905	 3.148022	 9.006140	 2.903826	 4.342271	-70.255340	 37.115810	 19.689280	 15.065630	-6.822537	 19.211440	 10.820750	-5.638124	 19.245720	-70.189770	 18.305990	 10.315590	 21.436210	-3.898858	 9.395122	 9.460192	-0.473463	 9.974930	-72.425380	-57.449910	-11.467840	 6.691564	 9.284960	-0.525222	 0.082313	-19.390840	-0.175535	 3.200025	 1.242149	-8.357051	 90.451520	-96.645100	 1.570601	-139.502300	-179.593400	-1.923736	 92.210530	-0.813313	 0.122417	-8.559153	-53.680410	-38.629510	-14.849380	-91.833900	-1.757524	-11.427240	-20.810940	 9.908005	-63.746820	-14.420460	-8.493220	 73.341540	 2.455785	-1.173744	 85.214580	 1.438108	 1.694376	-20.027610	-4.821909	-4.599633	 69.891110	-0.135570	 3.282486	 78.565110	 0.205715	 7.205542	-12.308050	 29.692720	 12.094150	 58.281140	-6.023452	 19.819550	 67.199940	-4.721387	 19.569540	-20.851900	 14.316980	 5.283460	 68.385150	-3.484799	 9.761868	 74.633350	-1.945331	 12.107420	-9.821638	-31.429590	 0.285043	 30.496760	 41.695050	-0.534196	 0.361481	 45.649700	-0.399191	 3.713254	 0.000000	 90.000000	 0.000000	 170.390400	 6.877810	 170.997000	-176.874200	-2.212272	-5.004624
-0.002025	-0.108165	 0.018205	 171.868800	 3.960394	-87.642820	-11.298610	 4.055218	-1.957695	-9.919324	 9.783886	-2.067107	 1.569600	-6.351434	 110.454000	-0.813313	 0.122417	-8.559153	-52.601910	-23.815830	 22.060880	-3.341516	 32.279550	 1.123846	-11.916660	 26.441490	-67.138780	-5.466561	-2.015671	 9.912610	 2.503324	-1.126932	 4.512146	 3.269194	-0.634905	-79.900480	 3.774210	 3.092009	 11.955710	-0.275905	 3.148022	 9.006140	 2.903837	 4.342226	-70.255990	 37.116290	 19.689460	 15.065460	-6.822537	 19.211440	 10.820750	-5.638142	 19.245720	-70.190700	 18.306490	 10.315850	 21.436120	-3.898858	 9.395122	 9.460192	-0.473463	 9.974930	-72.425380	-57.449200	-11.467730	 6.691429	 9.284960	-0.525222	 0.082313	-19.390840	-0.175535	 3.200025	 1.237664	-8.315161	 90.448800	-96.646190	 1.491599	-139.590100	-179.593200	-1.926416	 92.194340	-0.813313	 0.122417	-8.559153	-53.721540	-38.595250	-14.951170	-91.613040	-1.746147	-11.428900	-21.001570	 10.093320	-63.823230	-14.417890	-8.488173	 73.320820	 2.455787	-1.173717	 85.184870	 1.439205	 1.693935	-20.050430	-4.817785	-4.591281	 69.863550	-0.135619	 3.282243	 78.481650	 0.211423	 7.203713	-12.392540	 29.699450	 12.111120	 58.208110	-6.023991	 19.818350	 67.127050	-4.723010	 19.568000	-20.964290	 14.320150	 5.293757	 68.315980	-3.484968	 9.761268	 74.563320	-1.941726	 12.105800	-9.911686	-31.443020	 0.271100	 30.472220	 41.663770	-0.534273	 0.361219	 45.587860	-0.399271	 3.712697	 0.000000	 90.000000	 0.000000	 170.402500	 6.884920	 170.867900	-176.874700	-2.216802	-5.180021
-0.002090	-0.108802	 0.018311	 171.869300	 4.012469	-87.641300	-11.290760	 4.058470	-1.948319	-9.914264	 9.773057	-2.060152	 1.570355	-6.354395	 110.453700	-0.813313	 0.122417	-8.559153	-52.600790	-23.817930	 22.064950	-3.341162	 32.285420	 1.123579	-11.898060	 26.440660	-67.154360	-5.466561	-2.015671	 9.912610	 2.503324	-1.126932	 4.512146	 3.269194	-0.634905	-79.900480	 3.774653	 3.092203	 11.955690	-0.275905	 3.148022	 9.006140	 2.903849	 4.342180	-70.256680	 37.116780	 19.689640	 15.065300	-6.822537	 19.211440	 10.820750	-5.638164	 19.245720	-70.191670	 18.306990	 10.316110	 21.436020	-3.898858	 9.395122	 9.460192	-0.473463	 9.974930	-72.425380	-57.448440	-11.467630	 6.691287	 9.284960	-0.525222	 0.082313	-19.390840	-0.175535	 3.200025	 1.233157	-8.271581	 90.446010	-96.657510	 1.398945	-139.686000	-179.593000	-1.928859	 92.169090	-0.813313	 0.122417	-8.559153	-53.779690	-38.550600	-15.093060	-91.298030	-1.751092	-11.433740	-21.202800	 10.288400	-63.895670	-14.415120	-8.482711	 73.298430	 2.455790	-1.173689	 85.152770	 1.440388	 1.693459	-20.075070	-4.813082	-4.581757	 69.832020	-0.135680	 3.281948	 78.380320	 0.217380	 7.201794	-12.480760	 29.707510	 12.130830	 58.124590	-6.024556	 19.817100	 67.050930	-4.724710	 19.566410	-21.081690	 14.323980	 5.305755	 68.236900	-3.485148	 9.760644	 74.490160	-1.937962	 12.104100	-10.005740	-31.457610	 0.255973	 30.445590	 41.629870	-0.534345	 0.360931	 45.520820	-0.399371	 3.712095	 0.000000	 90.000000	 0.000000	 170.413900	 6.889493	 170.772200	-176.873900	-2.221564	-5.330978
-0.002134	-0.109165	 0.018373	 171.869100	 4.046140	-87.642110	-11.283610	 4.061493	-1.939699	-9.909671	 9.763847	-2.053751	 1.570676	-6.355682	 110.453400	-0.813313	 0.122417	-8.559153	-52.600870	-23.819510	 22.066580	-3.340867	 32.290710	 1.123333	-11.881600	 26.439940	-67.169140	-5.466561	-2.015671	 9.912610	 2.503324	-1.126932	 4.512146	 3.269194	-0.634905	-79.900480	 3.775078	 3.092389	 11.955660	-0.275905	 3.148022	 9.006140	 2.903859	 4.342136	-70.257290	 37.117240	 19.689810	 15.065140	-6.822537	 19.211440	 10.820750	-5.638182	 19.245720	-70.192560	 18.307450	 10.316350	 21.435930	-3.898858	 9.395122	 9.460192	-0.473463	 9.974930	-72.425380	-57.447750	-11.467520	 6.691161	 9.284960	-0.525222	 0.082313	-19.390840	-0.175535	 3.200025	 1.229126	-8.231894	 90.443460	-96.669510	 1.321672	-139.776300	-179.592800	-1.930695	 92.139130	-0.813313	 0.122417	-8.559153	-53.843930	-38.503870	-15.248080	-90.946670	-1.767573	-11.440490	-21.376190	 10.461050	-63.953250	-14.412470	-8.477508	 73.277050	 2.455793	-1.173662	 85.122150	 1.441517	 1.693004	-20.098560	-4.808465	-4.572436	 69.801270	-0.135742	 3.281649	 78.277300	 0.222561	 7.200118	-12.557520	 29.715800	 12.150440	 58.042830	-6.025050	 19.816020	 66.984660	-4.726191	 19.565020	-21.183830	 14.327970	 5.317763	 68.159590	-3.485303	 9.760098	 74.426510	-1.934689	 12.102620	-10.087630	-31.471540	 0.241505	 30.420090	 41.597420	-0.534407	 0.360655	 45.456620	-0.399461	 3.711518	 0.000000	 90.000000	 0.000000	 170.422600	 6.890707	 170.726900	-176.871900	-2.225718	-5.403185
-0.002166	-0.109351	 0.018404	 171.868300	 4.064921	-87.644820	-11.276810	 4.064395	-1.931412	-9.905273	 9.755884	-2.047591	 1.570673	-6.355729	 110.453000	-0.813313	 0.122417	-8.559153	-52.601850	-23.820720	 22.066390	-3.340652	 32.295800	 1.123144	-11.866680	 26.439500	-67.183630	-5.466561	-2.015671	 9.912610	 2.503324	-1.126932	 4.512146	 3.269194	-0.634905	-79.900480	 3.775462	 3.092558	 11.955640	-0.275905	 3.148022	 9.006140	 2.903871	 4.342093	-70.257900	 37.117730	 19.689990	 15.064980	-6.822537	 19.211440	 10.820750	-5.638200	 19.245730	-70.193440	 18.307910	 10.316580	 21.435840	-3.898858	 9.395122	 9.460192	-0.473463	 9.974930	-72.425380	-57.447090	-11.467420	 6.691033	 9.284960	-0.525222	 0.082313	-19.390840	-0.175535	 3.200025	 1.225387	-8.194454	 90.441020	-96.675490	 1.270420	-139.863400	-179.592700	-1.932069	 92.105090	-0.813313	 0.122417	-8.559153	-53.912700	-38.455970	-15.412290	-90.566680	-1.791322	-11.448740	-21.519420	 10.612930	-63.998120	-14.409840	-8.472331	 73.255810	 2.455795	-1.173634	 85.091680	 1.442640	 1.692551	-20.121950	-4.803867	-4.563169	 69.770700	-0.135805	 3.281343	 78.172330	 0.226981	 7.198679	-12.623040	 29.724530	 12.170350	 57.961450	-6.025474	 19.815080	 66.928010	-4.727459	 19.563830	-21.271100	 14.332210	 5.330021	 68.082710	-3.485437	 9.759633	 74.372120	-1.931893	 12.101360	-10.157590	-31.485490	 0.227061	 30.394610	 41.565030	-0.534482	 0.360382	 45.392520	-0.399552	 3.710944	 0.000000	 90.000000	 0.000000	 170.430600	 6.890626	 170.699800	-176.869100	-2.229546	-5.426310
-0.002194	-0.109449	 0.018420	 171.866700	 4.079816	-87.648800	-11.268940	 4.067789	-1.921757	-9.900187	 9.747858	-2.040408	 1.570305	-6.354393	 110.452500	-0.813313	 0.122417	-8.559153	-52.604050	-23.821830	 22.064170	-3.340510	 32.301850	 1.122996	-11.850740	 26.439580	-67.201060	-5.466561	-2.015671	 9.912610	 2.503324	-1.126932	 4.512146	 3.269194	-0.634905	-79.900480	 3.775924	 3.092760	 11.955620	-0.275905	 3.148022	 9.006140	 2.903883	 4.342045	-70.258620	 37.118250	 19.690190	 15.064800	-6.822537	 19.211440	 10.820750	-5.638220	 19.245730	-70.194470	 18.308410	 10.316840	 21.435750	-3.898858	 9.395122	 9.460192	-0.473463	 9.974930	-72.425380	-57.446290	-11.467310	 6.690876	 9.284960	-0.525222	 0.082313	-19.390840	-0.175535	 3.200025	 1.221185	-8.152167	 90.438220	-96.673130	 1.246574	-139.964300	-179.592700	-1.933106	 92.059950	-0.813313	 0.122417	-8.559153	-53.997930	-38.399470	-15.613060	-90.089770	-1.825042	-11.460020	-21.616520	 10.749590	-64.038090	-14.406650	-8.466075	 73.230130	 2.455798	-1.173602	 85.054900	 1.443996	 1.692003	-20.150190	-4.798443	-4.552259	 69.734750	-0.135882	 3.280977	 78.046550	 0.231054	 7.197349	-12.683440	 29.735550	 12.194450	 57.865480	-6.025862	 19.814230	 66.875660	-4.728631	 19.562740	-21.351680	 14.337610	 5.344926	 67.992150	-3.485561	 9.759203	 74.321860	-1.929312	 12.100180	-10.222220	-31.502400	 0.209571	 30.363780	 41.525770	-0.534560	 0.360050	 45.314890	-0.399646	 3.710243	 0.000000	 90.000000	 0.000000	 170.439500	 6.889597	 170.680700	-176.865000	-2.233870	-5.414343
-0.002213	-0.109481	 0.018422	 171.863600	 4.086860	-87.652800	-11.261910	 4.070906	-1.912996	-9.895580	 9.742011	-2.033866	 1.569644	-6.351921	 110.452000	-0.813313	 0.122417	-8.559153	-52.606970	-23.822520	 22.060560	-3.340421	 32.307510	 1.122870	-11.838030	 26.440540	-67.217230	-5.466561	-2.015671	 9.912610	 2.503324	-1.126932	 4.512146	 3.269194	-0.634905	-79.900480	 3.776330	 3.092937	 11.955590	-0.275905	 3.148022	 9.006140	 2.903895	 4.341999	-70.259280	 37.118760	 19.690370	 15.064630	-6.822537	 19.211440	 10.820750	-5.638240	 19.245730	-70.195420	 18.308870	 10.317080	 21.435660	-3.898858	 9.395122	 9.460192	-0.473463	 9.974930	-72.425380	-57.445540	-11.467190	 6.690737	 9.284960	-0.525222	 0.082313	-19.390840	-0.175535	 3.200025	 1.217576	-8.119826	 90.435720	-96.669460	 1.246571	-140.056900	-179.592300	-1.938023	 92.015040	-0.813313	 0.122417	-8.559153	-54.075590	-38.343800	-15.794050	-89.647020	-1.869910	-11.464630	-21.637760	 10.819080	-64.052470	-14.403640	-8.460193	 73.206050	 2.455801	-1.173571	 85.020330	 1.445269	 1.691488	-20.176710	-4.793586	-4.542513	 69.702680	-0.135952	 3.280648	 77.933190	 0.236609	 7.195529	-12.765840	 29.746220	 12.216680	 57.779640	-6.026402	 19.813050	 66.804020	-4.730237	 19.561240	-21.461770	 14.342910	 5.358788	 67.911250	-3.485732	 9.758615	 74.252990	-1.925787	 12.098570	-10.310550	-31.518340	 0.193093	 30.334680	 41.488770	-0.534642	 0.359736	 45.241720	-0.399751	 3.709587	 0.000000	 90.000000	 0.000000	 170.447600	 6.888340	 170.667700	-176.861000	-2.237696	-5.385259
-0.002227	-0.109500	 0.018417	 171.858500	 4.087876	-87.656460	-11.255600	 4.073694	-1.905110	-9.891438	 9.738070	-2.027986	 1.568806	-6.348766	 110.451600	-0.813313	 0.122417	-8.559153	-52.610330	-23.822980	 22.056140	-3.340433	 32.312850	 1.122797	-11.828310	 26.442360	-67.232230	-5.466561	-2.015671	 9.912610	 2.503324	-1.126932	 4.512146	 3.269194	-0.634905	-79.900480	 3.776696	 3.093098	 11.955570	-0.275905	 3.148022	 9.006140	 2.903905	 4.341958	-70.259890	 37.119200	 19.690540	 15.064480	-6.822537	 19.211440	 10.820750	-5.638257	 19.245730	-70.196300	 18.309290	 10.317300	 21.435580	-3.898858	 9.395122	 9.460192	-0.473463	 9.974930	-72.425380	-57.444880	-11.467090	 6.690605	 9.284960	-0.525222	 0.082313	-19.390840	-0.175535	 3.200025	 1.214520	-8.100018	 90.433530	-96.665850	 1.260605	-140.141300	-179.591200	-1.950233	 91.972210	-0.813313	 0.122417	-8.559153	-54.142020	-38.285760	-15.947840	-89.258530	-1.931018	-11.457200	-21.652340	 10.849810	-64.038630	-14.400860	-8.454742	 73.183650	 2.455804	-1.173542	 84.988230	 1.446453	 1.691009	-20.201370	-4.789381	-4.534092	 69.675000	-0.136013	 3.280362	 77.834910	 0.245308	 7.192661	-12.894960	 29.756290	 12.236660	 57.705190	-6.027247	 19.811210	 66.691700	-4.732759	 19.558910	-21.634400	 14.347990	 5.371365	 67.841220	-3.486000	 9.757689	 74.144890	-1.920269	 12.096040	-10.448920	-31.533180	 0.177760	 30.307580	 41.454330	-0.534716	 0.359445	 45.173570	-0.399844	 3.708974	 0.000000	 90.000000	 0.000000	 170.454900	 6.887385	 170.653000	-176.857500	-2.241118	-5.359312
-0.002246	-0.109547	 0.018408	 171.849500	 4.082944	-87.660730	-11.247980	 4.077147	-1.895464	-9.886401	 9.735209	-2.020787	 1.567489	-6.343794	 110.450900	-0.813313	 0.122417	-8.559153	-52.615180	-23.823300	 22.049520	-3.340509	 32.319740	 1.122725	-11.819040	 26.446170	-67.251010	-5.466561	-2.015671	 9.912610	 2.503324	-1.126932	 4.512146	 3.269194	-0.634905	-79.900480	 3.777139	 3.093292	 11.955550	-0.275905	 3.148022	 9.006140	 2.903918	 4.341908	-70.260620	 37.119770	 19.690750	 15.064280	-6.822537	 19.211440	 10.820750	-5.638278	 19.245730	-70.197360	 18.309770	 10.317550	 21.435480	-3.898858	 9.395122	 9.460192	-0.473463	 9.974930	-72.425380	-57.444070	-11.466970	 6.690454	 9.284960	-0.525222	 0.082313	-19.390840	-0.175535	 3.200025	 1.211049	-8.087016	 90.430920	-96.661030	 1.289775	-140.246400	-179.589100	-1.974008	 91.918050	-0.813313	 0.122417	-8.559153	-54.241860	-38.217400	-16.122010	-88.733570	-2.043516	-11.435800	-21.719520	 10.881080	-63.992700	-14.397340	-8.447852	 73.155390	 2.455807	-1.173506	 84.947720	 1.447945	 1.690404	-20.232460	-4.784587	-4.524528	 69.643700	-0.136082	 3.280040	 77.724090	 0.257944	 7.188454	-13.082690	 29.769120	 12.260600	 57.620470	-6.028485	 19.808550	 66.528520	-4.736439	 19.555530	-21.885410	 14.354530	 5.386562	 67.761730	-3.486397	 9.756349	 73.987740	-1.912262	 12.092330	-10.650030	-31.551990	 0.158366	 30.273300	 41.410760	-0.534813	 0.359077	 45.087370	-0.399957	 3.708200	 0.000000	 90.000000	 0.000000	 170.464300	 6.887034	 170.622700	-176.853600	-2.245320	-5.348303
-0.002267	-0.109645	 0.018401	 171.840100	 4.074370	-87.663850	-11.241760	 4.079998	-1.887535	-9.882237	 9.734684	-2.014839	 1.566182	-6.338841	 110.450400	-0.813313	 0.122417	-8.559153	-52.619800	-23.823430	 22.043210	-3.340641	 32.325850	 1.122696	-11.813940	 26.450910	-67.266880	-5.466561	-2.015671	 9.912610	 2.503324	-1.126932	 4.512146	 3.269194	-0.634905	-79.900480	 3.777486	 3.093443	 11.955520	-0.275905	 3.148022	 9.006140	 2.903928	 4.341866	-70.261220	 37.120240	 19.690920	 15.064130	-6.822537	 19.211440	 10.820750	-5.638294	 19.245730	-70.198250	 18.310180	 10.317750	 21.435410	-3.898858	 9.395122	 9.460192	-0.473463	 9.974930	-72.425380	-57.443370	-11.466870	 6.690315	 9.284960	-0.525222	 0.082313	-19.390840	-0.175535	 3.200025	 1.208371	-8.084907	 90.428850	-96.658100	 1.320563	-140.334800	-179.586800	-1.999941	 91.872850	-0.813313	 0.122417	-8.559153	-54.365320	-38.172970	-16.260180	-88.184680	-2.181542	-11.410070	-21.820450	 10.909430	-63.942150	-14.394340	-8.441998	 73.131390	 2.455811	-1.173475	 84.913310	 1.449213	 1.689889	-20.258890	-4.781054	-4.517504	 69.620790	-0.136132	 3.279808	 77.644120	 0.267705	 7.185174	-13.227850	 29.780000	 12.279490	 57.557980	-6.029446	 19.806480	 66.402530	-4.739293	 19.552930	-22.079480	 14.360170	 5.398741	 67.703340	-3.486703	 9.755310	 73.866390	-1.906084	 12.089450	-10.805380	-31.568010	 0.141852	 30.244090	 41.373610	-0.534891	 0.358761	 45.013890	-0.400061	 3.707539	 0.000000	 90.000000	 0.000000	 170.472500	 6.887995	 170.580500	-176.851200	-2.248844	-5.373411
-0.002284	-0.109750	 0.018390	 171.828900	 4.062025	-87.666360	-11.235470	 4.082886	-1.879444	-9.878001	 9.736014	-2.008769	 1.564658	-6.333063	 110.449800	-0.813313	 0.122417	-8.559153	-52.625040	-23.823490	 22.036210	-3.340785	 32.332600	 1.122659	-11.811420	 26.457460	-67.283440	-5.466561	-2.015671	 9.912610	 2.503324	-1.126932	 4.512146	 3.269194	-0.634905	-79.900480	 3.777852	 3.093604	 11.955510	-0.275905	 3.148022	 9.006140	 2.903939	 4.341822	-70.261880	 37.120720	 19.691100	 15.063960	-6.822537	 19.211440	 10.820750	-5.638315	 19.245730	-70.199180	 18.310580	 10.317960	 21.435330	-3.898858	 9.395122	 9.460192	-0.473463	 9.974930	-72.425380	-57.442680	-11.466760	 6.690180	 9.284960	-0.525222	 0.082313	-19.390840	-0.175535	 3.200025	 1.205864	-8.090104	 90.426800	-96.657440	 1.355086	-140.426900	-179.584000	-2.031337	 91.827240	-0.813313	 0.122417	-8.559153	-54.525360	-38.136850	-16.398930	-87.535510	-2.357683	-11.376650	-21.954720	 10.940460	-63.892340	-14.391200	-8.435869	 73.106220	 2.455814	-1.173443	 84.877200	 1.450541	 1.689349	-20.286580	-4.777961	-4.511380	 69.600950	-0.136175	 3.279612	 77.576770	 0.274786	 7.182777	-13.333230	 29.791320	 12.297630	 57.503190	-6.030144	 19.805000	 66.311390	-4.741373	 19.551050	-22.220330	 14.366120	 5.410594	 67.652360	-3.486927	 9.754563	 73.778590	-1.901616	 12.087350	-10.917890	-31.584870	 0.124506	 30.213400	 41.334630	-0.534971	 0.358430	 44.936760	-0.400163	 3.706846	 0.000000	 90.000000	 0.000000	 170.480400	 6.889359	 170.533500	-176.849300	-2.252335	-5.406641
-0.002282	-0.109772	 0.018368	 171.814900	 4.044394	-87.668210	-11.228420	 4.086168	-1.870297	-9.873201	 9.739655	-2.001897	 1.562733	-6.325756	 110.449100	-0.813313	 0.122417	-8.559153	-52.631480	-23.823500	 22.027800	-3.340982	 32.340930	 1.122642	-11.812260	 26.467410	-67.302680	-5.466561	-2.015671	 9.912610	 2.503324	-1.126932	 4.512146	 3.269194	-0.634905	-79.900480	 3.778258	 3.093781	 11.955480	-0.275905	 3.148022	 9.006140	 2.903952	 4.341772	-70.262590	 37.121280	 19.691310	 15.063770	-6.822537	 19.211440	 10.820750	-5.638335	 19.245730	-70.200220	 18.311020	 10.318190	 21.435250	-3.898858	 9.395122	 9.460192	-0.473463	 9.974930	-72.425380	-57.441860	-11.466640	 6.690023	 9.284960	-0.525222	 0.082313	-19.390840	-0.175535	 3.200025	 1.203254	-8.104095	 90.424540	-96.661290	 1.394050	-140.534000	-179.580500	-2.071701	 91.777380	-0.813313	 0.122417	-8.559153	-54.740760	-38.105930	-16.552130	-86.716670	-2.591193	-11.330760	-22.130840	 10.977730	-63.855090	-14.387530	-8.428720	 73.076900	 2.455817	-1.173405	 84.835140	 1.452089	 1.688719	-20.318860	-4.774958	-4.505454	 69.581830	-0.136213	 3.279442	 77.517900	 0.279176	 7.181284	-13.398610	 29.803740	 12.316520	 57.449850	-6.030572	 19.804080	 66.255300	-4.742666	 19.549880	-22.307860	 14.372740	 5.423128	 67.602970	-3.487065	 9.754101	 73.724530	-1.898856	 12.086060	-10.987420	-31.604570	 0.104268	 30.177550	 41.289070	-0.535072	 0.358047	 44.846640	-0.400284	 3.706039	 0.000000	 90.000000	 0.000000	 170.486800	 6.889726	 170.503400	-176.847800	-2.255771	-5.408230
-0.002262	-0.109745	 0.018345	 171.802400	 4.026673	-87.667930	-11.222370	 4.088990	-1.862419	-9.869072	 9.744101	-1.995963	 1.560923	-6.318881	 110.448500	-0.813313	 0.122417	-8.559153	-52.637360	-23.823420	 22.020400	-3.341277	 32.348800	 1.122660	-11.828110	 26.483860	-67.314870	-5.466561	-2.015671	 9.912610	 2.503324	-1.126932	 4.512146	 3.269194	-0.634905	-79.900480	 3.778603	 3.093932	 11.955460	-0.275905	 3.148022	 9.006140	 2.903963	 4.341727	-70.263240	 37.121770	 19.691490	 15.063600	-6.822537	 19.211440	 10.820750	-5.638358	 19.245730	-70.201130	 18.311410	 10.318390	 21.435170	-3.898858	 9.395122	 9.460192	-0.473463	 9.974930	-72.425380	-57.441150	-11.466540	 6.689883	 9.284960	-0.525222	 0.082313	-19.390840	-0.175535	 3.200025	 1.201209	-8.122318	 90.422620	-96.670030	 1.424055	-140.629000	-179.577100	-2.109466	 91.737040	-0.813313	 0.122417	-8.559153	-54.948750	-38.086880	-16.679620	-85.962460	-2.813486	-11.285120	-22.298870	 11.005570	-63.816350	-14.384280	-8.422397	 73.050940	 2.455821	-1.173372	 84.797950	 1.453459	 1.688160	-20.347430	-4.772516	-4.500634	 69.566270	-0.136239	 3.279326	 77.477840	 0.282146	 7.180272	-13.442840	 29.813340	 12.331420	 57.406520	-6.030866	 19.803470	 66.217480	-4.743545	 19.549090	-22.367150	 14.377900	 5.433022	 67.562710	-3.487159	 9.753790	 73.688010	-1.896994	 12.085180	-11.034380	-31.622050	 0.086312	 30.145730	 41.248660	-0.535158	 0.357703	 44.766700	-0.400381	 3.705316	 0.000000	 90.000000	 0.000000	 170.489900	 6.889268	 170.495300	-176.847600	-2.258337	-5.400369
-0.002223	-0.109708	 0.018323	 171.789700	 4.006563	-87.664860	-11.216250	 4.091901	-1.854361	-9.864882	 9.749886	-1.989870	 1.558941	-6.311347	 110.447900	-0.813313	 0.122417	-8.559153	-52.643750	-23.823440	 22.012810	-3.341592	 32.357620	 1.122688	-11.870310	 26.513900	-67.318500	-5.466561	-2.015671	 9.912610	 2.503324	-1.126932	 4.512146	 3.269194	-0.634905	-79.900480	 3.778931	 3.094075	 11.955440	-0.275905	 3.148022	 9.006140	 2.903974	 4.341683	-70.263880	 37.122280	 19.691680	 15.063440	-6.822537	 19.211440	 10.820750	-5.638375	 19.245740	-70.202080	 18.311770	 10.318580	 21.435100	-3.898858	 9.395122	 9.460192	-0.473463	 9.974930	-72.425380	-57.440430	-11.466430	 6.689752	 9.284960	-0.525222	 0.082313	-19.390840	-0.175535	 3.200025	 1.199319	-8.146196	 90.420750	-96.685800	 1.447924	-140.729400	-179.573600	-2.150063	 91.699210	-0.813313	 0.122417	-8.559153	-55.177070	-38.073700	-16.804930	-85.163930	-3.054149	-11.233490	-22.485850	 11.021810	-63.734270	-14.380850	-8.415739	 73.023600	 2.455824	-1.173337	 84.758760	 1.454902	 1.687571	-20.377530	-4.770133	-4.495937	 69.551110	-0.136259	 3.279234	 77.446180	 0.284500	 7.179465	-13.477910	 29.822160	 12.345400	 57.364410	-6.031096	 19.802980	 66.187630	-4.744243	 19.548470	-22.414290	 14.382250	 5.441833	 67.523590	-3.487234	 9.753544	 73.659090	-1.895519	 12.084480	-11.071570	-31.640480	 0.067397	 30.112170	 41.206060	-0.535243	 0.357341	 44.682420	-0.400495	 3.704563	 0.000000	 90.000000	 0.000000	 170.490500	 6.888257	 170.502200	-176.849200	-2.260603	-5.405463
-0.002159	-0.109653	 0.018300	 171.776700	 3.983585	-87.658560	-11.209720	 4.095034	-1.845682	-9.860388	 9.757487	-1.983310	 1.556694	-6.302801	 110.447100	-0.813313	 0.122417	-8.559153	-52.650810	-23.823470	 22.004960	-3.341920	 32.368130	 1.122680	-11.936990	 26.559410	-67.329190	-5.466561	-2.015671	 9.912610	 2.503324	-1.126932	 4.512146	 3.269194	-0.634905	-79.900480	 3.779278	 3.094228	 11.955420	-0.275905	 3.148022	 9.006140	 2.903987	 4.341633	-70.264620	 37.122830	 19.691880	 15.063240	-6.822537	 19.211440	 10.820750	-5.638398	 19.245740	-70.203120	 18.312170	 10.318790	 21.435030	-3.898858	 9.395122	 9.460192	-0.473463	 9.974930	-72.425380	-57.439660	-11.466320	 6.689577	 9.284960	-0.525222	 0.082313	-19.390840	-0.175535	 3.200025	 1.197491	-8.176902	 90.418770	-96.709110	 1.467938	-140.840500	-179.569700	-2.194581	 91.663800	-0.813313	 0.122417	-8.559153	-55.432140	-38.065680	-16.932330	-84.302360	-3.318734	-11.174000	-22.690430	 11.023890	-63.609710	-14.377060	-8.408378	 72.993390	 2.455828	-1.173298	 84.715420	 1.456496	 1.686919	-20.410790	-4.767736	-4.491195	 69.535680	-0.136275	 3.279163	 77.421950	 0.286312	 7.178845	-13.504920	 29.830910	 12.359400	 57.321670	-6.031271	 19.802600	 66.164790	-4.744783	 19.547980	-22.450760	 14.385560	 5.449398	 67.483890	-3.487289	 9.753354	 73.636840	-1.894387	 12.083940	-11.100130	-31.660940	 0.046443	 30.074980	 41.158850	-0.535341	 0.356940	 44.589030	-0.400612	 3.703721	 0.000000	 90.000000	 0.000000	 170.488400	 6.886706	 170.524800	-176.852600	-2.262574	-5.417497
-0.002078	-0.109556	 0.018279	 171.765900	 3.962353	-87.650460	-11.204520	 4.097809	-1.837961	-9.857138	 9.765450	-1.977446	 1.554609	-6.294872	 110.446400	-0.813313	 0.122417	-8.559153	-52.657260	-23.823600	 21.998450	-3.342257	 32.378450	 1.122690	-12.007100	 26.610120	-67.361930	-5.466561	-2.015671	 9.912610	 2.503324	-1.126932	 4.512146	 3.269194	-0.634905	-79.900480	 3.779586	 3.094362	 11.955400	-0.275905	 3.148022	 9.006140	 2.903998	 4.341589	-70.265250	 37.123340	 19.692060	 15.063070	-6.822537	 19.211440	 10.820750	-5.638415	 19.245740	-70.204030	 18.312520	 10.318960	 21.434960	-3.898858	 9.395122	 9.460192	-0.473463	 9.974930	-72.425380	-57.438930	-11.466210	 6.689446	 9.284960	-0.525222	 0.082313	-19.390840	-0.175535	 3.200025	 1.196121	-8.207825	 90.417050	-96.732170	 1.486698	-140.941400	-179.566300	-2.233808	 91.638080	-0.813313	 0.122417	-8.559153	-55.660100	-38.063020	-17.037850	-83.557860	-3.551153	-11.119390	-22.863240	 11.011080	-63.477950	-14.373590	-8.401652	 72.965800	 2.455832	-1.173263	 84.675870	 1.457952	 1.686322	-20.441170	-4.765712	-4.487205	 69.522760	-0.136283	 3.279124	 77.408150	 0.287354	 7.178489	-13.520440	 29.838080	 12.370980	 57.285820	-6.031372	 19.802390	 66.151820	-4.745097	 19.547700	-22.471880	 14.387400	 5.454593	 67.450670	-3.487324	 9.753246	 73.624150	-1.893740	 12.083640	-11.116470	-31.679660	 0.027288	 30.040930	 41.115660	-0.535431	 0.356574	 44.503600	-0.400720	 3.702951	 0.000000	 90.000000	 0.000000	 170.484200	 6.884975	 170.555900	-176.856900	-2.263776	-5.405233
-0.001979	-0.109428	 0.018260	 171.756400	 3.941252	-87.640400	-11.200670	 4.100537	-1.830450	-9.855411	 9.774262	-1.971699	 1.552524	-6.286947	 110.445800	-0.813313	 0.122417	-8.559153	-52.663600	-23.823850	 21.992740	-3.342681	 32.389440	 1.122711	-12.080360	 26.666250	-67.414310	-5.466561	-2.015671	 9.912610	 2.503324	-1.126932	 4.512146	 3.269194	-0.634905	-79.900480	 3.779914	 3.094506	 11.955380	-0.275905	 3.148022	 9.006140	 2.904010	 4.341545	-70.265910	 37.123860	 19.692260	 15.062890	-6.822537	 19.211440	 10.820750	-5.638434	 19.245740	-70.204960	 18.312860	 10.319140	 21.434900	-3.898858	 9.395122	 9.460192	-0.473463	 9.974930	-72.425380	-57.438220	-11.466110	 6.689316	 9.284960	-0.525222	 0.082313	-19.390840	-0.175535	 3.200025	 1.195104	-8.240496	 90.415410	-96.756050	 1.506495	-141.048000	-179.563100	-2.270588	 91.619320	-0.813313	 0.122417	-8.559153	-55.876680	-38.063660	-17.132420	-82.874800	-3.767670	-11.066480	-23.011760	 10.984060	-63.340590	-14.370120	-8.394937	 72.938250	 2.455835	-1.173228	 84.636370	 1.459404	 1.685726	-20.471490	-4.763861	-4.483545	 69.510830	-0.136288	 3.279103	 77.400990	 0.287903	 7.178300	-13.528620	 29.844480	 12.381450	 57.252800	-6.031422	 19.802290	 66.145200	-4.745265	 19.547550	-22.483220	 14.388270	 5.458356	 67.420130	-3.487341	 9.753190	 73.617520	-1.893403	 12.083480	-11.124980	-31.698410	 0.008144	 30.006900	 41.072480	-0.535528	 0.356209	 44.418170	-0.400817	 3.702179	 0.000000	 90.000000	 0.000000	 170.478400	 6.883087	 170.594400	-176.862200	-2.264486	-5.376214
-0.001833	-0.109238	 0.018239	 171.746800	 3.916995	-87.626080	-11.197710	 4.103753	-1.821671	-9.855165	 9.785871	-1.964982	 1.550055	-6.277554	 110.445000	-0.813313	 0.122417	-8.559153	-52.670980	-23.824370	 21.987200	-3.343137	 32.403710	 1.122694	-12.165530	 26.736730	-67.500270	-5.466561	-2.015671	 9.912610	 2.503324	-1.126932	 4.512146	 3.269194	-0.634905	-79.900480	 3.780300	 3.094676	 11.955370	-0.275905	 3.148022	 9.006140	 2.904024	 4.341492	-70.266650	 37.124520	 19.692500	 15.062670	-6.822537	 19.211440	 10.820750	-5.638456	 19.245740	-70.206050	 18.313280	 10.319360	 21.434820	-3.898858	 9.395122	 9.460192	-0.473463	 9.974930	-72.425380	-57.437390	-11.465990	 6.689145	 9.284960	-0.525222	 0.082313	-19.390840	-0.175535	 3.200025	 1.194259	-8.280827	 90.413540	-96.784740	 1.532447	-141.192500	-179.559700	-2.310302	 91.605510	-0.813313	 0.122417	-8.559153	-56.113510	-38.067460	-17.230690	-82.274560	-3.974064	-11.008910	-23.114040	 10.917470	-63.186950	-14.365970	-8.386905	 72.905240	 2.455839	-1.173186	 84.589070	 1.461143	 1.685011	-20.507810	-4.761825	-4.479529	 69.497790	-0.136289	 3.279099	 77.399650	 0.288031	 7.178256	-13.530530	 29.851290	 12.392730	 57.216700	-6.031428	 19.802260	 66.144030	-4.745311	 19.547510	-22.486290	 14.388230	 5.461267	 67.386760	-3.487344	 9.753177	 73.616050	-1.893329	 12.083440	-11.126840	-31.720890	-0.014804	 29.966070	 41.020700	-0.535629	 0.355768	 44.315750	-0.400950	 3.701260	 0.000000	 90.000000	 0.000000	 170.469400	 6.880799	 170.646900	-176.869800	-2.264781	-5.326299
-0.001691	-0.109058	 0.018225	 171.740400	 3.897596	-87.611950	-11.196510	 4.106453	-1.814279	-9.856411	 9.796722	-1.959294	 1.547970	-6.269625	 110.444300	-0.813313	 0.122417	-8.559153	-52.677050	-23.824990	 21.983700	-3.343579	 32.416970	 1.122698	-12.231540	 26.797410	-67.592710	-5.466561	-2.015671	 9.912610	 2.503324	-1.126932	 4.512146	 3.269194	-0.634905	-79.900480	 3.780686	 3.094844	 11.955340	-0.275905	 3.148022	 9.006140	 2.904034	 4.341448	-70.267300	 37.125150	 19.692740	 15.062450	-6.822537	 19.211440	 10.820750	-5.638475	 19.245740	-70.206980	 18.313710	 10.319580	 21.434730	-3.898858	 9.395122	 9.460192	-0.473463	 9.974930	-72.425380	-57.436680	-11.465880	 6.689011	 9.284960	-0.525222	 0.082313	-19.390840	-0.175535	 3.200025	 1.193876	-8.315829	 90.412010	-96.809690	 1.556150	-141.327700	-179.557100	-2.339864	 91.599480	-0.813313	 0.122417	-8.559153	-56.292120	-38.072290	-17.301840	-81.911890	-4.111753	-10.966330	-23.111580	 10.822960	-63.076780	-14.362370	-8.379958	 72.876720	 2.455843	-1.173149	 84.548170	 1.462647	 1.684393	-20.539200	-4.760224	-4.476368	 69.487490	-0.136287	 3.279110	 77.403520	 0.287771	 7.178346	-13.526650	 29.856480	 12.401450	 57.188230	-6.031401	 19.802330	 66.147770	-4.745240	 19.547570	-22.481550	 14.387430	 5.462626	 67.360470	-3.487336	 9.753205	 73.619360	-1.893499	 12.083520	-11.122540	-31.740370	-0.034656	 29.930700	 40.975860	-0.535722	 0.355388	 44.227050	-0.401053	 3.700459	 0.000000	 90.000000	 0.000000	 170.460300	 6.878850	 170.695400	-176.877200	-2.264622	-5.275467
-0.001539	-0.108877	 0.018216	 171.735700	 3.880173	-87.596250	-11.196470	 4.109128	-1.806991	-9.858863	 9.808367	-1.953670	 1.545929	-6.261863	 110.443600	-0.813313	 0.122417	-8.559153	-52.682880	-23.825860	 21.981520	-3.344063	 32.431280	 1.122691	-12.286080	 26.855490	-67.701090	-5.466561	-2.015671	 9.912610	 2.503324	-1.126932	 4.512146	 3.269194	-0.634905	-79.900480	 3.781090	 3.095021	 11.955320	-0.275905	 3.148022	 9.006140	 2.904046	 4.341404	-70.267940	 37.125820	 19.692980	 15.062230	-6.822537	 19.211440	 10.820750	-5.638493	 19.245740	-70.207900	 18.314170	 10.319820	 21.434640	-3.898858	 9.395122	 9.460192	-0.473463	 9.974930	-72.425380	-57.435980	-11.465780	 6.688865	 9.284960	-0.525222	 0.082313	-19.390840	-0.175535	 3.200025	 1.193770	-8.350398	 90.410520	-96.835020	 1.580574	-141.470000	-179.554900	-2.364337	 91.598210	-0.813313	 0.122417	-8.559153	-56.441930	-38.077700	-17.360070	-81.625380	-4.225139	-10.931200	-23.049980	 10.710930	-62.990720	-14.358740	-8.372963	 72.847980	 2.455847	-1.173112	 84.506950	 1.464162	 1.683768	-20.570850	-4.758755	-4.473459	 69.477960	-0.136282	 3.279132	 77.411000	 0.287241	 7.178529	-13.518750	 29.861140	 12.409370	 57.161910	-6.031345	 19.802440	 66.154950	-4.745090	 19.547700	-22.471410	 14.386040	 5.463064	 67.336200	-3.487318	 9.753262	 73.626010	-1.893837	 12.083680	-11.114000	-31.760060	-0.054691	 29.895010	 40.930620	-0.535820	 0.355006	 44.137550	-0.401160	 3.699653	 0.000000	 90.000000	 0.000000	 170.450000	 6.877071	 170.744900	-176.885700	-2.264155	-5.221887
-0.001344	-0.108668	 0.018211	 171.732600	 3.862884	-87.575820	-11.197870	 4.112267	-1.798465	-9.863243	 9.823156	-1.947054	 1.543594	-6.252987	 110.442800	-0.813313	 0.122417	-8.559153	-52.689710	-23.826390	 21.978230	-3.344648	 32.449780	 1.122658	-12.329720	 26.917540	-67.848730	-5.466561	-2.015671	 9.912610	 2.503324	-1.126932	 4.512146	 3.269194	-0.634905	-79.900480	 3.781610	 3.095249	 11.955290	-0.275905	 3.148022	 9.006140	 2.904059	 4.341352	-70.268700	 37.126680	 19.693300	 15.061940	-6.822537	 19.211440	 10.820750	-5.638516	 19.245740	-70.209010	 18.314720	 10.320110	 21.434540	-3.898858	 9.395122	 9.460192	-0.473463	 9.974930	-72.425380	-57.435130	-11.465650	 6.688695	 9.284960	-0.525222	 0.082313	-19.390840	-0.175535	 3.200025	 1.193972	-8.389913	 90.408830	-96.865690	 1.609842	-141.643700	-179.553000	-2.385535	 91.602190	-0.813313	 0.122417	-8.559153	-56.574380	-38.083710	-17.411110	-81.507680	-4.299213	-10.902770	-22.931090	 10.576860	-62.925200	-14.354380	-8.364565	 72.813530	 2.455852	-1.173068	 84.457580	 1.465975	 1.683019	-20.608740	-4.757154	-4.470288	 69.467540	-0.136274	 3.279168	 77.423380	 0.286350	 7.178833	-13.505470	 29.866000	 12.417800	 57.133280	-6.031255	 19.802640	 66.166760	-4.744834	 19.547930	-22.454160	 14.383750	 5.462605	 67.309840	-3.487290	 9.753357	 73.637100	-1.894402	 12.083950	-11.099760	-31.783680	-0.078692	 29.852170	 40.876330	-0.535928	 0.354543	 44.030180	-0.401287	 3.698686	 0.000000	 90.000000	 0.000000	 170.436600	 6.875242	 170.802300	-176.896800	-2.263246	-5.160644
-0.001177	-0.108517	 0.018215	 171.732300	 3.851733	-87.556920	-11.200290	 4.114923	-1.791275	-9.868151	 9.836573	-1.941447	 1.541693	-6.245761	 110.442200	-0.813313	 0.122417	-8.559153	-52.695740	-23.825370	 21.971720	-3.345141	 32.466910	 1.122602	-12.351950	 26.965660	-67.986500	-5.466561	-2.015671	 9.912610	 2.503324	-1.126932	 4.512146	 3.269194	-0.634905	-79.900480	 3.782073	 3.095450	 11.955270	-0.275905	 3.148022	 9.006140	 2.904070	 4.341307	-70.269360	 37.127480	 19.693600	 15.061660	-6.822537	 19.211440	 10.820750	-5.638536	 19.245750	-70.209920	 18.315240	 10.320370	 21.434440	-3.898858	 9.395122	 9.460192	-0.473463	 9.974930	-72.425380	-57.434410	-11.465540	 6.688567	 9.284960	-0.525222	 0.082313	-19.390840	-0.175535	 3.200025	 1.194416	-8.421555	 90.407420	-96.892580	 1.634472	-141.792900	-179.552100	-2.395823	 91.609720	-0.813313	 0.122417	-8.559153	-56.641720	-38.087590	-17.438100	-81.435400	-4.343191	-10.889460	-22.815950	 10.479300	-62.905720	-14.350610	-8.357321	 72.783760	 2.455856	-1.173029	 84.414920	 1.467543	 1.682369	-20.641510	-4.755904	-4.467816	 69.459430	-0.136266	 3.279204	 77.435970	 0.285436	 7.179146	-13.491850	 29.869620	 12.424230	 57.110930	-6.031164	 19.802840	 66.178730	-4.744570	 19.548170	-22.436370	 14.381390	 5.461558	 67.289220	-3.487261	 9.753452	 73.648430	-1.894978	 12.084230	-11.085210	-31.804130	-0.099464	 29.815080	 40.829350	-0.536030	 0.354146	 43.937240	-0.401393	 3.697846	 0.000000	 90.000000	 0.000000	 170.424400	 6.874078	 170.847800	-176.907300	-2.262230	-5.115225
-0.001008	-0.108399	 0.018228	 171.735500	 3.844881	-87.536570	-11.203850	 4.117602	-1.784038	-9.874195	 9.850925	-1.935784	 1.540534	-6.241389	 110.441600	-0.813313	 0.122417	-8.559153	-52.702030	-23.822970	 21.961740	-3.345627	 32.485750	 1.122503	-12.369550	 27.013870	-68.130450	-5.466561	-2.015671	 9.912610	 2.503324	-1.126932	 4.512146	 3.269194	-0.634905	-79.900480	 3.782574	 3.095670	 11.955230	-0.275905	 3.148022	 9.006140	 2.904081	 4.341260	-70.270030	 37.128330	 19.693910	 15.061380	-6.822537	 19.211440	 10.820750	-5.638555	 19.245750	-70.210890	 18.315820	 10.320670	 21.434320	-3.898858	 9.395122	 9.460192	-0.473463	 9.974930	-72.425380	-57.433680	-11.465440	 6.688416	 9.284960	-0.525222	 0.082313	-19.390840	-0.175535	 3.200025	 1.195147	-8.450906	 90.406040	-96.920680	 1.658558	-141.942000	-179.552000	-2.396332	 91.620830	-0.813313	 0.122417	-8.559153	-56.661810	-38.090020	-17.449260	-81.414730	-4.354729	-10.888310	-22.713490	 10.417920	-62.911300	-14.346740	-8.349877	 72.753170	 2.455860	-1.172991	 84.371040	 1.469155	 1.681701	-20.675200	-4.754734	-4.465501	 69.451840	-0.136257	 3.279244	 77.449700	 0.284434	 7.179489	-13.476920	 29.872860	 12.430110	 57.090000	-6.031061	 19.803050	 66.191810	-4.744278	 19.548430	-22.416700	 14.378710	 5.459997	 67.269980	-3.487230	 9.753558	 73.660850	-1.895609	 12.084520	-11.069290	-31.825210	-0.120830	 29.776910	 40.780990	-0.536120	 0.353734	 43.841580	-0.401505	 3.696987	 0.000000	 90.000000	 0.000000	 170.411400	 6.873363	 170.888600	-176.918900	-2.261016	-5.080328
-0.000812	-0.108313	 0.018253	 171.744400	 3.843107	-87.512640	-11.209160	 4.120576	-1.775950	-9.882139	 9.867918	-1.929442	 1.541021	-6.243342	 110.441100	-0.813313	 0.122417	-8.559153	-52.709190	-23.818630	 21.946620	-3.346271	 32.508790	 1.122410	-12.384940	 27.067590	-68.292690	-5.466561	-2.015671	 9.912610	 2.503324	-1.126932	 4.512146	 3.269194	-0.634905	-79.900480	 3.783190	 3.095941	 11.955200	-0.275905	 3.148022	 9.006140	 2.904095	 4.341208	-70.270780	 37.129340	 19.694290	 15.061030	-6.822537	 19.211440	 10.820750	-5.638578	 19.245750	-70.211980	 18.316490	 10.321020	 21.434200	-3.898858	 9.395122	 9.460192	-0.473463	 9.974930	-72.425380	-57.432860	-11.465310	 6.688251	 9.284960	-0.525222	 0.082313	-19.390840	-0.175535	 3.200025	 1.196242	-8.480482	 90.404510	-96.952840	 1.682868	-142.102900	-179.553100	-2.382919	 91.636910	-0.813313	 0.122417	-8.559153	-56.629840	-38.091430	-17.444550	-81.632100	-4.280311	-10.904220	-22.684010	 10.432500	-62.917980	-14.342300	-8.341367	 72.718220	 2.455865	-1.172946	 84.320900	 1.470997	 1.680937	-20.713710	-4.753542	-4.463131	 69.443980	-0.136247	 3.279289	 77.465270	 0.283292	 7.179880	-13.459910	 29.875990	 12.435970	 57.068530	-6.030950	 19.803290	 66.206580	-4.743946	 19.548730	-22.394290	 14.375490	 5.457836	 67.250180	-3.487193	 9.753677	 73.674900	-1.896323	 12.084860	-11.051310	-31.849330	-0.145251	 29.733220	 40.725690	-0.536238	 0.353266	 43.732170	-0.401632	 3.696000	 0.000000	 90.000000	 0.000000	 170.396200	 6.873246	 170.925200	-176.933100	-2.259457	-5.060370
-0.000637	-0.108280	 0.018284	 171.756200	 3.846282	-87.490620	-11.215030	 4.123198	-1.768835	-9.890128	 9.883746	-1.923810	 1.542660	-6.249712	 110.440800	-0.813313	 0.122417	-8.559153	-52.715600	-23.813350	 21.929920	-3.346801	 32.531100	 1.122264	-12.395910	 27.114950	-68.432960	-5.466561	-2.015671	 9.912610	 2.503324	-1.126932	 4.512146	 3.269194	-0.634905	-79.900480	 3.783749	 3.096185	 11.955170	-0.275905	 3.148022	 9.006140	 2.904107	 4.341161	-70.271470	 37.130290	 19.694630	 15.060710	-6.822537	 19.211440	 10.820750	-5.638595	 19.245750	-70.212930	 18.317120	 10.321350	 21.434080	-3.898858	 9.395122	 9.460192	-0.473463	 9.974930	-72.425380	-57.432120	-11.465200	 6.688104	 9.284960	-0.525222	 0.082313	-19.390840	-0.175535	 3.200025	 1.197487	-8.504463	 90.403180	-96.975300	 1.708954	-142.307300	-179.555100	-2.360095	 91.653930	-0.813313	 0.122417	-8.559153	-56.558120	-38.091400	-17.427590	-81.949420	-4.160289	-10.931090	-22.754500	 10.525050	-62.920610	-14.338290	-8.333687	 72.686660	 2.455869	-1.172906	 84.275670	 1.472657	 1.680246	-20.748450	-4.752577	-4.461217	 69.437660	-0.136239	 3.279327	 77.478120	 0.282343	 7.180203	-13.445770	 29.878390	 12.440580	 57.051160	-6.030853	 19.803490	 66.218750	-4.743670	 19.548980	-22.375560	 14.372570	 5.455705	 67.234170	-3.487163	 9.753778	 73.686590	-1.896914	 12.085140	-11.036400	-31.871160	-0.167314	 29.693730	 40.675740	-0.536336	 0.352840	 43.633330	-0.401735	 3.695104	 0.000000	 90.000000	 0.000000	 170.382600	 6.873915	 170.947100	-176.946500	-2.257907	-5.056911
-0.000477	-0.108283	 0.018319	 171.770000	 3.852815	-87.469670	-11.221460	 4.125627	-1.762253	-9.898335	 9.899058	-1.918564	 1.544860	-6.258233	 110.440500	-0.813313	 0.122417	-8.559153	-52.721500	-23.807230	 21.911730	-3.347331	 32.553420	 1.122119	-12.404990	 27.158900	-68.556490	-5.466561	-2.015671	 9.912610	 2.503324	-1.126932	 4.512146	 3.269194	-0.634905	-79.900480	 3.784308	 3.096430	 11.955130	-0.275905	 3.148022	 9.006140	 2.904118	 4.341118	-70.272090	 37.131230	 19.694980	 15.060390	-6.822537	 19.211440	 10.820750	-5.638618	 19.245750	-70.213840	 18.317740	 10.321660	 21.433960	-3.898858	 9.395122	 9.460192	-0.473463	 9.974930	-72.425380	-57.431430	-11.465100	 6.687955	 9.284960	-0.525222	 0.082313	-19.390840	-0.175535	 3.200025	 1.198854	-8.524839	 90.401980	-96.989200	 1.739585	-142.570000	-179.557600	-2.330954	 91.671660	-0.813313	 0.122417	-8.559153	-56.458960	-38.090070	-17.403150	-82.272450	-4.023431	-10.964770	-22.856800	 10.651570	-62.926650	-14.334500	-8.326437	 72.656870	 2.455873	-1.172868	 84.232940	 1.474225	 1.679593	-20.781230	-4.751759	-4.459591	 69.432260	-0.136231	 3.279356	 77.488390	 0.281578	 7.180464	-13.434370	 29.880280	 12.444370	 57.036400	-6.030781	 19.803640	 66.228470	-4.743445	 19.549180	-22.360380	 14.369910	 5.453671	 67.220540	-3.487138	 9.753858	 73.695950	-1.897388	 12.085370	-11.024450	-31.891810	-0.188140	 29.656410	 40.628500	-0.536431	 0.352438	 43.539890	-0.401840	 3.694264	 0.000000	 90.000000	 0.000000	 170.369900	 6.875294	 170.956100	-176.959600	-2.256322	-5.057877
-0.000279	-0.108322	 0.018370	 171.790300	 3.865395	-87.442850	-11.230840	 4.128645	-1.754012	-9.909617	 9.919153	-1.911971	 1.548101	-6.270763	 110.440300	-0.813313	 0.122417	-8.559153	-52.728730	-23.797860	 21.885380	-3.347975	 32.578170	 1.121991	-12.415880	 27.208480	-68.698810	-5.466561	-2.015671	 9.912610	 2.503324	-1.126932	 4.512146	 3.269194	-0.634905	-79.900480	 3.785040	 3.096750	 11.955090	-0.275905	 3.148022	 9.006140	 2.904132	 4.341062	-70.272910	 37.132480	 19.695440	 15.059960	-6.822537	 19.211440	 10.820750	-5.638639	 19.245760	-70.215000	 18.318560	 10.322090	 21.433800	-3.898858	 9.395122	 9.460192	-0.473463	 9.974930	-72.425380	-57.430540	-11.464970	 6.687795	 9.284960	-0.525222	 0.082313	-19.390840	-0.175535	 3.200025	 1.200931	-8.547917	 90.400540	-97.008480	 1.770263	-142.865200	-179.561500	-2.285180	 91.696120	-0.813313	 0.122417	-8.559153	-56.295510	-38.086400	-17.363700	-82.723560	-3.820520	-11.017810	-22.970510	 10.827650	-62.948690	-14.329620	-8.317138	 72.618700	 2.455878	-1.172819	 84.178220	 1.476234	 1.678755	-20.823280	-4.750832	-4.457746	 69.426120	-0.136226	 3.279383	 77.497800	 0.280863	 7.180708	-13.423730	 29.882280	 12.448540	 57.019650	-6.030709	 19.803790	 66.237330	-4.743233	 19.549370	-22.346140	 14.366780	 5.451248	 67.205000	-3.487115	 9.753930	 73.704580	-1.897821	 12.085570	-11.013530	-31.918310	-0.214849	 29.608500	 40.567910	-0.536554	 0.351923	 43.420070	-0.401973	 3.693184	 0.000000	 90.000000	 0.000000	 170.353700	 6.877814	 170.955800	-176.976900	-2.254106	-5.064083
-0.000103	-0.108368	 0.018419	 171.809600	 3.879623	-87.419490	-11.240130	 4.131249	-1.746909	-9.920138	 9.937168	-1.906249	 1.550864	-6.281454	 110.440100	-0.813313	 0.122417	-8.559153	-52.734780	-23.788310	 21.859610	-3.348550	 32.589420	 1.122096	-12.425760	 27.239290	-68.806440	-5.466561	-2.015671	 9.912610	 2.503324	-1.126932	 4.512146	 3.269194	-0.634905	-79.900480	 3.785716	 3.097045	 11.955050	-0.275905	 3.148022	 9.006140	 2.904145	 4.341013	-70.273630	 37.133620	 19.695860	 15.059580	-6.822537	 19.211440	 10.820750	-5.638659	 19.245760	-70.216020	 18.319310	 10.322480	 21.433660	-3.898858	 9.395122	 9.460192	-0.473463	 9.974930	-72.425380	-57.429770	-11.464850	 6.687639	 9.284960	-0.525222	 0.082313	-19.390840	-0.175535	 3.200025	 1.202969	-8.565531	 90.399310	-97.031430	 1.783046	-143.035200	-179.565600	-2.239090	 91.718650	-0.813313	 0.122417	-8.559153	-56.124890	-38.081200	-17.324590	-83.245500	-3.602622	-11.072450	-22.993400	 10.958570	-62.990520	-14.325330	-8.308956	 72.585070	 2.455883	-1.172776	 84.130040	 1.478002	 1.678015	-20.860290	-4.750108	-4.456313	 69.421390	-0.136223	 3.279394	 77.501540	 0.280561	 7.180814	-13.419230	 29.883680	 12.451620	 57.006690	-6.030685	 19.803840	 66.240780	-4.743141	 19.549460	-22.339920	 14.364420	 5.449446	 67.192960	-3.487106	 9.753961	 73.708120	-1.897995	 12.085650	-11.009150	-31.941690	-0.238378	 29.566260	 40.514510	-0.536662	 0.351470	 43.314410	-0.402080	 3.692230	 0.000000	 90.000000	 0.000000	 170.339200	 6.880129	 170.952900	-176.992500	-2.252000	-5.073180
 0.000056	-0.108419	 0.018465	 171.827900	 3.894691	-87.398430	-11.249440	 4.133572	-1.740521	-9.930223	 9.953953	-1.901075	 1.552962	-6.289584	 110.439800	-0.813313	 0.122417	-8.559153	-52.739940	-23.778500	 21.834100	-3.349047	 32.592010	 1.122328	-12.436520	 27.257830	-68.885350	-5.466561	-2.015671	 9.912610	 2.503324	-1.126932	 4.512146	 3.269194	-0.634905	-79.900480	 3.786371	 3.097332	 11.955020	-0.275905	 3.148022	 9.006140	 2.904155	 4.340970	-70.274260	 37.134700	 19.696260	 15.059210	-6.822537	 19.211440	 10.820750	-5.638680	 19.245760	-70.216940	 18.320020	 10.322840	 21.433520	-3.898858	 9.395122	 9.460192	-0.473463	 9.974930	-72.425380	-57.429070	-11.464760	 6.687484	 9.284960	-0.525222	 0.082313	-19.390840	-0.175535	 3.200025	 1.205054	-8.579570	 90.398260	-97.053940	 1.788269	-143.159000	-179.569600	-2.193666	 91.739680	-0.813313	 0.122417	-8.559153	-55.951930	-38.074690	-17.287730	-83.799190	-3.380961	-11.127060	-22.949540	 11.053170	-63.047390	-14.321390	-8.301445	 72.554210	 2.455887	-1.172736	 84.085780	 1.479625	 1.677336	-20.894260	-4.749522	-4.455152	 69.417560	-0.136225	 3.279386	 77.498650	 0.280739	 7.180751	-13.421890	 29.884710	 12.454040	 56.996190	-6.030707	 19.803800	 66.237980	-4.743191	 19.549410	-22.343240	 14.362820	 5.448369	 67.183090	-3.487111	 9.753952	 73.706860	-1.897863	 12.085590	-11.012470	-31.963180	-0.259972	 29.527440	 40.465420	-0.536761	 0.351053	 43.217330	-0.402183	 3.691354	 0.000000	 90.000000	 0.000000	 170.325700	 6.881875	 170.948200	-177.006900	-2.249976	-5.083791
 0.000244	-0.108487	 0.018521	 171.849700	 3.914665	-87.373780	-11.261590	 4.136275	-1.733023	-9.942736	 9.974394	-1.894951	 1.554492	-6.295544	 110.439500	-0.813313	 0.122417	-8.559153	-52.745640	-23.765410	 21.801340	-3.349687	 32.586510	 1.122831	-12.452770	 27.269370	-68.953190	-5.466561	-2.015671	 9.912610	 2.503324	-1.126932	 4.512146	 3.269194	-0.634905	-79.900480	 3.787161	 3.097678	 11.954970	-0.275905	 3.148022	 9.006140	 2.904169	 4.340915	-70.275040	 37.136020	 19.696760	 15.058760	-6.822537	 19.211440	 10.820750	-5.638700	 19.245760	-70.218030	 18.320880	 10.323290	 21.433360	-3.898858	 9.395122	 9.460192	-0.473463	 9.974930	-72.425380	-57.428220	-11.464630	 6.687318	 9.284960	-0.525222	 0.082313	-19.390840	-0.175535	 3.200025	 1.207797	-8.593872	 90.397040	-97.081920	 1.787739	-143.278900	-179.574600	-2.137053	 91.764840	-0.813313	 0.122417	-8.559153	-55.729980	-38.064610	-17.245230	-84.523500	-3.100231	-11.196170	-22.870450	 11.156390	-63.129680	-14.316630	-8.292413	 72.517070	 2.455893	-1.172688	 84.032550	 1.481576	 1.676516	-20.935140	-4.748919	-4.453943	 69.413480	-0.136234	 3.279346	 77.484830	 0.281699	 7.180423	-13.436190	 29.885660	 12.456450	 56.985150	-6.030811	 19.803590	 66.224880	-4.743472	 19.549160	-22.362240	 14.361800	 5.448068	 67.172590	-3.487132	 9.753884	 73.699020	-1.897228	 12.085290	-11.028480	-31.989100	-0.285978	 29.480670	 40.406350	-0.536876	 0.350549	 43.100480	-0.402311	 3.690301	 0.000000	 90.000000	 0.000000	 170.309300	 6.882900	 170.940600	-177.024400	-2.247460	-5.098535
 0.000409	-0.108555	 0.018573	 171.868300	 3.933818	-87.352400	-11.273360	 4.138675	-1.726383	-9.954318	 9.992983	-1.889488	 1.554542	-6.295820	 110.438900	-0.813313	 0.122417	-8.559153	-52.750190	-23.752490	 21.770070	-3.350221	 32.574700	 1.123378	-12.470730	 27.271360	-68.992300	-5.466561	-2.015671	 9.912610	 2.503324	-1.126932	 4.512146	 3.269194	-0.634905	-79.900480	 3.787893	 3.097998	 11.954930	-0.275905	 3.148022	 9.006140	 2.904181	 4.340868	-70.275730	 37.137270	 19.697210	 15.058340	-6.822537	 19.211440	 10.820750	-5.638721	 19.245760	-70.219050	 18.321710	 10.323720	 21.433200	-3.898858	 9.395122	 9.460192	-0.473463	 9.974930	-72.425380	-57.427450	-11.464520	 6.687164	 9.284960	-0.525222	 0.082313	-19.390840	-0.175535	 3.200025	 1.210483	-8.604448	 90.396010	-97.107120	 1.782311	-143.370700	-179.579200	-2.085761	 91.786960	-0.813313	 0.122417	-8.559153	-55.522540	-38.053280	-17.211390	-85.200050	-2.845598	-11.259890	-22.782980	 11.238500	-63.215050	-14.312340	-8.284263	 72.483550	 2.455898	-1.172646	 83.984480	 1.483338	 1.675776	-20.972030	-4.748436	-4.452990	 69.410360	-0.136248	 3.279284	 77.463590	 0.283204	 7.179910	-13.458590	 29.886300	 12.458240	 56.976570	-6.030962	 19.803260	 66.204790	-4.743913	 19.548770	-22.392110	 14.361670	 5.448644	 67.164310	-3.487162	 9.753777	 73.686690	-1.896249	 12.084830	-11.053150	-32.012520	-0.309439	 29.438410	 40.352980	-0.536987	 0.350096	 42.994860	-0.402410	 3.689344	 0.000000	 90.000000	 0.000000	 170.294300	 6.882972	 170.932000	-177.040200	-2.245108	-5.112934
 0.000570	-0.108629	 0.018624	 171.886100	 3.953628	-87.331740	-11.286130	 4.141015	-1.719771	-9.966302	 10.012070	-1.884011	 1.553377	-6.291427	 110.438300	-0.813313	 0.122417	-8.559153	-52.754220	-23.738290	 21.736770	-3.350731	 32.556980	 1.124056	-12.492490	 27.266850	-69.013570	-5.466561	-2.015671	 9.912610	 2.503324	-1.126932	 4.512146	 3.269194	-0.634905	-79.900480	 3.788663	 3.098336	 11.954890	-0.275905	 3.148022	 9.006140	 2.904194	 4.340820	-70.276440	 37.138560	 19.697690	 15.057900	-6.822537	 19.211440	 10.820750	-5.638744	 19.245760	-70.220030	 18.322570	 10.324160	 21.433030	-3.898858	 9.395122	 9.460192	-0.473463	 9.974930	-72.425380	-57.426690	-11.464410	 6.687008	 9.284960	-0.525222	 0.082313	-19.390840	-0.175535	 3.200025	 1.213407	-8.613046	 90.395030	-97.131900	 1.773284	-143.458500	-179.583700	-2.035047	 91.808400	-0.813313	 0.122417	-8.559153	-55.309920	-38.039550	-17.183890	-85.880770	-2.596827	-11.324770	-22.686470	 11.310240	-63.310890	-14.307950	-8.275951	 72.449390	 2.455903	-1.172602	 83.935520	 1.485132	 1.675020	-21.009640	-4.748019	-4.452160	 69.407590	-0.136268	 3.279199	 77.434270	 0.285294	 7.179195	-13.489740	 29.886770	 12.459730	 56.969020	-6.031175	 19.802800	 66.177050	-4.744531	 19.548210	-22.433730	 14.362230	 5.449974	 67.156920	-3.487206	 9.753633	 73.669720	-1.894898	 12.084190	-11.087240	-32.036440	-0.333358	 29.395300	 40.298520	-0.537088	 0.349632	 42.887150	-0.402518	 3.688370	 0.000000	 90.000000	 0.000000	 170.279100	 6.882296	 170.921900	-177.056300	-2.242669	-5.127908
 0.000738	-0.108714	 0.018679	 171.904300	 3.974949	-87.310470	-11.301230	 4.143559	-1.712556	-9.979766	 10.033430	-1.877984	 1.551218	-6.283233	 110.437500	-0.813313	 0.122417	-8.559153	-52.757860	-23.721250	 21.698220	-3.351334	 32.531610	 1.124923	-12.521140	 27.255920	-69.018620	-5.466561	-2.015671	 9.912610	 2.503324	-1.126932	 4.512146	 3.269194	-0.634905	-79.900480	 3.789531	 3.098716	 11.954840	-0.275905	 3.148022	 9.006140	 2.904207	 4.340765	-70.277220	 37.140030	 19.698230	 15.057400	-6.822537	 19.211440	 10.820750	-5.638764	 19.245760	-70.221170	 18.323550	 10.324670	 21.432850	-3.898858	 9.395122	 9.460192	-0.473463	 9.974930	-72.425380	-57.425850	-11.464280	 6.686848	 9.284960	-0.525222	 0.082313	-19.390840	-0.175535	 3.200025	 1.216900	-8.620135	 90.393970	-97.161500	 1.754777	-143.515000	-179.588400	-1.982177	 91.830460	-0.813313	 0.122417	-8.559153	-55.073920	-38.025010	-17.153770	-86.594570	-2.345787	-11.395780	-22.579540	 11.374760	-63.425920	-14.303060	-8.266685	 72.411290	 2.455908	-1.172554	 83.880860	 1.487134	 1.674174	-21.051600	-4.747628	-4.451382	 69.404990	-0.136293	 3.279080	 77.393360	 0.288223	 7.178190	-13.533380	 29.887150	 12.461070	 56.961960	-6.031473	 19.802180	 66.138420	-4.745398	 19.547430	-22.492090	 14.363580	 5.452243	 67.149820	-3.487267	 9.753432	 73.646160	-1.893013	 12.083290	-11.134810	-32.063180	-0.360060	 29.347130	 40.237720	-0.537209	 0.349116	 42.766890	-0.402641	 3.687287	 0.000000	 90.000000	 0.000000	 170.262200	 6.880758	 170.909000	-177.074000	-2.239900	-5.144080
 0.000866	-0.108787	 0.018724	 171.918000	 3.991103	-87.294720	-11.314230	 4.145571	-1.706748	-9.990843	 10.050940	-1.873110	 1.548918	-6.274478	 110.436800	-0.813313	 0.122417	-8.559153	-52.760130	-23.706440	 21.665670	-3.351763	 32.507340	 1.125686	-12.548270	 27.243720	-69.010570	-5.466561	-2.015671	 9.912610	 2.503324	-1.126932	 4.512146	 3.269194	-0.634905	-79.900480	 3.790263	 3.099037	 11.954790	-0.275905	 3.148022	 9.006140	 2.904218	 4.340722	-70.277850	 37.141250	 19.698680	 15.056990	-6.822537	 19.211440	 10.820750	-5.638783	 19.245760	-70.222080	 18.324350	 10.325090	 21.432700	-3.898858	 9.395122	 9.460192	-0.473463	 9.974930	-72.425380	-57.425150	-11.464180	 6.686704	 9.284960	-0.525222	 0.082313	-19.390840	-0.175535	 3.200025	 1.219908	-8.624033	 90.393170	-97.189060	 1.730515	-143.509300	-179.592000	-1.943187	 91.846680	-0.813313	 0.122417	-8.559153	-54.882670	-38.016640	-17.122330	-87.097130	-2.175886	-11.452390	-22.499380	 11.414420	-63.524940	-14.299030	-8.259089	 72.380050	 2.455913	-1.172514	 83.836060	 1.488776	 1.673481	-21.086020	-4.747350	-4.450831	 69.403180	-0.136319	 3.278966	 77.354130	 0.291043	 7.177221	-13.575420	 29.887350	 12.461940	 56.957070	-6.031760	 19.801570	 66.101330	-4.746232	 19.546680	-22.548330	 14.365190	 5.454642	 67.144810	-3.487324	 9.753242	 73.623730	-1.891204	 12.082430	-11.180470	-32.085140	-0.381965	 29.307570	 40.187830	-0.537303	 0.348691	 42.668200	-0.402736	 3.686395	 0.000000	 90.000000	 0.000000	 170.248400	 6.879013	 170.897600	-177.088300	-2.237611	-5.156319
 0.000989	-0.108864	 0.018769	 171.930800	 4.006252	-87.279930	-11.328570	 4.147662	-1.700722	-10.002470	 10.069470	-1.868011	 1.546085	-6.263681	 110.436000	-0.813313	 0.122417	-8.559153	-52.761800	-23.689910	 21.630480	-3.352175	 32.479060	 1.126525	-12.580760	 27.228850	-68.992520	-5.466561	-2.015671	 9.912610	 2.503324	-1.126932	 4.512146	 3.269194	-0.634905	-79.900480	 3.791054	 3.099382	 11.954750	-0.275905	 3.148022	 9.006140	 2.904230	 4.340675	-70.278530	 37.142600	 19.699180	 15.056530	-6.822537	 19.211440	 10.820750	-5.638802	 19.245760	-70.223040	 18.325240	 10.325540	 21.432520	-3.898858	 9.395122	 9.460192	-0.473463	 9.974930	-72.425380	-57.424430	-11.464060	 6.686562	 9.284960	-0.525222	 0.082313	-19.390840	-0.175535	 3.200025	 1.223286	-8.626348	 90.392400	-97.219240	 1.699137	-143.477700	-179.595200	-1.907507	 91.861600	-0.813313	 0.122417	-8.559153	-54.686700	-38.011240	-17.084180	-87.531040	-2.030509	-11.510500	-22.395450	 11.433920	-63.634990	-14.294760	-8.251032	 72.346950	 2.455918	-1.172471	 83.788640	 1.490512	 1.672745	-21.122430	-4.747100	-4.450343	 69.401610	-0.136349	 3.278832	 77.307610	 0.294396	 7.176066	-13.625420	 29.887490	 12.462690	 56.952720	-6.032100	 19.800850	 66.057390	-4.747225	 19.545800	-22.615150	 14.367370	 5.457692	 67.140240	-3.487392	 9.753017	 73.597470	-1.889058	 12.081410	-11.234650	-32.108450	-0.405144	 29.265660	 40.134980	-0.537407	 0.348240	 42.563610	-0.402838	 3.685451	 0.000000	 90.000000	 0.000000	 170.234100	 6.876736	 170.884700	-177.103200	-2.235221	-5.167652
 0.001120	-0.108951	 0.018814	 171.943800	 4.020769	-87.265230	-11.346340	 4.150037	-1.693723	-10.016140	 10.091380	-1.862007	 1.542355	-6.249451	 110.435000	-0.813313	 0.122417	-8.559153	-52.762660	-23.669200	 21.587910	-3.352695	 32.442980	 1.127589	-12.619000	 27.207560	-68.963710	-5.466561	-2.015671	 9.912610	 2.503324	-1.126932	 4.512146	 3.269194	-0.634905	-79.900480	 3.792017	 3.099803	 11.954690	-0.275905	 3.148022	 9.006140	 2.904244	 4.340620	-70.279340	 37.144230	 19.699780	 15.055980	-6.822537	 19.211440	 10.820750	-5.638825	 19.245770	-70.224200	 18.326310	 10.326100	 21.432320	-3.898858	 9.395122	 9.460192	-0.473463	 9.974930	-72.425380	-57.423550	-11.463940	 6.686375	 9.284960	-0.525222	 0.082313	-19.390840	-0.175535	 3.200025	 1.227510	-8.626785	 90.391560	-97.253440	 1.658455	-143.439400	-179.598200	-1.874388	 91.875880	-0.813313	 0.122417	-8.559153	-54.468230	-38.009440	-17.034690	-87.940480	-1.886039	-11.576270	-22.215290	 11.421610	-63.771050	-14.289680	-8.241468	 72.307590	 2.455924	-1.172421	 83.732190	 1.492577	 1.671869	-21.165760	-4.746860	-4.449873	 69.400090	-0.136389	 3.278655	 77.246510	 0.298808	 7.174539	-13.691230	 29.887630	 12.463400	 56.948530	-6.032549	 19.799920	 65.999690	-4.748535	 19.544630	-22.703130	 14.370480	 5.461874	 67.135690	-3.487480	 9.752728	 73.563460	-1.886242	 12.080070	-11.305800	-32.136180	-0.432728	 29.215740	 40.072040	-0.537530	 0.347705	 42.439160	-0.402949	 3.684323	 0.000000	 90.000000	 0.000000	 170.217300	 6.873582	 170.868600	-177.120400	-2.232387	-5.178174
 0.001222	-0.109016	 0.018840	 171.953200	 4.029627	-87.255170	-11.361900	 4.151958	-1.687953	-10.027390	 10.109750	-1.857026	 1.539049	-6.236833	 110.434200	-0.813313	 0.122417	-8.559153	-52.762410	-23.650940	 21.551660	-3.353072	 32.411510	 1.128462	-12.644740	 27.184970	-68.938520	-5.466561	-2.015671	 9.912610	 2.503324	-1.126932	 4.512146	 3.269194	-0.634905	-79.900480	 3.792846	 3.100166	 11.954650	-0.275905	 3.148022	 9.006140	 2.904255	 4.340574	-70.280010	 37.145620	 19.700290	 15.055500	-6.822537	 19.211440	 10.820750	-5.638846	 19.245770	-70.225140	 18.327230	 10.326580	 21.432140	-3.898858	 9.395122	 9.460192	-0.473463	 9.974930	-72.425380	-57.422810	-11.463830	 6.686225	 9.284960	-0.525222	 0.082313	-19.390840	-0.175535	 3.200025	 1.231214	-8.625239	 90.390930	-97.287350	 1.610075	-143.387600	-179.600200	-1.852397	 91.884450	-0.813313	 0.122417	-8.559153	-54.301420	-38.011880	-16.991450	-88.218480	-1.784453	-11.627740	-22.043830	 11.393850	-63.883320	-14.285400	-8.233420	 72.274470	 2.455929	-1.172379	 83.684710	 1.494316	 1.671129	-21.202240	-4.746690	-4.449550	 69.399100	-0.136426	 3.278494	 77.190960	 0.302831	 7.173143	-13.751260	 29.887740	 12.463900	 56.945720	-6.032958	 19.799060	 65.947170	-4.749730	 19.543570	-22.783330	 14.373480	 5.465796	 67.132520	-3.487558	 9.752469	 73.533030	-1.883679	 12.078840	-11.370600	-32.159550	-0.455921	 29.173700	 40.019040	-0.537630	 0.347252	 42.334320	-0.403038	 3.683374	 0.000000	 90.000000	 0.000000	 170.203500	 6.870653	 170.854600	-177.134300	-2.230054	-5.183870
 0.001317	-0.109068	 0.018855	 171.962100	 4.035154	-87.246820	-11.377810	 4.153804	-1.682330	-10.038290	 10.127800	-1.852121	 1.535732	-6.224174	 110.433300	-0.813313	 0.122417	-8.559153	-52.761190	-23.632090	 21.515420	-3.353434	 32.380000	 1.129345	-12.664910	 27.159620	-68.914740	-5.466561	-2.015671	 9.912610	 2.503324	-1.126932	 4.512146	 3.269194	-0.634905	-79.900480	 3.793675	 3.100529	 11.954600	-0.275905	 3.148022	 9.006140	 2.904268	 4.340527	-70.280700	 37.147010	 19.700810	 15.055030	-6.822537	 19.211440	 10.820750	-5.638865	 19.245770	-70.226100	 18.328160	 10.327050	 21.431970	-3.898858	 9.395122	 9.460192	-0.473463	 9.974930	-72.425380	-57.422090	-11.463730	 6.686072	 9.284960	-0.525222	 0.082313	-19.390840	-0.175535	 3.200025	 1.235047	-8.622034	 90.390370	-97.332490	 1.537607	-143.285600	-179.602000	-1.832951	 91.889470	-0.813313	 0.122417	-8.559153	-54.155290	-38.017870	-16.948810	-88.454600	-1.698249	-11.674320	-21.879980	 11.361600	-63.987020	-14.281140	-8.225418	 72.241550	 2.455934	-1.172336	 83.637540	 1.496042	 1.670393	-21.238480	-4.746552	-4.449291	 69.398330	-0.136464	 3.278325	 77.132560	 0.307065	 7.171669	-13.814450	 29.887880	 12.464340	 56.943520	-6.033384	 19.798160	 65.892030	-4.750988	 19.542460	-22.867700	 14.376750	 5.469998	 67.129900	-3.487640	 9.752200	 73.501570	-1.880988	 12.077540	-11.438650	-32.182840	-0.478991	 29.131890	 39.966360	-0.537729	 0.346803	 42.230060	-0.403142	 3.682435	 0.000000	 90.000000	 0.000000	 170.190200	 6.867581	 170.840400	-177.147700	-2.227788	-5.186106
 0.001421	-0.109138	 0.018864	 171.971800	 4.041086	-87.238050	-11.398020	 4.155982	-1.675573	-10.051210	 10.149750	-1.846170	 1.531776	-6.209080	 110.432300	-0.813313	 0.122417	-8.559153	-52.758320	-23.607930	 21.470840	-3.353819	 32.341960	 1.130357	-12.682990	 27.126360	-68.890070	-5.466561	-2.015671	 9.912610	 2.503324	-1.126932	 4.512146	 3.269194	-0.634905	-79.900480	 3.794716	 3.100985	 11.954540	-0.275905	 3.148022	 9.006140	 2.904283	 4.340470	-70.281520	 37.148780	 19.701470	 15.054430	-6.822537	 19.211440	 10.820750	-5.638889	 19.245770	-70.227270	 18.329320	 10.327660	 21.431740	-3.898858	 9.395122	 9.460192	-0.473463	 9.974930	-72.425380	-57.421200	-11.463600	 6.685898	 9.284960	-0.525222	 0.082313	-19.390840	-0.175535	 3.200025	 1.239935	-8.615870	 90.389790	-97.397250	 1.425585	-143.118100	-179.603700	-1.813481	 91.886380	-0.813313	 0.122417	-8.559153	-54.008290	-38.030220	-16.899140	-88.565930	-1.642293	-11.725960	-21.730850	 11.336000	-64.094410	-14.275890	-8.215582	 72.201080	 2.455940	-1.172285	 83.579500	 1.498164	 1.669488	-21.283030	-4.746416	-4.449040	 69.397640	-0.136513	 3.278107	 77.057330	 0.312536	 7.169755	-13.896170	 29.888120	 12.464840	 56.941490	-6.033938	 19.797010	 65.820890	-4.752618	 19.541020	-22.976690	 14.381110	 5.475526	 67.127300	-3.487741	 9.751862	 73.461930	-1.877518	 12.075870	-11.526490	-32.211480	-0.507346	 29.080420	 39.901530	-0.537862	 0.346253	 42.101860	-0.403245	 3.681273	 0.000000	 90.000000	 0.000000	 170.174500	 6.863657	 170.822800	-177.163300	-2.225108	-5.183352
 0.001495	-0.109163	 0.018865	 171.978700	 4.050583	-87.231000	-11.415520	 4.157733	-1.670001	-10.061580	 10.167950	-1.841203	 1.528675	-6.197245	 110.431500	-0.813313	 0.122417	-8.559153	-52.754670	-23.586810	 21.433440	-3.354096	 32.311410	 1.131161	-12.692970	 27.098170	-68.875470	-5.466561	-2.015671	 9.912610	 2.503324	-1.126932	 4.512146	 3.269194	-0.634905	-79.900480	 3.795602	 3.101373	 11.954490	-0.275905	 3.148022	 9.006140	 2.904294	 4.340422	-70.282210	 37.150300	 19.702020	 15.053910	-6.822537	 19.211440	 10.820750	-5.638908	 19.245770	-70.228260	 18.330340	 10.328180	 21.431550	-3.898858	 9.395122	 9.460192	-0.473463	 9.974930	-72.425380	-57.420450	-11.463490	 6.685746	 9.284960	-0.525222	 0.082313	-19.390840	-0.175535	 3.200025	 1.244220	-8.608856	 90.389400	-97.454460	 1.320459	-142.963700	-179.604800	-1.801821	 91.871930	-0.813313	 0.122417	-8.559153	-53.917200	-38.044960	-16.861530	-88.396040	-1.664942	-11.765290	-21.667810	 11.334230	-64.162840	-14.271470	-8.207302	 72.167020	 2.455945	-1.172241	 83.530650	 1.499951	 1.668724	-21.320560	-4.746320	-4.448876	 69.397250	-0.136557	 3.277916	 76.991670	 0.317321	 7.168076	-13.967660	 29.888430	 12.465290	 56.940260	-6.034425	 19.796000	 65.758870	-4.754044	 19.539770	-23.071980	 14.384990	 5.480389	 67.125570	-3.487831	 9.751578	 73.428220	-1.874491	 12.074410	-11.603160	-32.235650	-0.531210	 29.037030	 39.846920	-0.537961	 0.345785	 41.993800	-0.403337	 3.680295	 0.000000	 90.000000	 0.000000	 170.161800	 6.860327	 170.808100	-177.175700	-2.222957	-5.175688
 0.001560	-0.109217	 0.018868	 171.984100	 4.063386	-87.224240	-11.433410	 4.159384	-1.664559	-10.072990	 10.185850	-1.836318	 1.525930	-6.186778	 110.430700	-0.813313	 0.122417	-8.559153	-52.749820	-23.565090	 21.396450	-3.354347	 32.283100	 1.131917	-12.698650	 27.071210	-68.868740	-5.466561	-2.015671	 9.912610	 2.503324	-1.126932	 4.512146	 3.269194	-0.634905	-79.900480	 3.796508	 3.101769	 11.954440	-0.275905	 3.148022	 9.006140	 2.904305	 4.340375	-70.282890	 37.151820	 19.702590	 15.053400	-6.822537	 19.211440	 10.820750	-5.638930	 19.245770	-70.229230	 18.331340	 10.328700	 21.431360	-3.898858	 9.395122	 9.460192	-0.473463	 9.974930	-72.425380	-57.419710	-11.463370	 6.685586	 9.284960	-0.525222	 0.082313	-19.390840	-0.175535	 3.200025	 1.248626	-8.600207	 90.389070	-97.509280	 1.213740	-142.817900	-179.605300	-1.796750	 91.848830	-0.813313	 0.122417	-8.559153	-53.860490	-38.062970	-16.829590	-88.101090	-1.726121	-11.797010	-21.650170	 11.343300	-64.211270	-14.267050	-8.199045	 72.133030	 2.455951	-1.172198	 83.481930	 1.501731	 1.667961	-21.357970	-4.746248	-4.448758	 69.397030	-0.136597	 3.277745	 76.932520	 0.321647	 7.166551	-14.032320	 29.888850	 12.465790	 56.939380	-6.034862	 19.795090	 65.702980	-4.755338	 19.538640	-23.158130	 14.389020	 5.485402	 67.124200	-3.487919	 9.751291	 73.394740	-1.871765	 12.073080	-11.672270	-32.259810	-0.555025	 28.993730	 39.792410	-0.538066	 0.345324	 41.885960	-0.403432	 3.679321	 0.000000	 90.000000	 0.000000	 170.149700	 6.857080	 170.793700	-177.187200	-2.220938	-5.162544
 0.001640	-0.109342	 0.018875	 171.988400	 4.082552	-87.216290	-11.455930	 4.161350	-1.658022	-10.091450	 10.207480	-1.830339	 1.523181	-6.176309	 110.429800	-0.813313	 0.122417	-8.559153	-52.742120	-23.537520	 21.351630	-3.354566	 32.252350	 1.132695	-12.700410	 27.041560	-68.873990	-5.466561	-2.015671	 9.912610	 2.503324	-1.126932	 4.512146	 3.269194	-0.634905	-79.900480	 3.797644	 3.102267	 11.954370	-0.275905	 3.148022	 9.006140	 2.904320	 4.340316	-70.283740	 37.153740	 19.703290	 15.052740	-6.822537	 19.211440	 10.820750	-5.638955	 19.245780	-70.230450	 18.332610	 10.329350	 21.431110	-3.898858	 9.395122	 9.460192	-0.473463	 9.974930	-72.425380	-57.418800	-11.463240	 6.685408	 9.284960	-0.525222	 0.082313	-19.390840	-0.175535	 3.200025	 1.254220	-8.587403	 90.388760	-97.567420	 1.091012	-142.677400	-179.604800	-1.801522	 91.811490	-0.813313	 0.122417	-8.559153	-53.854740	-38.093250	-16.803760	-87.727580	-1.818358	-11.822120	-21.674110	 11.359100	-64.244120	-14.261610	-8.188893	 72.091240	 2.455957	-1.172145	 83.422020	 1.503921	 1.667020	-21.404000	-4.746162	-4.448632	 69.396890	-0.136630	 3.277602	 76.882840	 0.325304	 7.165258	-14.087000	 29.889580	 12.466540	 56.938670	-6.035228	 19.794330	 65.656230	-4.756431	 19.537680	-23.231100	 14.394130	 5.491711	 67.122920	-3.488024	 9.750947	 73.354380	-1.869478	 12.071970	-11.730270	-32.289520	-0.584281	 28.940440	 39.725340	-0.538190	 0.344750	 41.753330	-0.403548	 3.678122	 0.000000	 90.000000	 0.000000	 170.135800	 6.853275	 170.776500	-177.200300	-2.218661	-5.138042
 0.001695	-0.109510	 0.018885	 171.990700	 4.100455	-87.210180	-11.475320	 4.162854	-1.652809	-10.109840	 10.224770	-1.825497	 1.521592	-6.170283	 110.429200	-0.813313	 0.122417	-8.559153	-52.737910	-23.516680	 21.314000	-3.354709	 32.231380	 1.133240	-12.698080	 27.021790	-68.891730	-5.466561	-2.015671	 9.912610	 2.503324	-1.126932	 4.512146	 3.269194	-0.634905	-79.900480	 3.798569	 3.102671	 11.954310	-0.275905	 3.148022	 9.006140	 2.904333	 4.340270	-70.284430	 37.155330	 19.703890	 15.052200	-6.822537	 19.211440	 10.820750	-5.638974	 19.245780	-70.231430	 18.333640	 10.329890	 21.430910	-3.898858	 9.395122	 9.460192	-0.473463	 9.974930	-72.425380	-57.418040	-11.463130	 6.685250	 9.284960	-0.525222	 0.082313	-19.390840	-0.175535	 3.200025	 1.258933	-8.575210	 90.388610	-97.611250	 0.992438	-142.509700	-179.603800	-1.812841	 91.776020	-0.813313	 0.122417	-8.559153	-53.912400	-38.128340	-16.797390	-87.329320	-1.927983	-11.833170	-21.717960	 11.367640	-64.249410	-14.257150	-8.180605	 72.057140	 2.455963	-1.172101	 83.373110	 1.505708	 1.666252	-21.441560	-4.746106	-4.448559	 69.396880	-0.136647	 3.277531	 76.858300	 0.327134	 7.164609	-14.114370	 29.890370	 12.467300	 56.938330	-6.035409	 19.793960	 65.633380	-4.756982	 19.537200	-23.267710	 14.398350	 5.496911	 67.122120	-3.488109	 9.750677	 73.322650	-1.868352	 12.071420	-11.758810	-32.313840	-0.608179	 28.896870	 39.670570	-0.538294	 0.344281	 41.644950	-0.403630	 3.677140	 0.000000	 90.000000	 0.000000	 170.125300	 6.850381	 170.763200	-177.210200	-2.217015	-5.131999
 0.001729	-0.109755	 0.018904	 171.992300	 4.119558	-87.204510	-11.495890	 4.164280	-1.647766	-10.130590	 10.241470	-1.820774	 1.520719	-6.167006	 110.428600	-0.813313	 0.122417	-8.559153	-52.739440	-23.500250	 21.274300	-3.354802	 32.215170	 1.133655	-12.692920	 27.007550	-68.923000	-5.466561	-2.015671	 9.912610	 2.503324	-1.126932	 4.512146	 3.269194	-0.634905	-79.900480	 3.799495	 3.103076	 11.954260	-0.275905	 3.148022	 9.006140	 2.904344	 4.340222	-70.285110	 37.156900	 19.704460	 15.051670	-6.822537	 19.211440	 10.820750	-5.638992	 19.245780	-70.232410	 18.334700	 10.330440	 21.430720	-3.898858	 9.395122	 9.460192	-0.473463	 9.974930	-72.425380	-57.417320	-11.463020	 6.685101	 9.284960	-0.525222	 0.082313	-19.390840	-0.175535	 3.200025	 1.263682	-8.561728	 90.388510	-97.650130	 0.898920	-142.276400	-179.602300	-1.829090	 91.738790	-0.813313	 0.122417	-8.559153	-54.015840	-38.170310	-16.802240	-86.718800	-2.098439	-11.837220	-21.776880	 11.361410	-64.210690	-14.252770	-8.172449	 72.023540	 2.455968	-1.172058	 83.324970	 1.507466	 1.665495	-21.478520	-4.746047	-4.448487	 69.396930	-0.136655	 3.277494	 76.845730	 0.328100	 7.164266	-14.128830	 29.891370	 12.468230	 56.938060	-6.035501	 19.793770	 65.621930	-4.757277	 19.536940	-23.287210	 14.402500	 5.501996	 67.121480	-3.488185	 9.750423	 73.292850	-1.867778	 12.071140	-11.773380	-32.337790	-0.631689	 28.853970	 39.616630	-0.538395	 0.343822	 41.538230	-0.403708	 3.676173	 0.000000	 90.000000	 0.000000	 170.115700	 6.847854	 170.750700	-177.219300	-2.215652	-5.156827
 0.001752	-0.110113	 0.018928	 171.994200	 4.144790	-87.198070	-11.523040	 4.165964	-1.641720	-10.159210	 10.261430	-1.815009	 1.520741	-6.167180	 110.428000	-0.813313	 0.122417	-8.559153	-52.748460	-23.485360	 21.222370	-3.354833	 32.197190	 1.134077	-12.670590	 27.000080	-69.062890	-5.466561	-2.015671	 9.912610	 2.503324	-1.126932	 4.512146	 3.269194	-0.634905	-79.900480	 3.800652	 3.103584	 11.954200	-0.275905	 3.148022	 9.006140	 2.904359	 4.340165	-70.285960	 37.158880	 19.705190	 15.051000	-6.822537	 19.211440	 10.820750	-5.639018	 19.245780	-70.233590	 18.335990	 10.331100	 21.430470	-3.898858	 9.395122	 9.460192	-0.473463	 9.974930	-72.425380	-57.416420	-11.462890	 6.684909	 9.284960	-0.525222	 0.082313	-19.390840	-0.175535	 3.200025	 1.269673	-8.543217	 90.388490	-97.682110	 0.805962	-141.973300	-179.600100	-1.854107	 91.692580	-0.813313	 0.122417	-8.559153	-54.195200	-38.229470	-16.820830	-85.826270	-2.400080	-11.830830	-21.860050	 11.281560	-64.089710	-14.247380	-8.162439	 71.982320	 2.455975	-1.172005	 83.265880	 1.509624	 1.664562	-21.523910	-4.745964	-4.448392	 69.397060	-0.136657	 3.277485	 76.842700	 0.328397	 7.164163	-14.133270	 29.892900	 12.469630	 56.937810	-6.035521	 19.793740	 65.619620	-4.757370	 19.536860	-23.293470	 14.407520	 5.508152	 67.120830	-3.488276	 9.750136	 73.258880	-1.867644	 12.071070	-11.776780	-32.367260	-0.660556	 28.801240	 39.550340	-0.538519	 0.343257	 41.407140	-0.403812	 3.674985	 0.000000	 90.000000	 0.000000	 170.105000	 6.845224	 170.736700	-177.229600	-2.214338	-5.215949
 0.001765	-0.110430	 0.018937	 171.996000	 4.167960	-87.192980	-11.547870	 4.167314	-1.636655	-10.186200	 10.278000	-1.810117	 1.521492	-6.170144	 110.427600	-0.813313	 0.122417	-8.559153	-52.761940	-23.476940	 21.175520	-3.354803	 32.177380	 1.134494	-12.605320	 26.990970	-69.346220	-5.466561	-2.015671	 9.912610	 2.503324	-1.126932	 4.512146	 3.269194	-0.634905	-79.900480	 3.801654	 3.104021	 11.954140	-0.275905	 3.148022	 9.006140	 2.904372	 4.340114	-70.286670	 37.160570	 19.705820	 15.050420	-6.822537	 19.211440	 10.820750	-5.639036	 19.245780	-70.234610	 18.337120	 10.331690	 21.430250	-3.898858	 9.395122	 9.460192	-0.473463	 9.974930	-72.425380	-57.415640	-11.462780	 6.684758	 9.284960	-0.525222	 0.082313	-19.390840	-0.175535	 3.200025	 1.274935	-8.525640	 90.388550	-97.703980	 0.731121	-141.621700	-179.597900	-1.878360	 91.654910	-0.813313	 0.122417	-8.559153	-54.385220	-38.284730	-16.845650	-85.067100	-2.731721	-11.815070	-21.920710	 11.125920	-63.957450	-14.242750	-8.153863	 71.946990	 2.455981	-1.171960	 83.215230	 1.511473	 1.663762	-21.562810	-4.745890	-4.448305	 69.397160	-0.136653	 3.277501	 76.848050	 0.328079	 7.164273	-14.128510	 29.894520	 12.471100	 56.937550	-6.035474	 19.793830	 65.625200	-4.757279	 19.536940	-23.287470	 14.411710	 5.513283	 67.120320	-3.488344	 9.749911	 73.232540	-1.867896	 12.071190	-11.770400	-32.392530	-0.685276	 28.756020	 39.493550	-0.538625	 0.342772	 41.294770	-0.403900	 3.673969	 0.000000	 90.000000	 0.000000	 170.097000	 6.843500	 170.725900	-177.237300	-2.213501	-5.280206
 0.001761	-0.110733	 0.018938	 171.997300	 4.191205	-87.188340	-11.572880	 4.168530	-1.631900	-10.213940	 10.293410	-1.805445	 1.522486	-6.174034	 110.427200	-0.813313	 0.122417	-8.559153	-52.779480	-23.472450	 21.128860	-3.354748	 32.154550	 1.134967	-12.497180	 26.968200	-69.710130	-5.466561	-2.015671	 9.912610	 2.503324	-1.126932	 4.512146	 3.269194	-0.634905	-79.900480	 3.802637	 3.104451	 11.954080	-0.275905	 3.148022	 9.006140	 2.904384	 4.340067	-70.287380	 37.162240	 19.706430	 15.049850	-6.822537	 19.211440	 10.820750	-5.639059	 19.245780	-70.235600	 18.338230	 10.332260	 21.430040	-3.898858	 9.395122	 9.460192	-0.473463	 9.974930	-72.425380	-57.414900	-11.462670	 6.684601	 9.284960	-0.525222	 0.082313	-19.390840	-0.175535	 3.200025	 1.280098	-8.507366	 90.388670	-97.723460	 0.656459	-141.226600	-179.595500	-1.905972	 91.622500	-0.813313	 0.122417	-8.559153	-54.590790	-38.339920	-16.875320	-84.136340	-3.114737	-11.791950	-21.998020	 10.961970	-63.806790	-14.238310	-8.145642	 71.913140	 2.455986	-1.171917	 83.166650	 1.513245	 1.662994	-21.600120	-4.745801	-4.448200	 69.397250	-0.136647	 3.277529	 76.857590	 0.327460	 7.164494	-14.119250	 29.896400	 12.472830	 56.937150	-6.035395	 19.793980	 65.634680	-4.757097	 19.537100	-23.275440	 14.415590	 5.518031	 67.119770	-3.488404	 9.749722	 73.210110	-1.868340	 12.071410	-11.759140	-32.416820	-0.708983	 28.712610	 39.439030	-0.538725	 0.342307	 41.186940	-0.403979	 3.672992	 0.000000	 90.000000	 0.000000	 170.090800	 6.842950	 170.708000	-177.243600	-2.212944	-5.343697
 0.001721	-0.111199	 0.018948	 171.997400	 4.220691	-87.182830	-11.605670	 4.169977	-1.626118	-10.250690	 10.311840	-1.799663	 1.524058	-6.180161	 110.426800	-0.813313	 0.122417	-8.559153	-52.807190	-23.471530	 21.068750	-3.354516	 32.121130	 1.135574	-12.338410	 26.926900	-70.200640	-5.466561	-2.015671	 9.912610	 2.503324	-1.126932	 4.512146	 3.269194	-0.634905	-79.900480	 3.803851	 3.104983	 11.954010	-0.275905	 3.148022	 9.006140	 2.904399	 4.340007	-70.288240	 37.164350	 19.707210	 15.049140	-6.822537	 19.211440	 10.820750	-5.639085	 19.245780	-70.236800	 18.339610	 10.332980	 21.429770	-3.898858	 9.395122	 9.460192	-0.473463	 9.974930	-72.425380	-57.413970	-11.462540	 6.684411	 9.284960	-0.525222	 0.082313	-19.390840	-0.175535	 3.200025	 1.286659	-8.482609	 90.388920	-97.743520	 0.562687	-140.686100	-179.591500	-1.951186	 91.590030	-0.813313	 0.122417	-8.559153	-54.867680	-38.409240	-16.917690	-82.708860	-3.613257	-11.750630	-22.176510	 10.831040	-63.584340	-14.232770	-8.135389	 71.870860	 2.455993	-1.171863	 83.106080	 1.515455	 1.662035	-21.646650	-4.745668	-4.448030	 69.397290	-0.136637	 3.277570	 76.872080	 0.326498	 7.164835	-14.104850	 29.899170	 12.475400	 56.936400	-6.035289	 19.794220	 65.649040	-4.756816	 19.537340	-23.256670	 14.420130	 5.523613	 67.118990	-3.488465	 9.749520	 73.186710	-1.869014	 12.071740	-11.742040	-32.447140	-0.738546	 28.658440	 39.371010	-0.538848	 0.341724	 41.052380	-0.404076	 3.671774	 0.000000	 90.000000	 0.000000	 170.086200	 6.850514	 170.664900	-177.249600	-2.212551	-5.406279
 0.001678	-0.111504	 0.018946	 171.996600	 4.244259	-87.178670	-11.632690	 4.171008	-1.621637	-10.281140	 10.325790	-1.795122	 1.525540	-6.185934	 110.426500	-0.813313	 0.122417	-8.559153	-52.833140	-23.474240	 21.020100	-3.354337	 32.090980	 1.136117	-12.223510	 26.889470	-70.548100	-5.466561	-2.015671	 9.912610	 2.503324	-1.126932	 4.512146	 3.269194	-0.634905	-79.900480	 3.804835	 3.105413	 11.953960	-0.275905	 3.148022	 9.006140	 2.904410	 4.339960	-70.288930	 37.166020	 19.707830	 15.048570	-6.822537	 19.211440	 10.820750	-5.639104	 19.245780	-70.237810	 18.340720	 10.333550	 21.429560	-3.898858	 9.395122	 9.460192	-0.473463	 9.974930	-72.425380	-57.413240	-11.462430	 6.684253	 9.284960	-0.525222	 0.082313	-19.390840	-0.175535	 3.200025	 1.291939	-8.459906	 90.389140	-97.752720	 0.488357	-140.245600	-179.587700	-1.994341	 91.572780	-0.813313	 0.122417	-8.559153	-55.094050	-38.462570	-16.953330	-81.510600	-3.967562	-11.708120	-22.357870	 10.799510	-63.399540	-14.228370	-8.127286	 71.837480	 2.455998	-1.171821	 83.058200	 1.517200	 1.661275	-21.683400	-4.745534	-4.447851	 69.397250	-0.136630	 3.277602	 76.883030	 0.325777	 7.165090	-14.094080	 29.901770	 12.477850	 56.935490	-6.035203	 19.794390	 65.659770	-4.756607	 19.537530	-23.242690	 14.423460	 5.527726	 67.118220	-3.488503	 9.749397	 73.172260	-1.869519	 12.071990	-11.729200	-32.471130	-0.761891	 28.615580	 39.317240	-0.538941	 0.341265	 40.945990	-0.404139	 3.670807	 0.000000	 90.000000	 0.000000	 170.093400	 6.998563	 170.620700	-177.251300	-2.212882	-5.435041
 0.001609	-0.111753	 0.018938	 171.995300	 4.269083	-87.174510	-11.662020	 4.172031	-1.617063	-10.314140	 10.339730	-1.790399	 1.527304	-6.192782	 110.426200	-0.813313	 0.122417	-8.559153	-52.863930	-23.480170	 20.968320	-3.354038	 32.055960	 1.136716	-12.142430	 26.850540	-70.798160	-5.466561	-2.015671	 9.912610	 2.503324	-1.126932	 4.512146	 3.269194	-0.634905	-79.900480	 3.805876	 3.105869	 11.953900	-0.275905	 3.148022	 9.006140	 2.904423	 4.339911	-70.289650	 37.167780	 19.708480	 15.047970	-6.822537	 19.211440	 10.820750	-5.639125	 19.245790	-70.238810	 18.341890	 10.334160	 21.429330	-3.898858	 9.395122	 9.460192	-0.473463	 9.974930	-72.425380	-57.412470	-11.462300	 6.684100	 9.284960	-0.525222	 0.082313	-19.390840	-0.175535	 3.200025	 1.297594	-8.431335	 90.389470	-97.753040	 0.410640	-139.794300	-179.583200	-2.045584	 91.564740	-0.813313	 0.122417	-8.559153	-55.330040	-38.515310	-16.990630	-79.920050	-4.380401	-11.648770	-22.560780	 10.811060	-63.228780	-14.223760	-8.118788	 71.802450	 2.456004	-1.171776	 83.008010	 1.519032	 1.660476	-21.721980	-4.745368	-4.447619	 69.397110	-0.136624	 3.277627	 76.891440	 0.325245	 7.165279	-14.086110	 29.904870	 12.480800	 56.934160	-6.035137	 19.794520	 65.668120	-4.756452	 19.537660	-23.232400	 14.426650	 5.531686	 67.117170	-3.488532	 9.749307	 73.161430	-1.869908	 12.072180	-11.719350	-32.496340	-0.786387	 28.570590	 39.260800	-0.539055	 0.340785	 40.834370	-0.404218	 3.669796	 0.000000	 90.000000	 0.000000	 170.108100	 7.240755	 170.571700	-177.248900	-2.214225	-5.449667
 0.001511	-0.112032	 0.018926	 171.995000	 4.299508	-87.170350	-11.698130	 4.173139	-1.611746	-10.354460	 10.355410	-1.784793	 1.529656	-6.201904	 110.425900	-0.813313	 0.122417	-8.559153	-52.905600	-23.489320	 20.902490	-3.353771	 32.010680	 1.137539	-12.142200	 26.825700	-70.913560	-5.466561	-2.015671	 9.912610	 2.503324	-1.126932	 4.512146	 3.269194	-0.634905	-79.900480	 3.807128	 3.106417	 11.953830	-0.275905	 3.148022	 9.006140	 2.904438	 4.339850	-70.290510	 37.169930	 19.709270	 15.047240	-6.822537	 19.211440	 10.820750	-5.639150	 19.245790	-70.240040	 18.343310	 10.334890	 21.429060	-3.898858	 9.395122	 9.460192	-0.473463	 9.974930	-72.425380	-57.411550	-11.462170	 6.683899	 9.284960	-0.525222	 0.082313	-19.390840	-0.175535	 3.200025	 1.304366	-8.391285	 90.389940	-97.746840	 0.310091	-139.206100	-179.577200	-2.113161	 91.599400	-0.813313	 0.122417	-8.559153	-55.623200	-38.568470	-17.039340	-77.838060	-4.875661	-11.547580	-22.835610	 10.830960	-62.870480	-14.218250	-8.108662	 71.760760	 2.456011	-1.171723	 82.948230	 1.521210	 1.659525	-21.767880	-4.745126	-4.447270	 69.396770	-0.136622	 3.277634	 76.894080	 0.325144	 7.165315	-14.084600	 29.909190	 12.484950	 56.932030	-6.035116	 19.794570	 65.670910	-4.756426	 19.537690	-23.230760	 14.429960	 5.535840	 67.115550	-3.488550	 9.749251	 73.154930	-1.870028	 12.072240	-11.716300	-32.526370	-0.815518	 28.517000	 39.193570	-0.539169	 0.340209	 40.701390	-0.404307	 3.668592	 0.000000	 90.000000	 0.000000	 170.117600	 7.375417	 170.521300	-177.240800	-2.217065	-5.452032
 0.001427	-0.112272	 0.018905	 171.995900	 4.324934	-87.167480	-11.728670	 4.173949	-1.607491	-10.388160	 10.367460	-1.780216	 1.531768	-6.210093	 110.425700	-0.813313	 0.122417	-8.559153	-52.944440	-23.496380	 20.841340	-3.353825	 31.971470	 1.138407	-12.228850	 26.834270	-70.897740	-5.466561	-2.015671	 9.912610	 2.503324	-1.126932	 4.512146	 3.269194	-0.634905	-79.900480	 3.808168	 3.106873	 11.953760	-0.275905	 3.148022	 9.006140	 2.904450	 4.339801	-70.291230	 37.171710	 19.709930	 15.046640	-6.822537	 19.211440	 10.820750	-5.639170	 19.245790	-70.241040	 18.344480	 10.335490	 21.428840	-3.898858	 9.395122	 9.460192	-0.473463	 9.974930	-72.425380	-57.410790	-11.462060	 6.683732	 9.284960	-0.525222	 0.082313	-19.390840	-0.175535	 3.200025	 1.310040	-8.353743	 90.390370	-97.742720	 0.210495	-138.601200	-179.571700	-2.172977	 91.660430	-0.813313	 0.122417	-8.559153	-55.893860	-38.600320	-17.088960	-76.185710	-5.242945	-11.434340	-23.071600	 10.828850	-62.433430	-14.213720	-8.100349	 71.726480	 2.456017	-1.171679	 82.899070	 1.523001	 1.658740	-21.805650	-4.826595	-4.609284	 69.923870	-0.135541	 3.282633	 78.615410	 0.198218	 7.207932	-12.197140	 29.692310	 12.081400	 58.364480	-6.022745	 19.821120	 67.295560	-4.719277	 19.571540	-20.705480	 14.317560	 5.276831	 68.465030	-3.484577	 9.762654	 74.724950	-1.950063	 12.109520	-9.703575	-32.551120	-0.839485	 28.472880	 39.138290	-0.539271	 0.339737	 40.592020	-0.404375	 3.667601	 0.000000	 90.000000	 0.000000	 170.123400	 7.429719	 170.493500	-177.230500	-2.220307	-5.446350
 0.001337	-0.112504	 0.018874	 171.997900	 4.350594	-87.165060	-11.760030	 4.174658	-1.603301	-10.422250	 10.378800	-1.775645	 1.534043	-6.218905	 110.425500	-0.813313	 0.122417	-8.559153	-52.987170	-23.502900	 20.773850	-3.354059	 31.930490	 1.139402	-12.370920	 26.863170	-70.828880	-5.466561	-2.015671	 9.912610	 2.503324	-1.126932	 4.512146	 3.269194	-0.634905	-79.900480	 3.809228	 3.107337	 11.953700	-0.275905	 3.148022	 9.006140	 2.904463	 4.339752	-70.291950	 37.173520	 19.710590	 15.046020	-6.822537	 19.211440	 10.820750	-5.639190	 19.245790	-70.242070	 18.345670	 10.336110	 21.428610	-3.898858	 9.395122	 9.460192	-0.473463	 9.974930	-72.425380	-57.410020	-11.461940	 6.683579	 9.284960	-0.525222	 0.082313	-19.390840	-0.175535	 3.200025	 1.315804	-8.312082	 90.390840	-97.738110	 0.098788	-137.907500	-179.565800	-2.235949	 91.749690	-0.813313	 0.122417	-8.559153	-56.186070	-38.621790	-17.146150	-74.498370	-5.600465	-11.294010	-23.308300	 10.783800	-61.820680	-14.209170	-8.091994	 71.692050	 2.456023	-1.171635	 82.849690	 1.524800	 1.657952	-21.843570	-4.905585	-4.770108	 70.445340	-0.134619	 3.287615	 80.320940	 0.071058	 7.246064	-10.325840	 29.489830	 11.677930	 59.781960	-6.011266	 19.847780	 68.907730	-4.684074	 19.606570	-18.204160	 14.213710	 5.019689	 69.798560	-3.481352	 9.774685	 76.124310	-2.030627	 12.143730	-7.709476	-32.576010	-0.863546	 28.428530	 39.082740	-0.539373	 0.339264	 40.482130	-0.404446	 3.666604	 0.000000	 90.000000	 0.000000	 170.128900	 7.447768	 170.476900	-177.216900	-2.224327	-5.437934
 0.001195	-0.112797	 0.018842	 172.004500	 4.383017	-87.163540	-11.798950	 4.175416	-1.598352	-10.463600	 10.391220	-1.770127	 1.536975	-6.230258	 110.425200	-0.813313	 0.122417	-8.559153	-53.043680	-23.509750	 20.684080	-3.354649	 31.878610	 1.140823	-12.584840	 26.917380	-70.738620	-5.466561	-2.015671	 9.912610	 2.503324	-1.126932	 4.512146	 3.269194	-0.634905	-79.900480	 3.810519	 3.107902	 11.953630	-0.275905	 3.148022	 9.006140	 2.904478	 4.339692	-70.292820	 37.175740	 19.711410	 15.045270	-6.822537	 19.211440	 10.820750	-5.639216	 19.245790	-70.243290	 18.347140	 10.336870	 21.428330	-3.898858	 9.395122	 9.460192	-0.473463	 9.974930	-72.425380	-57.409080	-11.461810	 6.683373	 9.284960	-0.525222	 0.082313	-19.390840	-0.175535	 3.200025	 1.322883	-8.256474	 90.391490	-97.730150	-0.047473	-136.982800	-179.557800	-2.314929	 91.937080	-0.813313	 0.122417	-8.559153	-56.559110	-38.633990	-17.223630	-72.146480	-6.085760	-11.078230	-23.423210	 10.571350	-60.847840	-14.203630	-8.081857	 71.650190	 2.456030	-1.171582	 82.789700	 1.526985	 1.656992	-21.889660	-4.993210	-4.953228	 71.037850	-0.133751	 3.293309	 82.259510	-0.074922	 7.284373	-8.198603	 29.274920	 11.216230	 61.387020	-5.999189	 19.878440	 70.740490	-4.646068	 19.648090	-15.360500	 14.104640	 4.726755	 71.312430	-3.478934	 9.784588	 77.269570	-2.123624	 12.179250	-5.442577	-32.606290	-0.892761	 28.374610	 39.015180	-0.539488	 0.338684	 40.348510	-0.404520	 3.665392	 0.000000	 90.000000	 0.000000	 170.136800	 7.439231	 170.461500	-177.196900	-2.230104	-5.429792
 0.001069	-0.113035	 0.018817	 172.015600	 4.408977	-87.163320	-11.830770	 4.175938	-1.594492	-10.496480	 10.400030	-1.765705	 1.539444	-6.239811	 110.425000	-0.813313	 0.122417	-8.559153	-53.092260	-23.514250	 20.606230	-3.355366	 31.835450	 1.142120	-12.769820	 26.966370	-70.669580	-5.466561	-2.015671	 9.912610	 2.503324	-1.126932	 4.512146	 3.269194	-0.634905	-79.900480	 3.811579	 3.108366	 11.953570	-0.275905	 3.148022	 9.006140	 2.904491	 4.339645	-70.293510	 37.177530	 19.712070	 15.044660	-6.822537	 19.211440	 10.820750	-5.639239	 19.245790	-70.244290	 18.348330	 10.337480	 21.428090	-3.898858	 9.395122	 9.460192	-0.473463	 9.974930	-72.425380	-57.408320	-11.461700	 6.683217	 9.284960	-0.525222	 0.082313	-19.390840	-0.175535	 3.200025	 1.328646	-8.208113	 90.392070	-97.720780	-0.169195	-136.202600	-179.551000	-2.379253	 92.121100	-0.813313	 0.122417	-8.559153	-56.865280	-38.633060	-17.290430	-70.171110	-6.488238	-10.875740	-23.321560	 10.282440	-60.029610	-14.199160	-8.073697	 71.616590	 2.456036	-1.171539	 82.741540	 1.528738	 1.656220	-21.926650	-5.057681	-5.091321	 71.483760	-0.133226	 3.297613	 83.719050	-0.185730	 7.309656	-6.596821	 29.123830	 10.866790	 62.591290	-5.990790	 19.901750	 72.120620	-4.618917	 19.680490	-13.219020	 14.028860	 4.505974	 72.450970	-3.477866	 9.789264	 77.808570	-2.194557	 12.203610	-3.735613	-32.630660	-0.916224	 28.331280	 38.960910	-0.539588	 0.338220	 40.241160	-0.404584	 3.664418	 0.000000	 90.000000	 0.000000	 170.144500	 7.422569	 170.452300	-177.178200	-2.235385	-5.429523
 0.000948	-0.113265	 0.018786	 172.033300	 4.433518	-87.163820	-11.862460	 4.176323	-1.590796	-10.528260	 10.407760	-1.761392	 1.541961	-6.249553	 110.424800	-0.813313	 0.122417	-8.559153	-53.142520	-23.517650	 20.524870	-3.356251	 31.791740	 1.143518	-12.950730	 27.008880	-70.584790	-5.466561	-2.015671	 9.912610	 2.503324	-1.126932	 4.512146	 3.269194	-0.634905	-79.900480	 3.812601	 3.108813	 11.953510	-0.275905	 3.148022	 9.006140	 2.904503	 4.339594	-70.294240	 37.179320	 19.712740	 15.044050	-6.822537	 19.211440	 10.820750	-5.639255	 19.245790	-70.245270	 18.349500	 10.338090	 21.427870	-3.898858	 9.395122	 9.460192	-0.473463	 9.974930	-72.425380	-57.407580	-11.461590	 6.683060	 9.284960	-0.525222	 0.082313	-19.390840	-0.175535	 3.200025	 1.334372	-8.157529	 90.392700	-97.708310	-0.289172	-135.426000	-179.544100	-2.442476	 92.305850	-0.813313	 0.122417	-8.559153	-57.165650	-38.623050	-17.358710	-68.286670	-6.873163	-10.660940	-23.289780	 9.949185	-58.963060	-14.194770	-8.065680	 71.583540	 2.456042	-1.171497	 82.694130	 1.530464	 1.655459	-21.963070	-5.116297	-5.219529	 71.897220	-0.132836	 3.301616	 85.072650	-0.289100	 7.330349	-5.111192	 28.991920	 10.541560	 63.705040	-5.983531	 19.923540	 73.400730	-4.594898	 19.711380	-11.232640	 13.963410	 4.301148	 73.505930	-3.477391	 9.791405	 78.055110	-2.260984	 12.224340	-2.152387	-32.654620	-0.939286	 28.288620	 38.907520	-0.539681	 0.337764	 40.135490	-0.404648	 3.663461	 0.000000	 90.000000	 0.000000	 170.153900	 7.410165	 170.445500	-177.158100	-2.241101	-5.438650
 0.000800	-0.113553	 0.018747	 172.056900	 4.458858	-87.164990	-11.901060	 4.176672	-1.586459	-10.565520	 10.415800	-1.756223	 1.545077	-6.261609	 110.424600	-0.813313	 0.122417	-8.559153	-53.205810	-23.520230	 20.421000	-3.357498	 31.737680	 1.145330	-13.144230	 27.041760	-70.473970	-5.466561	-2.015671	 9.912610	 2.503324	-1.126932	 4.512146	 3.269194	-0.634905	-79.900480	 3.813872	 3.109370	 11.953440	-0.275905	 3.148022	 9.006140	 2.904517	 4.339537	-70.295070	 37.181470	 19.713540	 15.043320	-6.822537	 19.211440	 10.820750	-5.639280	 19.245800	-70.246470	 18.350940	 10.338840	 21.427600	-3.898858	 9.395122	 9.460192	-0.473463	 9.974930	-72.425380	-57.406700	-11.461460	 6.682864	 9.284960	-0.525222	 0.082313	-19.390840	-0.175535	 3.200025	 1.341352	-8.092888	 90.393500	-97.688450	-0.429565	-134.509200	-179.533200	-2.542187	 92.541260	-0.813313	 0.122417	-8.559153	-57.736340	-38.659200	-17.513770	-65.579290	-7.514819	-10.350140	-23.659560	 9.574398	-57.421050	-14.189470	-8.056022	 71.543690	 2.456048	-1.171446	 82.637010	 1.532542	 1.654540	-22.006950	-5.180989	-5.364130	 72.362950	-0.132512	 3.306134	 86.597760	-0.406173	 7.350471	-3.437242	 28.852830	 10.174110	 64.956390	-5.975979	 19.948250	 74.843250	-4.569210	 19.747100	-8.994092	 13.895290	 4.070494	 74.693530	-3.477421	 9.791271	 78.039730	-2.336503	 12.245540	-0.368401	-32.683570	-0.967104	 28.237150	 38.843130	-0.539792	 0.337212	 40.008120	-0.404716	 3.662305	 0.000000	 90.000000	 0.000000	 170.168400	 7.416899	 170.439800	-177.131500	-2.248501	-5.452235
 0.000674	-0.113788	 0.018723	 172.080200	 4.478142	-87.167000	-11.934660	 4.176876	-1.582833	-10.596420	 10.421720	-1.751778	 1.547822	-6.272217	 110.424500	-0.813313	 0.122417	-8.559153	-53.262470	-23.520870	 20.326520	-3.358860	 31.689790	 1.147077	-13.277520	 27.048730	-70.379230	-5.466561	-2.015671	 9.912610	 2.503324	-1.126932	 4.512146	 3.269194	-0.634905	-79.900480	 3.814971	 3.109851	 11.953370	-0.275905	 3.148022	 9.006140	 2.904530	 4.339487	-70.295810	 37.183370	 19.714230	 15.042680	-6.822537	 19.211440	 10.820750	-5.639301	 19.245800	-70.247510	 18.352190	 10.339480	 21.427360	-3.898858	 9.395122	 9.460192	-0.473463	 9.974930	-72.425380	-57.405910	-11.461350	 6.682694	 9.284960	-0.525222	 0.082313	-19.390840	-0.175535	 3.200025	 1.347427	-8.034117	 90.394260	-97.666940	-0.543080	-133.762700	-179.521400	-2.645172	 92.789030	-0.813313	 0.122417	-8.559153	-58.420230	-38.735770	-17.716340	-62.854930	-8.271756	-10.030080	-24.233140	 9.193483	-55.995130	-14.184890	-8.047689	 71.509280	 2.456055	-1.171402	 82.587680	 1.534337	 1.653746	-22.044850	-5.231936	-5.480419	 72.737000	-0.132338	 3.309770	 87.823020	-0.500631	 7.364172	-2.092304	 28.748370	 9.878277	 65.959090	-5.970387	 19.968240	 76.002330	-4.549655	 19.776460	-7.195326	 13.844880	 3.885404	 75.646840	-3.477871	 9.789246	 77.806610	-2.397645	 12.260910	 1.064984	-32.708580	-0.991092	 28.192670	 38.787490	-0.539893	 0.336737	 39.898100	-0.404779	 3.661307	 0.000000	 90.000000	 0.000000	 170.182000	 7.423344	 170.436800	-177.106900	-2.255248	-5.450284
 0.000562	-0.114005	 0.018702	 172.108800	 4.496826	-87.169860	-11.968380	 4.176940	-1.579316	-10.625810	 10.426760	-1.747348	 1.550597	-6.282949	 110.424400	-0.813313	 0.122417	-8.559153	-53.320510	-23.519920	 20.228100	-3.360368	 31.641020	 1.148919	-13.384710	 27.039320	-70.286410	-5.466561	-2.015671	 9.912610	 2.503324	-1.126932	 4.512146	 3.269194	-0.634905	-79.900480	 3.816070	 3.110331	 11.953310	-0.275905	 3.148022	 9.006140	 2.904544	 4.339437	-70.296560	 37.185270	 19.714930	 15.042030	-6.822537	 19.211440	 10.820750	-5.639324	 19.245800	-70.248540	 18.353450	 10.340130	 21.427120	-3.898858	 9.395122	 9.460192	-0.473463	 9.974930	-72.425380	-57.405130	-11.461240	 6.682532	 9.284960	-0.525222	 0.082313	-19.390840	-0.175535	 3.200025	 1.353563	-7.972888	 90.395080	-97.646940	-0.659876	-132.980200	-179.509600	-2.742290	 93.067960	-0.813313	 0.122417	-8.559153	-59.223980	-38.759560	-18.034130	-60.035770	-9.062000	-9.640203	-24.877280	 8.772511	-54.568380	-14.180300	-8.039358	 71.474930	 2.456061	-1.171359	 82.538420	 1.536127	 1.652952	-22.082680	-5.278534	-5.588759	 73.085200	-0.132246	 3.313158	 88.963760	-0.588845	 7.374948	-0.840088	 28.656970	 9.602541	 66.890590	-5.965569	 19.986930	 77.081570	-4.532335	 19.804300	-5.520339	 13.801380	 3.713325	 76.533810	-3.478626	 9.785914	 77.422700	-2.454908	 12.273860	 2.399540	-32.733600	-1.015040	 28.148260	 38.731950	-0.539986	 0.336260	 39.788200	-0.404833	 3.660312	 0.000000	 90.000000	 0.000000	 170.194400	 7.400556	 170.435400	-177.081000	-2.262151	-5.437126
 0.000442	-0.114272	 0.018683	 172.138500	 4.512942	-87.173270	-12.006870	 4.176883	-1.575434	-10.657170	 10.431470	-1.742338	 1.553773	-6.295232	 110.424200	-0.813313	 0.122417	-8.559153	-53.387950	-23.516670	 20.111340	-3.362288	 31.584400	 1.151139	-13.479520	 27.011650	-70.184900	-5.466561	-2.015671	 9.912610	 2.503324	-1.126932	 4.512146	 3.269194	-0.634905	-79.900480	 3.817342	 3.110888	 11.953240	-0.275905	 3.148022	 9.006140	 2.904558	 4.339377	-70.297410	 37.187470	 19.715740	 15.041280	-6.822537	 19.211440	 10.820750	-5.639348	 19.245800	-70.249740	 18.354910	 10.340880	 21.426840	-3.898858	 9.395122	 9.460192	-0.473463	 9.974930	-72.425380	-57.404220	-11.461100	 6.682341	 9.284960	-0.525222	 0.082313	-19.390840	-0.175535	 3.200025	 1.360644	-7.900354	 90.396100	-97.632580	-0.812187	-131.930200	-179.492600	-2.877279	 93.411830	-0.813313	 0.122417	-8.559153	-60.596540	-38.707600	-18.723190	-55.809110	-10.030750	-8.983496	-25.908540	 8.439865	-52.983120	-14.175070	-8.029870	 71.435780	 2.456068	-1.171308	 82.482300	 1.538167	 1.652045	-22.125780	-5.326737	-5.702917	 73.451790	-0.132223	 3.316727	 90.165060	-0.681975	 7.384229	 0.478615	 28.566800	 9.311981	 67.869440	-5.960904	 20.006720	 78.218220	-4.515037	 19.834120	-3.756197	 13.759160	 3.532461	 77.467250	-3.479764	 9.781088	 76.865420	-2.515529	 12.286090	 3.804991	-32.762170	-1.042312	 28.097590	 38.668610	-0.540094	 0.335719	 39.662930	-0.404890	 3.659173	 0.000000	 90.000000	 0.000000	 170.207600	 7.354065	 170.435000	-177.050200	-2.270193	-5.410717
 0.000341	-0.114496	 0.018641	 172.160500	 4.522261	-87.176010	-12.041060	 4.176715	-1.572100	-10.682790	 10.434780	-1.737918	 1.556586	-6.306111	 110.424000	-0.813313	 0.122417	-8.559153	-53.448630	-23.511620	 20.003770	-3.364151	 31.533260	 1.153223	-13.543240	 26.974650	-70.100400	-5.466561	-2.015671	 9.912610	 2.503324	-1.126932	 4.512146	 3.269194	-0.634905	-79.900480	 3.818479	 3.111386	 11.953170	-0.275905	 3.148022	 9.006140	 2.904571	 4.339324	-70.298180	 37.189420	 19.716460	 15.040620	-6.822537	 19.211440	 10.820750	-5.639368	 19.245800	-70.250820	 18.356190	 10.341550	 21.426590	-3.898858	 9.395122	 9.460192	-0.473463	 9.974930	-72.425380	-57.403430	-11.460980	 6.682182	 9.284960	-0.525222	 0.082313	-19.390840	-0.175535	 3.200025	 1.366966	-7.833611	 90.397060	-97.623350	-0.952095	-130.949600	-179.474800	-3.015450	 93.729210	-0.813313	 0.122417	-8.559153	-62.011280	-38.602820	-19.497320	-51.631970	-10.764740	-8.287816	-26.914070	 8.301893	-51.691800	-14.170410	-8.021439	 71.400970	 2.456074	-1.171264	 82.432400	 1.539981	 1.651238	-22.164140	-5.365469	-5.796263	 73.751350	-0.132260	 3.319643	 91.146750	-0.758227	 7.390232	 1.556298	 28.497750	 9.074481	 68.667850	-5.957399	 20.022940	 79.147170	-4.501628	 19.858860	-2.314253	 13.727390	 3.384986	 78.229640	-3.480920	 9.776388	 76.321710	-2.565287	 12.295000	 4.953600	-32.787570	-1.066569	 28.052480	 38.612260	-0.540194	 0.335236	 39.551470	-0.404943	 3.658161	 0.000000	 90.000000	 0.000000	 170.219200	 7.308368	 170.435300	-177.022300	-2.277364	-5.378990
 0.000249	-0.114672	 0.018547	 172.176300	 4.526361	-87.177900	-12.073220	 4.176424	-1.569049	-10.705010	 10.437220	-1.733750	 1.559218	-6.316284	 110.423900	-0.813313	 0.122417	-8.559153	-53.506120	-23.504810	 19.899320	-3.366105	 31.484390	 1.155291	-13.589000	 26.931400	-70.027240	-5.466561	-2.015671	 9.912610	 2.503324	-1.126932	 4.512146	 3.269194	-0.634905	-79.900480	 3.819558	 3.111857	 11.953100	-0.275905	 3.148022	 9.006140	 2.904584	 4.339275	-70.298890	 37.191280	 19.717150	 15.039990	-6.822537	 19.211440	 10.820750	-5.639390	 19.245810	-70.251840	 18.357430	 10.342190	 21.426360	-3.898858	 9.395122	 9.460192	-0.473463	 9.974930	-72.425380	-57.402650	-11.460870	 6.682010	 9.284960	-0.525222	 0.082313	-19.390840	-0.175535	 3.200025	 1.372989	-7.768929	 90.398000	-97.603240	-1.047300	-130.063900	-179.456000	-3.158018	 94.028590	-0.813313	 0.122417	-8.559153	-63.324360	-38.470470	-20.250000	-47.776870	-11.189440	-7.620150	-27.775990	 8.352990	-50.635260	-14.166010	-8.013480	 71.368120	 2.456080	-1.171222	 82.385280	 1.541693	 1.650474	-22.200330	-5.398646	-5.877417	 74.011620	-0.132332	 3.322177	 91.999890	-0.824573	 7.394291	 2.492827	 28.441130	 8.868115	 69.360600	-5.954583	 20.037080	 79.954600	-4.490513	 19.880600	-1.060984	 13.701770	 3.257093	 78.891840	-3.482030	 9.772052	 75.818630	-2.608671	 12.301950	 5.951808	-32.811590	-1.089440	 28.009920	 38.559080	-0.540281	 0.334779	 39.446250	-0.404990	 3.657207	 0.000000	 90.000000	 0.000000	 170.231200	 7.285973	 170.435500	-176.995600	-2.284071	-5.343671
 0.000127	-0.114875	 0.018382	 172.188800	 4.525931	-87.178890	-12.111010	 4.175921	-1.565581	-10.729310	 10.439290	-1.728831	 1.562268	-6.328067	 110.423800	-0.813313	 0.122417	-8.559153	-53.573960	-23.493980	 19.772380	-3.368598	 31.425960	 1.157869	-13.630510	 26.872290	-69.944860	-5.466561	-2.015671	 9.912610	 2.503324	-1.126932	 4.512146	 3.269194	-0.634905	-79.900480	 3.820849	 3.112423	 11.953030	-0.275905	 3.148022	 9.006140	 2.904599	 4.339215	-70.299750	 37.193520	 19.717980	 15.039230	-6.822537	 19.211440	 10.820750	-5.639417	 19.245810	-70.253060	 18.358910	 10.342950	 21.426070	-3.898858	 9.395122	 9.460192	-0.473463	 9.974930	-72.425380	-57.401740	-11.460740	 6.681818	 9.284960	-0.525222	 0.082313	-19.390840	-0.175535	 3.200025	 1.380195	-7.690495	 90.399220	-97.557240	-1.123302	-128.968900	-179.431200	-3.337586	 94.405410	-0.813313	 0.122417	-8.559153	-65.189390	-38.252930	-21.426520	-42.557630	-11.493960	-6.718147	-29.026110	 8.737014	-49.550410	-14.160800	-8.004067	 71.329220	 2.456087	-1.171173	 82.329520	 1.543718	 1.649569	-22.243170	-5.433914	-5.964941	 74.292190	-0.132452	 3.324906	 92.919650	-0.896169	 7.397466	 3.502555	 28.383600	 8.645742	 70.106320	-5.951785	 20.052370	 80.825100	-4.479099	 19.904300	 0.290324	 13.676230	 3.119561	 79.605470	-3.483211	 9.767607	 75.302220	-2.655577	 12.308620	 7.028040	-32.840070	-1.116526	 27.959470	 38.496100	-0.540390	 0.334242	 39.321670	-0.405047	 3.656076	 0.000000	 90.000000	 0.000000	 170.247600	 7.302277	 170.435000	-176.964200	-2.291839	-5.297350
 0.000005	-0.115046	 0.018224	 172.197600	 4.522578	-87.178840	-12.143640	 4.175325	-1.562672	-10.748790	 10.440440	-1.724565	 1.564850	-6.338056	 110.423600	-0.813313	 0.122417	-8.559153	-53.632520	-23.481840	 19.659060	-3.370935	 31.374530	 1.160224	-13.661170	 26.815590	-69.868490	-5.466561	-2.015671	 9.912610	 2.503324	-1.126932	 4.512146	 3.269194	-0.634905	-79.900480	 3.821986	 3.112921	 11.952970	-0.275905	 3.148022	 9.006140	 2.904612	 4.339162	-70.300530	 37.195470	 19.718700	 15.038560	-6.822537	 19.211440	 10.820750	-5.639435	 19.245810	-70.254140	 18.360210	 10.343620	 21.425820	-3.898858	 9.395122	 9.460192	-0.473463	 9.974930	-72.425380	-57.400940	-11.460610	 6.681639	 9.284960	-0.525222	 0.082313	-19.390840	-0.175535	 3.200025	 1.386542	-7.620665	 90.400350	-97.477950	-1.148263	-127.818500	-179.407100	-3.499601	 94.790240	-0.813313	 0.122417	-8.559153	-67.101640	-37.949010	-22.696060	-37.363610	-11.678170	-5.784498	-30.432150	 9.238505	-48.729820	-14.156230	-7.995847	 71.295290	 2.456093	-1.171129	 82.280880	 1.545485	 1.648778	-22.280540	-5.461299	-6.033845	 74.513020	-0.132578	 3.327054	 93.643650	-0.952559	 7.399084	 4.297368	 28.340870	 8.470817	 70.692500	-5.949754	 20.064430	 81.510410	-4.470533	 19.923130	 1.354165	 13.657630	 3.011557	 80.166960	-3.483962	 9.764861	 74.982290	-2.692584	 12.313260	 7.875206	-32.864920	-1.140123	 27.915430	 38.441120	-0.540487	 0.333770	 39.212920	-0.405090	 3.655090	 0.000000	 90.000000	 0.000000	 170.262400	 7.338246	 170.433500	-176.937300	-2.298376	-5.254947
-0.000109	-0.115201	 0.018064	 172.206700	 4.517688	-87.178370	-12.174270	 4.174649	-1.560003	-10.765910	 10.441040	-1.720518	 1.567225	-6.347239	 110.423500	-0.813313	 0.122417	-8.559153	-53.687200	-23.467800	 19.549420	-3.373333	 31.325450	 1.162529	-13.689620	 26.759440	-69.790370	-5.466561	-2.015671	 9.912610	 2.503324	-1.126932	 4.512146	 3.269194	-0.634905	-79.900480	 3.823066	 3.113392	 11.952910	-0.275905	 3.148022	 9.006140	 2.904625	 4.339113	-70.301240	 37.197360	 19.719390	 15.037920	-6.822537	 19.211440	 10.820750	-5.639456	 19.245810	-70.255140	 18.361450	 10.344260	 21.425580	-3.898858	 9.395122	 9.460192	-0.473463	 9.974930	-72.425380	-57.400160	-11.460500	 6.681475	 9.284960	-0.525222	 0.082313	-19.390840	-0.175535	 3.200025	 1.392606	-7.553322	 90.401480	-97.371670	-1.130502	-126.668600	-179.382400	-3.654678	 95.196630	-0.813313	 0.122417	-8.559153	-69.175270	-37.575030	-24.107680	-32.094860	-11.927050	-4.823555	-32.032140	 9.677070	-48.086320	-14.151890	-7.988026	 71.263020	 2.456099	-1.171088	 82.234630	 1.547164	 1.648025	-22.316080	-5.484558	-6.093025	 74.702600	-0.132708	 3.328896	 94.265310	-1.000990	 7.399853	 4.979803	 28.305980	 8.320719	 71.195290	-5.948132	 20.074800	 82.098870	-4.463475	 19.939400	 2.267740	 13.642720	 2.919013	 80.648950	-3.484289	 9.763684	 74.845100	-2.724415	 12.316820	 8.602651	-32.888600	-1.162569	 27.873520	 38.388850	-0.540571	 0.333322	 39.109510	-0.405133	 3.654150	 0.000000	 90.000000	 0.000000	 170.276700	 7.376558	 170.428800	-176.911100	-2.304678	-5.214668
-0.000250	-0.115387	 0.017871	 172.219000	 4.510266	-87.177440	-12.210050	 4.173636	-1.556986	-10.784510	 10.441140	-1.715732	 1.569902	-6.357597	 110.423300	-0.813313	 0.122417	-8.559153	-53.750430	-23.447720	 19.417170	-3.376338	 31.266960	 1.165364	-13.708490	 26.683200	-69.696850	-5.466561	-2.015671	 9.912610	 2.503324	-1.126932	 4.512146	 3.269194	-0.634905	-79.900480	 3.824358	 3.113958	 11.952830	-0.275905	 3.148022	 9.006140	 2.904640	 4.339052	-70.302120	 37.199590	 19.720210	 15.037160	-6.822537	 19.211440	 10.820750	-5.639483	 19.245810	-70.256380	 18.362940	 10.345030	 21.425300	-3.898858	 9.395122	 9.460192	-0.473463	 9.974930	-72.425380	-57.399250	-11.460370	 6.681263	 9.284960	-0.525222	 0.082313	-19.390840	-0.175535	 3.200025	 1.399866	-7.472390	 90.402900	-97.211780	-1.051758	-125.384800	-179.351200	-3.835559	 95.719720	-0.813313	 0.122417	-8.559153	-72.194230	-37.016960	-26.213540	-24.859860	-12.347180	-3.547475	-34.447570	 10.203380	-47.390740	-14.146730	-7.978749	 71.224690	 2.456106	-1.171039	 82.179670	 1.549158	 1.647130	-22.358290	-5.508835	-6.155456	 74.902520	-0.132866	 3.330837	 94.920850	-1.052068	 7.400045	 5.699448	 28.271000	 8.162579	 71.724950	-5.946549	 20.085760	 82.719470	-4.456332	 19.956690	 3.231190	 13.628050	 2.821649	 81.157020	-3.484296	 9.763653	 74.841640	-2.758026	 12.320140	 9.369732	-32.916740	-1.189206	 27.823700	 38.326730	-0.540680	 0.332790	 38.986600	-0.405184	 3.653034	 0.000000	 90.000000	 0.000000	 170.294800	 7.407637	 170.417300	-176.876900	-2.312836	-5.169137
-0.000320	-0.115574	 0.017615	 172.232900	 4.502127	-87.176870	-12.240560	 4.172610	-1.554481	-10.799260	 10.440790	-1.711562	 1.573778	-6.372546	 110.423300	-0.813313	 0.122417	-8.559153	-53.815190	-23.434380	 19.294710	-3.379055	 31.215950	 1.167913	-13.693950	 26.599850	-69.622430	-5.466561	-2.015671	 9.912610	 2.503324	-1.126932	 4.512146	 3.269194	-0.634905	-79.900480	 3.825495	 3.114456	 11.952770	-0.275905	 3.148022	 9.006140	 2.904654	 4.339000	-70.302890	 37.201570	 19.720950	 15.036490	-6.822537	 19.211440	 10.820750	-5.639504	 19.245810	-70.257470	 18.364250	 10.345710	 21.425040	-3.898858	 9.395122	 9.460192	-0.473463	 9.974930	-72.425380	-57.398430	-11.460240	 6.681100	 9.284960	-0.525222	 0.082313	-19.390840	-0.175535	 3.200025	 1.406269	-7.401295	 90.404200	-97.055830	-0.958324	-124.248900	-179.323200	-3.985899	 96.200990	-0.813313	 0.122417	-8.559153	-75.061390	-35.237540	-28.541090	-17.603000	-12.723600	-1.955980	-36.911390	 9.920110	-47.312030	-14.142230	-7.970674	 71.191280	 2.456112	-1.170997	 82.131780	 1.550896	 1.646348	-22.395080	-5.527121	-6.202957	 75.054620	-0.133001	 3.332313	 95.419720	-1.090940	 7.399765	 6.247119	 28.245600	 8.042334	 72.127650	-5.945422	 20.094100	 83.191750	-4.451102	 19.969910	 3.964467	 13.617630	 2.747721	 81.543610	-3.484296	 9.763653	 74.841640	-2.783634	 12.322380	 9.953484	-32.941310	-1.212411	 27.780270	 38.272570	-0.540762	 0.332324	 38.879470	-0.405226	 3.652062	 0.000000	 90.000000	 0.000000	 170.307700	 7.366238	 170.405600	-176.844700	-2.320557	-5.133659
-0.000364	-0.115777	 0.017201	 172.251000	 4.492586	-87.177090	-12.268890	 4.171494	-1.552209	-10.812090	 10.440110	-1.707600	 1.580549	-6.398611	 110.423700	-0.813313	 0.122417	-8.559153	-53.897330	-23.433050	 19.166120	-3.381803	 31.167580	 1.170402	-13.661980	 26.510420	-69.554300	-5.466561	-2.015671	 9.912610	 2.503324	-1.126932	 4.512146	 3.269194	-0.634905	-79.900480	 3.826573	 3.114928	 11.952710	-0.275905	 3.148022	 9.006140	 2.904667	 4.338949	-70.303640	 37.203470	 19.721650	 15.035840	-6.822537	 19.211440	 10.820750	-5.639527	 19.245810	-70.258500	 18.365490	 10.346350	 21.424800	-3.898858	 9.395122	 9.460192	-0.473463	 9.974930	-72.425380	-57.397670	-11.460140	 6.680936	 9.284960	-0.525222	 0.082313	-19.390840	-0.175535	 3.200025	 1.412364	-7.333436	 90.405530	-96.907140	-0.883226	-122.974300	-179.296400	-4.118720	 96.671470	-0.813313	 0.122417	-8.559153	-77.669090	-31.792790	-31.049300	-9.550354	-12.885090	-0.252964	-39.736990	 8.724855	-48.041860	-14.137930	-7.962978	 71.159540	 2.456118	-1.170956	 82.086250	 1.552547	 1.645603	-22.430070	-5.542139	-6.242277	 75.180520	-0.133123	 3.333534	 95.832560	-1.123104	 7.399254	 6.700338	 28.225390	 7.942902	 72.460670	-5.944550	 20.101020	 83.582630	-4.446912	 19.980900	 4.571294	 13.609470	 2.686654	 81.863420	-3.484296	 9.763653	 74.841640	-2.804843	 12.324030	 10.436580	-32.964680	-1.234474	 27.738950	 38.221050	-0.540849	 0.331883	 38.777580	-0.405259	 3.651138	 0.000000	 90.000000	 0.000000	 170.318700	 7.286606	 170.395700	-176.812200	-2.328387	-5.105514
-0.000371	-0.115983	 0.016912	 172.278300	 4.479822	-87.178180	-12.301340	 4.169985	-1.549654	-10.825820	 10.438950	-1.702934	 1.591808	-6.441909	 110.424500	-0.813313	 0.122417	-8.559153	-54.016070	-23.443060	 19.001080	-3.385167	 31.110730	 1.173420	-13.613420	 26.398060	-69.472430	-5.466561	-2.015671	 9.912610	 2.503324	-1.126932	 4.512146	 3.269194	-0.634905	-79.900480	 3.827866	 3.115494	 11.952630	-0.275905	 3.148022	 9.006140	 2.904682	 4.338888	-70.304530	 37.205710	 19.722470	 15.035080	-6.822537	 19.211440	 10.820750	-5.639551	 19.245810	-70.259720	 18.366990	 10.347130	 21.424520	-3.898858	 9.395122	 9.460192	-0.473463	 9.974930	-72.425380	-57.396730	-11.460000	 6.680729	 9.284960	-0.525222	 0.082313	-19.390840	-0.175535	 3.200025	 1.419586	-7.247223	 90.407140	-96.736830	-0.815208	-121.335800	-179.265700	-4.257881	 97.231490	-0.813313	 0.122417	-8.559153	-77.247250	-25.844500	-31.014730	-4.905298	-12.605220	 0.987539	-41.148870	 4.668680	-50.843670	-14.132860	-7.953897	 71.121990	 2.456125	-1.170909	 82.032450	 1.554498	 1.644722	-22.471410	-5.557002	-6.281465	 75.305970	-0.133254	 3.334749	 96.244080	-1.155158	 7.398494	 7.152075	 28.205980	 7.843880	 72.792430	-5.943731	 20.107920	 83.972280	-4.442858	 19.991900	 5.176278	 13.601760	 2.625858	 82.182160	-3.484296	 9.763653	 74.841640	-2.825996	 12.325510	 10.918110	-32.992340	-1.260525	 27.690080	 38.160190	-0.540951	 0.331362	 38.657180	-0.405297	 3.650043	 0.000000	 90.000000	 0.000000	 170.338300	 7.266406	 170.388500	-176.771800	-2.338410	-5.112586
-0.000410	-0.116192	 0.016646	 172.305800	 4.467507	-87.179630	-12.328270	 4.168501	-1.547583	-10.836440	 10.437710	-1.698937	 1.603757	-6.487832	 110.425500	-0.813313	 0.122417	-8.559153	-54.133180	-23.459360	 18.849870	-3.388219	 31.062280	 1.176082	-13.573010	 26.301180	-69.396780	-5.466561	-2.015671	 9.912610	 2.503324	-1.126932	 4.512146	 3.269194	-0.634905	-79.900480	 3.828982	 3.115982	 11.952570	-0.275905	 3.148022	 9.006140	 2.904694	 4.338834	-70.305270	 37.207650	 19.723190	 15.034420	-6.822537	 19.211440	 10.820750	-5.639573	 19.245820	-70.260820	 18.368260	 10.347790	 21.424280	-3.898858	 9.395122	 9.460192	-0.473463	 9.974930	-72.425380	-57.395940	-11.459870	 6.680545	 9.284960	-0.525222	 0.082313	-19.390840	-0.175535	 3.200025	 1.425746	-7.160895	 90.408510	-96.600340	-0.779621	-119.913900	-179.240300	-4.363653	 97.705700	-0.813313	 0.122417	-8.559153	-75.947500	-20.755130	-30.518260	-3.535309	-12.193160	 1.485527	-41.730650	 0.801094	-53.137630	-14.128490	-7.946097	 71.089780	 2.456131	-1.170868	 81.986240	 1.556173	 1.643965	-22.506900	-5.567372	-6.308966	 75.393970	-0.133350	 3.335601	 96.532680	-1.177636	 7.397811	 7.468913	 28.192790	 7.774462	 73.024950	-5.943183	 20.112750	 84.245490	-4.440087	 19.999630	 5.600542	 13.596610	 2.583296	 82.405690	-3.484296	 9.763653	 74.841640	-2.840841	 12.326440	 11.255860	-33.016130	-1.282893	 27.648090	 38.107890	-0.541038	 0.330913	 38.553710	-0.405326	 3.649102	 0.000000	 90.000000	 0.000000	 170.360700	 7.310338	 170.389500	-176.735700	-2.347786	-5.163406
-0.000585	-0.116333	 0.016454	 172.333500	 4.453744	-87.181210	-12.353470	 4.166907	-1.545688	-10.845780	 10.436320	-1.695050	 1.616879	-6.538260	 110.426500	-0.813313	 0.122417	-8.559153	-54.257320	-23.479860	 18.695970	-3.391259	 31.015540	 1.178698	-13.544760	 26.211560	-69.314540	-5.466561	-2.015671	 9.912610	 2.503324	-1.126932	 4.512146	 3.269194	-0.634905	-79.900480	 3.830081	 3.116463	 11.952500	-0.275905	 3.148022	 9.006140	 2.904708	 4.338783	-70.306050	 37.209570	 19.723900	 15.033770	-6.822537	 19.211440	 10.820750	-5.639596	 19.245820	-70.261880	 18.369540	 10.348450	 21.424030	-3.898858	 9.395122	 9.460192	-0.473463	 9.974930	-72.425380	-57.395140	-11.459770	 6.680379	 9.284960	-0.525222	 0.082313	-19.390840	-0.175535	 3.200025	 1.431695	-7.066846	 90.409890	-96.481080	-0.771640	-118.610200	-179.215900	-4.460579	 98.151700	-0.813313	 0.122417	-8.559153	-74.830640	-17.944970	-30.014930	-2.960819	-11.871410	 1.646489	-42.193770	-1.564564	-53.742650	-14.124230	-7.938501	 71.058390	 2.456138	-1.170828	 81.941230	 1.557806	 1.643225	-22.541520	-5.575385	-6.330321	 75.462330	-0.133428	 3.336262	 96.756880	-1.195097	 7.397197	 7.715065	 28.182790	 7.720572	 73.205530	-5.942775	 20.116520	 84.457790	-4.437978	 20.005650	 5.930164	 13.592760	 2.550271	 82.579310	-3.484296	 9.763653	 74.841640	-2.852375	 12.327110	 11.518210	-33.039330	-1.304685	 27.607150	 38.056910	-0.541117	 0.330473	 38.452870	-0.405353	 3.648186	 0.000000	 90.000000	 0.000000	 170.385100	 7.376389	 170.400400	-176.698900	-2.357201	-5.205259
-0.000743	-0.116421	 0.016316	 172.364800	 4.434674	-87.182210	-12.381530	 4.164818	-1.543633	-10.855530	 10.434560	-1.690494	 1.633417	-6.601788	 110.428000	-0.813313	 0.122417	-8.559153	-54.410350	-23.506790	 18.510240	-3.394964	 30.961720	 1.181818	-13.538780	 26.119420	-69.202700	-5.466561	-2.015671	 9.912610	 2.503324	-1.126932	 4.512146	 3.269194	-0.634905	-79.900480	 3.831372	 3.117028	 11.952430	-0.275905	 3.148022	 9.006140	 2.904724	 4.338721	-70.306950	 37.211820	 19.724730	 15.033000	-6.822537	 19.211440	 10.820750	-5.639622	 19.245820	-70.263130	 18.371030	 10.349220	 21.423750	-3.898858	 9.395122	 9.460192	-0.473463	 9.974930	-72.425380	-57.394200	-11.459630	 6.680173	 9.284960	-0.525222	 0.082313	-19.390840	-0.175535	 3.200025	 1.438636	-6.945934	 90.411540	-96.361970	-0.790948	-117.369300	-179.188800	-4.567126	 98.618980	-0.813313	 0.122417	-8.559153	-74.104470	-15.998610	-29.392100	-2.668091	-11.704900	 1.741554	-42.460610	-3.803724	-53.568820	-14.119250	-7.929617	 71.021650	 2.456144	-1.170781	 81.888610	 1.559712	 1.642359	-22.581950	-5.582208	-6.348573	 75.520750	-0.133497	 3.336828	 96.948550	-1.210018	 7.396609	 7.925463	 28.174410	 7.674523	 73.359840	-5.942441	 20.119740	 84.639300	-4.436203	 20.010810	 6.211945	 13.589560	 2.522059	 82.727700	-3.484296	 9.763653	 74.841640	-2.862238	 12.327640	 11.742500	-33.066470	-1.330135	 27.559290	 37.997330	-0.541219	 0.329965	 38.335000	-0.405387	 3.647115	 0.000000	 90.000000	 0.000000	 170.408400	 7.353864	 170.430600	-176.653600	-2.368253	-5.207506
-0.000844	-0.116430	 0.016261	 172.384300	 4.413873	-87.179590	-12.403470	 4.162914	-1.542050	-10.862710	 10.433070	-1.686720	 1.647516	-6.655932	 110.429300	-0.813313	 0.122417	-8.559153	-54.539780	-23.529180	 18.353690	-3.398129	 30.917900	 1.184451	-13.558150	 26.054710	-69.096820	-5.466561	-2.015671	 9.912610	 2.503324	-1.126932	 4.512146	 3.269194	-0.634905	-79.900480	 3.832433	 3.117493	 11.952360	-0.275905	 3.148022	 9.006140	 2.904737	 4.338669	-70.307690	 37.213700	 19.725420	 15.032360	-6.822537	 19.211440	 10.820750	-5.639643	 19.245820	-70.264180	 18.372270	 10.349860	 21.423510	-3.898858	 9.395122	 9.460192	-0.473463	 9.974930	-72.425380	-57.393420	-11.459520	 6.679999	 9.284960	-0.525222	 0.082313	-19.390840	-0.175535	 3.200025	 1.444341	-6.838032	 90.412940	-96.269250	-0.825854	-116.609600	-179.169500	-4.650971	 98.881140	-0.813313	 0.122417	-8.559153	-73.860780	-15.437450	-28.823910	-2.666623	-11.772050	 1.796747	-42.524010	-5.144313	-52.841730	-14.115120	-7.922275	 70.991290	 2.456150	-1.170743	 81.845050	 1.561290	 1.641642	-22.615420	-5.585834	-6.358294	 75.551870	-0.133534	 3.337128	 97.050570	-1.217961	 7.396278	 8.037463	 28.170000	 7.650012	 73.442000	-5.942266	 20.121450	 84.735910	-4.435269	 20.013560	 6.361965	 13.587890	 2.507044	 82.806690	-3.484296	 9.763653	 74.841640	-2.867489	 12.327900	 11.861880	-33.088950	-1.351175	 27.519630	 37.947980	-0.541300	 0.329541	 38.237380	-0.405415	 3.646230	 0.000000	 90.000000	 0.000000	 170.421800	 7.232317	 170.473600	-176.614600	-2.380025	-5.179580
-0.000960	-0.116313	 0.016285	 172.410800	 4.395981	-87.181200	-12.425040	 4.160696	-1.540528	-10.869420	 10.431520	-1.682788	 1.662043	-6.711711	 110.430600	-0.813313	 0.122417	-8.559153	-54.673630	-23.550230	 18.189530	-3.401549	 30.873040	 1.187238	-13.592580	 25.993890	-68.977490	-5.466561	-2.015671	 9.912610	 2.503324	-1.126932	 4.512146	 3.269194	-0.634905	-79.900480	 3.833570	 3.117990	 11.952300	-0.275905	 3.148022	 9.006140	 2.904750	 4.338614	-70.308490	 37.215670	 19.726150	 15.031690	-6.822537	 19.211440	 10.820750	-5.639665	 19.245820	-70.265280	 18.373580	 10.350540	 21.423250	-3.898858	 9.395122	 9.460192	-0.473463	 9.974930	-72.425380	-57.392590	-11.459390	 6.679813	 9.284960	-0.525222	 0.082313	-19.390840	-0.175535	 3.200025	 1.450269	-6.718989	 90.414480	-96.165680	-0.893436	-115.952500	-179.147100	-4.733604	 99.255960	-0.813313	 0.122417	-8.559153	-73.635930	-15.030890	-28.109980	-2.617921	-11.770420	 1.830854	-42.396180	-6.447067	-52.016220	-14.110800	-7.914596	 70.959560	 2.456156	-1.170702	 81.799550	 1.562938	 1.640891	-22.650390	-5.587693	-6.363281	 75.567810	-0.133553	 3.337283	 97.102940	-1.222037	 7.396102	 8.094941	 28.167770	 7.637446	 73.484130	-5.942179	 20.122320	 84.785480	-4.434793	 20.014970	 6.438954	 13.587050	 2.499354	 82.847240	-3.484296	 9.763653	 74.841640	-2.870184	 12.328040	 11.923160	-33.112470	-1.373167	 27.478180	 37.896420	-0.541383	 0.329098	 38.135380	-0.405437	 3.645303	 0.000000	 90.000000	 0.000000	 170.447800	 7.272731	 170.537600	-176.572300	-2.397585	-5.119756
-0.001067	-0.116271	 0.016362	 172.439700	 4.377246	-87.184420	-12.446870	 4.158070	-1.538999	-10.875930	 10.429920	-1.678457	 1.677014	-6.769184	 110.431900	-0.813313	 0.122417	-8.559153	-54.813820	-23.567660	 18.011440	-3.405392	 30.825110	 1.190325	-13.643040	 25.933500	-68.838390	-5.466561	-2.015671	 9.912610	 2.503324	-1.126932	 4.512146	 3.269194	-0.634905	-79.900480	 3.834784	 3.118522	 11.952230	-0.275905	 3.148022	 9.006140	 2.904767	 4.338554	-70.309380	 37.217830	 19.726950	 15.030960	-6.822537	 19.211440	 10.820750	-5.639689	 19.245820	-70.266530	 18.375030	 10.351280	 21.422980	-3.898858	 9.395122	 9.460192	-0.473463	 9.974930	-72.425380	-57.391660	-11.459260	 6.679616	 9.284960	-0.525222	 0.082313	-19.390840	-0.175535	 3.200025	 1.456744	-6.582597	 90.416190	-96.044800	-1.008726	-115.240000	-179.122400	-4.819761	 99.671590	-0.813313	 0.122417	-8.559153	-73.455830	-14.873300	-27.256430	-2.657174	-11.632620	 1.871061	-42.585490	-7.195888	-51.276490	-14.106060	-7.906187	 70.924740	 2.456163	-1.170658	 81.749660	 1.564743	 1.640067	-22.688710	-5.587496	-6.362751	 75.566120	-0.133551	 3.337266	 97.097360	-1.221602	 7.396120	 8.088806	 28.168000	 7.638779	 73.479640	-5.942187	 20.122230	 84.780230	-4.434844	 20.014820	 6.430760	 13.587150	 2.500179	 82.842920	-3.484296	 9.763653	 74.841640	-2.869896	 12.328020	 11.916630	-33.138300	-1.397271	 27.432710	 37.839870	-0.541476	 0.328613	 38.023540	-0.405465	 3.644287	 0.000000	 90.000000	 0.000000	 170.457800	 7.010492	 170.638600	-176.524400	-2.421663	-5.015613
-0.001157	-0.116237	 0.016400	 172.463700	 4.358033	-87.185470	-12.464170	 4.155569	-1.537832	-10.881220	 10.418200	-1.674659	 1.688551	-6.813472	 110.433000	-0.813313	 0.122417	-8.559153	-54.925660	-23.575350	 17.860620	-3.408816	 30.784670	 1.193028	-13.694070	 25.884760	-68.712330	-5.466561	-2.015671	 9.912610	 2.503324	-1.126932	 4.512146	 3.269194	-0.634905	-79.900480	 3.835864	 3.118994	 11.952170	-0.275905	 3.148022	 9.006140	 2.904780	 4.338500	-70.310150	 37.219730	 19.727650	 15.030310	-6.822537	 19.211440	 10.820750	-5.639711	 19.245820	-70.267620	 18.376280	 10.351930	 21.422740	-3.898858	 9.395122	 9.460192	-0.473463	 9.974930	-72.425380	-57.390860	-11.459140	 6.679438	 9.284960	-0.525222	 0.082313	-19.390840	-0.175535	 3.200025	 1.462371	-6.460342	 90.417740	-95.930460	-1.128116	-114.671900	-179.103900	-4.892294	 99.920520	-0.813313	 0.122417	-8.559153	-73.369640	-15.030050	-26.514790	-2.784752	-11.409600	 1.910934	-43.045110	-7.218319	-50.728560	-14.101930	-7.898876	 70.894490	 2.456169	-1.170619	 81.706290	 1.566313	 1.639350	-22.722050	-5.585441	-6.357241	 75.548510	-0.133530	 3.337096	 97.039530	-1.217101	 7.396315	 8.025344	 28.170480	 7.652672	 73.433090	-5.942286	 20.121260	 84.725440	-4.435371	 20.013260	 6.345706	 13.588070	 2.508676	 82.798130	-3.484296	 9.763653	 74.841640	-2.866919	 12.327880	 11.848930	-33.160760	-1.418208	 27.393150	 37.790710	-0.541549	 0.328189	 37.926270	-0.405488	 3.643404	 0.000000	 90.000000	 0.000000	 170.475300	 6.842238	 170.691100	-176.482200	-2.446022	-4.944644
-0.001293	-0.116255	 0.016403	 172.494700	 4.339174	-87.187480	-12.479080	 4.149836	-1.536878	-10.886280	 10.388540	-1.671010	 1.697649	-6.848401	 110.433700	-0.813313	 0.122417	-8.559153	-55.019330	-23.573920	 17.722740	-3.412173	 30.747460	 1.195636	-13.745470	 25.840240	-68.589640	-5.466561	-2.015671	 9.912610	 2.503324	-1.126932	 4.512146	 3.269194	-0.634905	-79.900480	 3.836905	 3.119449	 11.952110	-0.275905	 3.148022	 9.006140	 2.904793	 4.338449	-70.310910	 37.221570	 19.728320	 15.029680	-6.822537	 19.211440	 10.820750	-5.639734	 19.245830	-70.268670	 18.377490	 10.352560	 21.422500	-3.898858	 9.395122	 9.460192	-0.473463	 9.974930	-72.425380	-57.390060	-11.459030	 6.679255	 9.284960	-0.525222	 0.082313	-19.390840	-0.175535	 3.200025	 1.467724	-6.342096	 90.419270	-95.810930	-1.239623	-114.261800	-179.088100	-4.959668	 100.092700	-0.813313	 0.122417	-8.559153	-73.650920	-16.449620	-25.971030	-2.857414	-11.022860	 1.848191	-43.324520	-5.985837	-49.512470	-14.098000	-7.891917	 70.865720	 2.456174	-1.170583	 81.665070	 1.567805	 1.638667	-22.753730	-5.581874	-6.347682	 75.517920	-0.133493	 3.336800	 96.939210	-1.209291	 7.396641	 7.915201	 28.174810	 7.676767	 73.352320	-5.942461	 20.119580	 84.630450	-4.436289	 20.010560	 6.198243	 13.589720	 2.523439	 82.720470	-3.484296	 9.763653	 74.841640	-2.861757	 12.327610	 11.731550	-33.182130	-1.438107	 27.355530	 37.743960	-0.541624	 0.327790	 37.833780	-0.405513	 3.642565	 0.000000	 90.000000	 0.000000	 170.508200	 6.836493	 170.662000	-176.442400	-2.471576	-4.938729
-0.001557	-0.116283	 0.016345	 172.545200	 4.318261	-87.193270	-12.495260	 4.133947	-1.536029	-10.892380	 10.333020	-1.666585	 1.705327	-6.877894	 110.434300	-0.813313	 0.122417	-8.559153	-55.109620	-23.557710	 17.567580	-3.416305	 30.704600	 1.198761	-13.806350	 25.787370	-68.441020	-5.466561	-2.015671	 9.912610	 2.503324	-1.126932	 4.512146	 3.269194	-0.634905	-79.900480	 3.838157	 3.119998	 11.952040	-0.275905	 3.148022	 9.006140	 2.904809	 4.338385	-70.311840	 37.223760	 19.729130	 15.028940	-6.822537	 19.211440	 10.820750	-5.639760	 19.245830	-70.269940	 18.378960	 10.353320	 21.422220	-3.898858	 9.395122	 9.460192	-0.473463	 9.974930	-72.425380	-57.389100	-11.458880	 6.679052	 9.284960	-0.525222	 0.082313	-19.390840	-0.175535	 3.200025	 1.474139	-6.199452	 90.421200	-95.654170	-1.372465	-113.791100	-179.070100	-5.038846	 100.268000	-0.813313	 0.122417	-8.559153	-74.539670	-22.822930	-25.766810	-5.201116	-10.452080	 1.657456	-41.854360	-1.177015	-45.024660	-14.093290	-7.883585	 70.831230	 2.456182	-1.170539	 81.615590	 1.569595	 1.637847	-22.791740	-5.575535	-6.330729	 75.463660	-0.133429	 3.336275	 96.761180	-1.195431	 7.397184	 7.719779	 28.182590	 7.719535	 73.208980	-5.942769	 20.116590	 84.461870	-4.437938	 20.005780	 5.936477	 13.592690	 2.549646	 82.582630	-3.484296	 9.763653	 74.841640	-2.852596	 12.327120	 11.523230	-33.207800	-1.461961	 27.310380	 37.687860	-0.541708	 0.327305	 37.722840	-0.405528	 3.641557	 0.000000	 90.000000	 0.000000	 170.561600	 6.947292	 170.568100	-176.394900	-2.503642	-4.980027
-0.002068	-0.116204	 0.016357	 172.593300	 4.301609	-87.199720	-12.507580	 4.114672	-1.535536	-10.897500	 10.274080	-1.662895	 1.708506	-6.890131	 110.434400	-0.813313	 0.122417	-8.559153	-55.169290	-23.534360	 17.446200	-3.419734	 30.670840	 1.201326	-13.852030	 25.742380	-68.318950	-5.466561	-2.015671	 9.912610	 2.503324	-1.126932	 4.512146	 3.269194	-0.634905	-79.900480	 3.839178	 3.120445	 11.951980	-0.275905	 3.148022	 9.006140	 2.904821	 4.338332	-70.312580	 37.225620	 19.729820	 15.028310	-6.822537	 19.211440	 10.820750	-5.639784	 19.245830	-70.271020	 18.380170	 10.353940	 21.421990	-3.898858	 9.395122	 9.460192	-0.473463	 9.974930	-72.425380	-57.388310	-11.458770	 6.678873	 9.284960	-0.525222	 0.082313	-19.390840	-0.175535	 3.200025	 1.479389	-6.071981	 90.422840	-95.512610	-1.478930	-113.321500	-179.056400	-5.103854	 100.364400	-0.813313	 0.122417	-8.559153	-75.020340	-31.695670	-25.404040	-7.942894	-9.748883	 0.360917	-40.301930	 5.695059	-39.347960	-14.089380	-7.876688	 70.802720	 2.456187	-1.170503	 81.574690	 1.571075	 1.637167	-22.823200	-5.568585	-6.312202	 75.404360	-0.133362	 3.335701	 96.566700	-1.180287	 7.397724	 7.506277	 28.191250	 7.766283	 73.052350	-5.943123	 20.113330	 84.277750	-4.439765	 20.000550	 5.650548	 13.596020	 2.578288	 82.432060	-3.484296	 9.763653	 74.841640	-2.842591	 12.326550	 11.295670	-33.229050	-1.481678	 27.273000	 37.641470	-0.541782	 0.326907	 37.631020	-0.405540	 3.640721	 0.000000	 90.000000	 0.000000	 170.611200	 7.065543	 170.479300	-176.355700	-2.529903	-5.027130
-0.002358	-0.116060	 0.016515	 172.638900	 4.286948	-87.210040	-12.518830	 4.091170	-1.535246	-10.902720	 10.206940	-1.659180	 1.708985	-6.892018	 110.434100	-0.813313	 0.122417	-8.559153	-55.222640	-23.506870	 17.327990	-3.423254	 30.638910	 1.203933	-13.889490	 25.694880	-68.199960	-5.466561	-2.015671	 9.912610	 2.503324	-1.126932	 4.512146	 3.269194	-0.634905	-79.900480	 3.840219	 3.120900	 11.951920	-0.275905	 3.148022	 9.006140	 2.904835	 4.338278	-70.313380	 37.227450	 19.730490	 15.027680	-6.822537	 19.211440	 10.820750	-5.639805	 19.245830	-70.272120	 18.381390	 10.354570	 21.421750	-3.898858	 9.395122	 9.460192	-0.473463	 9.974930	-72.425380	-57.387500	-11.458650	 6.678694	 9.284960	-0.525222	 0.082313	-19.390840	-0.175535	 3.200025	 1.484465	-5.926872	 90.424450	-95.359050	-1.569891	-112.776500	-179.043200	-5.168583	 100.446500	-0.813313	 0.122417	-8.559153	-72.749590	-34.948900	-22.959540	-12.753420	-9.027023	-0.587389	-38.331220	 7.680489	-37.439600	-14.085490	-7.869827	 70.774310	 2.456193	-1.170466	 81.533990	 1.572547	 1.636490	-22.854470	-5.560127	-6.289742	 75.332480	-0.133281	 3.335006	 96.330980	-1.161928	 7.398302	 7.247492	 28.201960	 7.822967	 72.862430	-5.943563	 20.109370	 84.054540	-4.442017	 19.994230	 5.304005	 13.600190	 2.613045	 82.249470	-3.484296	 9.763653	 74.841640	-2.830467	 12.325800	 11.019840	-33.250240	-1.501308	 27.235800	 37.595270	-0.541859	 0.326511	 37.539660	-0.405552	 3.639892	 0.000000	 90.000000	 0.000000	 170.659200	 7.139043	 170.417200	-176.316700	-2.554313	-5.059455
-0.002588	-0.115849	 0.016651	 172.675400	 4.271083	-87.226030	-12.530340	 4.061080	-1.535131	-10.908680	 10.125140	-1.654955	 1.706675	-6.883223	 110.433500	-0.813313	 0.122417	-8.559153	-55.275810	-23.470930	 17.197750	-3.427309	 30.616040	 1.206613	-13.918090	 25.646590	-68.068300	-5.466561	-2.015671	 9.912610	 2.503324	-1.126932	 4.512146	 3.269194	-0.634905	-79.900480	 3.841395	 3.121415	 11.951850	-0.275905	 3.148022	 9.006140	 2.904851	 4.338216	-70.314290	 37.229520	 19.731260	 15.026980	-6.822537	 19.211440	 10.820750	-5.639829	 19.245830	-70.273370	 18.382770	 10.355290	 21.421490	-3.898858	 9.395122	 9.460192	-0.473463	 9.974930	-72.425380	-57.386580	-11.458520	 6.678476	 9.284960	-0.525222	 0.082313	-19.390840	-0.175535	 3.200025	 1.490059	-5.744280	 90.426290	-95.178950	-1.685141	-112.083600	-179.029700	-5.242984	 100.478400	-0.813313	 0.122417	-8.559153	-69.719740	-36.815390	-19.779340	-18.412940	-8.051704	-1.542709	-36.187560	 8.616645	-36.238570	-14.081090	-7.862082	 70.742230	 2.456199	-1.170426	 81.488010	 1.574209	 1.635725	-22.889810	-5.548724	-6.259596	 75.235930	-0.133180	 3.334070	 96.014350	-1.137265	 7.398949	 6.899894	 28.216720	 7.899139	 72.607250	-5.944183	 20.104060	 83.754760	-4.445105	 19.985750	 4.838541	 13.606010	 2.659785	 82.004220	-3.484296	 9.763653	 74.841640	-2.814185	 12.324710	 10.649290	-33.274170	-1.523456	 27.193760	 37.543060	-0.541936	 0.326062	 37.436400	-0.405570	 3.638953	 0.000000	 90.000000	 0.000000	 170.706100	 7.114510	 170.408600	-176.272800	-2.578171	-5.070930
-0.002772	-0.115716	 0.016652	 172.699700	 4.259315	-87.242710	-12.538950	 4.034410	-1.535212	-10.913560	 10.055690	-1.651429	 1.702753	-6.868245	 110.432800	-0.813313	 0.122417	-8.559153	-55.314410	-23.437090	 17.091870	-3.430785	 30.617270	 1.208488	-13.927240	 25.618000	-67.960620	-5.466561	-2.015671	 9.912610	 2.503324	-1.126932	 4.512146	 3.269194	-0.634905	-79.900480	 3.842378	 3.121845	 11.951790	-0.275905	 3.148022	 9.006140	 2.904864	 4.338164	-70.315030	 37.231290	 19.731910	 15.026380	-6.822537	 19.211440	 10.820750	-5.639851	 19.245840	-70.274420	 18.383940	 10.355890	 21.421260	-3.898858	 9.395122	 9.460192	-0.473463	 9.974930	-72.425380	-57.385780	-11.458400	 6.678298	 9.284960	-0.525222	 0.082313	-19.390840	-0.175535	 3.200025	 1.494630	-5.579703	 90.427860	-95.032080	-1.825837	-111.457200	-179.018900	-5.306555	 100.484100	-0.813313	 0.122417	-8.559153	-67.900990	-37.705400	-17.873230	-21.851760	-7.184549	-2.155632	-35.123780	 9.267019	-35.367070	-14.077410	-7.855609	 70.715480	 2.456205	-1.170392	 81.449650	 1.575596	 1.635085	-22.919330	-5.537675	-6.230568	 75.143080	-0.133086	 3.333170	 95.709720	-1.113534	 7.399433	 6.565478	 28.231320	 7.972475	 72.361610	-5.944806	 20.098960	 83.466330	-4.448146	 19.977620	 4.390727	 13.611850	 2.704808	 81.768240	-3.484296	 9.763653	 74.841640	-2.798529	 12.323560	 10.292810	-33.294160	-1.541924	 27.158670	 37.499520	-0.542008	 0.325689	 37.350250	-0.405582	 3.638171	 0.000000	 90.000000	 0.000000	 170.742800	 7.042109	 170.436700	-176.236700	-2.593904	-5.077692
-0.002935	-0.115602	 0.016575	 172.714700	 4.242397	-87.261820	-12.546720	 4.007519	-1.535412	-10.918270	 9.988205	-1.647846	 1.697284	-6.847316	 110.431900	-0.813313	 0.122417	-8.559153	-55.348140	-23.399580	 16.987800	-3.434377	 30.632340	 1.210143	-13.910310	 25.589550	-67.860500	-5.466561	-2.015671	 9.912610	 2.503324	-1.126932	 4.512146	 3.269194	-0.634905	-79.900480	 3.843362	 3.122275	 11.951740	-0.275905	 3.148022	 9.006140	 2.904878	 4.338110	-70.315830	 37.233060	 19.732560	 15.025780	-6.822537	 19.211440	 10.820750	-5.639873	 19.245840	-70.275520	 18.385120	 10.356500	 21.421040	-3.898858	 9.395122	 9.460192	-0.473463	 9.974930	-72.425380	-57.384970	-11.458280	 6.678131	 9.284960	-0.525222	 0.082313	-19.390840	-0.175535	 3.200025	 1.499143	-5.405338	 90.429470	-94.882750	-1.986143	-110.790300	-179.007800	-5.372698	 100.482700	-0.813313	 0.122417	-8.559153	-66.510720	-37.874450	-16.483160	-24.708220	-6.354214	-2.479151	-34.368980	 9.564677	-34.848400	-14.073700	-7.849100	 70.688510	 2.456210	-1.170357	 81.410990	 1.576993	 1.634440	-22.949020	-5.525143	-6.197804	 75.038130	-0.132986	 3.332153	 95.365610	-1.086724	 7.399813	 6.187718	 28.248290	 8.055361	 72.083990	-5.945542	 20.093200	 83.140520	-4.451661	 19.968470	 3.884917	 13.618730	 2.755737	 81.501680	-3.484296	 9.763653	 74.841640	-2.780854	 12.322150	 9.890145	-33.314320	-1.560537	 27.123280	 37.455640	-0.542075	 0.325312	 37.263450	-0.405584	 3.637381	 0.000000	 90.000000	 0.000000	 170.781900	 6.967023	 170.478300	-176.201000	-2.603693	-5.081680
-0.003039	-0.116151	 0.016324	 172.703300	 4.203720	-87.284100	-12.554770	 3.977286	-1.535822	-10.923520	 9.916184	-1.643579	 1.689201	-6.816388	 110.430700	-0.813313	 0.122417	-8.559153	-55.381660	-23.350620	 16.867320	-3.438709	 30.661350	 1.211914	-13.842660	 25.543410	-67.759350	-5.466561	-2.015671	 9.912610	 2.503324	-1.126932	 4.512146	 3.269194	-0.634905	-79.900480	 3.844556	 3.122798	 11.951670	-0.275905	 3.148022	 9.006140	 2.904895	 4.338044	-70.316790	 37.235210	 19.733350	 15.025040	-6.822537	 19.211440	 10.820750	-5.639902	 19.245840	-70.276840	 18.386540	 10.357240	 21.420770	-3.898858	 9.395122	 9.460192	-0.473463	 9.974930	-72.425380	-57.383990	-11.458130	 6.677910	 9.284960	-0.525222	 0.082313	-19.390840	-0.175535	 3.200025	 1.504460	-5.190186	 90.431460	-94.697040	-2.168077	-109.960700	-178.994800	-5.455468	 100.455300	-0.813313	 0.122417	-8.559153	-65.167540	-37.789930	-15.238140	-28.015050	-5.579146	-2.751210	-33.396850	 9.673726	-34.651730	-14.069280	-7.841341	 70.656380	 2.456216	-1.170317	 81.364900	 1.578659	 1.633669	-22.984460	-5.508307	-6.154094	 74.898190	-0.132862	 3.330795	 94.906620	-1.050960	 7.400049	 5.683827	 28.271730	 8.166002	 71.713460	-5.946578	 20.085520	 82.705970	-4.456485	 19.956310	 3.210260	 13.628370	 2.823769	 81.146010	-3.484296	 9.763653	 74.841640	-2.757296	 12.320080	 9.353086	-33.338390	-1.582709	 27.081090	 37.403300	-0.542158	 0.324862	 37.159910	-0.405593	 3.636439	 0.000000	 90.000000	 0.000000	 170.790600	 8.163048	 169.528400	-176.159800	-2.605328	-5.081801
-0.003218	-0.116952	 0.016035	 172.670100	 4.161687	-87.298830	-12.560220	 3.956415	-1.536256	-10.927270	 9.870043	-1.640182	 1.681972	-6.788721	 110.429600	-0.813313	 0.122417	-8.559153	-55.403130	-23.308570	 16.774580	-3.442186	 30.686860	 1.213294	-13.759220	 25.495180	-67.692180	-5.466561	-2.015671	 9.912610	 2.503324	-1.126932	 4.512146	 3.269194	-0.634905	-79.900480	 3.845501	 3.123211	 11.951610	-0.275905	 3.148022	 9.006140	 2.904908	 4.337990	-70.317560	 37.236930	 19.733990	 15.024460	-6.822537	 19.211440	 10.820750	-5.639923	 19.245840	-70.277920	 18.387690	 10.357830	 21.420540	-3.898858	 9.395122	 9.460192	-0.473463	 9.974930	-72.425380	-57.383190	-11.458020	 6.677720	 9.284960	-0.525222	 0.082313	-19.390840	-0.175535	 3.200025	 1.508631	-5.017260	 90.433120	-94.539670	-2.276763	-109.287100	-178.984400	-5.525114	 100.415900	-0.813313	 0.122417	-8.559153	-64.190230	-37.829820	-14.318200	-30.190070	-5.052586	-2.970064	-32.822840	 9.866964	-34.546460	-14.065760	-7.835176	 70.630840	 2.456222	-1.170284	 81.328320	 1.579981	 1.633058	-23.012590	-5.493455	-6.115827	 74.775630	-0.132763	 3.329605	 94.504760	-1.019649	 7.399997	 5.242684	 28.292990	 8.262941	 71.388830	-5.947539	 20.078800	 82.325570	-4.460829	 19.945700	 2.619643	 13.637250	 2.883433	 80.834560	-3.484296	 9.763653	 74.841640	-2.736686	 12.318080	 8.882814	-33.357490	-1.600310	 27.047560	 37.361740	-0.542222	 0.324505	 37.077700	-0.405604	 3.635694	 0.000000	 90.000000	 0.000000	 170.862200	 10.180550	 168.092300	-176.128300	-2.599437	-5.077601
-0.003092	-0.117453	 0.015670	 172.614900	 4.113056	-87.308390	-12.564730	 3.940040	-1.536792	-10.930500	 9.838110	-1.636801	 1.674445	-6.759900	 110.428500	-0.813313	 0.122417	-8.559153	-55.420020	-23.264250	 16.685210	-3.445705	 30.708620	 1.214770	-13.657240	 25.435080	-67.635830	-5.466561	-2.015671	 9.912610	 2.503324	-1.126932	 4.512146	 3.269194	-0.634905	-79.900480	 3.846445	 3.123624	 11.951560	-0.275905	 3.148022	 9.006140	 2.904922	 4.337937	-70.318340	 37.238620	 19.734600	 15.023880	-6.822537	 19.211440	 10.820750	-5.639946	 19.245840	-70.279010	 18.388820	 10.358410	 21.420330	-3.898858	 9.395122	 9.460192	-0.473463	 9.974930	-72.425380	-57.382380	-11.457900	 6.677542	 9.284960	-0.525222	 0.082313	-19.390840	-0.175535	 3.200025	 1.512775	-4.846971	 90.434880	-94.370350	-2.319832	-108.615900	-178.973900	-5.598551	 100.363700	-0.813313	 0.122417	-8.559153	-63.316890	-37.888800	-13.404920	-32.395730	-4.382552	-3.180351	-32.362780	 10.191260	-34.375280	-14.062270	-7.829064	 70.605520	 2.456227	-1.170252	 81.292020	 1.581292	 1.632449	-23.040510	-5.477398	-6.074737	 74.643990	-0.132666	 3.328326	 94.073140	-0.986018	 7.399678	 4.768847	 28.316600	 8.367114	 71.039920	-5.948621	 20.071590	 81.916940	-4.465627	 19.934360	 1.985287	 13.647230	 2.947611	 80.499970	-3.484296	 9.763653	 74.841640	-2.714568	 12.315760	 8.377735	-33.376480	-1.617767	 27.014280	 37.320500	-0.542278	 0.324149	 36.996080	-0.405608	 3.634953	 0.000000	 90.000000	 0.000000	 170.712900	 11.184280	 166.937700	-176.098400	-2.587862	-5.068931
-0.002882	-0.117662	 0.015244	 172.526000	 4.053293	-87.310420	-12.568830	 3.928748	-1.537457	-10.933480	 9.820321	-1.632958	 1.665933	-6.727297	 110.427200	-0.813313	 0.122417	-8.559153	-55.434020	-23.210780	 16.586880	-3.449665	 30.721380	 1.216674	-13.524530	 25.350610	-67.598560	-5.466561	-2.015671	 9.912610	 2.503324	-1.126932	 4.512146	 3.269194	-0.634905	-79.900480	 3.847524	 3.124097	 11.951500	-0.275905	 3.148022	 9.006140	 2.904938	 4.337873	-70.319270	 37.240580	 19.735330	 15.023220	-6.822537	 19.211440	 10.820750	-5.639971	 19.245840	-70.280270	 18.390110	 10.359080	 21.420080	-3.898858	 9.395122	 9.460192	-0.473463	 9.974930	-72.425380	-57.381430	-11.457760	 6.677325	 9.284960	-0.525222	 0.082313	-19.390840	-0.175535	 3.200025	 1.517500	-4.659104	 90.436970	-94.164930	-2.288169	-107.866100	-178.961400	-5.688465	 100.291700	-0.813313	 0.122417	-8.559153	-62.397510	-37.895700	-12.490730	-34.397290	-3.708857	-3.354353	-31.838780	 10.507980	-34.235900	-14.058290	-7.822105	 70.576690	 2.456233	-1.170215	 81.250690	 1.582784	 1.631757	-23.072290	-5.457486	-6.024194	 74.482080	-0.132559	 3.326752	 93.542180	-0.944654	 7.398904	 4.185956	 28.346730	 8.495326	 70.610400	-5.950027	 20.062740	 81.414350	-4.471711	 19.920480	 1.205063	 13.660150	 3.026666	 80.088270	-3.484296	 9.763653	 74.841640	-2.687393	 12.312640	 7.756459	-33.398130	-1.637646	 26.976360	 37.273520	-0.542346	 0.323744	 36.903180	-0.405615	 3.634109	 0.000000	 90.000000	 0.000000	 170.469600	 11.965710	 166.008000	-176.066200	-2.568428	-5.052704
-0.002798	-0.117710	 0.014886	 172.435900	 4.003481	-87.302960	-12.571480	 3.924485	-1.538136	-10.935600	 9.817175	-1.629682	 1.659168	-6.701388	 110.426300	-0.813313	 0.122417	-8.559153	-55.441610	-23.162910	 16.506170	-3.453041	 30.715120	 1.218661	-13.403700	 25.263910	-67.603140	-5.466561	-2.015671	 9.912610	 2.503324	-1.126932	 4.512146	 3.269194	-0.634905	-79.900480	 3.848450	 3.124501	 11.951440	-0.275905	 3.148022	 9.006140	 2.904952	 4.337820	-70.320050	 37.242270	 19.735950	 15.022640	-6.822537	 19.211440	 10.820750	-5.639995	 19.245840	-70.281390	 18.391240	 10.359660	 21.419860	-3.898858	 9.395122	 9.460192	-0.473463	 9.974930	-72.425380	-57.380630	-11.457630	 6.677149	 9.284960	-0.525222	 0.082313	-19.390840	-0.175535	 3.200025	 1.521547	-4.508138	 90.438920	-93.988370	-2.224408	-107.258300	-178.951400	-5.763593	 100.222500	-0.813313	 0.122417	-8.559153	-61.667460	-37.857250	-11.803810	-35.901870	-3.184230	-3.470685	-31.366960	 10.761550	-34.233790	-14.054890	-7.816177	 70.552150	 2.456238	-1.170184	 81.215490	 1.584055	 1.631165	-23.099360	-5.439128	-5.977997	 74.334050	-0.132474	 3.325314	 93.056920	-0.906858	 7.397833	 3.653235	 28.375330	 8.612574	 70.217480	-5.951387	 20.054660	 80.955030	-4.477447	 19.907860	 0.492014	 13.672610	 3.099073	 79.711920	-3.484296	 9.763653	 74.841640	-2.662588	 12.309540	 7.188650	-33.416570	-1.654541	 26.944080	 37.233520	-0.542417	 0.323401	 36.824070	-0.405616	 3.633389	 0.000000	 90.000000	 0.000000	 170.324300	 12.413390	 165.344200	-176.040800	-2.547287	-5.032674
-0.002696	-0.117603	 0.014554	 172.342100	 3.960361	-87.285030	-12.573420	 3.922200	-1.538925	-10.937300	 9.823864	-1.626442	 1.653406	-6.679320	 110.425400	-0.813313	 0.122417	-8.559153	-55.445210	-23.113950	 16.429730	-3.456396	 30.693700	 1.220946	-13.288220	 25.169270	-67.629970	-5.466561	-2.015671	 9.912610	 2.503324	-1.126932	 4.512146	 3.269194	-0.634905	-79.900480	 3.849374	 3.124906	 11.951390	-0.275905	 3.148022	 9.006140	 2.904965	 4.337763	-70.320850	 37.243930	 19.736570	 15.022080	-6.822537	 19.211440	 10.820750	-5.640017	 19.245840	-70.282490	 18.392340	 10.360230	 21.419650	-3.898858	 9.395122	 9.460192	-0.473463	 9.974930	-72.425380	-57.379810	-11.457520	 6.676962	 9.284960	-0.525222	 0.082313	-19.390840	-0.175535	 3.200025	 1.525594	-4.371857	 90.440930	-93.817670	-2.138785	-106.705300	-178.943300	-5.827856	 100.150100	-0.813313	 0.122417	-8.559153	-61.050100	-37.804540	-11.219390	-37.432690	-2.681914	-3.577520	-30.949710	 11.015340	-34.298180	-14.051560	-7.810364	 70.528020	 2.456243	-1.170153	 81.180910	 1.585303	 1.630584	-23.125940	-5.419815	-5.929797	 74.179570	-0.132399	 3.323811	 92.550400	-0.867419	 7.396344	 3.097183	 28.406260	 8.735000	 69.807080	-5.952876	 20.046230	 80.475600	-4.483611	 19.894750	-0.252231	 13.686220	 3.174719	 79.319020	-3.484296	 9.763653	 74.841640	-2.636731	 12.306040	 6.595984	-33.434690	-1.671140	 26.912340	 37.194220	-0.542475	 0.323063	 36.746350	-0.405621	 3.632683	 0.000000	 90.000000	 0.000000	 170.192400	 12.653890	 164.915700	-176.022400	-2.521869	-5.006710
-0.002583	-0.117634	 0.014184	 172.231800	 3.923138	-87.250760	-12.574950	 3.921852	-1.540042	-10.938840	 9.842193	-1.622674	 1.648464	-6.660396	 110.424600	-0.813313	 0.122417	-8.559153	-55.444820	-23.055220	 16.345220	-3.460260	 30.660210	 1.223756	-13.173920	 25.063500	-67.671390	-5.466561	-2.015671	 9.912610	 2.503324	-1.126932	 4.512146	 3.269194	-0.634905	-79.900480	 3.850415	 3.125362	 11.951330	-0.275905	 3.148022	 9.006140	 2.904982	 4.337699	-70.321790	 37.245870	 19.737280	 15.021410	-6.822537	 19.211440	 10.820750	-5.640045	 19.245850	-70.283800	 18.393610	 10.360890	 21.419400	-3.898858	 9.395122	 9.460192	-0.473463	 9.974930	-72.425380	-57.378830	-11.457380	 6.676740	 9.284960	-0.525222	 0.082313	-19.390840	-0.175535	 3.200025	 1.530348	-4.234898	 90.443510	-93.622790	-1.990173	-106.115600	-178.935600	-5.893358	 100.065200	-0.813313	 0.122417	-8.559153	-60.437320	-37.731550	-10.630080	-39.315640	-2.095282	-3.695646	-30.502800	 11.317150	-34.419820	-14.047700	-7.803635	 70.500190	 2.456249	-1.170118	 81.141000	 1.586743	 1.629913	-23.156620	-5.395894	-5.870644	 73.989910	-0.132325	 3.321965	 91.928690	-0.819036	 7.393997	 2.414704	 28.445730	 8.885330	 69.302830	-5.954809	 20.035900	 79.887220	-4.491421	 19.878780	-1.165577	 13.703840	 3.267751	 78.836600	-3.484296	 9.763653	 74.841640	-2.605047	 12.301400	 5.868521	-33.455640	-1.690313	 26.875680	 37.148840	-0.542543	 0.322673	 36.656570	-0.405620	 3.631866	 0.000000	 90.000000	 0.000000	 170.108800	 12.922170	 164.388000	-176.016700	-2.485883	-4.967935
-0.002437	-0.117690	 0.013927	 172.146400	 3.904196	-87.215710	-12.575610	 3.923213	-1.541073	-10.939780	 9.863728	-1.619641	 1.646195	-6.651722	 110.424200	-0.813313	 0.122417	-8.559153	-55.441070	-23.007110	 16.281150	-3.463322	 30.627470	 1.226120	-13.109670	 24.987160	-67.700050	-5.466561	-2.015671	 9.912610	 2.503324	-1.126932	 4.512146	 3.269194	-0.634905	-79.900480	 3.851263	 3.125733	 11.951280	-0.275905	 3.148022	 9.006140	 2.904996	 4.337646	-70.322570	 37.247410	 19.737850	 15.020890	-6.822537	 19.211440	 10.820750	-5.640064	 19.245850	-70.284890	 18.394660	 10.361430	 21.419200	-3.898858	 9.395122	 9.460192	-0.473463	 9.974930	-72.425380	-57.378030	-11.457260	 6.676560	 9.284960	-0.525222	 0.082313	-19.390840	-0.175535	 3.200025	 1.534253	-4.146755	 90.445720	-93.472410	-1.838093	-105.662200	-178.930200	-5.941274	 100.000200	-0.813313	 0.122417	-8.559153	-60.007120	-37.668500	-10.205050	-40.713020	-1.676520	-3.769616	-30.151450	 11.521060	-34.549490	-14.044630	-7.798295	 70.478080	 2.456253	-1.170090	 81.109310	 1.587887	 1.629379	-23.181000	-5.375637	-5.821012	 73.830710	-0.132278	 3.320416	 91.406890	-0.778451	 7.391585	 1.841874	 28.480150	 9.011540	 68.879200	-5.956515	 20.027250	 79.393390	-4.498185	 19.865470	-1.932098	 13.719380	 3.345952	 78.431610	-3.484296	 9.763653	 74.841640	-2.578503	 12.297200	 5.257987	-33.472270	-1.705520	 26.846570	 37.112800	-0.542590	 0.322363	 36.585260	-0.405618	 3.631219	 0.000000	 90.000000	 0.000000	 170.046700	 13.052230	 164.053800	-176.022000	-2.453629	-4.929319
-0.002245	-0.117689	 0.013680	 172.064700	 3.891839	-87.175960	-12.575820	 3.926050	-1.542306	-10.940520	 9.891089	-1.616502	 1.645262	-6.648169	 110.423900	-0.813313	 0.122417	-8.559153	-55.434150	-22.956510	 16.218320	-3.466451	 30.588690	 1.228643	-13.068020	 24.914950	-67.717610	-5.466561	-2.015671	 9.912610	 2.503324	-1.126932	 4.512146	 3.269194	-0.634905	-79.900480	 3.852129	 3.126112	 11.951230	-0.275905	 3.148022	 9.006140	 2.905009	 4.337589	-70.323380	 37.249020	 19.738440	 15.020340	-6.822537	 19.211440	 10.820750	-5.640088	 19.245860	-70.286010	 18.395720	 10.361980	 21.419000	-3.898858	 9.395122	 9.460192	-0.473463	 9.974930	-72.425380	-57.377200	-11.457140	 6.676362	 9.284960	-0.525222	 0.082313	-19.390840	-0.175535	 3.200025	 1.538369	-4.075198	 90.448150	-93.327730	-1.652317	-105.208200	-178.924200	-5.989306	 99.950100	-0.813313	 0.122417	-8.559153	-59.595940	-37.602480	-9.784234	-42.071670	-1.326440	-3.828654	-29.769340	 11.653930	-34.709200	-14.041490	-7.792823	 70.455370	 2.456258	-1.170061	 81.076750	 1.589062	 1.628830	-23.206040	-5.353619	-5.767545	 73.659200	-0.132244	 3.318746	 90.844760	-0.734758	 7.388537	 1.224779	 28.518550	 9.147529	 68.422390	-5.958447	 20.017940	 78.861400	-4.505681	 19.851220	-2.757842	 13.736900	 3.430316	 77.995180	-3.484296	 9.763653	 74.841640	-2.549963	 12.292360	 4.600285	-33.489390	-1.721142	 26.816640	 37.075760	-0.542646	 0.322042	 36.511980	-0.405620	 3.630554	 0.000000	 90.000000	 0.000000	 169.977800	 13.159850	 163.767900	-176.034400	-2.418618	-4.881230
-0.001957	-0.117720	 0.013437	 171.985800	 3.886695	-87.131060	-12.575580	 3.930809	-1.543875	-10.941140	 9.926193	-1.612944	 1.645638	-6.649639	 110.423800	-0.813313	 0.122417	-8.559153	-55.422900	-22.898900	 16.152080	-3.469968	 30.539820	 1.231585	-13.035190	 24.833190	-67.718360	-5.466561	-2.015671	 9.912610	 2.503324	-1.126932	 4.512146	 3.269194	-0.634905	-79.900480	 3.853112	 3.126542	 11.951170	-0.275905	 3.148022	 9.006140	 2.905025	 4.337526	-70.324320	 37.250830	 19.739110	 15.019730	-6.822537	 19.211440	 10.820750	-5.640112	 19.245850	-70.287320	 18.396930	 10.362600	 21.418770	-3.898858	 9.395122	 9.460192	-0.473463	 9.974930	-72.425380	-57.376240	-11.457000	 6.676144	 9.284960	-0.525222	 0.082313	-19.390840	-0.175535	 3.200025	 1.543060	-4.013479	 90.451100	-93.184260	-1.412711	-104.713500	-178.916000	-6.045087	 99.926250	-0.813313	 0.122417	-8.559153	-59.145050	-37.531020	-9.301284	-43.510340	-0.982465	-3.878191	-29.160430	 11.701920	-34.860050	-14.037970	-7.786707	 70.430000	 2.456264	-1.170029	 81.040410	 1.590373	 1.628216	-23.234000	-5.327580	-5.704928	 73.458210	-0.132224	 3.316789	 90.186100	-0.683608	 7.384372	 0.501705	 28.565280	 9.306891	 67.886570	-5.960826	 20.007060	 78.238130	-4.514743	 19.834650	-3.725303	 13.758450	 3.529296	 77.483610	-3.484296	 9.763653	 74.841640	-2.516594	 12.286290	 3.829619	-33.508510	-1.738573	 26.783220	 37.034400	-0.542707	 0.321687	 36.430210	-0.405623	 3.629812	 0.000000	 90.000000	 0.000000	 169.880500	 13.291830	 163.486000	-176.053500	-2.379320	-4.815853
-0.001683	-0.117775	 0.013256	 171.927200	 3.888546	-87.095420	-12.575020	 3.935952	-1.545379	-10.941490	 9.957553	-1.609941	 1.646845	-6.654291	 110.423800	-0.813313	 0.122417	-8.559153	-55.410830	-22.850370	 16.100490	-3.472808	 30.495340	 1.234072	-13.019990	 24.763850	-67.693400	-5.466561	-2.015671	 9.912610	 2.503324	-1.126932	 4.512146	 3.269194	-0.634905	-79.900480	 3.853923	 3.126897	 11.951120	-0.275905	 3.148022	 9.006140	 2.905040	 4.337469	-70.325130	 37.252330	 19.739660	 15.019220	-6.822537	 19.211440	 10.820750	-5.640137	 19.245850	-70.288410	 18.397940	 10.363120	 21.418580	-3.898858	 9.395122	 9.460192	-0.473463	 9.974930	-72.425380	-57.375410	-11.456890	 6.675953	 9.284960	-0.525222	 0.082313	-19.390840	-0.175535	 3.200025	 1.546975	-3.972477	 90.453690	-93.079090	-1.192938	-104.310200	-178.907800	-6.096632	 99.919940	-0.813313	 0.122417	-8.559153	-58.750470	-37.476440	-8.859735	-44.659790	-0.739495	-3.908780	-28.535800	 11.653120	-34.927400	-14.035050	-7.781633	 70.408960	 2.456268	-1.170002	 81.010230	 1.591462	 1.627707	-23.257210	-5.304744	-5.650558	 73.283670	-0.132225	 3.315090	 89.614150	-0.639238	 7.380236	-0.126158	 28.607380	 9.445249	 67.420820	-5.962994	 19.997640	 77.696950	-4.522849	 19.820390	-4.565283	 13.778060	 3.615348	 77.039260	-3.484296	 9.763653	 74.841640	-2.487690	 12.280660	 3.160446	-33.524390	-1.753047	 26.755460	 37.000100	-0.542765	 0.321393	 36.362290	-0.405616	 3.629192	 0.000000	 90.000000	 0.000000	 169.788100	 13.399570	 163.252000	-176.071000	-2.348391	-4.750735
-0.001444	-0.117852	 0.013103	 171.870800	 3.896020	-87.065200	-12.574190	 3.941917	-1.547017	-10.941750	 9.988606	-1.606960	 1.648563	-6.660903	 110.423900	-0.813313	 0.122417	-8.559153	-55.396730	-22.802540	 16.053190	-3.475610	 30.449010	 1.236568	-13.016570	 24.694420	-67.638470	-5.466561	-2.015671	 9.912610	 2.503324	-1.126932	 4.512146	 3.269194	-0.634905	-79.900480	 3.854712	 3.127243	 11.951080	-0.275905	 3.148022	 9.006140	 2.905054	 4.337414	-70.325940	 37.253820	 19.740210	 15.018710	-6.822537	 19.211440	 10.820750	-5.640158	 19.245860	-70.289550	 18.398920	 10.363630	 21.418390	-3.898858	 9.395122	 9.460192	-0.473463	 9.974930	-72.425380	-57.374580	-11.456760	 6.675765	 9.284960	-0.525222	 0.082313	-19.390840	-0.175535	 3.200025	 1.550779	-3.937072	 90.456360	-92.987740	-0.964488	-103.920000	-178.896200	-6.158919	 99.957380	-0.813313	 0.122417	-8.559153	-58.317210	-37.431800	-8.354419	-45.764550	-0.565991	-3.931481	-27.895090	 11.526910	-34.964290	-14.032180	-7.776664	 70.388380	 2.456272	-1.169976	 80.980700	 1.592527	 1.627207	-23.279920	-5.281302	-5.595266	 73.106140	-0.132244	 3.313362	 89.032340	-0.594152	 7.375536	-0.764857	 28.651660	 9.585977	 66.946520	-5.965292	 19.988060	 77.146430	-4.531322	 19.805990	-5.419681	 13.798870	 3.702995	 76.587110	-3.484296	 9.763653	 74.841640	-2.458359	 12.274590	 2.479745	-33.539940	-1.767188	 26.728320	 36.966490	-0.542812	 0.321104	 36.295830	-0.405605	 3.628589	 0.000000	 90.000000	 0.000000	 169.713100	 13.498210	 162.991300	-176.086700	-2.321502	-4.675974
-0.001229	-0.117946	 0.012965	 171.809300	 3.910477	-87.040990	-12.573070	 3.949463	-1.549094	-10.942000	 10.021530	-1.603582	 1.650784	-6.669441	 110.424100	-0.813313	 0.122417	-8.559153	-55.378590	-22.749280	 16.004740	-3.478654	 30.395090	 1.239377	-13.025380	 24.616090	-67.542990	-5.466561	-2.015671	 9.912610	 2.503324	-1.126932	 4.512146	 3.269194	-0.634905	-79.900480	 3.855600	 3.127631	 11.951030	-0.275905	 3.148022	 9.006140	 2.905070	 4.337349	-70.326880	 37.255510	 19.740840	 15.018140	-6.822537	 19.211440	 10.820750	-5.640186	 19.245860	-70.290840	 18.400050	 10.364210	 21.418170	-3.898858	 9.395122	 9.460192	-0.473463	 9.974930	-72.425380	-57.373620	-11.456630	 6.675549	 9.284960	-0.525222	 0.082313	-19.390840	-0.175535	 3.200025	 1.555065	-3.913651	 90.459530	-92.898640	-0.701675	-103.488500	-178.878000	-6.247256	 100.053500	-0.813313	 0.122417	-8.559153	-57.748250	-37.390860	-7.678053	-46.988020	-0.412971	-3.952267	-26.976300	 11.299620	-35.020720	-14.028990	-7.771143	 70.365530	 2.456277	-1.169948	 80.947940	 1.593708	 1.626652	-23.305130	-5.253983	-5.531439	 72.901020	-0.132287	 3.311366	 88.360360	-0.542154	 7.369486	-1.502465	 28.704620	 9.748432	 66.398120	-5.968071	 19.977040	 76.510680	-4.541389	 19.789510	-6.406376	 13.823970	 3.804308	 76.064740	-3.484296	 9.763653	 74.841640	-2.424579	 12.267170	 1.693597	-33.557230	-1.782895	 26.698120	 36.929190	-0.542862	 0.320780	 36.222040	-0.405607	 3.627917	 0.000000	 90.000000	 0.000000	 169.644700	 13.601690	 162.670100	-176.098900	-2.298031	-4.578093
-0.001073	-0.117993	 0.012818	 171.757800	 3.926821	-87.027150	-12.571950	 3.956557	-1.551101	-10.942240	 10.046330	-1.600624	 1.652618	-6.676489	 110.424200	-0.813313	 0.122417	-8.559153	-55.361190	-22.704070	 15.967170	-3.481222	 30.347820	 1.241765	-13.042540	 24.548930	-67.435340	-5.466561	-2.015671	 9.912610	 2.503324	-1.126932	 4.512146	 3.269194	-0.634905	-79.900480	 3.856351	 3.127959	 11.950980	-0.275905	 3.148022	 9.006140	 2.905085	 4.337292	-70.327710	 37.256940	 19.741360	 15.017650	-6.822537	 19.211440	 10.820750	-5.640208	 19.245860	-70.291980	 18.401020	 10.364720	 21.417990	-3.898858	 9.395122	 9.460192	-0.473463	 9.974930	-72.425380	-57.372800	-11.456500	 6.675354	 9.284960	-0.525222	 0.082313	-19.390840	-0.175535	 3.200025	 1.558885	-3.922762	 90.462480	-92.842190	-0.472953	-103.119100	-178.859900	-6.334363	 100.146500	-0.813313	 0.122417	-8.559153	-57.141620	-37.345250	-6.990042	-48.048350	-0.281351	-3.970085	-26.140230	 11.064620	-34.955260	-14.026280	-7.766454	 70.346030	 2.456281	-1.169922	 80.919980	 1.594717	 1.626178	-23.326650	-5.229565	-5.474953	 72.719400	-0.132345	 3.309600	 87.765380	-0.496183	 7.363577	-2.155537	 28.753140	 9.892204	 65.911990	-5.970642	 19.967300	 75.947820	-4.550553	 19.775070	-7.279938	 13.847150	 3.894095	 75.602040	-3.484296	 9.763653	 74.841640	-2.394759	 12.260210	 0.997531	-33.571980	-1.796290	 26.672390	 36.897370	-0.542908	 0.320507	 36.159080	-0.405604	 3.627346	 0.000000	 90.000000	 0.000000	 169.590500	 13.684880	 162.406900	-176.097600	-2.768552	-5.033233
-0.001147	-0.119044	 0.012803	 171.714600	 3.946175	-87.018650	-12.570860	 3.963556	-1.553183	-10.942290	 10.064880	-1.599002	 1.653961	-6.681656	 110.424300	-0.813313	 0.122417	-8.559153	-55.343490	-22.662420	 15.935580	-3.483593	 30.303440	 1.243998	-13.065640	 24.486880	-67.315970	-5.466561	-2.015671	 9.912610	 2.503324	-1.126932	 4.512146	 3.269194	-0.634905	-79.900480	 3.857045	 3.128263	 11.950950	-0.275905	 3.148022	 9.006140	 2.905098	 4.337238	-70.328510	 37.258260	 19.741850	 15.017200	-6.822537	 19.211440	 10.820750	-5.640231	 19.245860	-70.293070	 18.401880	 10.365160	 21.417820	-3.898858	 9.395122	 9.460192	-0.473463	 9.974930	-72.425380	-57.372020	-11.456390	 6.675157	 9.284960	-0.525222	 0.082313	-19.390840	-0.175535	 3.200025	 1.562546	-3.953037	 90.465420	-92.814640	-0.259423	-102.771000	-178.840600	-6.420592	 100.268900	-0.813313	 0.122417	-8.559153	-56.453760	-37.283840	-6.252167	-49.068150	-0.124555	-3.990285	-25.614200	 10.876850	-34.624240	-14.023750	-7.762068	 70.327840	 2.456285	-1.169899	 80.893930	 1.595657	 1.625736	-23.346710	-5.205864	-5.420627	 72.544690	-0.132418	 3.307901	 87.193120	-0.452030	 7.357402	-2.783731	 28.801260	 10.030420	 65.443900	-5.973208	 19.957950	 75.406460	-4.559587	 19.761300	-8.120097	 13.870310	 3.980522	 75.156840	-3.484296	 9.763653	 74.841640	-2.366162	 12.253190	 0.328064	-33.585730	-1.808762	 26.648400	 36.867710	-0.542954	 0.320252	 36.100410	-0.405599	 3.626812	 0.000000	 90.000000	 0.000000	 169.541900	 13.759690	 162.166600	-176.108300	-3.056836	-6.170982
-0.001296	-0.120389	 0.012804	 171.673000	 3.972752	-87.013690	-12.569570	 3.971929	-1.556853	-10.941870	 10.078700	-1.600718	 1.654649	-6.684303	 110.424300	-0.813313	 0.122417	-8.559153	-55.321870	-22.616010	 15.904150	-3.486232	 30.253610	 1.246482	-13.099080	 24.417750	-67.161250	-5.466561	-2.015671	 9.912610	 2.503324	-1.126932	 4.512146	 3.269194	-0.634905	-79.900480	 3.857758	 3.128575	 11.950900	-0.275905	 3.148022	 9.006140	 2.905114	 4.337173	-70.329440	 37.259640	 19.742360	 15.016720	-6.822537	 19.211440	 10.820750	-5.640260	 19.245860	-70.294360	 18.402800	 10.365640	 21.417640	-3.898858	 9.395122	 9.460192	-0.473463	 9.974930	-72.425380	-57.371240	-11.456280	 6.674900	 9.284960	-0.525222	 0.082313	-19.390840	-0.175535	 3.200025	 1.566823	-4.009477	 90.469020	-92.802640	 0.008179	-102.364500	-178.817200	-6.518650	 100.436000	-0.813313	 0.122417	-8.559153	-55.555610	-37.171820	-5.314531	-50.281890	 0.314699	-4.005690	-25.353170	 10.902830	-33.874240	-14.020870	-7.757091	 70.307200	 2.456290	-1.169873	 80.864320	 1.596725	 1.625233	-23.369510	-5.177761	-5.356833	 72.339450	-0.132525	 3.305907	 86.520810	-0.400253	 7.349536	-3.521683	 28.859600	 10.192660	 64.893330	-5.976343	 19.947000	 74.770460	-4.570471	 19.745270	-9.107070	 13.898590	 4.082137	 74.633610	-3.484296	 9.763653	 74.841640	-2.332676	 12.244530	-0.458428	-33.601390	-1.822950	 26.621080	 36.833980	-0.543012	 0.319963	 36.033700	-0.405588	 3.626206	 0.000000	 90.000000	 0.000000	 169.486300	 13.842510	 161.892400	-176.120800	-3.310289	-7.538427
-0.001353	-0.120944	 0.012758	 171.645200	 3.998302	-87.012570	-12.568430	 3.979225	-1.562522	-10.941050	 10.083940	-1.605369	 1.654118	-6.682277	 110.424200	-0.813313	 0.122417	-8.559153	-55.302790	-22.578470	 15.882000	-3.488369	 30.213600	 1.248494	-13.131630	 24.362280	-67.020280	-5.466561	-2.015671	 9.912610	 2.503324	-1.126932	 4.512146	 3.269194	-0.634905	-79.900480	 3.858298	 3.128811	 11.950870	-0.275905	 3.148022	 9.006140	 2.905128	 4.337116	-70.330270	 37.260680	 19.742740	 15.016380	-6.822537	 19.211440	 10.820750	-5.640282	 19.245860	-70.295500	 18.403500	 10.366000	 21.417510	-3.898858	 9.395122	 9.460192	-0.473463	 9.974930	-72.425380	-57.370650	-11.456200	 6.674657	 9.284960	-0.525222	 0.082313	-19.390840	-0.175535	 3.200025	 1.570492	-4.077341	 90.472260	-92.797370	 0.286422	-102.010800	-178.798200	-6.594562	 100.584300	-0.813313	 0.122417	-8.559153	-54.742500	-37.018150	-4.468890	-51.261390	 0.904460	-3.983911	-25.201340	 11.085930	-33.013710	-14.018460	-7.752935	 70.289980	 2.456293	-1.169851	 80.839610	 1.597616	 1.624814	-23.388520	-5.153366	-5.301978	 72.162860	-0.132637	 3.304192	 85.942450	-0.355798	 7.342241	-4.156484	 28.911360	 10.332110	 64.419150	-5.979140	 19.937610	 74.223420	-4.580067	 19.731640	-9.955998	 13.923840	 4.169579	 74.183390	-3.484296	 9.763653	 74.841640	-2.303972	 12.236710	-1.134918	-33.614450	-1.834777	 26.598310	 36.805850	-0.543045	 0.319718	 35.978030	-0.405586	 3.625700	 0.000000	 90.000000	 0.000000	 169.437800	 13.911240	 161.656900	-176.115000	-3.457306	-8.267213
-0.001426	-0.121347	 0.012727	 171.623300	 4.024873	-87.015460	-12.567360	 3.986357	-1.570542	-10.939790	 10.083560	-1.612879	 1.652193	-6.674902	 110.423900	-0.813313	 0.122417	-8.559153	-55.283860	-22.543980	 15.864760	-3.490379	 30.177720	 1.250357	-13.165540	 24.312060	-66.878650	-5.466561	-2.015671	 9.912610	 2.503324	-1.126932	 4.512146	 3.269194	-0.634905	-79.900480	 3.858759	 3.129014	 11.950850	-0.275905	 3.148022	 9.006140	 2.905143	 4.337060	-70.331090	 37.261610	 19.743080	 15.016060	-6.822537	 19.211440	 10.820750	-5.640304	 19.245870	-70.296650	 18.404120	 10.366320	 21.417390	-3.898858	 9.395122	 9.460192	-0.473463	 9.974930	-72.425380	-57.370180	-11.456140	 6.674384	 9.284960	-0.525222	 0.082313	-19.390840	-0.175535	 3.200025	 1.574109	-4.167867	 90.475590	-92.805130	 0.600259	-101.655200	-178.776700	-6.674186	 100.766200	-0.813313	 0.122417	-8.559153	-53.938650	-36.825120	-3.621721	-52.081550	 1.488485	-3.923740	-25.217800	 11.280910	-32.068060	-14.016160	-7.748955	 70.273470	 2.456297	-1.169830	 80.815950	 1.598469	 1.624411	-23.406730	-5.129186	-5.248071	 71.989170	-0.132763	 3.302507	 85.373790	-0.312167	 7.334590	-4.780681	 28.963660	 10.469090	 63.952400	-5.981985	 19.928400	 73.685520	-4.589708	 19.718360	-10.790670	 13.949500	 4.255599	 73.740500	-3.484296	 9.763653	 74.841640	-2.275840	 12.228710	-1.800174	-33.626960	-1.846098	 26.576500	 36.778900	-0.543083	 0.319487	 35.924760	-0.405580	 3.625216	 0.000000	 90.000000	 0.000000	 169.387200	 13.978410	 161.419000	-176.096600	-3.538392	-8.831887
-0.001529	-0.121699	 0.012712	 171.601500	 4.054675	-87.025610	-12.566240	 3.994257	-1.583001	-10.937820	 10.076900	-1.625160	 1.648180	-6.659506	 110.423500	-0.813313	 0.122417	-8.559153	-55.262330	-22.507830	 15.850790	-3.492514	 30.142050	 1.252290	-13.204670	 24.260960	-66.718780	-5.466561	-2.015671	 9.912610	 2.503324	-1.126932	 4.512146	 3.269194	-0.634905	-79.900480	 3.859223	 3.129216	 11.950820	-0.275905	 3.148022	 9.006140	 2.905160	 4.336994	-70.332050	 37.262500	 19.743410	 15.015760	-6.822537	 19.211440	 10.820750	-5.640331	 19.245870	-70.297950	 18.404720	 10.366630	 21.417270	-3.898858	 9.395122	 9.460192	-0.473463	 9.974930	-72.425380	-57.369740	-11.456090	 6.674060	 9.284960	-0.525222	 0.082313	-19.390840	-0.175535	 3.200025	 1.578325	-4.301264	 90.479630	-92.852170	 1.006235	-101.233900	-178.742100	-6.797719	 101.068200	-0.813313	 0.122417	-8.559153	-53.056000	-36.568090	-2.659462	-52.888690	 2.307251	-3.817598	-25.386060	 11.651490	-30.868520	-14.013600	-7.744537	 70.255130	 2.456301	-1.169807	 80.789690	 1.599416	 1.623964	-23.426960	-5.101311	-5.186507	 71.790790	-0.132928	 3.300584	 84.724210	-0.262440	 7.325278	-5.493620	 29.025110	 10.625370	 63.418640	-5.985354	 19.917910	 73.071230	-4.600973	 19.703360	-11.743970	 13.979810	 4.353867	 73.234440	-3.484296	 9.763653	 74.841640	-2.243829	 12.219180	-2.559941	-33.640870	-1.858668	 26.552270	 36.748990	-0.543122	 0.319229	 35.865530	-0.405577	 3.624680	 0.000000	 90.000000	 0.000000	 169.327700	 14.052280	 161.154100	-176.065800	-3.642899	-9.384224
-0.001639	-0.121850	 0.012726	 171.584500	 4.077522	-87.038910	-12.565480	 4.000546	-1.596661	-10.935600	 10.066370	-1.638903	 1.643441	-6.641323	 110.422900	-0.813313	 0.122417	-8.559153	-55.244380	-22.480500	 15.844520	-3.494216	 30.108020	 1.253942	-13.235740	 24.214710	-66.591770	-5.466561	-2.015671	 9.912610	 2.503324	-1.126932	 4.512146	 3.269194	-0.634905	-79.900480	 3.859530	 3.129351	 11.950800	-0.275905	 3.148022	 9.006140	 2.905173	 4.336937	-70.332860	 37.263130	 19.743640	 15.015540	-6.822537	 19.211440	 10.820750	-5.640353	 19.245870	-70.299110	 18.405130	 10.366840	 21.417190	-3.898858	 9.395122	 9.460192	-0.473463	 9.974930	-72.425380	-57.369440	-11.456060	 6.673764	 9.284960	-0.525222	 0.082313	-19.390840	-0.175535	 3.200025	 1.581958	-4.441004	 90.483250	-92.922820	 1.385826	-100.898500	-178.706100	-6.926037	 101.367000	-0.813313	 0.122417	-8.559153	-52.273680	-36.293370	-1.833061	-53.516740	 3.121555	-3.701146	-25.599880	 12.080160	-29.810440	-14.011480	-7.740888	 70.239980	 2.456304	-1.169788	 80.767970	 1.600200	 1.623594	-23.443700	-5.077462	-5.134304	 71.622470	-0.133085	 3.298954	 84.173100	-0.220343	 7.316893	-6.098497	 29.078700	 10.757810	 62.965210	-5.988296	 19.909040	 72.550000	-4.610734	 19.690770	-12.552750	 14.006380	 4.437270	 72.804930	-3.484296	 9.763653	 74.841640	-2.216773	 12.210760	-3.204553	-33.652390	-1.869073	 26.532210	 36.724200	-0.543158	 0.319016	 35.816560	-0.405563	 3.624232	 0.000000	 90.000000	 0.000000	 169.280600	 14.108020	 160.957400	-176.028600	-3.719679	-9.715434
-0.001788	-0.121965	 0.012745	 171.569200	 4.094958	-87.054180	-12.564980	 4.005851	-1.612280	-10.933080	 10.052800	-1.654625	 1.638077	-6.620741	 110.422300	-0.813313	 0.122417	-8.559153	-55.228130	-22.458460	 15.844520	-3.495630	 30.063220	 1.255656	-13.260450	 24.159450	-66.487860	-5.466561	-2.015671	 9.912610	 2.503324	-1.126932	 4.512146	 3.269194	-0.634905	-79.900480	 3.859763	 3.129452	 11.950780	-0.275905	 3.148022	 9.006140	 2.905188	 4.336883	-70.333660	 37.263630	 19.743830	 15.015370	-6.822537	 19.211440	 10.820750	-5.640377	 19.245870	-70.300190	 18.405460	 10.367010	 21.417130	-3.898858	 9.395122	 9.460192	-0.473463	 9.974930	-72.425380	-57.369270	-11.456050	 6.673455	 9.284960	-0.525222	 0.082313	-19.390840	-0.175535	 3.200025	 1.585409	-4.594555	 90.486820	-93.012410	 1.764585	-100.640000	-178.669000	-7.061509	 101.646800	-0.813313	 0.122417	-8.559153	-51.427540	-35.951150	-1.031670	-54.100280	 3.971211	-3.574707	-25.809000	 12.567100	-28.848240	-14.009550	-7.737562	 70.226160	 2.456307	-1.169771	 80.748180	 1.600913	 1.623257	-23.458930	-5.055112	-5.085765	 71.465850	-0.133244	 3.297440	 83.660420	-0.181267	 7.308700	-6.661143	 29.129700	 10.880840	 62.543010	-5.991115	 19.900810	 72.065190	-4.619982	 19.679180	-13.305040	 14.031790	 4.514842	 72.405260	-3.484296	 9.763653	 74.841640	-2.191693	 12.202670	-3.804182	-33.662850	-1.878524	 26.513970	 36.701670	-0.543192	 0.318822	 35.771980	-0.405562	 3.623829	 0.000000	 90.000000	 0.000000	 169.239900	 14.154460	 160.793200	-175.989400	-3.782931	-10.058300
-0.002010	-0.122012	 0.012784	 171.553800	 4.110730	-87.077290	-12.564780	 4.011272	-1.635076	-10.929420	 10.032250	-1.677423	 1.630679	-6.592348	 110.421500	-0.813313	 0.122417	-8.559153	-55.209740	-22.437350	 15.852870	-3.497140	 29.993580	 1.257960	-13.300520	 24.087250	-66.382380	-5.466561	-2.015671	 9.912610	 2.503324	-1.126932	 4.512146	 3.269194	-0.634905	-79.900480	 3.859975	 3.129545	 11.950770	-0.275905	 3.148022	 9.006140	 2.905204	 4.336815	-70.334650	 37.264100	 19.744000	 15.015210	-6.822537	 19.211440	 10.820750	-5.640408	 19.245870	-70.301540	 18.405770	 10.367170	 21.417070	-3.898858	 9.395122	 9.460192	-0.473463	 9.974930	-72.425380	-57.369150	-11.456050	 6.673061	 9.284960	-0.525222	 0.082313	-19.390840	-0.175535	 3.200025	 1.589612	-4.809774	 90.491350	-93.148310	 2.239982	-100.380900	-178.620200	-7.237891	 102.000300	-0.813313	 0.122417	-8.559153	-50.263460	-35.456050	 0.026571	-54.860360	 5.090027	-3.405773	-26.109170	 13.233380	-27.651820	-14.007300	-7.733696	 70.210130	 2.456310	-1.169750	 80.725180	 1.601743	 1.622864	-23.476680	-5.028312	-5.028040	 71.279480	-0.133453	 3.295639	 83.050420	-0.134879	 7.298455	-7.330627	 29.191890	 11.027040	 62.040040	-5.994564	 19.891040	 71.488370	-4.631197	 19.665530	-14.200080	 14.062900	 4.607134	 71.929550	-3.484296	 9.763653	 74.841640	-2.161970	 12.192710	-4.517592	-33.675080	-1.889538	 26.492720	 36.675450	-0.543234	 0.318595	 35.720110	-0.405548	 3.623357	 0.000000	 90.000000	 0.000000	 169.196400	 14.203450	 160.615300	-175.935100	-3.847634	-10.440380
-0.002232	-0.121976	 0.012854	 171.548500	 4.121122	-87.103520	-12.565040	 4.014722	-1.657972	-10.925760	 10.011810	-1.700066	 1.623913	-6.566370	 110.420800	-0.813313	 0.122417	-8.559153	-55.195680	-22.424960	 15.867820	-3.498171	 29.922570	 1.260007	-13.363400	 24.033110	-66.308240	-5.466561	-2.015671	 9.912610	 2.503324	-1.126932	 4.512146	 3.269194	-0.634905	-79.900480	 3.860071	 3.129588	 11.950770	-0.275905	 3.148022	 9.006140	 2.905219	 4.336757	-70.335490	 37.264350	 19.744090	 15.015120	-6.822537	 19.211440	 10.820750	-5.640427	 19.245880	-70.302700	 18.405940	 10.367260	 21.417040	-3.898858	 9.395122	 9.460192	-0.473463	 9.974930	-72.425380	-57.369130	-11.456070	 6.672701	 9.284960	-0.525222	 0.082313	-19.390840	-0.175535	 3.200025	 1.593170	-5.017707	 90.495410	-93.284650	 2.646476	-100.189400	-178.573700	-7.390946	 102.370700	-0.813313	 0.122417	-8.559153	-49.155670	-34.995600	 1.067030	-55.485580	 6.088295	-3.249726	-26.501240	 13.820390	-26.452880	-14.005480	-7.730562	 70.197120	 2.456313	-1.169734	 80.706550	 1.602416	 1.622545	-23.491040	-5.005973	-4.980323	 71.125360	-0.133640	 3.294153	 82.545960	-0.096612	 7.289577	-7.884252	 29.244530	 11.147770	 61.623650	-5.997495	 19.883000	 71.011340	-4.640640	 19.654370	-14.940240	 14.089340	 4.683436	 71.535970	-3.484296	 9.763653	 74.841640	-2.137484	 12.184200	-5.107608	-33.684970	-1.898445	 26.475490	 36.654210	-0.543259	 0.318413	 35.678080	-0.405552	 3.622977	 0.000000	 90.000000	 0.000000	 169.165100	 14.239190	 160.476600	-175.884200	-3.892837	-10.741170
-0.002477	-0.121887	 0.012946	 171.550700	 4.127420	-87.134090	-12.565740	 4.016773	-1.683084	-10.921770	 9.990304	-1.724561	 1.617278	-6.540891	 110.420100	-0.813313	 0.122417	-8.559153	-55.183180	-22.419750	 15.889660	-3.498688	 29.844320	 1.261942	-13.444560	 23.987040	-66.251710	-5.466561	-2.015671	 9.912610	 2.503324	-1.126932	 4.512146	 3.269194	-0.634905	-79.900480	 3.860109	 3.129604	 11.950760	-0.275905	 3.148022	 9.006140	 2.905233	 4.336700	-70.336310	 37.264500	 19.744150	 15.015070	-6.822537	 19.211440	 10.820750	-5.640452	 19.245880	-70.303820	 18.406030	 10.367310	 21.417020	-3.898858	 9.395122	 9.460192	-0.473463	 9.974930	-72.425380	-57.369200	-11.456100	 6.672348	 9.284960	-0.525222	 0.082313	-19.390840	-0.175535	 3.200025	 1.597192	-5.307884	 90.499730	-93.503200	 3.044544	-100.010100	-178.526400	-7.534218	 102.770900	-0.813313	 0.122417	-8.559153	-48.029990	-34.521140	 2.135818	-55.948390	 7.054240	-3.089548	-26.967020	 14.379880	-25.180790	-14.003820	-7.727708	 70.185310	 2.456316	-1.169719	 80.689590	 1.603027	 1.622256	-23.504100	-4.985145	-4.936145	 70.982580	-0.133824	 3.292777	 82.078720	-0.061249	 7.281028	-8.396987	 29.294280	 11.259420	 61.237610	-6.000272	 19.875560	 70.569560	-4.649521	 19.644150	-15.625730	 14.114420	 4.754110	 71.171340	-3.484296	 9.763653	 74.841640	-2.114891	 12.176090	-5.653987	-33.693950	-1.906552	 26.459840	 36.634890	-0.543287	 0.318247	 35.639850	-0.405544	 3.622627	 0.000000	 90.000000	 0.000000	 169.140900	 14.268790	 160.349300	-175.832400	-3.928302	-11.013990
-0.002799	-0.121721	 0.013056	 171.562700	 4.125456	-87.176100	-12.567240	 4.017404	-1.716277	-10.916560	 9.963732	-1.756391	 1.609722	-6.511874	 110.419300	-0.813313	 0.122417	-8.559153	-55.169300	-22.424720	 15.925130	-3.498102	 29.740490	 1.263790	-13.559010	 23.939410	-66.201830	-5.466561	-2.015671	 9.912610	 2.503324	-1.126932	 4.512146	 3.269194	-0.634905	-79.900480	 3.860071	 3.129588	 11.950770	-0.275905	 3.148022	 9.006140	 2.905251	 4.336636	-70.337260	 37.264500	 19.744150	 15.015070	-6.822537	 19.211440	 10.820750	-5.640478	 19.245880	-70.305140	 18.406040	 10.367310	 21.417020	-3.898858	 9.395122	 9.460192	-0.473463	 9.974930	-72.425380	-57.369390	-11.456160	 6.671885	 9.284960	-0.525222	 0.082313	-19.390840	-0.175535	 3.200025	 1.603289	-5.824748	 90.505640	-93.941560	 3.521258	-99.779340	-178.470700	-7.688788	 103.269600	-0.813313	 0.122417	-8.559153	-46.692040	-33.933590	 3.398900	-56.335980	 8.161010	-2.897511	-27.577690	 15.002380	-23.604220	-14.002020	-7.724604	 70.172420	 2.456319	-1.169702	 80.671100	 1.603695	 1.621939	-23.518370	-4.961902	-4.887199	 70.824320	-0.134041	 3.291253	 81.560840	-0.022147	 7.271188	-8.965277	 29.350510	 11.382980	 60.809310	-6.003423	 19.867350	 70.079950	-4.659514	 19.632920	-16.385430	 14.142850	 4.832390	 70.767070	-3.484296	 9.763653	 74.841640	-2.089942	 12.166870	-6.259605	-33.703800	-1.915391	 26.442760	 36.613800	-0.543319	 0.318065	 35.598160	-0.405534	 3.622250	 0.000000	 90.000000	 0.000000	 169.120700	 14.298110	 160.201600	-175.770500	-3.960717	-11.318920
-0.003104	-0.121533	 0.013135	 171.588100	 4.115735	-87.217630	-12.569150	 4.016194	-1.748325	-10.911610	 9.940297	-1.786551	 1.603670	-6.488624	 110.418800	-0.813313	 0.122417	-8.559153	-55.158370	-22.438750	 15.964580	-3.496659	 29.642290	 1.265057	-13.669710	 23.902320	-66.170460	-5.466561	-2.015671	 9.912610	 2.503324	-1.126932	 4.512146	 3.269194	-0.634905	-79.900480	 3.859975	 3.129545	 11.950770	-0.275905	 3.148022	 9.006140	 2.905265	 4.336578	-70.338100	 37.264410	 19.744120	 15.015110	-6.822537	 19.211440	 10.820750	-5.640499	 19.245880	-70.306290	 18.405980	 10.367280	 21.417030	-3.898858	 9.395122	 9.460192	-0.473463	 9.974930	-72.425380	-57.369630	-11.456210	 6.671484	 9.284960	-0.525222	 0.082313	-19.390840	-0.175535	 3.200025	 1.609215	-6.347239	 90.511120	-94.406910	 3.913350	-99.545250	-178.430100	-7.776461	 103.706900	-0.813313	 0.122417	-8.559153	-45.557110	-33.404640	 4.445383	-56.556950	 9.075904	-2.733210	-28.462170	 15.519320	-22.126160	-14.000570	-7.722126	 70.162130	 2.456321	-1.169689	 80.656360	 1.604227	 1.621687	-23.529740	-4.942945	-4.847550	 70.696050	-0.134228	 3.290021	 81.141200	 0.009467	 7.262928	-9.425792	 29.396920	 11.482950	 60.461860	-6.006032	 19.860710	 69.683170	-4.667727	 19.623920	-17.001030	 14.166400	 4.895819	 70.439370	-3.484296	 9.763653	 74.841640	-2.069798	 12.159200	-6.750350	-33.711640	-1.922448	 26.429120	 36.596990	-0.543340	 0.317919	 35.564880	-0.405529	 3.621947	 0.000000	 90.000000	 0.000000	 169.110900	 14.319560	 160.069100	-175.717300	-3.981879	-11.576950
-0.003457	-0.121285	 0.013181	 171.630000	 4.100905	-87.263810	-12.571760	 4.013104	-1.784347	-10.906070	 9.916508	-1.819832	 1.598196	-6.467587	 110.418300	-0.813313	 0.122417	-8.559153	-55.148740	-22.462400	 16.013490	-3.494354	 29.535780	 1.266039	-13.789280	 23.867020	-66.147190	-5.466561	-2.015671	 9.912610	 2.503324	-1.126932	 4.512146	 3.269194	-0.634905	-79.900480	 3.859820	 3.129478	 11.950780	-0.275905	 3.148022	 9.006140	 2.905279	 4.336521	-70.338950	 37.264200	 19.744040	 15.015180	-6.822537	 19.211440	 10.820750	-5.640523	 19.245880	-70.307430	 18.405840	 10.367210	 21.417050	-3.898858	 9.395122	 9.460192	-0.473463	 9.974930	-72.425380	-57.369930	-11.456290	 6.671074	 9.284960	-0.525222	 0.082313	-19.390840	-0.175535	 3.200025	 1.615248	-6.878716	 90.516800	-94.896970	 4.238611	-99.316110	-178.399500	-7.810964	 104.141500	-0.813313	 0.122417	-8.559153	-44.524020	-32.809380	 5.192574	-56.517770	 9.940948	-2.567516	-29.728190	 16.000840	-20.528250	-13.999220	-7.719798	 70.152440	 2.456323	-1.169677	 80.642460	 1.604729	 1.621449	-23.540480	-4.924784	-4.809786	 70.573810	-0.134414	 3.288847	 80.741230	 0.039533	 7.254827	-9.864666	 29.441870	 11.578110	 60.130500	-6.008563	 19.854400	 69.305080	-4.675651	 19.615420	-17.587720	 14.189250	 4.956230	 70.126950	-3.484296	 9.763653	 74.841640	-2.050664	 12.151740	-7.218049	-33.719040	-1.929090	 26.416280	 36.581140	-0.543365	 0.317783	 35.533510	-0.405525	 3.621664	 0.000000	 90.000000	 0.000000	 169.104200	 14.337030	 159.948200	-175.662900	-3.997258	-11.795740
-0.003976	-0.120901	 0.013221	 171.717900	 4.091500	-87.328510	-12.572430	 4.007483	-1.838571	-10.897930	 9.886125	-1.869050	 1.593105	-6.448015	 110.417800	-0.813313	 0.122417	-8.559153	-55.139780	-22.502030	 16.082650	-3.490737	 29.407760	 1.266754	-13.929200	 23.827870	-66.128410	-5.466561	-2.015671	 9.912610	 2.503324	-1.126932	 4.512146	 3.269194	-0.634905	-79.900480	 3.859569	 3.129368	 11.950800	-0.275905	 3.148022	 9.006140	 2.905296	 4.336453	-70.339900	 37.263850	 19.743910	 15.015300	-6.822537	 19.211440	 10.820750	-5.640553	 19.245880	-70.308750	 18.405590	 10.367080	 21.417100	-3.898858	 9.395122	 9.460192	-0.473463	 9.974930	-72.425380	-57.370390	-11.456390	 6.670558	 9.284960	-0.525222	 0.082313	-19.390840	-0.175535	 3.200025	 1.622564	-7.532414	 90.523620	-95.523210	 4.510883	-99.138950	-178.395700	-7.707152	 104.603100	-0.813313	 0.122417	-8.559153	-43.549310	-32.063950	 5.520039	-55.753270	 11.157870	-2.388359	-31.616390	 16.763340	-18.448570	-13.997790	-7.717354	 70.142310	 2.456326	-1.169664	 80.627940	 1.605254	 1.621199	-23.551690	-4.905504	-4.769934	 70.444740	-0.134620	 3.287609	 80.318960	 0.071206	 7.246021	-10.328010	 29.490070	 11.678410	 59.780300	-6.011277	 19.847750	 68.905870	-4.684113	 19.606530	-18.207050	 14.213820	 5.019983	 69.797020	-3.484296	 9.763653	 74.841640	-2.030533	 12.143690	-7.711793	-33.726760	-1.936034	 26.402860	 36.564580	-0.543385	 0.317639	 35.500770	-0.405517	 3.621364	 0.000000	 90.000000	 0.000000	 169.096100	 14.340310	 159.859100	-175.599600	-4.007312	-11.933960
-0.004564	-0.120532	 0.013237	 171.828900	 4.093386	-87.397140	-12.567240	 4.001338	-1.904169	-10.888330	 9.853202	-1.928131	 1.590054	-6.436275	 110.417700	-0.813313	 0.122417	-8.559153	-55.134310	-22.546860	 16.153900	-3.487004	 29.295900	 1.267055	-14.045770	 23.794310	-66.116640	-5.466561	-2.015671	 9.912610	 2.503324	-1.126932	 4.512146	 3.269194	-0.634905	-79.900480	 3.859300	 3.129250	 11.950820	-0.275905	 3.148022	 9.006140	 2.905310	 4.336395	-70.340740	 37.263430	 19.743750	 15.015440	-6.822537	 19.211440	 10.820750	-5.640577	 19.245890	-70.309880	 18.405330	 10.366940	 21.417160	-3.898858	 9.395122	 9.460192	-0.473463	 9.974930	-72.425380	-57.370840	-11.456480	 6.670117	 9.284960	-0.525222	 0.082313	-19.390840	-0.175535	 3.200025	 1.630098	-8.227302	 90.530190	-96.202900	 4.733809	-99.024030	-178.425600	-7.489626	 104.892300	-0.813313	 0.122417	-8.559153	-42.875320	-31.429540	 5.453424	-54.478660	 12.433380	-2.260002	-34.017440	 17.637280	-16.413360	-13.996700	-7.715476	 70.134530	 2.456327	-1.169654	 80.616780	 1.605657	 1.621008	-23.560330	-4.890521	-4.739134	 70.345010	-0.134785	 3.286654	 79.992710	 0.095627	 7.239045	-10.685990	 29.527820	 11.755790	 59.509550	-6.013413	 19.842620	 68.597460	-4.690723	 19.599710	-18.685560	 14.233110	 5.069216	 69.542070	-3.484296	 9.763653	 74.841640	-2.015027	 12.137360	-8.093268	-33.732710	-1.941361	 26.392530	 36.551840	-0.543408	 0.317530	 35.475620	-0.405514	 3.621136	 0.000000	 90.000000	 0.000000	 169.093800	 14.321400	 159.807700	-175.547600	-4.010828	-11.991650
-0.005276	-0.120146	 0.013152	 171.966800	 4.094772	-87.474520	-12.557010	 3.993652	-1.986217	-10.876560	 9.813162	-2.001730	 1.588430	-6.430012	 110.417700	-0.813313	 0.122417	-8.559153	-55.131400	-22.602740	 16.237060	-3.482429	 29.180560	 1.266986	-14.157750	 23.758420	-66.106250	-5.466561	-2.015671	 9.912610	 2.503324	-1.126932	 4.512146	 3.269194	-0.634905	-79.900480	 3.858972	 3.129107	 11.950830	-0.275905	 3.148022	 9.006140	 2.905326	 4.336338	-70.341590	 37.262910	 19.743560	 15.015620	-6.822537	 19.211440	 10.820750	-5.640598	 19.245880	-70.311060	 18.404970	 10.366760	 21.417220	-3.898858	 9.395122	 9.460192	-0.473463	 9.974930	-72.425380	-57.371390	-11.456600	 6.669651	 9.284960	-0.525222	 0.082313	-19.390840	-0.175535	 3.200025	 1.638506	-9.007552	 90.537380	-96.975630	 4.933766	-98.921890	-178.482800	-7.176177	 105.056700	-0.813313	 0.122417	-8.559153	-42.383070	-30.782460	 4.934763	-53.176850	 14.098730	-2.175707	-36.783570	 18.790280	-14.163220	-13.995700	-7.713767	 70.127400	 2.456329	-1.169645	 80.606570	 1.606026	 1.620832	-23.568210	-4.876726	-4.710895	 70.253460	-0.134941	 3.285779	 79.693250	 0.118003	 7.232508	-11.014560	 29.562900	 11.826750	 59.260880	-6.015399	 19.837930	 68.314380	-4.696841	 19.593510	-19.124750	 14.251060	 5.114390	 69.307980	-3.484296	 9.763653	 74.841640	-2.000835	 12.131460	-8.443367	-33.738170	-1.946255	 26.383090	 36.540190	-0.543426	 0.317431	 35.452550	-0.405503	 3.620924	 0.000000	 90.000000	 0.000000	 169.099500	 14.288590	 159.760900	-175.484200	-4.031145	-12.027380
-0.006216	-0.119712	 0.012978	 172.171300	 4.092481	-87.574860	-12.539510	 3.982741	-2.096868	-10.861000	 9.758647	-2.100662	 1.588783	-6.431329	 110.417900	-0.813313	 0.122417	-8.559153	-55.132060	-22.680610	 16.345910	-3.476434	 29.046730	 1.266536	-14.273800	 23.712580	-66.093030	-5.466561	-2.015671	 9.912610	 2.503324	-1.126932	 4.512146	 3.269194	-0.634905	-79.900480	 3.858529	 3.128912	 11.950860	-0.275905	 3.148022	 9.006140	 2.905342	 4.336268	-70.342590	 37.262180	 19.743290	 15.015870	-6.822537	 19.211440	 10.820750	-5.640625	 19.245890	-70.312420	 18.404480	 10.366510	 21.417320	-3.898858	 9.395122	 9.460192	-0.473463	 9.974930	-72.425380	-57.372100	-11.456750	 6.669079	 9.284960	-0.525222	 0.082313	-19.390840	-0.175535	 3.200025	 1.648549	-9.928168	 90.546040	-97.904220	 5.047900	-98.807880	-178.585100	-6.662269	 105.180800	-0.813313	 0.122417	-8.559153	-42.078610	-30.143110	 4.062838	-51.402450	 16.590550	-2.123319	-39.831310	 20.466590	-11.226590	-13.994670	-7.712005	 70.120130	 2.456330	-1.169636	 80.596150	 1.606405	 1.620652	-23.576310	-4.862648	-4.682208	 70.160470	-0.135104	 3.284889	 79.389110	 0.140690	 7.225740	-11.348270	 29.598910	 11.898720	 59.008110	-6.017440	 19.833170	 68.026860	-4.703107	 19.587260	-19.570840	 14.269520	 5.160249	 69.070180	-3.484296	 9.763653	 74.841640	-1.986457	 12.125380	-8.799012	-33.743740	-1.951243	 26.373440	 36.528310	-0.543442	 0.317328	 35.429010	-0.405509	 3.620715	 0.000000	 90.000000	 0.000000	 169.121000	 14.242390	 159.690800	-175.380600	-4.108213	-12.083370
-0.007104	-0.119460	 0.012716	 172.375500	 4.080971	-87.667300	-12.519820	 3.971278	-2.203077	-10.841640	 9.704219	-2.195368	 1.591454	-6.441553	 110.418400	-0.813313	 0.122417	-8.559153	-55.136980	-22.759800	 16.450410	-3.470520	 28.931990	 1.265719	-14.371180	 23.658780	-65.989430	-5.466561	-2.015671	 9.912610	 2.503324	-1.126932	 4.512146	 3.269194	-0.634905	-79.900480	 3.858066	 3.128710	 11.950890	-0.275905	 3.148022	 9.006140	 2.905358	 4.336207	-70.343480	 37.261420	 19.743010	 15.016120	-6.822537	 19.211440	 10.820750	-5.640650	 19.245890	-70.313640	 18.403980	 10.366250	 21.417420	-3.898858	 9.395122	 9.460192	-0.473463	 9.974930	-72.425380	-57.372800	-11.456880	 6.668571	 9.284960	-0.525222	 0.082313	-19.390840	-0.175535	 3.200025	 1.657793	-10.769580	 90.553960	-98.765790	 5.073376	-98.681240	-178.691300	-6.143788	 105.259200	-0.813313	 0.122417	-8.559153	-42.201170	-29.683630	 2.846595	-49.475800	 18.699840	-2.082855	-41.398140	 21.835550	-8.896043	-13.993910	-7.710696	 70.114720	 2.456331	-1.169629	 80.588380	 1.606688	 1.620518	-23.582370	-4.852271	-4.661132	 70.092100	-0.135227	 3.284237	 79.165530	 0.157344	 7.220681	-11.593600	 29.625630	 11.951570	 58.822230	-6.018957	 19.829690	 67.815530	-4.707746	 19.582680	-19.898700	 14.283260	 5.193968	 68.895340	-3.484296	 9.763653	 74.841640	-1.975914	 12.120860	-9.060410	-33.747900	-1.954974	 26.366230	 36.519420	-0.543453	 0.317252	 35.411440	-0.405497	 3.620553	 0.000000	 90.000000	 0.000000	 169.155600	 14.182880	 159.572100	-175.278400	-4.212120	-12.199200
-0.007909	-0.119351	 0.012418	 172.578800	 4.065022	-87.747480	-12.499640	 3.959593	-2.300362	-10.816480	 9.651460	-2.281910	 1.597712	-6.465542	 110.419300	-0.813313	 0.122417	-8.559153	-55.145210	-22.837640	 16.548100	-3.464920	 28.834880	 1.264723	-14.457770	 23.594280	-65.770870	-5.466561	-2.015671	 9.912610	 2.503324	-1.126932	 4.512146	 3.269194	-0.634905	-79.900480	 3.857603	 3.128508	 11.950910	-0.275905	 3.148022	 9.006140	 2.905371	 4.336153	-70.344260	 37.260680	 19.742740	 15.016380	-6.822537	 19.211440	 10.820750	-5.640674	 19.245890	-70.314710	 18.403480	 10.365990	 21.417510	-3.898858	 9.395122	 9.460192	-0.473463	 9.974930	-72.425380	-57.373490	-11.457020	 6.668107	 9.284960	-0.525222	 0.082313	-19.390840	-0.175535	 3.200025	 1.666892	-11.599640	 90.561650	-99.625230	 5.066843	-98.494960	-178.802100	-5.615140	 105.287600	-0.813313	 0.122417	-8.559153	-42.545520	-29.314820	 1.467500	-47.291590	 20.838400	-2.051390	-42.276070	 23.508740	-7.378356	-13.993350	-7.709729	 70.110690	 2.456332	-1.169624	 80.582600	 1.606898	 1.620418	-23.586840	-4.844797	-4.645996	 70.042980	-0.135317	 3.283768	 79.004920	 0.169290	 7.217002	-11.769800	 29.644960	 11.989500	 58.688640	-6.020052	 19.827180	 67.663700	-4.711094	 19.579420	-20.134270	 14.293180	 5.218154	 68.769730	-3.484296	 9.763653	 74.841640	-1.968353	 12.117580	-9.248203	-33.750990	-1.957728	 26.360900	 36.512830	-0.543462	 0.317193	 35.398430	-0.405494	 3.620434	 0.000000	 90.000000	 0.000000	 169.194900	 14.103780	 159.417200	-175.190200	-4.322036	-12.351100
-0.008872	-0.119310	 0.012007	 172.860400	 4.023904	-87.844410	-12.471150	 3.942619	-2.423622	-10.775610	 9.578943	-2.391270	 1.611843	-6.519742	 110.421200	-0.813313	 0.122417	-8.559153	-55.165890	-22.948850	 16.675080	-3.457341	 28.720010	 1.263021	-14.485770	 23.464510	-65.415010	-5.466561	-2.015671	 9.912610	 2.503324	-1.126932	 4.512146	 3.269194	-0.634905	-79.900480	 3.856987	 3.128237	 11.950950	-0.275905	 3.148022	 9.006140	 2.905389	 4.336085	-70.345270	 37.259630	 19.742350	 15.016730	-6.822537	 19.211440	 10.820750	-5.640703	 19.245890	-70.316090	 18.402780	 10.365630	 21.417650	-3.898858	 9.395122	 9.460192	-0.473463	 9.974930	-72.425380	-57.374420	-11.457200	 6.667490	 9.284960	-0.525222	 0.082313	-19.390840	-0.175535	 3.200025	 1.679556	-12.742610	 90.572130	-100.817100	 5.043947	-98.170230	-178.935900	-4.978934	 105.310300	-0.813313	 0.122417	-8.559153	-43.810950	-29.145910	-0.728322	-42.488520	 23.643570	-1.955182	-42.320990	 26.857510	-8.306138	-13.992790	-7.708767	 70.106650	 2.456333	-1.169619	 80.576860	 1.607107	 1.620318	-23.591330	-4.837775	-4.631805	 69.996930	-0.135403	 3.283329	 78.854310	 0.180485	 7.213521	-11.935050	 29.663200	 12.025060	 58.563300	-6.021090	 19.824840	 67.521350	-4.714247	 19.576370	-20.355120	 14.302560	 5.240838	 68.651930	-3.484296	 9.763653	 74.841640	-1.961273	 12.114480	-9.424265	-33.754090	-1.960499	 26.355560	 36.506270	-0.543471	 0.317137	 35.385430	-0.405494	 3.620315	 0.000000	 90.000000	 0.000000	 169.250100	 13.980110	 159.203500	-175.093800	-4.470822	-12.551000
-0.009582	-0.119275	 0.011663	 173.145700	 3.988805	-87.918630	-12.445330	 3.926433	-2.522899	-10.735230	 9.513873	-2.479054	 1.625915	-6.573714	 110.423000	-0.813313	 0.122417	-8.559153	-55.196690	-23.054730	 16.780490	-3.450702	 28.632870	 1.261239	-14.434820	 23.324470	-65.103000	-5.466561	-2.015671	 9.912610	 2.503324	-1.126932	 4.512146	 3.269194	-0.634905	-79.900480	 3.856409	 3.127985	 11.950980	-0.275905	 3.148022	 9.006140	 2.905403	 4.336028	-70.346090	 37.258670	 19.742000	 15.017060	-6.822537	 19.211440	 10.820750	-5.640724	 19.245890	-70.317220	 18.402140	 10.365300	 21.417770	-3.898858	 9.395122	 9.460192	-0.473463	 9.974930	-72.425380	-57.375260	-11.457370	 6.666968	 9.284960	-0.525222	 0.082313	-19.390840	-0.175535	 3.200025	 1.690921	-13.756170	 90.581470	-101.873500	 5.049026	-97.905240	-179.066400	-4.358161	 105.348500	-0.813313	 0.122417	-8.559153	-45.610720	-29.185040	-3.043363	-36.752720	 25.905610	-1.799367	-41.535340	 30.603310	-11.990720	-13.992440	-7.708177	 70.104240	 2.456334	-1.169616	 80.573360	 1.607236	 1.620257	-23.594070	-4.834120	-4.624442	 69.973080	-0.135448	 3.283102	 78.776230	 0.186284	 7.211703	-12.020710	 29.672660	 12.043460	 58.498330	-6.021630	 19.823620	 67.447560	-4.715889	 19.574790	-20.469600	 14.307450	 5.252607	 68.590860	-3.484296	 9.763653	 74.841640	-1.957608	 12.112870	-9.515527	-33.755950	-1.962173	 26.352340	 36.502290	-0.543476	 0.317103	 35.377570	-0.405497	 3.620245	 0.000000	 90.000000	 0.000000	 169.296100	 13.866920	 159.051800	-175.036500	-4.590714	-12.674370
-0.009919	-0.119322	 0.011262	 173.526900	 3.949887	-87.982770	-12.417760	 3.907938	-2.616921	-10.689560	 9.443763	-2.561882	 1.641087	-6.631878	 110.425000	-0.813313	 0.122417	-8.559153	-55.239980	-23.173580	 16.886580	-3.443642	 28.554210	 1.259086	-14.336390	 23.174020	-64.812850	-5.466561	-2.015671	 9.912610	 2.503324	-1.126932	 4.512146	 3.269194	-0.634905	-79.900480	 3.855792	 3.127715	 11.951020	-0.275905	 3.148022	 9.006140	 2.905418	 4.335967	-70.346980	 37.257600	 19.741610	 15.017420	-6.822537	 19.211440	 10.820750	-5.640746	 19.245900	-70.318420	 18.401430	 10.364930	 21.417900	-3.898858	 9.395122	 9.460192	-0.473463	 9.974930	-72.425380	-57.376190	-11.457540	 6.666427	 9.284960	-0.525222	 0.082313	-19.390840	-0.175535	 3.200025	 1.703103	-14.824640	 90.591530	-102.985600	 5.064316	-97.707760	-179.214700	-3.656952	 105.358600	-0.813313	 0.122417	-8.559153	-49.601900	-29.406890	-6.708999	-27.422550	 28.203570	-1.293161	-39.034160	 34.720010	-18.231800	-13.992220	-7.707803	 70.102670	 2.456334	-1.169614	 80.571130	 1.607320	 1.620216	-23.595880	-4.832621	-4.621415	 69.963230	-0.135467	 3.283008	 78.744070	 0.188673	 7.210953	-12.056000	 29.676590	 12.051060	 58.471540	-6.021853	 19.823120	 67.417140	-4.716566	 19.574140	-20.516820	 14.309450	 5.257433	 68.565700	-3.484296	 9.763653	 74.841640	-1.956097	 12.112200	-9.553168	-33.757170	-1.963242	 26.350270	 36.499720	-0.543476	 0.317080	 35.372510	-0.405491	 3.620198	 0.000000	 90.000000	 0.000000	 169.326800	 13.701790	 158.950100	-175.021000	-4.740276	-12.727280
-0.009638	-0.119434	 0.010571	 174.127000	 3.898441	-88.045880	-12.385720	 3.884508	-2.709897	-10.634250	 9.360472	-2.643244	 1.660619	-6.706738	 110.427600	-0.813313	 0.122417	-8.559153	-55.302180	-23.319600	 17.003960	-3.435481	 28.480100	 1.256230	-14.081340	 22.967960	-64.612090	-5.466561	-2.015671	 9.912610	 2.503324	-1.126932	 4.512146	 3.269194	-0.634905	-79.900480	 3.855001	 3.127369	 11.951070	-0.275905	 3.148022	 9.006140	 2.905435	 4.335900	-70.347950	 37.256290	 19.741120	 15.017870	-6.822537	 19.211440	 10.820750	-5.640775	 19.245900	-70.319730	 18.400560	 10.364480	 21.418070	-3.898858	 9.395122	 9.460192	-0.473463	 9.974930	-72.425380	-57.377300	-11.457750	 6.665790	 9.284960	-0.525222	 0.082313	-19.390840	-0.175535	 3.200025	 1.717346	-16.050720	 90.603370	-104.267300	 5.023661	-97.572190	-179.396200	-2.803325	 105.270800	-0.813313	 0.122417	-8.559153	-56.587440	-27.635990	-13.075120	-13.186140	 29.454430	-0.024912	-31.740630	 37.062150	-32.862570	-13.992130	-7.707643	 70.102010	 2.456334	-1.169613	 80.570180	 1.607358	 1.620199	-23.596670	-4.099213	-3.226676	 64.884610	-0.150328	 3.239717	 63.294340	 1.245755	 6.701041	-28.664510	 32.422930	 15.758900	 45.598890	-6.159271	 19.599050	 52.887580	-5.075472	 19.339250	-41.986470	 15.456790	 7.406013	 56.348750	-3.532362	 9.648660	 60.824230	-1.295245	 11.686870	-27.582180	-33.757720	-1.963711	 26.349390	 36.498650	-0.543483	 0.317072	 35.370370	-0.405498	 3.620180	 0.000000	 90.000000	 0.000000	 169.331600	 13.415850	 158.887800	-175.061400	-4.978101	-12.713320
-0.009237	-0.119179	 0.009838	 174.691300	 3.844738	-88.090490	-12.357710	 3.861816	-2.775229	-10.584330	 9.285032	-2.699830	 1.679468	-6.778999	 110.430000	-0.813313	 0.122417	-8.559153	-55.366900	-23.455310	 17.103090	-3.428221	 28.446500	 1.253028	-13.791180	 22.799380	-64.519980	-5.466561	-2.015671	 9.912610	 2.503324	-1.126932	 4.512146	 3.269194	-0.634905	-79.900480	 3.854307	 3.127065	 11.951100	-0.275905	 3.148022	 9.006140	 2.905450	 4.335842	-70.348790	 37.255090	 19.740680	 15.018280	-6.822537	 19.211440	 10.820750	-5.640799	 19.245900	-70.320910	 18.399760	 10.364070	 21.418220	-3.898858	 9.395122	 9.460192	-0.473463	 9.974930	-72.425380	-57.378310	-11.457940	 6.665233	 9.284960	-0.525222	 0.082313	-19.390840	-0.175535	 3.200025	 1.729977	-17.111830	 90.613970	-105.382400	 4.941906	-97.505400	-179.560300	-2.026932	 105.038300	-0.813313	 0.122417	-8.559153	-58.367860	-22.694400	-17.000190	-7.822554	 31.176960	 0.702776	-21.450980	 35.722990	-48.123540	-13.771470	-7.349110	 68.736180	 2.456650	-1.167961	 78.695710	 1.678626	 1.585103	-25.130760	-2.367356	-0.768950	 55.285020	-0.204418	 3.176970	 35.148720	 2.627973	 5.101955	-58.839830	 39.378120	 20.531480	 21.316280	-6.541030	 19.301620	 26.545180	-5.849053	 19.279180	-80.638320	 18.509150	 10.426740	 33.826320	-3.686152	 9.481373	 35.237330	-0.556421	 10.493920	-60.303200	-33.964120	-2.012030	 26.444130	 34.917730	-0.545502	 0.303413	 34.088690	-0.405104	 3.608541	 0.000000	 90.000000	 0.000000	 169.327800	 13.143270	 158.867400	-175.119100	-5.195248	-12.647920
-0.008730	-0.118756	 0.009262	 175.196500	 3.783143	-88.126700	-12.330230	 3.836989	-2.822019	-10.534390	 9.207618	-2.739565	 1.699768	-6.856865	 110.432100	-0.813313	 0.122417	-8.559153	-55.440230	-23.597210	 17.198290	-3.420948	 28.450470	 1.249038	-13.500110	 22.668050	-64.427570	-5.466561	-2.015671	 9.912610	 2.503324	-1.126932	 4.512146	 3.269194	-0.634905	-79.900480	 3.853556	 3.126737	 11.951140	-0.275905	 3.148022	 9.006140	 2.905465	 4.335783	-70.349660	 37.253810	 19.740210	 15.018720	-6.822537	 19.211440	 10.820750	-5.640824	 19.245900	-70.322070	 18.398890	 10.363620	 21.418390	-3.898858	 9.395122	 9.460192	-0.473463	 9.974930	-72.425380	-57.379380	-11.458150	 6.664654	 9.284960	-0.525222	 0.082313	-19.390840	-0.175535	 3.200025	 1.742534	-18.142850	 90.624650	-106.472700	 4.819542	-97.462510	-179.722400	-1.240054	 104.650600	-0.813313	 0.122417	-8.559153	-58.186410	-16.352520	-19.032450	-5.610737	 32.323070	 1.234107	-10.054160	 29.205880	-61.726410	-13.402460	-6.784080	 66.439130	 2.457303	-1.165211	 75.546710	 1.795651	 1.522176	-27.696670	-1.355878	 0.340109	 50.471410	-0.230640	 3.161786	 24.948930	 2.895950	 4.372926	-69.808530	 43.215250	 21.783280	 12.303110	-6.704388	 19.240100	 17.260950	-6.098746	 19.370470	-93.749770	 20.398790	 11.480800	 25.404530	-3.759776	 9.438967	 25.778380	-0.475480	 9.998951	-71.879690	-34.319820	-2.075049	 26.678220	 32.281120	-0.548032	 0.280525	 31.928220	-0.403866	 3.588949	 0.000000	 90.000000	 0.000000	 169.333400	 12.908740	 158.868000	-175.171300	-5.374165	-12.543280
-0.007855	-0.117982	 0.008652	 175.978500	 3.709818	-88.188960	-12.289590	 3.804721	-2.848566	-10.477360	 9.114632	-2.760169	 1.725226	-6.954555	 110.434400	-0.813313	 0.122417	-8.559153	-55.536290	-23.770140	 17.304310	-3.412403	 28.475580	 1.243947	-13.222100	 22.565130	-64.301450	-5.466561	-2.015671	 9.912610	 2.503324	-1.126932	 4.512146	 3.269194	-0.634905	-79.900480	 3.852631	 3.126332	 11.951200	-0.275905	 3.148022	 9.006140	 2.905483	 4.335713	-70.350660	 37.252220	 19.739620	 15.019250	-6.822537	 19.211440	 10.820750	-5.640851	 19.245900	-70.323460	 18.397840	 10.363070	 21.418600	-3.898858	 9.395122	 9.460192	-0.473463	 9.974930	-72.425380	-57.380680	-11.458380	 6.663980	 9.284960	-0.525222	 0.082313	-19.390840	-0.175535	 3.200025	 1.756819	-19.290800	 90.637020	-107.703900	 4.597293	-97.326620	-179.903000	-0.324325	 104.128000	-0.813313	 0.122417	-8.559153	-57.055770	-11.579300	-20.536320	-4.145763	 29.005540	 1.360442	 0.490035	 17.075980	-73.166750	-12.832810	-5.994753	 63.007420	 2.458555	-1.161182	 70.845300	 1.964220	 1.419041	-31.513090	-1.209986	 0.484692	 49.865810	-0.216307	 3.169309	 30.392380	 2.775078	 4.755850	-64.145470	 41.605690	 21.372990	 17.539770	-6.605911	 19.273700	 22.784590	-5.933861	 19.303330	-84.967320	 19.860920	 11.247430	 29.584190	-3.722999	 9.458137	 30.389350	-0.510927	 10.293000	-65.051940	-34.841640	-2.189201	 26.956040	 28.371570	-0.549836	 0.246433	 28.700810	-0.400639	 3.559802	 0.000000	 90.000000	 0.000000	 169.343000	 12.649400	 158.888500	-175.237100	-5.562381	-12.385520
-0.007097	-0.117138	 0.008016	 176.429800	 3.642753	-88.202770	-12.239910	 3.775617	-2.847649	-10.432250	 9.036715	-2.755941	 1.747460	-7.039913	 110.436100	-0.813313	 0.122417	-8.559153	-55.623100	-23.917310	 17.386740	-3.405335	 28.490710	 1.239850	-13.119960	 22.535270	-64.160680	-5.466561	-2.015671	 9.912610	 2.503324	-1.126932	 4.512146	 3.269194	-0.634905	-79.900480	 3.851822	 3.125977	 11.951240	-0.275905	 3.148022	 9.006140	 2.905497	 4.335655	-70.351510	 37.250830	 19.739110	 15.019730	-6.822537	 19.211440	 10.820750	-5.640877	 19.245900	-70.324590	 18.396910	 10.362590	 21.418780	-3.898858	 9.395122	 9.460192	-0.473463	 9.974930	-72.425380	-57.381830	-11.458600	 6.663398	 9.284960	-0.525222	 0.082313	-19.390840	-0.175535	 3.200025	 1.767093	-20.094440	 90.646230	-108.589900	 4.320179	-97.099010	 179.971700	 0.355949	 103.582000	-0.813313	 0.122417	-8.559153	-55.509090	-8.888174	-21.882830	-4.025787	 23.621780	 1.559848	 8.953369	 3.818173	-79.050610	-12.003910	-4.995599	 57.865310	 2.461058	-1.155333	 63.751990	 2.200289	 1.246306	-37.162920	-0.155836	 1.444911	 45.664910	-0.222447	 3.165874	 28.027170	 2.815277	 4.642395	-65.842620	 43.076990	 21.891330	 16.389820	-6.621501	 19.267700	 21.896670	-5.955089	 19.310420	-86.067550	 21.220020	 11.999030	 27.291170	-3.744439	 9.446508	 27.677680	-0.502294	 10.242750	-66.226770	-35.625490	-2.638283	 26.408530	 22.672720	-0.548298	 0.196704	 24.475600	-0.393949	 3.522003	 0.000000	 90.000000	 0.000000	 169.329500	 12.361870	 158.919400	-175.327300	-5.771134	-12.239890
-0.006030	-0.116230	 0.007373	 176.957800	 3.569274	-88.213960	-12.177620	 3.744500	-2.828438	-10.388400	 8.957253	-2.734720	 1.771068	-7.130566	 110.437700	-0.813313	 0.122417	-8.559153	-55.717840	-24.070040	 17.465220	-3.398146	 28.502110	 1.235763	-13.150590	 22.564120	-63.977450	-5.466561	-2.015671	 9.912610	 2.503324	-1.126932	 4.512146	 3.269194	-0.634905	-79.900480	 3.850955	 3.125598	 11.951300	-0.275905	 3.148022	 9.006140	 2.905512	 4.335596	-70.352370	 37.249330	 19.738560	 15.020240	-6.822537	 19.211440	 10.820750	-5.640899	 19.245910	-70.325780	 18.395920	 10.362080	 21.418960	-3.898858	 9.395122	 9.460192	-0.473463	 9.974930	-72.425380	-57.383030	-11.458830	 6.662795	 9.284960	-0.525222	 0.082313	-19.390840	-0.175535	 3.200025	 1.775305	-20.719860	 90.654120	-109.306300	 3.978270	-96.853000	 179.871000	 0.943048	 103.026400	-0.813313	 0.122417	-8.559153	-53.905140	-6.909910	-23.108190	-3.616666	 16.908370	 1.647328	 16.731900	-10.251620	-81.475790	-11.405630	-4.375478	 54.227540	 2.463277	-1.151370	 58.689830	 2.354913	 1.111904	-41.118650	 0.698817	 2.130595	 42.651540	-0.227540	 3.163269	 26.104150	 2.872784	 4.457624	-68.570860	 45.171650	 22.567520	 14.654530	-6.646722	 19.258540	 20.471950	-5.986377	 19.321680	-87.703500	 22.179770	 12.479680	 25.509690	-3.762263	 9.437800	 25.473200	-0.490513	 10.160780	-68.134940	-36.778450	-3.409221	 25.117210	 19.106980	-0.544823	 0.165759	 23.069790	-0.391096	 3.509548	 0.000000	 90.000000	 0.000000	 169.303200	 12.027390	 158.955400	-175.438300	-6.013962	-12.087740
-0.004495	-0.115260	 0.006723	 177.751900	 3.495203	-88.241260	-12.097020	 3.708459	-2.787941	-10.341160	 8.879151	-2.693489	 1.798837	-7.237224	 110.439200	-0.813313	 0.122417	-8.559153	-55.832100	-24.245350	 17.546640	-3.390136	 28.539730	 1.230699	-13.284220	 22.666130	-63.738330	-5.466561	-2.015671	 9.912610	 2.503324	-1.126932	 4.512146	 3.269194	-0.634905	-79.900480	 3.849952	 3.125159	 11.951360	-0.275905	 3.148022	 9.006140	 2.905530	 4.335526	-70.353380	 37.247550	 19.737900	 15.020840	-6.822537	 19.211440	 10.820750	-5.640925	 19.245910	-70.327120	 18.394730	 10.361470	 21.419190	-3.898858	 9.395122	 9.460192	-0.473463	 9.974930	-72.425380	-57.384450	-11.459090	 6.662099	 9.284960	-0.525222	 0.082313	-19.390840	-0.175535	 3.200025	 1.782858	-21.284870	 90.661830	-109.974700	 3.613731	-96.721180	 179.768000	 1.560075	 102.556300	-0.813313	 0.122417	-8.559153	-51.690030	-5.034513	-24.387940	-3.373543	 8.871167	 1.792146	 22.807820	-23.387210	-81.916350	-11.170470	-4.157607	 52.192360	 2.464739	-1.149140	 55.718380	 2.434168	 1.035259	-43.246990	 1.359013	 2.623520	 40.877570	-0.232122	 3.161104	 24.400610	 2.933203	 4.218365	-72.049250	 48.298990	 23.469170	 12.268430	-6.679038	 19.247790	 18.665010	-6.035605	 19.341390	-90.316500	 23.983800	 13.382380	 23.820130	-3.778310	 9.430661	 23.522370	-0.479477	 10.055200	-70.580850	-39.015170	-5.451713	 19.884160	 17.322180	-0.542363	 0.150367	 25.571760	-0.395945	 3.531760	 0.000000	 90.000000	 0.000000	 169.268100	 11.633040	 158.990900	-175.569400	-6.299854	-11.923560
-0.003132	-0.114481	 0.006139	 178.436300	 3.446565	-88.259420	-12.023070	 3.677721	-2.740366	-10.302600	 8.833517	-2.646545	 1.823385	-7.331545	 110.440300	-0.813313	 0.122417	-8.559153	-55.935490	-24.396550	 17.609300	-3.383401	 28.591240	 1.226041	-13.422540	 22.782630	-63.527960	-5.466561	-2.015671	 9.912610	 2.503324	-1.126932	 4.512146	 3.269194	-0.634905	-79.900480	 3.849027	 3.124754	 11.951410	-0.275905	 3.148022	 9.006140	 2.905544	 4.335467	-70.354230	 37.245970	 19.737320	 15.021380	-6.822537	 19.211440	 10.820750	-5.640950	 19.245910	-70.328300	 18.393670	 10.360920	 21.419390	-3.898858	 9.395122	 9.460192	-0.473463	 9.974930	-72.425380	-57.385740	-11.459340	 6.661476	 9.284960	-0.525222	 0.082313	-19.390840	-0.175535	 3.200025	 1.788800	-21.729650	 90.668050	-110.516800	 3.288843	-96.782960	 179.674900	 2.122047	 102.237000	-0.813313	 0.122417	-8.559153	-49.879890	-3.751740	-25.649510	-3.296173	 2.262394	 1.944896	 26.191270	-32.159770	-82.249400	-10.925400	-3.939859	 50.662920	 2.465920	-1.147507	 53.473870	 2.492105	 0.975454	-44.854270	 1.868985	 2.983130	 39.536030	-0.235644	 3.159552	 23.106920	 2.959443	 4.089345	-73.904480	 50.289400	 23.974190	 10.758450	-6.696369	 19.242460	 17.703950	-6.066588	 19.355110	-91.988570	 25.116900	 13.901000	 22.570100	-3.790622	 9.425616	 22.044780	-0.475437	 9.998244	-71.896000	-43.340520	-8.637660	 9.714965	 16.056760	-0.540330	 0.139504	 30.952130	-0.403066	 3.580115	 0.000000	 90.000000	 0.000000	 169.241700	 11.313350	 159.007300	-175.670700	-6.530738	-11.801320
-0.002067	-0.113788	 0.005526	 178.974500	 3.410698	-88.255900	-11.947300	 3.647626	-2.683012	-10.266110	 8.802370	-2.590809	 1.848840	-7.429367	 110.441300	-0.813313	 0.122417	-8.559153	-56.044880	-24.549480	 17.665210	-3.376731	 28.659760	 1.221080	-13.523570	 22.898410	-63.332200	-5.466561	-2.015671	 9.912610	 2.503324	-1.126932	 4.512146	 3.269194	-0.634905	-79.900480	 3.848045	 3.124324	 11.951470	-0.275905	 3.148022	 9.006140	 2.905560	 4.335405	-70.355140	 37.244260	 19.736690	 15.021960	-6.822537	 19.211440	 10.820750	-5.640974	 19.245910	-70.329520	 18.392530	 10.360330	 21.419610	-3.898858	 9.395122	 9.460192	-0.473463	 9.974930	-72.425380	-57.387080	-11.459590	 6.660838	 9.284960	-0.525222	 0.082313	-19.390840	-0.175535	 3.200025	 1.793543	-22.081590	 90.673430	-110.981400	 2.840804	-96.886010	 179.591600	 2.651222	 101.901300	-0.813313	 0.122417	-8.559153	-47.836320	-2.532573	-26.900760	-3.310705	-3.346311	 2.114291	 28.373590	-38.682450	-82.453480	-10.902960	-3.923612	 50.275800	 2.466275	-1.147042	 52.821560	 2.505116	 0.961552	-45.221790	 2.090871	 3.140424	 39.147010	-0.237516	 3.158766	 22.424390	 2.972250	 4.017052	-74.938870	 51.586340	 24.286640	 9.878138	-6.706152	 19.239590	 17.163670	-6.087095	 19.364770	-93.108510	 25.800730	 14.207320	 21.916340	-3.797114	 9.423100	 21.271940	-0.473740	 9.965960	-72.640570	-48.881450	-11.253810	-2.198607	 16.077370	-0.540363	 0.139680	 39.298760	-0.405058	 3.655870	 0.000000	 90.000000	 0.000000	 169.233200	 11.053940	 158.980200	-175.740500	-6.727515	-11.729790
-0.001196	-0.113249	 0.004925	 179.486500	 3.375666	-88.242520	-11.866280	 3.616307	-2.611547	-10.229400	 8.778916	-2.522136	 1.877887	-7.541048	 110.442000	-0.813313	 0.122417	-8.559153	-56.172390	-24.719120	 17.717520	-3.369552	 28.753910	 1.215299	-13.552580	 23.006940	-63.148210	-5.466561	-2.015671	 9.912610	 2.503324	-1.126932	 4.512146	 3.269194	-0.634905	-79.900480	 3.846908	 3.123827	 11.951530	-0.275905	 3.148022	 9.006140	 2.905577	 4.335334	-70.356160	 37.242290	 19.735960	 15.022640	-6.822537	 19.211440	 10.820750	-5.641003	 19.245920	-70.330900	 18.391200	 10.359640	 21.419870	-3.898858	 9.395122	 9.460192	-0.473463	 9.974930	-72.425380	-57.388680	-11.459880	 6.660093	 9.284960	-0.525222	 0.082313	-19.390840	-0.175535	 3.200025	 1.795557	-22.223580	 90.677220	-111.253300	 2.192400	-96.774760	 179.517700	 3.134347	 101.609100	-0.813313	 0.122417	-8.559153	-45.734990	-1.688067	-27.982500	-3.309678	-8.792275	 2.273602	 29.217940	-43.667030	-82.713780	-10.931200	-3.954603	 49.890140	 2.466598	-1.146627	 52.236570	 2.517805	 0.947819	-45.582680	 2.244113	 3.244936	 38.800840	-0.238889	 3.158205	 21.925900	 2.979477	 3.972475	-75.575050	 53.037910	 24.627330	 9.007681	-6.713043	 19.237630	 16.784030	-6.098177	 19.370190	-93.718280	 26.212580	 14.385830	 21.506260	-3.801742	 9.421369	 20.723400	-0.472880	 9.945345	-73.115720	-50.667460	-12.003700	-7.549373	 16.019350	-0.540262	 0.139184	 41.769110	-0.403528	 3.678265	 0.000000	 90.000000	 0.000000	 169.256700	 10.795860	 158.885400	-175.769800	-6.907412	-11.733220
-0.000685	-0.113076	 0.004543	 179.830300	 3.369454	-88.226620	-11.809760	 3.594512	-2.553277	-10.204600	 8.763742	-2.466684	 1.900885	-7.629497	 110.442400	-0.813313	 0.122417	-8.559153	-56.275340	-24.849360	 17.749730	-3.364176	 28.838820	 1.210697	-13.539280	 23.086430	-63.021750	-5.466561	-2.015671	 9.912610	 2.503324	-1.126932	 4.512146	 3.269194	-0.634905	-79.900480	 3.845944	 3.123405	 11.951590	-0.275905	 3.148022	 9.006140	 2.905591	 4.335279	-70.356970	 37.240620	 19.735350	 15.023200	-6.822537	 19.211440	 10.820750	-5.641026	 19.245910	-70.332030	 18.390100	 10.359080	 21.420080	-3.898858	 9.395122	 9.460192	-0.473463	 9.974930	-72.425380	-57.390000	-11.460120	 6.659492	 9.284960	-0.525222	 0.082313	-19.390840	-0.175535	 3.200025	 1.795953	-22.253400	 90.679350	-111.374200	 1.721322	-96.561480	 179.472400	 3.441076	 101.415700	-0.813313	 0.122417	-8.559153	-44.342490	-1.186837	-28.684410	-3.266428	-12.854140	 2.388056	 28.779600	-46.823260	-83.663290	-10.410170	-3.550039	 45.900980	 2.469810	-1.142927	 46.774760	 2.657775	 0.783799	-49.745220	 3.112456	 3.757609	 35.680350	-0.242618	 3.156752	 20.580640	 2.993460	 3.875401	-76.956630	 53.290790	 24.643720	 8.532529	-6.729377	 19.233140	 15.887210	-6.096847	 19.369530	-93.644890	 26.685210	 14.514160	 20.217390	-3.814591	 9.416821	 19.210610	-0.471661	 9.903231	-74.085980	-51.327820	-11.954600	-6.869084	 15.834480	-0.539950	 0.137600	 41.646810	-0.403625	 3.677155	 0.000000	 90.000000	 0.000000	 169.308600	 10.605220	 158.797800	-175.768600	-7.037397	-11.765550
-0.000422	-0.113077	 0.004169	-179.904600	 3.400685	-88.202440	-11.762040	 3.575529	-2.494184	-10.183620	 8.745652	-2.410871	 1.924676	-7.721030	 110.442500	-0.813313	 0.122417	-8.559153	-56.383850	-24.979820	 17.773730	-3.358949	 28.934920	 1.205927	-13.501850	 23.165970	-62.905140	-5.466561	-2.015671	 9.912610	 2.503324	-1.126932	 4.512146	 3.269194	-0.634905	-79.900480	 3.844922	 3.122958	 11.951640	-0.275905	 3.148022	 9.006140	 2.905607	 4.335218	-70.357850	 37.238850	 19.734690	 15.023810	-6.822537	 19.211440	 10.820750	-5.641049	 19.245920	-70.333210	 18.388910	 10.358460	 21.420310	-3.898858	 9.395122	 9.460192	-0.473463	 9.974930	-72.425380	-57.391410	-11.460370	 6.658849	 9.284960	-0.525222	 0.082313	-19.390840	-0.175535	 3.200025	 1.795705	-22.242490	 90.681050	-111.416900	 1.493253	-96.472560	 179.445100	 3.651610	 101.220000	-0.813313	 0.122417	-8.559153	-45.039020	-7.542894	-29.622970	-3.954049	-19.124490	 2.215953	 24.982070	-45.056990	-88.545540	-9.227044	-2.779595	 38.719240	 2.476329	-1.137168	 37.073000	 2.878734	 0.463980	-57.251880	 4.716889	 4.544678	 30.083140	-0.249842	 3.154219	 18.007560	 3.011187	 3.716776	-79.204820	 53.494320	 24.579640	 7.553742	-6.753664	 19.226970	 14.560920	-6.086667	 19.364560	-93.084960	 27.323120	 14.625810	 18.015320	-3.839760	 9.408981	 16.285330	-0.471203	 9.838072	-75.586300	-51.512970	-11.967750	-6.921524	 15.463700	-0.539290	 0.134427	 40.476610	-0.404451	 3.666556	 0.000000	 90.000000	 0.000000	 169.381900	 10.443220	 158.731300	-175.754100	-7.153900	-11.792850
-0.000665	-0.112730	 0.004022	-179.647400	 3.445365	-88.176730	-11.725860	 3.560274	-2.430418	-10.164960	 8.743433	-2.351352	 1.949166	-7.815417	 110.441800	-0.813313	 0.122417	-8.559153	-56.514000	-25.126600	 17.788160	-3.353217	 29.057030	 1.200380	-13.440290	 23.260010	-62.782150	-5.466561	-2.015671	 9.912610	 2.503324	-1.126932	 4.512146	 3.269194	-0.634905	-79.900480	 3.843670	 3.122410	 11.951720	-0.275905	 3.148022	 9.006140	 2.905625	 4.335145	-70.358910	 37.236630	 19.733880	 15.024560	-6.822537	 19.211440	 10.820750	-5.641079	 19.245920	-70.334630	 18.387440	 10.357700	 21.420590	-3.898858	 9.395122	 9.460192	-0.473463	 9.974930	-72.425380	-57.393130	-11.460700	 6.658076	 9.284960	-0.525222	 0.082313	-19.390840	-0.175535	 3.200025	 1.793666	-22.106520	 90.681860	-111.292200	 1.439822	-96.499980	 179.416000	 3.862612	 101.070600	-0.813313	 0.122417	-8.559153	-48.429760	-24.101900	-30.556170	-4.991158	-24.382350	 0.111283	 20.608810	-33.724670	-96.860880	-6.482914	-1.922089	 19.379700	 2.496776	-1.128049	 11.931440	 3.242148	-0.477835	-76.821850	 8.922826	 5.687474	 15.278880	-0.267032	 3.149595	 12.022590	 3.028057	 3.381107	-83.938500	 53.552840	 24.329140	 5.447468	-6.812929	 19.214250	 11.355680	-6.038527	 19.342640	-90.473260	 28.317540	 14.585150	 12.940100	-3.898668	 9.395868	 9.589149	-0.476201	 9.696141	-78.855580	-51.801620	-11.940790	-6.543741	 14.424430	-0.537351	 0.125562	 34.574240	-0.405286	 3.612950	 0.000000	 90.000000	 0.000000	 169.465300	 10.283690	 158.720600	-175.730500	-7.237803	-11.766900
-0.000845	-0.112254	 0.004140	-179.605600	 3.465659	-88.137530	-11.710590	 3.553872	-2.369570	-10.155020	 8.790710	-2.295516	 1.963822	-7.872217	 110.440000	-0.813313	 0.122417	-8.559153	-56.629200	-25.246630	 17.786440	-3.348713	 29.169310	 1.195697	-13.385390	 23.346340	-62.683360	-5.466561	-2.015671	 9.912610	 2.503324	-1.126932	 4.512146	 3.269194	-0.634905	-79.900480	 3.842494	 3.121895	 11.951780	-0.275905	 3.148022	 9.006140	 2.905642	 4.335078	-70.359890	 37.234580	 19.733120	 15.025260	-6.822537	 19.211440	 10.820750	-5.641103	 19.245920	-70.335940	 18.386070	 10.356990	 21.420850	-3.898858	 9.395122	 9.460192	-0.473463	 9.974930	-72.425380	-57.394730	-11.460990	 6.657342	 9.284960	-0.525222	 0.082313	-19.390840	-0.175535	 3.200025	 1.790780	-21.913790	 90.681790	-111.084900	 1.461383	-96.594990	 179.405200	 3.927070	 101.065400	-0.813313	 0.122417	-8.559153	-48.838200	-32.038780	-30.288990	-8.065884	-21.372000	-2.063917	 20.677470	-25.002830	-100.508000	-5.528399	-1.882474	 12.415170	 2.504646	-1.127076	 3.089391	 3.290990	-0.830911	-83.701590	 10.287890	 5.756556	 10.052180	-0.273120	 3.148409	 9.937828	 3.028207	 3.353163	-84.331870	 53.122820	 24.156120	 4.986754	-6.821568	 19.212670	 10.891650	-6.011679	 19.331500	-89.040150	 28.222710	 14.400240	 11.460120	-3.918867	 9.392985	 7.327239	-0.479145	 9.655562	-79.791740	-52.156420	-11.910430	-6.081528	 13.926660	-0.536368	 0.121326	 31.460040	-0.403498	 3.584709	 0.000000	 90.000000	 0.000000	 169.524800	 10.213540	 158.761200	-175.717700	-7.283303	-11.599430
-0.000665	-0.112030	 0.004445	-179.628400	 3.490441	-88.094660	-11.704870	 3.552233	-2.308115	-10.152890	 8.855963	-2.239487	 1.972104	-7.904560	 110.437800	-0.813313	 0.122417	-8.559153	-56.720450	-25.334190	 17.774020	-3.345639	 29.259800	 1.192190	-13.352320	 23.420030	-62.608180	-5.466561	-2.015671	 9.912610	 2.503324	-1.126932	 4.512146	 3.269194	-0.634905	-79.900480	 3.841510	 3.121465	 11.951840	-0.275905	 3.148022	 9.006140	 2.905656	 4.335025	-70.360670	 37.232880	 19.732490	 15.025840	-6.822537	 19.211440	 10.820750	-5.641128	 19.245920	-70.337010	 18.384930	 10.356400	 21.421080	-3.898858	 9.395122	 9.460192	-0.473463	 9.974930	-72.425380	-57.396050	-11.461220	 6.656749	 9.284960	-0.525222	 0.082313	-19.390840	-0.175535	 3.200025	 1.788110	-21.740100	 90.681490	-110.885600	 1.577976	-96.768550	 179.397000	 3.949304	 101.148500	-0.813313	 0.122417	-8.559153	-48.039630	-34.732000	-28.618980	-11.790250	-19.746550	-3.696511	 21.790220	-22.784920	-100.612600	-5.717858	-1.914642	 13.263250	 2.503382	-1.127149	 4.499172	 3.286006	-0.773809	-82.595900	 9.837203	 5.649954	 10.851700	-0.272018	 3.148606	 10.314020	 3.028215	 3.344451	-84.454530	 52.308120	 24.007690	 5.584449	-6.827734	 19.211580	 10.560920	-5.999633	 19.326740	-88.402160	 27.858980	 14.312480	 12.110520	-3.914128	 9.393590	 7.856802	-0.477446	 9.677836	-79.277750	-52.588580	-11.864850	-5.389515	 12.912630	-0.534237	 0.112729	 25.044190	-0.395011	 3.527060	 0.000000	 90.000000	 0.000000	 169.553000	 10.183070	 158.821900	-175.721500	-7.298493	-11.415920
-0.000267	-0.111910	 0.004962	-179.687800	 3.530543	-88.031810	-11.705600	 3.554573	-2.219035	-10.157470	 8.961740	-2.158604	 1.979855	-7.935109	 110.434500	-0.813313	 0.122417	-8.559153	-56.829990	-25.428850	 17.743940	-3.342495	 29.368450	 1.188297	-13.311020	 23.507120	-62.530080	-5.466561	-2.015671	 9.912610	 2.503324	-1.126932	 4.512146	 3.269194	-0.634905	-79.900480	 3.840277	 3.120925	 11.951910	-0.275905	 3.148022	 9.006140	 2.905674	 4.334957	-70.361660	 37.230700	 19.731690	 15.026580	-6.822537	 19.211440	 10.820750	-5.641155	 19.245930	-70.338360	 18.383490	 10.355660	 21.421350	-3.898858	 9.395122	 9.460192	-0.473463	 9.974930	-72.425380	-57.397740	-11.461540	 6.656008	 9.284960	-0.525222	 0.082313	-19.390840	-0.175535	 3.200025	 1.783686	-21.449580	 90.680280	-110.562000	 1.756988	-97.062360	 179.385700	 3.966504	 101.309700	-0.813313	 0.122417	-8.559153	-46.623040	-37.171500	-25.670830	-17.035090	-18.859080	-5.836810	 23.313400	-21.958910	-99.195240	-5.448430	-1.900885	 11.578740	 2.505136	-1.127056	 2.543057	 3.292533	-0.851752	-84.104720	 10.031540	 5.608964	 9.683467	-0.274352	 3.148196	 9.517827	 3.028202	 3.355772	-84.295150	 51.662450	 23.850650	 5.753622	-6.834718	 19.210390	 10.186730	-5.983124	 19.320470	-87.532560	 27.553540	 14.168080	 11.918760	-3.919819	 9.392869	 7.220965	-0.477451	 9.677769	-79.279340	-53.341120	-11.792890	-4.131018	 11.117490	-0.530112	 0.097605	 13.798820	-0.364817	 3.429604	 0.000000	 90.000000	 0.000000	 169.580000	 10.190610	 158.919600	-175.744200	-7.278581	-11.264480
 0.000114	-0.111820	 0.005505	-179.791700	 3.570919	-87.968470	-11.713160	 3.560565	-2.130272	-10.168190	 9.070533	-2.078218	 1.986247	-7.960406	 110.431300	-0.813313	 0.122417	-8.559153	-56.922500	-25.498580	 17.704210	-3.340449	 29.458740	 1.185371	-13.248720	 23.566690	-62.487500	-5.466561	-2.015671	 9.912610	 2.503324	-1.126932	 4.512146	 3.269194	-0.634905	-79.900480	 3.839159	 3.120436	 11.951980	-0.275905	 3.148022	 9.006140	 2.905688	 4.334896	-70.362550	 37.228720	 19.730960	 15.027250	-6.822537	 19.211440	 10.820750	-5.641178	 19.245920	-70.339550	 18.382190	 10.354990	 21.421600	-3.898858	 9.395122	 9.460192	-0.473463	 9.974930	-72.425380	-57.399260	-11.461820	 6.655324	 9.284960	-0.525222	 0.082313	-19.390840	-0.175535	 3.200025	 1.778021	-21.063400	 90.678000	-110.155500	 1.860519	-97.356110	 179.377200	 3.941660	 101.557300	-0.813313	 0.122417	-8.559153	-44.486290	-38.221980	-22.416000	-21.644280	-16.697660	-7.470798	 24.813790	-20.893460	-97.242740	-5.398166	-1.888960	 11.421580	 2.505243	-1.127052	 2.423472	 3.292798	-0.855541	-84.177990	 9.978583	 5.579813	 9.617520	-0.275925	 3.147939	 8.982055	 3.028120	 3.373075	-84.051570	 51.384210	 23.783910	 5.840557	-6.839560	 19.209590	 9.927506	-5.977243	 19.318290	-87.224030	 27.388770	 14.096980	 11.885890	-3.921710	 9.392643	 7.009875	-0.477214	 9.681088	-79.202760	-54.584860	-11.683700	-1.726193	 7.879276	-0.521466	 0.070679	-5.711254	-0.269790	 3.280944	 0.000000	 90.000000	 0.000000	 169.593300	 10.216320	 159.017900	-175.775300	-7.231045	-11.176940
 0.000515	-0.111767	 0.006034	-179.926500	 3.609764	-87.902760	-11.725960	 3.569677	-2.039626	-10.184040	 9.179170	-1.996254	 1.993628	-7.989484	 110.428300	-0.813313	 0.122417	-8.559153	-57.004860	-25.551360	 17.656330	-3.339262	 29.536500	 1.183168	-13.171290	 23.606490	-62.468560	-5.466561	-2.015671	 9.912610	 2.503324	-1.126932	 4.512146	 3.269194	-0.634905	-79.900480	 3.838060	 3.119955	 11.952040	-0.275905	 3.148022	 9.006140	 2.905703	 4.334836	-70.363400	 37.226820	 19.730260	 15.027900	-6.822537	 19.211440	 10.820750	-5.641202	 19.245930	-70.340710	 18.380900	 10.354320	 21.421850	-3.898858	 9.395122	 9.460192	-0.473463	 9.974930	-72.425380	-57.400750	-11.462080	 6.654670	 9.284960	-0.525222	 0.082313	-19.390840	-0.175535	 3.200025	 1.771792	-20.637210	 90.675260	-109.728200	 1.824770	-97.629770	 179.373000	 3.884044	 101.835800	-0.813313	 0.122417	-8.559153	-42.478070	-38.778460	-19.337470	-25.738680	-14.938190	-8.761362	 26.012760	-20.275660	-95.435160	-5.427494	-1.928923	 11.004530	 2.505848	-1.127034	 1.749919	 3.294492	-0.881681	-84.683300	 9.916633	 5.510783	 9.206430	-0.276967	 3.147777	 8.627631	 3.028036	 3.383348	-83.906930	 51.302260	 23.765550	 5.878950	-6.843091	 19.209020	 9.738667	-5.974877	 19.317430	-87.100360	 27.346050	 14.081970	 11.915800	-3.921642	 9.392653	 7.017478	-0.477054	 9.683365	-79.150250	-55.294540	-11.645090	-0.366026	 6.014977	-0.515806	 0.055413	-16.943490	-0.194109	 3.212698	 0.000000	 90.000000	 0.000000	 169.598600	 10.254680	 159.112000	-175.807700	-7.165486	-11.102930
 0.000995	-0.111699	 0.006702	 179.868300	 3.653719	-87.815760	-11.748510	 3.585101	-1.923870	-10.210430	 9.307459	-1.891675	 2.001827	-8.021933	 110.424300	-0.813313	 0.122417	-8.559153	-57.084900	-25.591010	 17.592110	-3.338637	 29.622640	 1.181084	-13.059880	 23.638120	-62.469260	-5.466561	-2.015671	 9.912610	 2.503324	-1.126932	 4.512146	 3.269194	-0.634905	-79.900480	 3.836711	 3.119365	 11.952120	-0.275905	 3.148022	 9.006140	 2.905721	 4.334763	-70.364460	 37.224430	 19.729380	 15.028710	-6.822537	 19.211440	 10.820750	-5.641232	 19.245930	-70.342140	 18.379310	 10.353500	 21.422150	-3.898858	 9.395122	 9.460192	-0.473463	 9.974930	-72.425380	-57.402570	-11.462410	 6.653871	 9.284960	-0.525222	 0.082313	-19.390840	-0.175535	 3.200025	 1.764093	-20.116110	 90.671820	-109.228700	 1.646773	-97.916240	 179.378400	 3.762883	 102.162000	-0.813313	 0.122417	-8.559153	-40.229860	-38.857890	-15.870660	-29.502890	-12.304370	-9.698300	 27.396780	-19.109300	-93.001720	-5.468332	-1.952146	 10.920040	 2.506221	-1.127027	 1.333552	 3.295428	-0.897934	-84.997360	 10.009660	 5.514727	 8.879171	-0.277717	 3.147664	 8.372734	 3.028136	 3.370489	-84.087960	 51.478040	 23.806590	 5.812423	-6.846164	 19.208540	 9.574350	-5.977600	 19.318430	-87.242720	 27.453250	 14.127220	 11.925790	-3.920738	 9.392758	 7.118371	-0.477410	 9.678332	-79.266310	-55.499390	-11.642720	-0.053489	 5.427223	-0.513921	 0.050639	-20.260580	-0.169343	 3.195515	 0.000000	 90.000000	 0.000000	 169.598900	 10.331600	 159.254300	-175.842200	-7.066708	-10.980160
 0.001365	-0.111530	 0.007267	 179.681500	 3.688368	-87.744180	-11.771650	 3.600874	-1.829248	-10.236970	 9.398110	-1.806258	 2.003308	-8.028535	 110.420200	-0.813313	 0.122417	-8.559153	-57.121970	-25.598370	 17.542140	-3.338712	 29.690590	 1.179738	-12.962900	 23.658710	-62.483910	-5.466561	-2.015671	 9.912610	 2.503324	-1.126932	 4.512146	 3.269194	-0.634905	-79.900480	 3.835613	 3.118884	 11.952180	-0.275905	 3.148022	 9.006140	 2.905736	 4.334704	-70.365330	 37.222480	 19.728650	 15.029370	-6.822537	 19.211440	 10.820750	-5.641256	 19.245930	-70.343290	 18.378010	 10.352830	 21.422400	-3.898858	 9.395122	 9.460192	-0.473463	 9.974930	-72.425380	-57.404060	-11.462690	 6.653222	 9.284960	-0.525222	 0.082313	-19.390840	-0.175535	 3.200025	 1.757721	-19.690240	 90.668860	-108.833200	 1.467758	-98.135680	 179.389200	 3.626329	 102.448700	-0.813313	 0.122417	-8.559153	-38.570310	-38.808270	-13.226150	-32.038340	-10.462390	-10.235730	 28.494400	-18.210050	-90.734690	-5.467288	-1.963626	 10.734380	 2.506331	-1.127026	 1.211291	 3.295697	-0.902931	-85.093900	 10.142440	 5.553140	 8.728260	-0.277971	 3.147627	 8.286659	 3.028214	 3.349018	-84.390240	 51.803770	 23.877600	 5.648722	-6.847807	 19.208280	 9.486490	-5.983468	 19.320590	-87.550690	 27.647910	 14.199030	 11.830600	-3.920713	 9.392761	 7.121081	-0.477973	 9.670640	-79.443790	-55.843190	-11.656960	 0.240780	 4.463182	-0.510725	 0.042850	-24.160510	-0.139024	 3.177181	 0.000000	 90.000000	 0.000000	 169.589100	 10.400240	 159.420900	-175.858000	-6.979019	-10.813740
 0.001762	-0.111302	 0.007861	 179.492400	 3.724096	-87.674730	-11.799250	 3.619853	-1.734211	-10.268440	 9.464444	-1.720495	 2.000872	-8.020220	 110.415500	-0.813313	 0.122417	-8.559153	-57.139250	-25.586500	 17.491140	-3.339167	 29.758570	 1.178607	-12.863200	 23.677630	-62.508280	-5.466561	-2.015671	 9.912610	 2.503324	-1.126932	 4.512146	 3.269194	-0.634905	-79.900480	 3.834476	 3.118387	 11.952250	-0.275905	 3.148022	 9.006140	 2.905751	 4.334643	-70.366210	 37.220470	 19.727920	 15.030060	-6.822537	 19.211440	 10.820750	-5.641280	 19.245930	-70.344480	 18.376690	 10.352140	 21.422660	-3.898858	 9.395122	 9.460192	-0.473463	 9.974930	-72.425380	-57.405590	-11.462980	 6.652545	 9.284960	-0.525222	 0.082313	-19.390840	-0.175535	 3.200025	 1.750383	-19.192200	 90.665310	-108.384200	 1.197211	-98.371280	 179.402600	 3.469073	 102.777300	-0.813313	 0.122417	-8.559153	-37.066250	-38.512020	-10.664930	-34.460400	-8.566297	-10.566460	 29.593530	-17.279780	-88.253660	-5.476424	-1.975879	 10.604930	 2.506374	-1.127025	 1.163119	 3.295825	-0.905331	-85.140250	 10.348660	 5.627454	 8.635775	-0.277974	 3.147626	 8.285607	 3.028132	 3.319193	-84.810090	 52.338160	 23.986670	 5.332723	-6.848875	 19.208120	 9.429448	-5.993595	 19.324420	-88.083560	 27.969590	 14.303730	 11.534570	-3.922134	 9.392593	 6.962597	-0.478753	 9.660469	-79.678500	-56.054210	-11.684060	 0.158404	 3.798262	-0.508433	 0.037512	-26.076750	-0.123681	 3.168941	 0.000000	 90.000000	 0.000000	 169.570300	 10.462410	 159.616800	-175.860200	-6.889406	-10.592830
 0.002217	-0.111041	 0.008575	 179.271700	 3.759141	-87.596640	-11.836990	 3.646283	-1.625483	-10.311230	 9.501174	-1.622406	 1.993924	-7.994901	 110.409000	-0.813313	 0.122417	-8.559153	-57.139530	-25.551270	 17.427370	-3.340210	 29.838430	 1.177539	-12.749960	 23.700710	-62.545470	-5.466561	-2.015671	 9.912610	 2.503324	-1.126932	 4.512146	 3.269194	-0.634905	-79.900480	 3.833088	 3.117779	 11.952330	-0.275905	 3.148022	 9.006140	 2.905770	 4.334571	-70.367260	 37.218040	 19.727020	 15.030890	-6.822537	 19.211440	 10.820750	-5.641308	 19.245940	-70.345900	 18.375060	 10.351300	 21.422970	-3.898858	 9.395122	 9.460192	-0.473463	 9.974930	-72.425380	-57.407470	-11.463320	 6.651729	 9.284960	-0.525222	 0.082313	-19.390840	-0.175535	 3.200025	 1.740627	-18.520440	 90.660370	-107.792200	 0.780197	-98.667080	 179.430900	 3.229362	 103.143100	-0.813313	 0.122417	-8.559153	-35.636230	-38.039200	-7.801612	-36.691440	-6.343579	-10.648480	 30.668890	-15.907510	-85.288300	-5.497670	-1.990804	 10.514690	 2.506482	-1.127024	 1.043316	 3.296123	-0.911139	-85.252430	 10.690320	 5.757390	 8.550358	-0.277732	 3.147661	 8.367692	 3.027195	 3.254173	-85.725460	 53.234420	 24.157690	 4.757975	-6.849569	 19.208010	 9.392433	-6.010697	 19.331110	-88.988080	 28.510440	 14.464820	 10.928350	-3.924937	 9.392275	 6.649815	-0.480563	 9.638743	-80.180080	-56.223900	-11.705620	 0.092110	 3.270949	-0.506584	 0.033295	-28.789130	-0.101521	 3.158165	 0.000000	 90.000000	 0.000000	 169.544400	 10.532980	 159.854400	-175.847400	-6.790946	-10.328390
 0.002562	-0.110887	 0.009115	 179.096100	 3.777997	-87.541020	-11.870680	 3.670549	-1.544141	-10.348790	 9.506480	-1.549103	 1.986069	-7.965883	 110.403400	-0.813313	 0.122417	-8.559153	-57.129020	-25.509730	 17.371360	-3.341486	 29.902060	 1.176915	-12.669330	 23.722380	-62.577970	-5.466561	-2.015671	 9.912610	 2.503324	-1.126932	 4.512146	 3.269194	-0.634905	-79.900480	 3.831970	 3.117290	 11.952390	-0.275905	 3.148022	 9.006140	 2.905785	 4.334510	-70.368150	 37.216040	 19.726280	 15.031570	-6.822537	 19.211440	 10.820750	-5.641330	 19.245940	-70.347100	 18.373740	 10.350620	 21.423220	-3.898858	 9.395122	 9.460192	-0.473463	 9.974930	-72.425380	-57.408980	-11.463590	 6.651079	 9.284960	-0.525222	 0.082313	-19.390840	-0.175535	 3.200025	 1.732059	-17.923950	 90.655940	-107.276300	 0.372947	-98.868520	 179.467400	 2.963375	 103.476000	-0.813313	 0.122417	-8.559153	-34.675230	-37.663910	-5.611638	-38.590630	-4.708833	-10.689260	 31.311260	-14.721800	-82.884240	-5.520392	-2.002709	 10.481280	 2.506702	-1.127022	 0.798142	 3.296692	-0.922893	-85.479450	 11.140600	 5.928662	 8.444953	-0.277417	 3.147708	 8.474821	 3.025371	 3.193234	-86.583610	 54.403660	 24.374660	 4.058463	-6.849842	 19.207970	 9.377759	-6.027099	 19.337810	-89.861260	 29.216370	 14.683740	 10.306330	-3.927462	 9.391999	 6.368417	-0.482423	 9.618526	-80.647160	-56.381660	-11.737250	-0.153888	 2.932329	-0.505368	 0.030600	-29.897540	-0.092315	 3.154065	 0.000000	 90.000000	 0.000000	 169.531600	 10.609380	 160.023400	-175.833500	-6.724684	-10.192340
 0.002791	-0.110765	 0.009628	 178.905400	 3.790481	-87.491750	-11.906650	 3.697201	-1.471366	-10.387850	 9.498836	-1.483632	 1.977127	-7.932712	 110.397600	-0.813313	 0.122417	-8.559153	-57.114040	-25.460010	 17.309450	-3.343075	 29.964700	 1.176510	-12.585260	 23.740830	-62.616320	-5.466561	-2.015671	 9.912610	 2.503324	-1.126932	 4.512146	 3.269194	-0.634905	-79.900480	 3.830833	 3.116792	 11.952460	-0.275905	 3.148022	 9.006140	 2.905801	 4.334451	-70.369020	 37.214040	 19.725550	 15.032250	-6.822537	 19.211440	 10.820750	-5.641357	 19.245940	-70.348240	 18.372400	 10.349930	 21.423480	-3.898858	 9.395122	 9.460192	-0.473463	 9.974930	-72.425380	-57.410490	-11.463870	 6.650405	 9.284960	-0.525222	 0.082313	-19.390840	-0.175535	 3.200025	 1.722990	-17.288520	 90.651150	-106.733600	-0.087263	-98.999180	 179.509800	 2.669228	 103.838300	-0.813313	 0.122417	-8.559153	-33.788580	-37.299900	-3.500997	-40.303940	-3.349397	-10.668010	 31.901360	-13.654000	-80.461870	-5.545523	-2.014079	 10.472380	 2.507036	-1.127022	 0.425959	 3.297502	-0.941621	-85.841060	 11.432270	 6.029789	 8.298359	-0.277065	 3.147761	 8.594374	 3.022986	 3.139132	-87.345840	 55.153990	 24.492710	 3.508271	-6.850027	 19.207940	 9.367936	-6.046693	 19.346180	-90.912320	 29.670870	 14.808260	 9.796907	-3.929634	 9.391774	 6.126338	-0.484205	 9.600666	-81.060040	-56.525750	-11.775380	-0.536611	 2.557495	-0.504009	 0.027622	-30.471350	-0.087526	 3.152008	 0.000000	 90.000000	 0.000000	 169.528300	 10.700560	 160.165800	-175.817000	-6.662272	-10.130410
 0.002846	-0.110621	 0.010246	 178.618300	 3.799774	-87.431540	-11.953220	 3.733169	-1.397203	-10.436640	 9.484478	-1.417078	 1.965920	-7.891109	 110.390300	-0.813313	 0.122417	-8.559153	-57.096790	-25.392640	 17.222530	-3.345428	 30.040550	 1.176240	-12.444670	 23.744740	-62.681570	-5.466561	-2.015671	 9.912610	 2.503324	-1.126932	 4.512146	 3.269194	-0.634905	-79.900480	 3.829425	 3.116177	 11.952540	-0.275905	 3.148022	 9.006140	 2.905819	 4.334377	-70.370100	 37.211550	 19.724630	 15.033090	-6.822537	 19.211440	 10.820750	-5.641388	 19.245940	-70.349720	 18.370750	 10.349070	 21.423800	-3.898858	 9.395122	 9.460192	-0.473463	 9.974930	-72.425380	-57.412360	-11.464220	 6.649590	 9.284960	-0.525222	 0.082313	-19.390840	-0.175535	 3.200025	 1.711352	-16.464440	 90.644970	-106.032900	-0.680503	-99.116390	 179.560400	 2.321432	 104.317200	-0.813313	 0.122417	-8.559153	-32.677280	-36.715020	-0.971346	-42.375010	-1.718414	-10.550850	 32.309090	-12.218780	-77.719870	-5.576199	-2.026832	 10.479300	 2.507583	-1.127025	-0.183126	 3.298598	-0.973145	-86.449540	 12.250900	 6.314662	 7.928679	-0.276682	 3.147820	 8.724611	 3.014177	 3.007714	-89.199590	 57.244990	 24.842840	 2.338118	-6.850365	 19.207890	 9.349873	-6.086508	 19.364480	-93.076160	 30.937030	 15.147460	 8.500409	-3.934583	 9.391294	 5.575135	-0.489043	 9.557622	-82.056320	-56.658110	-11.838830	-1.366718	 1.882820	-0.501507	 0.022284	-31.683150	-0.077343	 3.147826	 0.000000	 90.000000	 0.000000	 169.539200	 10.827920	 160.310000	-175.785000	-6.566347	-10.055520
 0.002770	-0.110552	 0.010766	 178.364800	 3.810773	-87.380710	-11.991750	 3.763160	-1.345839	-10.475890	 9.478829	-1.371171	 1.957912	-7.861468	 110.384700	-0.813313	 0.122417	-8.559153	-57.089860	-25.338310	 17.142940	-3.347636	 30.099750	 1.176213	-12.308900	 23.735080	-62.744060	-5.466561	-2.015671	 9.912610	 2.503324	-1.126932	 4.512146	 3.269194	-0.634905	-79.900480	 3.828308	 3.115687	 11.952600	-0.275905	 3.148022	 9.006140	 2.905833	 4.334316	-70.370960	 37.209570	 19.723900	 15.033770	-6.822537	 19.211440	 10.820750	-5.641410	 19.245940	-70.350880	 18.369440	 10.348400	 21.424050	-3.898858	 9.395122	 9.460192	-0.473463	 9.974930	-72.425380	-57.413870	-11.464490	 6.648918	 9.284960	-0.525222	 0.082313	-19.390840	-0.175535	 3.200025	 1.701842	-15.786710	 90.639920	-105.454600	-1.129147	-99.248980	 179.601000	 2.050946	 104.716800	-0.813313	 0.122417	-8.559153	-31.695280	-36.106870	 1.011369	-44.217180	-0.567472	-10.421180	 32.519730	-11.131740	-75.434120	-5.597496	-2.035559	 10.486140	 2.507924	-1.127030	-0.562952	 3.299151	-0.994520	-86.862020	 12.615010	 6.428047	 7.676341	-0.276497	 3.147849	 8.787437	 3.008978	 2.950253	-90.011540	 58.172180	 24.972200	 1.738143	-6.850910	 19.207810	 9.320759	-6.103608	 19.372900	-94.018180	 31.497830	 15.288210	 7.927506	-3.936722	 9.391101	 5.337229	-0.491388	 9.538903	-82.490210	-56.761070	-11.870130	-1.735606	 1.448775	-0.499872	 0.018865	-32.231160	-0.072699	 3.146016	 0.000000	 90.000000	 0.000000	 169.560900	 10.936770	 160.404500	-175.746400	-6.476920	-9.924170
 0.002622	-0.110531	 0.011347	 178.087500	 3.833431	-87.329520	-12.032990	 3.793873	-1.291794	-10.517410	 9.487195	-1.323020	 1.951475	-7.837863	 110.379100	-0.813313	 0.122417	-8.559153	-57.094500	-25.285400	 17.049240	-3.350096	 30.159870	 1.176306	-12.151780	 23.715470	-62.814830	-5.466561	-2.015671	 9.912610	 2.503324	-1.126932	 4.512146	 3.269194	-0.634905	-79.900480	 3.827171	 3.115189	 11.952670	-0.275905	 3.148022	 9.006140	 2.905850	 4.334255	-70.371860	 37.207540	 19.723150	 15.034460	-6.822537	 19.211440	 10.820750	-5.641434	 19.245940	-70.352090	 18.368080	 10.347690	 21.424310	-3.898858	 9.395122	 9.460192	-0.473463	 9.974930	-72.425380	-57.415400	-11.464770	 6.648253	 9.284960	-0.525222	 0.082313	-19.390840	-0.175535	 3.200025	 1.691933	-15.075870	 90.634600	-104.844000	-1.541658	-99.459850	 179.650900	 1.741000	 105.139700	-0.813313	 0.122417	-8.559153	-30.609840	-35.358660	 3.038193	-46.080120	 0.580439	-10.221040	 32.734580	-9.954267	-72.854440	-5.613915	-2.042853	 10.482430	 2.508026	-1.127032	-0.677108	 3.299342	-1.003733	-87.039790	 12.678430	 6.444106	 7.605680	-0.276493	 3.147849	 8.788918	 3.008018	 2.940545	-90.148800	 58.328630	 24.971170	 1.503485	-6.851905	 19.207660	 9.267588	-6.106471	 19.374340	-94.176790	 31.592090	 15.310920	 7.828361	-3.937034	 9.391073	 5.302412	-0.491789	 9.535816	-82.561770	-56.772130	-11.874690	-1.795696	 1.375140	-0.499590	 0.018287	-32.322720	-0.071921	 3.145716	 0.000000	 90.000000	 0.000000	 169.596500	 11.052030	 160.487600	-175.696100	-6.375192	-9.716816
 0.002389	-0.110475	 0.012064	 177.770300	 3.873151	-87.273280	-12.082200	 3.828851	-1.227976	-10.566230	 9.526555	-1.266301	 1.947524	-7.823925	 110.373100	-0.813313	 0.122417	-8.559153	-57.121960	-25.232620	 16.922920	-3.353272	 30.228650	 1.176591	-11.953680	 23.683020	-62.900800	-5.466561	-2.015671	 9.912610	 2.503324	-1.126932	 4.512146	 3.269194	-0.634905	-79.900480	 3.825841	 3.114608	 11.952750	-0.275905	 3.148022	 9.006140	 2.905867	 4.334182	-70.372910	 37.205170	 19.722280	 15.035260	-6.822537	 19.211440	 10.820750	-5.641464	 19.245940	-70.353480	 18.366520	 10.346890	 21.424610	-3.898858	 9.395122	 9.460192	-0.473463	 9.974930	-72.425380	-57.417180	-11.465090	 6.647465	 9.284960	-0.525222	 0.082313	-19.390840	-0.175535	 3.200025	 1.680388	-14.244990	 90.628380	-104.128600	-1.983555	-99.776640	 179.716700	 1.357776	 105.638100	-0.813313	 0.122417	-8.559153	-29.326360	-34.377800	 5.377710	-47.712630	 2.007792	-9.853405	 32.956100	-8.402723	-69.938020	-5.622068	-2.046599	 10.478580	 2.507982	-1.127031	-0.628100	 3.299345	-1.003860	-87.042240	 12.830310	 6.505768	 7.613509	-0.276575	 3.147837	 8.761189	 3.005102	 2.912386	-90.547180	 58.707350	 25.015400	 1.228465	-6.852822	 19.207520	 9.218596	-6.114904	 19.378640	-94.645340	 31.824590	 15.362660	 7.556210	-3.937972	 9.390990	 5.198090	-0.492982	 9.526799	-82.770940	-56.755530	-11.881750	-1.936470	 1.398638	-0.499681	 0.018470	-32.543010	-0.070058	 3.144998	 0.000000	 90.000000	 0.000000	 169.657700	 11.184370	 160.571500	-175.629100	-6.248626	-9.415832
 0.002175	-0.110484	 0.012734	 177.516400	 3.919222	-87.228500	-12.126190	 3.858494	-1.171162	-10.609310	 9.588005	-1.215955	 1.948332	-7.828054	 110.368400	-0.813313	 0.122417	-8.559153	-57.172190	-25.198180	 16.793870	-3.356204	 30.288390	 1.176964	-11.771280	 23.648410	-62.975770	-5.466561	-2.015671	 9.912610	 2.503324	-1.126932	 4.512146	 3.269194	-0.634905	-79.900480	 3.824685	 3.114102	 11.952820	-0.275905	 3.148022	 9.006140	 2.905883	 4.334119	-70.373830	 37.203110	 19.721510	 15.035960	-6.822537	 19.211440	 10.820750	-5.641490	 19.245940	-70.354710	 18.365160	 10.346180	 21.424870	-3.898858	 9.395122	 9.460192	-0.473463	 9.974930	-72.425380	-57.418730	-11.465370	 6.646752	 9.284960	-0.525222	 0.082313	-19.390840	-0.175535	 3.200025	 1.670335	-13.518930	 90.622990	-103.508100	-2.389074	-100.104100	 179.778600	 1.015063	 106.076200	-0.813313	 0.122417	-8.559153	-28.238440	-33.458860	 7.432299	-48.923350	 3.428292	-9.468260	 33.148530	-6.937227	-67.670170	-5.618710	-2.043416	 10.506400	 2.507940	-1.127030	-0.581061	 3.299265	-0.999858	-86.965030	 12.859280	 6.519740	 7.631537	-0.276493	 3.147850	 8.788773	 3.004801	 2.909578	-90.586930	 58.758710	 25.018450	 1.174384	-6.852570	 19.207550	 9.232107	-6.115947	 19.379170	-94.703260	 31.863960	 15.372840	 7.521931	-3.937853	 9.391003	 5.211433	-0.493061	 9.526217	-82.784470	-56.728090	-11.880510	-1.953662	 1.371341	-0.499573	 0.018258	-32.568260	-0.069843	 3.144919	 0.000000	 90.000000	 0.000000	 169.728900	 11.295610	 160.639400	-175.567000	-6.133368	-9.126378
 0.001983	-0.110549	 0.013384	 177.298600	 3.971251	-87.190250	-12.167940	 3.885139	-1.117155	-10.649930	 9.664026	-1.168181	 1.954504	-7.852663	 110.364700	-0.813313	 0.122417	-8.559153	-57.242280	-25.176490	 16.657200	-3.359164	 30.344260	 1.177404	-11.595500	 23.613430	-63.052340	-5.466561	-2.015671	 9.912610	 2.503324	-1.126932	 4.512146	 3.269194	-0.634905	-79.900480	 3.823567	 3.113612	 11.952880	-0.275905	 3.148022	 9.006140	 2.905899	 4.334059	-70.374690	 37.201170	 19.720800	 15.036620	-6.822537	 19.211440	 10.820750	-5.641513	 19.245950	-70.355900	 18.363860	 10.345510	 21.425120	-3.898858	 9.395122	 9.460192	-0.473463	 9.974930	-72.425380	-57.420190	-11.465650	 6.646114	 9.284960	-0.525222	 0.082313	-19.390840	-0.175535	 3.200025	 1.660993	-12.844910	 90.617930	-102.936400	-2.789915	-100.432100	 179.838000	 0.699195	 106.484600	-0.813313	 0.122417	-8.559153	-27.211200	-32.530430	 9.394650	-50.125060	 4.807649	-9.084783	 33.422000	-5.524642	-65.408560	-5.608103	-2.035763	 10.555690	 2.507914	-1.127029	-0.551450	 3.299207	-0.997102	-86.911860	 12.872710	 6.525698	 7.635981	-0.276375	 3.147867	 8.829051	 3.005138	 2.912720	-90.542450	 58.767230	 25.022560	 1.186884	-6.852036	 19.207630	 9.260581	-6.115252	 19.378810	-94.664570	 31.879150	 15.380590	 7.538173	-3.937474	 9.391034	 5.253557	-0.492869	 9.527635	-82.751560	-56.673310	-11.876660	-1.965384	 1.403981	-0.499700	 0.018514	-32.586830	-0.069686	 3.144858	 0.000000	 90.000000	 0.000000	 169.807000	 11.394500	 160.703500	-175.508900	-6.024121	-8.856320
 0.001745	-0.110708	 0.014148	 177.066300	 4.043620	-87.148450	-12.217220	 3.914567	-1.052818	-10.697810	 9.770523	-1.111321	 1.969457	-7.911079	 110.361400	-0.813313	 0.122417	-8.559153	-57.345310	-25.159790	 16.481590	-3.362799	 30.410220	 1.178016	-11.386210	 23.573240	-63.163480	-5.466561	-2.015671	 9.912610	 2.503324	-1.126932	 4.512146	 3.269194	-0.634905	-79.900480	 3.822295	 3.113055	 11.952950	-0.275905	 3.148022	 9.006140	 2.905917	 4.333987	-70.375760	 37.198840	 19.719940	 15.037410	-6.822537	 19.211440	 10.820750	-5.641541	 19.245950	-70.357310	 18.362330	 10.344720	 21.425410	-3.898858	 9.395122	 9.460192	-0.473463	 9.974930	-72.425380	-57.421900	-11.465950	 6.645325	 9.284960	-0.525222	 0.082313	-19.390840	-0.175535	 3.200025	 1.650182	-12.068800	 90.612100	-102.283700	-3.290569	-100.815100	 179.903700	 0.362221	 106.931200	-0.813313	 0.122417	-8.559153	-25.951950	-31.283360	 11.599810	-51.600260	 6.289750	-8.592152	 33.898530	-3.796434	-61.968110	-5.588165	-2.022009	 10.637780	 2.507800	-1.127028	-0.425109	 3.299179	-0.995761	-86.885980	 12.844610	 6.522771	 7.698245	-0.276104	 3.147912	 8.921219	 3.005865	 2.919568	-90.445560	 58.634480	 25.011140	 1.306038	-6.850775	 19.207830	 9.327954	-6.113799	 19.378070	-94.583830	 31.822460	 15.367060	 7.596408	-3.936591	 9.391112	 5.351700	-0.492458	 9.530731	-82.679670	-56.541600	-11.860600	-1.883069	 1.492128	-0.500033	 0.019207	-32.468400	-0.070689	 3.145240	 0.000000	 90.000000	 0.000000	 169.908500	 11.502010	 160.786200	-175.445100	-5.907236	-8.571472
 0.001519	-0.110946	 0.014774	 176.887300	 4.113067	-87.114820	-12.258450	 3.937264	-0.998157	-10.737960	 9.869380	-1.063062	 1.987260	-7.980222	 110.359400	-0.813313	 0.122417	-8.559153	-57.447620	-25.152390	 16.322780	-3.366023	 30.466110	 1.178602	-11.213190	 23.542460	-63.271140	-5.466561	-2.015671	 9.912610	 2.503324	-1.126932	 4.512146	 3.269194	-0.634905	-79.900480	 3.821177	 3.112566	 11.953010	-0.275905	 3.148022	 9.006140	 2.905932	 4.333925	-70.376650	 37.196910	 19.719230	 15.038070	-6.822537	 19.211440	 10.820750	-5.641565	 19.245950	-70.358510	 18.361020	 10.344040	 21.425660	-3.898858	 9.395122	 9.460192	-0.473463	 9.974930	-72.425380	-57.423360	-11.466230	 6.644666	 9.284960	-0.525222	 0.082313	-19.390840	-0.175535	 3.200025	 1.641330	-11.438430	 90.607280	-101.757900	-3.737820	-101.109100	 179.954000	 0.113491	 107.263400	-0.813313	 0.122417	-8.559153	-24.925390	-30.119720	 13.217700	-52.646190	 7.186152	-8.108991	 33.979230	-2.335837	-58.700490	-5.566693	-2.007353	 10.723060	 2.507685	-1.127026	-0.297557	 3.299102	-0.992342	-86.820000	 12.789160	 6.512152	 7.785381	-0.275628	 3.147986	 9.083361	 3.007096	 2.931423	-90.277830	 58.417190	 24.987750	 1.475984	-6.848464	 19.208180	 9.451411	-6.111008	 19.376640	-94.428590	 31.720000	 15.346540	 7.733183	-3.934922	 9.391262	 5.537486	-0.491559	 9.537589	-82.520650	-56.373390	-11.840120	-1.783217	 1.587814	-0.500395	 0.019958	-32.335670	-0.071817	 3.145670	 0.000000	 90.000000	 0.000000	 170.000800	 11.584180	 160.845100	-175.397900	-5.828266	-8.377704
 0.001310	-0.111234	 0.015386	 176.723900	 4.186526	-87.084290	-12.298420	 3.957282	-0.943999	-10.777130	 9.970039	-1.015290	 2.008289	-8.061688	 110.357900	-0.813313	 0.122417	-8.559153	-57.560940	-25.150590	 16.157780	-3.369238	 30.521780	 1.179202	-11.051590	 23.517680	-63.385930	-5.466561	-2.015671	 9.912610	 2.503324	-1.126932	 4.512146	 3.269194	-0.634905	-79.900480	 3.820098	 3.112094	 11.953080	-0.275905	 3.148022	 9.006140	 2.905949	 4.333862	-70.377590	 37.194970	 19.718510	 15.038730	-6.822537	 19.211440	 10.820750	-5.641595	 19.245950	-70.359700	 18.359740	 10.343380	 21.425910	-3.898858	 9.395122	 9.460192	-0.473463	 9.974930	-72.425380	-57.424800	-11.466500	 6.643995	 9.284960	-0.525222	 0.082313	-19.390840	-0.175535	 3.200025	 1.632914	-10.846520	 90.602680	-101.266700	-4.209711	-101.310000	-179.996400	-0.124877	 107.580700	-0.813313	 0.122417	-8.559153	-23.907090	-28.887810	 14.727960	-53.574050	 7.806166	-7.589777	 33.446100	-0.861274	-55.507520	-5.542815	-1.991022	 10.817640	 2.507495	-1.127024	-0.085140	 3.298994	-0.987808	-86.732510	 12.698910	 6.489841	 7.890559	-0.275045	 3.148081	 9.281669	 3.008936	 2.949820	-90.017650	 58.085970	 24.945870	 1.703677	-6.845618	 19.208630	 9.603589	-6.106485	 19.374340	-94.177680	 31.557100	 15.309580	 7.920731	-3.932846	 9.391455	 5.768501	-0.490431	 9.546404	-82.316310	-56.145650	-11.810830	-1.631054	 1.773747	-0.501100	 0.021424	-32.119710	-0.073648	 3.146378	 0.000000	 90.000000	 0.000000	 170.095700	 11.651730	 160.876400	-175.357400	-5.761983	-8.212852
 0.001122	-0.111529	 0.016102	 176.551900	 4.272178	-87.054700	-12.342210	 3.976395	-0.882668	-10.820550	 10.081180	-0.961194	 2.034689	-8.163833	 110.356600	-0.813313	 0.122417	-8.559153	-57.702100	-25.154320	 15.962750	-3.372989	 30.585680	 1.179922	-10.882960	 23.497970	-63.522920	-5.466561	-2.015671	 9.912610	 2.503324	-1.126932	 4.512146	 3.269194	-0.634905	-79.900480	 3.818865	 3.111554	 11.953150	-0.275905	 3.148022	 9.006140	 2.905966	 4.333789	-70.378620	 37.192750	 19.717700	 15.039490	-6.822537	 19.211440	 10.820750	-5.641620	 19.245950	-70.361130	 18.358270	 10.342620	 21.426190	-3.898858	 9.395122	 9.460192	-0.473463	 9.974930	-72.425380	-57.426410	-11.466790	 6.643224	 9.284960	-0.525222	 0.082313	-19.390840	-0.175535	 3.200025	 1.623199	-10.161680	 90.597310	-100.697300	-4.790139	-101.410800	-179.933300	-0.418996	 107.966900	-0.813313	 0.122417	-8.559153	-22.707850	-27.407880	 16.505060	-54.439610	 8.455267	-6.970397	 32.428140	 0.946507	-51.760410	-5.514542	-1.971457	 10.932140	 2.507195	-1.127022	 0.248580	 3.298861	-0.982584	-86.631710	 12.552460	 6.447371	 8.016134	-0.274401	 3.148189	 9.501187	 3.011721	 2.979438	-89.599010	 57.556030	 24.869360	 2.024068	-6.842465	 19.209120	 9.772144	-6.099124	 19.370660	-93.770380	 31.293370	 15.240060	 8.156326	-3.930534	 9.391683	 6.026064	-0.489192	 9.556399	-82.084630	-55.793060	-11.763870	-1.389356	 2.068330	-0.502200	 0.023749	-31.774560	-0.076562	 3.147525	 0.000000	 90.000000	 0.000000	 170.200000	 11.705110	 160.900900	-175.318200	-5.692725	-8.029949
 0.000994	-0.111719	 0.016728	 176.424800	 4.348330	-87.033640	-12.377440	 3.989044	-0.831070	-10.856080	 10.166520	-0.915721	 2.057678	-8.252713	 110.355800	-0.813313	 0.122417	-8.559153	-57.830140	-25.161720	 15.792930	-3.376235	 30.640620	 1.180535	-10.751270	 23.487810	-63.642880	-5.466561	-2.015671	 9.912610	 2.503324	-1.126932	 4.512146	 3.269194	-0.634905	-79.900480	 3.817805	 3.111090	 11.953210	-0.275905	 3.148022	 9.006140	 2.905982	 4.333726	-70.379540	 37.190880	 19.717000	 15.040120	-6.822537	 19.211440	 10.820750	-5.641644	 19.245960	-70.362350	 18.357030	 10.341980	 21.426430	-3.898858	 9.395122	 9.460192	-0.473463	 9.974930	-72.425380	-57.427820	-11.467050	 6.642560	 9.284960	-0.525222	 0.082313	-19.390840	-0.175535	 3.200025	 1.614125	-9.501829	 90.592270	-100.145300	-5.312456	-101.480700	-179.880400	-0.658610	 108.294300	-0.813313	 0.122417	-8.559153	-21.691200	-26.105670	 18.027900	-54.910000	 9.152472	-6.432909	 31.811590	 2.690426	-47.891460	-6.317369	-1.850050	 19.128930	 2.497476	-1.127912	 11.136830	 3.254560	-0.543719	-78.115100	 10.125470	 6.177236	 14.526300	-0.265960	 3.149827	 12.391070	 3.026266	 3.219393	-86.215190	 56.185730	 24.802500	 3.825440	-6.810690	 19.214670	 11.476080	-6.090930	 19.366630	-93.319200	 29.873980	 15.049070	 11.224050	-3.900070	 9.395644	 9.431734	-0.479474	 9.651527	-79.884910	-55.412870	-11.711470	-1.127835	 2.388705	-0.503392	 0.026281	-31.261730	-0.080892	 3.149260	 0.000000	 90.000000	 0.000000	 170.280900	 11.736470	 160.931300	-175.290700	-5.631492	-7.853057
 0.000928	-0.111672	 0.017342	 176.329500	 4.426985	-87.015480	-12.408870	 3.997374	-0.782495	-10.888440	 10.234510	-0.872880	 2.078748	-8.334190	 110.354900	-0.813313	 0.122417	-8.559153	-57.957650	-25.171790	 15.628760	-3.379293	 30.693820	 1.181102	-10.634120	 23.483270	-63.759260	-5.466561	-2.015671	 9.912610	 2.503324	-1.126932	 4.512146	 3.269194	-0.634905	-79.900480	 3.816802	 3.110651	 11.953270	-0.275905	 3.148022	 9.006140	 2.905997	 4.333665	-70.380420	 37.189070	 19.716340	 15.040740	-6.822537	 19.211440	 10.820750	-5.641668	 19.245960	-70.363540	 18.355840	 10.341370	 21.426660	-3.898858	 9.395122	 9.460192	-0.473463	 9.974930	-72.425380	-57.429130	-11.467300	 6.641927	 9.284960	-0.525222	 0.082313	-19.390840	-0.175535	 3.200025	 1.604855	-8.813298	 90.587140	-99.569290	-5.816762	-101.625200	-179.841800	-0.830868	 108.557500	-0.813313	 0.122417	-8.559153	-20.814160	-24.810790	 19.330020	-55.228240	 9.960174	-5.884630	 31.568060	 4.435357	-43.730820	-8.150443	-2.145854	 34.756850	 2.480183	-1.134567	 31.891090	 2.991918	 0.256422	-61.814480	 5.686342	 4.939169	 26.931940	-0.250452	 3.154021	 17.792200	 3.015673	 3.664199	-79.947930	 53.497360	 24.541930	 7.249852	-6.752233	 19.227320	 14.638810	-6.077458	 19.360170	-92.580880	 27.316340	 14.524660	 16.955830	-3.844030	 9.407786	 15.793500	-0.471284	 9.828246	-75.812520	-54.796560	-11.622860	-0.704993	 2.909599	-0.505287	 0.030416	-30.681950	-0.085759	 3.151270	 0.000000	 90.000000	 0.000000	 170.347900	 11.753940	 161.038800	-175.278700	-5.508659	-7.421589
 0.000961	-0.111301	 0.018105	 176.244200	 4.524275	-86.996700	-12.442550	 4.001806	-0.726154	-10.924210	 10.289830	-0.823225	 2.098086	-8.409191	 110.353200	-0.813313	 0.122417	-8.559153	-58.112710	-25.186720	 15.434180	-3.382918	 30.758140	 1.181734	-10.504700	 23.483780	-63.897180	-5.466561	-2.015671	 9.912610	 2.503324	-1.126932	 4.512146	 3.269194	-0.634905	-79.900480	 3.815607	 3.110128	 11.953330	-0.275905	 3.148022	 9.006140	 2.906017	 4.333591	-70.381520	 37.186960	 19.715550	 15.041460	-6.822537	 19.211440	 10.820750	-5.641695	 19.245960	-70.364980	 18.354430	 10.340640	 21.426930	-3.898858	 9.395122	 9.460192	-0.473463	 9.974930	-72.425380	-57.430700	-11.467580	 6.641171	 9.284960	-0.525222	 0.082313	-19.390840	-0.175535	 3.200025	 1.593260	-7.937757	 90.580730	-98.841720	-6.406497	-101.973300	-179.804700	-0.993533	 108.824300	-0.813313	 0.122417	-8.559153	-19.948810	-23.170080	 20.703140	-55.599190	 11.026940	-5.126443	 31.278750	 6.619818	-38.323600	-9.949290	-3.192034	 44.320440	 2.470991	-1.141731	 44.902530	 2.718792	 0.704064	-51.682930	 3.212890	 3.778021	 34.577860	-0.240471	 3.157577	 21.353830	 2.980947	 3.963006	-75.710040	 50.429970	 23.947880	 10.063780	-6.712960	 19.237640	 16.788560	-6.059017	 19.351660	-91.577840	 25.533580	 13.974460	 20.677340	-3.808142	 9.419056	 19.968030	-0.473035	 9.949395	-73.022420	-53.962540	-11.495810	-0.135194	 3.615717	-0.507796	 0.036051	-29.907010	-0.092242	 3.154028	 0.000000	 90.000000	 0.000000	 170.428800	 11.760520	 161.269000	-175.309200	-5.256573	-6.522142
 0.001028	-0.110411	 0.018764	 176.200400	 4.607966	-86.984780	-12.466780	 4.000202	-0.680804	-10.951160	 10.307290	-0.783267	 2.107625	-8.446519	 110.350900	-0.813313	 0.122417	-8.559153	-58.242100	-25.200860	 15.275130	-3.385775	 30.812660	 1.182175	-10.403730	 23.488460	-64.009610	-5.466561	-2.015671	 9.912610	 2.503324	-1.126932	 4.512146	 3.269194	-0.634905	-79.900480	 3.814624	 3.109699	 11.953390	-0.275905	 3.148022	 9.006140	 2.906033	 4.333528	-70.382430	 37.185180	 19.714900	 15.042060	-6.822537	 19.211440	 10.820750	-5.641721	 19.245960	-70.366200	 18.353260	 10.340030	 21.427160	-3.898858	 9.395122	 9.460192	-0.473463	 9.974930	-72.425380	-57.431990	-11.467830	 6.640527	 9.284960	-0.525222	 0.082313	-19.390840	-0.175535	 3.200025	 1.583318	-7.176258	 90.575200	-98.214450	-6.892070	-102.382000	-179.782000	-1.092185	 109.024500	-0.813313	 0.122417	-8.559153	-19.382960	-21.757950	 21.739290	-55.568220	 11.774650	-4.392125	 30.339000	 8.506764	-33.425590	-10.471020	-3.564217	 47.975910	 2.467908	-1.145032	 49.935810	 2.594075	 0.861447	-47.806780	 2.285416	 3.230167	 37.518510	-0.236217	 3.159308	 22.897630	 2.957961	 4.097248	-73.791180	 49.570790	 23.778140	 11.094800	-6.695236	 19.242800	 17.766580	-6.046109	 19.345930	-90.880970	 24.955450	 13.789010	 22.185170	-3.792936	 9.424707	 21.768910	-0.476765	 10.019150	-71.413580	-53.384560	-11.403050	 0.256639	 4.105716	-0.509505	 0.039977	-29.353820	-0.096840	 3.156050	 0.000000	 90.000000	 0.000000	 170.495200	 11.751220	 161.554300	-175.330100	-4.860937	-5.109919
 0.001094	-0.109742	 0.019410	 176.184100	 4.688888	-86.977780	-12.486100	 3.995570	-0.639039	-10.973850	 10.303620	-0.746498	 2.114555	-8.473816	 110.348600	-0.813313	 0.122417	-8.559153	-58.363880	-25.215210	 15.127540	-3.388432	 30.865870	 1.182514	-10.311520	 23.496060	-64.113280	-5.466561	-2.015671	 9.912610	 2.503324	-1.126932	 4.512146	 3.269194	-0.634905	-79.900480	 3.813680	 3.109285	 11.953450	-0.275905	 3.148022	 9.006140	 2.906048	 4.333465	-70.383340	 37.183500	 19.714280	 15.042630	-6.822537	 19.211440	 10.820750	-5.641749	 19.245970	-70.367390	 18.352140	 10.339450	 21.427370	-3.898858	 9.395122	 9.460192	-0.473463	 9.974930	-72.425380	-57.433220	-11.468060	 6.639898	 9.284960	-0.525222	 0.082313	-19.390840	-0.175535	 3.200025	 1.573672	-6.432139	 90.569850	-97.611950	-7.339653	-102.956600	-179.770700	-1.143185	 109.212900	-0.813313	 0.122417	-8.559153	-19.077700	-20.483080	 22.674040	-55.132090	 12.363070	-3.614293	 28.406640	 10.152650	-29.238900	-10.562660	-3.635670	 48.593110	 2.467364	-1.145678	 50.876700	 2.572207	 0.886909	-47.159000	 2.056096	 3.078541	 38.075760	-0.234563	 3.160018	 23.502760	 2.945775	 4.159220	-72.901290	 48.178660	 23.401640	 11.934690	-6.686968	 19.245310	 18.224570	-6.034836	 19.341070	-90.275220	 24.112570	 13.390480	 22.837040	-3.787137	 9.427008	 22.461510	-0.479290	 10.052930	-70.633160	-52.882710	-11.319820	 0.590418	 4.530946	-0.510946	 0.043396	-28.849120	-0.101027	 3.157937	 0.000000	 90.000000	 0.000000	 170.545400	 11.717870	 161.983700	-175.380100	-4.355875	-4.230894
 0.001111	-0.109204	 0.020159	 176.179900	 4.776990	-86.974260	-12.502920	 3.989998	-0.592503	-10.995520	 10.291320	-0.705584	 2.122894	-8.506599	 110.346000	-0.813313	 0.122417	-8.559153	-58.500770	-25.232170	 14.963360	-3.391340	 30.929800	 1.182783	-10.207100	 23.507960	-64.227420	-5.466561	-2.015671	 9.912610	 2.503324	-1.126932	 4.512146	 3.269194	-0.634905	-79.900480	 3.812601	 3.108813	 11.953510	-0.275905	 3.148022	 9.006140	 2.906066	 4.333393	-70.384400	 37.181530	 19.713550	 15.043300	-6.822537	 19.211440	 10.820750	-5.641778	 19.245970	-70.368820	 18.350860	 10.338790	 21.427610	-3.898858	 9.395122	 9.460192	-0.473463	 9.974930	-72.425380	-57.434640	-11.468320	 6.639168	 9.284960	-0.525222	 0.082313	-19.390840	-0.175535	 3.200025	 1.562375	-5.558774	 90.563570	-96.916510	-7.854804	-103.756700	-179.763100	-1.179573	 109.450900	-0.813313	 0.122417	-8.559153	-18.976280	-19.092030	 23.747140	-54.170200	 13.014490	-2.643383	 25.258110	 11.772530	-25.116410	-10.726300	-3.764283	 49.904620	 2.466297	-1.147013	 52.780750	 2.524949	 0.940011	-45.786950	 1.635622	 2.794587	 39.199020	-0.231437	 3.161417	 24.653780	 2.924953	 4.254998	-71.520100	 47.116790	 23.126170	 12.925200	-6.671044	 19.250350	 19.110150	-6.015609	 19.333080	-89.248920	 23.493700	 13.121940	 23.886380	-3.776117	 9.431600	 23.787270	-0.481214	 10.075230	-70.117640	-52.032500	-11.172970	 1.145714	 5.250223	-0.513348	 0.049206	-27.994230	-0.108069	 3.161210	 0.000000	 90.000000	 0.000000	 170.609800	 11.658050	 162.525000	-175.415400	-3.973862	-3.719387
 0.001019	-0.108803	 0.020735	 176.181600	 4.830831	-86.974320	-12.511450	 3.985097	-0.555022	-11.009070	 10.274070	-0.672725	 2.129668	-8.533231	 110.343900	-0.813313	 0.122417	-8.559153	-58.610320	-25.246010	 14.832730	-3.393654	 30.986310	 1.182877	-10.118770	 23.520090	-64.316640	-5.466561	-2.015671	 9.912610	 2.503324	-1.126932	 4.512146	 3.269194	-0.634905	-79.900480	 3.811676	 3.108408	 11.953560	-0.275905	 3.148022	 9.006140	 2.906082	 4.333327	-70.385340	 37.179870	 19.712940	 15.043860	-6.822537	 19.211440	 10.820750	-5.641804	 19.245970	-70.370090	 18.349750	 10.338220	 21.427830	-3.898858	 9.395122	 9.460192	-0.473463	 9.974930	-72.425380	-57.435850	-11.468540	 6.638529	 9.284960	-0.525222	 0.082313	-19.390840	-0.175535	 3.200025	 1.552871	-4.824036	 90.558200	-96.338280	-8.295491	-104.454800	-179.756700	-1.209875	 109.645100	-0.813313	 0.122417	-8.559153	-19.007620	-17.928050	 24.693740	-52.882690	 13.512440	-1.780069	 22.221450	 12.887570	-21.678050	-10.725150	-3.759803	 50.127180	 2.466075	-1.147302	 53.187410	 2.517737	 0.947893	-45.580740	 1.468096	 2.673102	 39.454270	-0.229890	 3.162138	 25.227250	 2.910194	 4.316913	-70.623090	 46.140090	 22.845010	 13.666400	-6.660702	 19.253760	 19.687770	-5.994657	 19.324820	-88.139560	 22.644810	 12.690960	 24.476730	-3.770723	 9.433955	 24.440960	-0.483856	 10.102570	-69.484760	-51.114270	-11.005760	 1.736419	 6.026639	-0.515846	 0.055508	-27.070740	-0.115618	 3.164867	 0.000000	 90.000000	 0.000000	 170.685800	 11.596150	 162.909900	-175.404900	-3.759995	-3.516511
 0.000898	-0.108477	 0.021175	 176.184900	 4.853128	-86.975290	-12.515130	 3.980447	-0.522794	-11.017370	 10.252690	-0.644514	 2.135631	-8.556670	 110.342100	-0.813313	 0.122417	-8.559153	-58.702170	-25.257500	 14.723120	-3.395573	 31.040190	 1.182807	-10.036490	 23.532150	-64.389610	-5.466561	-2.015671	 9.912610	 2.503324	-1.126932	 4.512146	 3.269194	-0.634905	-79.900480	 3.810828	 3.108037	 11.953610	-0.275905	 3.148022	 9.006140	 2.906097	 4.333264	-70.386240	 37.178350	 19.712380	 15.044380	-6.822537	 19.211440	 10.820750	-5.641827	 19.245970	-70.371290	 18.348750	 10.337700	 21.428020	-3.898858	 9.395122	 9.460192	-0.473463	 9.974930	-72.425380	-57.436960	-11.468750	 6.637928	 9.284960	-0.525222	 0.082313	-19.390840	-0.175535	 3.200025	 1.544358	-4.172268	 90.553340	-95.826020	-8.703026	-105.018600	-179.751400	-1.233951	 109.779200	-0.813313	 0.122417	-8.559153	-19.234390	-16.991120	 25.624950	-51.653250	 13.909830	-0.984067	 19.483670	 13.552140	-18.982470	-10.771770	-3.795692	 50.642300	 2.465746	-1.147741	 53.798220	 2.499585	 0.967483	-45.065260	 1.269875	 2.532168	 39.947190	-0.228836	 3.162640	 25.619680	 2.891509	 4.389734	-69.563500	 44.929150	 22.466340	 14.373100	-6.653419	 19.256230	 20.095820	-5.972378	 19.316530	-86.969380	 22.202510	 12.462300	 24.794970	-3.767093	 9.435582	 24.882810	-0.487692	 10.137590	-68.673180	-50.146740	-10.819900	 2.349797	 6.844526	-0.518389	 0.062181	-26.097180	-0.123516	 3.168858	 0.000000	 90.000000	 0.000000	 170.773000	 11.531310	 163.205100	-175.370500	-3.578598	-3.472490
 0.000708	-0.107948	 0.021629	 176.191400	 4.856205	-86.977260	-12.516350	 3.974988	-0.489284	-11.022620	 10.221850	-0.615285	 2.142152	-8.582284	 110.340200	-0.813313	 0.122417	-8.559153	-58.792330	-25.268130	 14.614410	-3.397436	 31.104240	 1.182516	-9.939271	 23.546080	-64.458820	-5.466561	-2.015671	 9.912610	 2.503324	-1.126932	 4.512146	 3.269194	-0.634905	-79.900480	 3.809864	 3.107615	 11.953670	-0.275905	 3.148022	 9.006140	 2.906116	 4.333191	-70.387320	 37.176620	 19.711740	 15.044970	-6.822537	 19.211440	 10.820750	-5.641856	 19.245970	-70.372700	 18.347590	 10.337100	 21.428240	-3.898858	 9.395122	 9.460192	-0.473463	 9.974930	-72.425380	-57.438200	-11.468990	 6.637240	 9.284960	-0.525222	 0.082313	-19.390840	-0.175535	 3.200025	 1.535154	-3.482861	 90.547970	-95.268600	-9.138564	-105.531600	-179.747100	-1.253438	 109.898100	-0.813313	 0.122417	-8.559153	-19.613850	-16.015150	 26.806110	-49.618920	 14.234710	-0.092994	 17.540900	 13.825280	-16.343170	-10.812650	-3.829635	 50.960780	 2.465572	-1.147974	 54.122220	 2.488620	 0.979148	-44.756240	 1.112958	 2.417465	 40.276470	-0.227248	 3.163412	 26.213230	 2.875753	 4.447159	-68.724190	 43.358140	 21.945790	 15.164870	-6.646838	 19.258500	 20.465390	-5.944474	 19.306830	-85.516400	 21.373770	 12.022690	 25.317750	-3.761609	 9.438104	 25.553270	-0.491566	 10.168990	-67.944370	-48.947090	-10.576040	 3.096667	 7.858378	-0.521409	 0.070507	-24.889190	-0.133220	 3.173991	 0.000000	 90.000000	 0.000000	 170.889400	 11.448370	 163.499400	-175.306500	-3.408602	-3.324281
 0.000543	-0.107410	 0.022019	 176.199800	 4.850394	-86.979490	-12.514750	 3.970136	-0.463675	-11.023410	 10.189560	-0.593001	 2.147596	-8.603645	 110.338700	-0.813313	 0.122417	-8.559153	-58.853660	-25.274130	 14.538260	-3.398735	 31.162250	 1.182035	-9.850038	 23.557380	-64.502720	-5.466561	-2.015671	 9.912610	 2.503324	-1.126932	 4.512146	 3.269194	-0.634905	-79.900480	 3.809055	 3.107261	 11.953710	-0.275905	 3.148022	 9.006140	 2.906133	 4.333126	-70.388270	 37.175130	 19.711190	 15.045480	-6.822537	 19.211440	 10.820750	-5.641883	 19.245980	-70.373970	 18.346620	 10.336600	 21.428430	-3.898858	 9.395122	 9.460192	-0.473463	 9.974930	-72.425380	-57.439270	-11.469190	 6.636608	 9.284960	-0.525222	 0.082313	-19.390840	-0.175535	 3.200025	 1.527611	-2.934905	 90.543430	-94.803180	-9.455261	-105.932700	-179.745900	-1.259928	 109.990500	-0.813313	 0.122417	-8.559153	-19.976870	-15.229450	 28.096770	-47.544570	 14.542550	 0.629626	 16.490050	 13.829320	-14.878320	-10.837720	-3.851900	 51.065110	 2.465357	-1.148268	 54.528440	 2.485490	 0.982454	-44.668380	 0.943654	 2.288265	 40.420650	-0.225680	 3.164194	 26.802210	 2.863230	 4.490590	-68.087050	 42.658150	 21.707510	 15.560530	-6.641733	 19.260300	 20.752640	-5.923341	 19.299970	-84.424620	 20.975110	 11.813150	 25.764920	-3.756166	 9.440684	 26.222590	-0.494415	 10.190190	-67.451400	-48.406660	-10.440440	 3.583529	 8.618717	-0.523577	 0.076784	-23.982880	-0.140431	 3.177973	 0.000000	 90.000000	 0.000000	 171.001500	 11.369010	 163.745300	-175.246400	-3.292212	-3.221895
 0.000444	-0.106890	 0.022368	 176.208400	 4.847700	-86.980670	-12.511100	 3.965728	-0.444235	-11.021150	 10.156750	-0.576167	 2.152284	-8.621999	 110.337600	-0.813313	 0.122417	-8.559153	-58.895890	-25.278610	 14.485960	-3.399593	 31.215730	 1.181408	-9.765193	 23.566060	-64.527980	-5.466561	-2.015671	 9.912610	 2.503324	-1.126932	 4.512146	 3.269194	-0.634905	-79.900480	 3.808322	 3.106940	 11.953760	-0.275905	 3.148022	 9.006140	 2.906148	 4.333066	-70.389130	 37.173820	 19.710710	 15.045920	-6.822537	 19.211440	 10.820750	-5.641905	 19.245980	-70.375140	 18.345760	 10.336160	 21.428590	-3.898858	 9.395122	 9.460192	-0.473463	 9.974930	-72.425380	-57.440170	-11.469370	 6.636072	 9.284960	-0.525222	 0.082313	-19.390840	-0.175535	 3.200025	 1.521155	-2.474853	 90.539420	-94.402180	-9.691524	-106.262800	-179.747700	-1.254463	 110.062600	-0.813313	 0.122417	-8.559153	-20.275230	-14.695140	 29.553360	-45.663660	 14.694750	 1.146281	 16.073260	 13.621620	-14.186730	-10.852510	-3.865658	 51.083970	 2.465242	-1.148429	 54.748460	 2.485545	 0.982397	-44.669910	 0.847531	 2.214383	 40.489260	-0.224756	 3.164666	 27.151060	 2.848850	 4.538355	-67.383880	 41.600270	 21.334930	 16.071210	-6.636893	 19.262030	 21.025530	-5.910310	 19.295960	-83.754950	 20.368760	 11.479320	 26.112350	-3.752955	 9.442244	 26.619100	-0.496605	 10.205610	-67.092530	-47.578370	-10.276340	 3.956052	 9.084139	-0.524860	 0.080641	-23.428250	-0.144810	 3.180469	 0.000000	 90.000000	 0.000000	 171.106000	 11.292880	 163.980200	-175.201900	-3.210333	-3.152896
 0.000332	-0.106147	 0.022806	 176.231600	 4.847025	-86.981090	-12.503720	 3.960281	-0.425634	-11.014630	 10.112080	-0.560189	 2.157810	-8.643578	 110.336600	-0.813313	 0.122417	-8.559153	-58.938470	-25.288250	 14.440650	-3.400069	 31.283260	 1.180295	-9.659116	 23.577340	-64.540930	-5.466561	-2.015671	 9.912610	 2.503324	-1.126932	 4.512146	 3.269194	-0.634905	-79.900480	 3.807474	 3.106569	 11.953810	-0.275905	 3.148022	 9.006140	 2.906167	 4.332991	-70.390240	 37.172270	 19.710140	 15.046450	-6.822537	 19.211440	 10.820750	-5.641935	 19.245980	-70.376580	 18.344740	 10.335630	 21.428790	-3.898858	 9.395122	 9.460192	-0.473463	 9.974930	-72.425380	-57.441270	-11.469580	 6.635382	 9.284960	-0.525222	 0.082313	-19.390840	-0.175535	 3.200025	 1.513412	-1.930279	 90.534550	-93.928330	-9.928545	-106.641100	-179.769000	-1.172302	 110.115500	-0.813313	 0.122417	-8.559153	-20.653580	-14.214710	 31.587480	-42.671650	 14.777060	 1.641517	 15.138110	 13.223750	-14.007720	-10.862090	-3.874460	 51.104330	 2.465125	-1.148593	 54.972950	 2.485925	 0.981996	-44.680560	 0.760005	 2.147408	 40.581120	-0.223901	 3.165107	 27.474470	 2.836181	 4.578758	-66.786980	 40.832780	 21.059490	 16.539540	-6.629498	 19.264720	 21.443540	-5.898016	 19.292310	-83.125430	 19.926070	 11.233790	 26.451280	-3.749991	 9.443707	 26.986410	-0.499046	 10.222020	-66.710410	-46.975120	-10.146640	 4.271092	 9.520924	-0.526041	 0.084268	-22.907090	-0.148902	 3.182848	 0.000000	 90.000000	 0.000000	 171.233700	 11.192010	 164.320800	-175.155900	-3.138627	-3.093975
 0.000185	-0.105358	 0.023158	 176.262500	 4.829237	-86.982170	-12.494660	 3.955489	-0.414651	-11.005690	 10.069290	-0.550894	 2.162508	-8.661860	 110.336000	-0.813313	 0.122417	-8.559153	-58.966070	-25.305320	 14.426830	-3.399725	 31.343050	 1.178896	-9.573266	 23.592780	-64.534340	-5.466561	-2.015671	 9.912610	 2.503324	-1.126932	 4.512146	 3.269194	-0.634905	-79.900480	 3.806762	 3.106257	 11.953850	-0.275905	 3.148022	 9.006140	 2.906183	 4.332923	-70.391200	 37.170970	 19.709660	 15.046890	-6.822537	 19.211440	 10.820750	-5.641959	 19.245980	-70.377880	 18.343910	 10.335200	 21.428950	-3.898858	 9.395122	 9.460192	-0.473463	 9.974930	-72.425380	-57.442180	-11.469760	 6.634789	 9.284960	-0.525222	 0.082313	-19.390840	-0.175535	 3.200025	 1.506601	-1.448127	 90.530170	-93.524770	-10.099020	-106.961100	-179.804800	-1.032328	 110.136600	-0.813313	 0.122417	-8.559153	-21.064000	-13.882860	 33.460440	-39.257660	 14.848210	 1.992925	 13.909820	 12.775150	-14.504680	-10.864070	-3.874899	 51.212140	 2.464970	-1.148811	 55.270130	 2.483201	 0.984866	-44.604180	 0.568001	 1.999365	 40.757400	-0.222064	 3.166079	 28.173230	 2.811284	 4.654164	-65.667420	 39.436110	 20.539230	 17.283980	-6.620584	 19.268040	 21.948800	-5.871687	 19.284980	-81.784130	 19.112070	 10.771840	 26.929980	-3.743627	 9.446926	 27.779110	-0.504628	 10.256970	-65.894670	-45.870810	-9.890863	 4.904280	 10.450420	-0.528461	 0.092018	-21.793110	-0.157579	 3.188063	 0.000000	 90.000000	 0.000000	 171.348700	 11.099000	 164.634800	-175.101400	-3.105443	-3.060771
-0.000021	-0.104646	 0.023440	 176.286100	 4.797730	-86.993550	-12.484170	 3.951047	-0.409446	-10.994960	 10.027430	-0.546665	 2.166755	-8.678269	 110.335900	-0.813313	 0.122417	-8.559153	-58.982240	-25.332560	 14.443350	-3.398457	 31.408720	 1.176877	-9.501965	 23.623680	-64.512950	-5.466561	-2.015671	 9.912610	 2.503324	-1.126932	 4.512146	 3.269194	-0.634905	-79.900480	 3.806144	 3.105987	 11.953890	-0.275905	 3.148022	 9.006140	 2.906199	 4.332861	-70.392110	 37.169830	 19.709240	 15.047280	-6.822537	 19.211440	 10.820750	-5.641987	 19.245980	-70.379060	 18.343160	 10.334810	 21.429090	-3.898858	 9.395122	 9.460192	-0.473463	 9.974930	-72.425380	-57.442970	-11.469900	 6.634242	 9.284960	-0.525222	 0.082313	-19.390840	-0.175535	 3.200025	 1.500137	-0.981700	 90.526000	-93.160530	-10.234840	-107.255800	-179.839200	-0.897840	 110.141600	-0.813313	 0.122417	-8.559153	-21.683000	-14.032340	 35.148040	-35.123450	 14.840580	 2.128606	 12.543110	 12.323480	-15.393960	-10.860980	-3.869693	 51.382130	 2.464804	-1.149047	 55.592740	 2.478207	 0.990109	-44.464430	 0.408480	 1.876360	 40.970700	-0.220540	 3.166905	 28.755830	 2.789402	 4.716641	-64.734060	 38.669190	 20.243990	 17.815100	-6.612174	 19.271260	 22.427120	-5.849612	 19.279320	-80.666560	 18.663760	 10.513640	 27.343260	-3.738354	 9.449678	 28.440220	-0.509641	 10.285890	-65.218300	-45.009450	-9.678787	 5.417501	 11.224260	-0.530372	 0.098501	-20.867000	-0.164711	 3.192533	 0.000000	 90.000000	 0.000000	 171.463900	 11.013120	 164.877300	-175.040300	-3.097619	-3.041850
-0.000420	-0.103885	 0.023713	 176.316500	 4.756043	-87.032640	-12.469480	 3.946020	-0.410812	-10.979540	 9.976933	-0.548876	 2.171628	-8.696912	 110.336500	-0.813313	 0.122417	-8.559153	-58.990470	-25.376640	 14.494890	-3.395928	 31.512510	 1.173410	-9.430672	 23.695130	-64.469600	-5.466561	-2.015671	 9.912610	 2.503324	-1.126932	 4.512146	 3.269194	-0.634905	-79.900480	 3.805470	 3.105692	 11.953920	-0.275905	 3.148022	 9.006140	 2.906218	 4.332788	-70.393180	 37.168610	 19.708790	 15.047690	-6.822537	 19.211440	 10.820750	-5.642015	 19.245980	-70.380470	 18.342340	 10.334390	 21.429250	-3.898858	 9.395122	 9.460192	-0.473463	 9.974930	-72.425380	-57.443810	-11.470070	 6.633633	 9.284960	-0.525222	 0.082313	-19.390840	-0.175535	 3.200025	 1.492943	-0.471602	 90.521260	-92.743900	-10.380290	-107.592500	-179.890400	-0.697260	 110.138300	-0.813313	 0.122417	-8.559153	-22.759100	-14.660200	 36.763770	-29.028980	 14.846200	 2.105935	 10.366280	 11.829320	-17.031080	-10.851150	-3.857924	 51.559090	 2.464679	-1.149227	 55.836590	 2.473088	 0.995456	-44.321550	 0.288317	 1.783293	 41.155970	-0.219394	 3.167540	 29.196370	 2.772172	 4.763659	-64.027990	 38.354270	 20.119390	 18.181660	-6.605818	 19.273740	 22.789910	-5.832823	 19.275300	-79.820240	 18.476640	 10.404550	 27.622850	-3.734388	 9.451801	 28.940370	-0.513661	 10.307730	-64.706750	-44.490640	-9.537857	 5.779481	 11.809430	-0.531756	 0.103419	-20.166300	-0.170058	 3.195983	 0.000000	 90.000000	 0.000000	 171.605000	 10.914020	 165.112200	-174.958500	-3.113004	-3.029174
-0.000857	-0.103342	 0.023918	 176.342600	 4.716934	-87.082430	-12.454290	 3.941803	-0.419797	-10.963350	 9.931385	-0.558869	 2.175926	-8.713189	 110.337700	-0.813313	 0.122417	-8.559153	-58.989070	-25.425430	 14.566440	-3.392830	 31.623750	 1.169477	-9.378635	 23.785270	-64.417720	-5.466561	-2.015671	 9.912610	 2.503324	-1.126932	 4.512146	 3.269194	-0.634905	-79.900480	 3.804911	 3.105447	 11.953950	-0.275905	 3.148022	 9.006140	 2.906234	 4.332724	-70.394100	 37.167580	 19.708400	 15.048040	-6.822537	 19.211440	 10.820750	-5.642039	 19.245990	-70.381710	 18.341680	 10.334050	 21.429370	-3.898858	 9.395122	 9.460192	-0.473463	 9.974930	-72.425380	-57.444520	-11.470210	 6.633092	 9.284960	-0.525222	 0.082313	-19.390840	-0.175535	 3.200025	 1.487512	-0.120186	 90.517390	-92.376060	-10.511420	-107.869800	-179.939000	-0.506914	 110.135000	-0.813313	 0.122417	-8.559153	-24.364940	-15.833270	 37.759670	-22.021930	 14.970510	 1.912796	 8.172009	 11.466810	-18.987710	-10.837610	-3.843070	 51.697400	 2.464615	-1.149321	 55.963320	 2.469156	 0.999546	-44.212030	 0.225608	 1.734647	 41.273690	-0.218795	 3.167877	 29.427270	 2.762901	 4.788233	-63.657620	 37.847610	 19.916570	 18.545070	-6.602490	 19.275050	 22.980010	-5.823970	 19.273280	-79.375310	 18.176100	 10.227630	 27.804460	-3.732313	 9.452929	 29.202740	-0.515849	 10.319160	-64.438500	-44.303180	-9.478803	 5.951998	 12.116180	-0.532470	 0.106003	-19.798580	-0.172852	 3.197820	 0.000000	 90.000000	 0.000000	 171.733600	 10.827280	 165.288800	-174.878400	-3.145385	-3.021775
-0.001266	-0.102893	 0.024102	 176.362400	 4.678987	-87.137860	-12.437570	 3.937807	-0.435336	-10.945510	 9.886388	-0.575623	 2.178824	-8.723969	 110.339300	-0.813313	 0.122417	-8.559153	-58.980530	-25.480950	 14.657380	-3.389124	 31.745690	 1.164996	-9.355681	 23.901710	-64.350680	-5.466561	-2.015671	 9.912610	 2.503324	-1.126932	 4.512146	 3.269194	-0.634905	-79.900480	 3.804429	 3.105236	 11.953980	-0.275905	 3.148022	 9.006140	 2.906250	 4.332660	-70.395030	 37.166670	 19.708070	 15.048350	-6.822537	 19.211440	 10.820750	-5.642064	 19.245990	-70.382930	 18.341100	 10.333750	 21.429490	-3.898858	 9.395122	 9.460192	-0.473463	 9.974930	-72.425380	-57.445120	-11.470350	 6.632566	 9.284960	-0.525222	 0.082313	-19.390840	-0.175535	 3.200025	 1.482783	 0.164565	 90.513820	-92.064030	-10.633730	-108.133500	-179.983300	-0.333203	 110.134400	-0.813313	 0.122417	-8.559153	-27.140560	-17.353970	 38.355850	-13.104970	 15.214740	 1.602381	 5.987846	 10.667860	-21.535510	-10.820610	-3.825091	 51.817340	 2.464579	-1.149373	 56.034210	 2.465804	 1.003020	-44.118850	 0.190200	 1.707218	 41.357030	-0.218456	 3.168069	 29.558400	 2.757561	 4.802181	-63.447040	 37.504130	 19.776520	 18.816290	-6.600605	 19.275800	 23.088000	-5.818908	 19.272160	-79.121310	 17.970550	 10.105930	 27.909940	-3.731136	 9.453572	 29.351920	-0.517117	 10.325650	-64.286030	-44.219120	-9.449837	 6.042473	 12.290360	-0.532859	 0.107472	-19.589260	-0.174436	 3.198875	 0.000000	 90.000000	 0.000000	 171.860700	 10.743270	 165.443800	-174.794400	-3.191300	-3.013741
-0.001855	-0.102119	 0.024187	 176.379700	 4.627165	-87.204580	-12.415350	 3.933117	-0.462192	-10.922160	 9.832741	-0.604131	 2.178621	-8.722683	 110.341300	-0.813313	 0.122417	-8.559153	-58.961980	-25.555720	 14.789380	-3.383941	 31.901800	 1.159024	-9.383747	 24.079720	-64.245920	-5.466561	-2.015671	 9.912610	 2.503324	-1.126932	 4.512146	 3.269194	-0.634905	-79.900480	 3.803889	 3.105000	 11.954010	-0.275905	 3.148022	 9.006140	 2.906269	 4.332583	-70.396140	 37.165680	 19.707700	 15.048690	-6.822537	 19.211440	 10.820750	-5.642094	 19.245990	-70.384380	 18.340450	 10.333410	 21.429610	-3.898858	 9.395122	 9.460192	-0.473463	 9.974930	-72.425380	-57.445770	-11.470480	 6.631968	 9.284960	-0.525222	 0.082313	-19.390840	-0.175535	 3.200025	 1.477452	 0.470473	 90.509610	-91.812630	-10.715310	-108.452200	 179.967200	-0.139235	 110.132400	-0.813313	 0.122417	-8.559153	-29.876550	-16.655270	 39.005710	-7.080343	 15.698150	 1.456014	 5.808121	 8.532291	-23.056090	-10.796290	-3.799938	 51.941670	 2.464552	-1.149412	 56.086330	 2.462394	 1.006542	-44.024230	 0.163828	 1.686800	 41.428050	-0.218201	 3.168214	 29.656970	 2.753505	 4.812666	-63.288500	 37.166080	 19.636840	 19.079930	-6.599187	 19.276370	 23.169180	-5.815074	 19.271320	-78.928990	 17.767050	 9.985075	 27.993570	-3.730251	 9.454060	 29.464240	-0.518082	 10.330540	-64.171330	-44.053710	-9.409834	 6.121288	 12.421250	-0.533156	 0.108577	-19.431390	-0.175625	 3.199676	 0.000000	 90.000000	 0.000000	 172.010900	 10.644420	 165.619700	-174.689000	-3.260592	-2.997613
-0.002387	-0.101385	 0.024182	 176.398700	 4.570570	-87.255290	-12.395250	 3.929217	-0.490873	-10.901590	 9.788903	-0.634264	 2.176294	-8.713243	 110.343200	-0.813313	 0.122417	-8.559153	-58.940620	-25.623210	 14.914760	-3.379086	 32.034430	 1.153711	-9.432850	 24.244540	-64.149240	-5.466561	-2.015671	 9.912610	 2.503324	-1.126932	 4.512146	 3.269194	-0.634905	-79.900480	 3.803504	 3.104831	 11.954030	-0.275905	 3.148022	 9.006140	 2.906285	 4.332520	-70.397060	 37.164940	 19.707430	 15.048940	-6.822537	 19.211440	 10.820750	-5.642117	 19.245990	-70.385580	 18.339980	 10.333170	 21.429700	-3.898858	 9.395122	 9.460192	-0.473463	 9.974930	-72.425380	-57.446240	-11.470580	 6.631485	 9.284960	-0.525222	 0.082313	-19.390840	-0.175535	 3.200025	 1.473436	 0.681299	 90.506230	-91.654440	-10.714510	-108.713000	 179.921500	 0.039866	 110.129700	-0.813313	 0.122417	-8.559153	-31.631370	-15.036670	 39.535110	-5.000423	 16.509580	 1.424857	 6.478657	 6.800227	-23.282200	-10.773610	-3.776798	 52.030070	 2.464528	-1.149446	 56.132590	 2.460015	 1.008993	-43.958290	 0.140566	 1.668629	 41.474030	-0.217976	 3.168343	 29.744130	 2.749897	 4.821924	-63.148390	 36.680660	 19.435600	 19.342500	-6.597933	 19.276870	 23.241050	-5.811687	 19.270590	-78.759190	 17.473650	 9.810352	 28.087880	-3.729470	 9.454491	 29.563420	-0.518944	 10.334850	-64.069920	-43.658950	-9.327865	 6.228261	 12.536870	-0.533420	 0.109555	-19.291840	-0.176681	 3.200389	 0.000000	 90.000000	 0.000000	 172.131500	 10.564060	 165.768900	-174.599400	-3.326620	-2.974304
-0.002884	-0.100432	 0.024176	 176.416000	 4.503896	-87.302880	-12.372880	 3.925043	-0.526491	-10.879300	 9.744354	-0.671478	 2.172650	-8.698627	 110.345500	-0.813313	 0.122417	-8.559153	-58.913440	-25.697540	 15.057700	-3.373638	 32.170720	 1.148005	-9.489129	 24.418620	-64.049510	-5.466561	-2.015671	 9.912610	 2.503324	-1.126932	 4.512146	 3.269194	-0.634905	-79.900480	 3.803157	 3.104680	 11.954060	-0.275905	 3.148022	 9.006140	 2.906301	 4.332455	-70.398000	 37.164290	 19.707190	 15.049160	-6.822537	 19.211440	 10.820750	-5.642143	 19.245990	-70.386860	 18.339560	 10.332950	 21.429780	-3.898858	 9.395122	 9.460192	-0.473463	 9.974930	-72.425380	-57.446640	-11.470680	 6.630999	 9.284960	-0.525222	 0.082313	-19.390840	-0.175535	 3.200025	 1.469948	 0.824791	 90.502980	-91.499950	-10.690720	-108.976700	 179.870300	 0.240714	 110.126100	-0.813313	 0.122417	-8.559153	-32.946290	-13.463440	 40.454470	-3.774707	 18.611370	 1.335259	 7.539166	 6.616069	-23.310830	-10.748280	-3.751173	 52.109180	 2.464488	-1.149506	 56.212650	 2.457918	 1.011148	-43.900280	 0.100888	 1.637353	 41.519850	-0.217595	 3.168561	 29.891890	 2.743738	 4.837570	-62.911270	 36.068420	 19.179050	 19.630720	-6.595808	 19.277730	 23.362950	-5.805978	 19.269390	-78.473370	 17.102620	 9.587968	 28.228710	-3.728150	 9.455224	 29.731220	-0.520421	 10.342160	-63.898150	-43.159970	-9.218339	 6.388685	 12.732890	-0.533854	 0.111208	-19.055960	-0.178450	 3.201590	 0.000000	 90.000000	 0.000000	 172.235900	 10.453860	 166.028300	-174.505600	-3.400287	-2.929161
-0.003495	-0.099087	 0.024179	 176.421200	 4.423943	-87.360120	-12.345020	 3.919899	-0.575133	-10.852650	 9.694136	-0.721940	 2.167894	-8.679522	 110.348600	-0.813313	 0.122417	-8.559153	-58.876360	-25.788050	 15.237060	-3.366816	 32.321290	 1.141278	-9.535922	 24.607250	-63.947850	-5.466561	-2.015671	 9.912610	 2.503324	-1.126932	 4.512146	 3.269194	-0.634905	-79.900480	 3.802810	 3.104527	 11.954070	-0.275905	 3.148022	 9.006140	 2.906320	 4.332380	-70.399110	 37.163610	 19.706940	 15.049390	-6.822537	 19.211440	 10.820750	-5.642176	 19.245990	-70.388310	 18.339150	 10.332740	 21.429860	-3.898858	 9.395122	 9.460192	-0.473463	 9.974930	-72.425380	-57.447040	-11.470770	 6.630431	 9.284960	-0.525222	 0.082313	-19.390840	-0.175535	 3.200025	 1.466413	 0.931733	 90.499310	-91.341810	-10.667060	-109.279500	 179.807100	 0.488987	 110.120900	-0.813313	 0.122417	-8.559153	-32.980200	-12.083240	 41.950470	-3.419819	 21.401890	 1.277523	 9.354321	 8.052708	-23.193090	-10.717290	-3.720044	 52.186430	 2.464409	-1.149622	 56.369190	 2.455896	 1.013222	-43.844350	 0.010243	 1.565499	 41.584340	-0.216725	 3.169065	 30.229670	 2.729446	 4.873170	-62.370310	 35.411350	 18.899770	 19.926690	-6.591694	 19.279410	 23.599130	-5.792957	 19.266750	-77.822820	 16.703080	 9.345566	 28.446210	-3.725151	 9.456914	 30.114090	-0.523873	 10.358800	-63.506450	-42.625080	-9.079085	 6.666694	 13.179680	-0.534815	 0.114989	-18.518520	-0.182477	 3.204365	 0.000000	 90.000000	 0.000000	 172.332200	 10.288510	 166.450900	-174.397000	-3.488573	-2.839892
-0.004129	-0.097777	 0.024179	 176.417600	 4.359028	-87.411610	-12.319270	 3.915071	-0.623346	-10.829260	 9.652482	-0.771729	 2.164284	-8.664799	 110.351800	-0.813313	 0.122417	-8.559153	-58.840260	-25.868900	 15.401140	-3.360641	 32.439480	 1.135560	-9.516505	 24.733560	-63.892850	-5.466561	-2.015671	 9.912610	 2.503324	-1.126932	 4.512146	 3.269194	-0.634905	-79.900480	 3.802578	 3.104426	 11.954090	-0.275905	 3.148022	 9.006140	 2.906337	 4.332314	-70.400080	 37.163120	 19.706760	 15.049560	-6.822537	 19.211440	 10.820750	-5.642201	 19.246000	-70.389600	 18.338840	 10.332580	 21.429910	-3.898858	 9.395122	 9.460192	-0.473463	 9.974930	-72.425380	-57.447310	-11.470830	 6.629975	 9.284960	-0.525222	 0.082313	-19.390840	-0.175535	 3.200025	 1.463503	 1.005203	 90.496180	-91.238370	-10.526160	-109.546600	 179.749900	 0.713336	 110.115800	-0.813313	 0.122417	-8.559153	-32.472800	-10.771350	 43.249150	-3.172105	 23.602130	 1.211116	 10.912290	 9.463478	-22.898210	-10.689820	-3.692594	 52.241810	 2.464315	-1.149761	 56.555990	 2.454450	 1.014704	-43.804370	-0.103908	 1.474759	 41.661480	-0.215631	 3.169709	 30.656590	 2.710921	 4.917919	-61.687280	 34.560100	 18.533530	 20.260820	-6.586790	 19.281430	 23.881360	-5.776472	 19.263610	-77.001080	 16.182160	 9.026707	 28.707980	-3.721376	 9.459073	 30.597560	-0.528393	 10.379770	-63.012200	-41.929610	-8.896190	 7.014710	 13.742980	-0.535989	 0.119767	-17.840210	-0.187511	 3.207915	 0.000000	 90.000000	 0.000000	 172.427200	 10.101420	 166.872000	-174.305200	-3.564359	-2.738292
-0.004833	-0.096512	 0.024157	 176.411900	 4.308405	-87.460490	-12.294400	 3.910249	-0.672511	-10.807860	 9.616117	-0.822192	 2.162193	-8.655862	 110.355400	-0.813313	 0.122417	-8.559153	-58.804520	-25.944200	 15.556650	-3.354859	 32.533220	 1.130565	-9.439418	 24.810140	-63.876630	-5.466561	-2.015671	 9.912610	 2.503324	-1.126932	 4.512146	 3.269194	-0.634905	-79.900480	 3.802406	 3.104351	 11.954100	-0.275905	 3.148022	 9.006140	 2.906353	 4.332250	-70.400990	 37.162790	 19.706640	 15.049670	-6.822537	 19.211440	 10.820750	-5.642222	 19.246000	-70.390790	 18.338630	 10.332470	 21.429960	-3.898858	 9.395122	 9.460192	-0.473463	 9.974930	-72.425380	-57.447470	-11.470890	 6.629550	 9.284960	-0.525222	 0.082313	-19.390840	-0.175535	 3.200025	 1.461254	 1.022204	 90.493380	-91.148700	-10.294710	-109.795000	 179.696400	 0.923783	 110.110500	-0.813313	 0.122417	-8.559153	-31.712240	-9.452390	 44.025450	-3.145804	 25.980400	 1.174421	 11.662010	 11.491110	-22.113930	-10.664650	-3.667539	 52.284150	 2.464207	-1.149922	 56.772030	 2.453330	 1.015850	-43.773470	-0.213442	 1.387495	 41.758830	-0.214583	 3.170336	 31.067020	 2.692607	 4.960730	-61.030570	 33.653720	 18.137180	 20.597800	-6.581130	 19.283790	 24.207760	-5.760572	 19.260800	-76.210850	 15.625030	 8.681407	 28.996330	-3.717767	 9.461181	 31.062350	-0.532912	 10.399880	-62.537040	-41.185710	-8.701489	 7.355569	 14.284290	-0.537082	 0.124368	-17.188070	-0.192309	 3.211385	 0.000000	 90.000000	 0.000000	 172.518700	 9.884007	 167.329300	-174.229200	-3.629753	-2.631802
-0.005685	-0.094919	 0.024170	 176.397800	 4.265414	-87.519040	-12.263420	 3.903938	-0.736609	-10.782630	 9.595050	-0.887690	 2.164381	-8.662977	 110.360700	-0.813313	 0.122417	-8.559153	-58.759850	-26.033430	 15.743890	-3.347812	 32.619730	 1.125031	-9.312189	 24.862930	-63.889270	-5.466561	-2.015671	 9.912610	 2.503324	-1.126932	 4.512146	 3.269194	-0.634905	-79.900480	 3.802289	 3.104300	 11.954100	-0.275905	 3.148022	 9.006140	 2.906370	 4.332176	-70.402060	 37.162510	 19.706540	 15.049770	-6.822537	 19.211440	 10.820750	-5.642254	 19.246000	-70.392230	 18.338460	 10.332380	 21.429990	-3.898858	 9.395122	 9.460192	-0.473463	 9.974930	-72.425380	-57.447570	-11.470930	 6.629047	 9.284960	-0.525222	 0.082313	-19.390840	-0.175535	 3.200025	 1.459518	 0.931783	 90.490430	-91.102060	-9.986791	-110.164500	 179.632600	 1.174610	 110.103600	-0.813313	 0.122417	-8.559153	-30.691500	-7.778171	 44.877930	-3.066086	 28.958390	 1.110750	 11.625990	 14.276790	-20.714600	-10.635680	-3.638792	 52.324820	 2.464051	-1.150158	 57.087170	 2.452208	 1.016996	-43.742500	-0.317377	 1.304443	 41.919250	-0.213590	 3.170939	 31.457410	 2.674716	 5.001283	-60.405440	 33.041940	 17.864220	 20.846730	-6.572905	 19.287300	 24.683570	-5.745394	 19.258330	-75.458250	 15.248930	 8.440285	 29.337110	-3.714347	 9.463209	 31.504670	-0.537374	 10.419010	-62.084440	-40.683330	-8.554461	 7.646355	 14.799540	-0.538073	 0.128758	-16.567040	-0.196850	 3.214742	 0.000000	 90.000000	 0.000000	 172.629300	 9.367878	 168.122300	-174.157000	-3.697491	-2.497645
-0.006497	-0.093528	 0.024212	 176.376500	 4.237764	-87.568510	-12.236120	 3.897969	-0.795485	-10.761580	 9.610892	-0.947520	 2.171737	-8.689920	 110.366500	-0.813313	 0.122417	-8.559153	-58.721060	-26.107570	 15.901450	-3.341940	 32.666260	 1.120972	-9.207705	 24.884830	-63.917270	-5.466561	-2.015671	 9.912610	 2.503324	-1.126932	 4.512146	 3.269194	-0.634905	-79.900480	 3.802232	 3.104275	 11.954110	-0.275905	 3.148022	 9.006140	 2.906387	 4.332111	-70.403000	 37.162390	 19.706490	 15.049810	-6.822537	 19.211440	 10.820750	-5.642278	 19.246000	-70.393450	 18.338400	 10.332350	 21.430000	-3.898858	 9.395122	 9.460192	-0.473463	 9.974930	-72.425380	-57.447580	-11.470950	 6.628652	 9.284960	-0.525222	 0.082313	-19.390840	-0.175535	 3.200025	 1.458367	 0.813398	 90.488030	-91.132540	-9.606808	-110.587500	 179.579500	 1.383594	 110.097400	-0.813313	 0.122417	-8.559153	-29.711980	-6.434297	 45.488790	-2.987178	 31.037110	 1.052387	 11.068740	 16.395290	-19.780420	-10.612650	-3.616006	 52.351940	 2.463894	-1.150397	 57.406240	 2.451391	 1.017829	-43.719990	-0.480860	 1.172953	 42.106490	-0.212039	 3.171900	 32.070910	 2.645545	 5.064951	-59.417650	 31.868870	 17.335240	 21.257990	-6.564616	 19.290910	 25.164900	-5.721399	 19.254800	-74.271660	 14.516840	 7.974255	 29.729420	-3.709017	 9.466449	 32.198510	-0.544745	 10.449200	-61.368380	-39.711570	-8.282380	 8.113139	 15.612010	-0.539558	 0.135695	-15.587150	-0.203933	 3.220138	 0.000000	 90.000000	 0.000000	 172.775500	 8.655383	 169.073000	-174.111300	-3.745479	-2.423542
-0.007321	-0.092089	 0.024245	 176.356000	 4.206380	-87.621380	-12.207210	 3.891184	-0.859990	-10.740740	 9.646907	-1.012797	 2.182507	-8.729771	 110.373100	-0.813313	 0.122417	-8.559153	-58.681260	-26.181010	 16.059160	-3.336053	 32.685700	 1.117445	-9.154443	 24.907240	-63.956750	-5.466561	-2.015671	 9.912610	 2.503324	-1.126932	 4.512146	 3.269194	-0.634905	-79.900480	 3.802252	 3.104283	 11.954110	-0.275905	 3.148022	 9.006140	 2.906404	 4.332045	-70.403970	 37.162340	 19.706470	 15.049820	-6.822537	 19.211440	 10.820750	-5.642303	 19.246010	-70.394710	 18.338400	 10.332350	 21.430000	-3.898858	 9.395122	 9.460192	-0.473463	 9.974930	-72.425380	-57.447490	-11.470960	 6.628248	 9.284960	-0.525222	 0.082313	-19.390840	-0.175535	 3.200025	 1.457301	 0.676316	 90.485530	-91.197260	-9.123717	-111.074900	 179.526900	 1.590731	 110.090600	-0.813313	 0.122417	-8.559153	-28.730840	-5.189670	 45.992660	-2.912066	 32.371320	 1.005160	 10.047530	 17.872940	-19.132430	-10.591160	-3.594796	 52.373740	 2.463755	-1.150613	 57.692160	 2.450636	 1.018600	-43.699170	-0.582115	 1.090860	 42.285360	-0.211074	 3.172510	 32.454810	 2.626867	 5.104252	-58.803870	 31.142750	 16.999770	 21.537370	-6.557653	 19.294010	 25.570790	-5.706383	 19.252830	-73.531020	 14.064590	 7.678288	 30.050680	-3.705696	 9.468512	 32.633340	-0.550967	 10.473460	-60.791150	-39.108060	-8.109274	 8.400197	 16.118610	-0.540435	 0.140034	-14.976360	-0.208301	 3.223559	 0.000000	 90.000000	 0.000000	 172.921000	 7.451371	 170.239700	-174.078800	-3.784338	-2.412245
-0.008172	-0.090824	 0.024230	 176.335700	 4.164309	-87.684100	-12.173620	 3.882565	-0.937400	-10.718900	 9.695374	-1.090718	 2.195916	-8.779413	 110.381100	-0.813313	 0.122417	-8.559153	-58.637540	-26.259050	 16.228280	-3.329726	 32.677800	 1.114259	-9.184070	 24.949670	-64.022790	-5.466561	-2.015671	 9.912610	 2.503324	-1.126932	 4.512146	 3.269194	-0.634905	-79.900480	 3.802348	 3.104325	 11.954100	-0.275905	 3.148022	 9.006140	 2.906423	 4.331970	-70.405080	 37.162450	 19.706510	 15.049780	-6.822537	 19.211440	 10.820750	-5.642334	 19.246010	-70.396140	 18.338500	 10.332400	 21.429980	-3.898858	 9.395122	 9.460192	-0.473463	 9.974930	-72.425380	-57.447300	-11.470950	 6.627803	 9.284960	-0.525222	 0.082313	-19.390840	-0.175535	 3.200025	 1.456419	 0.478703	 90.482870	-91.269580	-8.495520	-111.623200	 179.479300	 1.778683	 110.082200	-0.813313	 0.122417	-8.559153	-27.817820	-4.023107	 46.415700	-2.854562	 33.064090	 0.975279	 8.224905	 18.779730	-18.637730	-10.570500	-3.574426	 52.392140	 2.463686	-1.150720	 57.834180	 2.449827	 1.019424	-43.676850	-0.613652	 1.065059	 42.374310	-0.210768	 3.172705	 32.576680	 2.620923	 5.116535	-58.611410	 30.917460	 16.889210	 21.690650	-6.555067	 19.295170	 25.721770	-5.701636	 19.252250	-73.297190	 13.922530	 7.581105	 30.213820	-3.704650	 9.469170	 32.770820	-0.553333	 10.482420	-60.577570	-38.917950	-8.054899	 8.486632	 16.278730	-0.540703	 0.141407	-14.783780	-0.209666	 3.224649	 0.000000	 90.000000	 0.000000	 173.076100	 6.490427	 171.114800	-174.057000	-3.810776	-2.425762
-0.008682	-0.090259	 0.024199	 176.323300	 4.124938	-87.740180	-12.144490	 3.874356	-1.006586	-10.696550	 9.728964	-1.160012	 2.206046	-8.816710	 110.388000	-0.813313	 0.122417	-8.559153	-58.602500	-26.319890	 16.361020	-3.324788	 32.649490	 1.112230	-9.253151	 24.988130	-64.104340	-5.466561	-2.015671	 9.912610	 2.503324	-1.126932	 4.512146	 3.269194	-0.634905	-79.900480	 3.802502	 3.104393	 11.954090	-0.275905	 3.148022	 9.006140	 2.906440	 4.331905	-70.406010	 37.162640	 19.706580	 15.049720	-6.822537	 19.211440	 10.820750	-5.642362	 19.246010	-70.397360	 18.338670	 10.332490	 21.429950	-3.898858	 9.395122	 9.460192	-0.473463	 9.974930	-72.425380	-57.447030	-11.470930	 6.627450	 9.284960	-0.525222	 0.082313	-19.390840	-0.175535	 3.200025	 1.455926	 0.277699	 90.480650	-91.319530	-7.909760	-112.034300	 179.448400	 1.901073	 110.074500	-0.813313	 0.122417	-8.559153	-27.206900	-3.217735	 46.684790	-2.831365	 32.867690	 0.973896	 6.772129	 18.732340	-18.272960	-10.556720	-3.560843	 52.403640	 2.463676	-1.150735	 57.854400	 2.449126	 1.020139	-43.657540	-0.652247	 1.033783	 42.388290	-0.210289	 3.173012	 32.768200	 2.613669	 5.131382	-58.378300	 30.644250	 16.756670	 21.845530	-6.555001	 19.295200	 25.725730	-5.695925	 19.251580	-73.015810	 13.748140	 7.469132	 30.271090	-3.702997	 9.470213	 32.988370	-0.553405	 10.482690	-60.571110	-38.645620	-7.974550	 8.618523	 16.467790	-0.541022	 0.143027	-14.551460	-0.211321	 3.225970	 0.000000	 90.000000	 0.000000	 173.116000	 5.961196	 171.382500	-174.048600	-3.814602	-2.413453
-0.009038	-0.089482	 0.024126	 176.324100	 4.086725	-87.800000	-12.114770	 3.865227	-1.078958	-10.664280	 9.742257	-1.232139	 2.212872	-8.841331	 110.394500	-0.813313	 0.122417	-8.559153	-58.570350	-26.374740	 16.481060	-3.320244	 32.604100	 1.110765	-9.333344	 25.017530	-64.217190	-5.466561	-2.015671	 9.912610	 2.503324	-1.126932	 4.512146	 3.269194	-0.634905	-79.900480	 3.802810	 3.104527	 11.954070	-0.275905	 3.148022	 9.006140	 2.906456	 4.331839	-70.406960	 37.163120	 19.706760	 15.049560	-6.822537	 19.211440	 10.820750	-5.642384	 19.246010	-70.398620	 18.339020	 10.332670	 21.429890	-3.898858	 9.395122	 9.460192	-0.473463	 9.974930	-72.425380	-57.446540	-11.470860	 6.627139	 9.284960	-0.525222	 0.082313	-19.390840	-0.175535	 3.200025	 1.455646	 0.047840	 90.478520	-91.373650	-7.277900	-112.328000	 179.420300	 2.012734	 110.066500	-0.813313	 0.122417	-8.559153	-26.650720	-2.542665	 46.908480	-2.818733	 31.890380	 0.989985	 6.125398	 17.847530	-18.245480	-10.547110	-3.551360	 52.412350	 2.463687	-1.150717	 57.831050	 2.448360	 1.020917	-43.636450	-0.667451	 1.021544	 42.374760	-0.210071	 3.173153	 32.855260	 2.610822	 5.137167	-58.287370	 30.538380	 16.702620	 21.933780	-6.554710	 19.295330	 25.742720	-5.693690	 19.251320	-72.905900	 13.678710	 7.426315	 30.261990	-3.702240	 9.470694	 33.088040	-0.553676	 10.483710	-60.546750	-38.559240	-7.947422	 8.666810	 16.535320	-0.541128	 0.143606	-14.460320	-0.211965	 3.226489	 0.000000	 90.000000	 0.000000	 173.078500	 5.624821	 171.676000	-174.045400	-3.808796	-2.362358
-0.009357	-0.088749	 0.024018	 176.336100	 4.043960	-87.873930	-12.074940	 3.853165	-1.167008	-10.616130	 9.714211	-1.319333	 2.211011	-8.832575	 110.400800	-0.813313	 0.122417	-8.559153	-58.524930	-26.422130	 16.607420	-3.315698	 32.533430	 1.109818	-9.428780	 25.037490	-64.387870	-5.466561	-2.015671	 9.912610	 2.503324	-1.126932	 4.512146	 3.269194	-0.634905	-79.900480	 3.803542	 3.104848	 11.954030	-0.275905	 3.148022	 9.006140	 2.906475	 4.331762	-70.408070	 37.164330	 19.707200	 15.049150	-6.822537	 19.211440	 10.820750	-5.642416	 19.246010	-70.400100	 18.339820	 10.333090	 21.429730	-3.898858	 9.395122	 9.460192	-0.473463	 9.974930	-72.425380	-57.445430	-11.470710	 6.626856	 9.284960	-0.525222	 0.082313	-19.390840	-0.175535	 3.200025	 1.455547	-0.253505	 90.476100	-91.447360	-6.496728	-112.562000	 179.400300	 2.092805	 110.056500	-0.813313	 0.122417	-8.559153	-26.055750	-1.892612	 47.144970	-2.812217	 30.644330	 1.010760	 5.621803	 16.721260	-18.480930	-10.542240	-3.546487	 52.420280	 2.463696	-1.150704	 57.813400	 2.447432	 1.021861	-43.610910	-0.686390	 1.006274	 42.364610	-0.210048	 3.173168	 32.864240	 2.607245	 5.144403	-58.173510	 30.405810	 16.636890	 22.018160	-6.553553	 19.295850	 25.810360	-5.690459	 19.250960	-72.746910	 13.628850	 7.397508	 30.222340	-3.702154	 9.470751	 33.099590	-0.554741	 10.487690	-60.451830	-38.536720	-7.942646	 8.669291	 16.636880	-0.541288	 0.144478	-14.369940	-0.212607	 3.227005	 0.000000	 90.000000	 0.000000	 173.009700	 5.495185	 171.848400	-174.043500	-3.808689	-2.285188
-0.009591	-0.088107	 0.023908	 176.365000	 4.013607	-87.939550	-12.033450	 3.838582	-1.242019	-10.569710	 9.647553	-1.393038	 2.203914	-8.804131	 110.405300	-0.813313	 0.122417	-8.559153	-58.467830	-26.437940	 16.704250	-3.312669	 32.464320	 1.109630	-9.524889	 25.051960	-64.548710	-5.466561	-2.015671	 9.912610	 2.503324	-1.126932	 4.512146	 3.269194	-0.634905	-79.900480	 3.804429	 3.105236	 11.953980	-0.275905	 3.148022	 9.006140	 2.906491	 4.331699	-70.409000	 37.165820	 19.707750	 15.048640	-6.822537	 19.211440	 10.820750	-5.642439	 19.246010	-70.401310	 18.340830	 10.333610	 21.429540	-3.898858	 9.395122	 9.460192	-0.473463	 9.974930	-72.425380	-57.444100	-11.470510	 6.626714	 9.284960	-0.525222	 0.082313	-19.390840	-0.175535	 3.200025	 1.455632	-0.525144	 90.474170	-91.521260	-5.830508	-112.722000	 179.390100	 2.133831	 110.047900	-0.813313	 0.122417	-8.559153	-25.639170	-1.499975	 47.340610	-2.812593	 29.187070	 1.036812	 5.402310	 15.368770	-18.819300	-10.541610	-3.545815	 52.423330	 2.463693	-1.150709	 57.819870	 2.446746	 1.022558	-43.592030	-0.681998	 1.009807	 42.368570	-0.210131	 3.173114	 32.831230	 2.608091	 5.142695	-58.200380	 30.438330	 16.650160	 22.030580	-6.553596	 19.295830	 25.807920	-5.690593	 19.250970	-72.753590	 13.626270	 7.397289	 30.198510	-3.702430	 9.470572	 33.063120	-0.554695	 10.487520	-60.455920	-38.533830	-7.944041	 8.660892	 16.633580	-0.541287	 0.144450	-14.398690	-0.212400	 3.226840	 0.000000	 90.000000	 0.000000	 172.964800	 5.191676	 171.958700	-174.043500	-3.812885	-2.211105
-0.009835	-0.087460	 0.023792	 176.416500	 3.986262	-88.012340	-11.983750	 3.815102	-1.321704	-10.516620	 9.543905	-1.470652	 2.195515	-8.770679	 110.409900	-0.813313	 0.122417	-8.559153	-58.391320	-26.434160	 16.799180	-3.310125	 32.385100	 1.109918	-9.636436	 25.065370	-64.731400	-5.466561	-2.015671	 9.912610	 2.503324	-1.126932	 4.512146	 3.269194	-0.634905	-79.900480	 3.805624	 3.105759	 11.953910	-0.275905	 3.148022	 9.006140	 2.906507	 4.331630	-70.409990	 37.167780	 19.708480	 15.047970	-6.822537	 19.211440	 10.820750	-5.642465	 19.246020	-70.402600	 18.342160	 10.334300	 21.429280	-3.898858	 9.395122	 9.460192	-0.473463	 9.974930	-72.425380	-57.442310	-11.470230	 6.626633	 9.284960	-0.525222	 0.082313	-19.390840	-0.175535	 3.200025	 1.455833	-0.825574	 90.472250	-91.609830	-5.133252	-112.817700	 179.381500	 2.169037	 110.038900	-0.813313	 0.122417	-8.559153	-25.268350	-1.207568	 47.571180	-2.816088	 27.369770	 1.069706	 5.242590	 13.672090	-19.255710	-10.541020	-3.545300	 52.420390	 2.463696	-1.150705	 57.813600	 2.446114	 1.023200	-43.574650	-0.672181	 1.017765	 42.364500	-0.210226	 3.173053	 32.793250	 2.609967	 5.138898	-58.260110	 30.509040	 16.682400	 22.018580	-6.554293	 19.295520	 25.767110	-5.692563	 19.251190	-72.850510	 13.655640	 7.416193	 30.188290	-3.702753	 9.470367	 33.020520	-0.554040	 10.485080	-60.514210	-38.572370	-7.954191	 8.647914	 16.572510	-0.541191	 0.143926	-14.439480	-0.212117	 3.226605	 0.000000	 90.000000	 0.000000	 172.949200	 4.923141	 172.070400	-174.045200	-3.819993	-2.127714
-0.010070	-0.086768	 0.023656	 176.489800	 3.962824	-88.099000	-11.920510	 3.779168	-1.414829	-10.451390	 9.390161	-1.560480	 2.178257	-8.703258	 110.414100	-0.813313	 0.122417	-8.559153	-58.283350	-26.410460	 16.908780	-3.307765	 32.287710	 1.110694	-9.772505	 25.078750	-64.956730	-5.466561	-2.015671	 9.912610	 2.503324	-1.126932	 4.512146	 3.269194	-0.634905	-79.900480	 3.807301	 3.106493	 11.953820	-0.275905	 3.148022	 9.006140	 2.906528	 4.331553	-70.411100	 37.170610	 19.709530	 15.047010	-6.822537	 19.211440	 10.820750	-5.642496	 19.246020	-70.404050	 18.344020	 10.335260	 21.428930	-3.898858	 9.395122	 9.460192	-0.473463	 9.974930	-72.425380	-57.439850	-11.469840	 6.626616	 9.284960	-0.525222	 0.082313	-19.390840	-0.175535	 3.200025	 1.456217	-1.189068	 90.470100	-91.730140	-4.342204	-112.889400	 179.371800	 2.208563	 110.028800	-0.813313	 0.122417	-8.559153	-24.904280	-0.979345	 47.823070	-2.821066	 25.055030	 1.111159	 4.977322	 11.521250	-19.807260	-10.540450	-3.544947	 52.410110	 2.463706	-1.150688	 57.791540	 2.445487	 1.023837	-43.557390	-0.660995	 1.026873	 42.350690	-0.210321	 3.172992	 32.755420	 2.612098	 5.134579	-58.328080	 30.629380	 16.738970	 21.977280	-6.555474	 19.294990	 25.698070	-5.695880	 19.251570	-73.013630	 13.731780	 7.465345	 30.158640	-3.703080	 9.470161	 32.977530	-0.552947	 10.480970	-60.612220	-38.672850	-7.981961	 8.608191	 16.467830	-0.541022	 0.143028	-14.554880	-0.211292	 3.225953	 0.000000	 90.000000	 0.000000	 172.923500	 4.812630	 172.138900	-174.049300	-3.829858	-2.028361
-0.010251	-0.086198	 0.023544	 176.553500	 3.947486	-88.171990	-11.864930	 3.743449	-1.492734	-10.395500	 9.241958	-1.634836	 2.159158	-8.629129	 110.416700	-0.813313	 0.122417	-8.559153	-58.180200	-26.376760	 16.998950	-3.306309	 32.205130	 1.111634	-9.886093	 25.088150	-65.152230	-5.466561	-2.015671	 9.912610	 2.503324	-1.126932	 4.512146	 3.269194	-0.634905	-79.900480	 3.808900	 3.107193	 11.953720	-0.275905	 3.148022	 9.006140	 2.906543	 4.331490	-70.412030	 37.173330	 19.710530	 15.046090	-6.822537	 19.211440	 10.820750	-5.642519	 19.246020	-70.405260	 18.345840	 10.336200	 21.428580	-3.898858	 9.395122	 9.460192	-0.473463	 9.974930	-72.425380	-57.437470	-11.469460	 6.626661	 9.284960	-0.525222	 0.082313	-19.390840	-0.175535	 3.200025	 1.456598	-1.501067	 90.468370	-91.846680	-3.708355	-112.959300	 179.365900	 2.233129	 110.020600	-0.813313	 0.122417	-8.559153	-24.658360	-0.871738	 47.947230	-2.823980	 23.081930	 1.145700	 4.636999	 9.704603	-20.288480	-10.540070	-3.544835	 52.396620	 2.463721	-1.150666	 57.762760	 2.445046	 1.024284	-43.545270	-0.644702	 1.040121	 42.332580	-0.210446	 3.172911	 32.705220	 2.615186	 5.128289	-58.426910	 30.769900	 16.805650	 21.919580	-6.556396	 19.294570	 25.644240	-5.698455	 19.251870	-73.140340	 13.821140	 7.523083	 30.121490	-3.703512	 9.469888	 32.920540	-0.552101	 10.477780	-60.688320	-38.790770	-8.015208	 8.558200	 16.384290	-0.540876	 0.142312	-14.656200	-0.210578	 3.225374	 0.000000	 90.000000	 0.000000	 172.894700	 4.829033	 172.198800	-174.054600	-3.837993	-1.946901
-0.010428	-0.085633	 0.023436	 176.615900	 3.934270	-88.247030	-11.806570	 3.702441	-1.572847	-10.337770	 9.077223	-1.710525	 2.136455	-8.541243	 110.419000	-0.813313	 0.122417	-8.559153	-58.063950	-26.330510	 17.089800	-3.305209	 32.121680	 1.112773	-9.998313	 25.096300	-65.357570	-5.466561	-2.015671	 9.912610	 2.503324	-1.126932	 4.512146	 3.269194	-0.634905	-79.900480	 3.810751	 3.108003	 11.953610	-0.275905	 3.148022	 9.006140	 2.906559	 4.331424	-70.412980	 37.176450	 19.711680	 15.045030	-6.822537	 19.211440	 10.820750	-5.642545	 19.246020	-70.406510	 18.347910	 10.337270	 21.428180	-3.898858	 9.395122	 9.460192	-0.473463	 9.974930	-72.425380	-57.434720	-11.469020	 6.626766	 9.284960	-0.525222	 0.082313	-19.390840	-0.175535	 3.200025	 1.457027	-1.827577	 90.466650	-91.981770	-3.091958	-113.034100	 179.361600	 2.251209	 110.012400	-0.813313	 0.122417	-8.559153	-24.466710	-0.838899	 48.010500	-2.824288	 21.125640	 1.178958	 4.247874	 7.914220	-20.811680	-10.539770	-3.544883	 52.378800	 2.463739	-1.150637	 57.724730	 2.444665	 1.024670	-43.534810	-0.622332	 1.058294	 42.308630	-0.210614	 3.172803	 32.638070	 2.619408	 5.119645	-58.562600	 30.938510	 16.885930	 21.843750	-6.557241	 19.294190	 25.594770	-5.701009	 19.252170	-73.266230	 13.928400	 7.592418	 30.073920	-3.704092	 9.469522	 32.844350	-0.551267	 10.474600	-60.764030	-38.932210	-8.055821	 8.494203	 16.293570	-0.540735	 0.141533	-14.759790	-0.209847	 3.224787	 0.000000	 90.000000	 0.000000	 172.859800	 4.900723	 172.268200	-174.061800	-3.844943	-1.867617
-0.010643	-0.085050	 0.023313	 176.673600	 3.920258	-88.333980	-11.738280	 3.650147	-1.666803	-10.271070	 8.875638	-1.798291	 2.107457	-8.429159	 110.421200	-0.813313	 0.122417	-8.559153	-57.916750	-26.263010	 17.193310	-3.304390	 32.028920	 1.114251	-10.118560	 25.103850	-65.601100	-5.466561	-2.015671	 9.912610	 2.503324	-1.126932	 4.512146	 3.269194	-0.634905	-79.900480	 3.813160	 3.109057	 11.953480	-0.275905	 3.148022	 9.006140	 2.906579	 4.331347	-70.414120	 37.180520	 19.713180	 15.043640	-6.822537	 19.211440	 10.820750	-5.642574	 19.246030	-70.407970	 18.350630	 10.338670	 21.427660	-3.898858	 9.395122	 9.460192	-0.473463	 9.974930	-72.425380	-57.431190	-11.468450	 6.626955	 9.284960	-0.525222	 0.082313	-19.390840	-0.175535	 3.200025	 1.457563	-2.215759	 90.464630	-92.160120	-2.428793	-113.066100	 179.358600	 2.264322	 110.003200	-0.813313	 0.122417	-8.559153	-24.293700	-0.851429	 48.028330	-2.819677	 19.062560	 1.212456	 3.781674	 6.040411	-21.453480	-10.539520	-3.545123	 52.353530	 2.463765	-1.150597	 57.670790	 2.444307	 1.025034	-43.524940	-0.590103	 1.084447	 42.274650	-0.210855	 3.172650	 32.542100	 2.625453	 5.107185	-58.757960	 31.275000	 17.044360	 21.703300	-6.558489	 19.293630	 25.522000	-5.705244	 19.252700	-73.474940	 14.142470	 7.729432	 29.997240	-3.704918	 9.468998	 32.735470	-0.549885	 10.469310	-60.889950	-39.214720	-8.130471	 8.392953	 16.134500	-0.540466	 0.140170	-14.931480	-0.208623	 3.223817	 0.000000	 90.000000	 0.000000	 172.816200	 4.998154	 172.310900	-174.073000	-3.849824	-1.789827
-0.010844	-0.084567	 0.023209	 176.701400	 3.908226	-88.406130	-11.681890	 3.603234	-1.746491	-10.216380	 8.703923	-1.871802	 2.082194	-8.331569	 110.422800	-0.813313	 0.122417	-8.559153	-57.784430	-26.195720	 17.277970	-3.304067	 31.957340	 1.115571	-10.206070	 25.108560	-65.807520	-5.466561	-2.015671	 9.912610	 2.503324	-1.126932	 4.512146	 3.269194	-0.634905	-79.900480	 3.815395	 3.110035	 11.953350	-0.275905	 3.148022	 9.006140	 2.906596	 4.331280	-70.415080	 37.184320	 19.714580	 15.042350	-6.822537	 19.211440	 10.820750	-5.642601	 19.246030	-70.409220	 18.353140	 10.339970	 21.427180	-3.898858	 9.395122	 9.460192	-0.473463	 9.974930	-72.425380	-57.427890	-11.467920	 6.627158	 9.284960	-0.525222	 0.082313	-19.390840	-0.175535	 3.200025	 1.458025	-2.547677	 90.462960	-92.334600	-1.945292	-113.058100	 179.357600	 2.269471	 109.995900	-0.813313	 0.122417	-8.559153	-24.168260	-0.863393	 48.017040	-2.810491	 17.733870	 1.231798	 3.413420	 4.856783	-22.015340	-10.539400	-3.545478	 52.328940	 2.463791	-1.150557	 57.618300	 2.444073	 1.025271	-43.518530	-0.558687	 1.109908	 42.241540	-0.211090	 3.172499	 32.448270	 2.631301	 5.095021	-58.948330	 31.575990	 17.185530	 21.571500	-6.559732	 19.293080	 25.449400	-5.709682	 19.253250	-73.693700	 14.333450	 7.851475	 29.924740	-3.705731	 9.468493	 32.629040	-0.548448	 10.463760	-61.022060	-39.466850	-8.197674	 8.297583	 15.968910	-0.540181	 0.138751	-15.111460	-0.207344	 3.222798	 0.000000	 90.000000	 0.000000	 172.778500	 5.040621	 172.330700	-174.085000	-3.849747	-1.741807
-0.011078	-0.084092	 0.023106	 176.708700	 3.895046	-88.475400	-11.629260	 3.555885	-1.824689	-10.165390	 8.540592	-1.943062	 2.058042	-8.238242	 110.424500	-0.813313	 0.122417	-8.559153	-57.649470	-26.121770	 17.357620	-3.304095	 31.896310	 1.116859	-10.274440	 25.111510	-66.007510	-5.466561	-2.015671	 9.912610	 2.503324	-1.126932	 4.512146	 3.269194	-0.634905	-79.900480	 3.817766	 3.111073	 11.953210	-0.275905	 3.148022	 9.006140	 2.906612	 4.331215	-70.416020	 37.188320	 19.716060	 15.040990	-6.822537	 19.211440	 10.820750	-5.642623	 19.246030	-70.410480	 18.355790	 10.341340	 21.426670	-3.898858	 9.395122	 9.460192	-0.473463	 9.974930	-72.425380	-57.424430	-11.467350	 6.627411	 9.284960	-0.525222	 0.082313	-19.390840	-0.175535	 3.200025	 1.458438	-2.874123	 90.461310	-92.526390	-1.544005	-113.029400	 179.357700	 2.269884	 109.989100	-0.813313	 0.122417	-8.559153	-24.044040	-0.837739	 48.001170	-2.795249	 16.672120	 1.245496	 3.099287	 3.913842	-22.542750	-10.539400	-3.545977	 52.302420	 2.463818	-1.150514	 57.561760	 2.443904	 1.025442	-43.513870	-0.525030	 1.137154	 42.205880	-0.211345	 3.172338	 32.346850	 2.637515	 5.081985	-59.152040	 31.805170	 17.293470	 21.455910	-6.561097	 19.292470	 25.369930	-5.714605	 19.253890	-73.936530	 14.423860	 7.910413	 29.863620	-3.706606	 9.467943	 32.514030	-0.546870	 10.457600	-61.168700	-39.658090	-8.252544	 8.205809	 15.791730	-0.539869	 0.137234	-15.311220	-0.205916	 3.221677	 0.000000	 90.000000	 0.000000	 172.750900	 5.256733	 172.350000	-174.099100	-3.843511	-1.705655
-0.011389	-0.083508	 0.022985	 176.689900	 3.875970	-88.555390	-11.572400	 3.499401	-1.917130	-10.109870	 8.362177	-2.026070	 2.031949	-8.137338	 110.426700	-0.813313	 0.122417	-8.559153	-57.485070	-26.025280	 17.446680	-3.304559	 31.839800	 1.118276	-10.334080	 25.116420	-66.234380	-5.466561	-2.015671	 9.912610	 2.503324	-1.126932	 4.512146	 3.269194	-0.634905	-79.900480	 3.820772	 3.112389	 11.953040	-0.275905	 3.148022	 9.006140	 2.906631	 4.331137	-70.417160	 37.193470	 19.717960	 15.039240	-6.822537	 19.211440	 10.820750	-5.642655	 19.246030	-70.411970	 18.359210	 10.343110	 21.426010	-3.898858	 9.395122	 9.460192	-0.473463	 9.974930	-72.425380	-57.419990	-11.466640	 6.627760	 9.284960	-0.525222	 0.082313	-19.390840	-0.175535	 3.200025	 1.458876	-3.258982	 90.459310	-92.765950	-1.110764	-112.979800	 179.359200	 2.265243	 109.981800	-0.813313	 0.122417	-8.559153	-23.457010	-0.965063	 47.994690	-3.176216	 15.670540	 1.322092	 2.837315	 3.485024	-23.143810	-10.539510	-3.546727	 52.268600	 2.463853	-1.150460	 57.489620	 2.443780	 1.025567	-43.510480	-0.482705	 1.171368	 42.160350	-0.211671	 3.172132	 32.217100	 2.645257	 5.065567	-59.408070	 32.008420	 17.390070	 21.333540	-6.562860	 19.291690	 25.267220	-5.720921	 19.254730	-74.248140	 14.539960	 7.985868	 29.785370	-3.707729	 9.467245	 32.366900	-0.544869	 10.449690	-61.356790	-39.827100	-8.306179	 8.099470	 15.580330	-0.539502	 0.135426	-15.567730	-0.204073	 3.220247	 0.000000	 90.000000	 0.000000	 172.721200	 5.345585	 172.394000	-174.118800	-3.826082	-1.669983
-0.011790	-0.082943	 0.022831	 176.649600	 3.855643	-88.620190	-11.531310	 3.453192	-1.993978	-10.068900	 8.233483	-2.093939	 2.013876	-8.067290	 110.428900	-0.813313	 0.122417	-8.559153	-57.345990	-25.938450	 17.515600	-3.305344	 31.786410	 1.119808	-10.369790	 25.103950	-66.411580	-5.466561	-2.015671	 9.912610	 2.503324	-1.126932	 4.512146	 3.269194	-0.634905	-79.900480	 3.823490	 3.113579	 11.952880	-0.275905	 3.148022	 9.006140	 2.906648	 4.331069	-70.418140	 37.198090	 19.719660	 15.037670	-6.822537	 19.211440	 10.820750	-5.642682	 19.246030	-70.413220	 18.362250	 10.344680	 21.425430	-3.898858	 9.395122	 9.460192	-0.473463	 9.974930	-72.425380	-57.416030	-11.465990	 6.628077	 9.284960	-0.525222	 0.082313	-19.390840	-0.175535	 3.200025	 1.459156	-3.576051	 90.457620	-92.968080	-0.757963	-112.922100	 179.361300	 2.257797	 109.976300	-0.813313	 0.122417	-8.559153	-20.969960	-1.609383	 48.030100	-4.813210	 15.141620	 1.480668	 3.555151	 5.210949	-23.809400	-10.539700	-3.547483	 52.238870	 2.463885	-1.150412	 57.426220	 2.443741	 1.025606	-43.509420	-0.446324	 1.200733	 42.120330	-0.211959	 3.171950	 32.102870	 2.651848	 5.051439	-59.627950	 32.171060	 17.467330	 21.229950	-6.564425	 19.290990	 25.176080	-5.726375	 19.255490	-74.517480	 14.679110	 8.075119	 29.710760	-3.708720	 9.466633	 32.237360	-0.543162	 10.442850	-61.519170	-39.962090	-8.350009	 8.008713	 15.418140	-0.539212	 0.134039	-15.789540	-0.202480	 3.219013	 0.000000	 90.000000	 0.000000	 172.733100	 6.448247	 172.115000	-174.137600	-3.803375	-1.640088
-0.012168	-0.083016	 0.022679	 176.584800	 3.830929	-88.682140	-11.498240	 3.409422	-2.069594	-10.034570	 8.130166	-2.159587	 1.998945	-8.009294	 110.431200	-0.813313	 0.122417	-8.559153	-57.208470	-25.847880	 17.578010	-3.306452	 31.705070	 1.122078	-10.395020	 25.055800	-66.579010	-5.466561	-2.015671	 9.912610	 2.503324	-1.126932	 4.512146	 3.269194	-0.634905	-79.900480	 3.826324	 3.114818	 11.952720	-0.275905	 3.148022	 9.006140	 2.906665	 4.331001	-70.419140	 37.202920	 19.721450	 15.036030	-6.822537	 19.211440	 10.820750	-5.642710	 19.246030	-70.414510	 18.365440	 10.346330	 21.424810	-3.898858	 9.395122	 9.460192	-0.473463	 9.974930	-72.425380	-57.411910	-11.465320	 6.628443	 9.284960	-0.525222	 0.082313	-19.390840	-0.175535	 3.200025	 1.459341	-3.883480	 90.455860	-93.169780	-0.423604	-112.840700	 179.364000	 2.247838	 109.971700	-0.813313	 0.122417	-8.559153	-18.614820	-1.329930	 48.098430	-7.864125	 14.823080	 1.787530	 4.958797	 6.410378	-24.496060	-10.540010	-3.548360	 52.208630	 2.463916	-1.150364	 57.361700	 2.443759	 1.025589	-43.509900	-0.410365	 1.229717	 42.079620	-0.212252	 3.171767	 31.986410	 2.658303	 5.037464	-59.845090	 32.375230	 17.562940	 21.112320	-6.566031	 19.290290	 25.082640	-5.731723	 19.256250	-74.781860	 14.835410	 8.174801	 29.632250	-3.709732	 9.466012	 32.105320	-0.541509	 10.436140	-61.678300	-40.131700	-8.400811	 7.913014	 15.285970	-0.538976	 0.132910	-16.007430	-0.200908	 3.217808	 0.000000	 90.000000	 0.000000	 172.734700	 7.254823	 171.387400	-174.158200	-3.773596	-1.604353
-0.012556	-0.083133	 0.022497	 176.488300	 3.799224	-88.746300	-11.473570	 3.366230	-2.149940	-10.006810	 8.044326	-2.227871	 1.984286	-7.952332	 110.433700	-0.813313	 0.122417	-8.559153	-57.063390	-25.746890	 17.637250	-3.308020	 31.593650	 1.125220	-10.414760	 24.974410	-66.754050	-5.466561	-2.015671	 9.912610	 2.503324	-1.126932	 4.512146	 3.269194	-0.634905	-79.900480	 3.829541	 3.116227	 11.952530	-0.275905	 3.148022	 9.006140	 2.906685	 4.330926	-70.420230	 37.208430	 19.723480	 15.034160	-6.822537	 19.211440	 10.820750	-5.642735	 19.246030	-70.415950	 18.369090	 10.348210	 21.424120	-3.898858	 9.395122	 9.460192	-0.473463	 9.974930	-72.425380	-57.407190	-11.464540	 6.628858	 9.284960	-0.525222	 0.082313	-19.390840	-0.175535	 3.200025	 1.459372	-4.202780	 90.453870	-93.385640	-0.081201	-112.730500	 179.367400	 2.235079	 109.967700	-0.813313	 0.122417	-8.559153	-16.950260	-0.528194	 48.185750	-10.205920	 14.771860	 1.979861	 6.037373	 7.065054	-25.112550	-10.540490	-3.549444	 52.175850	 2.463950	-1.150311	 57.291830	 2.443844	 1.025503	-43.512220	-0.376764	 1.256764	 42.035680	-0.212571	 3.171567	 31.860120	 2.664282	 5.024393	-60.047810	 32.614850	 17.674130	 20.978980	-6.567783	 19.289520	 24.980800	-5.736671	 19.256980	-75.026570	 14.960630	 8.255075	 29.553740	-3.710829	 9.465342	 31.962120	-0.539998	 10.429950	-61.825210	-40.629010	-8.580652	 7.474898	 15.194980	-0.538804	 0.132131	-14.344220	-0.212790	 3.227153	 0.000000	 90.000000	 0.000000	 172.710400	 8.034858	 170.593500	-174.182500	-3.733577	-1.551828
-0.012781	-0.082958	 0.022342	 176.383200	 3.766879	-88.788540	-11.462350	 3.333357	-2.218771	-9.991509	 7.987834	-2.284953	 1.970897	-7.900412	 110.435500	-0.813313	 0.122417	-8.559153	-56.941660	-25.657160	 17.680900	-3.309717	 31.483810	 1.128378	-10.430030	 24.887560	-66.899860	-5.466561	-2.015671	 9.912610	 2.503324	-1.126932	 4.512146	 3.269194	-0.634905	-79.900480	 3.832510	 3.117526	 11.952370	-0.275905	 3.148022	 9.006140	 2.906702	 4.330859	-70.421200	 37.213490	 19.725350	 15.032430	-6.822537	 19.211440	 10.820750	-5.642763	 19.246040	-70.417210	 18.372420	 10.349940	 21.423480	-3.898858	 9.395122	 9.460192	-0.473463	 9.974930	-72.425380	-57.402890	-11.463850	 6.629260	 9.284960	-0.525222	 0.082313	-19.390840	-0.175535	 3.200025	 1.459108	-4.449615	 90.451970	-93.560070	 0.197429	-112.619500	 179.371100	 2.220899	 109.965000	-0.813313	 0.122417	-8.559153	-15.944370	-0.102157	 48.295820	-11.813870	 14.920640	 2.073794	 6.910220	 7.635827	-25.623070	-10.541030	-3.550499	 52.147720	 2.463980	-1.150266	 57.231930	 2.443973	 1.025372	-43.515790	-0.355429	 1.273916	 41.998170	-0.212845	 3.171398	 31.751670	 2.668054	 5.016080	-60.176560	 32.767490	 17.745400	 20.880940	-6.569295	 19.288860	 24.892970	-5.739826	 19.257460	-75.182450	 15.050590	 8.312930	 29.488900	-3.711773	 9.464763	 31.839150	-0.539049	 10.426020	-61.918420	-41.839800	-9.035914	 6.225856	 15.199020	-0.538818	 0.132167	-9.082525	-0.248502	 3.258917	 0.000000	 90.000000	 0.000000	 172.639600	 8.591970	 170.152900	-174.205900	-3.692629	-1.507413
-0.012857	-0.082870	 0.022215	 176.265700	 3.732518	-88.806920	-11.459750	 3.307577	-2.282993	-9.984386	 7.946764	-2.335347	 1.955862	-7.842304	 110.436700	-0.813313	 0.122417	-8.559153	-56.832070	-25.571420	 17.714290	-3.311667	 31.375020	 1.131657	-10.447190	 24.799850	-67.030630	-5.466561	-2.015671	 9.912610	 2.503324	-1.126932	 4.512146	 3.269194	-0.634905	-79.900480	 3.835459	 3.118817	 11.952190	-0.275905	 3.148022	 9.006140	 2.906718	 4.330793	-70.422160	 37.218500	 19.727200	 15.030730	-6.822537	 19.211440	 10.820750	-5.642789	 19.246040	-70.418440	 18.375750	 10.351660	 21.422840	-3.898858	 9.395122	 9.460192	-0.473463	 9.974930	-72.425380	-57.398590	-11.463150	 6.629648	 9.284960	-0.525222	 0.082313	-19.390840	-0.175535	 3.200025	 1.458513	-4.646186	 90.449950	-93.702890	 0.441339	-112.504800	 179.375800	 2.202729	 109.962600	-0.813313	 0.122417	-8.559153	-15.352120	 0.263778	 48.440900	-13.378690	 15.178160	 2.202667	 7.704287	 8.037335	-26.069990	-10.541660	-3.551600	 52.121940	 2.464007	-1.150225	 57.176960	 2.444146	 1.025197	-43.520520	-0.340215	 1.286131	 41.963870	-0.213097	 3.171242	 31.652080	 2.670734	 5.010149	-60.268360	 32.876400	 17.796630	 20.801170	-6.570691	 19.288260	 24.812020	-5.742077	 19.257810	-75.293970	 15.153090	 8.378232	 29.426050	-3.712642	 9.464238	 31.726220	-0.538375	 10.423220	-61.984840	-43.681340	-9.691081	 4.213073	 15.276080	-0.538958	 0.132825	-0.576228	-0.299627	 3.316796	 0.000000	 90.000000	 0.000000	 172.542600	 9.031367	 169.780100	-174.230600	-3.649138	-1.484312
-0.012835	-0.082934	 0.022087	 176.115500	 3.692714	-88.809270	-11.466040	 3.286746	-2.354615	-9.985276	 7.910830	-2.386262	 1.938141	-7.773927	 110.437500	-0.813313	 0.122417	-8.559153	-56.717140	-25.474510	 17.740970	-3.314191	 31.255060	 1.135472	-10.475890	 24.705410	-67.167500	-5.466561	-2.015671	 9.912610	 2.503324	-1.126932	 4.512146	 3.269194	-0.634905	-79.900480	 3.838985	 3.120360	 11.951990	-0.275905	 3.148022	 9.006140	 2.906737	 4.330715	-70.423290	 37.224560	 19.729430	 15.028660	-6.822537	 19.211440	 10.820750	-5.642820	 19.246040	-70.419910	 18.379740	 10.353720	 21.422070	-3.898858	 9.395122	 9.460192	-0.473463	 9.974930	-72.425380	-57.393490	-11.462300	 6.630137	 9.284960	-0.525222	 0.082313	-19.390840	-0.175535	 3.200025	 1.457564	-4.848031	 90.447430	-93.840030	 0.697987	-112.367900	 179.382600	 2.176280	 109.960400	-0.813313	 0.122417	-8.559153	-14.805640	 0.576929	 48.646970	-15.150720	 15.392900	 2.342172	 8.600905	 8.376148	-26.545490	-10.542580	-3.553005	 52.094370	 2.464036	-1.150181	 57.118280	 2.444407	 1.024932	-43.527710	-0.326385	 1.297220	 41.927330	-0.213367	 3.171076	 31.545590	 2.673157	 5.004761	-60.351700	 32.975280	 17.843340	 20.722630	-6.572187	 19.287610	 24.725140	-5.744129	 19.258120	-75.395420	 15.223320	 8.423569	 29.364850	-3.713571	 9.463677	 31.605450	-0.537768	 10.420670	-62.045090	-49.385220	-11.487430	-3.744782	 15.787500	-0.539866	 0.137198	 29.316030	-0.401378	 3.565343	 0.000000	 90.000000	 0.000000	 172.414200	 9.519683	 169.326600	-174.261700	-3.593892	-1.475777
-0.012762	-0.082936	 0.021981	 175.987500	 3.663163	-88.803220	-11.478200	 3.278551	-2.411071	-9.992978	 7.886760	-2.423072	 1.927479	-7.732718	 110.438300	-0.813313	 0.122417	-8.559153	-56.634760	-25.398070	 17.751830	-3.316594	 31.169910	 1.138512	-10.526350	 24.651580	-67.260250	-5.466561	-2.015671	 9.912610	 2.503324	-1.126932	 4.512146	 3.269194	-0.634905	-79.900480	 3.841993	 3.121676	 11.951820	-0.275905	 3.148022	 9.006140	 2.906754	 4.330648	-70.424260	 37.229710	 19.731330	 15.026910	-6.822537	 19.211440	 10.820750	-5.642842	 19.246040	-70.421170	 18.383150	 10.355480	 21.421420	-3.898858	 9.395122	 9.460192	-0.473463	 9.974930	-72.425380	-57.389130	-11.461590	 6.630541	 9.284960	-0.525222	 0.082313	-19.390840	-0.175535	 3.200025	 1.456754	-5.015006	 90.445340	-93.934490	 0.880836	-112.241700	 179.389300	 2.150175	 109.958800	-0.813313	 0.122417	-8.559153	-14.493170	 0.885610	 48.842260	-16.279600	 15.659170	 2.446236	 9.350584	 8.600164	-26.917970	-10.543470	-3.554249	 52.074270	 2.464057	-1.150149	 57.075540	 2.444673	 1.024662	-43.535020	-0.315712	 1.305769	 41.900690	-0.213564	 3.170955	 31.467860	 2.675024	 5.000594	-60.416090	 33.051770	 17.879130	 20.665670	-6.573287	 19.287140	 24.661490	-5.745707	 19.258370	-75.473710	 15.264260	 8.450240	 29.321600	-3.714251	 9.463269	 31.517280	-0.537301	 10.418710	-62.091670	-51.787190	-12.020430	-7.325761	 16.011720	-0.540258	 0.139119	 43.015800	-0.402385	 3.689533	 0.000000	 90.000000	 0.000000	 172.285700	 9.845134	 169.013000	-174.289300	-3.544549	-1.478396
-0.012669	-0.082962	 0.021882	 175.860900	 3.637695	-88.796940	-11.496040	 3.276814	-2.464030	-10.006370	 7.866359	-2.455550	 1.919633	-7.702346	 110.439100	-0.813313	 0.122417	-8.559153	-56.567460	-25.327490	 17.751080	-3.319206	 31.107420	 1.141206	-10.614390	 24.635780	-67.327270	-5.466561	-2.015671	 9.912610	 2.503324	-1.126932	 4.512146	 3.269194	-0.634905	-79.900480	 3.845038	 3.123008	 11.951640	-0.275905	 3.148022	 9.006140	 2.906771	 4.330582	-70.425240	 37.234940	 19.733260	 15.025130	-6.822537	 19.211440	 10.820750	-5.642871	 19.246040	-70.422420	 18.386590	 10.357260	 21.420750	-3.898858	 9.395122	 9.460192	-0.473463	 9.974930	-72.425380	-57.384720	-11.460870	 6.630961	 9.284960	-0.525222	 0.082313	-19.390840	-0.175535	 3.200025	 1.455777	-5.161964	 90.443150	-94.015360	 1.026689	-112.090000	 179.396700	 2.120745	 109.957600	-0.813313	 0.122417	-8.559153	-14.159690	 1.169126	 49.045520	-17.230160	 15.899340	 2.516000	 10.128660	 8.818854	-27.261430	-10.544480	-3.555530	 52.057590	 2.464075	-1.150122	 57.040070	 2.444981	 1.024350	-43.543490	-0.303419	 1.315611	 41.878520	-0.213728	 3.170855	 31.403230	 2.677163	 4.995807	-60.490040	 33.139820	 17.919460	 20.612990	-6.574204	 19.286740	 24.608360	-5.747515	 19.258660	-75.563170	 15.312490	 8.481131	 29.283090	-3.714817	 9.462932	 31.443980	-0.536765	 10.416440	-62.145260	-51.510770	-12.015080	-7.373068	 16.006450	-0.540243	 0.139073	 42.408940	-0.402980	 3.684052	 0.000000	 90.000000	 0.000000	 172.149100	 10.148400	 168.737800	-174.318200	-3.492712	-1.484505
-0.012533	-0.083113	 0.021791	 175.720100	 3.614164	-88.791270	-11.522550	 3.276990	-2.519462	-10.027380	 7.849753	-2.488417	 1.912790	-7.675799	 110.440100	-0.813313	 0.122417	-8.559153	-56.512740	-25.256590	 17.734570	-3.322423	 31.063230	 1.143831	-10.746340	 24.656860	-67.378310	-5.466561	-2.015671	 9.912610	 2.503324	-1.126932	 4.512146	 3.269194	-0.634905	-79.900480	 3.848546	 3.124544	 11.951430	-0.275905	 3.148022	 9.006140	 2.906790	 4.330504	-70.426350	 37.240960	 19.735470	 15.023090	-6.822537	 19.211440	 10.820750	-5.642900	 19.246050	-70.423890	 18.390560	 10.359310	 21.419990	-3.898858	 9.395122	 9.460192	-0.473463	 9.974930	-72.425380	-57.379680	-11.460050	 6.631429	 9.284960	-0.525222	 0.082313	-19.390840	-0.175535	 3.200025	 1.454173	-5.266320	 90.440380	-94.092290	 1.155934	-111.891500	 179.406200	 2.083560	 109.956700	-0.813313	 0.122417	-8.559153	-13.856920	 1.417930	 49.287010	-18.356130	 16.257640	 2.599868	 11.085070	 9.123593	-27.606180	-10.545800	-3.557098	 52.042260	 2.464090	-1.150098	 57.007450	 2.445382	 1.023944	-43.554500	-0.287675	 1.328212	 41.857990	-0.213879	 3.170763	 31.343660	 2.679895	 4.989667	-60.584820	 33.239810	 17.964690	 20.560800	-6.575052	 19.286380	 24.559220	-5.749818	 19.259030	-75.677410	 15.374390	 8.520311	 29.244530	-3.715338	 9.462620	 31.376400	-0.536080	 10.413540	-62.214040	-52.078900	-12.110780	-8.120082	 16.070570	-0.540354	 0.139622	 46.121110	-0.398499	 3.717480	 0.000000	 90.000000	 0.000000	 171.988900	 10.413660	 168.442800	-174.352500	-3.431260	-1.488678
-0.012410	-0.083236	 0.021721	 175.603500	 3.598697	-88.782360	-11.549380	 3.278800	-2.561836	-10.049110	 7.841120	-2.513903	 1.907522	-7.655377	 110.440800	-0.813313	 0.122417	-8.559153	-56.480650	-25.202160	 17.709820	-3.325439	 31.037040	 1.145972	-10.871540	 24.690180	-67.407780	-5.466561	-2.015671	 9.912610	 2.503324	-1.126932	 4.512146	 3.269194	-0.634905	-79.900480	 3.851533	 3.125851	 11.951260	-0.275905	 3.148022	 9.006140	 2.906807	 4.330436	-70.427350	 37.246080	 19.737360	 15.021350	-6.822537	 19.211440	 10.820750	-5.642925	 19.246050	-70.425150	 18.393950	 10.361070	 21.419340	-3.898858	 9.395122	 9.460192	-0.473463	 9.974930	-72.425380	-57.375410	-11.459350	 6.631809	 9.284960	-0.525222	 0.082313	-19.390840	-0.175535	 3.200025	 1.452646	-5.333606	 90.437920	-94.146160	 1.242414	-111.705900	 179.414900	 2.049372	 109.956200	-0.813313	 0.122417	-8.559153	-13.655380	 1.579289	 49.492180	-19.234020	 16.598340	 2.663476	 11.873850	 9.406296	-27.856050	-10.547010	-3.558482	 52.030700	 2.464103	-1.150080	 56.982950	 2.445762	 1.023557	-43.564970	-0.275763	 1.337740	 41.842590	-0.213993	 3.170693	 31.298930	 2.681954	 4.985022	-60.656480	 33.289660	 17.987490	 20.529470	-6.575689	 19.286100	 24.522340	-5.751562	 19.259310	-75.763730	 15.405200	 8.540048	 29.218090	-3.715730	 9.462385	 31.325640	-0.535564	 10.411340	-62.266030	-51.881000	-12.056510	-7.645857	 16.049020	-0.540320	 0.139438	 44.869460	-0.400252	 3.706243	 0.000000	 90.000000	 0.000000	 171.859700	 10.638270	 168.230200	-174.382400	-3.377692	-1.483607
-0.012282	-0.083323	 0.021664	 175.491700	 3.587797	-88.770320	-11.578820	 3.281927	-2.598755	-10.073050	 7.837494	-2.537757	 1.901688	-7.632828	 110.441200	-0.813313	 0.122417	-8.559153	-56.454080	-25.149410	 17.680250	-3.328563	 31.021000	 1.147974	-10.994330	 24.730520	-67.429560	-5.466561	-2.015671	 9.912610	 2.503324	-1.126932	 4.512146	 3.269194	-0.634905	-79.900480	 3.854424	 3.127116	 11.951100	-0.275905	 3.148022	 9.006140	 2.906824	 4.330369	-70.428310	 37.251080	 19.739200	 15.019640	-6.822537	 19.211440	 10.820750	-5.642952	 19.246050	-70.426390	 18.397260	 10.362770	 21.418710	-3.898858	 9.395122	 9.460192	-0.473463	 9.974930	-72.425380	-57.371240	-11.458670	 6.632190	 9.284960	-0.525222	 0.082313	-19.390840	-0.175535	 3.200025	 1.451077	-5.388350	 90.435490	-94.181660	 1.309909	-111.512600	 179.423900	 2.013815	 109.956000	-0.813313	 0.122417	-8.559153	-13.497080	 1.705192	 49.685600	-19.920870	 16.884110	 2.709866	 12.515720	 9.644642	-28.039710	-10.548290	-3.559901	 52.020680	 2.464113	-1.150064	 56.961650	 2.446170	 1.023143	-43.576190	-0.265417	 1.346011	 41.829200	-0.214092	 3.170633	 31.260030	 2.683740	 4.980980	-60.718810	 33.310820	 17.997560	 20.509120	-6.576244	 19.285870	 24.490250	-5.753074	 19.259560	-75.838790	 15.418120	 8.548668	 29.197340	-3.716072	 9.462183	 31.281470	-0.535119	 10.409430	-62.311220	-51.626690	-12.041890	-7.589731	 16.020260	-0.540274	 0.139191	 43.198600	-0.402209	 3.691187	 0.000000	 90.000000	 0.000000	 171.737900	 10.821330	 168.081200	-174.412300	-3.324335	-1.465055
-0.012141	-0.083487	 0.021615	 175.365100	 3.579622	-88.752890	-11.616260	 3.287194	-2.635823	-10.103380	 7.839311	-2.565751	 1.894962	-7.606873	 110.441500	-0.813313	 0.122417	-8.559153	-56.428870	-25.088160	 17.639060	-3.332476	 31.013950	 1.150213	-11.122710	 24.779610	-67.453220	-5.466561	-2.015671	 9.912610	 2.503324	-1.126932	 4.512146	 3.269194	-0.634905	-79.900480	 3.857816	 3.128601	 11.950900	-0.275905	 3.148022	 9.006140	 2.906843	 4.330290	-70.429460	 37.256900	 19.741350	 15.017660	-6.822537	 19.211440	 10.820750	-5.642982	 19.246050	-70.427880	 18.401100	 10.364760	 21.417970	-3.898858	 9.395122	 9.460192	-0.473463	 9.974930	-72.425380	-57.366410	-11.457880	 6.632605	 9.284960	-0.525222	 0.082313	-19.390840	-0.175535	 3.200025	 1.448939	-5.413863	 90.432460	-94.188610	 1.367529	-111.276800	 179.435100	 1.969851	 109.956200	-0.813313	 0.122417	-8.559153	-13.347200	 1.827952	 49.884260	-20.797890	 17.186300	 2.776378	 13.144270	 9.903864	-28.206360	-10.549880	-3.561629	 52.010470	 2.464124	-1.150047	 56.939950	 2.446693	 1.022613	-43.590550	-0.254852	 1.354453	 41.815560	-0.214192	 3.170572	 31.220410	 2.685553	 4.976862	-60.782260	 33.306180	 17.996310	 20.496600	-6.576807	 19.285630	 24.457630	-5.754616	 19.259810	-75.915210	 15.414830	 8.547338	 29.178910	-3.716419	 9.461975	 31.236470	-0.534665	 10.407490	-62.357260	-51.003000	-11.983190	-7.253089	 15.410710	-0.539200	 0.133976	 40.184240	-0.404614	 3.663900	 0.000000	 90.000000	 0.000000	 171.618600	 11.003850	 167.921200	-174.448400	-3.261886	-1.441649
-0.012045	-0.083704	 0.021588	 175.266800	 3.575156	-88.736600	-11.648900	 3.292803	-2.661530	-10.129460	 7.845798	-2.590276	 1.892004	-7.595387	 110.442000	-0.813313	 0.122417	-8.559153	-56.412740	-25.037840	 17.599690	-3.335889	 31.017640	 1.151962	-11.202070	 24.814720	-67.477650	-5.466561	-2.015671	 9.912610	 2.503324	-1.126932	 4.512146	 3.269194	-0.634905	-79.900480	 3.860572	 3.129806	 11.950740	-0.275905	 3.148022	 9.006140	 2.906860	 4.330224	-70.430430	 37.261690	 19.743110	 15.016030	-6.822537	 19.211440	 10.820750	-5.643009	 19.246050	-70.429140	 18.404260	 10.366390	 21.417360	-3.898858	 9.395122	 9.460192	-0.473463	 9.974930	-72.425380	-57.362470	-11.457240	 6.632921	 9.284960	-0.525222	 0.082313	-19.390840	-0.175535	 3.200025	 1.446976	-5.408674	 90.429820	-94.170780	 1.399905	-111.078400	 179.444700	 1.931836	 109.956600	-0.813313	 0.122417	-8.559153	-13.240450	 1.923806	 50.014820	-21.495880	 17.444780	 2.831705	 13.600180	 10.126490	-28.332260	-10.551300	-3.563134	 52.003230	 2.464132	-1.150036	 56.924590	 2.447162	 1.022136	-43.603470	-0.247389	 1.360413	 41.805890	-0.214264	 3.170529	 31.192340	 2.686835	 4.973942	-60.827240	 33.282790	 17.986620	 20.493980	-6.577207	 19.285460	 24.434530	-5.755707	 19.259990	-75.969330	 15.399930	 8.538673	 29.167910	-3.716666	 9.461829	 31.204600	-0.534346	 10.406110	-62.389870	-49.943110	-11.874480	-6.676774	 14.361120	-0.537234	 0.125023	 35.087950	-0.405434	 3.617615	 0.000000	 90.000000	 0.000000	 171.538100	 11.143900	 167.787800	-174.479700	-3.211598	-1.446863
-0.011953	-0.083942	 0.021570	 175.177200	 3.572657	-88.719570	-11.681350	 3.299364	-2.682323	-10.155200	 7.856318	-2.613757	 1.891293	-7.592523	 110.442600	-0.813313	 0.122417	-8.559153	-56.401050	-24.989080	 17.556840	-3.339460	 31.029410	 1.153620	-11.247580	 24.840100	-67.509690	-5.466561	-2.015671	 9.912610	 2.503324	-1.126932	 4.512146	 3.269194	-0.634905	-79.900480	 3.863251	 3.130979	 11.950580	-0.275905	 3.148022	 9.006140	 2.906877	 4.330155	-70.431420	 37.266320	 19.744820	 15.014460	-6.822537	 19.211440	 10.820750	-5.643033	 19.246060	-70.430410	 18.407320	 10.367970	 21.416770	-3.898858	 9.395122	 9.460192	-0.473463	 9.974930	-72.425380	-57.358670	-11.456620	 6.633231	 9.284960	-0.525222	 0.082313	-19.390840	-0.175535	 3.200025	 1.444912	-5.385728	 90.427160	-94.136790	 1.421906	-110.900800	 179.454400	 1.893600	 109.957300	-0.813313	 0.122417	-8.559153	-13.140820	 2.027538	 50.115860	-22.167020	 17.688960	 2.888190	 14.020920	 10.331990	-28.427580	-10.552770	-3.564659	 51.997220	 2.464138	-1.150026	 56.911800	 2.447653	 1.021637	-43.616980	-0.241179	 1.365372	 41.797860	-0.214323	 3.170493	 31.169050	 2.687898	 4.971520	-60.864540	 33.247200	 17.971460	 20.496880	-6.577538	 19.285320	 24.415380	-5.756612	 19.260140	-76.014210	 15.377440	 8.525260	 29.160430	-3.716871	 9.461708	 31.178110	-0.534081	 10.404960	-62.416910	-45.585810	-11.313680	-4.309393	 10.050470	-0.527433	 0.088679	 14.131720	-0.365984	 3.432395	 0.000000	 90.000000	 0.000000	 171.460100	 11.276110	 167.685200	-174.511200	-3.164458	-1.472470
-0.011834	-0.084208	 0.021548	 175.084400	 3.571799	-88.697940	-11.717610	 3.308052	-2.700768	-10.184310	 7.872769	-2.635255	 1.892851	-7.598358	 110.443400	-0.813313	 0.122417	-8.559153	-56.392620	-24.934290	 17.503150	-3.343684	 31.052490	 1.155416	-11.266510	 24.860980	-67.554490	-5.466561	-2.015671	 9.912610	 2.503324	-1.126932	 4.512146	 3.269194	-0.634905	-79.900480	 3.866200	 3.132270	 11.950410	-0.275905	 3.148022	 9.006140	 2.906897	 4.330076	-70.432560	 37.271440	 19.746700	 15.012720	-6.822537	 19.211440	 10.820750	-5.643062	 19.246060	-70.431880	 18.410720	 10.369730	 21.416120	-3.898858	 9.395122	 9.460192	-0.473463	 9.974930	-72.425380	-57.354510	-11.455950	 6.633514	 9.284960	-0.525222	 0.082313	-19.390840	-0.175535	 3.200025	 1.442483	-5.345225	 90.424050	-94.083850	 1.440105	-110.742100	 179.465500	 1.849391	 109.958400	-0.813313	 0.122417	-8.559153	-13.019260	 2.177793	 50.203330	-22.937870	 17.895140	 2.958771	 14.460850	 10.499490	-28.437220	-10.554520	-3.566448	 51.991680	 2.464144	-1.150018	 56.900020	 2.448248	 1.021032	-43.633350	-0.235451	 1.369944	 41.790470	-0.214377	 3.170459	 31.147540	 2.688878	 4.969282	-60.899020	 33.197300	 17.949980	 20.504840	-6.577842	 19.285190	 24.397730	-5.757448	 19.260280	-76.055630	 15.346020	 8.506332	 29.155280	-3.717060	 9.461596	 31.153650	-0.533837	 10.403910	-62.441910	-41.857910	-10.689540	-2.307853	 6.351641	-0.516870	 0.058156	-0.274910	-0.301288	 3.318979	 0.000000	 90.000000	 0.000000	 171.371200	 11.409880	 167.596400	-174.548100	-3.114239	-1.524063
-0.011706	-0.084394	 0.021518	 175.014300	 3.572351	-88.675780	-11.746600	 3.316355	-2.712088	-10.207700	 7.890292	-2.649127	 1.895902	-7.609941	 110.444200	-0.813313	 0.122417	-8.559153	-56.389510	-24.888730	 17.453990	-3.347447	 31.079820	 1.156868	-11.258380	 24.873370	-67.598790	-5.466561	-2.015671	 9.912610	 2.503324	-1.126932	 4.512146	 3.269194	-0.634905	-79.900480	 3.868610	 3.133324	 11.950270	-0.275905	 3.148022	 9.006140	 2.906914	 4.330009	-70.433560	 37.275640	 19.748250	 15.011290	-6.822537	 19.211440	 10.820750	-5.643088	 19.246060	-70.433150	 18.413470	 10.371150	 21.415590	-3.898858	 9.395122	 9.460192	-0.473463	 9.974930	-72.425380	-57.351150	-11.455410	 6.633729	 9.284960	-0.525222	 0.082313	-19.390840	-0.175535	 3.200025	 1.440378	-5.305610	 90.421420	-94.033490	 1.452060	-110.636400	 179.475000	 1.811927	 109.959700	-0.813313	 0.122417	-8.559153	-12.915230	 2.324221	 50.261410	-23.616660	 18.020310	 3.026036	 14.762680	 10.605190	-28.366470	-10.556080	-3.568019	 51.988080	 2.464148	-1.150012	 56.892320	 2.448779	 1.020492	-43.647980	-0.231711	 1.372929	 41.785630	-0.214414	 3.170438	 31.133470	 2.689518	 4.967818	-60.921550	 33.152930	 17.930770	 20.513710	-6.578042	 19.285100	 24.386210	-5.757990	 19.260370	-76.082710	 15.318090	 8.489423	 29.153120	-3.717184	 9.461524	 31.137620	-0.533677	 10.403220	-62.458230	-40.685880	-10.462310	-1.667570	 5.193291	-0.513156	 0.048745	-8.760453	-0.250590	 3.260972	 0.000000	 90.000000	 0.000000	 171.296400	 11.510460	 167.538900	-174.579800	-3.075578	-1.584153
-0.011559	-0.084583	 0.021488	 174.952700	 3.573850	-88.651090	-11.772050	 3.325142	-2.719401	-10.228360	 7.910268	-2.658831	 1.900126	-7.626031	 110.445000	-0.813313	 0.122417	-8.559153	-56.389890	-24.845380	 17.403450	-3.351215	 31.112810	 1.158216	-11.232550	 24.882230	-67.646800	-5.466561	-2.015671	 9.912610	 2.503324	-1.126932	 4.512146	 3.269194	-0.634905	-79.900480	 3.870845	 3.134302	 11.950150	-0.275905	 3.148022	 9.006140	 2.906930	 4.329942	-70.434500	 37.279520	 19.749680	 15.009960	-6.822537	 19.211440	 10.820750	-5.643115	 19.246060	-70.434410	 18.416050	 10.372490	 21.415100	-3.898858	 9.395122	 9.460192	-0.473463	 9.974930	-72.425380	-57.348050	-11.454900	 6.633899	 9.284960	-0.525222	 0.082313	-19.390840	-0.175535	 3.200025	 1.438334	-5.259892	 90.418850	-93.978340	 1.459338	-110.551700	 179.484000	 1.776067	 109.961100	-0.813313	 0.122417	-8.559153	-12.830910	 2.458538	 50.312690	-24.318030	 18.109510	 3.099977	 15.005900	 10.684920	-28.241990	-10.557640	-3.569569	 51.985490	 2.464150	-1.150008	 56.886790	 2.449317	 1.019944	-43.662780	-0.229022	 1.375075	 41.782160	-0.214439	 3.170423	 31.123390	 2.689977	 4.966767	-60.937730	 33.113350	 17.913570	 20.522490	-6.578184	 19.285040	 24.378000	-5.758380	 19.260430	-76.102050	 15.293200	 8.474303	 29.152400	-3.717273	 9.461470	 31.126120	-0.533564	 10.402730	-62.469910	-40.122300	-10.349100	-1.365123	 4.635116	-0.511298	 0.044237	-11.563780	-0.232023	 3.243528	 0.000000	 90.000000	 0.000000	 171.225000	 11.598500	 167.493000	-174.610800	-3.042330	-1.654520
-0.011361	-0.084830	 0.021452	 174.886700	 3.576523	-88.618290	-11.797200	 3.336309	-2.723559	-10.248730	 7.937265	-2.665726	 1.906350	-7.649790	 110.445900	-0.813313	 0.122417	-8.559153	-56.394490	-24.795680	 17.340960	-3.355791	 31.159390	 1.159696	-11.184190	 24.890580	-67.708820	-5.466561	-2.015671	 9.912610	 2.503324	-1.126932	 4.512146	 3.269194	-0.634905	-79.900480	 3.873293	 3.135374	 11.950000	-0.275905	 3.148022	 9.006140	 2.906951	 4.329862	-70.435700	 37.283830	 19.751270	 15.008500	-6.822537	 19.211440	 10.820750	-5.643143	 19.246070	-70.435910	 18.418900	 10.373960	 21.414550	-3.898858	 9.395122	 9.460192	-0.473463	 9.974930	-72.425380	-57.344680	-11.454370	 6.634016	 9.284960	-0.525222	 0.082313	-19.390840	-0.175535	 3.200025	 1.435778	-5.184002	 90.415760	-93.895420	 1.457214	-110.464000	 179.494400	 1.735131	 109.963000	-0.813313	 0.122417	-8.559153	-12.751430	 2.608891	 50.375160	-25.184560	 18.190730	 3.196460	 15.248610	 10.761900	-28.045050	-10.559550	-3.571439	 51.983550	 2.464152	-1.150005	 56.882660	 2.449975	 1.019273	-43.680930	-0.227034	 1.376660	 41.779590	-0.214458	 3.170411	 31.115910	 2.690318	 4.965986	-60.949730	 33.078610	 17.898440	 20.530700	-6.578288	 19.285000	 24.371940	-5.758669	 19.260480	-76.116380	 15.271370	 8.461020	 29.152450	-3.717340	 9.461432	 31.117540	-0.533478	 10.402360	-62.478610	-39.913110	-10.289350	-1.172195	 4.429479	-0.510606	 0.042580	-12.584250	-0.225057	 3.237411	 0.000000	 90.000000	 0.000000	 171.143200	 11.692300	 167.443300	-174.647300	-3.007977	-1.734060
-0.011178	-0.085024	 0.021417	 174.836600	 3.579231	-88.588800	-11.812580	 3.346013	-2.723543	-10.261010	 7.961888	-2.667840	 1.912120	-7.671838	 110.446700	-0.813313	 0.122417	-8.559153	-56.401360	-24.756330	 17.287950	-3.359650	 31.203160	 1.160864	-11.136200	 24.896590	-67.750040	-5.466561	-2.015671	 9.912610	 2.503324	-1.126932	 4.512146	 3.269194	-0.634905	-79.900480	 3.875124	 3.136174	 11.949900	-0.275905	 3.148022	 9.006140	 2.906968	 4.329795	-70.436670	 37.287060	 19.752460	 15.007400	-6.822537	 19.211440	 10.820750	-5.643171	 19.246070	-70.437130	 18.421040	 10.375060	 21.414130	-3.898858	 9.395122	 9.460192	-0.473463	 9.974930	-72.425380	-57.342190	-11.453970	 6.634074	 9.284960	-0.525222	 0.082313	-19.390840	-0.175535	 3.200025	 1.433631	-5.106275	 90.413190	-93.815220	 1.447188	-110.392900	 179.502400	 1.703335	 109.964800	-0.813313	 0.122417	-8.559153	-12.701210	 2.727304	 50.435220	-25.884800	 18.254220	 3.278492	 15.428650	 10.821270	-27.861800	-10.561150	-3.572994	 51.982850	 2.464153	-1.150003	 56.881160	 2.450529	 1.018709	-43.696200	-0.226316	 1.377234	 41.778670	-0.214465	 3.170407	 31.113160	 2.690443	 4.965701	-60.954130	 33.066070	 17.892980	 20.533690	-6.578325	 19.284980	 24.369780	-5.758773	 19.260500	-76.121530	 15.263520	 8.456241	 29.152530	-3.717363	 9.461416	 31.114370	-0.533449	 10.402230	-62.481750	-39.764450	-10.245640	-1.031407	 4.282316	-0.510102	 0.041396	-13.314120	-0.220011	 3.233112	 0.000000	 90.000000	 0.000000	 171.079100	 11.763110	 167.399400	-174.676700	-2.982082	-1.777882
-0.010978	-0.085214	 0.021371	 174.787000	 3.582291	-88.556070	-11.822310	 3.356453	-2.720464	-10.268540	 7.989524	-2.666924	 1.918409	-7.695871	 110.447400	-0.813313	 0.122417	-8.559153	-56.411280	-24.717010	 17.231780	-3.363669	 31.253380	 1.161988	-11.085080	 24.902560	-67.766310	-5.466561	-2.015671	 9.912610	 2.503324	-1.126932	 4.512146	 3.269194	-0.634905	-79.900480	 3.876840	 3.136925	 11.949800	-0.275905	 3.148022	 9.006140	 2.906985	 4.329724	-70.437680	 37.290090	 19.753570	 15.006360	-6.822537	 19.211440	 10.820750	-5.643196	 19.246070	-70.438450	 18.423060	 10.376110	 21.413750	-3.898858	 9.395122	 9.460192	-0.473463	 9.974930	-72.425380	-57.339890	-11.453610	 6.634071	 9.284960	-0.525222	 0.082313	-19.390840	-0.175535	 3.200025	 1.431331	-5.013222	 90.410510	-93.722700	 1.429459	-110.310100	 179.510100	 1.672593	 109.966800	-0.813313	 0.122417	-8.559153	-12.661100	 2.845214	 50.486950	-26.598790	 18.296320	 3.366410	 15.612530	 10.855230	-27.659560	-10.562820	-3.574603	 51.982930	 2.464154	-1.150003	 56.881240	 2.451114	 1.018112	-43.712350	-0.226366	 1.377194	 41.778740	-0.214465	 3.170407	 31.113360	 2.690434	 4.965721	-60.953820	 33.066020	 17.892950	 20.533860	-6.578321	 19.284980	 24.370060	-5.758765	 19.260500	-76.121010	 15.265680	 8.457558	 29.152420	-3.717363	 9.461418	 31.114530	-0.533451	 10.402240	-62.481490	-39.635820	-10.207780	-0.910896	 4.154889	-0.509665	 0.040372	-13.946050	-0.215591	 3.229442	 0.000000	 90.000000	 0.000000	 171.016100	 11.832950	 167.343800	-174.706900	-2.957329	-1.805051
-0.010754	-0.085448	 0.021305	 174.733100	 3.584695	-88.517770	-11.825970	 3.368427	-2.713771	-10.270730	 8.022237	-2.662465	 1.925303	-7.722262	 110.448100	-0.813313	 0.122417	-8.559153	-56.425240	-24.675420	 17.168950	-3.368197	 31.313790	 1.163169	-11.032100	 24.911300	-67.754240	-5.466561	-2.015671	 9.912610	 2.503324	-1.126932	 4.512146	 3.269194	-0.634905	-79.900480	 3.878477	 3.137641	 11.949700	-0.275905	 3.148022	 9.006140	 2.907004	 4.329646	-70.438810	 37.293030	 19.754650	 15.005360	-6.822537	 19.211440	 10.820750	-5.643226	 19.246070	-70.439910	 18.425030	 10.377120	 21.413370	-3.898858	 9.395122	 9.460192	-0.473463	 9.974930	-72.425380	-57.337760	-11.453280	 6.633978	 9.284960	-0.525222	 0.082313	-19.390840	-0.175535	 3.200025	 1.428764	-4.898655	 90.407590	-93.612280	 1.401897	-110.196200	 179.517800	 1.641919	 109.969200	-0.813313	 0.122417	-8.559153	-12.627870	 2.969032	 50.505600	-27.369860	 18.270920	 3.466923	 15.760760	 10.826970	-27.414240	-10.564690	-3.576382	 51.983860	 2.464153	-1.150005	 56.883200	 2.451772	 1.017441	-43.730490	-0.227318	 1.376434	 41.779990	-0.214455	 3.170412	 31.116930	 2.690272	 4.966092	-60.948120	 33.069050	 17.894200	 20.534270	-6.578266	 19.285000	 24.373140	-5.758624	 19.260480	-76.113970	 15.275540	 8.463546	 29.152730	-3.717332	 9.461435	 31.118470	-0.533491	 10.402410	-62.477340	-39.523060	-10.174620	-0.806589	 4.043110	-0.509281	 0.039474	-14.500330	-0.211684	 3.226262	 0.000000	 90.000000	 0.000000	 170.955500	 11.910070	 167.235800	-174.739700	-2.932490	-1.816566
-0.010558	-0.085683	 0.021235	 174.686100	 3.584012	-88.483550	-11.824960	 3.378994	-2.705496	-10.269030	 8.051891	-2.656015	 1.930805	-7.743343	 110.448500	-0.813313	 0.122417	-8.559153	-56.439450	-24.641430	 17.114890	-3.372082	 31.369200	 1.164108	-10.994050	 24.922820	-67.720100	-5.466561	-2.015671	 9.912610	 2.503324	-1.126932	 4.512146	 3.269194	-0.634905	-79.900480	 3.879653	 3.138156	 11.949630	-0.275905	 3.148022	 9.006140	 2.907022	 4.329578	-70.439800	 37.295180	 19.755450	 15.004630	-6.822537	 19.211440	 10.820750	-5.643253	 19.246070	-70.441170	 18.426440	 10.377850	 21.413090	-3.898858	 9.395122	 9.460192	-0.473463	 9.974930	-72.425380	-57.336290	-11.453050	 6.633839	 9.284960	-0.525222	 0.082313	-19.390840	-0.175535	 3.200025	 1.426582	-4.793126	 90.405090	-93.513110	 1.372298	-110.069000	 179.523600	 1.618969	 109.971500	-0.813313	 0.122417	-8.559153	-12.607410	 3.073660	 50.512730	-28.016120	 18.205570	 3.555597	 15.790350	 10.773040	-27.193280	-10.566320	-3.577923	 51.985310	 2.464150	-1.150007	 56.886260	 2.452343	 1.016858	-43.746220	-0.228822	 1.375235	 41.781940	-0.214441	 3.170421	 31.122560	 2.690016	 4.966678	-60.939100	 33.073970	 17.896250	 20.534820	-6.578185	 19.285040	 24.377910	-5.758399	 19.260440	-76.102980	 15.288790	 8.471578	 29.153470	-3.717283	 9.461464	 31.124800	-0.533555	 10.402690	-62.470760	-39.449580	-10.153190	-0.739925	 3.970251	-0.509032	 0.038890	-14.861700	-0.209122	 3.224208	 0.000000	 90.000000	 0.000000	 170.913500	 11.979390	 167.084700	-174.767200	-2.913278	-1.813770
-0.010364	-0.085893	 0.021147	 174.636700	 3.580383	-88.448460	-11.820440	 3.389699	-2.695192	-10.264270	 8.082648	-2.647412	 1.935563	-7.761595	 110.448800	-0.813313	 0.122417	-8.559153	-56.455420	-24.609280	 17.061490	-3.375956	 31.427050	 1.164995	-10.967250	 24.939970	-67.665470	-5.466561	-2.015671	 9.912610	 2.503324	-1.126932	 4.512146	 3.269194	-0.634905	-79.900480	 3.880578	 3.138561	 11.949580	-0.275905	 3.148022	 9.006140	 2.907038	 4.329510	-70.440790	 37.296880	 19.756070	 15.004050	-6.822537	 19.211440	 10.820750	-5.643277	 19.246070	-70.442440	 18.427590	 10.378450	 21.412870	-3.898858	 9.395122	 9.460192	-0.473463	 9.974930	-72.425380	-57.335180	-11.452890	 6.633608	 9.284960	-0.525222	 0.082313	-19.390840	-0.175535	 3.200025	 1.424404	-4.683908	 90.402630	-93.412980	 1.337410	-109.892900	 179.528700	 1.598521	 109.973800	-0.813313	 0.122417	-8.559153	-12.592830	 3.178739	 50.519750	-28.645420	 18.116970	 3.645766	 15.775560	 10.717640	-26.820390	-10.567920	-3.579432	 51.987330	 2.464149	-1.150010	 56.890490	 2.452912	 1.016276	-43.761940	-0.230892	 1.373582	 41.784640	-0.214422	 3.170433	 31.130310	 2.689664	 4.967483	-60.926700	 33.080890	 17.899130	 20.535500	-6.578073	 19.285090	 24.384420	-5.758095	 19.260390	-76.087880	 15.304990	 8.481391	 29.154750	-3.717216	 9.461506	 31.133500	-0.533644	 10.403070	-62.461730	-39.396500	-10.137940	-0.693210	 3.917604	-0.508854	 0.038467	-15.122850	-0.207256	 3.222737	 0.000000	 90.000000	 0.000000	 170.877500	 12.052090	 166.904200	-174.794200	-2.896008	-1.802068
-0.010144	-0.086053	 0.021024	 174.577400	 3.573620	-88.407330	-11.811200	 3.402201	-2.681078	-10.255310	 8.119283	-2.635130	 1.939709	-7.777536	 110.448800	-0.813313	 0.122417	-8.559153	-56.475810	-24.574410	 17.000980	-3.380429	 31.496350	 1.165969	-10.954650	 24.968960	-67.578990	-5.466561	-2.015671	 9.912610	 2.503324	-1.126932	 4.512146	 3.269194	-0.634905	-79.900480	 3.881311	 3.138881	 11.949530	-0.275905	 3.148022	 9.006140	 2.907058	 4.329430	-70.441950	 37.298320	 19.756610	 15.003560	-6.822537	 19.211440	 10.820750	-5.643309	 19.246080	-70.443940	 18.428560	 10.378950	 21.412690	-3.898858	 9.395122	 9.460192	-0.473463	 9.974930	-72.425380	-57.334430	-11.452790	 6.633248	 9.284960	-0.525222	 0.082313	-19.390840	-0.175535	 3.200025	 1.421967	-4.556117	 90.399890	-93.298810	 1.291646	-109.616600	 179.534300	 1.576001	 109.976600	-0.813313	 0.122417	-8.559153	-12.580130	 3.301608	 50.512290	-29.353310	 18.007350	 3.751457	 15.763830	 10.684820	-26.018230	-10.569780	-3.581170	 51.990250	 2.464145	-1.150015	 56.896650	 2.453569	 1.015605	-43.780070	-0.233898	 1.371184	 41.788550	-0.214393	 3.170450	 31.141580	 2.689152	 4.968656	-60.908640	 33.091210	 17.903430	 20.536390	-6.577909	 19.285160	 24.393870	-5.757652	 19.260310	-76.065950	 15.325620	 8.493857	 29.157040	-3.717118	 9.461562	 31.146210	-0.533771	 10.403630	-62.448590	-39.358470	-10.127480	-0.662006	 3.879867	-0.508718	 0.038165	-15.309950	-0.205922	 3.221687	 0.000000	 90.000000	 0.000000	 170.838000	 12.141450	 166.690900	-174.824600	-2.878385	-1.781051
-0.009954	-0.086167	 0.020898	 174.526800	 3.565927	-88.371570	-11.799920	 3.413225	-2.667095	-10.244700	 8.152010	-2.622617	 1.941723	-7.785336	 110.448600	-0.813313	 0.122417	-8.559153	-56.495070	-24.546030	 16.949680	-3.384275	 31.558440	 1.166768	-10.959470	 25.002170	-67.486530	-5.466561	-2.015671	 9.912610	 2.503324	-1.126932	 4.512146	 3.269194	-0.634905	-79.900480	 3.881542	 3.138982	 11.949520	-0.275905	 3.148022	 9.006140	 2.907067	 4.329397	-70.442440	 37.298800	 19.756780	 15.003390	-6.822537	 19.211440	 10.820750	-5.643321	 19.246080	-70.444570	 18.428900	 10.379120	 21.412620	-3.898858	 9.395122	 9.460192	-0.473463	 9.974930	-72.425380	-57.334310	-11.452740	 6.633830	 9.284960	-0.525222	 0.082313	-19.390840	-0.175535	 3.200025	 1.419901	-4.445860	 90.397540	-93.202060	 1.249877	-109.334200	 179.539000	 1.557323	 109.979200	-0.813313	 0.122417	-8.559153	-12.570330	 3.412480	 50.492140	-29.956450	 17.925230	 3.844851	 15.801880	 10.677810	-25.155130	-10.571390	-3.582658	 51.993250	 2.464143	-1.150020	 56.903010	 2.454138	 1.015023	-43.795790	-0.237004	 1.368705	 41.792560	-0.214363	 3.170468	 31.153220	 2.688622	 4.969865	-60.890020	 33.102090	 17.907960	 20.537220	-6.577739	 19.285230	 24.403590	-5.757196	 19.260230	-76.043330	 15.343640	 8.504713	 29.159890	-3.717017	 9.461624	 31.159330	-0.533903	 10.404200	-62.435030	-39.344010	-10.124120	-0.653036	 3.865499	-0.508673	 0.038051	-15.381210	-0.205414	 3.221286	 0.000000	 90.000000	 0.000000	 170.808200	 12.228030	 166.478200	-174.850400	-2.864936	-1.759471
-0.009783	-0.086304	 0.020776	 174.481800	 3.557762	-88.339650	-11.787380	 3.423199	-2.653291	-10.233080	 8.182082	-2.610075	 1.942124	-7.786981	 110.448100	-0.813313	 0.122417	-8.559153	-56.513450	-24.522050	 16.904850	-3.387749	 31.615600	 1.167445	-10.975350	 25.037940	-67.392300	-5.466561	-2.015671	 9.912610	 2.503324	-1.126932	 4.512146	 3.269194	-0.634905	-79.900480	 3.881311	 3.138881	 11.949530	-0.275905	 3.148022	 9.006140	 2.907058	 4.329430	-70.441950	 37.298380	 19.756630	 15.003540	-6.822537	 19.211440	 10.820750	-5.643310	 19.246080	-70.444000	 18.428650	 10.378990	 21.412670	-3.898858	 9.395122	 9.460192	-0.473463	 9.974930	-72.425380	-57.334710	-11.452680	 6.636049	 9.284960	-0.525222	 0.082313	-19.390840	-0.175535	 3.200025	 1.418111	-4.349353	 90.395520	-93.118340	 1.212865	-109.063800	 179.543000	 1.541253	 109.981500	-0.813313	 0.122417	-8.559153	-12.560500	 3.517737	 50.462940	-30.492440	 17.878470	 3.930192	 15.882170	 10.690490	-24.373420	-10.572820	-3.583982	 51.996310	 2.464139	-1.150025	 56.909440	 2.454650	 1.014499	-43.809910	-0.240143	 1.366199	 41.796630	-0.214333	 3.170486	 31.164990	 2.688086	 4.971090	-60.871150	 33.113320	 17.912650	 20.537980	-6.577571	 19.285300	 24.413430	-5.756736	 19.260160	-76.020440	 15.358620	 8.513704	 29.163280	-3.716913	 9.461684	 31.172640	-0.534038	 10.404780	-62.421300	-39.344680	-10.125330	-0.658340	 3.866156	-0.508669	 0.038057	-15.377940	-0.205438	 3.221304	 0.000000	 90.000000	 0.000000	 170.787000	 12.307750	 166.242000	-174.873400	-2.854252	-1.740011
-0.009566	-0.086469	 0.020616	 174.427100	 3.546154	-88.301140	-11.768990	 3.435560	-2.634936	-10.216240	 8.219831	-2.593119	 1.941048	-7.783029	 110.447200	-0.813313	 0.122417	-8.559153	-56.537370	-24.494610	 16.851820	-3.392017	 31.687160	 1.168264	-11.008800	 25.089250	-67.265720	-5.466561	-2.015671	 9.912610	 2.503324	-1.126932	 4.512146	 3.269194	-0.634905	-79.900480	 3.880463	 3.138511	 11.949590	-0.275905	 3.148022	 9.006140	 2.907029	 4.329551	-70.440210	 37.296880	 19.756070	 15.004050	-6.822537	 19.211440	 10.820750	-5.643266	 19.246070	-70.441830	 18.427650	 10.378470	 21.412860	-3.898858	 9.395122	 9.460192	-0.473463	 9.974930	-72.425380	-57.335830	-11.452580	 6.640875	 9.284960	-0.525222	 0.082313	-19.390840	-0.175535	 3.200025	 1.415984	-4.237105	 90.393100	-93.021740	 1.170891	-108.735000	 179.547600	 1.522479	 109.984400	-0.813313	 0.122417	-8.559153	-12.544190	 3.657794	 50.412080	-31.146740	 17.869640	 4.036985	 15.999660	 10.731550	-23.576480	-10.574580	-3.585598	 52.000470	 2.464135	-1.150031	 56.918220	 2.455279	 1.013855	-43.827270	-0.244418	 1.362787	 41.802180	-0.214292	 3.170511	 31.181040	 2.687355	 4.972758	-60.845470	 33.129000	 17.919220	 20.538870	-6.577340	 19.285400	 24.426810	-5.756109	 19.260060	-75.989320	 15.374100	 8.522923	 29.168650	-3.716774	 9.461767	 31.190750	-0.534221	 10.405570	-62.402620	-39.362170	-10.131950	-0.681109	 3.883492	-0.508730	 0.038195	-15.291970	-0.206053	 3.221783	 0.000000	 90.000000	 0.000000	 170.756900	 12.392160	 165.944300	-174.901200	-2.842870	-1.719780
-0.009378	-0.086547	 0.020492	 174.384300	 3.535804	-88.271550	-11.752170	 3.445418	-2.619462	-10.200930	 8.250248	-2.578658	 1.939037	-7.775478	 110.446300	-0.813313	 0.122417	-8.559153	-56.557220	-24.474560	 16.811820	-3.395377	 31.744670	 1.168886	-11.045490	 25.135330	-67.160030	-5.466561	-2.015671	 9.912610	 2.503324	-1.126932	 4.512146	 3.269194	-0.634905	-79.900480	 3.879423	 3.138055	 11.949640	-0.275905	 3.148022	 9.006140	 2.906990	 4.329703	-70.437980	 37.294950	 19.755360	 15.004700	-6.822537	 19.211440	 10.820750	-5.643209	 19.246070	-70.439110	 18.426370	 10.377820	 21.413110	-3.898858	 9.395122	 9.460192	-0.473463	 9.974930	-72.425380	-57.337120	-11.452480	 6.646286	 9.284960	-0.525222	 0.082313	-19.390840	-0.175535	 3.200025	 1.414402	-4.155948	 90.391240	-92.954320	 1.132144	-108.499700	 179.551100	 1.508417	 109.986800	-0.813313	 0.122417	-8.559153	-12.525310	 3.780385	 50.359190	-31.663710	 17.893960	 4.123402	 16.104330	 10.770190	-23.138130	-10.575990	-3.586890	 52.004040	 2.464131	-1.150037	 56.925750	 2.455776	 1.013345	-43.841050	-0.248090	 1.359854	 41.806940	-0.214257	 3.170533	 31.194820	 2.686725	 4.974193	-60.823370	 33.142920	 17.925050	 20.539530	-6.577141	 19.285490	 24.438300	-5.755569	 19.259960	-75.962520	 15.384190	 8.528876	 29.173810	-3.716653	 9.461838	 31.206350	-0.534379	 10.406250	-62.386550	-39.388370	-10.141000	-0.711211	 3.909465	-0.508820	 0.038402	-15.163150	-0.206973	 3.222508	 0.000000	 90.000000	 0.000000	 170.719300	 12.447740	 165.766700	-174.923000	-2.835180	-1.710109
-0.009178	-0.086600	 0.020383	 174.342500	 3.524719	-88.243770	-11.733830	 3.455162	-2.603591	-10.184270	 8.280440	-2.563705	 1.936122	-7.764478	 110.445300	-0.813313	 0.122417	-8.559153	-56.577420	-24.456490	 16.774850	-3.398661	 31.801440	 1.169489	-11.089630	 25.185070	-67.054840	-5.466561	-2.015671	 9.912610	 2.503324	-1.126932	 4.512146	 3.269194	-0.634905	-79.900480	 3.878091	 3.137473	 11.949730	-0.275905	 3.148022	 9.006140	 2.906942	 4.329900	-70.435130	 37.292430	 19.754440	 15.005560	-6.822537	 19.211440	 10.820750	-5.643138	 19.246060	-70.435600	 18.424710	 10.376960	 21.413430	-3.898858	 9.395122	 9.460192	-0.473463	 9.974930	-72.425380	-57.338780	-11.452370	 6.652884	 9.284960	-0.525222	 0.082313	-19.390840	-0.175535	 3.200025	 1.412940	-4.086084	 90.389520	-92.900810	 1.078917	-108.314600	 179.554400	 1.495401	 109.989200	-0.813313	 0.122417	-8.559153	-12.511350	 3.896457	 50.297600	-32.171570	 17.941320	 4.209908	 16.218070	 10.817160	-22.813700	-10.577350	-3.588138	 52.007740	 2.464127	-1.150043	 56.933600	 2.456264	 1.012846	-43.854520	-0.251930	 1.356787	 41.811890	-0.214221	 3.170555	 31.209190	 2.686069	 4.975687	-60.800360	 33.157860	 17.931320	 20.540030	-6.576933	 19.285570	 24.450260	-5.755004	 19.259870	-75.934650	 15.392350	 8.533635	 29.179530	-3.716527	 9.461914	 31.222570	-0.534541	 10.406960	-62.369840	-39.424160	-10.152970	-0.750593	 3.944947	-0.508944	 0.038687	-14.987170	-0.208228	 3.223496	 0.000000	 90.000000	 0.000000	 170.666700	 12.494330	 165.659200	-174.944300	-2.829015	-1.718928
-0.008959	-0.086723	 0.020281	 174.296400	 3.511394	-88.214950	-11.711330	 3.466003	-2.585397	-10.163960	 8.314284	-2.546379	 1.931844	-7.748295	 110.444000	-0.813313	 0.122417	-8.559153	-56.600480	-24.438430	 16.737130	-3.402336	 31.864580	 1.170159	-11.147510	 25.245370	-66.940580	-5.466561	-2.015671	 9.912610	 2.503324	-1.126932	 4.512146	 3.269194	-0.634905	-79.900480	 3.876242	 3.136664	 11.949830	-0.275905	 3.148022	 9.006140	 2.906873	 4.330170	-70.431210	 37.288980	 19.753160	 15.006740	-6.822537	 19.211440	 10.820750	-5.643043	 19.246060	-70.430750	 18.422410	 10.375770	 21.413870	-3.898858	 9.395122	 9.460192	-0.473463	 9.974930	-72.425380	-57.341000	-11.452230	 6.661703	 9.284960	-0.525222	 0.082313	-19.390840	-0.175535	 3.200025	 1.411448	-4.024283	 90.387700	-92.860310	 1.005954	-108.193000	 179.557700	 1.481979	 109.992000	-0.813313	 0.122417	-8.559153	-12.521610	 3.991081	 50.220280	-32.677730	 18.020730	 4.301686	 16.356970	 10.878750	-22.553100	-10.578850	-3.589501	 52.012100	 2.464123	-1.150050	 56.942780	 2.456805	 1.012290	-43.869480	-0.256387	 1.353227	 41.817700	-0.214178	 3.170581	 31.225970	 2.685303	 4.977431	-60.773500	 33.176000	 17.938950	 20.540440	-6.576692	 19.285680	 24.464230	-5.754351	 19.259760	-75.902080	 15.399550	 8.537759	 29.186570	-3.716380	 9.462000	 31.241550	-0.534733	 10.407780	-62.350310	-39.475120	-10.169650	-0.805254	 3.995440	-0.509116	 0.039093	-14.736750	-0.210008	 3.224915	 0.000000	 90.000000	 0.000000	 170.606400	 12.539940	 165.562600	-174.968200	-2.823930	-1.763605
-0.008802	-0.086834	 0.020209	 174.259200	 3.499878	-88.193830	-11.691540	 3.474744	-2.570363	-10.146070	 8.341875	-2.531986	 1.927607	-7.732252	 110.442800	-0.813313	 0.122417	-8.559153	-56.619560	-24.425700	 16.709920	-3.405287	 31.915350	 1.170707	-11.200580	 25.298090	-66.854470	-5.466561	-2.015671	 9.912610	 2.503324	-1.126932	 4.512146	 3.269194	-0.634905	-79.900480	 3.874508	 3.135905	 11.949930	-0.275905	 3.148022	 9.006140	 2.906810	 4.330424	-70.427520	 37.285700	 19.751960	 15.007860	-6.822537	 19.211440	 10.820750	-5.642946	 19.246050	-70.426190	 18.420250	 10.374650	 21.414290	-3.898858	 9.395122	 9.460192	-0.473463	 9.974930	-72.425380	-57.343090	-11.452090	 6.669962	 9.284960	-0.525222	 0.082313	-19.390840	-0.175535	 3.200025	 1.410374	-3.989450	 90.386300	-92.844730	 0.936943	-108.153000	 179.560100	 1.472048	 109.994200	-0.813313	 0.122417	-8.559153	-12.549150	 4.041666	 50.149500	-32.987010	 18.105650	 4.366494	 16.478810	 10.935110	-22.397860	-10.580080	-3.590616	 52.015750	 2.464119	-1.150055	 56.950490	 2.457241	 1.011843	-43.881540	-0.260142	 1.350226	 41.822570	-0.214142	 3.170602	 31.240040	 2.684658	 4.978896	-60.750930	 33.191990	 17.945680	 20.540520	-6.576490	 19.285760	 24.475930	-5.753799	 19.259670	-75.874760	 15.404080	 8.540297	 29.192730	-3.716256	 9.462072	 31.257480	-0.534895	 10.408470	-62.333900	-39.524670	-10.185660	-0.857584	 4.044519	-0.509288	 0.039486	-14.493340	-0.211731	 3.226300	 0.000000	 90.000000	 0.000000	 170.569600	 12.572390	 165.482400	-174.987500	-2.820895	-1.819705
-0.008669	-0.086860	 0.020145	 174.224300	 3.488550	-88.176530	-11.671620	 3.482943	-2.556198	-10.128120	 8.367757	-2.518317	 1.923050	-7.714973	 110.441600	-0.813313	 0.122417	-8.559153	-56.637710	-24.415550	 16.687990	-3.408074	 31.962310	 1.171241	-11.254900	 25.350690	-66.783680	-5.466561	-2.015671	 9.912610	 2.503324	-1.126932	 4.512146	 3.269194	-0.634905	-79.900480	 3.872676	 3.135104	 11.950040	-0.275905	 3.148022	 9.006140	 2.906743	 4.330693	-70.423610	 37.282260	 19.750690	 15.009030	-6.822537	 19.211440	 10.820750	-5.642844	 19.246050	-70.421390	 18.417960	 10.373470	 21.414730	-3.898858	 9.395122	 9.460192	-0.473463	 9.974930	-72.425380	-57.345230	-11.451950	 6.678645	 9.284960	-0.525222	 0.082313	-19.390840	-0.175535	 3.200025	 1.409455	-3.968806	 90.385070	-92.844590	 0.862666	-108.135700	 179.562200	 1.463639	 109.996300	-0.813313	 0.122417	-8.559153	-12.590080	 4.068338	 50.074800	-33.226120	 18.197210	 4.422738	 16.600550	 10.992630	-22.275380	-10.581230	-3.591659	 52.019240	 2.464115	-1.150061	 56.957870	 2.457651	 1.011423	-43.892860	-0.263747	 1.347345	 41.827210	-0.214108	 3.170623	 31.253540	 2.684039	 4.980299	-60.729300	 33.208120	 17.952490	 20.540350	-6.576297	 19.285850	 24.487170	-5.753270	 19.259590	-75.848560	 15.407400	 8.542092	 29.198800	-3.716139	 9.462143	 31.272770	-0.535051	 10.409140	-62.318150	-39.577600	-10.202590	-0.912989	 4.096992	-0.509468	 0.039908	-14.233180	-0.213572	 3.227787	 0.000000	 90.000000	 0.000000	 170.540200	 12.598980	 165.430100	-175.005600	-2.818651	-1.881175
-0.008545	-0.086824	 0.020086	 174.185700	 3.475786	-88.163640	-11.648270	 3.491867	-2.540907	-10.107070	 8.396029	-2.503409	 1.917421	-7.693621	 110.440100	-0.813313	 0.122417	-8.559153	-56.657300	-24.408350	 16.673340	-3.411125	 32.012350	 1.171852	-11.318630	 25.412120	-66.726180	-5.466561	-2.015671	 9.912610	 2.503324	-1.126932	 4.512146	 3.269194	-0.634905	-79.900480	 3.870479	 3.134142	 11.950170	-0.275905	 3.148022	 9.006140	 2.906662	 4.331017	-70.418900	 37.278130	 19.749170	 15.010440	-6.822537	 19.211440	 10.820750	-5.642731	 19.246030	-70.415620	 18.415200	 10.372040	 21.415260	-3.898858	 9.395122	 9.460192	-0.473463	 9.974930	-72.425380	-57.347830	-11.451770	 6.689183	 9.284960	-0.525222	 0.082313	-19.390840	-0.175535	 3.200025	 1.408569	-3.959464	 90.383780	-92.860690	 0.770251	-108.135800	 179.564100	 1.455683	 109.998700	-0.813313	 0.122417	-8.559153	-12.651150	 4.074621	 49.980810	-33.481140	 18.302650	 4.484656	 16.742140	 11.060140	-22.132160	-10.582490	-3.592803	 52.023100	 2.464111	-1.150067	 56.966050	 2.458097	 1.010965	-43.905200	-0.267719	 1.344171	 41.832400	-0.214070	 3.170646	 31.268470	 2.683355	 4.981852	-60.705360	 33.227310	 17.960620	 20.539730	-6.576083	 19.285940	 24.499590	-5.752687	 19.259490	-75.819560	 15.410130	 8.543509	 29.205640	-3.716008	 9.462219	 31.289670	-0.535220	 10.409880	-62.300780	-39.642600	-10.223190	-0.980495	 4.161357	-0.509686	 0.040424	-13.913950	-0.215813	 3.229626	 0.000000	 90.000000	 0.000000	 170.510200	 12.621410	 165.407500	-175.025300	-2.816402	-1.946903
-0.008467	-0.086770	 0.020058	 174.156300	 3.466198	-88.160930	-11.629700	 3.498484	-2.529880	-10.090310	 8.416989	-2.492565	 1.912806	-7.676112	 110.438900	-0.813313	 0.122417	-8.559153	-56.671280	-24.407350	 16.673470	-3.413429	 32.048250	 1.172351	-11.368960	 25.460540	-66.701440	-5.466561	-2.015671	 9.912610	 2.503324	-1.126932	 4.512146	 3.269194	-0.634905	-79.900480	 3.868726	 3.133375	 11.950270	-0.275905	 3.148022	 9.006140	 2.906597	 4.331276	-70.415130	 37.274770	 19.747930	 15.011580	-6.822537	 19.211440	 10.820750	-5.642635	 19.246030	-70.410960	 18.412970	 10.370890	 21.415680	-3.898858	 9.395122	 9.460192	-0.473463	 9.974930	-72.425380	-57.349900	-11.451600	 6.697825	 9.284960	-0.525222	 0.082313	-19.390840	-0.175535	 3.200025	 1.407969	-3.961529	 90.382880	-92.883740	 0.694508	-108.175900	 179.565300	 1.450888	 110.000500	-0.813313	 0.122417	-8.559153	-12.707480	 4.063547	 49.899180	-33.669140	 18.395100	 4.531196	 16.852870	 11.119590	-22.054780	-10.583440	-3.593673	 52.025970	 2.464108	-1.150072	 56.972100	 2.458430	 1.010623	-43.914420	-0.270673	 1.341810	 41.836210	-0.214042	 3.170664	 31.279550	 2.682845	 4.983004	-60.687600	 33.242900	 17.967240	 20.538860	-6.575922	 19.286000	 24.508790	-5.752252	 19.259420	-75.798050	 15.411760	 8.544312	 29.210780	-3.715912	 9.462277	 31.302230	-0.535349	 10.410420	-62.287860	-39.695840	-10.239940	-1.035480	 4.214071	-0.509869	 0.040847	-13.652520	-0.217649	 3.231138	 0.000000	 90.000000	 0.000000	 170.486700	 12.633750	 165.419800	-175.039700	-2.814153	-1.969929
-0.008402	-0.086677	 0.020043	 174.129000	 3.457385	-88.163860	-11.611790	 3.504431	-2.520473	-10.074130	 8.435769	-2.483206	 1.908324	-7.659096	 110.437800	-0.813313	 0.122417	-8.559153	-56.683560	-24.409670	 16.681830	-3.415478	 32.078970	 1.172821	-11.417300	 25.506140	-66.693000	-5.466561	-2.015671	 9.912610	 2.503324	-1.126932	 4.512146	 3.269194	-0.634905	-79.900480	 3.867029	 3.132632	 11.950370	-0.275905	 3.148022	 9.006140	 2.906534	 4.331526	-70.411510	 37.271580	 19.746760	 15.012670	-6.822537	 19.211440	 10.820750	-5.642544	 19.246020	-70.406520	 18.410850	 10.369800	 21.416090	-3.898858	 9.395122	 9.460192	-0.473463	 9.974930	-72.425380	-57.351850	-11.451440	 6.706345	 9.284960	-0.525222	 0.082313	-19.390840	-0.175535	 3.200025	 1.407490	-3.970229	 90.382100	-92.913450	 0.619950	-108.242700	 179.566100	 1.447708	 110.002200	-0.813313	 0.122417	-8.559153	-12.766400	 4.041469	 49.812520	-33.804380	 18.507710	 4.569793	 16.956400	 11.188790	-22.069600	-10.584300	-3.594456	 52.028510	 2.464106	-1.150076	 56.977480	 2.458733	 1.010312	-43.922820	-0.273276	 1.339728	 41.839600	-0.214017	 3.170679	 31.289370	 2.682395	 4.984025	-60.671880	 33.258350	 17.973830	 20.537580	-6.575782	 19.286070	 24.516960	-5.751866	 19.259360	-75.778980	 15.413110	 8.544968	 29.215350	-3.715825	 9.462329	 31.313340	-0.535462	 10.410900	-62.276410	-39.747700	-10.256150	-1.088817	 4.265413	-0.510042	 0.041261	-13.397960	-0.219421	 3.232623	 0.000000	 90.000000	 0.000000	 170.462600	 12.642190	 165.452700	-175.052400	-2.811025	-1.951591
-0.008363	-0.086535	 0.020039	 174.099600	 3.447970	-88.172500	-11.591970	 3.510459	-2.511955	-10.056100	 8.454808	-2.474551	 1.903415	-7.640451	 110.436600	-0.813313	 0.122417	-8.559153	-56.695920	-24.415230	 16.698680	-3.417703	 32.107550	 1.173435	-11.471180	 25.554320	-66.699460	-5.466561	-2.015671	 9.912610	 2.503324	-1.126932	 4.512146	 3.269194	-0.634905	-79.900480	 3.865199	 3.131831	 11.950470	-0.275905	 3.148022	 9.006140	 2.906467	 4.331796	-70.407590	 37.268150	 19.745490	 15.013830	-6.822537	 19.211440	 10.820750	-5.642447	 19.246020	-70.401780	 18.408570	 10.368620	 21.416530	-3.898858	 9.395122	 9.460192	-0.473463	 9.974930	-72.425380	-57.353940	-11.451230	 6.715970	 9.284960	-0.525222	 0.082313	-19.390840	-0.175535	 3.200025	 1.407017	-3.986352	 90.381340	-92.954150	 0.535528	-108.342600	 179.566400	 1.446286	 110.004000	-0.813313	 0.122417	-8.559153	-12.834710	 4.005816	 49.702540	-33.907940	 18.657880	 4.605831	 17.066110	 11.280680	-22.167710	-10.585200	-3.595268	 52.031010	 2.464103	-1.150079	 56.982690	 2.459049	 1.009987	-43.931530	-0.275812	 1.337700	 41.842890	-0.213993	 3.170693	 31.298890	 2.681956	 4.985016	-60.656570	 33.276310	 17.981520	 20.535400	-6.575645	 19.286130	 24.524870	-5.751494	 19.259300	-75.760410	 15.414790	 8.545834	 29.219730	-3.715741	 9.462380	 31.324180	-0.535571	 10.411380	-62.265280	-39.804890	-10.273940	-1.147446	 4.321994	-0.510240	 0.041715	-13.117270	-0.221374	 3.234261	 0.000000	 90.000000	 0.000000	 170.445800	 12.643740	 165.510500	-175.065200	-2.806238	-1.890658
-0.008375	-0.086420	 0.020046	 174.079800	 3.441731	-88.181150	-11.578490	 3.514171	-2.507905	-10.043790	 8.466295	-2.470258	 1.900212	-7.628287	 110.435700	-0.813313	 0.122417	-8.559153	-56.703540	-24.420220	 16.713360	-3.419143	 32.122300	 1.173905	-11.508300	 25.584400	-66.712470	-5.466561	-2.015671	 9.912610	 2.503324	-1.126932	 4.512146	 3.269194	-0.634905	-79.900480	 3.864061	 3.131334	 11.950540	-0.275905	 3.148022	 9.006140	 2.906423	 4.331967	-70.405090	 37.265960	 19.744680	 15.014580	-6.822537	 19.211440	 10.820750	-5.642388	 19.246010	-70.398760	 18.407110	 10.367860	 21.416810	-3.898858	 9.395122	 9.460192	-0.473463	 9.974930	-72.425380	-57.355240	-11.451060	 6.722611	 9.284960	-0.525222	 0.082313	-19.390840	-0.175535	 3.200025	 1.406758	-4.000395	 90.380850	-92.986050	 0.477056	-108.421200	 179.566100	 1.447053	 110.005200	-0.813313	 0.122417	-8.559153	-12.880900	 3.976046	 49.614420	-33.953620	 18.774690	 4.626219	 17.123540	 11.356490	-22.265970	-10.585800	-3.595821	 52.032360	 2.464101	-1.150082	 56.985570	 2.459249	 1.009780	-43.937110	-0.277214	 1.336580	 41.844710	-0.213979	 3.170701	 31.304130	 2.681713	 4.985563	-60.648120	 33.289330	 17.987130	 20.533240	-6.575571	 19.286160	 24.529240	-5.751286	 19.259260	-75.750180	 15.416420	 8.546741	 29.222010	-3.715696	 9.462407	 31.330130	-0.535632	 10.411630	-62.259140	-39.842640	-10.285610	-1.186023	 4.359355	-0.510364	 0.042015	-12.932060	-0.222655	 3.235355	 0.000000	 90.000000	 0.000000	 170.452500	 12.635810	 165.561100	-175.073200	-2.801981	-1.828223
-0.008417	-0.086311	 0.020059	 174.062000	 3.436129	-88.190380	-11.566360	 3.517077	-2.506327	-10.032580	 8.475121	-2.468275	 1.897568	-7.618252	 110.435100	-0.813313	 0.122417	-8.559153	-56.709880	-24.424880	 16.727280	-3.420350	 32.130350	 1.174382	-11.542610	 25.607840	-66.729610	-5.466561	-2.015671	 9.912610	 2.503324	-1.126932	 4.512146	 3.269194	-0.634905	-79.900480	 3.863117	 3.130920	 11.950590	-0.275905	 3.148022	 9.006140	 2.906388	 4.332107	-70.403050	 37.264200	 19.744040	 15.015180	-6.822537	 19.211440	 10.820750	-5.642338	 19.246000	-70.396390	 18.405940	 10.367260	 21.417040	-3.898858	 9.395122	 9.460192	-0.473463	 9.974930	-72.425380	-57.356250	-11.450890	 6.728654	 9.284960	-0.525222	 0.082313	-19.390840	-0.175535	 3.200025	 1.406546	-4.014316	 90.380450	-93.017380	 0.423457	-108.494000	 179.565400	 1.449735	 110.006200	-0.813313	 0.122417	-8.559153	-12.919630	 3.946584	 49.518620	-33.980230	 18.890430	 4.641477	 17.145720	 11.440250	-22.355770	-10.586290	-3.596287	 52.033230	 2.464101	-1.150083	 56.987350	 2.459419	 1.009606	-43.941810	-0.278065	 1.335899	 41.845850	-0.213971	 3.170706	 31.307410	 2.681563	 4.985903	-60.642880	 33.302070	 17.992670	 20.530460	-6.575523	 19.286170	 24.531950	-5.751157	 19.259240	-75.743790	 15.418740	 8.548110	 29.223220	-3.715667	 9.462424	 31.333860	-0.535672	 10.411790	-62.255300	-39.874550	-10.295450	-1.218581	 4.390932	-0.510475	 0.042269	-12.775420	-0.223743	 3.236278	 0.000000	 90.000000	 0.000000	 170.471100	 12.622190	 165.614200	-175.080000	-2.797041	-1.760535
-0.008491	-0.086229	 0.020077	 174.045600	 3.430949	-88.198970	-11.555510	 3.519066	-2.508340	-10.022350	 8.480726	-2.469634	 1.895678	-7.611089	 110.434500	-0.813313	 0.122417	-8.559153	-56.715070	-24.427880	 16.737360	-3.421333	 32.111120	 1.175328	-11.573900	 25.604640	-66.751850	-5.466561	-2.015671	 9.912610	 2.503324	-1.126932	 4.512146	 3.269194	-0.634905	-79.900480	 3.862519	 3.130658	 11.950630	-0.275905	 3.148022	 9.006140	 2.906365	 4.332201	-70.401700	 37.263040	 19.743610	 15.015570	-6.822537	 19.211440	 10.820750	-5.642308	 19.246010	-70.394840	 18.405150	 10.366850	 21.417190	-3.898858	 9.395122	 9.460192	-0.473463	 9.974930	-72.425380	-57.356880	-11.450680	 6.734108	 9.284960	-0.525222	 0.082313	-19.390840	-0.175535	 3.200025	 1.406376	-4.026190	 90.380100	-93.046970	 0.374266	-108.550300	 179.564000	 1.455263	 110.007100	-0.813313	 0.122417	-8.559153	-12.946680	 3.920264	 49.404760	-33.996990	 19.003520	 4.652093	 17.127080	 11.537250	-22.401310	-10.586710	-3.596685	 52.033370	 2.464101	-1.150083	 56.987630	 2.459556	 1.009466	-43.945580	-0.278198	 1.335793	 41.846000	-0.213970	 3.170707	 31.307880	 2.681540	 4.985956	-60.642070	 33.315260	 17.998440	 20.526550	-6.575517	 19.286180	 24.532370	-5.751135	 19.259240	-75.742720	 15.422570	 8.550461	 29.222840	-3.715662	 9.462427	 31.334470	-0.535676	 10.411820	-62.254710	-39.898940	-10.302930	-1.243405	 4.415039	-0.510555	 0.042464	-12.655840	-0.224560	 3.236989	 0.000000	 90.000000	 0.000000	 170.498300	 12.604120	 165.667800	-175.085800	-2.790958	-1.696257
-0.008564	-0.086212	 0.020090	 174.035000	 3.427583	-88.202630	-11.549210	 3.519564	-2.513796	-10.016170	 8.481298	-2.474347	 1.895242	-7.609458	 110.434300	-0.813313	 0.122417	-8.559153	-56.717700	-24.426960	 16.737450	-3.421888	 32.073370	 1.176402	-11.593400	 25.578060	-66.767760	-5.466561	-2.015671	 9.912610	 2.503324	-1.126932	 4.512146	 3.269194	-0.634905	-79.900480	 3.862461	 3.130633	 11.950630	-0.275905	 3.148022	 9.006140	 2.906361	 4.332214	-70.401500	 37.262890	 19.743560	 15.015620	-6.822537	 19.211440	 10.820750	-5.642304	 19.246010	-70.394760	 18.405070	 10.366810	 21.417200	-3.898858	 9.395122	 9.460192	-0.473463	 9.974930	-72.425380	-57.356860	-11.450500	 6.737271	 9.284960	-0.525222	 0.082313	-19.390840	-0.175535	 3.200025	 1.406255	-4.030176	 90.379940	-93.063820	 0.344501	-108.561900	 179.562200	 1.462264	 110.007600	-0.813313	 0.122417	-8.559153	-12.950530	 3.908589	 49.303050	-34.011510	 19.074570	 4.656097	 17.076560	 11.617930	-22.354400	-10.586950	-3.596926	 52.032670	 2.464101	-1.150082	 56.986120	 2.459621	 1.009398	-43.947410	-0.277464	 1.336380	 41.845070	-0.213977	 3.170702	 31.305120	 2.681665	 4.985673	-60.646450	 33.325210	 18.002860	 20.522470	-6.575556	 19.286160	 24.530080	-5.751244	 19.259250	-75.747960	 15.427230	 8.553375	 29.220730	-3.715687	 9.462412	 31.331390	-0.535645	 10.411690	-62.257870	-39.907150	-10.305460	-1.251783	 4.423206	-0.510581	 0.042530	-12.615400	-0.224841	 3.237227	 0.000000	 90.000000	 0.000000	 170.518900	 12.590160	 165.701200	-175.089200	-2.785433	-1.666689
-0.007629	-0.090238	 0.019778	 173.517100	 3.887141	-88.202250	-11.576100	 3.106748	-2.291759	-10.087830	 7.461104	-2.238098	 1.557643	-6.315096	 110.393700	-0.813313	 0.122417	-8.559153	-54.248380	-23.360390	 18.979240	-3.421550	 31.371560	 1.190669	-11.032910	 24.421380	-65.613350	-5.466561	-2.015671	 9.912610	 2.503324	-1.126932	 4.512146	 3.269194	-0.634905	-79.900480	 3.754784	 3.083506	 11.956820	-0.275905	 3.148022	 9.006140	 2.902877	 4.346006	-70.201020	 37.083890	 19.677480	 15.076460	-6.822537	 19.211440	 10.820750	-5.636457	 19.245610	-70.108210	 18.286020	 10.305260	 21.440030	-3.898858	 9.395122	 9.460192	-0.473463	 9.974930	-72.425380	-57.519340	-11.477980	 6.707681	 9.284960	-0.525222	 0.082313	-19.390840	-0.175535	 3.200025	 1.399737	-3.052241	 90.375800	-92.225340	-0.041659	-107.875800	 179.712100	 0.984877	 108.910200	-0.813313	 0.122417	-8.559153	-5.031075	 9.174556	 52.629240	-62.145020	 4.293004	 3.775146	 9.799267	 2.098866	-23.163320	-10.677970	-3.713092	 50.297470	 2.465799	-1.147668	 53.697930	 2.493602	 0.973864	-44.896420	 0.964405	 2.294690	 39.890370	-0.231413	 3.161428	 24.662770	 2.867525	 4.475903	-68.302760	 43.276260	 21.915490	 15.143130	-6.668040	 19.251330	 19.277690	-5.917368	 19.298110	-84.117450	 21.242130	 11.965130	 25.820610	-3.771368	 9.433669	 24.362750	-0.489305	 10.151090	-68.360030	-36.806540	-3.235411	 25.803280	 14.821900	-0.538115	 0.128949	 14.649370	-0.367766	 3.436749	 0.000000	 90.000000	 0.000000	 170.629800	 12.832310	 165.293500	-175.111500	-2.659174	-2.772113
