HIERARCHY
ROOT root
{
	OFFSET	0.00	0.00	0.00
	CHANNELS 6 Xposition Yposition Zposition Zrotation Xrotation Yrotation
	JOINT back
	{
		OFFSET	 0.494684	-0.003138	-0.003217
		CHANNELS 3 Zrotation Xrotation Yrotation
		JOINT chest
		{
			OFFSET	 0.264817	 0.004177	 0.000000
			CHANNELS 3 Zrotation Xrotation Yrotation
			JOINT l_clavicle
			{
				OFFSET	 0.114550	 0.000716	-0.065320
				CHANNELS 3 Zrotation Xrotation Yrotation
				JOINT l_end_clavicle
				{
					OFFSET	 0.162817	-0.003802	 0.000069
					CHANNELS 3 Zrotation Xrotation Yrotation
					JOINT l_shoulder
					{
						OFFSET	 0.005329	-0.036468	 0.055870
						CHANNELS 3 Zrotation Xrotation Yrotation
						JOINT l_forearm
						{
							OFFSET	 0.293748	 0.004777	-0.037788
							CHANNELS 3 Zrotation Xrotation Yrotation
							JOINT l_end_wrist
							{
								OFFSET	 0.317021	-0.006522	 0.006333
								CHANNELS 3 Zrotation Xrotation Yrotation
								JOINT l_index1
								{
									OFFSET	 0.152748	-0.021000	-0.014320
									CHANNELS 3 Zrotation Xrotation Yrotation
									JOINT l_index2
									{
										OFFSET	 0.039283	 0.000000	 0.000000
										CHANNELS 3 Zrotation Xrotation Yrotation
										JOINT l_index3
										{
											OFFSET	 0.038151	 0.000000	 0.000000
											CHANNELS 3 Zrotation Xrotation Yrotation
											End Site
											{
												OFFSET	 0.038151	 0.000000	 0.000000
											}
										}
									}
								}
								JOINT l_middle1
								{
									OFFSET	 0.151723	 0.016194	-0.014667
									CHANNELS 3 Zrotation Xrotation Yrotation
									JOINT l_middle_2
									{
										OFFSET	 0.038269	 0.000000	 0.000000
										CHANNELS 3 Zrotation Xrotation Yrotation
										JOINT l_middle_3
										{
											OFFSET	 0.039743	 0.000000	 0.000000
											CHANNELS 3 Zrotation Xrotation Yrotation
											End Site
											{
												OFFSET	 0.039743	 0.000000	 0.000000
											}
										}
									}
								}
								JOINT l_pinky1
								{
									OFFSET	 0.117088	 0.077397	-0.013819
									CHANNELS 3 Zrotation Xrotation Yrotation
									JOINT l_pinky2
									{
										OFFSET	 0.028938	 0.000000	 0.000000
										CHANNELS 3 Zrotation Xrotation Yrotation
										JOINT l_pinky3
										{
											OFFSET	 0.027080	 0.000000	 0.000000
											CHANNELS 3 Zrotation Xrotation Yrotation
											End Site
											{
												OFFSET	 0.027080	 0.000000	 0.000000
											}
										}
									}
								}
								JOINT l_ring1
								{
									OFFSET	 0.137788	 0.047650	-0.014135
									CHANNELS 3 Zrotation Xrotation Yrotation
									JOINT l_ring2
									{
										OFFSET	 0.030749	 0.000000	 0.000000
										CHANNELS 3 Zrotation Xrotation Yrotation
										JOINT l_ring3
										{
											OFFSET	 0.032711	 0.000000	 0.000000
											CHANNELS 3 Zrotation Xrotation Yrotation
											End Site
											{
												OFFSET	 0.032711	 0.000000	 0.000000
											}
										}
									}
								}
								JOINT l_thumb1
								{
									OFFSET	 0.054053	-0.036728	-0.011261
									CHANNELS 3 Zrotation Xrotation Yrotation
									JOINT l_thumb_2
									{
										OFFSET	 0.051141	-0.005593	-0.001180
										CHANNELS 3 Zrotation Xrotation Yrotation
										JOINT l_thumb_3
										{
											OFFSET	 0.046422	-0.001905	 0.000191
											CHANNELS 3 Zrotation Xrotation Yrotation
											End Site
											{
												OFFSET	 0.046422	-0.001905	 0.000191
											}
										}
									}
								}
							}
						}
					}
				}
			}
			JOINT neck
			{
				OFFSET	 0.143918	 0.000470	 0.000000
				CHANNELS 3 Zrotation Xrotation Yrotation
				JOINT head
				{
					OFFSET	-0.005038	-0.004312	 0.061068
					CHANNELS 3 Zrotation Xrotation Yrotation
					End Site
					{
						OFFSET	-0.005038	-0.004312	 0.061068
					}
				}
			}
			JOINT r_clavicle
			{
				OFFSET	 0.114552	 0.000716	 0.065320
				CHANNELS 3 Zrotation Xrotation Yrotation
				JOINT r_end_clavicle
				{
					OFFSET	-0.162817	 0.003801	-0.000067
					CHANNELS 3 Zrotation Xrotation Yrotation
					JOINT r_shoulder
					{
						OFFSET	 0.002145	 0.026426	-0.022629
						CHANNELS 3 Zrotation Xrotation Yrotation
						JOINT r_forearm
						{
							OFFSET	-0.279895	-0.026969	 0.065371
							CHANNELS 3 Zrotation Xrotation Yrotation
							JOINT r_end_wrist
							{
								OFFSET	-0.317022	 0.006522	-0.006331
								CHANNELS 3 Zrotation Xrotation Yrotation
								JOINT r_index1
								{
									OFFSET	-0.152748	 0.021000	 0.014322
									CHANNELS 3 Zrotation Xrotation Yrotation
									JOINT r_index2
									{
										OFFSET	-0.039280	 0.000000	-0.000001
										CHANNELS 3 Zrotation Xrotation Yrotation
										JOINT r_index3
										{
											OFFSET	-0.038152	 0.000000	-0.000001
											CHANNELS 3 Zrotation Xrotation Yrotation
											End Site
											{
												OFFSET	-0.038152	 0.000000	-0.000001
											}
										}
									}
								}
								JOINT r_middle1
								{
									OFFSET	-0.151722	-0.016194	 0.014664
									CHANNELS 3 Zrotation Xrotation Yrotation
									JOINT r_middle_2
									{
										OFFSET	-0.038270	 0.000000	 0.000003
										CHANNELS 3 Zrotation Xrotation Yrotation
										JOINT r_middle_3
										{
											OFFSET	-0.039744	 0.000000	 0.000000
											CHANNELS 3 Zrotation Xrotation Yrotation
											End Site
											{
												OFFSET	-0.039744	 0.000000	 0.000000
											}
										}
									}
								}
								JOINT r_pinky1
								{
									OFFSET	-0.117090	-0.077397	 0.013818
									CHANNELS 3 Zrotation Xrotation Yrotation
									JOINT r_pinky2
									{
										OFFSET	-0.028938	 0.000000	 0.000000
										CHANNELS 3 Zrotation Xrotation Yrotation
										JOINT r_pinky3
										{
											OFFSET	-0.027078	-0.000001	 0.000000
											CHANNELS 3 Zrotation Xrotation Yrotation
											End Site
											{
												OFFSET	-0.027078	-0.000001	 0.000000
											}
										}
									}
								}
								JOINT r_ring1
								{
									OFFSET	-0.137790	-0.047650	 0.014136
									CHANNELS 3 Zrotation Xrotation Yrotation
									JOINT r_ring2
									{
										OFFSET	-0.030748	 0.000000	-0.000001
										CHANNELS 3 Zrotation Xrotation Yrotation
										JOINT r_ring3
										{
											OFFSET	-0.032707	-0.000001	 0.000003
											CHANNELS 3 Zrotation Xrotation Yrotation
											End Site
											{
												OFFSET	-0.032707	-0.000001	 0.000003
											}
										}
									}
								}
								JOINT r_thumb1
								{
									OFFSET	-0.054054	 0.036728	 0.011262
									CHANNELS 3 Zrotation Xrotation Yrotation
									JOINT r_thumb_2
									{
										OFFSET	-0.051140	 0.005594	 0.001177
										CHANNELS 3 Zrotation Xrotation Yrotation
										JOINT r_thumb_3
										{
											OFFSET	-0.046419	 0.001906	-0.000190
											CHANNELS 3 Zrotation Xrotation Yrotation
											End Site
											{
												OFFSET	-0.046419	 0.001906	-0.000190
											}
										}
									}
								}
							}
						}
					}
				}
			}
		}
	}
	JOINT Pelvis
	{
		OFFSET	 0.153809	-0.002935	-0.002619
		CHANNELS 3 Zrotation Xrotation Yrotation
		JOINT l_thigh
		{
			OFFSET	 0.145222	-0.127336	 0.003596
			CHANNELS 3 Zrotation Xrotation Yrotation
			End Site
			{
				OFFSET	 0.145222	-0.127336	 0.003596
			}
		}
		JOINT r_thigh
		{
			OFFSET	 0.143036	 0.137870	 0.004463
			CHANNELS 3 Zrotation Xrotation Yrotation
			End Site
			{
				OFFSET	 0.143036	 0.137870	 0.004463
			}
		}
	}
}
MOTION
Frames:    539
Frame Time: 0.01666667
-0.001963	 0.002454	-0.116118	 179.305400	 0.221747	-89.965800	-0.000021	 0.000000	 0.000000	-0.000021	 0.000000	 0.000000	-3.525149	 11.225090	 114.920700	-0.813313	 0.122417	-8.559153	-39.721840	-22.971270	 34.504040	-46.877240	 33.730030	 8.058828	-1.508344	 27.119350	 0.905986	-11.666870	-4.636808	 35.944750	 2.477603	-1.136251	 35.323120	 2.739605	 0.675539	-52.364350	-0.352786	 1.276010	 35.556880	-0.202301	 3.178486	 36.024460	 2.411832	 5.494030	-52.520410	 39.007590	 20.375220	 27.137650	-6.436097	 19.357820	 32.910680	-5.387433	 19.254410	-57.899170	 18.466570	 10.398590	 33.996140	-3.686892	 9.480865	 35.137450	-0.646625	 10.763470	-53.750010	-51.281710	-9.954659	 11.445530	 23.982090	-0.549087	 0.208112	 14.789960	-0.368235	 3.437935	-0.000006	 0.000001	 90.000000	-90.000000	 0.000000	-86.406780	 177.642400	 8.601227	 111.084700	-0.813313	 0.122417	-8.559153	 12.236280	 10.972310	 52.931600	-1.045101	 10.743230	-0.604093	-2.262662	 22.375880	-11.302420	-11.666870	-4.636809	 35.944760	 2.477604	-1.136251	 35.323130	 2.739605	 0.675539	-52.364380	-0.352786	 1.276010	 35.556880	-0.202300	 3.178487	 36.024460	 2.411833	 5.494030	-52.520430	 39.007590	 20.375220	 27.137660	-6.436093	 19.357820	 32.910680	-5.387434	 19.254410	-57.899150	 18.466580	 10.398590	 33.996150	-3.686890	 9.480865	 35.137440	-0.646626	 10.763470	-53.750010	-51.281720	-9.954665	 11.445540	 23.982080	-0.549088	 0.208112	 14.789960	-0.368242	 3.437935	 0.000000	 90.000000	 0.000000	 177.641500	 1.693646	 173.691800	-177.179200	-1.281514	-6.296279
-0.008974	-0.012133	-0.094579	-179.020400	 1.254698	-89.757710	-1.294436	-0.350104	-0.997517	-1.189616	-0.992031	-0.918078	-2.485042	 8.083105	 113.928200	-0.813313	 0.122417	-8.559153	-36.919590	-21.798410	 34.163560	-48.035170	 32.273330	 7.126738	-1.359912	 27.016280	-7.077149	-11.652250	-4.627184	 30.931530	 2.482057	-1.133426	 29.452110	 2.889279	 0.446215	-57.651240	 0.417595	 1.781998	 31.055060	-0.215013	 3.170097	 30.903520	 2.535661	 5.282129	-55.983840	 38.729110	 20.248070	 24.779850	-6.504509	 19.319330	 28.710310	-5.437074	 19.248640	-60.345150	 18.483620	 10.409370	 31.536500	-3.723892	 9.457441	 30.249570	-0.593001	 10.616510	-57.352700	-51.291460	-10.359420	 7.825347	 22.463660	-0.548128	 0.194883	 14.789960	-0.368235	 3.437935	 0.120965	 0.680894	 90.038350	-89.743710	-0.873950	-83.417500	 178.039900	 7.524987	 109.790100	-0.813313	 0.122417	-8.559153	 11.906460	 13.738940	 50.999480	-23.110730	 7.881965	-3.395841	 5.574098	 15.784070	-14.430490	-10.437720	-3.811369	 31.967430	 2.481480	-1.133800	 30.212710	 2.901610	 0.425066	-58.122870	 1.213177	 2.306740	 31.162020	-0.212041	 3.171899	 32.070300	 2.586248	 5.186164	-57.514150	 40.039230	 20.836440	 23.920570	-6.493778	 19.325140	 29.362210	-5.484299	 19.245220	-62.657030	 19.445370	 11.004210	 30.399940	-3.718575	 9.460705	 30.958150	-0.587122	 10.597940	-57.803590	-50.774010	-10.014130	 10.046020	 21.098970	-0.547001	 0.183020	 7.511938	-0.339809	 3.378270	 0.000000	 90.000000	 0.000000	 176.531600	 3.119922	 172.967300	-175.484300	-4.004545	-12.261930
-0.011062	-0.017097	-0.087554	-178.460300	 1.593714	-89.703560	-1.729232	-0.462530	-1.332605	-1.593838	-1.320993	-1.226816	-2.152080	 7.031672	 113.610200	-0.813313	 0.122417	-8.559153	-35.994050	-21.416280	 34.001570	-48.420850	 31.792070	 6.802851	-1.300622	 26.973750	-9.729101	-11.647190	-4.624260	 29.258270	 2.483605	-1.132587	 27.492560	 2.934447	 0.366722	-59.415660	 0.682940	 1.936971	 29.550900	-0.219416	 3.167553	 29.194330	 2.574091	 5.209793	-57.139460	 38.635120	 20.208100	 23.993110	-6.527981	 19.307540	 27.308560	-5.453692	 19.247150	-61.161370	 18.489440	 10.412830	 30.715540	-3.736675	 9.450328	 28.618210	-0.577213	 10.566750	-58.554770	-51.300470	-10.494270	 6.615993	 21.956860	-0.547729	 0.190474	 14.789960	-0.368235	 3.437935	 0.162028	 0.901240	 90.051590	-89.650160	-1.159781	-82.427920	 178.167300	 7.163370	 109.357800	-0.813313	 0.122417	-8.559153	 11.815760	 14.687650	 50.370320	-30.669680	 7.072225	-3.819039	 8.077572	 13.521380	-15.065490	-10.010840	-3.552127	 30.637430	 2.482821	-1.133061	 28.507020	 2.949979	 0.338000	-60.044670	 1.752324	 2.623112	 29.688820	-0.215391	 3.169851	 30.750060	 2.638311	 5.080304	-59.178270	 40.390000	 20.978090	 22.841550	-6.513464	 19.315000	 28.179570	-5.516545	 19.243860	-64.234080	 19.780550	 11.192460	 29.190910	-3.729480	 9.454486	 29.562310	-0.569959	 10.541900	-59.154270	-50.604950	-10.036250	 9.582932	 20.145610	-0.546035	 0.174750	 5.082769	-0.328662	 3.359220	 0.000000	 90.000000	 0.000000	 176.167300	 3.601304	 172.726500	-175.020400	-4.946095	-14.255320
-0.013310	-0.023010	-0.079537	-177.813300	 2.023995	-89.652580	-2.233714	-0.589227	-1.720951	-2.065660	-1.698821	-1.585023	-1.776988	 5.819670	 113.251400	-0.813313	 0.122417	-8.559153	-34.916710	-20.967740	 33.784650	-48.925620	 31.233300	 6.426652	-1.390406	 26.924210	-12.698640	-11.641260	-4.621077	 27.330830	 2.485422	-1.131686	 25.235300	 2.983414	 0.273480	-61.448040	 0.993143	 2.106535	 27.817290	-0.224580	 3.164787	 27.225480	 2.616528	 5.125532	-58.470400	 38.526300	 20.163610	 23.086980	-6.555387	 19.294650	 25.693970	-5.472857	 19.245730	-62.101410	 18.496280	 10.416760	 29.769800	-3.751647	 9.442581	 26.739060	-0.560352	 10.509060	-59.939180	-51.314420	-10.649330	 5.222232	 21.373070	-0.547218	 0.185399	 14.789960	-0.368235	 3.437935	 0.210150	 1.135892	 90.067410	-89.543400	-1.437757	-81.315310	 178.309500	 6.749665	 108.859800	-0.813313	 0.122417	-8.559153	 11.759820	 15.831990	 49.626850	-39.457390	 6.132593	-3.991799	 10.887770	 10.912680	-15.465310	-9.506262	-3.267609	 28.900620	 2.484580	-1.132166	 26.309270	 3.006977	 0.225536	-62.477440	 2.418705	 2.986930	 27.833750	-0.219306	 3.167590	 29.230160	 2.694337	 4.956745	-61.091860	 40.785090	 21.128230	 21.600530	-6.536378	 19.303810	 26.819320	-5.553532	 19.243320	-66.041570	 20.166360	 11.397420	 27.794500	-3.742219	 9.447652	 27.955180	-0.551889	 10.476970	-60.707550	-50.352840	-10.051340	 9.062462	 19.054790	-0.544756	 0.165308	 2.292904	-0.314877	 3.337945	 0.000000	 90.000000	 0.000000	 175.753400	 4.158650	 172.448700	-174.554600	-6.043490	-16.554740
-0.015105	-0.028427	-0.072681	-177.254200	 2.476714	-89.622260	-2.673793	-0.695318	-2.056759	-2.479608	-2.021833	-1.895271	-1.462079	 4.779049	 112.949500	-0.813313	 0.122417	-8.559153	-33.953460	-20.549160	 33.577980	-49.511380	 30.741390	 6.108984	-1.509215	 26.883860	-15.217310	-11.636080	-4.618505	 25.676620	 2.487009	-1.130971	 23.298020	 3.022780	 0.192113	-63.192240	 1.262959	 2.244269	 26.328690	-0.229086	 3.162556	 25.535720	 2.651370	 5.052448	-59.612490	 38.432490	 20.126790	 22.309390	-6.579206	 19.284160	 24.308350	-5.489317	 19.244740	-62.908040	 18.502230	 10.420050	 28.958130	-3.764696	 9.436323	 25.126310	-0.547015	 10.459230	-61.127130	-51.329430	-10.782100	 4.025439	 20.872020	-0.546745	 0.181047	 14.789960	-0.368235	 3.437935	 0.252333	 1.310173	 90.081530	-89.463020	-1.573209	-80.399730	 178.426300	 6.403878	 108.432800	-0.813313	 0.122417	-8.559153	 11.796800	 16.895450	 48.943080	-47.043260	 5.267475	-3.888243	 13.207590	 8.703254	-15.440950	-9.065187	-3.034782	 27.409900	 2.486112	-1.131455	 24.426830	 3.052110	 0.127021	-64.568120	 2.996716	 3.279945	 26.239070	-0.222708	 3.165735	 27.927730	 2.738987	 4.849514	-62.730010	 41.098360	 21.239030	 20.544460	-6.556224	 19.294650	 25.654200	-5.585121	 19.243740	-67.585070	 20.489370	 11.558910	 26.596220	-3.753287	 9.442080	 26.578060	-0.537844	 10.420990	-62.037520	-50.120740	-10.062610	 8.621280	 18.124800	-0.543531	 0.157279	-0.081202	-0.302339	 3.320389	 0.000000	 90.000000	 0.000000	 175.406500	 4.637981	 172.208800	-174.220800	-6.990508	-18.532030
-0.016776	-0.033991	-0.065840	-176.691200	 2.954102	-89.604400	-3.122534	-0.798716	-2.395398	-2.903804	-2.343275	-2.208721	-1.153409	 3.738093	 112.653000	-0.813313	 0.122417	-8.559153	-32.951800	-20.097940	 33.349530	-50.236400	 30.239520	 5.792494	-1.568473	 26.840050	-17.754100	-11.630830	-4.616081	 24.022300	 2.488620	-1.130310	 21.360580	 3.059654	 0.109579	-64.936520	 1.535775	 2.374652	 24.839370	-0.233655	 3.160458	 23.845830	 2.684741	 4.978684	-60.754480	 38.338330	 20.091220	 21.531800	-6.603286	 19.274220	 22.922710	-5.505789	 19.243970	-63.714540	 18.508300	 10.423310	 28.146360	-3.777919	 9.430427	 23.513480	-0.534734	 10.409140	-62.314950	-51.347240	-10.914550	 2.828003	 20.370950	-0.546230	 0.176702	 14.789960	-0.368235	 3.437935	 0.295548	 1.454622	 90.096310	-89.400580	-1.659461	-79.527020	 178.538300	 6.065920	 108.006900	-0.813313	 0.122417	-8.559153	 11.875150	 17.976160	 48.246250	-54.644960	 4.303017	-3.579270	 15.472430	 6.528076	-15.209110	-8.621271	-2.809070	 26.089760	 2.487497	-1.130863	 22.749020	 3.090157	 0.035684	-66.477030	 3.545611	 3.541209	 24.773580	-0.226142	 3.163962	 26.628670	 2.780419	 4.741377	-64.362980	 41.394500	 21.336770	 19.495310	-6.576218	 19.285880	 24.491770	-5.616557	 19.244950	-69.122280	 20.806880	 11.708790	 25.399980	-3.764457	 9.436786	 25.204810	-0.525158	 10.364860	-63.363820	-49.909620	-10.079420	 8.178939	 17.199740	-0.542180	 0.149313	-2.438073	-0.289190	 3.303487	 0.000000	 90.000000	 0.000000	 175.069000	 5.117149	 171.966400	-173.950100	-7.938797	-20.513700
-0.018593	-0.040497	-0.057824	-176.023500	 3.473741	-89.596410	-3.664752	-0.916542	-2.798629	-3.418972	-2.719070	-2.582943	-0.797440	 2.511220	 112.310100	-0.813313	 0.122417	-8.559153	-31.731230	-19.534560	 33.046240	-51.214500	 29.641430	 5.412310	-1.569545	 26.779620	-20.765820	-11.624560	-4.613422	 22.072990	 2.490545	-1.129600	 19.077700	 3.099854	 0.010943	-66.991730	 1.860741	 2.518711	 23.083770	-0.239117	 3.158160	 21.854640	 2.722153	 4.890938	-62.099850	 38.226940	 20.050940	 20.615650	-6.631975	 19.263220	 21.290100	-5.525206	 19.243340	-64.664540	 18.515570	 10.427070	 27.189840	-3.793708	 9.423957	 21.613100	-0.521625	 10.349810	-63.714330	-51.371810	-11.070100	 1.416317	 19.780530	-0.545575	 0.171585	 14.789960	-0.368235	 3.437935	 0.348024	 1.582712	 90.114640	-89.350270	-1.780484	-78.559940	 178.665400	 5.672684	 107.507200	-0.813313	 0.122417	-8.559153	 11.969600	 19.137440	 47.457450	-63.579440	 2.975548	-3.035124	 18.143180	 4.000677	-14.838140	-8.095518	-2.556097	 24.589490	 2.489093	-1.130240	 20.840360	 3.130004	-0.070520	-68.665430	 4.186798	 3.825348	 23.088010	-0.230220	 3.161983	 25.104970	 2.825046	 4.613098	-66.278030	 41.745870	 21.445450	 18.260780	-6.599933	 19.276070	 23.126440	-5.653409	 19.247390	-70.927400	 21.182610	 11.875780	 23.995370	-3.777709	 9.430918	 23.594960	-0.511959	 10.298610	-64.920430	-49.680080	-10.104650	 7.656849	 16.114320	-0.540425	 0.139998	-5.202636	-0.272886	 3.284374	 0.000000	 90.000000	 0.000000	 174.684700	 5.679977	 171.675500	-173.711900	-9.054210	-22.854820
-0.020026	-0.046084	-0.051013	-175.449800	 3.904668	-89.601770	-4.139842	-1.012848	-3.147101	-3.872433	-3.035588	-2.906474	-0.500616	 1.466023	 112.023400	-0.813313	 0.122417	-8.559153	-30.674600	-19.046080	 32.752520	-52.065570	 29.133600	 5.073431	-1.545046	 26.720720	-23.339140	-11.619150	-4.611327	 20.412910	 2.492205	-1.129058	 17.133510	 3.131283	-0.074150	-68.741970	 2.140126	 2.633090	 21.588090	-0.243829	 3.156354	 20.158860	 2.752374	 4.815538	-63.245420	 38.131810	 20.018060	 19.835490	-6.656660	 19.254470	 19.899780	-5.541739	 19.243050	-65.473350	 18.521860	 10.430210	 26.375190	-3.807320	 9.418856	 19.994680	-0.511627	 10.299050	-64.905860	-51.395760	-11.202060	 0.213433	 19.277690	-0.544980	 0.167233	 14.789960	-0.368235	 3.437935	 0.394195	 1.654862	 90.131100	-89.329730	-1.897770	-77.792130	 178.769800	 5.341438	 107.084900	-0.813313	 0.122417	-8.559153	 12.079830	 19.987230	 46.802270	-71.087440	 1.652399	-2.509253	 20.333040	 1.901448	-14.381170	-7.931603	-2.427203	 25.346430	 2.488317	-1.130536	 21.764940	 3.125565	-0.058051	-68.410090	 4.252476	 3.870363	 23.241680	-0.231943	 3.161186	 24.466790	 2.845325	 4.549743	-67.215820	 41.890470	 21.481290	 17.514260	-6.614633	 19.270310	 22.287160	-5.684661	 19.250320	-72.462040	 21.305370	 11.925490	 23.460350	-3.782767	 9.428792	 22.985620	-0.504994	 10.259150	-65.843750	-49.482380	-10.127190	 7.213613	 15.191620	-0.538799	 0.132103	-7.560950	-0.258271	 3.268706	 0.000000	 90.000000	 0.000000	 174.369800	 6.156271	 171.421600	-173.576400	-10.000520	-24.853990
-0.021343	-0.051624	-0.044319	-174.877800	 4.321970	-89.618280	-4.620544	-1.103286	-3.496512	-4.333081	-3.342678	-3.229671	-0.214063	 0.437388	 111.745800	-0.813313	 0.122417	-8.559153	-29.643490	-18.582530	 32.426310	-52.850790	 28.639940	 4.721425	-1.551483	 26.662020	-25.859320	-11.613770	-4.609417	 18.779940	 2.493856	-1.128579	 15.221100	 3.159647	-0.158751	-70.463590	 2.417018	 2.738051	 20.116430	-0.248514	 3.154713	 18.490790	 2.780615	 4.740797	-64.372100	 38.038010	 19.986980	 19.068100	-6.681151	 19.246410	 18.532240	-5.558007	 19.242970	-66.268670	 18.528180	 10.433260	 25.573850	-3.820845	 9.414209	 18.402720	-0.502840	 10.248920	-66.077740	-51.422040	-11.331350	-0.970362	 18.783080	-0.544350	 0.162959	 14.789960	-0.368235	 3.437935	 0.441139	 1.693743	 90.148160	-89.330790	-2.022992	-77.088020	 178.867300	 5.025925	 106.674000	-0.813313	 0.122417	-8.559153	 12.212720	 20.738850	 46.160000	-78.355830	 0.199482	-1.952373	 22.297130	-0.102349	-13.819310	-8.141477	-2.418541	 28.495170	 2.485060	-1.131937	 25.715860	 3.073768	 0.076084	-65.635960	 3.792539	 3.708871	 25.272180	-0.231647	 3.161320	 24.576020	 2.848620	 4.539093	-67.372960	 41.759540	 21.425240	 17.285340	-6.619895	 19.268300	 21.987890	-5.716200	 19.254100	-74.015200	 21.098630	 11.821710	 23.705780	-3.780699	 9.429653	 23.234480	-0.503190	 10.248260	-66.098110	-49.300000	-10.155100	 6.759483	 14.259070	-0.537029	 0.124154	-9.925144	-0.242980	 3.253616	 0.000000	 90.000000	 0.000000	 174.071600	 6.620607	 171.164200	-173.500400	-10.927480	-26.825430
-0.022853	-0.058500	-0.036151	-174.165300	 4.827761	-89.655580	-5.225661	-1.206733	-3.931803	-4.915205	-3.709206	-3.631518	 0.131005	-0.827589	 111.413500	-0.813313	 0.122417	-8.559153	-28.437780	-18.081320	 31.973730	-53.761840	 28.043880	 4.270276	-1.588392	 26.590160	-28.928240	-11.607150	-4.607299	 16.790790	 2.495887	-1.128070	 12.891530	 3.190746	-0.262897	-72.560670	 2.756670	 2.855669	 18.323270	-0.254282	 3.152900	 16.458890	 2.813013	 4.649032	-65.744320	 37.923470	 19.950850	 18.133370	-6.711250	 19.237340	 16.866510	-5.577811	 19.243170	-67.237080	 18.536030	 10.436910	 24.597680	-3.837491	 9.409054	 16.463560	-0.493551	 10.187640	-67.504950	-51.457670	-11.488070	-2.413194	 18.180590	-0.543529	 0.157757	 14.789960	-0.368235	 3.437935	 0.500532	 1.702239	 90.170100	-89.361600	-2.177746	-76.297270	 178.979100	 4.656141	 106.181600	-0.813313	 0.122417	-8.559153	 12.335080	 21.336280	 45.446080	-87.023800	-1.754137	-1.356987	 24.487750	-2.462296	-13.014890	-9.785151	-3.164447	 40.262050	 2.473718	-1.139242	 40.788790	 2.782773	 0.614001	-53.814970	 1.695950	 2.696972	 33.947070	-0.224808	 3.164639	 27.131470	 2.798347	 4.691493	-65.110390	 41.112630	 21.197040	 18.184460	-6.603889	 19.274500	 22.900150	-5.756958	 19.260190	-76.031510	 20.234480	 11.409620	 26.432690	-3.755389	 9.441059	 26.318450	-0.512539	 10.301740	-64.847150	-49.158320	-10.212390	 6.138469	 13.055040	-0.534550	 0.113935	-12.915910	-0.222770	 3.235448	 0.000000	 90.000000	 0.000000	 173.723900	 7.178495	 170.837600	-173.478600	-12.052200	-29.234260
-0.024071	-0.064415	-0.029277	-173.544400	 5.257750	-89.704570	-5.749779	-1.286692	-4.304730	-5.421311	-4.007783	-3.976317	 0.420402	-1.910871	 111.140200	-0.813313	 0.122417	-8.559153	-27.482930	-17.728880	 31.550470	-54.477360	 27.549260	 3.873924	-1.532113	 26.510570	-31.553470	-11.601560	-4.605705	 15.125940	 2.497601	-1.127709	 10.941760	 3.213832	-0.350892	-74.315860	 3.042578	 2.945374	 16.822130	-0.259157	 3.151540	 14.758240	 2.838423	 4.571650	-66.892620	 37.827420	 19.922050	 17.351040	-6.736646	 19.230390	 15.472390	-5.594372	 19.243570	-68.047260	 18.542710	 10.439900	 23.780630	-3.851551	 9.405168	 14.840560	-0.486971	 10.136190	-68.699280	-51.490560	-11.618520	-3.621468	 17.676310	-0.542812	 0.153412	 14.789960	-0.368235	 3.437935	 0.552274	 1.682294	 90.189540	-89.411510	-2.306146	-75.688050	 179.066900	 4.358962	 105.778700	-0.813313	 0.122417	-8.559153	 12.365200	 21.416550	 44.856350	-94.007120	-3.488711	-1.009424	 26.169890	-4.368421	-12.255820	-10.565670	-3.673298	 46.569840	 2.468510	-1.144340	 48.914250	 2.588364	 0.868154	-47.636760	 0.749697	 2.106439	 38.430540	-0.222089	 3.166065	 28.163560	 2.781141	 4.739407	-64.392590	 41.137760	 21.208050	 18.245110	-6.601453	 19.275470	 23.039450	-5.791546	 19.266470	-77.752310	 20.169680	 11.394090	 27.527440	-3.744868	 9.446291	 27.624120	-0.514633	 10.312840	-64.586810	-48.814800	-10.187590	 5.918973	 12.033810	-0.532283	 0.105311	-14.925260	-0.208670	 3.223847	 0.000000	 90.000000	 0.000000	 173.445900	 7.636935	 170.550300	-173.513600	-12.992080	-31.257340
-0.025210	-0.070305	-0.022583	-172.915000	 5.691904	-89.771040	-6.272549	-1.357422	-4.672899	-5.927645	-4.287567	-4.317549	 0.699969	-2.976547	 110.880400	-0.813313	 0.122417	-8.559153	-26.603280	-17.444050	 31.107860	-55.124230	 27.074240	 3.475070	-1.414309	 26.414270	-34.142990	-11.596100	-4.604316	 13.516550	 2.499269	-1.127414	 9.056898	 3.233576	-0.436590	-76.012560	 3.320092	 3.024467	 15.370760	-0.263907	 3.150363	 13.114240	 2.861501	 4.496380	-68.002510	 37.734450	 19.895500	 16.594790	-6.761357	 19.224220	 14.124760	-5.610365	 19.244180	-68.830150	 18.549280	 10.442740	 22.990770	-3.865245	 9.401786	 13.271620	-0.481647	 10.086340	-69.853650	-51.524940	-11.743960	-4.790109	 17.188830	-0.542083	 0.149217	 14.789960	-0.368235	 3.437935	 0.604144	 1.646418	 90.209270	-89.478580	-2.431293	-75.139100	 179.146700	 4.081774	 105.403500	-0.813313	 0.122417	-8.559153	 12.333820	 21.210170	 44.083500	-100.640200	-5.257290	-0.701370	 28.093430	-6.198023	-11.383230	-10.452960	-3.573972	 46.604160	 2.468451	-1.144406	 49.012910	 2.602901	 0.851004	-48.070680	 1.019445	 2.302215	 38.036730	-0.224452	 3.164823	 27.266130	 2.812235	 4.651371	-65.709030	 41.351860	 21.272560	 17.395590	-6.618024	 19.269010	 22.094170	-5.825632	 19.273660	-79.458690	 20.237620	 11.418040	 26.758860	-3.752310	 9.442558	 26.698980	-0.506112	 10.265750	-65.689560	-48.218300	-10.074190	 6.071702	 11.155670	-0.530206	 0.097926	-16.169210	-0.199744	 3.216915	 0.000000	 90.000000	 0.000000	 173.187300	 8.064093	 170.258000	-173.594000	-13.902310	-33.220490
-0.026521	-0.077760	-0.014355	-172.115400	 6.244462	-89.879870	-6.928106	-1.433230	-5.129197	-6.564486	-4.612525	-4.742264	 1.036705	-4.285094	 110.571300	-0.813313	 0.122417	-8.559153	-25.582430	-17.162410	 30.535030	-55.849410	 26.501620	 2.971918	-1.222318	 26.274080	-37.341360	-11.589450	-4.602840	 11.565710	 2.501302	-1.127131	 6.772194	 3.254094	-0.541196	-78.069210	 3.657538	 3.110211	 13.611300	-0.269706	 3.149120	 11.121460	 2.887504	 4.404565	-69.347670	 37.621640	 19.864990	 15.678110	-6.791506	 19.217490	 12.491290	-5.629735	 19.245190	-69.778640	 18.557420	 10.446120	 22.033320	-3.881960	 9.398188	 11.369870	-0.476565	 10.025780	-71.252660	-51.570050	-11.895040	-6.207485	 16.597940	-0.541134	 0.144142	 14.789960	-0.368235	 3.437935	 0.669618	 1.592732	 90.234470	-89.580440	-2.586516	-74.516120	 179.237100	 3.757649	 104.976300	-0.813313	 0.122417	-8.559153	 12.049350	 20.105400	 42.911020	-108.516300	-7.515759	-0.544288	 30.907840	-8.428838	-10.026070	-10.641740	-3.699877	 49.053410	 2.466624	-1.146594	 52.188190	 2.534556	 0.929422	-46.062910	 0.984793	 2.301708	 39.419880	-0.225825	 3.164121	 26.747920	 2.830341	 4.596897	-66.518330	 41.698900	 21.386830	 16.682430	-6.629407	 19.264760	 21.448670	-5.870448	 19.284650	-81.721280	 20.424770	 11.516080	 26.335670	-3.756107	 9.440712	 26.229850	-0.500488	 10.231360	-66.492610	-47.123060	-9.798599	 6.775911	 10.273140	-0.528011	 0.090537	-16.646480	-0.196280	 3.214307	 0.000000	 90.000000	 0.000000	 172.886300	 8.549271	 169.869500	-173.764700	-15.005080	-35.613010
-0.027402	-0.085262	-0.007559	-171.408600	 6.723997	-89.996800	-7.502565	-1.487869	-5.524071	-7.124043	-4.873210	-5.111932	 1.320205	-5.407807	 110.314400	-0.813313	 0.122417	-8.559153	-24.776240	-16.996260	 30.012300	-56.361660	 26.019870	 2.528022	-1.057464	 26.142100	-40.082210	-11.583770	-4.601768	 9.913185	 2.503033	-1.126955	 4.836836	 3.268528	-0.630335	-79.811380	 3.943936	 3.174109	 12.120790	-0.274649	 3.148226	 9.433410	 2.907832	 4.326333	-70.486950	 37.526000	 19.840580	 14.901580	-6.817195	 19.212420	 11.107620	-5.646120	 19.246280	-70.581720	 18.564400	 10.448900	 21.222250	-3.896209	 9.395563	 9.758911	-0.473437	 9.974401	-72.437550	-51.611190	-12.022130	-7.408822	 16.097400	-0.540303	 0.139850	 14.789960	-0.368235	 3.437935	 0.727452	 1.525439	 90.256990	-89.678970	-2.722549	-73.992820	 179.308900	 3.491613	 104.634300	-0.813313	 0.122417	-8.559153	 11.643910	 18.591800	 41.829400	-114.894100	-9.403235	-0.583983	 33.546380	-10.239110	-8.611557	-10.616720	-3.660115	 50.048540	 2.465934	-1.147489	 53.447950	 2.515808	 0.949992	-45.525720	 1.004859	 2.323203	 39.744060	-0.227230	 3.163421	 26.220130	 2.854341	 4.520366	-67.649010	 42.138050	 21.526520	 15.840130	-6.642449	 19.260050	 20.712270	-5.909948	 19.295850	-83.736340	 20.682370	 11.650830	 25.861870	-3.760212	 9.438759	 25.724860	-0.494285	 10.189260	-67.473110	-45.257230	-9.134383	 8.942331	 10.008000	-0.527322	 0.088326	-14.275130	-0.213274	 3.227548	 0.000000	 90.000000	 0.000000	 172.642600	 8.940830	 169.493600	-174.124400	-15.917520	-38.402120
-0.027707	-0.087624	-0.006145	-171.203200	 6.879776	-90.056530	-7.676881	-1.475566	-5.628535	-7.288238	-4.876430	-5.212795	 1.378064	-5.637980	 110.271800	-0.813313	 0.122417	-8.559153	-24.835960	-17.187660	 29.796140	-56.189910	 25.896490	 2.411865	-0.991557	 26.079430	-40.603440	-11.582920	-4.601621	 9.666660	 2.503291	-1.126934	 4.548135	 3.270450	-0.643668	-80.071260	 3.987104	 3.183137	 11.898430	-0.275389	 3.148105	 9.181604	 2.910729	 4.314635	-70.656810	 37.512600	 19.837370	 14.785450	-6.821038	 19.211720	 10.901230	-5.648518	 19.246450	-70.699460	 18.566010	 10.449600	 21.101150	-3.898340	 9.395206	 9.518596	-0.473063	 9.966733	-72.614270	-51.617550	-12.041010	-7.588076	 16.022730	-0.540169	 0.139211	 14.789960	-0.368235	 3.437935	 0.748242	 1.331800	 90.266590	-89.810550	-2.720526	-74.103520	 179.304500	 3.510437	 104.645800	-0.813313	 0.122417	-8.559153	 11.195610	 16.272410	 41.052450	-115.044100	-9.436493	-1.342613	 34.048480	-10.556010	-8.275088	-10.718700	-3.745876	 50.637330	 2.465542	-1.148015	 54.178760	 2.496612	 0.970659	-44.981270	 1.008178	 2.332605	 40.104430	-0.227521	 3.163277	 26.111000	 2.863287	 4.490396	-68.089880	 42.518710	 21.655250	 15.513180	-6.646589	 19.258590	 20.479320	-5.921705	 19.299460	-84.340480	 20.890480	 11.764330	 25.721360	-3.761302	 9.438250	 25.591080	-0.492388	 10.175250	-67.798800	-42.522710	-7.771638	 13.372570	 11.142680	-0.530181	 0.097817	-6.516174	-0.264828	 3.275570	 0.000000	 90.000000	 0.000000	 172.651700	 8.926797	 169.308400	-174.207200	-16.081730	-38.860840
-0.027990	-0.089144	-0.005539	-171.049500	 6.987692	-90.115320	-7.800476	-1.446921	-5.690927	-7.400117	-4.822226	-5.277721	 1.402947	-5.735463	 110.265600	-0.813313	 0.122417	-8.559153	-25.145500	-17.539280	 29.587640	-55.724290	 25.826680	 2.339939	-1.157971	 26.080390	-40.678540	-11.582920	-4.601621	 9.666660	 2.503291	-1.126934	 4.548135	 3.270450	-0.643668	-80.071260	 3.987702	 3.183398	 11.898390	-0.275389	 3.148105	 9.181604	 2.910726	 4.314644	-70.656660	 37.513830	 19.837820	 14.785030	-6.821038	 19.211720	 10.901230	-5.648459	 19.246450	-70.696580	 18.566790	 10.450000	 21.100990	-3.898340	 9.395206	 9.518596	-0.473063	 9.966733	-72.614270	-51.617550	-12.041010	-7.588076	 16.022730	-0.540169	 0.139211	 14.789960	-0.368235	 3.437935	 0.765421	 1.058250	 90.275410	-89.973020	-2.701355	-74.319520	 179.285000	 3.584143	 104.735400	-0.813313	 0.122417	-8.559153	 10.714840	 13.379880	 40.056160	-113.686200	-9.024127	-2.433599	 33.868560	-10.528410	-8.142973	-10.779530	-3.802787	 50.656090	 2.465553	-1.148001	 54.159130	 2.496250	 0.971045	-44.971070	 1.040561	 2.357307	 40.082170	-0.227808	 3.163137	 26.003590	 2.869118	 4.470398	-68.383540	 42.974990	 21.812770	 15.293330	-6.650464	 19.257240	 20.261580	-5.930450	 19.302230	-84.791150	 21.144590	 11.903420	 25.597380	-3.762580	 9.437652	 25.434420	-0.491504	 10.168520	-67.955220	-38.693230	-4.912625	 21.725230	 13.655690	-0.535811	 0.119026	 7.698633	-0.340633	 3.379753	 0.000000	 90.000000	 0.000000	 172.707800	 8.831184	 169.117100	-174.200400	-16.131570	-38.744240
-0.028230	-0.090589	-0.004967	-170.879200	 7.094272	-90.175300	-7.911526	-1.420213	-5.745385	-7.500590	-4.771954	-5.337254	 1.427684	-5.832274	 110.260300	-0.813313	 0.122417	-8.559153	-25.471210	-17.895020	 29.384230	-55.215520	 25.765850	 2.273467	-1.454738	 26.120870	-40.695710	-11.582920	-4.601621	 9.666660	 2.503291	-1.126934	 4.548135	 3.270450	-0.643668	-80.071260	 3.988223	 3.183626	 11.898360	-0.275389	 3.148105	 9.181604	 2.910725	 4.314653	-70.656540	 37.514880	 19.838210	 14.784670	-6.821038	 19.211720	 10.901230	-5.648406	 19.246450	-70.693950	 18.567470	 10.450350	 21.100860	-3.898340	 9.395206	 9.518596	-0.473063	 9.966733	-72.614270	-51.617550	-12.041010	-7.588076	 16.022730	-0.540169	 0.139211	 14.789960	-0.368235	 3.437935	 0.781161	 0.798386	 90.283450	-90.141540	-2.701351	-74.488910	 179.268800	 3.640812	 104.827300	-0.813313	 0.122417	-8.559153	 10.165640	 10.614870	 38.966460	-112.037700	-8.655121	-3.439734	 33.607020	-10.423210	-8.021491	-10.791420	-3.815220	 50.568640	 2.465634	-1.147891	 54.006740	 2.499922	 0.967123	-45.074780	 1.107117	 2.406914	 39.982510	-0.228102	 3.162994	 25.893670	 2.877414	 4.441257	-68.810590	 43.474300	 21.982560	 15.045240	-6.653211	 19.256290	 20.107390	-5.941865	 19.305950	-85.381240	 21.426890	 12.055450	 25.412230	-3.763815	 9.437081	 25.283140	-0.490309	 10.159170	-68.172480	-37.131070	-3.371059	 25.732160	 14.902940	-0.538273	 0.129640	 14.313770	-0.366618	 3.433924	 0.000000	 90.000000	 0.000000	 172.748500	 8.737260	 168.940700	-174.198400	-16.187610	-38.641450
-0.028403	-0.092024	-0.004399	-170.689000	 7.202133	-90.239170	-8.020054	-1.393085	-5.796865	-7.598761	-4.721319	-5.396512	 1.453657	-5.933860	 110.255300	-0.813313	 0.122417	-8.559153	-25.818700	-18.265240	 29.172690	-54.669770	 25.706760	 2.207830	-1.705234	 26.150290	-40.738480	-11.582920	-4.601621	 9.666660	 2.503291	-1.126934	 4.548135	 3.270450	-0.643668	-80.071260	 3.988724	 3.183845	 11.898330	-0.275389	 3.148105	 9.181604	 2.910722	 4.314661	-70.656430	 37.515950	 19.838590	 14.784310	-6.821038	 19.211720	 10.901230	-5.648353	 19.246440	-70.691320	 18.568120	 10.450680	 21.100740	-3.898340	 9.395206	 9.518596	-0.473063	 9.966733	-72.614270	-51.617550	-12.041010	-7.588076	 16.022730	-0.540169	 0.139211	 14.789960	-0.368235	 3.437935	 0.796860	 0.535491	 90.291490	-90.320390	-2.714724	-74.655300	 179.254500	 3.686536	 104.923400	-0.813313	 0.122417	-8.559153	 9.485724	 7.877465	 37.983190	-110.278200	-8.320989	-4.416399	 33.618110	-10.253500	-7.854954	-10.784740	-3.808841	 50.576590	 2.465649	-1.147870	 53.978160	 2.499931	 0.967114	-45.075020	 1.182635	 2.464843	 39.956410	-0.228444	 3.162828	 25.766140	 2.885924	 4.410473	-69.260780	 44.090820	 22.188880	 14.738900	-6.655294	 19.255580	 19.990620	-5.953405	 19.309850	-85.980070	 21.775290	 12.240770	 25.167060	-3.765173	 9.436457	 25.117160	-0.488815	 10.147050	-68.453760	-37.203570	-3.305785	 26.077490	 15.026800	-0.538493	 0.130696	 14.245830	-0.366381	 3.433354	 0.000000	 90.000000	 0.000000	 172.781000	 8.640350	 168.771300	-174.199500	-16.250110	-38.542600
-0.028556	-0.093785	-0.003752	-170.438000	 7.329395	-90.320820	-8.151356	-1.358735	-5.856506	-7.717463	-4.657708	-5.469674	 1.487084	-6.064550	 110.249500	-0.813313	 0.122417	-8.559153	-26.261580	-18.727400	 28.902000	-53.983890	 25.634340	 2.128557	-2.122497	 26.216130	-40.751600	-11.582920	-4.601621	 9.666660	 2.503291	-1.126934	 4.548135	 3.270450	-0.643668	-80.071260	 3.989321	 3.184106	 11.898300	-0.275389	 3.148105	 9.181604	 2.910719	 4.314672	-70.656260	 37.517170	 19.839040	 14.783890	-6.821038	 19.211720	 10.901230	-5.648287	 19.246440	-70.688090	 18.568920	 10.451080	 21.100580	-3.898340	 9.395206	 9.518596	-0.473063	 9.966733	-72.614270	-51.617550	-12.041010	-7.588076	 16.022730	-0.540169	 0.139211	 14.789960	-0.368235	 3.437935	 0.816315	 0.210129	 90.301380	-90.547450	-2.745747	-74.885350	 179.242900	 3.713491	 105.043100	-0.813313	 0.122417	-8.559153	 8.389420	 4.423413	 36.450350	-108.249900	-7.978018	-5.478436	 34.102270	-9.980417	-7.598022	-10.772490	-3.797365	 50.574380	 2.465680	-1.147828	 53.919430	 2.500126	 0.966904	-45.080560	 1.258825	 2.522818	 39.911720	-0.229164	 3.162483	 25.497580	 2.894005	 4.380329	-69.700660	 44.560440	 22.341090	 14.457030	-6.659468	 19.254170	 19.756740	-5.964376	 19.313670	-86.551440	 22.040730	 12.375490	 24.852440	-3.767895	 9.435219	 24.785090	-0.486665	 10.128660	-68.880180	-36.814130	-2.796563	 27.440010	 15.471120	-0.539308	 0.134492	 16.387630	-0.373456	 3.451483	 0.000000	 90.000000	 0.000000	 172.816000	 8.518229	 168.578400	-174.203900	-16.332800	-38.424980
-0.028662	-0.095229	-0.003276	-170.223000	 7.424712	-90.389100	-8.257768	-1.329479	-5.902396	-7.813614	-4.604063	-5.530172	 1.515543	-6.175780	 110.245000	-0.813313	 0.122417	-8.559153	-26.627000	-19.102600	 28.672410	-53.435100	 25.573980	 2.065257	-2.515027	 26.283530	-40.745730	-11.582920	-4.601621	 9.666660	 2.503291	-1.126934	 4.548135	 3.270450	-0.643668	-80.071260	 3.989822	 3.184325	 11.898270	-0.275389	 3.148105	 9.181604	 2.910717	 4.314682	-70.656110	 37.518170	 19.839410	 14.783550	-6.821038	 19.211720	 10.901230	-5.648232	 19.246440	-70.685400	 18.569540	 10.451410	 21.100460	-3.898340	 9.395206	 9.518596	-0.473063	 9.966733	-72.614270	-51.617550	-12.041010	-7.588076	 16.022730	-0.540169	 0.139211	 14.789960	-0.368235	 3.437935	 0.832522	-0.056389	 90.309590	-90.734400	-2.780944	-75.114040	 179.239200	 3.707793	 105.139300	-0.813313	 0.122417	-8.559153	 7.199281	 1.505648	 34.760160	-106.565100	-7.784249	-6.190937	 34.653690	-9.712453	-7.326256	-10.774750	-3.799670	 50.561840	 2.465716	-1.147780	 53.853470	 2.500475	 0.966531	-45.090420	 1.364715	 2.603550	 39.862830	-0.229958	 3.162106	 25.202310	 2.904762	 4.338670	-70.307040	 45.323570	 22.587250	 14.070940	-6.663992	 19.252670	 19.503810	-5.978961	 19.318920	-87.314090	 22.468230	 12.595980	 24.512910	-3.770832	 9.433908	 24.427750	-0.484717	 10.110850	-69.293130	-36.746490	-2.698756	 27.705380	 15.567730	-0.539482	 0.135318	 16.805420	-0.374756	 3.455051	 0.000000	 90.000000	 0.000000	 172.840900	 8.417869	 168.438000	-174.209400	-16.403440	-38.331120
-0.028800	-0.097059	-0.002719	-169.940000	 7.529058	-90.477200	-8.394135	-1.289850	-5.957476	-7.936718	-4.532168	-5.609389	 1.553534	-6.324248	 110.239300	-0.813313	 0.122417	-8.559153	-27.087940	-19.569630	 28.367190	-52.778800	 25.493360	 1.986305	-3.037063	 26.374250	-40.737220	-11.582920	-4.601621	 9.666660	 2.503291	-1.126934	 4.548135	 3.270450	-0.643668	-80.071260	 3.990439	 3.184595	 11.898230	-0.275389	 3.148105	 9.181604	 2.910715	 4.314692	-70.655970	 37.519450	 19.839870	 14.783110	-6.821038	 19.211720	 10.901230	-5.648160	 19.246430	-70.681820	 18.570350	 10.451820	 21.100300	-3.898340	 9.395206	 9.518596	-0.473063	 9.966733	-72.614270	-51.617550	-12.041010	-7.588076	 16.022730	-0.540169	 0.139211	 14.789960	-0.368235	 3.437935	 0.853939	-0.397520	 90.320420	-90.969440	-2.837326	-75.455480	 179.244500	 3.654732	 105.256600	-0.813313	 0.122417	-8.559153	 5.301847	-2.352830	 32.129310	-103.835200	-7.695831	-7.019655	 35.273930	-9.303731	-6.817034	-10.794570	-3.818683	 50.533420	 2.465772	-1.147705	 53.748970	 2.501143	 0.965816	-45.109300	 1.392289	 2.623187	 39.794030	-0.230986	 3.161625	 24.820690	 2.907438	 4.328016	-70.461870	 45.520370	 22.643570	 13.866820	-6.669803	 19.250750	 19.179380	-5.982649	 19.320290	-87.507670	 22.579220	 12.642120	 24.194790	-3.774596	 9.432256	 23.971230	-0.482486	 10.088790	-69.803970	-36.537100	-2.410479	 28.462430	 15.828010	-0.539934	 0.137544	 18.045410	-0.378462	 3.465689	 0.000000	 90.000000	 0.000000	 172.868700	 8.290919	 168.284100	-174.218200	-16.495910	-38.212560
-0.028855	-0.098527	-0.002231	-169.715200	 7.618811	-90.552660	-8.502720	-1.255908	-6.003017	-8.034537	-4.472058	-5.673867	 1.584803	-6.446431	 110.234800	-0.813313	 0.122417	-8.559153	-27.436290	-19.919040	 28.117510	-52.323880	 25.423060	 1.926057	-3.428711	 26.436830	-40.745570	-11.582920	-4.601621	 9.666660	 2.503291	-1.126934	 4.548135	 3.270450	-0.643668	-80.071260	 3.990922	 3.184805	 11.898200	-0.275389	 3.148105	 9.181604	 2.910712	 4.314703	-70.655810	 37.520440	 19.840240	 14.782770	-6.821038	 19.211720	 10.901230	-5.648101	 19.246420	-70.678880	 18.570980	 10.452150	 21.100180	-3.898340	 9.395206	 9.518596	-0.473063	 9.966733	-72.614270	-51.617550	-12.041010	-7.588076	 16.022730	-0.540169	 0.139211	 14.789960	-0.368235	 3.437935	 0.871561	-0.665427	 90.329280	-91.145910	-2.890648	-75.747770	 179.260700	 3.558168	 105.341200	-0.813313	 0.122417	-8.559153	 3.617337	-5.296371	 30.342170	-101.293800	-7.547723	-7.665875	 35.254870	-8.821924	-6.504624	-10.806260	-3.830086	 50.503260	 2.465824	-1.147635	 53.652420	 2.501837	 0.965073	-45.128930	 1.476365	 2.686411	 39.728550	-0.231568	 3.161357	 24.605360	 2.915602	 4.294718	-70.945020	 46.134300	 22.833490	 13.520610	-6.673065	 19.249700	 18.997500	-5.993789	 19.324490	-88.093810	 22.918030	 12.814590	 23.957640	-3.776704	 9.431347	 23.716340	-0.481349	 10.076690	-70.083780	-36.382920	-2.193069	 29.027730	 16.022460	-0.540274	 0.139210	 18.974200	-0.381083	 3.473713	 0.000000	 90.000000	 0.000000	 172.888400	 8.194329	 168.178400	-174.226200	-16.569000	-38.119680
-0.028907	-0.100133	-0.001654	-169.492600	 7.740237	-90.640240	-8.613540	-1.218142	-6.057880	-8.134043	-4.407757	-5.741003	 1.617466	-6.574062	 110.230300	-0.813313	 0.122417	-8.559153	-27.761700	-20.243670	 27.859080	-51.951640	 25.341430	 1.867790	-3.767992	 26.478270	-40.783770	-11.582920	-4.601621	 9.666660	 2.503291	-1.126934	 4.548135	 3.270450	-0.643668	-80.071260	 3.991422	 3.185024	 11.898170	-0.275389	 3.148105	 9.181604	 2.910709	 4.314716	-70.655630	 37.521460	 19.840610	 14.782420	-6.821038	 19.211720	 10.901230	-5.648037	 19.246420	-70.675760	 18.571630	 10.452480	 21.100060	-3.898340	 9.395206	 9.518596	-0.473063	 9.966733	-72.614270	-51.617550	-12.041010	-7.588076	 16.022730	-0.540169	 0.139211	 14.789960	-0.368235	 3.437935	 0.890103	-0.929277	 90.338550	-91.306410	-2.952205	-76.047040	 179.292500	 3.392586	 105.406600	-0.813313	 0.122417	-8.559153	 1.740680	-8.207497	 28.696820	-98.463770	-7.274644	-8.285909	 34.767010	-8.165317	-6.327177	-10.814630	-3.838448	 50.466520	 2.465882	-1.147558	 53.543970	 2.502680	 0.964168	-45.152790	 1.559592	 2.748646	 39.656180	-0.231991	 3.161164	 24.449030	 2.922813	 4.264244	-71.386340	 46.743340	 23.017430	 13.169160	-6.675413	 19.248940	 18.866750	-6.004763	 19.328750	-88.673600	 23.218030	 12.967430	 23.779110	-3.778211	 9.430703	 23.534190	-0.480594	 10.068300	-70.277850	-36.240760	-1.988276	 29.556250	 16.204570	-0.540580	 0.140770	 19.844000	-0.383429	 3.481262	 0.000000	 90.000000	 0.000000	 172.907900	 8.108155	 168.081800	-174.231900	-16.636670	-38.025600
-0.028964	-0.102065	-0.000929	-169.244100	 7.895392	-90.751020	-8.741672	-1.169959	-6.131672	-8.248638	-4.329059	-5.820586	 1.656019	-6.724716	 110.225000	-0.813313	 0.122417	-8.559153	-28.081930	-20.563540	 27.558650	-51.679020	 25.233930	 1.805354	-4.008397	 26.478790	-40.897320	-11.582920	-4.601621	 9.666660	 2.503291	-1.126934	 4.548135	 3.270450	-0.643668	-80.071260	 3.992000	 3.185277	 11.898140	-0.275389	 3.148105	 9.181604	 2.910706	 4.314729	-70.655460	 37.522640	 19.841040	 14.782020	-6.821038	 19.211720	 10.901230	-5.647957	 19.246420	-70.672000	 18.572370	 10.452850	 21.099910	-3.898340	 9.395206	 9.518596	-0.473063	 9.966733	-72.614270	-51.617550	-12.041010	-7.588076	 16.022730	-0.540169	 0.139211	 14.789960	-0.368235	 3.437935	 0.912340	-1.216852	 90.349620	-91.461900	-3.036614	-76.400480	 179.345500	 3.135416	 105.439400	-0.813313	 0.122417	-8.559153	-0.708762	-11.414690	 26.879090	-95.060720	-6.977088	-8.830025	 33.734550	-7.351833	-6.206285	-10.820620	-3.844740	 50.417450	 2.465955	-1.147461	 53.408650	 2.503815	 0.962950	-45.184930	 1.621827	 2.794160	 39.568670	-0.232332	 3.161009	 24.323260	 2.926886	 4.246553	-71.642170	 47.199570	 23.148980	 12.857060	-6.677269	 19.248350	 18.763370	-6.012827	 19.331960	-89.101090	 23.363650	 13.039820	 23.667310	-3.779392	 9.430202	 23.391790	-0.480057	 10.062100	-70.421310	-36.093590	-1.771710	 30.111080	 16.396080	-0.540900	 0.142413	 20.758670	-0.385761	 3.489238	 0.000000	 90.000000	 0.000000	 172.931500	 8.034199	 167.979600	-174.231300	-16.697760	-37.916630
-0.029026	-0.103700	-0.000332	-169.055200	 8.012389	-90.846140	-8.849757	-1.124961	-6.202597	-8.344953	-4.258261	-5.889616	 1.689078	-6.853933	 110.220500	-0.813313	 0.122417	-8.559153	-28.305090	-20.787690	 27.303690	-51.577440	 25.132410	 1.756297	-4.067088	 26.434810	-41.057820	-11.582920	-4.601621	 9.666660	 2.503291	-1.126934	 4.548135	 3.270450	-0.643668	-80.071260	 3.992463	 3.185479	 11.898110	-0.275389	 3.148105	 9.181604	 2.910703	 4.314739	-70.655290	 37.523640	 19.841400	 14.781680	-6.821038	 19.211720	 10.901230	-5.647887	 19.246410	-70.668640	 18.572990	 10.453180	 21.099790	-3.898340	 9.395206	 9.518596	-0.473063	 9.966733	-72.614270	-51.617550	-12.041010	-7.588076	 16.022730	-0.540169	 0.139211	 14.789960	-0.368235	 3.437935	 0.931974	-1.447585	 90.359380	-91.574020	-3.124425	-76.737430	 179.411700	 2.823997	 105.436200	-0.813313	 0.122417	-8.559153	-3.016363	-14.050780	 25.291550	-92.174250	-6.540623	-9.169996	 32.365270	-6.500397	-6.307613	-10.823250	-3.847843	 50.371260	 2.466020	-1.147375	 53.288360	 2.504900	 0.961784	-45.215660	 1.656218	 2.818468	 39.492360	-0.232554	 3.160909	 24.241100	 2.929228	 4.236215	-71.791560	 47.452380	 23.217840	 12.645890	-6.678457	 19.247970	 18.697320	-6.017169	 19.333720	-89.332010	 23.447960	 13.081650	 23.604160	-3.780137	 9.429889	 23.302110	-0.479751	 10.058480	-70.504940	-35.982530	-1.605093	 30.535210	 16.542720	-0.541142	 0.143669	 21.458970	-0.387466	 3.495369	 0.000000	 90.000000	 0.000000	 172.952600	 7.990283	 167.897000	-174.227500	-16.737290	-37.825530
-0.029119	-0.105287	 0.000228	-168.894300	 8.122988	-90.939380	-8.950630	-1.078684	-6.276192	-8.434489	-4.187765	-5.955947	 1.720271	-6.975889	 110.216100	-0.813313	 0.122417	-8.559153	-28.493000	-20.976090	 27.060740	-51.559420	 25.028880	 1.712396	-4.059266	 26.370900	-41.235870	-11.582920	-4.601621	 9.666660	 2.503291	-1.126934	 4.548135	 3.270450	-0.643668	-80.071260	 3.992927	 3.185683	 11.898090	-0.275389	 3.148105	 9.181604	 2.910700	 4.314751	-70.655120	 37.524560	 19.841740	 14.781360	-6.821038	 19.211720	 10.901230	-5.647823	 19.246410	-70.665340	 18.573580	 10.453480	 21.099680	-3.898340	 9.395206	 9.518596	-0.473063	 9.966733	-72.614270	-51.617550	-12.041010	-7.588076	 16.022730	-0.540169	 0.139211	 14.789960	-0.368235	 3.437935	 0.951179	-1.655425	 90.368850	-91.667970	-3.220658	-77.085980	 179.487600	 2.470395	 105.412200	-0.813313	 0.122417	-8.559153	-5.396028	-16.508010	 23.646970	-89.332130	-6.120023	-9.423593	 31.180560	-5.625035	-6.362159	-10.824260	-3.849429	 50.324670	 2.466083	-1.147292	 53.172930	 2.506015	 0.960585	-45.247280	 1.681503	 2.835832	 39.419830	-0.232763	 3.160814	 24.164090	 2.932555	 4.221307	-72.006810	 47.639160	 23.266550	 12.470320	-6.679560	 19.247630	 18.635990	-6.020291	 19.334990	-89.498230	 23.663510	 13.192180	 23.514570	-3.780823	 9.429601	 23.219390	-0.479481	 10.055250	-70.579570	-35.888970	-1.462531	 30.896330	 16.667730	-0.541335	 0.144743	 22.055940	-0.388861	 3.500613	 0.000000	 90.000000	 0.000000	 172.973700	 7.962082	 167.819100	-174.224000	-16.766280	-37.742230
-0.029296	-0.107336	 0.000961	-168.726900	 8.301364	-91.058690	-9.064511	-1.020348	-6.368496	-8.535122	-4.101785	-6.033523	 1.755740	-7.114625	 110.211000	-0.813313	 0.122417	-8.559153	-28.684960	-21.167980	 26.778590	-51.589560	 24.901620	 1.663494	-4.055814	 26.291190	-41.435230	-11.582920	-4.601621	 9.666660	 2.503291	-1.126934	 4.548135	 3.270450	-0.643668	-80.071260	 3.993427	 3.185901	 11.898050	-0.275389	 3.148105	 9.181604	 2.910696	 4.314767	-70.654880	 37.525620	 19.842130	 14.781000	-6.821038	 19.211720	 10.901230	-5.647742	 19.246400	-70.661380	 18.574230	 10.453810	 21.099550	-3.898340	 9.395206	 9.518596	-0.473063	 9.966733	-72.614270	-51.617550	-12.041010	-7.588076	 16.022730	-0.540169	 0.139211	 14.789960	-0.368235	 3.437935	 0.974193	-1.884309	 90.380200	-91.768260	-3.347047	-77.522010	 179.585100	 2.021107	 105.344100	-0.813313	 0.122417	-8.559153	-8.443502	-19.293190	 21.417480	-85.545300	-5.883343	-9.615975	 29.568020	-4.669457	-6.137451	-10.824460	-3.850386	 50.268720	 2.466155	-1.147198	 53.041350	 2.507396	 0.959097	-45.286460	 1.713356	 2.857888	 39.337260	-0.233077	 3.160674	 24.048720	 2.937579	 4.198268	-72.339080	 47.875180	 23.329230	 12.272690	-6.681229	 19.247100	 18.543230	-6.024219	 19.336610	-89.707590	 23.880220	 13.301370	 23.399800	-3.781871	 9.429164	 23.093440	-0.479063	 10.050130	-70.698040	-35.794520	-1.316430	 31.264690	 16.795400	-0.541546	 0.145839	 22.665540	-0.390231	 3.505982	 0.000000	 90.000000	 0.000000	 172.999400	 7.942045	 167.724600	-174.223900	-16.792390	-37.651660
-0.029451	-0.109203	 0.001601	-168.618400	 8.484989	-91.162110	-9.155735	-0.967783	-6.450291	-8.612629	-4.001207	-6.098042	 1.784153	-7.226156	 110.204900	-0.813313	 0.122417	-8.559153	-28.825990	-21.308290	 26.544270	-51.616720	 24.791130	 1.623628	-4.112748	 26.235080	-41.569140	-11.582920	-4.601621	 9.666660	 2.503291	-1.126934	 4.548135	 3.270450	-0.643668	-80.071260	 3.993832	 3.186077	 11.898030	-0.275389	 3.148105	 9.181604	 2.910693	 4.314778	-70.654720	 37.526450	 19.842430	 14.780720	-6.821038	 19.211720	 10.901230	-5.647670	 19.246390	-70.657930	 18.574760	 10.454080	 21.099450	-3.898340	 9.395206	 9.518596	-0.473063	 9.966733	-72.614270	-51.617550	-12.041010	-7.588076	 16.022730	-0.540169	 0.139211	 14.789960	-0.368235	 3.437935	 0.993925	-2.066002	 90.389880	-91.850300	-3.463317	-77.907850	 179.668100	 1.643632	 105.241200	-0.813313	 0.122417	-8.559153	-11.276020	-21.526600	 19.154290	-82.118200	-5.886155	-9.659407	 28.086150	-3.965096	-5.734670	-10.824570	-3.851130	 50.221810	 2.466211	-1.147124	 52.937340	 2.508597	 0.957801	-45.320570	 1.752118	 2.885640	 39.271390	-0.233461	 3.160502	 23.907090	 2.940351	 4.185275	-72.526290	 48.163050	 23.409430	 12.090550	-6.683312	 19.246450	 18.427500	-6.029093	 19.338640	-89.967830	 24.021920	 13.369630	 23.278610	-3.783190	 9.428616	 22.934670	-0.478522	 10.043270	-70.856430	-35.727160	-1.210930	 31.529640	 16.887350	-0.541697	 0.146629	 23.104560	-0.391175	 3.509856	 0.000000	 90.000000	 0.000000	 173.022000	 7.932448	 167.638700	-174.253400	-16.797750	-37.591720
-0.029538	-0.111196	 0.002283	-168.552300	 8.697968	-91.267520	-9.243955	-0.910492	-6.537201	-8.681869	-3.848287	-6.162884	 1.811365	-7.333859	 110.194800	-0.813313	 0.122417	-8.559153	-28.954430	-21.435180	 26.307750	-51.604890	 24.676060	 1.583134	-4.225650	 26.188040	-41.672950	-11.582920	-4.601621	 9.666660	 2.503291	-1.126934	 4.548135	 3.270450	-0.643668	-80.071260	 3.994236	 3.186254	 11.898000	-0.275389	 3.148105	 9.181604	 2.910691	 4.314793	-70.654530	 37.527270	 19.842730	 14.780430	-6.821038	 19.211720	 10.901230	-5.647597	 19.246380	-70.654320	 18.575270	 10.454340	 21.099350	-3.898340	 9.395206	 9.518596	-0.473063	 9.966733	-72.614270	-51.617550	-12.041010	-7.588076	 16.022730	-0.540169	 0.139211	 14.789960	-0.368235	 3.437935	 1.014556	-2.243390	 90.399990	-91.938200	-3.590334	-78.317360	 179.746600	 1.286747	 105.118700	-0.813313	 0.122417	-8.559153	-14.360180	-23.656300	 16.665290	-78.499500	-5.968488	-9.605456	 26.516390	-3.291402	-5.204065	-10.825410	-3.852557	 50.175170	 2.466262	-1.147059	 52.845270	 2.509848	 0.956452	-45.356080	 1.794850	 2.916569	 39.212700	-0.233908	 3.160306	 23.742980	 2.942526	 4.174926	-72.675290	 48.437360	 23.485930	 11.928270	-6.685743	 19.245690	 18.292470	-6.034843	 19.341070	-90.275670	 24.169090	 13.439260	 23.138770	-3.784743	 9.427979	 22.748410	-0.477905	 10.035200	-71.042970	-35.669090	-1.119029	 31.759690	 16.967280	-0.541818	 0.147316	 23.485990	-0.391974	 3.513230	 0.000000	 90.000000	 0.000000	 173.046000	 7.925827	 167.540600	-174.332000	-16.770830	-37.555970
-0.029535	-0.113420	 0.003105	-168.520900	 8.944054	-91.384300	-9.341355	-0.842031	-6.636653	-8.755004	-3.652366	-6.233579	 1.839375	-7.445768	 110.179600	-0.813313	 0.122417	-8.559153	-29.079380	-21.564430	 26.050290	-51.573250	 24.542840	 1.535058	-4.408454	 26.145740	-41.736790	-11.582920	-4.601621	 9.666660	 2.503291	-1.126934	 4.548135	 3.270450	-0.643668	-80.071260	 3.994641	 3.186431	 11.897990	-0.275389	 3.148105	 9.181604	 2.910686	 4.314808	-70.654290	 37.528140	 19.843050	 14.780140	-6.821038	 19.211720	 10.901230	-5.647513	 19.246380	-70.650170	 18.575810	 10.454620	 21.099250	-3.898340	 9.395206	 9.518596	-0.473063	 9.966733	-72.614270	-51.617550	-12.041010	-7.588076	 16.022730	-0.540169	 0.139211	 14.789960	-0.368235	 3.437935	 1.037983	-2.432523	 90.411450	-92.034310	-3.753358	-78.785820	 179.829500	 0.907298	 104.975700	-0.813313	 0.122417	-8.559153	-17.857320	-25.729840	 14.148920	-74.494420	-6.002044	-9.383986	 24.792930	-2.530138	-4.576232	-10.828180	-3.855808	 50.126540	 2.466304	-1.147005	 52.769200	 2.511240	 0.954946	-45.395660	 1.820155	 2.934462	 39.164970	-0.234256	 3.160152	 23.615170	 2.945085	 4.162577	-72.853000	 48.618970	 23.535480	 11.813130	-6.687636	 19.245110	 18.187650	-6.038980	 19.342840	-90.497300	 24.266270	 13.484560	 23.039890	-3.785950	 9.427487	 22.603680	-0.477482	 10.029400	-71.176750	-35.616870	-1.035637	 31.967930	 17.039670	-0.541932	 0.147938	 23.831470	-0.392683	 3.516289	 0.000000	 90.000000	 0.000000	 173.074300	 7.917892	 167.407400	-174.443800	-16.709060	-37.539560
-0.029492	-0.115345	 0.003798	-168.523100	 9.141459	-91.483250	-9.434649	-0.777121	-6.725252	-8.826661	-3.489644	-6.294266	 1.862249	-7.538007	 110.163500	-0.813313	 0.122417	-8.559153	-29.172840	-21.676890	 25.831480	-51.616260	 24.416690	 1.486501	-4.611425	 26.115080	-41.737270	-11.582920	-4.601621	 9.666660	 2.503291	-1.126934	 4.548135	 3.270450	-0.643668	-80.071260	 3.994987	 3.186582	 11.897960	-0.275389	 3.148105	 9.181604	 2.910681	 4.314822	-70.654060	 37.528840	 19.843300	 14.779900	-6.821038	 19.211720	 10.901230	-5.647436	 19.246380	-70.646450	 18.576240	 10.454840	 21.099160	-3.898340	 9.395206	 9.518596	-0.473063	 9.966733	-72.614270	-51.617550	-12.041010	-7.588076	 16.022730	-0.540169	 0.139211	 14.789960	-0.368235	 3.437935	 1.058973	-2.593149	 90.421700	-92.101870	-3.926415	-79.202960	 179.910800	 0.531169	 104.830100	-0.813313	 0.122417	-8.559153	-21.005170	-27.373700	 11.963830	-71.158160	-5.967762	-9.114234	 23.385740	-1.904452	-4.171680	-10.831470	-3.859392	 50.088320	 2.466329	-1.146972	 52.722840	 2.512441	 0.953646	-45.429820	 1.832515	 2.943028	 39.136260	-0.234451	 3.160068	 23.543740	 2.947229	 4.152072	-73.004030	 48.802940	 23.586730	 11.712920	-6.688685	 19.244790	 18.129430	-6.041076	 19.343740	-90.610080	 24.372010	 13.536420	 22.975450	-3.786622	 9.427215	 22.523180	-0.477273	 10.026470	-71.244430	-35.581390	-0.978603	 32.110070	 17.089140	-0.542005	 0.148362	 24.067500	-0.393151	 3.518381	 0.000000	 90.000000	 0.000000	 173.101400	 7.911892	 167.262000	-174.541900	-16.649180	-37.541790
-0.029447	-0.117217	 0.004454	-168.550400	 9.328887	-91.574530	-9.528062	-0.709985	-6.808341	-8.899255	-3.339466	-6.349445	 1.882405	-7.619922	 110.146600	-0.813313	 0.122417	-8.559153	-29.250180	-21.784190	 25.633450	-51.705420	 24.291990	 1.435636	-4.830279	 26.090920	-41.701510	-11.582920	-4.601621	 9.666660	 2.503291	-1.126934	 4.548135	 3.270450	-0.643668	-80.071260	 3.995276	 3.186708	 11.897950	-0.275389	 3.148105	 9.181604	 2.910679	 4.314837	-70.653880	 37.529420	 19.843520	 14.779700	-6.821038	 19.211720	 10.901230	-5.647365	 19.246370	-70.642870	 18.576620	 10.455030	 21.099090	-3.898340	 9.395206	 9.518596	-0.473063	 9.966733	-72.614270	-51.617550	-12.041010	-7.588076	 16.022730	-0.540169	 0.139211	 14.789960	-0.368235	 3.437935	 1.078979	-2.740320	 90.431470	-92.152980	-4.101320	-79.593620	 179.992400	 0.149203	 104.678700	-0.813313	 0.122417	-8.559153	-24.076690	-28.766320	 9.737362	-67.900000	-6.018415	-8.790689	 21.946830	-1.465795	-4.030591	-10.833410	-3.861609	 50.057940	 2.466345	-1.146952	 52.694450	 2.513524	 0.952471	-45.460660	 1.844638	 2.951739	 39.118630	-0.234558	 3.160020	 23.504270	 2.948327	 4.146651	-73.081990	 48.884720	 23.608840	 11.661980	-6.689260	 19.244610	 18.097590	-6.042185	 19.344220	-90.669630	 24.426530	 13.563050	 22.941440	-3.786989	 9.427066	 22.479030	-0.477164	 10.024940	-71.279890	-35.556700	-0.938712	 32.209330	 17.123720	-0.542064	 0.148661	 24.232340	-0.393472	 3.519844	 0.000000	 90.000000	 0.000000	 173.129000	 7.912464	 167.108200	-174.641000	-16.592740	-37.556390
-0.029372	-0.119737	 0.005399	-168.637400	 9.608334	-91.681850	-9.646309	-0.617630	-6.906485	-8.987294	-3.116621	-6.412373	 1.905213	-7.713242	 110.125100	-0.813313	 0.122417	-8.559153	-29.334750	-21.918750	 25.406460	-51.855770	 24.136470	 1.368145	-5.118565	 26.066620	-41.628460	-11.582920	-4.601621	 9.666660	 2.503291	-1.126934	 4.548135	 3.270450	-0.643668	-80.071260	 3.995586	 3.186844	 11.897930	-0.275389	 3.148105	 9.181604	 2.910675	 4.314853	-70.653630	 37.530060	 19.843750	 14.779480	-6.821038	 19.211720	 10.901230	-5.647276	 19.246360	-70.638500	 18.577010	 10.455240	 21.099010	-3.898340	 9.395206	 9.518596	-0.473063	 9.966733	-72.614270	-51.617550	-12.041010	-7.588076	 16.022730	-0.540169	 0.139211	 14.789960	-0.368235	 3.437935	 1.103351	-2.914110	 90.443340	-92.201740	-4.308922	-80.053860	-179.905800	-0.334074	 104.481300	-0.813313	 0.122417	-8.559153	-27.929600	-30.157750	 6.781004	-63.236110	-6.197947	-8.222100	 19.679200	-1.068773	-4.070206	-10.834370	-3.862881	 50.030420	 2.466355	-1.146939	 52.676300	 2.514742	 0.951149	-45.495360	 1.861396	 2.964165	 39.107150	-0.234619	 3.159994	 23.482080	 2.949014	 4.143232	-73.131130	 48.962670	 23.629860	 11.613610	-6.689574	 19.244510	 18.080120	-6.043016	 19.344580	-90.714360	 24.460740	 13.579560	 22.917390	-3.787193	 9.426983	 22.454670	-0.477084	 10.023790	-71.306370	-35.537730	-0.907923	 32.285860	 17.150440	-0.542100	 0.148890	 24.359570	-0.393723	 3.520973	 0.000000	 90.000000	 0.000000	 173.164000	 7.920459	 166.910900	-174.809200	-16.513100	-37.589070
-0.029265	-0.121935	 0.006291	-168.740200	 9.873454	-91.768800	-9.748610	-0.532364	-6.985239	-9.061786	-2.910358	-6.461398	 1.923193	-7.787150	 110.107000	-0.813313	 0.122417	-8.559153	-29.402350	-22.037840	 25.228280	-51.999670	 24.004630	 1.307237	-5.369111	 26.049370	-41.556990	-11.582920	-4.601621	 9.666660	 2.503291	-1.126934	 4.548135	 3.270450	-0.643668	-80.071260	 3.995779	 3.186929	 11.897920	-0.275389	 3.148105	 9.181604	 2.910671	 4.314868	-70.653400	 37.530500	 19.843910	 14.779330	-6.821038	 19.211720	 10.901230	-5.647200	 19.246360	-70.634800	 18.577280	 10.455380	 21.098970	-3.898340	 9.395206	 9.518596	-0.473063	 9.966733	-72.614270	-51.617550	-12.041010	-7.588076	 16.022730	-0.540169	 0.139211	 14.789960	-0.368235	 3.437935	 1.123737	-3.057116	 90.453290	-92.234200	-4.463227	-80.421430	-179.820600	-0.744262	 104.307800	-0.813313	 0.122417	-8.559153	-31.141360	-31.083760	 4.316840	-59.104000	-6.322648	-7.641234	 17.579510	-0.775340	-4.172264	-10.834110	-3.862820	 50.016640	 2.466357	-1.146935	 52.671510	 2.515656	 0.950157	-45.521400	 1.869116	 2.969961	 39.104250	-0.234637	 3.159987	 23.475710	 2.949525	 4.140683	-73.167760	 49.039340	 23.650760	 11.569240	-6.689657	 19.244490	 18.075480	-6.043807	 19.344920	-90.757130	 24.486350	 13.591700	 22.896270	-3.787249	 9.426961	 22.448060	-0.477006	 10.022680	-71.332120	-35.530450	-0.896088	 32.315250	 17.160770	-0.542119	 0.148978	 24.408520	-0.393818	 3.521408	 0.000000	 90.000000	 0.000000	 173.193800	 7.932470	 166.745500	-174.972700	-16.434370	-37.622560
-0.029106	-0.124157	 0.007247	-168.858300	 10.160000	-91.854870	-9.855091	-0.439285	-7.061210	-9.139174	-2.696009	-6.507664	 1.940733	-7.859365	 110.089300	-0.813313	 0.122417	-8.559153	-29.472500	-22.167600	 25.058440	-52.146650	 23.870490	 1.241596	-5.623532	 26.033850	-41.488250	-11.582920	-4.601621	 9.666660	 2.503291	-1.126934	 4.548135	 3.270450	-0.643668	-80.071260	 3.995971	 3.187012	 11.897900	-0.275389	 3.148105	 9.181604	 2.910667	 4.314885	-70.653170	 37.530860	 19.844040	 14.779200	-6.821038	 19.211720	 10.901230	-5.647124	 19.246350	-70.631040	 18.577510	 10.455490	 21.098920	-3.898340	 9.395206	 9.518596	-0.473063	 9.966733	-72.614270	-51.617550	-12.041010	-7.588076	 16.022730	-0.540169	 0.139211	 14.789960	-0.368235	 3.437935	 1.144465	-3.201910	 90.463390	-92.261910	-4.587613	-80.773550	-179.736300	-1.156749	 104.126500	-0.813313	 0.122417	-8.559153	-34.352720	-31.830310	 1.855829	-55.042350	-6.326446	-7.008284	 15.482610	-0.461226	-4.334630	-10.832930	-3.861816	 50.009900	 2.466356	-1.146937	 52.673180	 2.516468	 0.949274	-45.544550	 1.873693	 2.973487	 39.105500	-0.234647	 3.159982	 23.471780	 2.950100	 4.137798	-73.209210	 49.086760	 23.663270	 11.537470	-6.689706	 19.244470	 18.072700	-6.044735	 19.345330	-90.806780	 24.515520	 13.605480	 22.871660	-3.787282	 9.426948	 22.444080	-0.476914	 10.021340	-71.362900	-35.530500	-0.896166	 32.315060	 17.160810	-0.542122	 0.148979	 24.408350	-0.393816	 3.521405	 0.000000	 90.000000	 0.000000	 173.224000	 7.948892	 166.584900	-175.137500	-16.331410	-37.654620
-0.028862	-0.126651	 0.008399	-168.994300	 10.497850	-91.952490	-9.980686	-0.324780	-7.142848	-9.232034	-2.458977	-6.556474	 1.960466	-7.940450	 110.070400	-0.813313	 0.122417	-8.559153	-29.560830	-22.332030	 24.876550	-52.297840	 23.717070	 1.161612	-5.906518	 26.017270	-41.430300	-11.582920	-4.601621	 9.666660	 2.503291	-1.126934	 4.548135	 3.270450	-0.643668	-80.071260	 3.996126	 3.187080	 11.897890	-0.275389	 3.148105	 9.181604	 2.910663	 4.314903	-70.652910	 37.531200	 19.844160	 14.779090	-6.821038	 19.211720	 10.901230	-5.647035	 19.246350	-70.626690	 18.577690	 10.455590	 21.098880	-3.898340	 9.395206	 9.518596	-0.473063	 9.966733	-72.614270	-51.617550	-12.041010	-7.588076	 16.022730	-0.540169	 0.139211	 14.789960	-0.368235	 3.437935	 1.168426	-3.370774	 90.475040	-92.282760	-4.840224	-81.154360	-179.643800	-1.616416	 103.913800	-0.813313	 0.122417	-8.559153	-38.358470	-32.680410	-0.995572	-50.022960	-6.178523	-6.221352	 12.967740	-0.013046	-4.710160	-10.830490	-3.859594	 50.006280	 2.466353	-1.146941	 52.679430	 2.517236	 0.948439	-45.566450	 1.878438	 2.977227	 39.109470	-0.234680	 3.159968	 23.459620	 2.950445	 4.136064	-73.234130	 49.113370	 23.670170	 11.518550	-6.689885	 19.244420	 18.062920	-6.045303	 19.345570	-90.837220	 24.533170	 13.613770	 22.856100	-3.787396	 9.426902	 22.430530	-0.476858	 10.020490	-71.382580	-35.539210	-0.910340	 32.279850	 17.148680	-0.542093	 0.148875	 24.349980	-0.393701	 3.520887	 0.000000	 90.000000	 0.000000	 173.256800	 7.971868	 166.431200	-175.307000	-16.198510	-37.640900
-0.028627	-0.128730	 0.009456	-169.099100	 10.792080	-92.039520	-10.094660	-0.217326	-7.209167	-9.319375	-2.272195	-6.595658	 1.977950	-8.011889	 110.055900	-0.813313	 0.122417	-8.559153	-29.651390	-22.495170	 24.727280	-52.397950	 23.582850	 1.086984	-6.139347	 26.002980	-41.413350	-11.582920	-4.601621	 9.666660	 2.503291	-1.126934	 4.548135	 3.270450	-0.643668	-80.071260	 3.996203	 3.187113	 11.897890	-0.275389	 3.148105	 9.181604	 2.910659	 4.314919	-70.652670	 37.531390	 19.844230	 14.779030	-6.821038	 19.211720	 10.901230	-5.646956	 19.246340	-70.622760	 18.577810	 10.455640	 21.098860	-3.898340	 9.395206	 9.518596	-0.473063	 9.966733	-72.614270	-51.617550	-12.041010	-7.588076	 16.022730	-0.540169	 0.139211	 14.789960	-0.368235	 3.437935	 1.189848	-3.525048	 90.485490	-92.288810	-5.297626	-81.471510	-179.567900	-2.000809	 103.723600	-0.813313	 0.122417	-8.559153	-42.144060	-33.414570	-3.544109	-45.120660	-5.885529	-5.482232	 10.606430	 0.521410	-5.140957	-10.827430	-3.856747	 50.006570	 2.466350	-1.146945	 52.685420	 2.517745	 0.947884	-45.580970	 1.882180	 2.980195	 39.113220	-0.234719	 3.159951	 23.445660	 2.950535	 4.135611	-73.240620	 49.121090	 23.672210	 11.513500	-6.690092	 19.244360	 18.051390	-6.045460	 19.345650	-90.845760	 24.537870	 13.616000	 22.852400	-3.787528	 9.426848	 22.414670	-0.476844	 10.020300	-71.386780	-35.554290	-0.934818	 32.219020	 17.127640	-0.542064	 0.148694	 24.249100	-0.393501	 3.519991	 0.000000	 90.000000	 0.000000	 173.283400	 7.995251	 166.331800	-175.424100	-16.080770	-37.546030
-0.028481	-0.130673	 0.010619	-169.222400	 11.037530	-92.108960	-10.203980	-0.112030	-7.261657	-9.403857	-2.100207	-6.628558	 1.994574	-8.079974	 110.041700	-0.813313	 0.122417	-8.559153	-29.756840	-22.666170	 24.576310	-52.408380	 23.459100	 1.013139	-6.334185	 25.989560	-41.445770	-11.582920	-4.601621	 9.666660	 2.503291	-1.126934	 4.548135	 3.270450	-0.643668	-80.071260	 3.996242	 3.187130	 11.897890	-0.275389	 3.148105	 9.181604	 2.910654	 4.314935	-70.652430	 37.531480	 19.844270	 14.779000	-6.821038	 19.211720	 10.901230	-5.646881	 19.246340	-70.619030	 18.577840	 10.455660	 21.098850	-3.898340	 9.395206	 9.518596	-0.473063	 9.966733	-72.614270	-51.617550	-12.041010	-7.588076	 16.022730	-0.540169	 0.139211	 14.789960	-0.368235	 3.437935	 1.210196	-3.676317	 90.495380	-92.297540	-5.768120	-81.821880	-179.468200	-2.513233	 103.547000	-0.813313	 0.122417	-8.559153	-45.907850	-33.939710	-5.966620	-36.874090	-5.702102	-4.338592	 6.551672	 1.102276	-5.510233	-10.823850	-3.853379	 50.009700	 2.466348	-1.146947	 52.688370	 2.518056	 0.947547	-45.589820	 1.882292	 2.980339	 39.115140	-0.234722	 3.159950	 23.444230	 2.950495	 4.135810	-73.237770	 49.122590	 23.672860	 11.515320	-6.690114	 19.244350	 18.050170	-6.045409	 19.345620	-90.843030	 24.535960	 13.615260	 22.856390	-3.787541	 9.426843	 22.413080	-0.476863	 10.020590	-71.380200	-35.574570	-0.967580	 32.137530	 17.099430	-0.542023	 0.148452	 24.113910	-0.393248	 3.518793	 0.000000	 90.000000	 0.000000	 173.308200	 8.020272	 166.249100	-175.572800	-15.941100	-37.432930
-0.027588	-0.133044	 0.011632	-169.368100	 11.293640	-92.183610	-10.336790	 0.017384	-7.303972	-9.501107	-1.847328	-6.661891	 2.014658	-8.163841	 110.017900	-0.813313	 0.122417	-8.559153	-29.925370	-22.894970	 24.339200	-52.258500	 23.316010	 0.920651	-6.523859	 25.972450	-41.560050	-11.582920	-4.601621	 9.666660	 2.503291	-1.126934	 4.548135	 3.270450	-0.643668	-80.071260	 3.996222	 3.187122	 11.897890	-0.275389	 3.148105	 9.181604	 2.910649	 4.314956	-70.652130	 37.531460	 19.844260	 14.779010	-6.821038	 19.211720	 10.901230	-5.646786	 19.246330	-70.614520	 18.577810	 10.455640	 21.098860	-3.898340	 9.395206	 9.518596	-0.473063	 9.966733	-72.614270	-51.617550	-12.041010	-7.588076	 16.022730	-0.540169	 0.139211	 14.789960	-0.368235	 3.437935	 1.234767	-3.867404	 90.507360	-92.329410	-6.193801	-82.430110	-179.348400	-3.138839	 103.357400	-0.813313	 0.122417	-8.559153	-51.836140	-34.877190	-9.257874	-30.661790	-5.131489	-3.319803	 3.448529	 1.611712	-5.830756	-10.818780	-3.848557	 50.017020	 2.466346	-1.146949	 52.691200	 2.518180	 0.947411	-45.593380	 1.878543	 2.977545	 39.117210	-0.234689	 3.159963	 23.456290	 2.950371	 4.136434	-73.228810	 49.102490	 23.667800	 11.531270	-6.689937	 19.244400	 18.060020	-6.045218	 19.345540	-90.832730	 24.529640	 13.612760	 22.869040	-3.787426	 9.426890	 22.426860	-0.476923	 10.021470	-71.360000	-35.606140	-1.018429	 32.010840	 17.055540	-0.541957	 0.148074	 23.903800	-0.392827	 3.516931	 0.000000	 90.000000	 0.000000	 173.340300	 8.054540	 166.135700	-175.812600	-15.743830	-37.328960
-0.026874	-0.135335	 0.012559	-169.463300	 11.563820	-92.253960	-10.449870	 0.128522	-7.323597	-9.579748	-1.599551	-6.684445	 2.034488	-8.247150	 109.992800	-0.813313	 0.122417	-8.559153	-30.109010	-23.111470	 24.092840	-52.044510	 23.188420	 0.841541	-6.620893	 25.938800	-41.722210	-11.582920	-4.601621	 9.666660	 2.503291	-1.126934	 4.548135	 3.270450	-0.643668	-80.071260	 3.996146	 3.187088	 11.897890	-0.275389	 3.148105	 9.181604	 2.910645	 4.314974	-70.651880	 37.531310	 19.844210	 14.779050	-6.821038	 19.211720	 10.901230	-5.646710	 19.246320	-70.610670	 18.577710	 10.455590	 21.098880	-3.898340	 9.395206	 9.518596	-0.473063	 9.966733	-72.614270	-51.617550	-12.041010	-7.588076	 16.022730	-0.540169	 0.139211	 14.789960	-0.368235	 3.437935	 1.255640	-4.038977	 90.517520	-92.374080	-6.428672	-83.049800	-179.264400	-3.583403	 103.228300	-0.813313	 0.122417	-8.559153	-57.827630	-34.600350	-13.565810	-22.803260	-4.537844	-1.982439	-0.696841	 1.658825	-6.214936	-10.813900	-3.843900	 50.026060	 2.466342	-1.146956	 52.700350	 2.518173	 0.947419	-45.593180	 1.872483	 2.973126	 39.123750	-0.234633	 3.159988	 23.476920	 2.950128	 4.137655	-73.211250	 49.047840	 23.653020	 11.563740	-6.689632	 19.244500	 18.076910	-6.044827	 19.345370	-90.811690	 24.515400	 13.606450	 22.887200	-3.787229	 9.426969	 22.450370	-0.477002	 10.022610	-71.333530	-35.638630	-1.070489	 31.881000	 17.010550	-0.541886	 0.147688	 23.688470	-0.392392	 3.515022	 0.000000	 90.000000	 0.000000	 173.372400	 8.087700	 165.996000	-175.978500	-15.562200	-37.083820
-0.026149	-0.137914	 0.013733	-169.533600	 11.945850	-92.336590	-10.561630	 0.238952	-7.329978	-9.654212	-1.330317	-6.701304	 2.059759	-8.352635	 109.964600	-0.813313	 0.122417	-8.559153	-30.337120	-23.352500	 23.809450	-51.803560	 23.042170	 0.764813	-6.655774	 25.872020	-41.934120	-11.582920	-4.601621	 9.666660	 2.503291	-1.126934	 4.548135	 3.270450	-0.643668	-80.071260	 3.996010	 3.187030	 11.897900	-0.275389	 3.148105	 9.181604	 2.910642	 4.314991	-70.651630	 37.531050	 19.844110	 14.779140	-6.821038	 19.211720	 10.901230	-5.646631	 19.246310	-70.606860	 18.577520	 10.455500	 21.098920	-3.898340	 9.395206	 9.518596	-0.473063	 9.966733	-72.614270	-51.617550	-12.041010	-7.588076	 16.022730	-0.540169	 0.139211	 14.789960	-0.368235	 3.437935	 1.276331	-4.218655	 90.527600	-92.431340	-6.582996	-83.705080	-179.194400	-3.958762	 103.111900	-0.813313	 0.122417	-8.559153	-63.429300	-31.782620	-18.706220	-12.067220	-4.744854	-0.184064	-6.612054	-0.767703	-7.170936	-10.808630	-3.838840	 50.037400	 2.466334	-1.146966	 52.714750	 2.518227	 0.947360	-45.594720	 1.864339	 2.967242	 39.134380	-0.234555	 3.160022	 23.505370	 2.949612	 4.140241	-73.174090	 48.978320	 23.634180	 11.605050	-6.689211	 19.244630	 18.100240	-6.044000	 19.345010	-90.767230	 24.484690	 13.591960	 22.913360	-3.786960	 9.427079	 22.482780	-0.477103	 10.024070	-71.300030	-35.675530	-1.129252	 31.734130	 16.959680	-0.541801	 0.147251	 23.445050	-0.391890	 3.512866	 0.000000	 90.000000	 0.000000	 173.409700	 8.124130	 165.805800	-176.218000	-15.290160	-36.743340
-0.024664	-0.140927	 0.015329	-169.605300	 12.420090	-92.431630	-10.691990	 0.368176	-7.322993	-9.737524	-0.991726	-6.710999	 2.095754	-8.502435	 109.927600	-0.813313	 0.122417	-8.559153	-30.671770	-23.674080	 23.428930	-51.546680	 22.850180	 0.678692	-6.668458	 25.766900	-42.213730	-11.582920	-4.601621	 9.666660	 2.503291	-1.126934	 4.548135	 3.270450	-0.643668	-80.071260	 3.995779	 3.186929	 11.897920	-0.275389	 3.148105	 9.181604	 2.910636	 4.315012	-70.651340	 37.530610	 19.843950	 14.779290	-6.821038	 19.211720	 10.901230	-5.646539	 19.246310	-70.602370	 18.577230	 10.455350	 21.098970	-3.898340	 9.395206	 9.518596	-0.473063	 9.966733	-72.614270	-51.617550	-12.041010	-7.588076	 16.022730	-0.540169	 0.139211	 14.789960	-0.368235	 3.437935	 1.300576	-4.441696	 90.539400	-92.519390	-6.711725	-84.462280	-179.126600	-4.330371	 102.966700	-0.813313	 0.122417	-8.559153	-67.233910	-25.572610	-21.336060	-6.247436	-3.409894	 1.141233	-10.077270	-5.696540	-9.067180	-10.802040	-3.832482	 50.053580	 2.466321	-1.146982	 52.737340	 2.518351	 0.947225	-45.598270	 1.852475	 2.958723	 39.151770	-0.234441	 3.160072	 23.547280	 2.948716	 4.144719	-73.109760	 48.901930	 23.613780	 11.654590	-6.688591	 19.244810	 18.134620	-6.042567	 19.344390	-90.690250	 24.433680	 13.567540	 22.952170	-3.786561	 9.427238	 22.530500	-0.477247	 10.026110	-71.252780	-35.724300	-1.206419	 31.540920	 16.892760	-0.541701	 0.146676	 23.124960	-0.391217	 3.510036	 0.000000	 90.000000	 0.000000	 173.459500	 8.170373	 165.531000	-176.499400	-14.879450	-36.142500
-0.023435	-0.143050	 0.016739	-169.669200	 12.762900	-92.500950	-10.799430	 0.474806	-7.306981	-9.803810	-0.697480	-6.708083	 2.130254	-8.645893	 109.894100	-0.813313	 0.122417	-8.559153	-31.000510	-23.967840	 23.076410	-51.245660	 22.677760	 0.609517	-6.696518	 25.670520	-42.444050	-11.582920	-4.601621	 9.666660	 2.503291	-1.126934	 4.548135	 3.270450	-0.643668	-80.071260	 3.995548	 3.186827	 11.897930	-0.275389	 3.148105	 9.181604	 2.910632	 4.315030	-70.651080	 37.530110	 19.843760	 14.779470	-6.821038	 19.211720	 10.901230	-5.646464	 19.246310	-70.598630	 18.576890	 10.455170	 21.099040	-3.898340	 9.395206	 9.518596	-0.473063	 9.966733	-72.614270	-51.617550	-12.041010	-7.588076	 16.022730	-0.540169	 0.139211	 14.789960	-0.368235	 3.437935	 1.320738	-4.636836	 90.549220	-92.612650	-6.814744	-85.021350	-179.079000	-4.593737	 102.866800	-0.813313	 0.122417	-8.559153	-68.187870	-20.167640	-21.605670	-4.504341	-3.031353	 1.667779	-11.328900	-10.987950	-10.831880	-10.796300	-3.826923	 50.069250	 2.466309	-1.146998	 52.759860	 2.518490	 0.947073	-45.602220	 1.841047	 2.950557	 39.170030	-0.234331	 3.160120	 23.587840	 2.947775	 4.149383	-73.042720	 48.839200	 23.597200	 11.697640	-6.687989	 19.245000	 18.167890	-6.041074	 19.343740	-90.610040	 24.383900	 13.543620	 22.989290	-3.786176	 9.427396	 22.576640	-0.477385	 10.028050	-71.208080	-35.769040	-1.276646	 31.364700	 16.831760	-0.541607	 0.146151	 22.833110	-0.390589	 3.507459	 0.000000	 90.000000	 0.000000	 173.504900	 8.210864	 165.271500	-176.684300	-14.477390	-35.553490
-0.022367	-0.145003	 0.018230	-169.726400	 13.072030	-92.566560	-10.905950	 0.580449	-7.283099	-9.867956	-0.395816	-6.696579	 2.168474	-8.804852	 109.858300	-0.813313	 0.122417	-8.559153	-31.371980	-24.281480	 22.692900	-50.737900	 22.496220	 0.541723	-6.798397	 25.583400	-42.639190	-11.582920	-4.601621	 9.666660	 2.503291	-1.126934	 4.548135	 3.270450	-0.643668	-80.071260	 3.995220	 3.186683	 11.897950	-0.275389	 3.148105	 9.181604	 2.910627	 4.315049	-70.650800	 37.529470	 19.843530	 14.779680	-6.821038	 19.211720	 10.901230	-5.646387	 19.246300	-70.594860	 18.576470	 10.454960	 21.099120	-3.898340	 9.395206	 9.518596	-0.473063	 9.966733	-72.614270	-51.617550	-12.041010	-7.588076	 16.022730	-0.540169	 0.139211	 14.789960	-0.368235	 3.437935	 1.340936	-4.841069	 90.559070	-92.718400	-6.948740	-85.502310	-179.036700	-4.826106	 102.805600	-0.813313	 0.122417	-8.559153	-68.426990	-16.960890	-21.630660	-3.484598	-2.654737	 1.760425	-11.727420	-13.924480	-12.113360	-10.790360	-3.821136	 50.086880	 2.466295	-1.147016	 52.785000	 2.518648	 0.946901	-45.606740	 1.828469	 2.941609	 39.191610	-0.234209	 3.160173	 23.632500	 2.946695	 4.154702	-72.966230	 48.754950	 23.574450	 11.751040	-6.687329	 19.245200	 18.204580	-6.039374	 19.343010	-90.518570	 24.331840	 13.518630	 23.029260	-3.785752	 9.427567	 22.627490	-0.477537	 10.030160	-71.159230	-35.817410	-1.352010	 31.175130	 16.766160	-0.541503	 0.145588	 22.519350	-0.389904	 3.504693	 0.000000	 90.000000	 0.000000	 173.553300	 8.252605	 164.993600	-176.771400	-13.680840	-34.482680
-0.020776	-0.146181	 0.020053	-169.753900	 13.422890	-92.646180	-11.029110	 0.702232	-7.246952	-9.940793	-0.039625	-6.674046	 2.217311	-9.008189	 109.813800	-0.813313	 0.122417	-8.559153	-31.858060	-24.665630	 22.207080	-50.051960	 22.278070	 0.469779	-7.046877	 25.505690	-42.795830	-11.582920	-4.601621	 9.666660	 2.503291	-1.126934	 4.548135	 3.270450	-0.643668	-80.071260	 3.994776	 3.186490	 11.897970	-0.275389	 3.148105	 9.181604	 2.910621	 4.315071	-70.650470	 37.528560	 19.843200	 14.779990	-6.821038	 19.211720	 10.901230	-5.646296	 19.246290	-70.590440	 18.575860	 10.454650	 21.099240	-3.898340	 9.395206	 9.518596	-0.473063	 9.966733	-72.614270	-51.617550	-12.041010	-7.588076	 16.022730	-0.540169	 0.139211	 14.789960	-0.368235	 3.437935	 1.364696	-5.091679	 90.570630	-92.854330	-7.134344	-86.000470	-178.992200	-5.071811	 102.739000	-0.813313	 0.122417	-8.559153	-68.863230	-15.000960	-21.648200	-3.425802	-2.221499	 1.889796	-11.088960	-15.663980	-13.001740	-10.783250	-3.814189	 50.109890	 2.466278	-1.147039	 52.816800	 2.518843	 0.946689	-45.612320	 1.812677	 2.930428	 39.220860	-0.234056	 3.160240	 23.688590	 2.945310	 4.161484	-72.868720	 48.636580	 23.542100	 11.823140	-6.686498	 19.245460	 18.250630	-6.037198	 19.342080	-90.401960	 24.273960	 13.491050	 23.077600	-3.785218	 9.427783	 22.691290	-0.477728	 10.032820	-71.097960	-35.878330	-1.446155	 30.937710	 16.684050	-0.541367	 0.144883	 22.126640	-0.389021	 3.501234	 0.000000	 90.000000	 0.000000	 173.606200	 8.300333	 164.723700	-176.712800	-12.091680	-32.599920
-0.019818	-0.147902	 0.021315	-169.742400	 13.735860	-92.719710	-11.129680	 0.801202	-7.211711	-9.999744	 0.253018	-6.649375	 2.260696	-9.189127	 109.775000	-0.813313	 0.122417	-8.559153	-32.300900	-24.991630	 21.775750	-49.557070	 22.098220	 0.420166	-7.322078	 25.453650	-42.871080	-11.582920	-4.601621	 9.666660	 2.503291	-1.126934	 4.548135	 3.270450	-0.643668	-80.071260	 3.994294	 3.186280	 11.898000	-0.275389	 3.148105	 9.181604	 2.910616	 4.315090	-70.650190	 37.527630	 19.842860	 14.780310	-6.821038	 19.211720	 10.901230	-5.646218	 19.246280	-70.586730	 18.575260	 10.454340	 21.099350	-3.898340	 9.395206	 9.518596	-0.473063	 9.966733	-72.614270	-51.617550	-12.041010	-7.588076	 16.022730	-0.540169	 0.139211	 14.789960	-0.368235	 3.437935	 1.384476	-5.309159	 90.580280	-92.973760	-7.259452	-86.387950	-178.956800	-5.264942	 102.708600	-0.813313	 0.122417	-8.559153	-69.033870	-14.245470	-21.500200	-3.173661	-1.573893	 1.862229	-10.614180	-15.921940	-13.521060	-10.777300	-3.808340	 50.130890	 2.466262	-1.147058	 52.844220	 2.518997	 0.946520	-45.616700	 1.799011	 2.920805	 39.248270	-0.233924	 3.160299	 23.737010	 2.944103	 4.167332	-72.784580	 48.528770	 23.512420	 11.887770	-6.685781	 19.245680	 18.290400	-6.035324	 19.341270	-90.301360	 24.233660	 13.472180	 23.117160	-3.784760	 9.427972	 22.746370	-0.477901	 10.035120	-71.044670	-35.932190	-1.528644	 30.729100	 16.611940	-0.541251	 0.144264	 21.781810	-0.388229	 3.498202	 0.000000	 90.000000	 0.000000	 173.640600	 8.327265	 164.593800	-176.592800	-11.256970	-32.096270
-0.018737	-0.149781	 0.022512	-169.702900	 14.056330	-92.797790	-11.224600	 0.896462	-7.173633	-10.058660	 0.534468	-6.621000	 2.305684	-9.377101	 109.735300	-0.813313	 0.122417	-8.559153	-32.768690	-25.318070	 21.327180	-49.257110	 21.924440	 0.379576	-7.624613	 25.400470	-42.827450	-11.582920	-4.601621	 9.666660	 2.503291	-1.126934	 4.548135	 3.270450	-0.643668	-80.071260	 3.993774	 3.186052	 11.898030	-0.275389	 3.148105	 9.181604	 2.910612	 4.315110	-70.649910	 37.526570	 19.842480	 14.780680	-6.821038	 19.211720	 10.901230	-5.646145	 19.246280	-70.583020	 18.574550	 10.453970	 21.099490	-3.898340	 9.395206	 9.518596	-0.473063	 9.966733	-72.614270	-51.617550	-12.041010	-7.588076	 16.022730	-0.540169	 0.139211	 14.789960	-0.368235	 3.437935	 1.404137	-5.532808	 90.589870	-93.094370	-7.366162	-86.776760	-178.921200	-5.456814	 102.693600	-0.813313	 0.122417	-8.559153	-69.323160	-13.886650	-21.306220	-3.042039	-0.893826	 1.840325	-9.987093	-15.819050	-13.920760	-10.771460	-3.802570	 50.153300	 2.466248	-1.147078	 52.871470	 2.519129	 0.946376	-45.620480	 1.785304	 2.911211	 39.278090	-0.233793	 3.160357	 23.785390	 2.942909	 4.173090	-72.701710	 48.419900	 23.482320	 11.953080	-6.685065	 19.245900	 18.330160	-6.033475	 19.340490	-90.202320	 24.180150	 13.446490	 23.160310	-3.784301	 9.428160	 22.801370	-0.478075	 10.037460	-70.990750	-35.988220	-1.613669	 30.513470	 16.537460	-0.541134	 0.143625	 21.425610	-0.387394	 3.495077	 0.000000	 90.000000	 0.000000	 173.671300	 8.331640	 164.473600	-176.597700	-10.706280	-31.964330
-0.017404	-0.151985	 0.023759	-169.628100	 14.382670	-92.888340	-11.324310	 1.003047	-7.127152	-10.132410	 0.845085	-6.584751	 2.360066	-9.604900	 109.687500	-0.813313	 0.122417	-8.559153	-33.343820	-25.700550	 20.781320	-49.090660	 21.730480	 0.339870	-7.970947	 25.320850	-42.572990	-11.582920	-4.601621	 9.666660	 2.503291	-1.126934	 4.548135	 3.270450	-0.643668	-80.071260	 3.993042	 3.185732	 11.898080	-0.275389	 3.148105	 9.181604	 2.910606	 4.315133	-70.649570	 37.525090	 19.841940	 14.781180	-6.821038	 19.211720	 10.901230	-5.646056	 19.246270	-70.578640	 18.573600	 10.453490	 21.099680	-3.898340	 9.395206	 9.518596	-0.473063	 9.966733	-72.614270	-51.617550	-12.041010	-7.588076	 16.022730	-0.540169	 0.139211	 14.789960	-0.368235	 3.437935	 1.427161	-5.804262	 90.601120	-93.233730	-7.483335	-87.276370	-178.876700	-5.695807	 102.684000	-0.813313	 0.122417	-8.559153	-69.617490	-13.826940	-20.958880	-3.009896	-0.010160	 1.827573	-9.081202	-15.289490	-14.279860	-10.764790	-3.795943	 50.181430	 2.466231	-1.147099	 52.902180	 2.519239	 0.946257	-45.623610	 1.769523	 2.900260	 39.316100	-0.233642	 3.160423	 23.840720	 2.941576	 4.179455	-72.610070	 48.298870	 23.448820	 12.026930	-6.684245	 19.246160	 18.375670	-6.031429	 19.339620	-90.092920	 24.094670	 13.404540	 23.216390	-3.783777	 9.428374	 22.864270	-0.478283	 10.040190	-70.927630	-36.056560	-1.716467	 30.251980	 16.447180	-0.540983	 0.142851	 20.993960	-0.386343	 3.491296	 0.000000	 90.000000	 0.000000	 173.699500	 8.320377	 164.250900	-176.654100	-10.263380	-32.048070
-0.016217	-0.153920	 0.024691	-169.541900	 14.625000	-92.966590	-11.399250	 1.086996	-7.088689	-10.198220	 1.081005	-6.553793	 2.406106	-9.798285	 109.647200	-0.813313	 0.122417	-8.559153	-33.837440	-26.016350	 20.314950	-48.970220	 21.579180	 0.310158	-8.200713	 25.242630	-42.348980	-11.582920	-4.601621	 9.666660	 2.503291	-1.126934	 4.548135	 3.270450	-0.643668	-80.071260	 3.992347	 3.185429	 11.898120	-0.275389	 3.148105	 9.181604	 2.910601	 4.315153	-70.649280	 37.523680	 19.841420	 14.781660	-6.821038	 19.211720	 10.901230	-5.645980	 19.246270	-70.575000	 18.572680	 10.453010	 21.099850	-3.898340	 9.395206	 9.518596	-0.473063	 9.966733	-72.614270	-51.617550	-12.041010	-7.588076	 16.022730	-0.540169	 0.139211	 14.789960	-0.368235	 3.437935	 1.446305	-6.037886	 90.610480	-93.337690	-7.593033	-87.660550	-178.833700	-5.918800	 102.713200	-0.813313	 0.122417	-8.559153	-69.804490	-13.681610	-20.570180	-3.109258	 0.960691	 1.855397	-8.047565	-14.760520	-14.504810	-10.759480	-3.790622	 50.206310	 2.466214	-1.147121	 52.932280	 2.519274	 0.946218	-45.624640	 1.753849	 2.889262	 39.350250	-0.233493	 3.160490	 23.895700	 2.940285	 4.185573	-72.521970	 48.105540	 23.393730	 12.129900	-6.683431	 19.246410	 18.420920	-6.029465	 19.338800	-89.987790	 23.990170	 13.352640	 23.277270	-3.783257	 9.428589	 22.926690	-0.478496	 10.042950	-70.863780	-36.115360	-1.804035	 30.028530	 16.370100	-0.540853	 0.142190	 20.625390	-0.385432	 3.488074	 0.000000	 90.000000	 0.000000	 173.702100	 8.307721	 163.991100	-176.720800	-10.022590	-32.286170
-0.015017	-0.155692	 0.025612	-169.457800	 14.851650	-93.041050	-11.466140	 1.172558	-7.052589	-10.264120	 1.314089	-6.524235	 2.451468	-9.989363	 109.607300	-0.813313	 0.122417	-8.559153	-34.328540	-26.322210	 19.850690	-48.586180	 21.440310	 0.280000	-8.428857	 25.185860	-42.225290	-11.582920	-4.601621	 9.666660	 2.503291	-1.126934	 4.548135	 3.270450	-0.643668	-80.071260	 3.991576	 3.185091	 11.898160	-0.275389	 3.148105	 9.181604	 2.910597	 4.315173	-70.648990	 37.522110	 19.840850	 14.782190	-6.821038	 19.211720	 10.901230	-5.645907	 19.246260	-70.571380	 18.571650	 10.452480	 21.100050	-3.898340	 9.395206	 9.518596	-0.473063	 9.966733	-72.614270	-51.617550	-12.041010	-7.588076	 16.022730	-0.540169	 0.139211	 14.789960	-0.368235	 3.437935	 1.465090	-6.274217	 90.619670	-93.433900	-7.676507	-87.903220	-178.782500	-6.171177	 102.808000	-0.813313	 0.122417	-8.559153	-69.985050	-13.618930	-20.124870	-3.253475	 2.119949	 1.890063	-7.009135	-13.984080	-14.719630	-10.754570	-3.785659	 50.231980	 2.466191	-1.147151	 52.974440	 2.519244	 0.946252	-45.623750	 1.732060	 2.873616	 39.386150	-0.233283	 3.160582	 23.972770	 2.938463	 4.194141	-72.398550	 47.792630	 23.303320	 12.290470	-6.682288	 19.246770	 18.484390	-6.026708	 19.337650	-89.840440	 23.821180	 13.267920	 23.367490	-3.782531	 9.428890	 23.014100	-0.478799	 10.046830	-70.774290	-36.174470	-1.891296	 29.805210	 16.293100	-0.540736	 0.141529	 20.257240	-0.384498	 3.484860	 0.000000	 90.000000	 0.000000	 173.688200	 8.294620	 163.690000	-176.742800	-9.801331	-32.505310
-0.013594	-0.157833	 0.026692	-169.408200	 15.120560	-93.104460	-11.534560	 1.290281	-7.015234	-10.335250	 1.635618	-6.493511	 2.503055	-10.207430	 109.561500	-0.813313	 0.122417	-8.559153	-34.891410	-26.666040	 19.315480	-47.701380	 21.293420	 0.241574	-8.864156	 25.196880	-42.167140	-11.582920	-4.601621	 9.666660	 2.503291	-1.126934	 4.548135	 3.270450	-0.643668	-80.071260	 3.990054	 3.184426	 11.898250	-0.275389	 3.148105	 9.181604	 2.910590	 4.315198	-70.648630	 37.519090	 19.839740	 14.783230	-6.821038	 19.211720	 10.901230	-5.645821	 19.246260	-70.567170	 18.569670	 10.451470	 21.100440	-3.898340	 9.395206	 9.518596	-0.473063	 9.966733	-72.614270	-51.617550	-12.041010	-7.588076	 16.022730	-0.540169	 0.139211	 14.789960	-0.368235	 3.437935	 1.486667	-6.554542	 90.630280	-93.574200	-7.673232	-88.084850	-178.715600	-6.493265	 102.947800	-0.813313	 0.122417	-8.559153	-70.124520	-13.626560	-19.519970	-3.422086	 3.555489	 1.925997	-6.280085	-12.888240	-15.109420	-10.749430	-3.780393	 50.262950	 2.466157	-1.147195	 53.037280	 2.519105	 0.946403	-45.619780	 1.699709	 2.850083	 39.430190	-0.232971	 3.160722	 24.087690	 2.935710	 4.206910	-72.214480	 47.542940	 23.232390	 12.442880	-6.680583	 19.247300	 18.579070	-6.022592	 19.335940	-89.620690	 23.686080	 13.201870	 23.473190	-3.781448	 9.429341	 23.144370	-0.479262	 10.052600	-70.640900	-36.243670	-1.992497	 29.545410	 16.203610	-0.540578	 0.140763	 19.829300	-0.383386	 3.481133	 0.000000	 90.000000	 0.000000	 173.655000	 8.281478	 163.314300	-176.810700	-9.693008	-32.873090
-0.012460	-0.159642	 0.027581	-169.399000	 15.357250	-93.139240	-11.584030	 1.397991	-6.990587	-10.388390	 1.929607	-6.473486	 2.543048	-10.377150	 109.525300	-0.813313	 0.122417	-8.559153	-35.329860	-26.931730	 18.893770	-47.016920	 21.187040	 0.209256	-9.315266	 25.253330	-42.158310	-11.582920	-4.601621	 9.666660	 2.503291	-1.126934	 4.548135	 3.270450	-0.643668	-80.071260	 3.987741	 3.183416	 11.898390	-0.275389	 3.148105	 9.181604	 2.910584	 4.315218	-70.648320	 37.514530	 19.838080	 14.784790	-6.821038	 19.211720	 10.901230	-5.645753	 19.246250	-70.563780	 18.566720	 10.449960	 21.101000	-3.898340	 9.395206	 9.518596	-0.473063	 9.966733	-72.614270	-51.617550	-12.041010	-7.588076	 16.022730	-0.540169	 0.139211	 14.789960	-0.368235	 3.437935	 1.503821	-6.784438	 90.638730	-93.712520	-7.648757	-88.215320	-178.662100	-6.747285	 103.062200	-0.813313	 0.122417	-8.559153	-70.194390	-13.692570	-18.978010	-3.511619	 4.651078	 1.939658	-5.794658	-12.012450	-15.375020	-10.745840	-3.776649	 50.288670	 2.466124	-1.147238	 53.097400	 2.518893	 0.946634	-45.613740	 1.668805	 2.827424	 39.467200	-0.232672	 3.160856	 24.197690	 2.933036	 4.219123	-72.038310	 47.427480	 23.201360	 12.539490	-6.678954	 19.247810	 18.669720	-6.018643	 19.334320	-89.410380	 23.623150	 13.173040	 23.558090	-3.780411	 9.429774	 23.269030	-0.479720	 10.058120	-70.513240	-36.299300	-2.073116	 29.337750	 16.132110	-0.540460	 0.140148	 19.487500	-0.382486	 3.478163	 0.000000	 90.000000	 0.000000	 173.618200	 8.274781	 163.014800	-176.891000	-9.687112	-33.229480
-0.011372	-0.161533	 0.028526	-169.430800	 15.634040	-93.158490	-11.631140	 1.518998	-6.972243	-10.439180	 2.258740	-6.459194	 2.581672	-10.541800	 109.489200	-0.813313	 0.122417	-8.559153	-35.756900	-27.191870	 18.476110	-46.567180	 21.088570	 0.174524	-9.837328	 25.341730	-42.156360	-11.582920	-4.601621	 9.666660	 2.503291	-1.126934	 4.548135	 3.270450	-0.643668	-80.071260	 3.984425	 3.181967	 11.898580	-0.275389	 3.148105	 9.181604	 2.910580	 4.315240	-70.648020	 37.508020	 19.835700	 14.787020	-6.821038	 19.211720	 10.901230	-5.645678	 19.246250	-70.560310	 18.562510	 10.447800	 21.101820	-3.898340	 9.395206	 9.518596	-0.473063	 9.966733	-72.614270	-51.617550	-12.041010	-7.588076	 16.022730	-0.540169	 0.139211	 14.789960	-0.368235	 3.437935	 1.521209	-7.023778	 90.647320	-93.881020	-7.660294	-88.397030	-178.607000	-7.002316	 103.195400	-0.813313	 0.122417	-8.559153	-70.239750	-13.813350	-18.385080	-3.549258	 5.627751	 1.937679	-5.388043	-11.220860	-15.468420	-10.742760	-3.773362	 50.315690	 2.466086	-1.147287	 53.166680	 2.518566	 0.946990	-45.604410	 1.633295	 2.801259	 39.506400	-0.232329	 3.161012	 24.324430	 2.929909	 4.233183	-71.835330	 47.132640	 23.115930	 12.714620	-6.677075	 19.248410	 18.774150	-6.014083	 19.332470	-89.168010	 23.462860	 13.093660	 23.676690	-3.779219	 9.430275	 23.412610	-0.480262	 10.064480	-70.366170	-36.355810	-2.154327	 29.128000	 16.059950	-0.540332	 0.139530	 19.142470	-0.381552	 3.475169	 0.000000	 90.000000	 0.000000	 173.574500	 8.273667	 162.733700	-176.987900	-9.719890	-33.620590
-0.010171	-0.163882	 0.029807	-169.530200	 16.025940	-93.158460	-11.684380	 1.673946	-6.962348	-10.494480	 2.677435	-6.453211	 2.623581	-10.723050	 109.443500	-0.813313	 0.122417	-8.559153	-36.219680	-27.480990	 18.010350	-46.176740	 20.981570	 0.127427	-10.485550	 25.466540	-42.123310	-11.582920	-4.601621	 9.666660	 2.503291	-1.126934	 4.548135	 3.270450	-0.643668	-80.071260	 3.979374	 3.179760	 11.898880	-0.275389	 3.148105	 9.181604	 2.910573	 4.315267	-70.647640	 37.498150	 19.832090	 14.790400	-6.821038	 19.211720	 10.901230	-5.645597	 19.246240	-70.556210	 18.556090	 10.444510	 21.103070	-3.898340	 9.395206	 9.518596	-0.473063	 9.966733	-72.614270	-51.617550	-12.041010	-7.588076	 16.022730	-0.540169	 0.139211	 14.789960	-0.368235	 3.437935	 1.541435	-7.311285	 90.657340	-94.126950	-7.861954	-88.838170	-178.541400	-7.297482	 103.369700	-0.813313	 0.122417	-8.559153	-70.277870	-14.023100	-17.654760	-3.580690	 6.625461	 1.931767	-4.984428	-10.389390	-15.366850	-10.740070	-3.770355	 50.348350	 2.466037	-1.147352	 53.256910	 2.518008	 0.947599	-45.588460	 1.587124	 2.767092	 39.554100	-0.231881	 3.161214	 24.489480	 2.925761	 4.251477	-71.571010	 46.622300	 22.963990	 12.991660	-6.674633	 19.249190	 18.910190	-6.008137	 19.330090	-88.852400	 23.184950	 12.953170	 23.847040	-3.777669	 9.430932	 23.599620	-0.480994	 10.072760	-70.174650	-36.421220	-2.247512	 28.886590	 15.976960	-0.540195	 0.138820	 18.745670	-0.380455	 3.471734	 0.000000	 90.000000	 0.000000	 173.526600	 8.284902	 162.395000	-177.107000	-9.758204	-34.073640
-0.009224	-0.165733	 0.030846	-169.625500	 16.328280	-93.142520	-11.726080	 1.803136	-6.965868	-10.534310	 3.023369	-6.459146	 2.654179	-10.859310	 109.399400	-0.813313	 0.122417	-8.559153	-36.540170	-27.691980	 17.673540	-45.896100	 20.901410	 0.083342	-10.979690	 25.563340	-42.040650	-11.582920	-4.601621	 9.666660	 2.503291	-1.126934	 4.548135	 3.270450	-0.643668	-80.071260	 3.974612	 3.177678	 11.899160	-0.275389	 3.148105	 9.181604	 2.910568	 4.315286	-70.647340	 37.488860	 19.828700	 14.793570	-6.821038	 19.211720	 10.901230	-5.645531	 19.246230	-70.552980	 18.550060	 10.441420	 21.104230	-3.898340	 9.395206	 9.518596	-0.473063	 9.966733	-72.614270	-51.617550	-12.041010	-7.588076	 16.022730	-0.540169	 0.139211	 14.789960	-0.368235	 3.437935	 1.557051	-7.540359	 90.665120	-94.351490	-8.209448	-89.278100	-178.489600	-7.524978	 103.515900	-0.813313	 0.122417	-8.559153	-70.311840	-14.237370	-17.075420	-3.596819	 7.314508	 1.924278	-4.690752	-9.791844	-15.147150	-10.738820	-3.768790	 50.374400	 2.465997	-1.147406	 53.332760	 2.517415	 0.948244	-45.571540	 1.548333	 2.738293	 39.592370	-0.231506	 3.161386	 24.628240	 2.922209	 4.266842	-71.348750	 46.427360	 22.907610	 13.131940	-6.672578	 19.249850	 19.024550	-6.003127	 19.328110	-88.587020	 23.077900	 12.901180	 23.959810	-3.776369	 9.431490	 23.756830	-0.481628	 10.079720	-70.013660	-36.470910	-2.317734	 28.704110	 15.914260	-0.540090	 0.138284	 18.445900	-0.379605	 3.469144	 0.000000	 90.000000	 0.000000	 173.504600	 8.308392	 162.058600	-177.190800	-9.745826	-34.386200
-0.008127	-0.167491	 0.031759	-169.710300	 16.566770	-93.124430	-11.770450	 1.936084	-6.961603	-10.572130	 3.380137	-6.459095	 2.683908	-10.994980	 109.348100	-0.813313	 0.122417	-8.559153	-36.911080	-27.921170	 17.286620	-45.105410	 20.824340	 0.038750	-11.606520	 25.696080	-41.873990	-11.582920	-4.601621	 9.666660	 2.503291	-1.126934	 4.548135	 3.270450	-0.643668	-80.071260	 3.969215	 3.175319	 11.899480	-0.275389	 3.148105	 9.181604	 2.910562	 4.315310	-70.646990	 37.478310	 19.824840	 14.797170	-6.821038	 19.211720	 10.901230	-5.645466	 19.246230	-70.549710	 18.543220	 10.437910	 21.105560	-3.898340	 9.395206	 9.518596	-0.473063	 9.966733	-72.614270	-51.617550	-12.041010	-7.588076	 16.022730	-0.540169	 0.139211	 14.789960	-0.368235	 3.437935	 1.572501	-7.773780	 90.672840	-94.573890	-8.638011	-89.405370	-178.437200	-7.750721	 103.668000	-0.813313	 0.122417	-8.559153	-70.365790	-14.496290	-16.503750	-3.605848	 7.947412	 1.913831	-4.381756	-9.217273	-14.823940	-10.738450	-3.768038	 50.400940	 2.465953	-1.147463	 53.412310	 2.516655	 0.949071	-45.549860	 1.507719	 2.708069	 39.631400	-0.231113	 3.161566	 24.773760	 2.918419	 4.282940	-71.115690	 46.311980	 22.875930	 13.243960	-6.670426	 19.250550	 19.144500	-5.997863	 19.326060	-88.308740	 23.013970	 12.872000	 24.066480	-3.775006	 9.432078	 23.921680	-0.482316	 10.087020	-69.844820	-36.518900	-2.385046	 28.528790	 15.854040	-0.539982	 0.137767	 18.158060	-0.378788	 3.466661	 0.000000	 90.000000	 0.000000	 173.488700	 8.356202	 161.683300	-177.285700	-9.674065	-34.697990
-0.006600	-0.169548	 0.032740	-169.796300	 16.823890	-93.118480	-11.827040	 2.082033	-6.910752	-10.614360	 3.780436	-6.419680	 2.717251	-11.150510	 109.282500	-0.813313	 0.122417	-8.559153	-37.562040	-28.259820	 16.652910	-43.568490	 20.754080	 0.005547	-12.627120	 25.938600	-41.640400	-11.582920	-4.601621	 9.666660	 2.503291	-1.126934	 4.548135	 3.270450	-0.643668	-80.071260	 3.962487	 3.172380	 11.899870	-0.275389	 3.148105	 9.181604	 2.910557	 4.315337	-70.646620	 37.465190	 19.820050	 14.801660	-6.821038	 19.211720	 10.901230	-5.645392	 19.246220	-70.546040	 18.534690	 10.433540	 21.107210	-3.898340	 9.395206	 9.518596	-0.473063	 9.966733	-72.614270	-51.617550	-12.041010	-7.588076	 16.022730	-0.540169	 0.139211	 14.789960	-0.368235	 3.437935	 1.589348	-8.027022	 90.681310	-94.814250	-9.049421	-89.240850	-178.378200	-8.000655	 103.840200	-0.813313	 0.122417	-8.559153	-70.472040	-14.837900	-15.899120	-3.607843	 8.614562	 1.898154	-3.974941	-8.575798	-14.370870	-10.739300	-3.768378	 50.430890	 2.465904	-1.147529	 53.503650	 2.515576	 0.950245	-45.519090	 1.461106	 2.673311	 39.675540	-0.230662	 3.161776	 24.940870	 2.913986	 4.301409	-70.848010	 46.098690	 22.813700	 13.403970	-6.667958	 19.251350	 19.282270	-5.991802	 19.323730	-87.989070	 22.902070	 12.817820	 24.197760	-3.773442	 9.432757	 24.111040	-0.483134	 10.095400	-69.650890	-36.569370	-2.455402	 28.345050	 15.790980	-0.539877	 0.137228	 17.856600	-0.377914	 3.464066	 0.000000	 90.000000	 0.000000	 173.447100	 8.448081	 161.348500	-177.457200	-9.545219	-35.153610
-0.005147	-0.171600	 0.033807	-169.913300	 17.125130	-93.105510	-11.896330	 2.204808	-6.831604	-10.651450	 4.121041	-6.355506	 2.736096	-11.248720	 109.216900	-0.813313	 0.122417	-8.559153	-38.307000	-28.617360	 15.958840	-42.563160	 20.712150	-0.011217	-13.492740	 26.157570	-41.513360	-11.582920	-4.601621	 9.666660	 2.503291	-1.126934	 4.548135	 3.270450	-0.643668	-80.071260	 3.956163	 3.169617	 11.900240	-0.275389	 3.148105	 9.181604	 2.910550	 4.315359	-70.646290	 37.452880	 19.815550	 14.805860	-6.821038	 19.211720	 10.901230	-5.645325	 19.246220	-70.542850	 18.526720	 10.429450	 21.108750	-3.898340	 9.395206	 9.518596	-0.473063	 9.966733	-72.614270	-51.617550	-12.041010	-7.588076	 16.022730	-0.540169	 0.139211	 14.789960	-0.368235	 3.437935	 1.603288	-8.223583	 90.688430	-95.054180	-9.050873	-89.467440	-178.327000	-8.215170	 103.986500	-0.813313	 0.122417	-8.559153	-70.626500	-15.178080	-15.429720	-3.603032	 9.185932	 1.880706	-3.359002	-8.002563	-13.909790	-10.741330	-3.769888	 50.456950	 2.465861	-1.147586	 53.583060	 2.514408	 0.951512	-45.485850	 1.420632	 2.643083	 39.713810	-0.230270	 3.161959	 25.086160	 2.910061	 4.317449	-70.615320	 45.835950	 22.734420	 13.572830	-6.665813	 19.252060	 19.402010	-5.986523	 19.321740	-87.711180	 22.769080	 12.751380	 24.319910	-3.772085	 9.433354	 24.275630	-0.483866	 10.102680	-69.482330	-36.609470	-2.510911	 28.199760	 15.741140	-0.539788	 0.136801	 17.618330	-0.377212	 3.462017	 0.000000	 90.000000	 0.000000	 173.388200	 8.549394	 161.185000	-177.650100	-9.397687	-35.613520
-0.003641	-0.173946	 0.035130	-170.055000	 17.493220	-93.086790	-11.992550	 2.315554	-6.732515	-10.686920	 4.428036	-6.274113	 2.737559	-11.279320	 109.146700	-0.813313	 0.122417	-8.559153	-39.134480	-29.000470	 15.214820	-41.658420	 20.681480	-0.022597	-14.120720	 26.331760	-41.522640	-11.582920	-4.601621	 9.666660	 2.503291	-1.126934	 4.548135	 3.270450	-0.643668	-80.071260	 3.949918	 3.166887	 11.900610	-0.275389	 3.148105	 9.181604	 2.910545	 4.315383	-70.645950	 37.440730	 19.811100	 14.810010	-6.821038	 19.211720	 10.901230	-5.645262	 19.246220	-70.539850	 18.518830	 10.425400	 21.110270	-3.898340	 9.395206	 9.518596	-0.473063	 9.966733	-72.614270	-51.617550	-12.041010	-7.588076	 16.022730	-0.540169	 0.139211	 14.789960	-0.368235	 3.437935	 1.615737	-8.391047	 90.694860	-95.308150	-8.810244	-90.049030	-178.280700	-8.415154	 104.090400	-0.813313	 0.122417	-8.559153	-70.816040	-15.525140	-15.047150	-3.592308	 9.656907	 1.862273	-2.540958	-7.506028	-13.464280	-10.744490	-3.772485	 50.481270	 2.465822	-1.147638	 53.655980	 2.513086	 0.952946	-45.448190	 1.383468	 2.615300	 39.749430	-0.229911	 3.162127	 25.219550	 2.906400	 4.332162	-70.401620	 45.547820	 22.645790	 13.745640	-6.663844	 19.252710	 19.511960	-5.981664	 19.319920	-87.455960	 22.617670	 12.674340	 24.438520	-3.770839	 9.433903	 24.426790	-0.484559	 10.109360	-69.327540	-36.643020	-2.557154	 28.078510	 15.699570	-0.539711	 0.136446	 17.419520	-0.376615	 3.460311	 0.000000	 90.000000	 0.000000	 173.327000	 8.655995	 161.030100	-177.856800	-9.234609	-36.072210
-0.001890	-0.176889	 0.036816	-170.301800	 17.967690	-93.034540	-12.130250	 2.460427	-6.594562	-10.721360	 4.829193	-6.160346	 2.727166	-11.269430	 109.056400	-0.813313	 0.122417	-8.559153	-40.214810	-29.495840	 14.282110	-40.632640	 20.648770	-0.037129	-14.752450	 26.524800	-41.626660	-11.582920	-4.601621	 9.666660	 2.503291	-1.126934	 4.548135	 3.270450	-0.643668	-80.071260	 3.942420	 3.163610	 11.901050	-0.275389	 3.148105	 9.181604	 2.910538	 4.315408	-70.645570	 37.426140	 19.805760	 14.814990	-6.821038	 19.211720	 10.901230	-5.645195	 19.246210	-70.536370	 18.509350	 10.420540	 21.112100	-3.898340	 9.395206	 9.518596	-0.473063	 9.966733	-72.614270	-51.617550	-12.041010	-7.588076	 16.022730	-0.540169	 0.139211	 14.789960	-0.368235	 3.437935	 1.629409	-8.569090	 90.702030	-95.624700	-8.736898	-90.875360	-178.230900	-8.646291	 104.143600	-0.813313	 0.122417	-8.559153	-71.035030	-15.935860	-14.670850	-3.570894	 9.991868	 1.840953	-1.486464	-7.099945	-13.015940	-10.749950	-3.777184	 50.509080	 2.465779	-1.147696	 53.736160	 2.511231	 0.954955	-45.395400	 1.342625	 2.584756	 39.789880	-0.229517	 3.162314	 25.366240	 2.902311	 4.348327	-70.166630	 45.196700	 22.536060	 13.948180	-6.661683	 19.253430	 19.632880	-5.976312	 19.317960	-87.175280	 22.414390	 12.569330	 24.576870	-3.769473	 9.434512	 24.593020	-0.485343	 10.116710	-69.157300	-36.675750	-2.602044	 27.960580	 15.659140	-0.539643	 0.136098	 17.226300	-0.376040	 3.458652	 0.000000	 90.000000	 0.000000	 173.256600	 8.803793	 160.869300	-178.115000	-9.022923	-36.632100
-0.000719	-0.179116	 0.037919	-170.612700	 18.285780	-92.945790	-12.247000	 2.611129	-6.475078	-10.735260	 5.246433	-6.062248	 2.712368	-11.236890	 108.979700	-0.813313	 0.122417	-8.559153	-41.121320	-29.919060	 13.536160	-39.831340	 20.618300	-0.054845	-15.207790	 26.675350	-41.756290	-11.582920	-4.601621	 9.666660	 2.503291	-1.126934	 4.548135	 3.270450	-0.643668	-80.071260	 3.936482	 3.161016	 11.901400	-0.275389	 3.148105	 9.181604	 2.910532	 4.315433	-70.645230	 37.414590	 19.801540	 14.818940	-6.821038	 19.211720	 10.901230	-5.645134	 19.246210	-70.533650	 18.501830	 10.416670	 21.113560	-3.898340	 9.395206	 9.518596	-0.473063	 9.966733	-72.614270	-51.617550	-12.041010	-7.588076	 16.022730	-0.540169	 0.139211	 14.789960	-0.368235	 3.437935	 1.639518	-8.700336	 90.707390	-95.884760	-8.830196	-91.580900	-178.192300	-8.826524	 104.177400	-0.813313	 0.122417	-8.559153	-71.207680	-16.265950	-14.420560	-3.548252	 10.143190	 1.823575	-0.439187	-6.868115	-12.741300	-10.755850	-3.782394	 50.530400	 2.465748	-1.147737	 53.793670	 2.509492	 0.956835	-45.345980	 1.313376	 2.562895	 39.820560	-0.229234	 3.162448	 25.471360	 2.899338	 4.359904	-69.998170	 44.937360	 22.454040	 14.095690	-6.660133	 19.253950	 19.719530	-5.972467	 19.316560	-86.974010	 22.238160	 12.477170	 24.682450	-3.768493	 9.434951	 24.712210	-0.485919	 10.121970	-69.035260	-36.695670	-2.629244	 27.889020	 15.634620	-0.539599	 0.135889	 17.109050	-0.375685	 3.457648	 0.000000	 90.000000	 0.000000	 173.212500	 8.954447	 160.754100	-178.325700	-8.844908	-37.130020
 0.000220	-0.180981	 0.038947	-170.989300	 18.560460	-92.832960	-12.366750	 2.789655	-6.349499	-10.739620	 5.740711	-5.959485	 2.705984	-11.239610	 108.899000	-0.813313	 0.122417	-8.559153	-42.072470	-30.372280	 12.799920	-39.003420	 20.582940	-0.076771	-15.606860	 26.819750	-41.936920	-11.582920	-4.601621	 9.666660	 2.503291	-1.126934	 4.548135	 3.270450	-0.643668	-80.071260	 3.930448	 3.158380	 11.901750	-0.275389	 3.148105	 9.181604	 2.910526	 4.315456	-70.644870	 37.402840	 19.797240	 14.822950	-6.821038	 19.211720	 10.901230	-5.645081	 19.246200	-70.530850	 18.494210	 10.412770	 21.115030	-3.898340	 9.395206	 9.518596	-0.473063	 9.966733	-72.614270	-51.617550	-12.041010	-7.588076	 16.022730	-0.540169	 0.139211	 14.789960	-0.368235	 3.437935	 1.649238	-8.831026	 90.712660	-96.114780	-8.997141	-91.808430	-178.150400	-9.009329	 104.252400	-0.813313	 0.122417	-8.559153	-71.391260	-16.624270	-14.180020	-3.520694	 10.250190	 1.804350	 0.591331	-6.646574	-12.704550	-10.763550	-3.789314	 50.551520	 2.465720	-1.147774	 53.845280	 2.507413	 0.959078	-45.286950	 1.287116	 2.543304	 39.850620	-0.228981	 3.162570	 25.565740	 2.896640	 4.370288	-69.846950	 44.717440	 22.384020	 14.222590	-6.658745	 19.254420	 19.797320	-5.969010	 19.315310	-86.793270	 22.128050	 12.420080	 24.765630	-3.767615	 9.435347	 24.819240	-0.486444	 10.126700	-68.925710	-36.709640	-2.648275	 27.838940	 15.617460	-0.539569	 0.135743	 17.027010	-0.375434	 3.456946	 0.000000	 90.000000	 0.000000	 173.196500	 9.117734	 160.642400	-178.509900	-8.668715	-37.442680
 0.001049	-0.183125	 0.040088	-171.412300	 18.875530	-92.709100	-12.486390	 2.996949	-6.219016	-10.735570	 6.314597	-5.852900	 2.712299	-11.292980	 108.821000	-0.813313	 0.122417	-8.559153	-43.086240	-30.864250	 12.107560	-38.088800	 20.550910	-0.093148	-15.941740	 26.957070	-42.184540	-11.582920	-4.601621	 9.666660	 2.503291	-1.126934	 4.548135	 3.270450	-0.643668	-80.071260	 3.924145	 3.155625	 11.902110	-0.275389	 3.148105	 9.181604	 2.910519	 4.315485	-70.644460	 37.390570	 19.792750	 14.827140	-6.821038	 19.211720	 10.901230	-5.645019	 19.246200	-70.527830	 18.486240	 10.408680	 21.116570	-3.898340	 9.395206	 9.518596	-0.473063	 9.966733	-72.614270	-51.617550	-12.041010	-7.588076	 16.022730	-0.540169	 0.139211	 14.789960	-0.368235	 3.437935	 1.659035	-8.973857	 90.718090	-96.338480	-9.060485	-91.882070	-178.101300	-9.205271	 104.390600	-0.813313	 0.122417	-8.559153	-71.598950	-17.034700	-13.936450	-3.487029	 10.382940	 1.780845	 1.183222	-6.341918	-12.997430	-10.773400	-3.799214	 50.506580	 2.465795	-1.147674	 53.706270	 2.504766	 0.961928	-45.211860	 0.106184	 1.662744	 44.680920	-0.207022	 3.175170	 34.084210	 2.678806	 4.992119	-60.546980	 40.578680	 21.042920	 21.727270	-6.526946	 19.308340	 27.377230	-5.760859	 19.260850	-76.225090	 19.957380	 11.347840	 31.920740	-3.703831	 9.469686	 32.878530	-0.567195	 10.532400	-59.382250	-36.715890	-2.656786	 27.816480	 15.609770	-0.539555	 0.135677	 16.990260	-0.375329	 3.456632	 0.000000	 90.000000	 0.000000	 173.229700	 9.276286	 160.534200	-178.697500	-8.482121	-37.889670
 0.001472	-0.184485	 0.040843	-171.746000	 19.068060	-92.614080	-12.569130	 3.170343	-6.122122	-10.727050	 6.794219	-5.773740	 2.728263	-11.373790	 108.776700	-0.813313	 0.122417	-8.559153	-43.889140	-31.271830	 11.652310	-37.284670	 20.527740	-0.100931	-16.073400	 27.037870	-42.456630	-11.582920	-4.601621	 9.666660	 2.503291	-1.126934	 4.548135	 3.270450	-0.643668	-80.071260	 3.919152	 3.153442	 11.902400	-0.275389	 3.148105	 9.181604	 2.910513	 4.315508	-70.644110	 37.380870	 19.789190	 14.830440	-6.821038	 19.211720	 10.901230	-5.644967	 19.246190	-70.525280	 18.479930	 10.405440	 21.117780	-3.898340	 9.395206	 9.518596	-0.473063	 9.966733	-72.614270	-51.617550	-12.041010	-7.588076	 16.022730	-0.540169	 0.139211	 14.789960	-0.368235	 3.437935	 1.666706	-9.101049	 90.722500	-96.504280	-9.005399	-91.833040	-178.058700	-9.365979	 104.532200	-0.813313	 0.122417	-8.559153	-71.782910	-17.399110	-13.743230	-3.456558	 10.578920	 1.757698	 1.079061	-5.954366	-13.677920	-10.958750	-3.974576	 50.373370	 2.466169	-1.147180	 53.015240	 2.502149	 0.964738	-45.137760	-4.539149	-3.735479	 64.656920	-0.143124	 3.256165	 69.339540	 0.857772	 6.932811	-22.286230	 31.113110	 14.237860	 51.056870	-6.094473	 19.688760	 58.964570	-4.813127	 19.491310	-26.898880	 14.440190	 6.044775	 61.031070	-3.511268	 9.689813	 66.008960	-1.734666	 12.001170	-15.204450	-35.872360	-2.436361	 27.453140	 21.128230	-0.547023	 0.183274	 22.284440	-0.389385	 3.502623	 0.000000	 90.000000	 0.000000	 173.274700	 9.383545	 160.463900	-178.806800	-8.348182	-38.158840
 0.001710	-0.185551	 0.041460	-172.017500	 19.225360	-92.540250	-12.618770	 3.324340	-6.055989	-10.715830	 7.217494	-5.713686	 2.751720	-11.478970	 108.750000	-0.813313	 0.122417	-8.559153	-44.570970	-31.626480	 11.319130	-36.518470	 20.507990	-0.103249	-16.143420	 27.098570	-42.732300	-11.582920	-4.601621	 9.666660	 2.503291	-1.126934	 4.548135	 3.270450	-0.643668	-80.071260	 3.914737	 3.151513	 11.902670	-0.275389	 3.148105	 9.181604	 2.910508	 4.315534	-70.643780	 37.372320	 19.786060	 14.833360	-6.821038	 19.211720	 10.901230	-5.644917	 19.246190	-70.522820	 18.474380	 10.402590	 21.118850	-3.898340	 9.395206	 9.518596	-0.473063	 9.966733	-72.614270	-51.617550	-12.041010	-7.588076	 16.022730	-0.540169	 0.139211	 14.789960	-0.368235	 3.437935	 1.673572	-9.236470	 90.726520	-96.652550	-8.940549	-91.780710	-178.019100	-9.512045	 104.668800	-0.813313	 0.122417	-8.559153	-71.970880	-17.768890	-13.565130	-3.423856	 10.708980	 1.734972	 0.275327	-5.577320	-14.764360	-12.364390	-5.391603	 58.804280	 2.460737	-1.155981	 64.557630	 2.150452	 1.285813	-35.935100	-4.738446	-4.529231	 70.266850	-0.135172	 3.284530	 79.266010	 0.150178	 7.222867	-11.487990	 29.553590	 11.878280	 58.866730	-6.018465	 19.830810	 67.883520	-4.727704	 19.563600	-21.287990	 14.396420	 5.329135	 68.968440	-3.483137	 9.767880	 75.333980	-1.929018	 12.100050	-10.229580	-34.143420	-2.045156	 26.556960	 33.625770	-0.546869	 0.292212	 32.992590	-0.404565	 3.598593	 0.000000	 90.000000	 0.000000	 173.317000	 9.452725	 160.408300	-178.866700	-8.244039	-38.371010
 0.001815	-0.186640	 0.042096	-172.226500	 19.406390	-92.486290	-12.635660	 3.455259	-6.025709	-10.702810	 7.568492	-5.677769	 2.783870	-11.615330	 108.735200	-0.813313	 0.122417	-8.559153	-45.164980	-31.936610	 11.062330	-35.826100	 20.489570	-0.100136	-16.263910	 27.164340	-42.977580	-11.582920	-4.601621	 9.666660	 2.503291	-1.126934	 4.548135	 3.270450	-0.643668	-80.071260	 3.910729	 3.149760	 11.902900	-0.275389	 3.148105	 9.181604	 2.910501	 4.315562	-70.643350	 37.364530	 19.783210	 14.836020	-6.821038	 19.211720	 10.901230	-5.644864	 19.246190	-70.520160	 18.469290	 10.399980	 21.119830	-3.898340	 9.395206	 9.518596	-0.473063	 9.966733	-72.614270	-51.617550	-12.041010	-7.588076	 16.022730	-0.540169	 0.139211	 14.789960	-0.368235	 3.437935	 1.680334	-9.403564	 90.730670	-96.806160	-9.155085	-91.716810	-177.979400	-9.661844	 104.790600	-0.813313	 0.122417	-8.559153	-72.183910	-18.178480	-13.392290	-3.383019	 10.520630	 1.715386	-0.568042	-5.495842	-14.800010	-13.361290	-6.705007	 65.678220	 2.457615	-1.164089	 74.248700	 1.829573	 1.502648	-28.452480	-5.081692	-5.058824	 70.923230	-0.134167	 3.290419	 81.276820	 0.029739	 7.257493	-9.721601	 29.674550	 12.046420	 58.490090	-6.005635	 19.861700	 69.742740	-4.677814	 19.613130	-17.746750	 14.193350	 4.909505	 70.651260	-3.479024	 9.784206	 77.225520	-2.072588	 12.160270	-6.682280	-32.026520	-1.616932	 25.410390	 49.596500	-0.512492	 0.426934	 44.996190	-0.400082	 3.707381	 0.000000	 90.000000	 0.000000	 173.367000	 9.489362	 160.351900	-178.896800	-8.154339	-38.618620
 0.001749	-0.187536	 0.042575	-172.335500	 19.551240	-92.466420	-12.636030	 3.528424	-6.018887	-10.688960	 7.777535	-5.671527	 2.813688	-11.738690	 108.730100	-0.813313	 0.122417	-8.559153	-45.596000	-32.154680	 10.883640	-35.367180	 20.475080	-0.093187	-16.374820	 27.208480	-43.132310	-11.582920	-4.601621	 9.666660	 2.503291	-1.126934	 4.548135	 3.270450	-0.643668	-80.071260	 3.908204	 3.148657	 11.903040	-0.275389	 3.148105	 9.181604	 2.910495	 4.315587	-70.642990	 37.359670	 19.781430	 14.837680	-6.821038	 19.211720	 10.901230	-5.644817	 19.246180	-70.517990	 18.466090	 10.398330	 21.120450	-3.898340	 9.395206	 9.518596	-0.473063	 9.966733	-72.614270	-51.617550	-12.041010	-7.588076	 16.022730	-0.540169	 0.139211	 14.789960	-0.368235	 3.437935	 1.684648	-9.524429	 90.733680	-96.913340	-9.581838	-91.546690	-177.946700	-9.791643	 104.868700	-0.813313	 0.122417	-8.559153	-72.366520	-18.514670	-13.277310	-3.347631	 10.288060	 1.700120	-1.453897	-5.514293	-13.925660	-13.815080	-7.338174	 67.370410	 2.457046	-1.166216	 76.702830	 1.744586	 1.550467	-26.569400	-5.388932	-5.492443	 71.101350	-0.133204	 3.297814	 83.787190	-0.072866	 7.283873	-8.228426	 29.676660	 12.051190	 58.471100	-5.990681	 19.902060	 72.138920	-4.652725	 19.640510	-15.870620	 14.097970	 4.561696	 72.795750	-3.474628	 9.804920	 79.605580	-2.195026	 12.203760	-3.724390	-30.303670	-1.311794	 24.436960	 63.084760	-0.455427	 0.529688	 52.469600	-0.385856	 3.773736	 0.000000	 90.000000	 0.000000	 173.415900	 9.500709	 160.298000	-178.890400	-8.102961	-38.837440
 0.001528	-0.188238	 0.042882	-172.395500	 19.635400	-92.474010	-12.641640	 3.575416	-6.011056	-10.672140	 7.914027	-5.676417	 2.846361	-11.871260	 108.731300	-0.813313	 0.122417	-8.559153	-45.931910	-32.309460	 10.736470	-34.995750	 20.458170	-0.081451	-16.359100	 27.205600	-43.292130	-11.582920	-4.601621	 9.666660	 2.503291	-1.126934	 4.548135	 3.270450	-0.643668	-80.071260	 3.906603	 3.147957	 11.903140	-0.275389	 3.148105	 9.181604	 2.910488	 4.315615	-70.642590	 37.356570	 19.780290	 14.838730	-6.821038	 19.211720	 10.901230	-5.644771	 19.246180	-70.515720	 18.464070	 10.397290	 21.120840	-3.898340	 9.395206	 9.518596	-0.473063	 9.966733	-72.614270	-51.617550	-12.041010	-7.588076	 16.022730	-0.540169	 0.139211	 14.789960	-0.368235	 3.437935	 1.686925	-9.583252	 90.736020	-96.966970	-9.794819	-91.322100	-177.912200	-9.934649	 104.929900	-0.813313	 0.122417	-8.559153	-72.584260	-18.871910	-13.186860	-3.311455	 10.209140	 1.680632	-2.567550	-5.364789	-13.116370	-13.881540	-7.479248	 68.513400	 2.456721	-1.167630	 78.318330	 1.687694	 1.580466	-25.327430	-5.770776	-5.954038	 70.709050	-0.132542	 3.305637	 86.430040	-0.123158	 7.295778	-7.500070	 29.676670	 12.051200	 58.471100	-5.976329	 19.947050	 74.773250	-4.638938	 19.656370	-14.807800	 14.020720	 4.193340	 75.148770	-3.470921	 9.827089	 82.132730	-2.332066	 12.244370	-0.472774	-28.482700	-1.035894	 23.362460	 77.908480	-0.367039	 0.623802	 58.061190	-0.369628	 3.821868	 0.000000	 90.000000	 0.000000	 173.478800	 9.507751	 160.238400	-178.833700	-8.083738	-39.005440
 0.001280	-0.188579	 0.043015	-172.396900	 19.660840	-92.504060	-12.651470	 3.595655	-6.002155	-10.658040	 7.948728	-5.689498	 2.872848	-11.975140	 108.741600	-0.813313	 0.122417	-8.559153	-46.043670	-32.347020	 10.693680	-34.866430	 20.441750	-0.068062	-16.280230	 27.165870	-43.377780	-11.582920	-4.601621	 9.666660	 2.503291	-1.126934	 4.548135	 3.270450	-0.643668	-80.071260	 3.905967	 3.147678	 11.903170	-0.275389	 3.148105	 9.181604	 2.910482	 4.315639	-70.642230	 37.355360	 19.779850	 14.839150	-6.821038	 19.211720	 10.901230	-5.644736	 19.246180	-70.513920	 18.463250	 10.396870	 21.120990	-3.898340	 9.395206	 9.518596	-0.473063	 9.966733	-72.614270	-51.617550	-12.041010	-7.588076	 16.022730	-0.540169	 0.139211	 14.789960	-0.368235	 3.437935	 1.687140	-9.598338	 90.737450	-96.958240	-9.723822	-91.194530	-177.883800	-10.057720	 104.964700	-0.813313	 0.122417	-8.559153	-72.806350	-19.175780	-13.141460	-3.283113	 10.316200	 1.661252	-3.619676	-5.084053	-12.232370	-13.883260	-7.521996	 69.299240	 2.456522	-1.168599	 79.421450	 1.648450	 1.600253	-24.478740	-6.120038	-6.348456	 70.192310	-0.132267	 3.312165	 88.629610	-0.122845	 7.295706	-7.504603	 29.676670	 12.051200	 58.471080	-5.965638	 19.986660	 77.065860	-4.636322	 19.659440	-14.603300	 13.976250	 3.885853	 77.193020	-3.468577	 9.845819	 84.255000	-2.453069	 12.273460	 2.356779	-26.962070	-0.845201	 22.425820	 90.805100	-0.272701	 0.684920	 60.903550	-0.359602	 3.845667	 0.000000	 90.000000	 0.000000	 173.537800	 9.505250	 160.204600	-178.758700	-8.090867	-39.108030
 0.000887	-0.188721	 0.043057	-172.349000	 19.669940	-92.549940	-12.642690	 3.602207	-6.013361	-10.638000	 7.909718	-5.717807	 2.901097	-12.080800	 108.765500	-0.813313	 0.122417	-8.559153	-46.013500	-32.304130	 10.730920	-35.094340	 20.437240	-0.047022	-16.126060	 27.088470	-43.391080	-11.582920	-4.601621	 9.666660	 2.503291	-1.126934	 4.548135	 3.270450	-0.643668	-80.071260	 3.905312	 3.147393	 11.903210	-0.275389	 3.148105	 9.181604	 2.910473	 4.315673	-70.641730	 37.354140	 19.779410	 14.839560	-6.821038	 19.211720	 10.901230	-5.644699	 19.246180	-70.512120	 18.462410	 10.396450	 21.121160	-3.898340	 9.395206	 9.518596	-0.473063	 9.966733	-72.614270	-51.617550	-12.041010	-7.588076	 16.022730	-0.540169	 0.139211	 14.789960	-0.368235	 3.437935	 1.685425	-9.612087	 90.738270	-96.918890	-9.461645	-91.114730	-177.849200	-10.213860	 104.988300	-0.813313	 0.122417	-8.559153	-73.134980	-19.558490	-13.116980	-3.249528	 10.510930	 1.636732	-5.056099	-4.709423	-10.940700	-13.988290	-7.691705	 69.905620	 2.456377	-1.169369	 80.293880	 1.617199	 1.615493	-23.807340	-6.556459	-6.867383	 69.798830	-0.132275	 3.320283	 91.362080	-0.076274	 7.284702	-8.179008	 29.676670	 12.051200	 58.471080	-5.954223	 20.038970	 80.061890	-4.643120	 19.651490	-15.132790	 13.948900	 3.504152	 79.859990	-3.466634	 9.869426	 86.919240	-2.613117	 12.302620	 6.053944	-25.067640	-0.663077	 21.202630	 107.652500	-0.133308	 0.730384	 62.125090	-0.354929	 3.855732	 0.000000	 90.000000	 0.000000	 173.613000	 9.460563	 160.180700	-178.801500	-8.350357	-39.233370
 0.000571	-0.188635	 0.043004	-172.270500	 19.662260	-92.588940	-12.623670	 3.591937	-6.035090	-10.624730	 7.814116	-5.744035	 2.915420	-12.130310	 108.787900	-0.813313	 0.122417	-8.559153	-45.821520	-32.183560	 10.837820	-35.431720	 20.461370	-0.030340	-15.980570	 27.037900	-43.360600	-11.582920	-4.601621	 9.666660	 2.503291	-1.126934	 4.548135	 3.270450	-0.643668	-80.071260	 3.904985	 3.147249	 11.903230	-0.275389	 3.148105	 9.181604	 2.910468	 4.315697	-70.641400	 37.353530	 19.779180	 14.839770	-6.821038	 19.211720	 10.901230	-5.644679	 19.246170	-70.511160	 18.461980	 10.396220	 21.121240	-3.898340	 9.395206	 9.518596	-0.473063	 9.966733	-72.614270	-51.617550	-12.041010	-7.588076	 16.022730	-0.540169	 0.139211	 14.789960	-0.368235	 3.437935	 1.683253	-9.647632	 90.738030	-96.902840	-9.295860	-91.076940	-177.826900	-10.318340	 104.992800	-0.813313	 0.122417	-8.559153	-73.385690	-19.814040	-13.115150	-3.227749	 10.523350	 1.623582	-5.951651	-4.607576	-10.037720	-13.994260	-7.701106	 69.933880	 2.456371	-1.169406	 80.335300	 1.615669	 1.616227	-23.774550	-6.841381	-7.236289	 69.765240	-0.132495	 3.325682	 93.181040	-0.023143	 7.271441	-8.950781	 29.676670	 12.051200	 58.471080	-5.947965	 20.075920	 82.162180	-4.653087	 19.640110	-15.898280	 13.949650	 3.251144	 81.726840	-3.465954	 9.885352	 88.712300	-2.726278	 12.317020	 8.645204	-23.803920	-0.579215	 20.347300	 119.458600	-0.030590	 0.737099	 61.530440	-0.357233	 3.850844	 0.000000	 90.000000	 0.000000	 173.665500	 9.405638	 160.173000	-178.745100	-8.422173	-39.276030
 0.000121	-0.188366	 0.042856	-172.187400	 19.636550	-92.618660	-12.591180	 3.566228	-6.071603	-10.605170	 7.698108	-5.779608	 2.927244	-12.166690	 108.817700	-0.813313	 0.122417	-8.559153	-45.510470	-31.998400	 11.011070	-35.892210	 20.510160	-0.009493	-15.808380	 26.993250	-43.306720	-11.582920	-4.601621	 9.666660	 2.503291	-1.126934	 4.548135	 3.270450	-0.643668	-80.071260	 3.904734	 3.147140	 11.903250	-0.275389	 3.148105	 9.181604	 2.910461	 4.315723	-70.641010	 37.353050	 19.779000	 14.839940	-6.821038	 19.211720	 10.901230	-5.644665	 19.246170	-70.510430	 18.461650	 10.396060	 21.121300	-3.898340	 9.395206	 9.518596	-0.473063	 9.966733	-72.614270	-51.617550	-12.041010	-7.588076	 16.022730	-0.540169	 0.139211	 14.789960	-0.368235	 3.437935	 1.679686	-9.703706	 90.736950	-96.878680	-9.215346	-90.993880	-177.803800	-10.429740	 104.988900	-0.813313	 0.122417	-8.559153	-73.683630	-20.087520	-13.119450	-3.205342	 10.368060	 1.614030	-6.725477	-4.692901	-9.122591	-13.980050	-7.694138	 70.145550	 2.456325	-1.169668	 80.632700	 1.604994	 1.621323	-23.546130	-7.163532	-7.652477	 69.725050	-0.132925	 3.331496	 95.143780	 0.045958	 7.253062	-9.958575	 29.676670	 12.051200	 58.471080	-5.942625	 20.117980	 84.540190	-4.667755	 19.623890	-17.003030	 13.969440	 2.980130	 83.838160	-3.465789	 9.902731	 90.667530	-2.855030	 12.327260	 11.578600	-22.438680	-0.526302	 19.382310	 132.821900	 0.084483	 0.719198	 59.663900	-0.364119	 3.835349	 0.000000	 90.000000	 0.000000	 173.725700	 9.324931	 160.168200	-178.642600	-8.470620	-39.258030
-0.000461	-0.187901	 0.042635	-172.083500	 19.591650	-92.642140	-12.543910	 3.521165	-6.124553	-10.584590	 7.502108	-5.824476	 2.935694	-12.186480	 108.854700	-0.813313	 0.122417	-8.559153	-45.148530	-31.787420	 11.232110	-36.376990	 20.583570	 0.015858	-15.646790	 26.970090	-43.248180	-11.582920	-4.601621	 9.666660	 2.503291	-1.126934	 4.548135	 3.270450	-0.643668	-80.071260	 3.904599	 3.147080	 11.903250	-0.275389	 3.148105	 9.181604	 2.910453	 4.315752	-70.640570	 37.352830	 19.778920	 14.840000	-6.821038	 19.211720	 10.901230	-5.644656	 19.246170	-70.510060	 18.461480	 10.395970	 21.121330	-3.898340	 9.395206	 9.518596	-0.473063	 9.966733	-72.614270	-51.617550	-12.041010	-7.588076	 16.022730	-0.540169	 0.139211	 14.789960	-0.368235	 3.437935	 1.673587	-9.729608	 90.734410	-96.786010	-9.207165	-90.891650	-177.781100	-10.542410	 104.977100	-0.813313	 0.122417	-8.559153	-74.024130	-20.367600	-13.120830	-3.185031	 10.076270	 1.608894	-7.353236	-4.924235	-8.453364	-13.989180	-7.715202	 70.307490	 2.456288	-1.169880	 80.871850	 1.596401	 1.625386	-23.362590	-7.520849	-8.112896	 69.677780	-0.133591	 3.337578	 97.202980	 0.119576	 7.232044	-11.037670	 29.676660	 12.051200	 58.471060	-5.938874	 20.164890	 87.181880	-4.685822	 19.604760	-18.331160	 14.013940	 2.699389	 86.180920	-3.466273	 9.921193	 92.745260	-2.998439	 12.331070	 14.836440	-21.005510	-0.517932	 18.315940	 147.662200	 0.203510	 0.668794	 56.422330	-0.374873	 3.807929	 0.000000	 90.000000	 0.000000	 173.794900	 9.218432	 160.161300	-178.487800	-8.490385	-39.169130
-0.001006	-0.187407	 0.042413	-171.979800	 19.546640	-92.652810	-12.495270	 3.468621	-6.179144	-10.567630	 7.282673	-5.866983	 2.939774	-12.189590	 108.889100	-0.813313	 0.122417	-8.559153	-44.826160	-31.603220	 11.446380	-36.903170	 20.659730	 0.039859	-15.441280	 26.935110	-43.167850	-11.582920	-4.601621	 9.666660	 2.503291	-1.126934	 4.548135	 3.270450	-0.643668	-80.071260	 3.904637	 3.147098	 11.903250	-0.275389	 3.148105	 9.181604	 2.910446	 4.315781	-70.640170	 37.352890	 19.778950	 14.839980	-6.821038	 19.211720	 10.901230	-5.644658	 19.246170	-70.510090	 18.461490	 10.395970	 21.121340	-3.898340	 9.395206	 9.518596	-0.473063	 9.966733	-72.614270	-51.617550	-12.041010	-7.588076	 16.022730	-0.540169	 0.139211	 14.789960	-0.368235	 3.437935	 1.666481	-9.722991	 90.731020	-96.665610	-9.234129	-90.902980	-177.763900	-10.628930	 104.964000	-0.813313	 0.122417	-8.559153	-74.311860	-20.549610	-13.172060	-3.172969	 9.805217	 1.607993	-7.765172	-5.155592	-8.155864	-13.994960	-7.727563	 70.391750	 2.456269	-1.169997	 81.004140	 1.591646	 1.627620	-23.261140	-7.832294	-8.513121	 69.634250	-0.134301	 3.342556	 98.895580	 0.167931	 7.217423	-11.749740	 29.676660	 12.051200	 58.471060	-5.937488	 20.205910	 89.487980	-4.700603	 19.589750	-19.393140	 14.071130	 2.472659	 88.223950	-3.467197	 9.936561	 94.477100	-3.123601	 12.327890	 17.679610	-19.827720	-0.552254	 17.390790	 160.612700	 0.293836	 0.601110	 52.887560	-0.384809	 3.777387	 0.000000	 90.000000	 0.000000	 173.856600	 9.116524	 160.165900	-178.374500	-8.560289	-39.052510
-0.001501	-0.186892	 0.042182	-171.860600	 19.497560	-92.660220	-12.447420	 3.411520	-6.233180	-10.553040	 7.054771	-5.907009	 2.941432	-12.184060	 108.920500	-0.813313	 0.122417	-8.559153	-44.482980	-31.410360	 11.672370	-37.578190	 20.734450	 0.063277	-15.144760	 26.864460	-43.039100	-11.582920	-4.601621	 9.666660	 2.503291	-1.126934	 4.548135	 3.270450	-0.643668	-80.071260	 3.904753	 3.147148	 11.903240	-0.275389	 3.148105	 9.181604	 2.910440	 4.315806	-70.639790	 37.353170	 19.779050	 14.839890	-6.821038	 19.211720	 10.901230	-5.644663	 19.246180	-70.510410	 18.461650	 10.396060	 21.121300	-3.898340	 9.395206	 9.518596	-0.473063	 9.966733	-72.614270	-51.617550	-12.041010	-7.588076	 16.022730	-0.540169	 0.139211	 14.789960	-0.368235	 3.437935	 1.658683	-9.695930	 90.727070	-96.530670	-9.272112	-90.955180	-177.761800	-10.644270	 104.950600	-0.813313	 0.122417	-8.559153	-74.552570	-20.642490	-13.278790	-3.167916	 9.618354	 1.609133	-8.078928	-5.336576	-7.903140	-13.998290	-7.734025	 70.428230	 2.456259	-1.170055	 81.069510	 1.589303	 1.628717	-23.211170	-8.112629	-8.872462	 69.593240	-0.135022	 3.346777	 100.336900	 0.188178	 7.211107	-12.048710	 29.676660	 12.051200	 58.471060	-5.937747	 20.242900	 91.566570	-4.710923	 19.579580	-20.122280	 14.136510	 2.283541	 90.063990	-3.468373	 9.949797	 95.971950	-3.236125	 12.319830	 20.241600	-18.825740	-0.615121	 16.561990	 172.282300	 0.360384	 0.524142	 49.383380	-0.392780	 3.746566	 0.000000	 90.000000	 0.000000	 173.912300	 9.021926	 160.192500	-178.283400	-8.653129	-38.925080
-0.002095	-0.186151	 0.041807	-171.677900	 19.411370	-92.667740	-12.385510	 3.329246	-6.303735	-10.535680	 6.744991	-5.957403	 2.941695	-12.170380	 108.958400	-0.813313	 0.122417	-8.559153	-44.008460	-31.146830	 11.987230	-38.483720	 20.826030	 0.094102	-14.753700	 26.762590	-42.835520	-11.582920	-4.601621	 9.666660	 2.503291	-1.126934	 4.548135	 3.270450	-0.643668	-80.071260	 3.905043	 3.147274	 11.903230	-0.275389	 3.148105	 9.181604	 2.910433	 4.315837	-70.639350	 37.353780	 19.779270	 14.839680	-6.821038	 19.211720	 10.901230	-5.644681	 19.246180	-70.511210	 18.462020	 10.396240	 21.121230	-3.898340	 9.395206	 9.518596	-0.473063	 9.966733	-72.614270	-51.617550	-12.041010	-7.588076	 16.022730	-0.540169	 0.139211	 14.789960	-0.368235	 3.437935	 1.647282	-9.637804	 90.721090	-96.335910	-9.318229	-91.019490	-177.779900	-10.575370	 104.905000	-0.813313	 0.122417	-8.559153	-74.811900	-20.646040	-13.509200	-3.169238	 9.454803	 1.613230	-8.464940	-5.547613	-7.438780	-14.000340	-7.736832	 70.429970	 2.456256	-1.170073	 81.089670	 1.588590	 1.629050	-23.195980	-8.458924	-9.315112	 69.540150	-0.135991	 3.351647	 102.008600	 0.188712	 7.210938	-12.056590	 29.676660	 12.051200	 58.471040	-5.940042	 20.288610	 94.137840	-4.716566	 19.574140	-20.516930	 14.234470	 2.070328	 92.338470	-3.470207	 9.965347	 97.733540	-3.374584	 12.303070	 23.409790	-17.665770	-0.733006	 15.543830	-173.286600	 0.419006	 0.412938	 44.971520	-0.400116	 3.707160	 0.000000	 90.000000	 0.000000	 173.982400	 8.907978	 160.251200	-178.157700	-8.761937	-38.747730
-0.002557	-0.185485	 0.041437	-171.490400	 19.328340	-92.674360	-12.332800	 3.250130	-6.364661	-10.521260	 6.467835	-5.999765	 2.941127	-12.156500	 108.988300	-0.813313	 0.122417	-8.559153	-43.577990	-30.910340	 12.279240	-38.958050	 20.893850	 0.120252	-14.490800	 26.691270	-42.659920	-11.582920	-4.601621	 9.666660	 2.503291	-1.126934	 4.548135	 3.270450	-0.643668	-80.071260	 3.905408	 3.147435	 11.903210	-0.275389	 3.148105	 9.181604	 2.910426	 4.315864	-70.638950	 37.354520	 19.779540	 14.839430	-6.821038	 19.211720	 10.901230	-5.644703	 19.246170	-70.512240	 18.462500	 10.396490	 21.121140	-3.898340	 9.395206	 9.518596	-0.473063	 9.966733	-72.614270	-51.617550	-12.041010	-7.588076	 16.022730	-0.540169	 0.139211	 14.789960	-0.368235	 3.437935	 1.636075	-9.569722	 90.715080	-96.152080	-9.338881	-91.023700	-177.814800	-10.441300	 104.818100	-0.813313	 0.122417	-8.559153	-74.979590	-20.518610	-13.848280	-3.174953	 9.285024	 1.620076	-8.861473	-5.794787	-6.974450	-14.000580	-7.735548	 70.401340	 2.456260	-1.170049	 81.063060	 1.589561	 1.628596	-23.216680	-8.753252	-9.690210	 69.492940	-0.136860	 3.355488	 103.333900	 0.188712	 7.210938	-12.056590	 29.676660	 12.051200	 58.471020	-5.943717	 20.327380	 96.326400	-4.716576	 19.574120	-20.517600	 14.331770	 1.907473	 94.273050	-3.472042	 9.977859	 99.155860	-3.491500	 12.282950	 26.105490	-16.748710	-0.866784	 14.683550	-161.007400	 0.445691	 0.309276	 41.459660	-0.403775	 3.675460	 0.000000	 90.000000	 0.000000	 174.044300	 8.819715	 160.319900	-178.021900	-8.818788	-38.589340
-0.003098	-0.184690	 0.040934	-171.285800	 19.206290	-92.675990	-12.277880	 3.155438	-6.429322	-10.505500	 6.163455	-6.044018	 2.941033	-12.143240	 109.021600	-0.813313	 0.122417	-8.559153	-43.099550	-30.650740	 12.615970	-39.173080	 20.961950	 0.147449	-14.282860	 26.648130	-42.549960	-11.582920	-4.601621	 9.666660	 2.503291	-1.126934	 4.548135	 3.270450	-0.643668	-80.071260	 3.905948	 3.147670	 11.903170	-0.275389	 3.148105	 9.181604	 2.910418	 4.315896	-70.638500	 37.355590	 19.779940	 14.839070	-6.821038	 19.211720	 10.901230	-5.644731	 19.246180	-70.513720	 18.463170	 10.396840	 21.121010	-3.898340	 9.395206	 9.518596	-0.473063	 9.966733	-72.614270	-51.617550	-12.041010	-7.588076	 16.022730	-0.540169	 0.139211	 14.789960	-0.368235	 3.437935	 1.622319	-9.479096	 90.707520	-95.941850	-9.331779	-90.939010	-177.860600	-10.265140	 104.701300	-0.813313	 0.122417	-8.559153	-75.107520	-20.290470	-14.286280	-3.185374	 9.080675	 1.630468	-9.552808	-6.119804	-6.429947	-13.999670	-7.731312	 70.347550	 2.456270	-1.169992	 80.998790	 1.591891	 1.627505	-23.266350	-9.074307	-10.098160	 69.439290	-0.137834	 3.359363	 104.678700	 0.188712	 7.210938	-12.056590	 29.676680	 12.051220	 58.471000	-5.949534	 20.369540	 98.717160	-4.716576	 19.574120	-20.517600	 14.451590	 1.749675	 96.385120	-3.474273	 9.990752	 100.627700	-3.617907	 12.254870	 29.049090	-15.821830	-1.046457	 13.750480	-147.598300	 0.448956	 0.192472	 38.243480	-0.405419	 3.646287	 0.000000	 90.000000	 0.000000	 174.115200	 8.739611	 160.410700	-177.852500	-8.855498	-38.408160
-0.003755	-0.183801	 0.040327	-171.117200	 19.041290	-92.669530	-12.231320	 3.059562	-6.485681	-10.490240	 5.887599	-6.082266	 2.942981	-12.136670	 109.058900	-0.813313	 0.122417	-8.559153	-42.659860	-30.416580	 12.943070	-39.377630	 21.033730	 0.171946	-14.149470	 26.648240	-42.533030	-11.582920	-4.601621	 9.666660	 2.503291	-1.126934	 4.548135	 3.270450	-0.643668	-80.071260	 3.906584	 3.147949	 11.903140	-0.275389	 3.148105	 9.181604	 2.910411	 4.315924	-70.638080	 37.356840	 19.780390	 14.838640	-6.821038	 19.211720	 10.901230	-5.644767	 19.246180	-70.515450	 18.463980	 10.397250	 21.120860	-3.898340	 9.395206	 9.518596	-0.473063	 9.966733	-72.614270	-51.617550	-12.041010	-7.588076	 16.022730	-0.540169	 0.139211	 14.789960	-0.368235	 3.437935	 1.607993	-9.381519	 90.699570	-95.749690	-9.303313	-90.796680	-177.913100	-10.049880	 104.596900	-0.813313	 0.122417	-8.559153	-75.181660	-20.040710	-14.682970	-3.198686	 8.885429	 1.642389	-10.342190	-6.461243	-5.885928	-13.998030	-7.725594	 70.284260	 2.456282	-1.169918	 80.915160	 1.594915	 1.626086	-23.330870	-9.376205	-10.480560	 69.386800	-0.138751	 3.362707	 105.846100	 0.188713	 7.210939	-12.056610	 29.676680	 12.051220	 58.470970	-5.956724	 20.408990	 100.968400	-4.716576	 19.574120	-20.517600	 14.576350	 1.620714	 98.372950	-3.476536	 10.002160	 101.934900	-3.735399	 12.222660	 31.819870	-15.021290	-1.246134	 12.878000	-134.975500	 0.427179	 0.084624	 36.162000	-0.405603	 3.627373	 0.000000	 90.000000	 0.000000	 174.183900	 8.676478	 160.507400	-177.686600	-8.888458	-38.217710
-0.004505	-0.182805	 0.039691	-170.977100	 18.862730	-92.659490	-12.181390	 2.961599	-6.533347	-10.467950	 5.643242	-6.114585	 2.947744	-12.139850	 109.100300	-0.813313	 0.122417	-8.559153	-42.264070	-30.211880	 13.261150	-39.509470	 21.108480	 0.193605	-14.070510	 26.673860	-42.535360	-11.582920	-4.601621	 9.666660	 2.503291	-1.126934	 4.548135	 3.270450	-0.643668	-80.071260	 3.907297	 3.148260	 11.903100	-0.275389	 3.148105	 9.181604	 2.910405	 4.315952	-70.637680	 37.358280	 19.780920	 14.838150	-6.821038	 19.211720	 10.901230	-5.644806	 19.246180	-70.517450	 18.464890	 10.397720	 21.120680	-3.898340	 9.395206	 9.518596	-0.473063	 9.966733	-72.614270	-51.617550	-12.041010	-7.588076	 16.022730	-0.540169	 0.139211	 14.789960	-0.368235	 3.437935	 1.592974	-9.279433	 90.691160	-95.584360	-9.256529	-90.626790	-177.974400	-9.786921	 104.500800	-0.813313	 0.122417	-8.559153	-75.207370	-19.754840	-15.080260	-3.214171	 8.709540	 1.655200	-11.086170	-6.803918	-5.329800	-13.996100	-7.719473	 70.220310	 2.456295	-1.169837	 80.823720	 1.598218	 1.624529	-23.401390	-9.666767	-10.847460	 69.334370	-0.139621	 3.365653	 106.880000	 0.188714	 7.210939	-12.056630	 29.676670	 12.051220	 58.470970	-5.965211	 20.446730	 103.138200	-4.716576	 19.574120	-20.517600	 14.706590	 1.514754	 100.287900	-3.478818	 10.012460	 103.121600	-3.846961	 12.186410	 34.489230	-14.316840	-1.465234	 12.042450	-122.813800	 0.384368	-0.012373	 35.372260	-0.405495	 3.620197	 0.000000	 90.000000	 0.000000	 174.248900	 8.618137	 160.607500	-177.535800	-8.940583	-38.019000
-0.005286	-0.181807	 0.039098	-170.864600	 18.704360	-92.651280	-12.121440	 2.867582	-6.569082	-10.435360	 5.437475	-6.138929	 2.955478	-12.154560	 109.142600	-0.813313	 0.122417	-8.559153	-41.941580	-30.053000	 13.549080	-39.611900	 21.181230	 0.211411	-14.029330	 26.715230	-42.552720	-11.582920	-4.601621	 9.666660	 2.503291	-1.126934	 4.548135	 3.270450	-0.643668	-80.071260	 3.908049	 3.148588	 11.903050	-0.275389	 3.148105	 9.181604	 2.910398	 4.315979	-70.637300	 37.359780	 19.781470	 14.837640	-6.821038	 19.211720	 10.901230	-5.644850	 19.246190	-70.519520	 18.465850	 10.398210	 21.120490	-3.898340	 9.395206	 9.518596	-0.473063	 9.966733	-72.614270	-51.617550	-12.041010	-7.588076	 16.022730	-0.540169	 0.139211	 14.789960	-0.368235	 3.437935	 1.578242	-9.181983	 90.682850	-95.452850	-9.198803	-90.462980	-178.040400	-9.500295	 104.399200	-0.813313	 0.122417	-8.559153	-75.179660	-19.416460	-15.524940	-3.230272	 8.572125	 1.667545	-11.880890	-7.114061	-4.818599	-13.994360	-7.714187	 70.166850	 2.456308	-1.169763	 80.739640	 1.601253	 1.623096	-23.466190	-9.931997	-11.181370	 69.284940	-0.140391	 3.368110	 107.746500	 0.188714	 7.210939	-12.056630	 29.676680	 12.051240	 58.470930	-5.974298	 20.480930	 105.121600	-4.716576	 19.574130	-20.517630	 14.833460	 1.433882	 102.037600	-3.480954	 10.021290	 104.143000	-3.947288	 12.148880	 36.928220	-13.731000	-1.687328	 11.282890	-111.700600	 0.328160	-0.091320	 35.370370	-0.405495	 3.620178	 0.000000	 90.000000	 0.000000	 174.306900	 8.567225	 160.701700	-177.433900	-9.049299	-37.829480
-0.006313	-0.180534	 0.038300	-170.763100	 18.500760	-92.634150	-12.035600	 2.751608	-6.598715	-10.384440	 5.201072	-6.159532	 2.962287	-12.160940	 109.196800	-0.813313	 0.122417	-8.559153	-41.659910	-29.928090	 13.870680	-39.640960	 21.274670	 0.231908	-14.003250	 26.781500	-42.591260	-11.582920	-4.601621	 9.666660	 2.503291	-1.126934	 4.548135	 3.270450	-0.643668	-80.071260	 3.909071	 3.149035	 11.902990	-0.275389	 3.148105	 9.181604	 2.910390	 4.316010	-70.636830	 37.361790	 19.782200	 14.836950	-6.821038	 19.211720	 10.901230	-5.644908	 19.246190	-70.522360	 18.467160	 10.398880	 21.120240	-3.898340	 9.395206	 9.518596	-0.473063	 9.966733	-72.614270	-51.617550	-12.041010	-7.588076	 16.022730	-0.540169	 0.139211	 14.789960	-0.368235	 3.437935	 1.559538	-9.064574	 90.672290	-95.311030	-9.114902	-90.281810	-178.117700	-9.166061	 104.265300	-0.813313	 0.122417	-8.559153	-75.087500	-18.938030	-16.132400	-3.249316	 8.265713	 1.685858	-12.954070	-7.643457	-4.255927	-13.992740	-7.709426	 70.119530	 2.456322	-1.169685	 80.651030	 1.604446	 1.621583	-23.534420	-10.247190	-11.576900	 69.224240	-0.141262	 3.370742	 108.679300	 0.188716	 7.210939	-12.056640	 29.676680	 12.051240	 58.470930	-5.986749	 20.521200	 107.481800	-4.716576	 19.574130	-20.517630	 14.993170	 1.357736	 104.119000	-3.483518	 10.031060	 105.279000	-4.064372	 12.098840	 39.829460	-13.106710	-1.977436	 10.383610	-98.479710	 0.243066	-0.168990	 35.370370	-0.405495	 3.620178	 0.000000	 90.000000	 0.000000	 174.372200	 8.509785	 160.825600	-177.330900	-9.212457	-37.591250
-0.007255	-0.179383	 0.037458	-170.691300	 18.291900	-92.604290	-11.949650	 2.647468	-6.614530	-10.329890	 5.000045	-6.170468	 2.957759	-12.123990	 109.246000	-0.813313	 0.122417	-8.559153	-41.526890	-29.885000	 14.127340	-39.489220	 21.366160	 0.252174	-13.985940	 26.850310	-42.640460	-11.582920	-4.601621	 9.666660	 2.503291	-1.126934	 4.548135	 3.270450	-0.643668	-80.071260	 3.910092	 3.149482	 11.902940	-0.275389	 3.148105	 9.181604	 2.910383	 4.316041	-70.636400	 37.363790	 19.782940	 14.836270	-6.821038	 19.211720	 10.901230	-5.644962	 19.246190	-70.525200	 18.468460	 10.399550	 21.119990	-3.898340	 9.395206	 9.518596	-0.473063	 9.966733	-72.614270	-51.617550	-12.041010	-7.588076	 16.022730	-0.540169	 0.139211	 14.789960	-0.368235	 3.437935	 1.542055	-8.963268	 90.662360	-95.200360	-9.029845	-90.159230	-178.198900	-8.807579	 104.134800	-0.813313	 0.122417	-8.559153	-74.957860	-18.466850	-16.717020	-3.265022	 7.832129	 1.705594	-13.996940	-8.281747	-3.829331	-13.992130	-7.707654	 70.102130	 2.456331	-1.169635	 80.594700	 1.606476	 1.620618	-23.577830	-10.524810	-11.924090	 69.168980	-0.141976	 3.372802	 109.413100	 0.188718	 7.210937	-12.056670	 29.676680	 12.051240	 58.470880	-5.999194	 20.556300	 109.563700	-4.716577	 19.574130	-20.517650	 15.141050	 1.308834	 105.954300	-3.485762	 10.039020	 106.208600	-4.165339	 12.049950	 42.387360	-12.622200	-2.255414	 9.593895	-86.821760	 0.154980	-0.219731	 35.370370	-0.405495	 3.620178	 0.000000	 90.000000	 0.000000	 174.424000	 8.461969	 160.959700	-177.133700	-9.173206	-37.349580
-0.008158	-0.178273	 0.036604	-170.640700	 18.086510	-92.561650	-11.860690	 2.547921	-6.624737	-10.270130	 4.813410	-6.176528	 2.945877	-12.058130	 109.294400	-0.813313	 0.122417	-8.559153	-41.461030	-29.878570	 14.362130	-39.253910	 21.462430	 0.273984	-13.960160	 26.920760	-42.700360	-11.582920	-4.601621	 9.666660	 2.503291	-1.126934	 4.548135	 3.270450	-0.643668	-80.071260	 3.911153	 3.149946	 11.902870	-0.275389	 3.148105	 9.181604	 2.910376	 4.316068	-70.636000	 37.365910	 19.783710	 14.835550	-6.821038	 19.211720	 10.901230	-5.645026	 19.246200	-70.528180	 18.469810	 10.400240	 21.119730	-3.898340	 9.395206	 9.518596	-0.473063	 9.966733	-72.614270	-51.617550	-12.041010	-7.588076	 16.022730	-0.540169	 0.139211	 14.789960	-0.368235	 3.437935	 1.524407	-8.871308	 90.652340	-95.108710	-8.939827	-90.111080	-178.280500	-8.442884	 104.001200	-0.813313	 0.122417	-8.559153	-74.796260	-17.988700	-17.301470	-3.279160	 7.362730	 1.725590	-15.060570	-8.949629	-3.479814	-13.992150	-7.707668	 70.102010	 2.456334	-1.169613	 80.570600	 1.607343	 1.620206	-23.596370	-10.791240	-12.256200	 69.114400	-0.142608	 3.374552	 110.039500	 0.188718	 7.210937	-12.056670	 29.676680	 12.051240	 58.470880	-6.012426	 20.589590	 111.564600	-4.716577	 19.574130	-20.517650	 15.288570	 1.278051	 107.717600	-3.487874	 10.046080	 107.037400	-4.260144	 11.998880	 44.844600	-12.215370	-2.541040	 8.837376	-75.621070	 0.062361	-0.250748	 35.370370	-0.405495	 3.620178	 0.000000	 90.000000	 0.000000	 174.467800	 8.418808	 161.109600	-176.876500	-8.995874	-37.087360
-0.009108	-0.176804	 0.035677	-170.609500	 17.872420	-92.497280	-11.754110	 2.436093	-6.630671	-10.194090	 4.606164	-6.178362	 2.925539	-11.955530	 109.351800	-0.813313	 0.122417	-8.559153	-41.408130	-29.881220	 14.633630	-38.964130	 21.583810	 0.302534	-13.900990	 27.000930	-42.783600	-11.582920	-4.601621	 9.666660	 2.503291	-1.126934	 4.548135	 3.270450	-0.643668	-80.071260	 3.912522	 3.150544	 11.902800	-0.275389	 3.148105	 9.181604	 2.910367	 4.316102	-70.635510	 37.368580	 19.784700	 14.834630	-6.821038	 19.211720	 10.901230	-5.645105	 19.246200	-70.531920	 18.471550	 10.401140	 21.119400	-3.898340	 9.395206	 9.518596	-0.473063	 9.966733	-72.614270	-51.617550	-12.041010	-7.588076	 16.022730	-0.540169	 0.139211	 14.789960	-0.368235	 3.437935	 1.503143	-8.776253	 90.640270	-95.019100	-8.833224	-90.129490	-178.368800	-8.047678	 103.840900	-0.813313	 0.122417	-8.559153	-74.573780	-17.430440	-17.975510	-3.291785	 6.592493	 1.752607	-16.345400	-9.934727	-3.213411	-13.992170	-7.707693	 70.102010	 2.456334	-1.169613	 80.570260	 1.607354	 1.620201	-23.596610	-11.097650	-12.636830	 69.049770	-0.143256	 3.376293	 110.664700	 0.188719	 7.210938	-12.056690	 29.676690	 12.051260	 58.470860	-6.029200	 20.627370	 113.869200	-4.716577	 19.574130	-20.517670	 15.464070	 1.262341	 109.748000	-3.490218	 10.053510	 107.912800	-4.366399	 11.935200	 47.673470	-11.818520	-2.891214	 7.968069	-62.724020	-0.049336	-0.263409	 35.370370	-0.405495	 3.620178	 0.000000	 90.000000	 0.000000	 174.509900	 8.372836	 161.306400	-176.791700	-9.106675	-36.784230
-0.009810	-0.175194	 0.034771	-170.602200	 17.655340	-92.429310	-11.663710	 2.345605	-6.631005	-10.125200	 4.436968	-6.175837	 2.904982	-11.855200	 109.401700	-0.813313	 0.122417	-8.559153	-41.361600	-29.878410	 14.870040	-38.578270	 21.694260	 0.328502	-13.942430	 27.095420	-42.817110	-11.582920	-4.601621	 9.666660	 2.503291	-1.126934	 4.548135	 3.270450	-0.643668	-80.071260	 3.913755	 3.151083	 11.902720	-0.275389	 3.148105	 9.181604	 2.910361	 4.316131	-70.635100	 37.371030	 19.785590	 14.833800	-6.821038	 19.211720	 10.901230	-5.645174	 19.246210	-70.535390	 18.473140	 10.401960	 21.119090	-3.898340	 9.395206	 9.518596	-0.473063	 9.966733	-72.614270	-51.617550	-12.041010	-7.588076	 16.022730	-0.540169	 0.139211	 14.789960	-0.368235	 3.437935	 1.484241	-8.694654	 90.629590	-94.951060	-8.751179	-90.144910	-178.439700	-7.729263	 103.701300	-0.813313	 0.122417	-8.559153	-74.363580	-16.971640	-18.523480	-3.299359	 5.840653	 1.776614	-17.457300	-10.848880	-3.099123	-13.992190	-7.707717	 70.102010	 2.456334	-1.169613	 80.570330	 1.607351	 1.620202	-23.596540	-11.356640	-12.957420	 68.993580	-0.143734	 3.377537	 111.113300	 0.188722	 7.210937	-12.056740	 29.676690	 12.051260	 58.470820	-6.044659	 20.658830	 115.820200	-4.716578	 19.574130	-20.517690	 15.616560	 1.265537	 111.466400	-3.492100	 10.059210	 108.587200	-4.453710	 11.877350	 50.067130	-11.542840	-3.204363	 7.233069	-51.809070	-0.144098	-0.254387	 35.370370	-0.405495	 3.620178	 0.000000	 90.000000	 0.000000	 174.534300	 8.338647	 161.492000	-176.892300	-9.472693	-36.517540
-0.010681	-0.173311	 0.033689	-170.600000	 17.350640	-92.350290	-11.576800	 2.261388	-6.627258	-10.054220	 4.274394	-6.169813	 2.883677	-11.751900	 109.452700	-0.813313	 0.122417	-8.559153	-41.327140	-29.878920	 15.105640	-37.933760	 21.810170	 0.354350	-14.164010	 27.237190	-42.782410	-11.582920	-4.601621	 9.666660	 2.503291	-1.126934	 4.548135	 3.270450	-0.643668	-80.071260	 3.915103	 3.151672	 11.902640	-0.275389	 3.148105	 9.181604	 2.910354	 4.316158	-70.634690	 37.373630	 19.786540	 14.832910	-6.821038	 19.211720	 10.901230	-5.645249	 19.246220	-70.539070	 18.474820	 10.402820	 21.118770	-3.898340	 9.395206	 9.518596	-0.473063	 9.966733	-72.614270	-51.617550	-12.041010	-7.588076	 16.022730	-0.540169	 0.139211	 14.789960	-0.368235	 3.437935	 1.464504	-8.597671	 90.618520	-94.885350	-8.687052	-90.100150	-178.514500	-7.387028	 103.559500	-0.813313	 0.122417	-8.559153	-73.054240	-21.324320	-18.656730	-5.836692	 4.804398	 1.994299	-16.254880	-6.935086	-1.364163	-13.992200	-7.707742	 70.102010	 2.456334	-1.169613	 80.570390	 1.607348	 1.620203	-23.596480	-11.613540	-13.274360	 68.936430	-0.144137	 3.378567	 111.485600	 0.188722	 7.210937	-12.056740	 29.676700	 12.051270	 58.470800	-6.061138	 20.689580	 117.758400	-4.716577	 19.574130	-20.517710	 15.770890	 1.283645	 113.173000	-3.493858	 10.064330	 109.195900	-4.537891	 11.816410	 52.443920	-11.323870	-3.529701	 6.502939	-40.968840	-0.234832	-0.227821	 35.370370	-0.405495	 3.620178	 0.000000	 90.000000	 0.000000	 174.545500	 8.310011	 161.692500	-176.872200	-9.602716	-36.333360
-0.012043	-0.170544	 0.032348	-170.593100	 16.946430	-92.248810	-11.472810	 2.170812	-6.617941	-9.968732	 4.088414	-6.158442	 2.860278	-11.636620	 109.514800	-0.813313	 0.122417	-8.559153	-41.301570	-29.883300	 15.384520	-37.020410	 21.956500	 0.386294	-14.532500	 27.435820	-42.707740	-11.582920	-4.601621	 9.666660	 2.503291	-1.126934	 4.548135	 3.270450	-0.643668	-80.071260	 3.916781	 3.152406	 11.902550	-0.275389	 3.148105	 9.181604	 2.910345	 4.316192	-70.634190	 37.376970	 19.787760	 14.831770	-6.821038	 19.211720	 10.901230	-5.645344	 19.246220	-70.543790	 18.477000	 10.403930	 21.118340	-3.898340	 9.395206	 9.518596	-0.473063	 9.966733	-72.614270	-51.617550	-12.041010	-7.588076	 16.022730	-0.540169	 0.139211	 14.789960	-0.368235	 3.437935	 1.439921	-8.463799	 90.604820	-94.804370	-8.590686	-89.930350	-178.607900	-6.951086	 103.389900	-0.813313	 0.122417	-8.559153	-71.202260	-32.805040	-18.296800	-10.359590	 3.197007	 0.357385	-13.348050	 3.340508	 2.270017	-13.992220	-7.707768	 70.102010	 2.456334	-1.169613	 80.570450	 1.607344	 1.620206	-23.596400	-11.917630	-13.648140	 68.867040	-0.144518	 3.379524	 111.831900	 0.188724	 7.210936	-12.056770	 29.676700	 12.051270	 58.470780	-6.082105	 20.725320	 120.056400	-4.716578	 19.574130	-20.517740	 15.956640	 1.324252	 115.195900	-3.495772	 10.069720	 109.837800	-4.634204	 11.739820	 55.260490	-11.135240	-3.932641	 5.636263	-28.120050	-0.333562	-0.174969	 35.370370	-0.405495	 3.620178	 0.000000	 90.000000	 0.000000	 174.544400	 8.281670	 161.949100	-176.621500	-9.453127	-35.669720
-0.012699	-0.168495	 0.031479	-170.577400	 16.670330	-92.173260	-11.387390	 2.111268	-6.607901	-9.905849	 3.954825	-6.147224	 2.846389	-11.564640	 109.562300	-0.813313	 0.122417	-8.559153	-41.293430	-29.888900	 15.590370	-36.373210	 22.071890	 0.412074	-14.788000	 27.582450	-42.669060	-11.582920	-4.601621	 9.666660	 2.503291	-1.126934	 4.548135	 3.270450	-0.643668	-80.071260	 3.918131	 3.152995	 11.902460	-0.275389	 3.148105	 9.181604	 2.910339	 4.316220	-70.633800	 37.379610	 19.788730	 14.830870	-6.821038	 19.211720	 10.901230	-5.645421	 19.246220	-70.547520	 18.478710	 10.404810	 21.118020	-3.898340	 9.395206	 9.518596	-0.473063	 9.966733	-72.614270	-51.617550	-12.041010	-7.588076	 16.022730	-0.540169	 0.139211	 14.789960	-0.368235	 3.437935	 1.420875	-8.352261	 90.594280	-94.742290	-8.470922	-89.748830	-178.680000	-6.608384	 103.264600	-0.813313	 0.122417	-8.559153	-67.140050	-34.332190	-15.799280	-17.147950	 2.224263	-0.379589	-10.162750	 4.295390	 3.584281	-13.992240	-7.707784	 70.102010	 2.456334	-1.169613	 80.570530	 1.607342	 1.620206	-23.596350	-12.143180	-13.924390	 68.814310	-0.144731	 3.380048	 112.022400	 0.188728	 7.210935	-12.056830	 29.676690	 12.051280	 58.470760	-6.098666	 20.751340	 121.763700	-4.716578	 19.574130	-20.517750	 16.095990	 1.367757	 116.698400	-3.497060	 10.073230	 110.258300	-4.703180	 11.679990	 57.352100	-11.045070	-4.243319	 4.990837	-18.576230	-0.397938	-0.122171	 35.370370	-0.405495	 3.620178	 0.000000	 90.000000	 0.000000	 174.535700	 8.263638	 162.151600	-176.472700	-9.377921	-35.261510
-0.013452	-0.165963	 0.030357	-170.560900	 16.332170	-92.072390	-11.267090	 2.033957	-6.591345	-9.823845	 3.767295	-6.129378	 2.827708	-11.468910	 109.624200	-0.813313	 0.122417	-8.559153	-41.296840	-29.898710	 15.855300	-35.776940	 22.231030	 0.450789	-14.975240	 27.743670	-42.694520	-11.582920	-4.601621	 9.666660	 2.503291	-1.126934	 4.548135	 3.270450	-0.643668	-80.071260	 3.920000	 3.153812	 11.902360	-0.275389	 3.148105	 9.181604	 2.910330	 4.316254	-70.633300	 37.383240	 19.790060	 14.829640	-6.821038	 19.211720	 10.901230	-5.645527	 19.246230	-70.552670	 18.481080	 10.406020	 21.117560	-3.898340	 9.395206	 9.518596	-0.473063	 9.966733	-72.614270	-51.617550	-12.041010	-7.588076	 16.022730	-0.540169	 0.139211	 14.789960	-0.368235	 3.437935	 1.395079	-8.193289	 90.580140	-94.660770	-8.293839	-89.461830	-178.776400	-6.141567	 103.104800	-0.813313	 0.122417	-8.559153	-61.412200	-34.972930	-11.883380	-26.266700	 1.547589	-1.371001	-5.978878	 4.811555	 4.877418	-13.992260	-7.707809	 70.102010	 2.456334	-1.169613	 80.570600	 1.607339	 1.620208	-23.596290	-12.436410	-14.282250	 68.744170	-0.144913	 3.380494	 112.184900	 0.188730	 7.210934	-12.056850	 29.676700	 12.051290	 58.470710	-6.121462	 20.784510	 123.987200	-4.716578	 19.574130	-20.517810	 16.278420	 1.441261	 118.654800	-3.498544	 10.077190	 110.733100	-4.789543	 11.598460	 60.074600	-10.991500	-4.661201	 4.147316	-6.150703	-0.467063	-0.038777	 35.370370	-0.405495	 3.620178	 0.000000	 90.000000	 0.000000	 174.517100	 8.242713	 162.428400	-176.405300	-9.448944	-34.974990
-0.014170	-0.163697	 0.029214	-170.569200	 16.008830	-91.981050	-11.162130	 1.958492	-6.575184	-9.753495	 3.581504	-6.112219	 2.805292	-11.363330	 109.673300	-0.813313	 0.122417	-8.559153	-41.311690	-29.908470	 16.069450	-35.495220	 22.368760	 0.487568	-15.015210	 27.853050	-42.776080	-11.582920	-4.601621	 9.666660	 2.503291	-1.126934	 4.548135	 3.270450	-0.643668	-80.071260	 3.921601	 3.154512	 11.902260	-0.275389	 3.148105	 9.181604	 2.910323	 4.316283	-70.632870	 37.386400	 19.791220	 14.828550	-6.821038	 19.211720	 10.901230	-5.645617	 19.246240	-70.557170	 18.483140	 10.407080	 21.117160	-3.898340	 9.395206	 9.518596	-0.473063	 9.966733	-72.614270	-51.617550	-12.041010	-7.588076	 16.022730	-0.540169	 0.139211	 14.789960	-0.368235	 3.437935	 1.373079	-8.052240	 90.568200	-94.594190	-8.165491	-89.198960	-178.857300	-5.742763	 102.980200	-0.813313	 0.122417	-8.559153	-57.916000	-35.146480	-9.483122	-31.596580	 0.518099	-2.046666	-3.732248	 4.349351	 5.272230	-13.992270	-7.707825	 70.102010	 2.456334	-1.169613	 80.570640	 1.607336	 1.620209	-23.596220	-12.677410	-14.575280	 68.685210	-0.144982	 3.380663	 112.246000	 0.188730	 7.210934	-12.056870	 29.676700	 12.051290	 58.470680	-6.141253	 20.811180	 125.818100	-4.716578	 19.574130	-20.517820	 16.428800	 1.515852	 120.265400	-3.499590	 10.079920	 111.061700	-4.857591	 11.528380	 62.315270	-11.001580	-5.015754	 3.449303	 4.078192	-0.509398	 0.039756	 35.370370	-0.405495	 3.620178	 0.000000	 90.000000	 0.000000	 174.498100	 8.226580	 162.665800	-176.399800	-9.603648	-34.752280
-0.014999	-0.161181	 0.027932	-170.582000	 15.656500	-91.887290	-11.053120	 1.873824	-6.557216	-9.681227	 3.371337	-6.093307	 2.779247	-11.244530	 109.720600	-0.813313	 0.122417	-8.559153	-41.337180	-29.919270	 16.277020	-35.286640	 22.510250	 0.527308	-15.014210	 27.954130	-42.883410	-11.582920	-4.601621	 9.666660	 2.503291	-1.126934	 4.548135	 3.270450	-0.643668	-80.071260	 3.923277	 3.155245	 11.902170	-0.275389	 3.148105	 9.181604	 2.910316	 4.316313	-70.632450	 37.389700	 19.792430	 14.827430	-6.821038	 19.211720	 10.901230	-5.645713	 19.246250	-70.561830	 18.485280	 10.408180	 21.116750	-3.898340	 9.395206	 9.518596	-0.473063	 9.966733	-72.614270	-51.617550	-12.041010	-7.588076	 16.022730	-0.540169	 0.139211	 14.789960	-0.368235	 3.437935	 1.350614	-7.904828	 90.556140	-94.528120	-8.042338	-88.926930	-178.938200	-5.337538	 102.865900	-0.813313	 0.122417	-8.559153	-55.158710	-34.944930	-7.912775	-35.834820	-0.646978	-2.558743	-2.133210	 3.472625	 5.312822	-13.992280	-7.707841	 70.102010	 2.456334	-1.169613	 80.570690	 1.607334	 1.620210	-23.596180	-12.915860	-14.864200	 68.625670	-0.144977	 3.380652	 112.242000	 0.188734	 7.210932	-12.056920	 29.676700	 12.051300	 58.470630	-6.161762	 20.837020	 127.632800	-4.716579	 19.574120	-20.517840	 16.577470	 1.602152	 121.861400	-3.500461	 10.082160	 111.331500	-4.922200	 11.456420	 64.535060	-11.059810	-5.375645	 2.753592	 14.214250	-0.536944	 0.123774	 35.370370	-0.405495	 3.620178	 0.000000	 90.000000	 0.000000	 174.478500	 8.210500	 162.907700	-176.390500	-9.794541	-34.412380
-0.016063	-0.158083	 0.026326	-170.582700	 15.218600	-91.779090	-10.920300	 1.763953	-6.534234	-9.593836	 3.096924	-6.069349	 2.747562	-11.101960	 109.773800	-0.813313	 0.122417	-8.559153	-41.380600	-29.932670	 16.511210	-34.976820	 22.680140	 0.575724	-15.044270	 28.080920	-43.004230	-11.582920	-4.601621	 9.666660	 2.503291	-1.126934	 4.548135	 3.270450	-0.643668	-80.071260	 3.925340	 3.156146	 11.902040	-0.275389	 3.148105	 9.181604	 2.910306	 4.316347	-70.631940	 37.393730	 19.793900	 14.826060	-6.821038	 19.211720	 10.901230	-5.645829	 19.246260	-70.567560	 18.487890	 10.409520	 21.116250	-3.898340	 9.395206	 9.518596	-0.473063	 9.966733	-72.614270	-51.617550	-12.041010	-7.588076	 16.022730	-0.540169	 0.139211	 14.789960	-0.368235	 3.437935	 1.323702	-7.725483	 90.541860	-94.449180	-7.842975	-88.608370	-179.032500	-4.857040	 102.743100	-0.813313	 0.122417	-8.559153	-51.853570	-34.731820	-6.173673	-40.820090	-1.895770	-3.319031	-0.167885	 2.620583	 5.257083	-13.992300	-7.707865	 70.102000	 2.456334	-1.169613	 80.570750	 1.607330	 1.620212	-23.596090	-13.193090	-15.198840	 68.554990	-0.144881	 3.380415	 112.156000	 0.188736	 7.210931	-12.056950	 29.676710	 12.051310	 58.470610	-6.186738	 20.866320	 129.746500	-4.716580	 19.574120	-20.517880	 16.749480	 1.717858	 123.720100	-3.501257	 10.084180	 111.574900	-4.993771	 11.369600	 67.119390	-11.188030	-5.804495	 1.937322	 26.017710	-0.549801	 0.225876	 35.370370	-0.405495	 3.620178	 0.000000	 90.000000	 0.000000	 174.457800	 8.190351	 163.195600	-176.348900	-9.993737	-34.000000
-0.016930	-0.155475	 0.024981	-170.554400	 14.844570	-91.694540	-10.805900	 1.664801	-6.513875	-9.518915	 2.848227	-6.048290	 2.723223	-10.992220	 109.816400	-0.813313	 0.122417	-8.559153	-41.427780	-29.943930	 16.697570	-34.439060	 22.824400	 0.613535	-15.182160	 28.212860	-43.060320	-11.582920	-4.601621	 9.666660	 2.503291	-1.126934	 4.548135	 3.270450	-0.643668	-80.071260	 3.927133	 3.156929	 11.901940	-0.275389	 3.148105	 9.181604	 2.910300	 4.316376	-70.631540	 37.397220	 19.795180	 14.824870	-6.821038	 19.211720	 10.901230	-5.645931	 19.246260	-70.572520	 18.490180	 10.410700	 21.115810	-3.898340	 9.395206	 9.518596	-0.473063	 9.966733	-72.614270	-51.617550	-12.041010	-7.588076	 16.022730	-0.540169	 0.139211	 14.789960	-0.368235	 3.437935	 1.300834	-7.572475	 90.529910	-94.382310	-7.634065	-88.358690	-179.110300	-4.455753	 102.649100	-0.813313	 0.122417	-8.559153	-49.558140	-34.607640	-4.971081	-44.104500	-2.671900	-3.915688	 1.294506	 2.125065	 5.217818	-13.992310	-7.707882	 70.101980	 2.456334	-1.169614	 80.570820	 1.607328	 1.620213	-23.596050	-13.422110	-15.474240	 68.495430	-0.144727	 3.380038	 112.018900	 0.188740	 7.210930	-12.057010	 29.676710	 12.051320	 58.470570	-6.208282	 20.889910	 131.496600	-4.716581	 19.574120	-20.517930	 16.890430	 1.825759	 125.258600	-3.501730	 10.085360	 111.718400	-5.049928	 11.295400	 69.257880	-11.343200	-6.166547	 1.255886	 35.787290	-0.544433	 0.310932	 35.370370	-0.405495	 3.620178	 0.000000	 90.000000	 0.000000	 174.445400	 8.171388	 163.437000	-176.232700	-10.030460	-33.585640
-0.017748	-0.152796	 0.023654	-170.482800	 14.468320	-91.617870	-10.687020	 1.558476	-6.492499	-9.441175	 2.580838	-6.026318	 2.703346	-10.900820	 109.857300	-0.813313	 0.122417	-8.559153	-41.485710	-29.954920	 16.876930	-33.703420	 22.973010	 0.649696	-15.394780	 28.362720	-43.089040	-11.582920	-4.601621	 9.666660	 2.503291	-1.126934	 4.548135	 3.270450	-0.643668	-80.071260	 3.929003	 3.157747	 11.901830	-0.275389	 3.148105	 9.181604	 2.910293	 4.316406	-70.631090	 37.400900	 19.796520	 14.823610	-6.821038	 19.211720	 10.901230	-5.646035	 19.246270	-70.577720	 18.492570	 10.411920	 21.115340	-3.898340	 9.395206	 9.518596	-0.473063	 9.966733	-72.614270	-51.617550	-12.041010	-7.588076	 16.022730	-0.540169	 0.139211	 14.789960	-0.368235	 3.437935	 1.277320	-7.415932	 90.517780	-94.315770	-7.383005	-88.171010	-179.187700	-4.051970	 102.560600	-0.813313	 0.122417	-8.559153	-47.546010	-34.514450	-3.927509	-47.097430	-3.504579	-4.499035	 2.733475	 1.527314	 5.038811	-13.992320	-7.707899	 70.101990	 2.456334	-1.169613	 80.570870	 1.607326	 1.620214	-23.596010	-13.652200	-15.749980	 68.434490	-0.144506	 3.379492	 111.820600	 0.188742	 7.210929	-12.057040	 29.676720	 12.051330	 58.470540	-6.230733	 20.913020	 133.258200	-4.716581	 19.574120	-20.517950	 17.030530	 1.945166	 126.807100	-3.502033	 10.086110	 111.809300	-5.103547	 11.218690	 71.409650	-11.544000	-6.536614	 0.564014	 45.619300	-0.524550	 0.394365	 35.370370	-0.405495	 3.620178	 0.000000	 90.000000	 0.000000	 174.439900	 8.149079	 163.681000	-176.021700	-9.896690	-33.032690
-0.018532	-0.150031	 0.022229	-170.386000	 14.080500	-91.538950	-10.554380	 1.437115	-6.468746	-9.354378	 2.274972	-6.002042	 2.683389	-10.809490	 109.897700	-0.813313	 0.122417	-8.559153	-41.560200	-29.965840	 17.060350	-33.073940	 23.137470	 0.693159	-15.536480	 28.503930	-43.166760	-11.582920	-4.601621	 9.666660	 2.503291	-1.126934	 4.548135	 3.270450	-0.643668	-80.071260	 3.931104	 3.158665	 11.901710	-0.275389	 3.148105	 9.181604	 2.910284	 4.316439	-70.630610	 37.405010	 19.798030	 14.822210	-6.821038	 19.211720	 10.901230	-5.646155	 19.246280	-70.583590	 18.495240	 10.413300	 21.114830	-3.898340	 9.395206	 9.518596	-0.473063	 9.966733	-72.614270	-51.617550	-12.041010	-7.588076	 16.022730	-0.540169	 0.139211	 14.789960	-0.368235	 3.437935	 1.251350	-7.245454	 90.504620	-94.244270	-7.067064	-88.063290	-179.269900	-3.618765	 102.470800	-0.813313	 0.122417	-8.559153	-45.572800	-34.418380	-2.931507	-50.522640	-4.382224	-5.146594	 4.411279	 0.818492	 4.734170	-13.992340	-7.707914	 70.101990	 2.456334	-1.169614	 80.570920	 1.607324	 1.620215	-23.595970	-13.900850	-16.046860	 68.367490	-0.144195	 3.378711	 111.537900	 0.188745	 7.210929	-12.057080	 29.676720	 12.051340	 58.470500	-6.255895	 20.937310	 135.166100	-4.716582	 19.574120	-20.517990	 17.179730	 2.086354	 128.483900	-3.502156	 10.086420	 111.846800	-5.158234	 11.133470	 73.738910	-11.811660	-6.942885	-0.192844	 56.265070	-0.487302	 0.479412	 35.370370	-0.405495	 3.620178	 0.000000	 90.000000	 0.000000	 174.429500	 8.125872	 163.944600	-175.866000	-9.833447	-32.540510
-0.019207	-0.147614	 0.020991	-170.336800	 13.762830	-91.459310	-10.429100	 1.320744	-6.446690	-9.272085	 1.981334	-5.979646	 2.658380	-10.701190	 109.930500	-0.813313	 0.122417	-8.559153	-41.639810	-29.974360	 17.217740	-32.697510	 23.291260	 0.738764	-15.536470	 28.602570	-43.303810	-11.582920	-4.601621	 9.666660	 2.503291	-1.126934	 4.548135	 3.270450	-0.643668	-80.071260	 3.933128	 3.159550	 11.901590	-0.275389	 3.148105	 9.181604	 2.910276	 4.316470	-70.630160	 37.408940	 19.799470	 14.820860	-6.821038	 19.211720	 10.901230	-5.646268	 19.246290	-70.589200	 18.497840	 10.414630	 21.114330	-3.898340	 9.395206	 9.518596	-0.473063	 9.966733	-72.614270	-51.617550	-12.041010	-7.588076	 16.022730	-0.540169	 0.139211	 14.789960	-0.368235	 3.437935	 1.227007	-7.089480	 90.492520	-94.173360	-6.743980	-87.990700	-179.341000	-3.240874	 102.392700	-0.813313	 0.122417	-8.559153	-43.817960	-34.295220	-2.090334	-53.764030	-5.137745	-5.749895	 5.917554	 0.128924	 4.404354	-13.992340	-7.707922	 70.101980	 2.456334	-1.169614	 80.570960	 1.607321	 1.620216	-23.595900	-14.129360	-16.318650	 68.304780	-0.143843	 3.377820	 111.215400	 0.188748	 7.210928	-12.057130	 29.676730	 12.051350	 58.470450	-6.279823	 20.958980	 136.923400	-4.716581	 19.574120	-20.518030	 17.314410	 2.227010	 130.028300	-3.502083	 10.086240	 111.824800	-5.205426	 11.053120	 75.883370	-12.104050	-7.321307	-0.897668	 66.068340	-0.439646	 0.550423	 35.370370	-0.405495	 3.620178	 0.000000	 90.000000	 0.000000	 174.397000	 8.112032	 164.185700	-175.852400	-9.970984	-32.228580
-0.019834	-0.145402	 0.019902	-170.320400	 13.485800	-91.379100	-10.309610	 1.208976	-6.426285	-9.193233	 1.699196	-5.959042	 2.629823	-10.580960	 109.958100	-0.813313	 0.122417	-8.559153	-41.723840	-29.980450	 17.353470	-32.417930	 23.436320	 0.784682	-15.495880	 28.683510	-43.455130	-11.582920	-4.601621	 9.666660	 2.503291	-1.126934	 4.548135	 3.270450	-0.643668	-80.071260	 3.935074	 3.160400	 11.901480	-0.275389	 3.148105	 9.181604	 2.910270	 4.316499	-70.629750	 37.412770	 19.800870	 14.819560	-6.821038	 19.211720	 10.901230	-5.646380	 19.246300	-70.594600	 18.500310	 10.415900	 21.113850	-3.898340	 9.395206	 9.518596	-0.473063	 9.966733	-72.614270	-51.617550	-12.041010	-7.588076	 16.022730	-0.540169	 0.139211	 14.789960	-0.368235	 3.437935	 1.203914	-6.946305	 90.481270	-94.096520	-6.423540	-87.861290	-179.400800	-2.920512	 102.326400	-0.813313	 0.122417	-8.559153	-42.118850	-34.108650	-1.332635	-56.326570	-5.834161	-6.281713	 7.013300	-0.540966	 4.090746	-13.992360	-7.707947	 70.101980	 2.456334	-1.169614	 80.571000	 1.607319	 1.620217	-23.595860	-14.342540	-16.571330	 68.245350	-0.143463	 3.376835	 110.860000	 0.188751	 7.210927	-12.057170	 29.676740	 12.051370	 58.470410	-6.302837	 20.978600	 138.566700	-4.716582	 19.574120	-20.518080	 17.437600	 2.367429	 131.472200	-3.501852	 10.085660	 111.755000	-5.246735	 10.976470	 77.887700	-12.416900	-7.678072	-1.564001	 75.232780	-0.384752	 0.608558	 35.370370	-0.405495	 3.620178	 0.000000	 90.000000	 0.000000	 174.349300	 8.104488	 164.407700	-175.890900	-10.166870	-31.992490
-0.020565	-0.142690	 0.018552	-170.323800	 13.132610	-91.275760	-10.165030	 1.073774	-6.402774	-9.097127	 1.358040	-5.935414	 2.590301	-10.417510	 109.988000	-0.813313	 0.122417	-8.559153	-41.835860	-29.984530	 17.498710	-32.032090	 23.609910	 0.840354	-15.498050	 28.787900	-43.616740	-11.582920	-4.601621	 9.666660	 2.503291	-1.126934	 4.548135	 3.270450	-0.643668	-80.071260	 3.937484	 3.161454	 11.901340	-0.275389	 3.148105	 9.181604	 2.910262	 4.316534	-70.629240	 37.417480	 19.802600	 14.817950	-6.821038	 19.211720	 10.901230	-5.646519	 19.246310	-70.601300	 18.503390	 10.417470	 21.113250	-3.898340	 9.395206	 9.518596	-0.473063	 9.966733	-72.614270	-51.617550	-12.041010	-7.588076	 16.022730	-0.540169	 0.139211	 14.789960	-0.368235	 3.437935	 1.176079	-6.781758	 90.468050	-94.005680	-6.027218	-87.574470	-179.465800	-2.569964	 102.261300	-0.813313	 0.122417	-8.559153	-40.098220	-33.838990	-0.482095	-58.971080	-6.594320	-6.890327	 8.084985	-1.298095	 3.747745	-13.992370	-7.707954	 70.101980	 2.456334	-1.169614	 80.571040	 1.607316	 1.620219	-23.595800	-14.595450	-16.869970	 68.173670	-0.142948	 3.375473	 110.370100	 0.188756	 7.210926	-12.057230	 29.676740	 12.051370	 58.470360	-6.330977	 21.001130	 140.521100	-4.716583	 19.574120	-20.518120	 17.580230	 2.545209	 133.189300	-3.501373	 10.084460	 111.609500	-5.292255	 10.883550	 80.270440	-12.838060	-8.105081	-2.366460	 86.129840	-0.308467	 0.665233	 35.370370	-0.405495	 3.620178	 0.000000	 90.000000	 0.000000	 174.277100	 8.101129	 164.640000	-175.919600	-10.341680	-31.688680
-0.021174	-0.140198	 0.017375	-170.331300	 12.807010	-91.182730	-10.038760	 0.956594	-6.383621	-9.012378	 1.062602	-5.916263	 2.552284	-10.262000	 110.012000	-0.813313	 0.122417	-8.559153	-41.942990	-29.984510	 17.607970	-31.545560	 23.757450	 0.886389	-15.580880	 28.890180	-43.722690	-11.582920	-4.601621	 9.666660	 2.503291	-1.126934	 4.548135	 3.270450	-0.643668	-80.071260	 3.939625	 3.162389	 11.901210	-0.275389	 3.148105	 9.181604	 2.910253	 4.316564	-70.628800	 37.421650	 19.804130	 14.816530	-6.821038	 19.211720	 10.901230	-5.646638	 19.246320	-70.607230	 18.506120	 10.418870	 21.112730	-3.898340	 9.395206	 9.518596	-0.473063	 9.966733	-72.614270	-51.617550	-12.041010	-7.588076	 16.022730	-0.540169	 0.139211	 14.789960	-0.368235	 3.437935	 1.151819	-6.647171	 90.456850	-93.952220	-5.672554	-87.262960	-179.518500	-2.283919	 102.215300	-0.813313	 0.122417	-8.559153	-38.578170	-33.682060	 0.161463	-61.083110	-7.163322	-7.409993	 8.961518	-1.889166	 3.444327	-13.992390	-7.707980	 70.101970	 2.456334	-1.169614	 80.571100	 1.607315	 1.620219	-23.595770	-14.812850	-17.125690	 68.111050	-0.142455	 3.374134	 109.889700	 0.188758	 7.210924	-12.057280	 29.676730	 12.051370	 58.470330	-6.355881	 21.019810	 142.205800	-4.716584	 19.574120	-20.518160	 17.699440	 2.707493	 134.669300	-3.500782	 10.082970	 111.429400	-5.328294	 10.802030	 82.323390	-13.243380	-8.474668	-3.067489	 95.520590	-0.235128	 0.701757	 35.370370	-0.405495	 3.620178	 0.000000	 90.000000	 0.000000	 174.206500	 8.101987	 164.796700	-175.785800	-10.201040	-31.169850
-0.021617	-0.137994	 0.016114	-170.327700	 12.468080	-91.090550	-9.913698	 0.842146	-6.366266	-8.927514	 0.774557	-5.898939	 2.512238	-10.099140	 110.035100	-0.813313	 0.122417	-8.559153	-42.057450	-29.980800	 17.700750	-30.936540	 23.896530	 0.929409	-15.687010	 28.986300	-43.819060	-11.582920	-4.601621	 9.666660	 2.503291	-1.126934	 4.548135	 3.270450	-0.643668	-80.071260	 3.941783	 3.163332	 11.901080	-0.275389	 3.148105	 9.181604	 2.910246	 4.316596	-70.628330	 37.425910	 19.805680	 14.815080	-6.821038	 19.211720	 10.901230	-5.646761	 19.246320	-70.613260	 18.508880	 10.420290	 21.112190	-3.898340	 9.395206	 9.518596	-0.473063	 9.966733	-72.614270	-51.617550	-12.041010	-7.588076	 16.022730	-0.540169	 0.139211	 14.789960	-0.368235	 3.437935	 1.127761	-6.523602	 90.446050	-93.917680	-5.313408	-86.947130	-179.569200	-2.007153	 102.177300	-0.813313	 0.122417	-8.559153	-37.213270	-33.577820	 0.745834	-63.192010	-7.638156	-7.931286	 9.932626	-2.421373	 3.062163	-13.992390	-7.707988	 70.101970	 2.456334	-1.169614	 80.571140	 1.607313	 1.620220	-23.595730	-15.025940	-17.375440	 68.048750	-0.141929	 3.372668	 109.365600	 0.188762	 7.210924	-12.057320	 29.676740	 12.051390	 58.470280	-6.380915	 21.037490	 143.861400	-4.716585	 19.574120	-20.518200	 17.812890	 2.874756	 136.123800	-3.500045	 10.081090	 111.202800	-5.360776	 10.720750	 84.340070	-13.679290	-8.838428	-3.765367	 104.747300	-0.158206	 0.725508	 35.370370	-0.405495	 3.620178	 0.000000	 90.000000	 0.000000	 174.129300	 8.103877	 164.947000	-175.724300	-10.106500	-30.910630
-0.022143	-0.135063	 0.014576	-170.366000	 12.044920	-90.970730	-9.764287	 0.708735	-6.348096	-8.824732	 0.439706	-5.880851	 2.462368	-9.896856	 110.063000	-0.813313	 0.122417	-8.559153	-42.204360	-29.971160	 17.793910	-30.097670	 24.054730	 0.978232	-15.837850	 29.093170	-43.926010	-11.582920	-4.601621	 9.666660	 2.503291	-1.126934	 4.548135	 3.270450	-0.643668	-80.071260	 3.944444	 3.164495	 11.900930	-0.275389	 3.148105	 9.181604	 2.910237	 4.316633	-70.627810	 37.431080	 19.807570	 14.813310	-6.821038	 19.211720	 10.901230	-5.646911	 19.246340	-70.620650	 18.512270	 10.422030	 21.111530	-3.898340	 9.395206	 9.518596	-0.473063	 9.966733	-72.614270	-51.617550	-12.041010	-7.588076	 16.022730	-0.540169	 0.139211	 14.789960	-0.368235	 3.437935	 1.098939	-6.390845	 90.433630	-93.891640	-4.874099	-86.627010	-179.630900	-1.669013	 102.138700	-0.813313	 0.122417	-8.559153	-35.648320	-33.482720	 1.421273	-66.004230	-8.074162	-8.584513	 11.396710	-3.001021	 2.542658	-13.992400	-7.707997	 70.101970	 2.456334	-1.169614	 80.571190	 1.607311	 1.620221	-23.595690	-15.278690	-17.670510	 67.973710	-0.141258	 3.370731	 108.675700	 0.188766	 7.210923	-12.057390	 29.676760	 12.051410	 58.470230	-6.411404	 21.057640	 145.831300	-4.716586	 19.574120	-20.518280	 17.942740	 3.083326	 137.854300	-3.498974	 10.078320	 110.868700	-5.395591	 10.622660	 86.738460	-14.245640	-9.270915	-4.607971	 115.722800	-0.063213	 0.737273	 35.370370	-0.405495	 3.620178	 0.000000	 90.000000	 0.000000	 174.027700	 8.121608	 165.201300	-175.758600	-10.187380	-30.623520
-0.022712	-0.132338	 0.013338	-170.475900	 11.688160	-90.858650	-9.643580	 0.604568	-6.335930	-8.740379	 0.179405	-5.868715	 2.421307	-9.730280	 110.087000	-0.813313	 0.122417	-8.559153	-42.330840	-29.958900	 17.856860	-29.375130	 24.177000	 1.016612	-15.973610	 29.172260	-44.008000	-11.582920	-4.601621	 9.666660	 2.503291	-1.126934	 4.548135	 3.270450	-0.643668	-80.071260	 3.946660	 3.165464	 11.900800	-0.275389	 3.148105	 9.181604	 2.910229	 4.316662	-70.627360	 37.435410	 19.809160	 14.811830	-6.821038	 19.211720	 10.901230	-5.647037	 19.246350	-70.626780	 18.515080	 10.423480	 21.111000	-3.898340	 9.395206	 9.518596	-0.473063	 9.966733	-72.614270	-51.617550	-12.041010	-7.588076	 16.022730	-0.540169	 0.139211	 14.789960	-0.368235	 3.437935	 1.075510	-6.297453	 90.423900	-93.872740	-4.514214	-86.416730	-179.679100	-1.404117	 102.110600	-0.813313	 0.122417	-8.559153	-34.346430	-33.374420	 1.980710	-68.413140	-8.349935	-9.114124	 12.757830	-3.454618	 2.103246	-13.992410	-7.708011	 70.101970	 2.456334	-1.169614	 80.571230	 1.607309	 1.620222	-23.595640	-15.482410	-17.907420	 67.912320	-0.140684	 3.369012	 108.065700	 0.188771	 7.210922	-12.057460	 29.676750	 12.051410	 58.470180	-6.436586	 21.073210	 147.424100	-4.716586	 19.574120	-20.518310	 18.043370	 3.259166	 139.253600	-3.497957	 10.075640	 110.547300	-5.420657	 10.542360	 88.676980	-14.740740	-9.619513	-5.299477	 124.595700	 0.014108	 0.733400	 35.370370	-0.405495	 3.620178	 0.000000	 90.000000	 0.000000	 173.941200	 8.161924	 165.496500	-175.808000	-10.310690	-30.298650
-0.023281	-0.129713	 0.012227	-170.587900	 11.349550	-90.753570	-9.534673	 0.514213	-6.327246	-8.663045	-0.045270	-5.860016	 2.384334	-9.579908	 110.110700	-0.813313	 0.122417	-8.559153	-42.450760	-29.943970	 17.905450	-28.723220	 24.283550	 1.051500	-16.102770	 29.237180	-44.080250	-11.582920	-4.601621	 9.666660	 2.503291	-1.126934	 4.548135	 3.270450	-0.643668	-80.071260	 3.948704	 3.166357	 11.900680	-0.275389	 3.148105	 9.181604	 2.910222	 4.316691	-70.626960	 37.439420	 19.810620	 14.810460	-6.821038	 19.211720	 10.901230	-5.647153	 19.246350	-70.632500	 18.517710	 10.424820	 21.110490	-3.898340	 9.395206	 9.518596	-0.473063	 9.966733	-72.614270	-51.617550	-12.041010	-7.588076	 16.022730	-0.540169	 0.139211	 14.789960	-0.368235	 3.437935	 1.054209	-6.225591	 90.415470	-93.867350	-4.190396	-86.233400	-179.719200	-1.183229	 102.089000	-0.813313	 0.122417	-8.559153	-33.074210	-33.200920	 2.517332	-70.486020	-8.590258	-9.564855	 14.012710	-3.880311	 1.710640	-13.992420	-7.708019	 70.101970	 2.456334	-1.169614	 80.571260	 1.607308	 1.620223	-23.595620	-15.666670	-18.120980	 67.856120	-0.140144	 3.367335	 107.472600	 0.188773	 7.210920	-12.057490	 29.676760	 12.051420	 58.470140	-6.459824	 21.086760	 148.869000	-4.716588	 19.574120	-20.518380	 18.131070	 3.423939	 140.523000	-3.496927	 10.072880	 110.215800	-5.440987	 10.468850	 90.434720	-15.217910	-9.934221	-5.934954	 132.642500	 0.082972	 0.719609	 35.370370	-0.405495	 3.620178	 0.000000	 90.000000	 0.000000	 173.864100	 8.212693	 165.807600	-175.833400	-10.389380	-29.948180
-0.023981	-0.126375	 0.010853	-170.688400	 10.906570	-90.628390	-9.400875	 0.405080	-6.320251	-8.566617	-0.312112	-5.852813	 2.339614	-9.397727	 110.141600	-0.813313	 0.122417	-8.559153	-42.605930	-29.919970	 17.956210	-27.968870	 24.410290	 1.096813	-16.265040	 29.307400	-44.169520	-11.582920	-4.601621	 9.666660	 2.503291	-1.126934	 4.548135	 3.270450	-0.643668	-80.071260	 3.951344	 3.167511	 11.900530	-0.275389	 3.148105	 9.181604	 2.910213	 4.316728	-70.626430	 37.444530	 19.812490	 14.808710	-6.821038	 19.211720	 10.901230	-5.647303	 19.246360	-70.639770	 18.521040	 10.426530	 21.109850	-3.898340	 9.395206	 9.518596	-0.473063	 9.966733	-72.614270	-51.617550	-12.041010	-7.588076	 16.022730	-0.540169	 0.139211	 14.789960	-0.368235	 3.437935	 1.027678	-6.157752	 90.405490	-93.902300	-3.796681	-86.016650	-179.767900	-0.914420	 102.070300	-0.813313	 0.122417	-8.559153	-31.455230	-32.930870	 3.216679	-72.948390	-8.901038	-10.087580	 15.438030	-4.462400	 1.254764	-13.992420	-7.708028	 70.101970	 2.456334	-1.169614	 80.571300	 1.607306	 1.620223	-23.595580	-15.895360	-18.385050	 67.785430	-0.139450	 3.365090	 106.681900	 0.188779	 7.210918	-12.057580	 29.676770	 12.051450	 58.470090	-6.489260	 21.102860	 150.668300	-4.716588	 19.574120	-20.518420	 18.235320	 3.635681	 142.103900	-3.495505	 10.068980	 109.749700	-5.463074	 10.376510	 92.622860	-15.848580	-10.323310	-6.737603	 142.661700	 0.164908	 0.689202	 35.370370	-0.405495	 3.620178	 0.000000	 90.000000	 0.000000	 173.776600	 8.286336	 166.215700	-175.812400	-10.380870	-29.459530
-0.024543	-0.123576	 0.009717	-170.739600	 10.517210	-90.532620	-9.291194	 0.312397	-6.318229	-8.486773	-0.531901	-5.850397	 2.303277	-9.250082	 110.166200	-0.813313	 0.122417	-8.559153	-42.781300	-29.921380	 17.977610	-26.995690	 24.514810	 1.122149	-16.593650	 29.406310	-44.181980	-11.582920	-4.601621	 9.666660	 2.503291	-1.126934	 4.548135	 3.270450	-0.643668	-80.071260	 3.953580	 3.168489	 11.900390	-0.275389	 3.148105	 9.181604	 2.910206	 4.316759	-70.625980	 37.448930	 19.814100	 14.807210	-6.821038	 19.211720	 10.901230	-5.647426	 19.246370	-70.646030	 18.523910	 10.428000	 21.109290	-3.898340	 9.395206	 9.518596	-0.473063	 9.966733	-72.614270	-51.617550	-12.041010	-7.588076	 16.022730	-0.540169	 0.139211	 14.789960	-0.368235	 3.437935	 1.005410	-6.121162	 90.397660	-93.964960	-3.479380	-85.843770	-179.811100	-0.675960	 102.061000	-0.813313	 0.122417	-8.559153	-30.217140	-32.743650	 3.816735	-74.944170	-9.192952	-10.495020	 16.619430	-5.001843	 0.939207	-13.992430	-7.708036	 70.101970	 2.456334	-1.169614	 80.571320	 1.607304	 1.620224	-23.595530	-16.086930	-18.605450	 67.725440	-0.138855	 3.363071	 105.973400	 0.188783	 7.210917	-12.057640	 29.676760	 12.051450	 58.470050	-6.514415	 21.115730	 152.181000	-4.716588	 19.574120	-20.518480	 18.318490	 3.818973	 143.433000	-3.494201	 10.065310	 109.312000	-5.478849	 10.298300	 94.461590	-16.409060	-10.647220	-7.422273	 151.082800	 0.228822	 0.652929	 35.370370	-0.405495	 3.620178	 0.000000	 90.000000	 0.000000	 173.716600	 8.349659	 166.542300	-175.790400	-10.368860	-29.035790
-0.025103	-0.120898	 0.008620	-170.776200	 10.114130	-90.446050	-9.186391	 0.220319	-6.320240	-8.409837	-0.744690	-5.851752	 2.268500	-9.109080	 110.189300	-0.813313	 0.122417	-8.559153	-43.026630	-29.963230	 17.969100	-25.657930	 24.617100	 1.130496	-17.102510	 29.547460	-44.162480	-11.582920	-4.601621	 9.666660	 2.503291	-1.126934	 4.548135	 3.270450	-0.643668	-80.071260	 3.955856	 3.169482	 11.900260	-0.275389	 3.148105	 9.181604	 2.910198	 4.316789	-70.625530	 37.453330	 19.815720	 14.805700	-6.821038	 19.211720	 10.901230	-5.647555	 19.246380	-70.652310	 18.526800	 10.429480	 21.108730	-3.898340	 9.395206	 9.518596	-0.473063	 9.966733	-72.614270	-51.617550	-12.041010	-7.588076	 16.022730	-0.540169	 0.139211	 14.789960	-0.368235	 3.437935	 0.983525	-6.101586	 90.390460	-94.053990	-3.184295	-85.681400	-179.848100	-0.471913	 102.056600	-0.813313	 0.122417	-8.559153	-29.070450	-32.580440	 4.440314	-76.842180	-9.386657	-10.867110	 17.984320	-5.449433	 0.601752	-13.992440	-7.708051	 70.101970	 2.456334	-1.169614	 80.571340	 1.607303	 1.620225	-23.595520	-16.275010	-18.821110	 67.665860	-0.138263	 3.360965	 105.236900	 0.188786	 7.210916	-12.057690	 29.676770	 12.051460	 58.469980	-6.539547	 21.127790	 153.671400	-4.716590	 19.574110	-20.518530	 18.396310	 4.003946	 144.742800	-3.492825	 10.061340	 108.839900	-5.491889	 10.220790	 96.272710	-16.987550	-10.962880	-8.105927	 159.378600	 0.285915	 0.608421	 35.370370	-0.405495	 3.620178	 0.000000	 90.000000	 0.000000	 173.669900	 8.408072	 166.816600	-175.726600	-10.262380	-28.624110
-0.025803	-0.118040	 0.007227	-170.813300	 9.625769	-90.350270	-9.062894	 0.112608	-6.329363	-8.317679	-0.986900	-5.860049	 2.229331	-8.950682	 110.214800	-0.813313	 0.122417	-8.559153	-43.362340	-30.036970	 17.936830	-24.551640	 24.728220	 1.154457	-17.495960	 29.666690	-44.292610	-11.582920	-4.601621	 9.666660	 2.503291	-1.126934	 4.548135	 3.270450	-0.643668	-80.071260	 3.958535	 3.170653	 11.900100	-0.275389	 3.148105	 9.181604	 2.910190	 4.316825	-70.625020	 37.458580	 19.817630	 14.803910	-6.821038	 19.211720	 10.901230	-5.647708	 19.246390	-70.659740	 18.530210	 10.431230	 21.108070	-3.898340	 9.395206	 9.518596	-0.473063	 9.966733	-72.614270	-51.617550	-12.041010	-7.588076	 16.022730	-0.540169	 0.139211	 14.789960	-0.368235	 3.437935	 0.958246	-6.096863	 90.382850	-94.187460	-2.902658	-85.505070	-179.880600	-0.293001	 102.056700	-0.813313	 0.122417	-8.559153	-27.781670	-32.394640	 5.229117	-78.976260	-9.457542	-11.261260	 19.729470	-5.858380	 0.047567	-13.992450	-7.708060	 70.101970	 2.456334	-1.169614	 80.571380	 1.607302	 1.620225	-23.595500	-16.492050	-19.069040	 67.596290	-0.137577	 3.358381	 104.337200	 0.188792	 7.210914	-12.057780	 29.676780	 12.051480	 58.469940	-6.569074	 21.140990	 155.397900	-4.716590	 19.574120	-20.518610	 18.481150	 4.223213	 146.260300	-3.491129	 10.056300	 108.242000	-5.503870	 10.130560	 98.370030	-17.688920	-11.323430	-8.909268	 168.986900	 0.343199	 0.547230	 35.370370	-0.405495	 3.620178	 0.000000	 90.000000	 0.000000	 173.614100	 8.462183	 167.154400	-176.030400	-11.166250	-28.755450
-0.026529	-0.115735	 0.005860	-170.837000	 9.205062	-90.272450	-8.948795	 0.020512	-6.344197	-8.230482	-1.188353	-5.874468	 2.197074	-8.820532	 110.235400	-0.813313	 0.122417	-8.559153	-43.653900	-30.097840	 17.904220	-23.994440	 24.815670	 1.189264	-17.643800	 29.724980	-44.531990	-11.582920	-4.601621	 9.666660	 2.503291	-1.126934	 4.548135	 3.270450	-0.643668	-80.071260	 3.960829	 3.171657	 11.899970	-0.275389	 3.148105	 9.181604	 2.910181	 4.316856	-70.624550	 37.463060	 19.819270	 14.802390	-6.821038	 19.211720	 10.901230	-5.647841	 19.246400	-70.666130	 18.533130	 10.432730	 21.107510	-3.898340	 9.395206	 9.518596	-0.473063	 9.966733	-72.614270	-51.617550	-12.041010	-7.588076	 16.022730	-0.540169	 0.139211	 14.789960	-0.368235	 3.437935	 0.936983	-6.105601	 90.377110	-94.322250	-2.744200	-85.367880	-179.906300	-0.151212	 102.059800	-0.813313	 0.122417	-8.559153	-26.691070	-32.205280	 5.957965	-80.783970	-9.533070	-11.552570	 21.262270	-6.257137	-0.446441	-13.992460	-7.708067	 70.101970	 2.456334	-1.169614	 80.571400	 1.607301	 1.620226	-23.595470	-16.674560	-19.276770	 67.537090	-0.137003	 3.356081	 103.539500	 0.188796	 7.210913	-12.057840	 29.676800	 12.051500	 58.469880	-6.594329	 21.151490	 156.856000	-4.716591	 19.574110	-20.518670	 18.548240	 4.412195	 147.542100	-3.489621	 10.051660	 107.694400	-5.511368	 10.054070	 100.140600	-18.306160	-11.622960	-9.597267	 177.099700	 0.383046	 0.488708	 35.370370	-0.405495	 3.620178	 0.000000	 90.000000	 0.000000	 173.557900	 8.493242	 167.537200	-176.214900	-11.986710	-29.579380
-0.027289	-0.113554	 0.004524	-170.862000	 8.803725	-90.199200	-8.833985	-0.066621	-6.363899	-8.141283	-1.374714	-5.894009	 2.167437	-8.701188	 110.253900	-0.813313	 0.122417	-8.559153	-43.902650	-30.134070	 17.881590	-23.388350	 24.895610	 1.217564	-17.734670	 29.767180	-44.805960	-11.582920	-4.601621	 9.666660	 2.503291	-1.126934	 4.548135	 3.270450	-0.643668	-80.071260	 3.963026	 3.172616	 11.899840	-0.275389	 3.148105	 9.181604	 2.910174	 4.316885	-70.624130	 37.467350	 19.820840	 14.800920	-6.821038	 19.211720	 10.901230	-5.647962	 19.246410	-70.672210	 18.535930	 10.434170	 21.106970	-3.898340	 9.395206	 9.518596	-0.473063	 9.966733	-72.614270	-51.617550	-12.041010	-7.588076	 16.022730	-0.540169	 0.139211	 14.789960	-0.368235	 3.437935	 0.917176	-6.122410	 90.372310	-94.464200	-2.645635	-85.247860	-179.926600	-0.039835	 102.064400	-0.813313	 0.122417	-8.559153	-25.642400	-31.967650	 6.689085	-82.492650	-9.555514	-11.776530	 22.674920	-6.617474	-0.900824	-13.992470	-7.708085	 70.101970	 2.456334	-1.169614	 80.571410	 1.607299	 1.620227	-23.595420	-16.844820	-19.469930	 67.481310	-0.136474	 3.353832	 102.762000	 0.188801	 7.210912	-12.057900	 29.676790	 12.051500	 58.469840	-6.618233	 21.160780	 158.221400	-4.716591	 19.574110	-20.518720	 18.607190	 4.592053	 148.742700	-3.488159	 10.047010	 107.146300	-5.516208	 9.982275	 101.798200	-18.903910	-11.898810	-10.249550	-175.303900	 0.412516	 0.429320	 35.370370	-0.405495	 3.620178	 0.000000	 90.000000	 0.000000	 173.506500	 8.518266	 167.902800	-176.264300	-12.633790	-30.451890
-0.028344	-0.110917	 0.003103	-170.899200	 8.362095	-90.114320	-8.685259	-0.173171	-6.395111	-8.024150	-1.597648	-5.925245	 2.132137	-8.559340	 110.275500	-0.813313	 0.122417	-8.559153	-44.204700	-30.172430	 17.854420	-22.273450	 24.975100	 1.232237	-17.928050	 29.817740	-45.126580	-11.582920	-4.601621	 9.666660	 2.503291	-1.126934	 4.548135	 3.270450	-0.643668	-80.071260	 3.965706	 3.173787	 11.899680	-0.275389	 3.148105	 9.181604	 2.910165	 4.316921	-70.623610	 37.472590	 19.822750	 14.799120	-6.821038	 19.211720	 10.901230	-5.648114	 19.246430	-70.679700	 18.539360	 10.435930	 21.106300	-3.898340	 9.395206	 9.518596	-0.473063	 9.966733	-72.614270	-51.617550	-12.041010	-7.588076	 16.022730	-0.540169	 0.139211	 14.789960	-0.368235	 3.437935	 0.893391	-6.151059	 90.367390	-94.652820	-2.567472	-85.111630	-179.948000	 0.077382	 102.070900	-0.813313	 0.122417	-8.559153	-24.436960	-31.661820	 7.618425	-84.615060	-9.522679	-11.986660	 24.255610	-7.034080	-1.373744	-13.992470	-7.708093	 70.101970	 2.456334	-1.169614	 80.571460	 1.607298	 1.620227	-23.595410	-17.049980	-19.701850	 67.413350	-0.135852	 3.350991	 101.782800	 0.188806	 7.210910	-12.057980	 29.676800	 12.051520	 58.469760	-6.647471	 21.171300	 159.874100	-4.716592	 19.574110	-20.518810	 18.673440	 4.813037	 150.196300	-3.486335	 10.040970	 106.437200	-5.519240	 9.895237	 103.803900	-19.651370	-12.226000	-11.049260	-166.111100	 0.437310	 0.353041	 35.370370	-0.405495	 3.620178	 0.000000	 90.000000	 0.000000	 173.452900	 8.545326	 168.291500	-176.141600	-13.236190	-31.038140
-0.029273	-0.108701	 0.002045	-170.954000	 8.042794	-90.042200	-8.543964	-0.269208	-6.429546	-7.911554	-1.794529	-5.959877	 2.101009	-8.434505	 110.294200	-0.813313	 0.122417	-8.559153	-44.574700	-30.233030	 17.793800	-21.122160	 25.030650	 1.245502	-18.223780	 29.855560	-45.398580	-11.582920	-4.601621	 9.666660	 2.503291	-1.126934	 4.548135	 3.270450	-0.643668	-80.071260	 3.968155	 3.174857	 11.899540	-0.275389	 3.148105	 9.181604	 2.910157	 4.316954	-70.623140	 37.477340	 19.824490	 14.797510	-6.821038	 19.211720	 10.901230	-5.648250	 19.246440	-70.686490	 18.542470	 10.437530	 21.105700	-3.898340	 9.395206	 9.518596	-0.473063	 9.966733	-72.614270	-51.617550	-12.041010	-7.588076	 16.022730	-0.540169	 0.139211	 14.789960	-0.368235	 3.437935	 0.872321	-6.181524	 90.363830	-94.833310	-2.512072	-84.996230	-179.957400	 0.128421	 102.076400	-0.813313	 0.122417	-8.559153	-23.549610	-31.456640	 8.472271	-86.594090	-9.439596	-12.119630	 25.837840	-7.382537	-1.773129	-13.992470	-7.708093	 70.101970	 2.456334	-1.169614	 80.571480	 1.607297	 1.620228	-23.595380	-17.232160	-19.907040	 67.352330	-0.135318	 3.348348	 100.875100	 0.188813	 7.210909	-12.058080	 29.676810	 12.051540	 58.469710	-6.673832	 21.180030	 161.349000	-4.716594	 19.574110	-20.518870	 18.727750	 5.012936	 151.493700	-3.484669	 10.035200	 105.762200	-5.519335	 9.817525	 105.593200	-20.338980	-12.511190	-11.772260	-157.909000	 0.448882	 0.282406	 35.370370	-0.405495	 3.620178	 0.000000	 90.000000	 0.000000	 173.411800	 8.565873	 168.610500	-175.940800	-13.507530	-31.287520
-0.029966	-0.106790	 0.001170	-171.021400	 7.776867	-89.976100	-8.415178	-0.353198	-6.464340	-7.808110	-1.964077	-5.994936	 2.074151	-8.326982	 110.310000	-0.813313	 0.122417	-8.559153	-44.978870	-30.280450	 17.710440	-20.019710	 25.093160	 1.264430	-18.511340	 29.875810	-45.672240	-11.582920	-4.601621	 9.666660	 2.503291	-1.126934	 4.548135	 3.270450	-0.643668	-80.071260	 3.970294	 3.175793	 11.899420	-0.275389	 3.148105	 9.181604	 2.910150	 4.316984	-70.622720	 37.481540	 19.826030	 14.796070	-6.821038	 19.211720	 10.901230	-5.648376	 19.246440	-70.692420	 18.545200	 10.438920	 21.105170	-3.898340	 9.395206	 9.518596	-0.473063	 9.966733	-72.614270	-51.617550	-12.041010	-7.588076	 16.022730	-0.540169	 0.139211	 14.789960	-0.368235	 3.437935	 0.854240	-6.209362	 90.361490	-94.996280	-2.475374	-84.900570	-179.962100	 0.154013	 102.079900	-0.813313	 0.122417	-8.559153	-22.854780	-31.293020	 9.236285	-88.404880	-9.327177	-12.194440	 27.557830	-7.683278	-2.204699	-13.992480	-7.708101	 70.101960	 2.456334	-1.169614	 80.571500	 1.607296	 1.620228	-23.595370	-17.389520	-20.083720	 67.299150	-0.134877	 3.345975	 100.062700	 0.188817	 7.210907	-12.058140	 29.676800	 12.051540	 58.469650	-6.696894	 21.187080	 162.629000	-4.716595	 19.574110	-20.518940	 18.771170	 5.188187	 152.620100	-3.483205	 10.029910	 105.144400	-5.517420	 9.750113	 107.145500	-20.950200	-12.753050	-12.406670	-150.792100	 0.450661	 0.220312	 35.370370	-0.405495	 3.620178	 0.000000	 90.000000	 0.000000	 173.381300	 8.580853	 168.871400	-175.841100	-13.719810	-31.493660
-0.030869	-0.104209	 0.000068	-171.140800	 7.397128	-89.892350	-8.250790	-0.456418	-6.512720	-7.675219	-2.169773	-6.043725	 2.041383	-8.196005	 110.329000	-0.813313	 0.122417	-8.559153	-45.559290	-30.334800	 17.577580	-18.544120	 25.183870	 1.287076	-18.892930	 29.887920	-46.050600	-11.582920	-4.601621	 9.666660	 2.503291	-1.126934	 4.548135	 3.270450	-0.643668	-80.071260	 3.972954	 3.176955	 11.899260	-0.275389	 3.148105	 9.181604	 2.910141	 4.317019	-70.622200	 37.486700	 19.827910	 14.794310	-6.821038	 19.211720	 10.901230	-5.648525	 19.246460	-70.699780	 18.548570	 10.440660	 21.104520	-3.898340	 9.395206	 9.518596	-0.473063	 9.966733	-72.614270	-51.617550	-12.041010	-7.588076	 16.022730	-0.540169	 0.139211	 14.789960	-0.368235	 3.437935	 0.832388	-6.241968	 90.359200	-95.198890	-2.468292	-84.791180	-179.962800	 0.158104	 102.081100	-0.813313	 0.122417	-8.559153	-22.020980	-31.021180	 10.192850	-90.771060	-9.141070	-12.199110	 29.688440	-8.087028	-2.847013	-13.992480	-7.708101	 70.101960	 2.456334	-1.169614	 80.571520	 1.607296	 1.620229	-23.595370	-17.580600	-20.297530	 67.233930	-0.134369	 3.342984	 99.041720	 0.188821	 7.210905	-12.058200	 29.676810	 12.051560	 58.469590	-6.725263	 21.195040	 164.191000	-4.716596	 19.574110	-20.519010	 18.819410	 5.403909	 153.995100	-3.481408	 10.023070	 104.350200	-5.512577	 9.667955	 109.039500	-21.712590	-13.040580	-13.189420	-142.108100	 0.442407	 0.144989	 35.370370	-0.405495	 3.620178	 0.000000	 90.000000	 0.000000	 173.350900	 8.595342	 169.176100	-175.695300	-13.897810	-31.635730
-0.031661	-0.101937	-0.000877	-171.264500	 7.042658	-89.831830	-8.106704	-0.543880	-6.558311	-7.558100	-2.342249	-6.089682	 2.013634	-8.085261	 110.344800	-0.813313	 0.122417	-8.559153	-46.106470	-30.380320	 17.446280	-17.190860	 25.268700	 1.297573	-19.233250	 29.890190	-46.403910	-11.582920	-4.601621	 9.666660	 2.503291	-1.126934	 4.548135	 3.270450	-0.643668	-80.071260	 3.975190	 3.177931	 11.899120	-0.275389	 3.148105	 9.181604	 2.910134	 4.317049	-70.621760	 37.491100	 19.829520	 14.792800	-6.821038	 19.211720	 10.901230	-5.648653	 19.246470	-70.706030	 18.551440	 10.442120	 21.103970	-3.898340	 9.395206	 9.518596	-0.473063	 9.966733	-72.614270	-51.617550	-12.041010	-7.588076	 16.022730	-0.540169	 0.139211	 14.789960	-0.368235	 3.437935	 0.814145	-6.265450	 90.357250	-95.369120	-2.490031	-84.704860	-179.954800	 0.114153	 102.078400	-0.813313	 0.122417	-8.559153	-21.364480	-30.716920	 11.004310	-92.689150	-9.006047	-12.105910	 31.033250	-8.498544	-3.519667	-13.992490	-7.708109	 70.101960	 2.456334	-1.169614	 80.571540	 1.607294	 1.620229	-23.595320	-17.740600	-20.475950	 67.178810	-0.133974	 3.340391	 98.158490	 0.188827	 7.210902	-12.058290	 29.676820	 12.051570	 58.469540	-6.749318	 21.201170	 165.506200	-4.716597	 19.574110	-20.519060	 18.855980	 5.586826	 155.153100	-3.479897	 10.017010	 103.647500	-5.506369	 9.598939	 110.633800	-22.366910	-13.275790	-13.855420	-134.797900	 0.426697	 0.083147	 35.370370	-0.405495	 3.620178	 0.000000	 90.000000	 0.000000	 173.331300	 8.604148	 169.426700	-175.600500	-14.043520	-31.779710
-0.032461	-0.099882	-0.001688	-171.375500	 6.736170	-89.785790	-7.958889	-0.631192	-6.607806	-7.437536	-2.513377	-6.139524	 1.985759	-7.974155	 110.360600	-0.813313	 0.122417	-8.559153	-46.687220	-30.428360	 17.305540	-15.746650	 25.332440	 1.293693	-19.578010	 29.865470	-46.791740	-11.582920	-4.601621	 9.666660	 2.503291	-1.126934	 4.548135	 3.270450	-0.643668	-80.071260	 3.977445	 3.178916	 11.898990	-0.275389	 3.148105	 9.181604	 2.910127	 4.317080	-70.621300	 37.495510	 19.831130	 14.791300	-6.821038	 19.211720	 10.901230	-5.648778	 19.246480	-70.712310	 18.554320	 10.443600	 21.103400	-3.898340	 9.395206	 9.518596	-0.473063	 9.966733	-72.614270	-51.617550	-12.041010	-7.588076	 16.022730	-0.540169	 0.139211	 14.789960	-0.368235	 3.437935	 0.796193	-6.282362	 90.355290	-95.534390	-2.532167	-84.623660	-179.941800	 0.043685	 102.068200	-0.813313	 0.122417	-8.559153	-20.845620	-30.441790	 11.808140	-94.282920	-8.959586	-11.966360	 32.017460	-8.964004	-4.274048	-13.992490	-7.708109	 70.101960	 2.456334	-1.169614	 80.571540	 1.607294	 1.620229	-23.595320	-17.898730	-20.651740	 67.123890	-0.133612	 3.337749	 97.260930	 0.188833	 7.210901	-12.058380	 29.676830	 12.051590	 58.469470	-6.773366	 21.206760	 166.813000	-4.716598	 19.574110	-20.519150	 18.888630	 5.769473	 156.304200	-3.478412	 10.010700	 102.918600	-5.498271	 9.530558	 112.217500	-23.026780	-13.502920	-14.523210	-127.535500	 0.403428	 0.024185	 35.370370	-0.405495	 3.620178	 0.000000	 90.000000	 0.000000	 173.317300	 8.609710	 169.676200	-175.496600	-14.151040	-31.870160
-0.033362	-0.097649	-0.002535	-171.486600	 6.421200	-89.737370	-7.783285	-0.732319	-6.669800	-7.293874	-2.710917	-6.201837	 1.952998	-7.843759	 110.379000	-0.813313	 0.122417	-8.559153	-47.267280	-30.421280	 17.186700	-14.377860	 25.335870	 1.296838	-19.824030	 29.718140	-47.256280	-11.582920	-4.601621	 9.666660	 2.503291	-1.126934	 4.548135	 3.270450	-0.643668	-80.071260	 3.980087	 3.180071	 11.898840	-0.275389	 3.148105	 9.181604	 2.910117	 4.317117	-70.620770	 37.500630	 19.833000	 14.789550	-6.821038	 19.211720	 10.901230	-5.648927	 19.246490	-70.719590	 18.557670	 10.445320	 21.102760	-3.898340	 9.395206	 9.518596	-0.473063	 9.966733	-72.614270	-51.617550	-12.041010	-7.588076	 16.022730	-0.540169	 0.139211	 14.789960	-0.368235	 3.437935	 0.775766	-6.290180	 90.352980	-95.715580	-2.600119	-84.534670	-179.924800	-0.047934	 102.042800	-0.813313	 0.122417	-8.559153	-20.374320	-30.183600	 12.734290	-95.918640	-8.952366	-11.787330	 33.073270	-9.516800	-5.171128	-13.992500	-7.708127	 70.101960	 2.456334	-1.169614	 80.571580	 1.607293	 1.620229	-23.595300	-18.080050	-20.852650	 67.060330	-0.133240	 3.334627	 96.202820	 0.188839	 7.210899	-12.058460	 29.676830	 12.051600	 58.469410	-6.801269	 21.212570	 168.320600	-4.716599	 19.574100	-20.519230	 18.921720	 5.980918	 157.632700	-3.476729	 10.003070	 102.040300	-5.486559	 9.451984	 114.044100	-23.797830	-13.756420	-15.300550	-119.158400	 0.367588	-0.039525	 35.370370	-0.405495	 3.620178	 0.000000	 90.000000	 0.000000	 173.308300	 8.611917	 169.972200	-175.374100	-14.248330	-31.943140
-0.034091	-0.095807	-0.003213	-171.574000	 6.170625	-89.699170	-7.635172	-0.815780	-6.724519	-7.172498	-2.874062	-6.256710	 1.925362	-7.733869	 110.394500	-0.813313	 0.122417	-8.559153	-47.535870	-30.302050	 17.192280	-13.779330	 25.294620	 1.329205	-19.827060	 29.482050	-47.566080	-11.582920	-4.601621	 9.666660	 2.503291	-1.126934	 4.548135	 3.270450	-0.643668	-80.071260	 3.982266	 3.181023	 11.898710	-0.275389	 3.148105	 9.181604	 2.910110	 4.317148	-70.620320	 37.504870	 19.834550	 14.788090	-6.821038	 19.211720	 10.901230	-5.649051	 19.246500	-70.725640	 18.560440	 10.446740	 21.102220	-3.898340	 9.395206	 9.518596	-0.473063	 9.966733	-72.614270	-51.617550	-12.041010	-7.588076	 16.022730	-0.540169	 0.139211	 14.789960	-0.368235	 3.437935	 0.759166	-6.283935	 90.351010	-95.852740	-2.690133	-84.466650	-179.904200	-0.159460	 102.013800	-0.813313	 0.122417	-8.559153	-20.067720	-30.010530	 13.490900	-97.260500	-8.919483	-11.624180	 33.700440	-9.965241	-5.944548	-13.992500	-7.708127	 70.101960	 2.456334	-1.169614	 80.571580	 1.607292	 1.620230	-23.595280	-18.228400	-21.016470	 67.007890	-0.132972	 3.332004	 95.315280	 0.188845	 7.210896	-12.058550	 29.676850	 12.051630	 58.469350	-6.824358	 21.216840	 169.561800	-4.716600	 19.574100	-20.519290	 18.945300	 6.155317	 158.726800	-3.475382	 9.996513	 101.287300	-5.475017	 9.387605	 115.547600	-24.438670	-13.958030	-15.945700	-112.263100	 0.331365	-0.087598	 35.370370	-0.405495	 3.620178	 0.000000	 90.000000	 0.000000	 173.312100	 8.608504	 170.229100	-175.280400	-14.324120	-32.008270
-0.034863	-0.093851	-0.003901	-171.664100	 5.901308	-89.670350	-7.481367	-0.901030	-6.783515	-7.046325	-3.041407	-6.315739	 1.896336	-7.618580	 110.410700	-0.813313	 0.122417	-8.559153	-47.654010	-30.118920	 17.292170	-13.207830	 25.231730	 1.354807	-19.839780	 29.215380	-47.758060	-11.582920	-4.601621	 9.666660	 2.503291	-1.126934	 4.548135	 3.270450	-0.643668	-80.071260	 3.984502	 3.182001	 11.898580	-0.275389	 3.148105	 9.181604	 2.910102	 4.317179	-70.619870	 37.509220	 19.836140	 14.786610	-6.821038	 19.211720	 10.901230	-5.649176	 19.246510	-70.731830	 18.563290	 10.448200	 21.101680	-3.898340	 9.395206	 9.518596	-0.473063	 9.966733	-72.614270	-51.617550	-12.041010	-7.588076	 16.022730	-0.540169	 0.139211	 14.789960	-0.368235	 3.437935	 0.742500	-6.262468	 90.348960	-95.976950	-2.837597	-84.404310	-179.875400	-0.315508	 101.980000	-0.813313	 0.122417	-8.559153	-19.868910	-29.861930	 14.243040	-98.560480	-8.884221	-11.418320	 34.318290	-10.393100	-6.699546	-13.992510	-7.708134	 70.101960	 2.456334	-1.169614	 80.571580	 1.607292	 1.620230	-23.595280	-18.378820	-21.182090	 66.954300	-0.132738	 3.329284	 94.396280	 0.188851	 7.210896	-12.058640	 29.676840	 12.051630	 58.469280	-6.848009	 21.220710	 170.828200	-4.716601	 19.574100	-20.519380	 18.965960	 6.333291	 159.843600	-3.474055	 9.989564	 100.491700	-5.461484	 9.322248	 117.081200	-25.096200	-14.156920	-16.608250	-105.229100	 0.288754	-0.131798	 35.370370	-0.405495	 3.620178	 0.000000	 90.000000	 0.000000	 173.332900	 8.598129	 170.510000	-175.189500	-14.402560	-32.084040
-0.035789	-0.091548	-0.004697	-171.755100	 5.566736	-89.646610	-7.307754	-0.995850	-6.852594	-6.903945	-3.229161	-6.384592	 1.862823	-7.485594	 110.429500	-0.813313	 0.122417	-8.559153	-47.661750	-29.894890	 17.482670	-12.652510	 25.156990	 1.374599	-19.841160	 28.926720	-47.887190	-11.582920	-4.601621	 9.666660	 2.503291	-1.126934	 4.548135	 3.270450	-0.643668	-80.071260	 3.986989	 3.183087	 11.898430	-0.275389	 3.148105	 9.181604	 2.910093	 4.317214	-70.619350	 37.514110	 19.837920	 14.784940	-6.821038	 19.211720	 10.901230	-5.649320	 19.246520	-70.738750	 18.566450	 10.449820	 21.101060	-3.898340	 9.395206	 9.518596	-0.473063	 9.966733	-72.614270	-51.617550	-12.041010	-7.588076	 16.022730	-0.540169	 0.139211	 14.789960	-0.368235	 3.437935	 0.724218	-6.202560	 90.346480	-96.089610	-3.047143	-84.340640	-179.844900	-0.481068	 101.932800	-0.813313	 0.122417	-8.559153	-19.835740	-29.774820	 15.045160	-99.852950	-8.864814	-11.153630	 35.205850	-10.844300	-7.528434	-13.992510	-7.708134	 70.101960	 2.456334	-1.169614	 80.571590	 1.607292	 1.620230	-23.595280	-18.544980	-21.364460	 66.894650	-0.132526	 3.326213	 93.360230	 0.188857	 7.210893	-12.058740	 29.676850	 12.051650	 58.469220	-6.874427	 21.224440	 172.237100	-4.716603	 19.574100	-20.519460	 18.984940	 6.531028	 161.086500	-3.472644	 9.981534	 99.574710	-5.444354	 9.249989	 118.787100	-25.829790	-14.369940	-17.349940	-97.404720	 0.235393	-0.174409	 35.370370	-0.405495	 3.620178	 0.000000	 90.000000	 0.000000	 173.371500	 8.579668	 170.853600	-175.074300	-14.479030	-32.144410
-0.036645	-0.089574	-0.005389	-171.835600	 5.270644	-89.630490	-7.158034	-1.076690	-6.914146	-6.781253	-3.391362	-6.445744	 1.832881	-7.367138	 110.445200	-0.813313	 0.122417	-8.559153	-47.620590	-29.734410	 17.681610	-12.511600	 25.104860	 1.407244	-19.719860	 28.698840	-48.025270	-11.582920	-4.601621	 9.666660	 2.503291	-1.126934	 4.548135	 3.270450	-0.643668	-80.071260	 3.989128	 3.184022	 11.898310	-0.275389	 3.148105	 9.181604	 2.910085	 4.317245	-70.618890	 37.518250	 19.839440	 14.783520	-6.821038	 19.211720	 10.901230	-5.649439	 19.246520	-70.744640	 18.569170	 10.451220	 21.100530	-3.898340	 9.395206	 9.518596	-0.473063	 9.966733	-72.614270	-51.617550	-12.041010	-7.588076	 16.022730	-0.540169	 0.139211	 14.789960	-0.368235	 3.437935	 0.708794	-6.106525	 90.344150	-96.161510	-3.245344	-84.288360	-179.813800	-0.650478	 101.875500	-0.813313	 0.122417	-8.559153	-19.949930	-29.750780	 15.641230	-100.926900	-8.847413	-10.898340	 36.110260	-11.251400	-8.342870	-13.992510	-7.708134	 70.101960	 2.456334	-1.169614	 80.571590	 1.607291	 1.620230	-23.595260	-18.685920	-21.518670	 66.843640	-0.132388	 3.323560	 92.465840	 0.188862	 7.210891	-12.058810	 29.676860	 12.051670	 58.469150	-6.897068	 21.227150	 173.440800	-4.716604	 19.574100	-20.519550	 18.997840	 6.699507	 162.148900	-3.471507	 9.974427	 98.765050	-5.428003	 9.188675	 120.244200	-26.456010	-14.544990	-17.986830	-90.721140	 0.185569	-0.204764	 35.370370	-0.405495	 3.620178	 0.000000	 90.000000	 0.000000	 173.418000	 8.560809	 171.137500	-174.961200	-14.540870	-32.178250
-0.037529	-0.087833	-0.005978	-171.917300	 5.019115	-89.621450	-7.009460	-1.156306	-6.976992	-6.659736	-3.553724	-6.507907	 1.801813	-7.244894	 110.458700	-0.813313	 0.122417	-8.559153	-47.860240	-29.512150	 17.766090	-11.828070	 25.076820	 1.432800	-19.814100	 28.408310	-48.294260	-11.582920	-4.601621	 9.666660	 2.503291	-1.126934	 4.548135	 3.270450	-0.643668	-80.071260	 3.991230	 3.184940	 11.898180	-0.275389	 3.148105	 9.181604	 2.910078	 4.317277	-70.618450	 37.522370	 19.840940	 14.782110	-6.821038	 19.211720	 10.901230	-5.649559	 19.246530	-70.750510	 18.571860	 10.452590	 21.100010	-3.898340	 9.395206	 9.518596	-0.473063	 9.966733	-72.614270	-51.617550	-12.041010	-7.588076	 16.022730	-0.540169	 0.139211	 14.789960	-0.368235	 3.437935	 0.693849	-5.981381	 90.341760	-96.212820	-3.440390	-84.236190	-179.778900	-0.841126	 101.805200	-0.813313	 0.122417	-8.559153	-20.171920	-29.754760	 16.101630	-101.706500	-8.887390	-10.641670	 37.040310	-11.671980	-9.210976	-13.992510	-7.708134	 70.101960	 2.456334	-1.169614	 80.571620	 1.607290	 1.620231	-23.595230	-18.824210	-21.669560	 66.793250	-0.132291	 3.320917	 91.575650	 0.188867	 7.210889	-12.058890	 29.676870	 12.051690	 58.469080	-6.919499	 21.229390	 174.630400	-4.716604	 19.574100	-20.519610	 19.007650	 6.865366	 163.199300	-3.470456	 9.967181	 97.941700	-5.410297	 9.128498	 121.684200	-27.072390	-14.711650	-18.618660	-84.116300	 0.133196	-0.228875	 35.370370	-0.405495	 3.620178	 0.000000	 90.000000	 0.000000	 173.478300	 8.542453	 171.358700	-174.833300	-14.604540	-32.198370
-0.038587	-0.086062	-0.006582	-172.012600	 4.766223	-89.613810	-6.841121	-1.246081	-7.050246	-6.522421	-3.740874	-6.579992	 1.767362	-7.109788	 110.471900	-0.813313	 0.122417	-8.559153	-48.680130	-29.215450	 17.626780	-10.507660	 25.063950	 1.458772	-20.089330	 27.935910	-48.987380	-11.582920	-4.601621	 9.666660	 2.503291	-1.126934	 4.548135	 3.270450	-0.643668	-80.071260	 3.993619	 3.185985	 11.898040	-0.275389	 3.148105	 9.181604	 2.910068	 4.317314	-70.617920	 37.527010	 19.842640	 14.780520	-6.821038	 19.211720	 10.901230	-5.649693	 19.246540	-70.757130	 18.574900	 10.454150	 21.099420	-3.898340	 9.395206	 9.518596	-0.473063	 9.966733	-72.614270	-51.617550	-12.041010	-7.588076	 16.022730	-0.540169	 0.139211	 14.789960	-0.368235	 3.437935	 0.677441	-5.817393	 90.338880	-96.250460	-3.636650	-84.173240	-179.735300	-1.080702	 101.711400	-0.813313	 0.122417	-8.559153	-20.474320	-29.757790	 16.543590	-102.442300	-8.962573	-10.341200	 37.889310	-12.169590	-10.254760	-13.992510	-7.708143	 70.101960	 2.456334	-1.169614	 80.571620	 1.607290	 1.620231	-23.595230	-18.979760	-21.838750	 66.736170	-0.132232	 3.317905	 90.561660	 0.188877	 7.210887	-12.059030	 29.676880	 12.051710	 58.468990	-6.944987	 21.231400	 175.979200	-4.716607	 19.574100	-20.519730	 19.015260	 7.052353	 164.390800	-3.469364	 9.958713	 96.981120	-5.388382	 9.060833	 123.316400	-27.765370	-14.893040	-19.337060	-76.629300	 0.070929	-0.248703	 35.370370	-0.405495	 3.620178	 0.000000	 90.000000	 0.000000	 173.557200	 8.522776	 171.562100	-174.675200	-14.675820	-32.208860
-0.039477	-0.084642	-0.007056	-172.095500	 4.560749	-89.604190	-6.698352	-1.322071	-7.114054	-6.406461	-3.903668	-6.642444	 1.741916	-7.010000	 110.481900	-0.813313	 0.122417	-8.559153	-49.778130	-28.522220	 17.322250	-8.895481	 25.035560	 1.494081	-20.465760	 27.080340	-49.785240	-11.582920	-4.601621	 9.666660	 2.503291	-1.126934	 4.548135	 3.270450	-0.643668	-80.071260	 3.995663	 3.186877	 11.897920	-0.275389	 3.148105	 9.181604	 2.910061	 4.317344	-70.617470	 37.530990	 19.844090	 14.779160	-6.821038	 19.211720	 10.901230	-5.649810	 19.246550	-70.762770	 18.577480	 10.455480	 21.098930	-3.898340	 9.395206	 9.518596	-0.473063	 9.966733	-72.614270	-51.617550	-12.041010	-7.588076	 16.022730	-0.540169	 0.139211	 14.789960	-0.368235	 3.437935	 0.664057	-5.672025	 90.336450	-96.267710	-3.797647	-84.117330	-179.695600	-1.300691	 101.621900	-0.813313	 0.122417	-8.559153	-20.749260	-29.762220	 16.920920	-102.994100	-9.044495	-10.079870	 38.305420	-12.600540	-11.167850	-13.992510	-7.708143	 70.101960	 2.456334	-1.169614	 80.571630	 1.607290	 1.620231	-23.595230	-19.111350	-21.981460	 66.687550	-0.132224	 3.315331	 89.695080	 0.188883	 7.210885	-12.059110	 29.676890	 12.051720	 58.468950	-6.966770	 21.232680	 177.130200	-4.716607	 19.574100	-20.519810	 19.018880	 7.210770	 165.407800	-3.468525	 9.951277	 96.139400	-5.368151	 9.003600	 124.708900	-28.349250	-15.041520	-19.951100	-70.242000	 0.016146	-0.259083	 35.370370	-0.405495	 3.620178	 0.000000	 90.000000	 0.000000	 173.627400	 8.507657	 171.718200	-174.542400	-14.723110	-32.210820
-0.040339	-0.083282	-0.007539	-172.180500	 4.354290	-89.586790	-6.562123	-1.395434	-7.177144	-6.296427	-4.065785	-6.703802	 1.719548	-6.922358	 110.490700	-0.813313	 0.122417	-8.559153	-50.489570	-28.173780	 17.160450	-8.098250	 25.045430	 1.502431	-20.568860	 26.591140	-50.394730	-11.582920	-4.601621	 9.666660	 2.503291	-1.126934	 4.548135	 3.270450	-0.643668	-80.071260	 3.997650	 3.187746	 11.897810	-0.275389	 3.148105	 9.181604	 2.910054	 4.317375	-70.617040	 37.534830	 19.845490	 14.777850	-6.821038	 19.211720	 10.901230	-5.649920	 19.246560	-70.768230	 18.580000	 10.456770	 21.098440	-3.898340	 9.395206	 9.518596	-0.473063	 9.966733	-72.614270	-51.617550	-12.041010	-7.588076	 16.022730	-0.540169	 0.139211	 14.789960	-0.368235	 3.437935	 0.651646	-5.537907	 90.334110	-96.273190	-3.990474	-84.064990	-179.655500	-1.525238	 101.528200	-0.813313	 0.122417	-8.559153	-21.069840	-29.806810	 17.304760	-103.392000	-9.157540	-9.830869	 38.584890	-13.002730	-11.995710	-13.992510	-7.708143	 70.101960	 2.456334	-1.169614	 80.571630	 1.607290	 1.620231	-23.595230	-19.238770	-22.119280	 66.640150	-0.132253	 3.312822	 88.850320	 0.188888	 7.210884	-12.059190	 29.676880	 12.051730	 58.468890	-6.988058	 21.233530	 178.253800	-4.716609	 19.574100	-20.519890	 19.019890	 7.364247	 166.401200	-3.467799	 9.943838	 95.298780	-5.347050	 8.948213	 126.068200	-28.910310	-15.181040	-20.550840	-64.007320	-0.038129	-0.263285	 35.370370	-0.405495	 3.620178	 0.000000	 90.000000	 0.000000	 173.692600	 8.495013	 171.877000	-174.416200	-14.758050	-32.209820
-0.041322	-0.081597	-0.008082	-172.287000	 4.088971	-89.564520	-6.413531	-1.478103	-7.249818	-6.177512	-4.255779	-6.773968	 1.695399	-6.827942	 110.499200	-0.813313	 0.122417	-8.559153	-50.460870	-28.075530	 17.364820	-7.862860	 25.062950	 1.489056	-20.454110	 26.469390	-50.552000	-11.582920	-4.601621	 9.666660	 2.503291	-1.126934	 4.548135	 3.270450	-0.643668	-80.071260	 3.999905	 3.188731	 11.897670	-0.275389	 3.148105	 9.181604	 2.910045	 4.317410	-70.616520	 37.539230	 19.847100	 14.776340	-6.821038	 19.211720	 10.901230	-5.650047	 19.246570	-70.774460	 18.582860	 10.458230	 21.097880	-3.898340	 9.395206	 9.518596	-0.473063	 9.966733	-72.614270	-51.617550	-12.041010	-7.588076	 16.022730	-0.540169	 0.139211	 14.789960	-0.368235	 3.437935	 0.638305	-5.387886	 90.331390	-96.259180	-4.247264	-84.005720	-179.608800	-1.788918	 101.416200	-0.813313	 0.122417	-8.559153	-21.509120	-29.908050	 17.698440	-103.782000	-9.309310	-9.553259	 38.954850	-13.434120	-12.813120	-13.992510	-7.708143	 70.101960	 2.456334	-1.169614	 80.571630	 1.607290	 1.620231	-23.595230	-19.383290	-22.275150	 66.586070	-0.132331	 3.309963	 87.887750	 0.188897	 7.210880	-12.059320	 29.676910	 12.051760	 58.468800	-7.012450	 21.234030	 179.540300	-4.716610	 19.574100	-20.519960	 19.018090	 7.538283	 167.539100	-3.467089	 9.935116	 94.314220	-5.321266	 8.885420	 127.624400	-29.538740	-15.334440	-21.237050	-56.869210	-0.100380	-0.260818	 35.370370	-0.405495	 3.620178	 0.000000	 90.000000	 0.000000	 173.771900	 8.484614	 172.090600	-174.272000	-14.786270	-32.182540
-0.042300	-0.080086	-0.008484	-172.382800	 3.855123	-89.563200	-6.293234	-1.547091	-7.311537	-6.082312	-4.421597	-6.833009	 1.674713	-6.747324	 110.505300	-0.813313	 0.122417	-8.559153	-49.960120	-28.098810	 17.839920	-8.204579	 25.072650	 1.509165	-20.133570	 26.514940	-50.458190	-11.582920	-4.601621	 9.666660	 2.503291	-1.126934	 4.548135	 3.270450	-0.643668	-80.071260	 4.001794	 3.189556	 11.897560	-0.275389	 3.148105	 9.181604	 2.910038	 4.317441	-70.616070	 37.542910	 19.848440	 14.775080	-6.821038	 19.211720	 10.901230	-5.650153	 19.246580	-70.779710	 18.585260	 10.459470	 21.097410	-3.898340	 9.395206	 9.518596	-0.473063	 9.966733	-72.614270	-51.617550	-12.041010	-7.588076	 16.022730	-0.540169	 0.139211	 14.789960	-0.368235	 3.437935	 0.627629	-5.238226	 90.329030	-96.219990	-4.486126	-83.974630	-179.573000	-1.993475	 101.319500	-0.813313	 0.122417	-8.559153	-21.927020	-30.032620	 17.995450	-104.123500	-9.448291	-9.325725	 39.334550	-13.788650	-13.415220	-13.992510	-7.708143	 70.101960	 2.456334	-1.169614	 80.571630	 1.607290	 1.620231	-23.595230	-19.504940	-22.405980	 66.540240	-0.132435	 3.307555	 87.076710	 0.188903	 7.210878	-12.059410	 29.676900	 12.051760	 58.468730	-7.033187	 21.234050	-179.366200	-4.716610	 19.574090	-20.520070	 19.014130	 7.684568	 168.506700	-3.466598	 9.927538	 93.459910	-5.298007	 8.832611	 128.946700	-30.058260	-15.459740	-21.818990	-50.803890	-0.152706	-0.252651	 35.370370	-0.405495	 3.620178	 0.000000	 90.000000	 0.000000	 173.862300	 8.479406	 172.301300	-174.144300	-14.802050	-32.105990
-0.043433	-0.078508	-0.008821	-172.487600	 3.642627	-89.582180	-6.171025	-1.618947	-7.376607	-5.986835	-4.602922	-6.894647	 1.650983	-6.655169	 110.510600	-0.813313	 0.122417	-8.559153	-48.747230	-28.818970	 18.718990	-8.810994	 25.132180	 1.401339	-19.790170	 27.372050	-49.944600	-11.582920	-4.601621	 9.666660	 2.503291	-1.126934	 4.548135	 3.270450	-0.643668	-80.071260	 4.003779	 3.190424	 11.897440	-0.275389	 3.148105	 9.181604	 2.910029	 4.317476	-70.615560	 37.546800	 19.849860	 14.773750	-6.821038	 19.211720	 10.901230	-5.650266	 19.246590	-70.785210	 18.587800	 10.460760	 21.096920	-3.898340	 9.395206	 9.518596	-0.473063	 9.966733	-72.614270	-51.617550	-12.041010	-7.588076	 16.022730	-0.540169	 0.139211	 14.789960	-0.368235	 3.437935	 0.617047	-5.057754	 90.326400	-96.155360	-4.750431	-83.984810	-179.542600	-2.169117	 101.217900	-0.813313	 0.122417	-8.559153	-22.397330	-30.199320	 18.276110	-104.486400	-9.612745	-9.100308	 39.637660	-14.173450	-14.029170	-13.992510	-7.708143	 70.101960	 2.456334	-1.169614	 80.571630	 1.607290	 1.620231	-23.595230	-19.632930	-22.543260	 66.491750	-0.132580	 3.305030	 86.225110	 0.188909	 7.210876	-12.059500	 29.676920	 12.051800	 58.468650	-7.055223	 21.233670	-178.204000	-4.716612	 19.574090	-20.520160	 19.007550	 7.838223	 169.535500	-3.466194	 9.919330	 92.535220	-5.271945	 8.777080	 130.352200	-30.592630	-15.588190	-22.435410	-44.358020	-0.207021	-0.237970	 35.370370	-0.405495	 3.620178	 0.000000	 90.000000	 0.000000	 173.978500	 8.475925	 172.549800	-174.006300	-14.812030	-31.980550
-0.044461	-0.077170	-0.009043	-172.562500	 3.480416	-89.612280	-6.070780	-1.679113	-7.431419	-5.909663	-4.762852	-6.945961	 1.629981	-6.573791	 110.514300	-0.813313	 0.122417	-8.559153	-47.425240	-29.059130	 19.644980	-10.100600	 25.169580	 1.407703	-19.195810	 27.819660	-49.463280	-11.582920	-4.601621	 9.666660	 2.503291	-1.126934	 4.548135	 3.270450	-0.643668	-80.071260	 4.005457	 3.191157	 11.897350	-0.275389	 3.148105	 9.181604	 2.910022	 4.317504	-70.615150	 37.550050	 19.851050	 14.772640	-6.821038	 19.211720	 10.901230	-5.650362	 19.246600	-70.789850	 18.589920	 10.461850	 21.096520	-3.898340	 9.395206	 9.518596	-0.473063	 9.966733	-72.614270	-51.617550	-12.041010	-7.588076	 16.022730	-0.540169	 0.139211	 14.789960	-0.368235	 3.437935	 0.608699	-4.887244	 90.324070	-96.083950	-4.980237	-84.014400	-179.519500	-2.304181	 101.134700	-0.813313	 0.122417	-8.559153	-22.807360	-30.362740	 18.489420	-104.792800	-9.754482	-8.923120	 39.838790	-14.506930	-14.562220	-13.992510	-7.708143	 70.101960	 2.456334	-1.169614	 80.571630	 1.607290	 1.620231	-23.595230	-19.741320	-22.659240	 66.450480	-0.132732	 3.302903	 85.507760	 0.188918	 7.210876	-12.059630	 29.676930	 12.051810	 58.468590	-7.074069	 21.233010	-177.209500	-4.716614	 19.574090	-20.520260	 19.000050	 7.968042	 170.416200	-3.465952	 9.912187	 91.731250	-5.248555	 8.730074	 131.554600	-31.032670	-15.694550	-22.960410	-38.843040	-0.251945	-0.220631	 35.370370	-0.405495	 3.620178	 0.000000	 90.000000	 0.000000	 174.091400	 8.473166	 172.778800	-173.888600	-14.816230	-31.846200
-0.045763	-0.075629	-0.009264	-172.601500	 3.289880	-89.662560	-5.953002	-1.750983	-7.496869	-5.820571	-4.965593	-7.006355	 1.607011	-6.484785	 110.518500	-0.813313	 0.122417	-8.559153	-46.114100	-28.899870	 20.684160	-11.735730	 25.184290	 1.497412	-18.416700	 27.872540	-49.083890	-11.582920	-4.601621	 9.666660	 2.503291	-1.126934	 4.548135	 3.270450	-0.643668	-80.071260	 4.007500	 3.192050	 11.897230	-0.275389	 3.148105	 9.181604	 2.910012	 4.317541	-70.614620	 37.554000	 19.852490	 14.771290	-6.821038	 19.211720	 10.901230	-5.650476	 19.246600	-70.795440	 18.592490	 10.463170	 21.096010	-3.898340	 9.395206	 9.518596	-0.473063	 9.966733	-72.614270	-51.617550	-12.041010	-7.588076	 16.022730	-0.540169	 0.139211	 14.789960	-0.368235	 3.437935	 0.599484	-4.660374	 90.321170	-95.979990	-5.259194	-84.055540	-179.489900	-2.478236	 101.041300	-0.813313	 0.122417	-8.559153	-23.303790	-30.570230	 18.717840	-105.154700	-9.897638	-8.720411	 40.045790	-14.906120	-15.276290	-13.992510	-7.708143	 70.101960	 2.456334	-1.169614	 80.571630	 1.607290	 1.620231	-23.595230	-19.872590	-22.799340	 66.400190	-0.132949	 3.300358	 84.647650	 0.188925	 7.210873	-12.059740	 29.676920	 12.051820	 58.468500	-7.097129	 21.231790	-175.991500	-4.716616	 19.574090	-20.520360	 18.988600	 8.124734	 171.495200	-3.465794	 9.903303	 90.732000	-5.218565	 8.673187	 133.027000	-31.546240	-15.820880	-23.599220	-32.090290	-0.304354	-0.193651	 35.370370	-0.405495	 3.620178	 0.000000	 90.000000	 0.000000	 174.242400	 8.467854	 173.074000	-173.748400	-14.817890	-31.660940
-0.046834	-0.074398	-0.009419	-172.609800	 3.131503	-89.708960	-5.859703	-1.808511	-7.548881	-5.751469	-5.139065	-7.053465	 1.590174	-6.419521	 110.521700	-0.813313	 0.122417	-8.559153	-45.206250	-28.930900	 21.488000	-12.597720	 25.213890	 1.493443	-17.972410	 28.052620	-48.825540	-11.582920	-4.601621	 9.666660	 2.503291	-1.126934	 4.548135	 3.270450	-0.643668	-80.071260	 4.009119	 3.192757	 11.897130	-0.275389	 3.148105	 9.181604	 2.910005	 4.317571	-70.614170	 37.557170	 19.853650	 14.770200	-6.821038	 19.211720	 10.901230	-5.650568	 19.246610	-70.799950	 18.594560	 10.464230	 21.095610	-3.898340	 9.395206	 9.518596	-0.473063	 9.966733	-72.614270	-51.617550	-12.041010	-7.588076	 16.022730	-0.540169	 0.139211	 14.789960	-0.368235	 3.437935	 0.592848	-4.460455	 90.318700	-95.883870	-5.480582	-84.074830	-179.464500	-2.627723	 100.975300	-0.813313	 0.122417	-8.559153	-23.692540	-30.733970	 18.880980	-105.440600	-9.993483	-8.564233	 40.210220	-15.202420	-15.828510	-13.992510	-7.708143	 70.101960	 2.456334	-1.169614	 80.571630	 1.607290	 1.620231	-23.595230	-19.979410	-22.913060	 66.359060	-0.133151	 3.298318	 83.957890	 0.188932	 7.210870	-12.059850	 29.676950	 12.051850	 58.468430	-7.116101	 21.230450	-174.988200	-4.716618	 19.574090	-20.520440	 18.977370	 8.251756	 172.384500	-3.465781	 9.895890	 89.897900	-5.192760	 8.626905	 134.239900	-31.945140	-15.922160	-24.121130	-26.528280	-0.344898	-0.166919	 35.370370	-0.405495	 3.620178	 0.000000	 90.000000	 0.000000	 174.373500	 8.459903	 173.324300	-173.639200	-14.818180	-31.502860
-0.047863	-0.073170	-0.009546	-172.611200	 2.970439	-89.753440	-5.771556	-1.862990	-7.597447	-5.687531	-5.314583	-7.096537	 1.575351	-6.362014	 110.524900	-0.813313	 0.122417	-8.559153	-44.382860	-28.891430	 22.243640	-13.381910	 25.251230	 1.494571	-17.575240	 28.181110	-48.610240	-11.582920	-4.601621	 9.666660	 2.503291	-1.126934	 4.548135	 3.270450	-0.643668	-80.071260	 4.010681	 3.193439	 11.897040	-0.275389	 3.148105	 9.181604	 2.909998	 4.317602	-70.613730	 37.560220	 19.854760	 14.769160	-6.821038	 19.211720	 10.901230	-5.650656	 19.246620	-70.804270	 18.596540	 10.465250	 21.095230	-3.898340	 9.395206	 9.518596	-0.473063	 9.966733	-72.614270	-51.617550	-12.041010	-7.588076	 16.022730	-0.540169	 0.139211	 14.789960	-0.368235	 3.437935	 0.586936	-4.255973	 90.316290	-95.788920	-5.673110	-84.159600	-179.443300	-2.753939	 100.921200	-0.813313	 0.122417	-8.559153	-24.039120	-30.874570	 19.020700	-105.707700	-10.071030	-8.420404	 40.368770	-15.424670	-16.213420	-13.992510	-7.708143	 70.101960	 2.456334	-1.169614	 80.571630	 1.607290	 1.620231	-23.595230	-20.082390	-23.022430	 66.319210	-0.133363	 3.296391	 83.305010	 0.188938	 7.210868	-12.059930	 29.676940	 12.051860	 58.468350	-7.134577	 21.228830	-174.009700	-4.716619	 19.574090	-20.520530	 18.964930	 8.373693	 173.252000	-3.465877	 9.888586	 89.076100	-5.166646	 8.582301	 135.422600	-32.310010	-16.019030	-24.625520	-21.105030	-0.381755	-0.137195	 35.370370	-0.405495	 3.620178	 0.000000	 90.000000	 0.000000	 174.503600	 8.447079	 173.569700	-173.537100	-14.819360	-31.334480
-0.049016	-0.071758	-0.009636	-172.594700	 2.792453	-89.802520	-5.670789	-1.924953	-7.651191	-5.616341	-5.530336	-7.142836	 1.559622	-6.300918	 110.528900	-0.813313	 0.122417	-8.559153	-43.497520	-28.773330	 23.071040	-14.260900	 25.307700	 1.505771	-17.142070	 28.286420	-48.402370	-11.582920	-4.601621	 9.666660	 2.503291	-1.126934	 4.548135	 3.270450	-0.643668	-80.071260	 4.012474	 3.194222	 11.896930	-0.275389	 3.148105	 9.181604	 2.909988	 4.317640	-70.613200	 37.563680	 19.856020	 14.767970	-6.821038	 19.211720	 10.901230	-5.650757	 19.246630	-70.809190	 18.598800	 10.466410	 21.094790	-3.898340	 9.395206	 9.518596	-0.473063	 9.966733	-72.614270	-51.617550	-12.041010	-7.588076	 16.022730	-0.540169	 0.139211	 14.789960	-0.368235	 3.437935	 0.579878	-4.005781	 90.313360	-95.685100	-5.847202	-84.410510	-179.422000	-2.881254	 100.867200	-0.813313	 0.122417	-8.559153	-24.396980	-31.007160	 19.163210	-106.005800	-10.146930	-8.260342	 40.553830	-15.623310	-16.525470	-13.992510	-7.708134	 70.101960	 2.456334	-1.169614	 80.571620	 1.607290	 1.620231	-23.595230	-20.202060	-23.149230	 66.272690	-0.133632	 3.294211	 82.565880	 0.188947	 7.210865	-12.060060	 29.676960	 12.051890	 58.468260	-7.156295	 21.226560	-172.857300	-4.716619	 19.574090	-20.520660	 18.948480	 8.514681	 174.274200	-3.466129	 9.879904	 88.099270	-5.134707	 8.530461	 136.815400	-32.704980	-16.131410	-25.212590	-14.718480	-0.421311	-0.097911	 35.370370	-0.405495	 3.620178	 0.000000	 90.000000	 0.000000	 174.655000	 8.420154	 173.853400	-173.418000	-14.826180	-31.086490
-0.049802	-0.070811	-0.009638	-172.543700	 2.692790	-89.838870	-5.594640	-1.971039	-7.689650	-5.564019	-5.704747	-7.174700	 1.548499	-6.257627	 110.532300	-0.813313	 0.122417	-8.559153	-42.879200	-28.644600	 23.643640	-14.925020	 25.362330	 1.521752	-16.824620	 28.347050	-48.275680	-11.582920	-4.601621	 9.666660	 2.503291	-1.126934	 4.548135	 3.270450	-0.643668	-80.071260	 4.013824	 3.194812	 11.896850	-0.275389	 3.148105	 9.181604	 2.909982	 4.317667	-70.612790	 37.566300	 19.856980	 14.767080	-6.821038	 19.211720	 10.901230	-5.650830	 19.246640	-70.812890	 18.600500	 10.467280	 21.094460	-3.898340	 9.395206	 9.518596	-0.473063	 9.966733	-72.614270	-51.617550	-12.041010	-7.588076	 16.022730	-0.540169	 0.139211	 14.789960	-0.368235	 3.437935	 0.574434	-3.807376	 90.311110	-95.600940	-5.945220	-84.613210	-179.407700	-2.966775	 100.830300	-0.813313	 0.122417	-8.559153	-24.646100	-31.090890	 19.257150	-106.222500	-10.198030	-8.142448	 40.695630	-15.747750	-16.705610	-13.992510	-7.708134	 70.101960	 2.456334	-1.169614	 80.571590	 1.607290	 1.620231	-23.595230	-20.293350	-23.245740	 66.237020	-0.133848	 3.292603	 82.020080	 0.188954	 7.210862	-12.060170	 29.676970	 12.051910	 58.468190	-7.173059	 21.224520	-171.965900	-4.716621	 19.574090	-20.520750	 18.934500	 8.621659	 175.065100	-3.466430	 9.873148	 87.338360	-5.109138	 8.490899	 137.892700	-32.981380	-16.217630	-25.660590	-9.779377	-0.448777	-0.064657	 35.370370	-0.405495	 3.620178	 0.000000	 90.000000	 0.000000	 174.766900	 8.388092	 174.063400	-173.329500	-14.837630	-30.867630
-0.050607	-0.069792	-0.009596	-172.468200	 2.600286	-89.871610	-5.507648	-2.024137	-7.731720	-5.509909	-5.924776	-7.207743	 1.535929	-6.208620	 110.536700	-0.813313	 0.122417	-8.559153	-42.214300	-28.466230	 24.224620	-15.731620	 25.443620	 1.547366	-16.450080	 28.414450	-48.163600	-11.582920	-4.601621	 9.666660	 2.503291	-1.126934	 4.548135	 3.270450	-0.643668	-80.071260	 4.015385	 3.195494	 11.896760	-0.275389	 3.148105	 9.181604	 2.909973	 4.317702	-70.612270	 37.569340	 19.858090	 14.766040	-6.821038	 19.211720	 10.901230	-5.650918	 19.246640	-70.817180	 18.602470	 10.468290	 21.094080	-3.898340	 9.395206	 9.518596	-0.473063	 9.966733	-72.614270	-51.617550	-12.041010	-7.588076	 16.022730	-0.540169	 0.139211	 14.789960	-0.368235	 3.437935	 0.567796	-3.564950	 90.308360	-95.482520	-6.022971	-84.915310	-179.392400	-3.059055	 100.788000	-0.813313	 0.122417	-8.559153	-24.919770	-31.171870	 19.352450	-106.466200	-10.256120	-8.005474	 40.864670	-15.888280	-16.910990	-13.992510	-7.708134	 70.101960	 2.456334	-1.169614	 80.571590	 1.607291	 1.620230	-23.595260	-20.402030	-23.360370	 66.194350	-0.134114	 3.290770	 81.396110	 0.188963	 7.210860	-12.060300	 29.676970	 12.051930	 58.468110	-7.193255	 21.221730	-170.889200	-4.716623	 19.574080	-20.520850	 18.916240	 8.748287	 176.020700	-3.466916	 9.864952	 86.414970	-5.077261	 8.443762	 139.193700	-33.276940	-16.321750	-26.193340	-3.815248	-0.477953	-0.021536	 35.370370	-0.405495	 3.620178	 0.000000	 90.000000	 0.000000	 174.888300	 8.341389	 174.292200	-173.227900	-14.856440	-30.585240
-0.051188	-0.069044	-0.009544	-172.421400	 2.528137	-89.887080	-5.442833	-2.066336	-7.762856	-5.480097	-6.119508	-7.229579	 1.525712	-6.168775	 110.540400	-0.813313	 0.122417	-8.559153	-41.718960	-28.317540	 24.615880	-16.437730	 25.528030	 1.571049	-16.130010	 28.483090	-48.105460	-11.582920	-4.601621	 9.666660	 2.503291	-1.126934	 4.548135	 3.270450	-0.643668	-80.071260	 4.016657	 3.196050	 11.896680	-0.275389	 3.148105	 9.181604	 2.909966	 4.317733	-70.611830	 37.571800	 19.858980	 14.765200	-6.821038	 19.211720	 10.901230	-5.650989	 19.246640	-70.820670	 18.604080	 10.469110	 21.093770	-3.898340	 9.395206	 9.518596	-0.473063	 9.966733	-72.614270	-51.617550	-12.041010	-7.588076	 16.022730	-0.540169	 0.139211	 14.789960	-0.368235	 3.437935	 0.562202	-3.359911	 90.306030	-95.368660	-6.061302	-85.218450	-179.380600	-3.131273	 100.751000	-0.813313	 0.122417	-8.559153	-25.132340	-31.224450	 19.418140	-106.655300	-10.306900	-7.892859	 40.970820	-16.021130	-17.136510	-13.992510	-7.708134	 70.101960	 2.456334	-1.169614	 80.571590	 1.607292	 1.620230	-23.595280	-20.492590	-23.455670	 66.158650	-0.134337	 3.289320	 80.902500	 0.188970	 7.210858	-12.060400	 29.676980	 12.051950	 58.468020	-7.210305	 21.219090	-169.977900	-4.716624	 19.574080	-20.520960	 18.899690	 8.853139	 176.829700	-3.467432	 9.858002	 85.631300	-5.049445	 8.404431	 140.294800	-33.490500	-16.410570	-26.636120	 1.231744	-0.499037	 0.017160	 35.370370	-0.405495	 3.620178	 0.000000	 90.000000	 0.000000	 174.975600	 8.298471	 174.457500	-173.147500	-14.874560	-30.342670
-0.051773	-0.068360	-0.009477	-172.386000	 2.448750	-89.899160	-5.379220	-2.110801	-7.792321	-5.463610	-6.350448	-7.246027	 1.514225	-6.123990	 110.544600	-0.813313	 0.122417	-8.559153	-41.220880	-28.184460	 24.971570	-17.287190	 25.580910	 1.594898	-15.742560	 28.533860	-48.101540	-11.582920	-4.601621	 9.666660	 2.503291	-1.126934	 4.548135	 3.270450	-0.643668	-80.071260	 4.018026	 3.196649	 11.896600	-0.275389	 3.148105	 9.181604	 2.909956	 4.317768	-70.611320	 37.574440	 19.859940	 14.764290	-6.821038	 19.211720	 10.901230	-5.651065	 19.246650	-70.824420	 18.605810	 10.470000	 21.093430	-3.898340	 9.395206	 9.518596	-0.473063	 9.966733	-72.614270	-51.617550	-12.041010	-7.588076	 16.022730	-0.540169	 0.139211	 14.789960	-0.368235	 3.437935	 0.555858	-3.131352	 90.303390	-95.225880	-6.083842	-85.611310	-179.367500	-3.211206	 100.712200	-0.813313	 0.122417	-8.559153	-25.357470	-31.268260	 19.476590	-106.848000	-10.372360	-7.767373	 41.020970	-16.181430	-17.425810	-13.992500	-7.708127	 70.101960	 2.456334	-1.169614	 80.571590	 1.607292	 1.620230	-23.595280	-20.593390	-23.561550	 66.118740	-0.134585	 3.287811	 80.387950	 0.188979	 7.210856	-12.060530	 29.676990	 12.051970	 58.467940	-7.229540	 21.215810	-168.946700	-4.716627	 19.574080	-20.521090	 18.879860	 8.969071	 177.745600	-3.468138	 9.850146	 84.744220	-5.017053	 8.360568	 141.540700	-33.686780	-16.512770	-27.126740	 6.942025	-0.518683	 0.062981	 35.370370	-0.405495	 3.620178	 0.000000	 90.000000	 0.000000	 175.060800	 8.247476	 174.622000	-173.064100	-14.894950	-30.079910
-0.052143	-0.067874	-0.009369	-172.341200	 2.397058	-89.908040	-5.337241	-2.142394	-7.810178	-5.462906	-6.536535	-7.252837	 1.505150	-6.088645	 110.547700	-0.813313	 0.122417	-8.559153	-40.901520	-28.095730	 25.188560	-17.831370	 25.571000	 1.608097	-15.483490	 28.526620	-48.129010	-11.582920	-4.601621	 9.666660	 2.503291	-1.126934	 4.548135	 3.270450	-0.643668	-80.071260	 4.019009	 3.197079	 11.896550	-0.275389	 3.148105	 9.181604	 2.909950	 4.317796	-70.610920	 37.576390	 19.860650	 14.763630	-6.821038	 19.211720	 10.901230	-5.651124	 19.246650	-70.827160	 18.607060	 10.470640	 21.093190	-3.898340	 9.395206	 9.518596	-0.473063	 9.966733	-72.614270	-51.617550	-12.041010	-7.588076	 16.022730	-0.540169	 0.139211	 14.789960	-0.368235	 3.437935	 0.550980	-2.960607	 90.301380	-95.106910	-6.093200	-85.947300	-179.357000	-3.274757	 100.691900	-0.813313	 0.122417	-8.559153	-25.523690	-31.292060	 19.510420	-106.979000	-10.433070	-7.671059	 41.052360	-16.287680	-17.581500	-13.992500	-7.708127	 70.101960	 2.456334	-1.169614	 80.571580	 1.607292	 1.620230	-23.595280	-20.669620	-23.641440	 66.088450	-0.134767	 3.286758	 80.028280	 0.188986	 7.210854	-12.060640	 29.677000	 12.051980	 58.467880	-7.244284	 21.213060	-168.153900	-4.716626	 19.574080	-20.521160	 18.863870	 9.056145	 178.449900	-3.468760	 9.844124	 84.063510	-4.991501	 8.327325	 142.498600	-33.801330	-16.593190	-27.495480	 11.331770	-0.530620	 0.099406	 35.370370	-0.405495	 3.620178	 0.000000	 90.000000	 0.000000	 175.119300	 8.207464	 174.739100	-173.000300	-14.902070	-29.804000
-0.052525	-0.067233	-0.009164	-172.288800	 2.336359	-89.916230	-5.292126	-2.179221	-7.826005	-5.471100	-6.744270	-7.253571	 1.493866	-6.044690	 110.551700	-0.813313	 0.122417	-8.559153	-40.619620	-27.958500	 25.396410	-18.226440	 25.594170	 1.628853	-15.285990	 28.516450	-48.157330	-11.582920	-4.601621	 9.666660	 2.503291	-1.126934	 4.548135	 3.270450	-0.643668	-80.071260	 4.020224	 3.197608	 11.896470	-0.275389	 3.148105	 9.181604	 2.909941	 4.317831	-70.610410	 37.578710	 19.861500	 14.762830	-6.821038	 19.211720	 10.901230	-5.651189	 19.246660	-70.830430	 18.608560	 10.471410	 21.092890	-3.898340	 9.395206	 9.518596	-0.473063	 9.966733	-72.614270	-51.617550	-12.041010	-7.588076	 16.022730	-0.540169	 0.139211	 14.789960	-0.368235	 3.437935	 0.544864	-2.763374	 90.298900	-94.944460	-6.105518	-86.417000	-179.342100	-3.363943	 100.677900	-0.813313	 0.122417	-8.559153	-25.734060	-31.312280	 19.540160	-107.117600	-10.501230	-7.545862	 41.136450	-16.391040	-17.718220	-13.992500	-7.708127	 70.101960	 2.456334	-1.169614	 80.571580	 1.607293	 1.620229	-23.595300	-20.765410	-23.741660	 66.050240	-0.134980	 3.285564	 79.619750	 0.188995	 7.210850	-12.060780	 29.677010	 12.052000	 58.467780	-7.263091	 21.209270	-167.139200	-4.716629	 19.574080	-20.521300	 18.842560	 9.164842	 179.351500	-3.469658	 9.836466	 83.196420	-4.957987	 8.285401	 143.724500	-33.896470	-16.699480	-27.955120	 16.948280	-0.541791	 0.147153	 35.370370	-0.405495	 3.620178	 0.000000	 90.000000	 0.000000	 175.189500	 8.156792	 174.887400	-172.922700	-14.893660	-29.348650
-0.052739	-0.066763	-0.009000	-172.281200	 2.284400	-89.918160	-5.262107	-2.206281	-7.830593	-5.479015	-6.844919	-7.246828	 1.486084	-6.014280	 110.555100	-0.813313	 0.122417	-8.559153	-40.528960	-27.874390	 25.483490	-18.245390	 25.595900	 1.640164	-15.243830	 28.487680	-48.212150	-11.582920	-4.601621	 9.666660	 2.503291	-1.126934	 4.548135	 3.270450	-0.643668	-80.071260	 4.021130	 3.198004	 11.896420	-0.275389	 3.148105	 9.181604	 2.909934	 4.317861	-70.609980	 37.580460	 19.862140	 14.762230	-6.821038	 19.211720	 10.901230	-5.651237	 19.246660	-70.832920	 18.609700	 10.472000	 21.092680	-3.898340	 9.395206	 9.518596	-0.473063	 9.966733	-72.614270	-51.617550	-12.041010	-7.588076	 16.022730	-0.540169	 0.139211	 14.789960	-0.368235	 3.437935	 0.539998	-2.633144	 90.297010	-94.803860	-6.104611	-86.831050	-179.326400	-3.456525	 100.676200	-0.813313	 0.122417	-8.559153	-25.910440	-31.322290	 19.553600	-107.198600	-10.514780	-7.439569	 41.323250	-16.428450	-17.798920	-13.992490	-7.708109	 70.101960	 2.456334	-1.169614	 80.571580	 1.607294	 1.620230	-23.595310	-20.842490	-23.822130	 66.019370	-0.135135	 3.284726	 79.333370	 0.189002	 7.210848	-12.060880	 29.677010	 12.052020	 58.467690	-7.278470	 21.205930	-166.306500	-4.716631	 19.574080	-20.521390	 18.824450	 9.251632	-179.908400	-3.470478	 9.830240	 82.490310	-4.929817	 8.251534	 144.730300	-33.945870	-16.788700	-28.325410	 21.556340	-0.547416	 0.186993	 35.370370	-0.405495	 3.620178	 0.000000	 90.000000	 0.000000	 175.246600	 8.117044	 175.017000	-172.895200	-14.863970	-29.002770
-0.052816	-0.066291	-0.008801	-172.295000	 2.232148	-89.918060	-5.238272	-2.230220	-7.825028	-5.489830	-6.903277	-7.234064	 1.479489	-5.988439	 110.558500	-0.813313	 0.122417	-8.559153	-40.605490	-27.863190	 25.447900	-17.803350	 25.560870	 1.623855	-15.371440	 28.460250	-48.307630	-11.582920	-4.601621	 9.666660	 2.503291	-1.126934	 4.548135	 3.270450	-0.643668	-80.071260	 4.021959	 3.198367	 11.896370	-0.275389	 3.148105	 9.181604	 2.909926	 4.317891	-70.609540	 37.582070	 19.862730	 14.761680	-6.821038	 19.211720	 10.901230	-5.651284	 19.246670	-70.835150	 18.610740	 10.472530	 21.092470	-3.898340	 9.395206	 9.518596	-0.473063	 9.966733	-72.614270	-51.617550	-12.041010	-7.588076	 16.022730	-0.540169	 0.139211	 14.789960	-0.368235	 3.437935	 0.535270	-2.527234	 90.295210	-94.658620	-6.069589	-87.262250	-179.306400	-3.574006	 100.682800	-0.813313	 0.122417	-8.559153	-26.094960	-31.328570	 19.557550	-107.247700	-10.495100	-7.329005	 41.570390	-16.434440	-17.883290	-13.992490	-7.708109	 70.101960	 2.456334	-1.169614	 80.571540	 1.607294	 1.620229	-23.595320	-20.917620	-23.900450	 65.989190	-0.135266	 3.284039	 79.097820	 0.189010	 7.210845	-12.060990	 29.677030	 12.052060	 58.467610	-7.293701	 21.202400	-165.478900	-4.716631	 19.574080	-20.521490	 18.805950	 9.335649	-179.172700	-3.471358	 9.824123	 81.795460	-4.901227	 8.218363	 145.730100	-33.995440	-16.877070	-28.693630	 26.135460	-0.549822	 0.226905	 35.370370	-0.405495	 3.620178	 0.000000	 90.000000	 0.000000	 175.299800	 8.083227	 175.146600	-172.913700	-14.795070	-28.593300
-0.052755	-0.065827	-0.008528	-172.314700	 2.188337	-89.915730	-5.218355	-2.253334	-7.806974	-5.508506	-6.949225	-7.213151	 1.473132	-5.963436	 110.562500	-0.813313	 0.122417	-8.559153	-40.864850	-27.927750	 25.283600	-17.053320	 25.556080	 1.591525	-15.607320	 28.480860	-48.478900	-11.582920	-4.601621	 9.666660	 2.503291	-1.126934	 4.548135	 3.270450	-0.643668	-80.071260	 4.022807	 3.198737	 11.896320	-0.275389	 3.148105	 9.181604	 2.909917	 4.317925	-70.609030	 37.583700	 19.863320	 14.761120	-6.821038	 19.211720	 10.901230	-5.651332	 19.246670	-70.837430	 18.611780	 10.473060	 21.092270	-3.898340	 9.395206	 9.518596	-0.473063	 9.966733	-72.614270	-51.617550	-12.041010	-7.588076	 16.022730	-0.540169	 0.139211	 14.789960	-0.368235	 3.437935	 0.529997	-2.428671	 90.293210	-94.489030	-5.993329	-87.769360	-179.280700	-3.724284	 100.699500	-0.813313	 0.122417	-8.559153	-26.322680	-31.334070	 19.551150	-107.152400	-10.457140	-7.202807	 41.668040	-16.401870	-18.026090	-13.992480	-7.708101	 70.101960	 2.456334	-1.169614	 80.571540	 1.607294	 1.620229	-23.595320	-21.000770	-23.986970	 65.955670	-0.135378	 3.283455	 78.897450	 0.189020	 7.210842	-12.061140	 29.677040	 12.052080	 58.467500	-7.310874	 21.198160	-164.542200	-4.716635	 19.574070	-20.521620	 18.784520	 9.427922	-178.339700	-3.472433	 9.817310	 81.020160	-4.868169	 8.181417	 146.861600	-34.052260	-16.976700	-29.110610	 31.317220	-0.548692	 0.272134	 35.370370	-0.405495	 3.620178	 0.000000	 90.000000	 0.000000	 175.344800	 8.059729	 175.268300	-172.961500	-14.676060	-28.072920
-0.052662	-0.065612	-0.008304	-172.329800	 2.164464	-89.908970	-5.207441	-2.266269	-7.784205	-5.527836	-6.975123	-7.192074	 1.468688	-5.945908	 110.565600	-0.813313	 0.122417	-8.559153	-41.190160	-28.010880	 25.073660	-16.532650	 25.549290	 1.581618	-15.756170	 28.466340	-48.704880	-11.582920	-4.601621	 9.666660	 2.503291	-1.126934	 4.548135	 3.270450	-0.643668	-80.071260	 4.023386	 3.198990	 11.896290	-0.275389	 3.148105	 9.181604	 2.909910	 4.317954	-70.608610	 37.584820	 19.863730	 14.760740	-6.821038	 19.211720	 10.901230	-5.651362	 19.246680	-70.838990	 18.612500	 10.473430	 21.092130	-3.898340	 9.395206	 9.518596	-0.473063	 9.966733	-72.614270	-51.617550	-12.041010	-7.588076	 16.022730	-0.540169	 0.139211	 14.789960	-0.368235	 3.437935	 0.525870	-2.360972	 90.291690	-94.352360	-5.909206	-88.180810	-179.259800	-3.845065	 100.720400	-0.813313	 0.122417	-8.559153	-26.523530	-31.339580	 19.538140	-106.856100	-10.436840	-7.106719	 41.618670	-16.331600	-18.115170	-13.992480	-7.708101	 70.101960	 2.456334	-1.169614	 80.571520	 1.607296	 1.620229	-23.595370	-21.065020	-24.053710	 65.929670	-0.135437	 3.283155	 78.794620	 0.189028	 7.210840	-12.061260	 29.677040	 12.052080	 58.467440	-7.324398	 21.194620	-163.801500	-4.716635	 19.574070	-20.521720	 18.767260	 9.498680	-177.681000	-3.473329	 9.812028	 80.417740	-4.841515	 8.152667	 147.756300	-34.097750	-17.055190	-29.440510	 35.413400	-0.544905	 0.307700	 35.370370	-0.405495	 3.620178	 0.000000	 90.000000	 0.000000	 175.370500	 8.054787	 175.348100	-172.997100	-14.558060	-27.638260
-0.052512	-0.065508	-0.008038	-172.372200	 2.144098	-89.894910	-5.199099	-2.271338	-7.746319	-5.552841	-6.968575	-7.160384	 1.463596	-5.925782	 110.569500	-0.813313	 0.122417	-8.559153	-41.703060	-28.140900	 24.745230	-15.940190	 25.529740	 1.581924	-15.949240	 28.422210	-49.047430	-11.582920	-4.601621	 9.666660	 2.503291	-1.126934	 4.548135	 3.270450	-0.643668	-80.071260	 4.024003	 3.199259	 11.896250	-0.275389	 3.148105	 9.181604	 2.909902	 4.317989	-70.608110	 37.585960	 19.864150	 14.760350	-6.821038	 19.211720	 10.901230	-5.651395	 19.246680	-70.840610	 18.613250	 10.473810	 21.091980	-3.898340	 9.395206	 9.518596	-0.473063	 9.966733	-72.614270	-51.617550	-12.041010	-7.588076	 16.022730	-0.540169	 0.139211	 14.789960	-0.368235	 3.437935	 0.520767	-2.281508	 90.289790	-94.182560	-5.781726	-88.695500	-179.230900	-4.010965	 100.758300	-0.813313	 0.122417	-8.559153	-26.806520	-31.350480	 19.512630	-106.309000	-10.418440	-6.982019	 41.471910	-16.205020	-18.197950	-13.992470	-7.708093	 70.101970	 2.456334	-1.169614	 80.571500	 1.607296	 1.620228	-23.595370	-21.142340	-24.133890	 65.898280	-0.135467	 3.283007	 78.743700	 0.189038	 7.210836	-12.061400	 29.677050	 12.052120	 58.467330	-7.341017	 21.190030	-162.887500	-4.716638	 19.574070	-20.521860	 18.745680	 9.583193	-176.868100	-3.474488	 9.805664	 79.690610	-4.808006	 8.117763	 148.860200	-34.154550	-17.151670	-29.847790	 40.466820	-0.536748	 0.351063	 35.370370	-0.405495	 3.620178	 0.000000	 90.000000	 0.000000	 175.393400	 8.065565	 175.430300	-173.033800	-14.395870	-27.105040
-0.052299	-0.065492	-0.007831	-172.431700	 2.128522	-89.879810	-5.196399	-2.266770	-7.708025	-5.573647	-6.936379	-7.130383	 1.459461	-5.909454	 110.572600	-0.813313	 0.122417	-8.559153	-42.180190	-28.259990	 24.446490	-15.165920	 25.503560	 1.559972	-16.279870	 28.409940	-49.283620	-11.582920	-4.601621	 9.666660	 2.503291	-1.126934	 4.548135	 3.270450	-0.643668	-80.071260	 4.024388	 3.199428	 11.896220	-0.275389	 3.148105	 9.181604	 2.909894	 4.318019	-70.607660	 37.586720	 19.864430	 14.760090	-6.821038	 19.211720	 10.901230	-5.651416	 19.246680	-70.841620	 18.613730	 10.474060	 21.091890	-3.898340	 9.395206	 9.518596	-0.473063	 9.966733	-72.614270	-51.617550	-12.041010	-7.588076	 16.022730	-0.540169	 0.139211	 14.789960	-0.368235	 3.437935	 0.516560	-2.212869	 90.288250	-94.045270	-5.663103	-89.115040	-179.199600	-4.189498	 100.798900	-0.813313	 0.122417	-8.559153	-27.073580	-31.365870	 19.484350	-105.796700	-10.403860	-6.867578	 41.256300	-16.083600	-18.271720	-13.992470	-7.708093	 70.101970	 2.456334	-1.169614	 80.571500	 1.607297	 1.620228	-23.595380	-21.203550	-24.197270	 65.873370	-0.135466	 3.283006	 78.743520	 0.189045	 7.210835	-12.061500	 29.677060	 12.052130	 58.467240	-7.354485	 21.186110	-162.143600	-4.716639	 19.574070	-20.521980	 18.727970	 9.649610	-176.206300	-3.475463	 9.800635	 79.114850	-4.780236	 8.089826	 149.758700	-34.201290	-17.229890	-30.179410	 44.578360	-0.527327	 0.385706	 35.370370	-0.405495	 3.620178	 0.000000	 90.000000	 0.000000	 175.407500	 8.084225	 175.487400	-173.082500	-14.247970	-26.702620
-0.052028	-0.065535	-0.007642	-172.506900	 2.113508	-89.864580	-5.197121	-2.255168	-7.665260	-5.593700	-6.887043	-7.098243	 1.455196	-5.892653	 110.575500	-0.813313	 0.122417	-8.559153	-42.704060	-28.328320	 24.097520	-14.287660	 25.510280	 1.539477	-16.675320	 28.397310	-49.489610	-11.582920	-4.601621	 9.666660	 2.503291	-1.126934	 4.548135	 3.270450	-0.643668	-80.071260	 4.024696	 3.199562	 11.896210	-0.275389	 3.148105	 9.181604	 2.909887	 4.318048	-70.607270	 37.587190	 19.864590	 14.759930	-6.821038	 19.211720	 10.901230	-5.651433	 19.246680	-70.842430	 18.614080	 10.474240	 21.091830	-3.898340	 9.395206	 9.518596	-0.473063	 9.966733	-72.614270	-51.617550	-12.041010	-7.588076	 16.022730	-0.540169	 0.139211	 14.789960	-0.368235	 3.437935	 0.512442	-2.136151	 90.286690	-93.915430	-5.540261	-89.515580	-179.164000	-4.392036	 100.845900	-0.813313	 0.122417	-8.559153	-27.369090	-31.391410	 19.451450	-105.076000	-10.386660	-6.754584	 40.997380	-15.923190	-18.334520	-13.992470	-7.708085	 70.101970	 2.456334	-1.169614	 80.571460	 1.607298	 1.620227	-23.595400	-21.261120	-24.256790	 65.849880	-0.135466	 3.283006	 78.743520	 0.189055	 7.210832	-12.061660	 29.677070	 12.052150	 58.467170	-7.367430	 21.182170	-161.425500	-4.716640	 19.574070	-20.522090	 18.710790	 9.711618	-175.567400	-3.476422	 9.795933	 78.575390	-4.753014	 8.063272	 150.626000	-34.246880	-17.305150	-30.499690	 48.546700	-0.515890	 0.418418	 35.370370	-0.405495	 3.620178	 0.000000	 90.000000	 0.000000	 175.420200	 8.109200	 175.533200	-173.149100	-14.089510	-26.361970
-0.051657	-0.065687	-0.007434	-172.611700	 2.096268	-89.849530	-5.201961	-2.232915	-7.608793	-5.616557	-6.813051	-7.057220	 1.449467	-5.870184	 110.578800	-0.813313	 0.122417	-8.559153	-43.438130	-28.233260	 23.539350	-13.288040	 25.651460	 1.553586	-17.125850	 28.349220	-49.726470	-11.582920	-4.601621	 9.666660	 2.503291	-1.126934	 4.548135	 3.270450	-0.643668	-80.071260	 4.024986	 3.199689	 11.896200	-0.275389	 3.148105	 9.181604	 2.909879	 4.318082	-70.606750	 37.587280	 19.864630	 14.759900	-6.821038	 19.211720	 10.901230	-5.651449	 19.246680	-70.843280	 18.614420	 10.474420	 21.091760	-3.898340	 9.395206	 9.518596	-0.473063	 9.966733	-72.614270	-51.617550	-12.041010	-7.588076	 16.022730	-0.540169	 0.139211	 14.789960	-0.368235	 3.437935	 0.507576	-2.041893	 90.284840	-93.767270	-5.395388	-89.919080	-179.117300	-4.655671	 100.909700	-0.813313	 0.122417	-8.559153	-27.770880	-31.441790	 19.406900	-103.873600	-10.327610	-6.620168	 40.592270	-15.628500	-18.374100	-13.992470	-7.708085	 70.101970	 2.456334	-1.169614	 80.571460	 1.607298	 1.620227	-23.595410	-21.326380	-24.324180	 65.823170	-0.135467	 3.283006	 78.743500	 0.189063	 7.210828	-12.061780	 29.677090	 12.052190	 58.467070	-7.382514	 21.177370	-160.585100	-4.716642	 19.574060	-20.522220	 18.690700	 9.781475	-174.819700	-3.477558	 9.790650	 77.968120	-4.720647	 8.032718	 151.640900	-34.300820	-17.392880	-30.874670	 53.189060	-0.499677	 0.455571	 35.370370	-0.405495	 3.620178	 0.000000	 90.000000	 0.000000	 175.438800	 8.145350	 175.568300	-173.245300	-13.873470	-26.012520
-0.051331	-0.065896	-0.007273	-172.707200	 2.082579	-89.842670	-5.209038	-2.207660	-7.557365	-5.634451	-6.744432	-7.020921	 1.443735	-5.847810	 110.581300	-0.813313	 0.122417	-8.559153	-44.287910	-28.137170	 22.934870	-12.165860	 25.665450	 1.556852	-17.532310	 28.120130	-50.055200	-11.582920	-4.601621	 9.666660	 2.503291	-1.126934	 4.548135	 3.270450	-0.643668	-80.071260	 4.025159	 3.199765	 11.896180	-0.275389	 3.148105	 9.181604	 2.909871	 4.318111	-70.606340	 37.586960	 19.864510	 14.760010	-6.821038	 19.211720	 10.901230	-5.651460	 19.246680	-70.843950	 18.614620	 10.474520	 21.091720	-3.898340	 9.395206	 9.518596	-0.473063	 9.966733	-72.614270	-51.617550	-12.041010	-7.588076	 16.022730	-0.540169	 0.139211	 14.789960	-0.368235	 3.437935	 0.503603	-1.981049	 90.283380	-93.648380	-5.281941	-90.152770	-179.076100	-4.885998	 100.969100	-0.813313	 0.122417	-8.559153	-28.206730	-31.532550	 19.324170	-102.636200	-10.272910	-6.501620	 40.149400	-15.335560	-18.398480	-13.992460	-7.708067	 70.101970	 2.456334	-1.169614	 80.571430	 1.607299	 1.620227	-23.595420	-21.378730	-24.378150	 65.801680	-0.135467	 3.283006	 78.743500	 0.189073	 7.210826	-12.061920	 29.677100	 12.052210	 58.466970	-7.394971	 21.173230	-159.887900	-4.716643	 19.574060	-20.522330	 18.674100	 9.837122	-174.199300	-3.478497	 9.786476	 77.487370	-4.693382	 8.007799	 152.483000	-34.346040	-17.465400	-31.185900	 57.039670	-0.483989	 0.485312	 35.370370	-0.405495	 3.620178	 0.000000	 90.000000	 0.000000	 175.461000	 8.179163	 175.583400	-173.337800	-13.672460	-25.744520
-0.051033	-0.066179	-0.007121	-172.801700	 2.069224	-89.844050	-5.218491	-2.177349	-7.503933	-5.650388	-6.677143	-6.984033	 1.438621	-5.827812	 110.583900	-0.813313	 0.122417	-8.559153	-45.454930	-27.998670	 22.201780	-10.652710	 25.592650	 1.540677	-18.017680	 27.673530	-50.550940	-11.582920	-4.601621	 9.666660	 2.503291	-1.126934	 4.548135	 3.270450	-0.643668	-80.071260	 4.025293	 3.199824	 11.896170	-0.275389	 3.148105	 9.181604	 2.909864	 4.318141	-70.605900	 37.586300	 19.864270	 14.760230	-6.821038	 19.211720	 10.901230	-5.651470	 19.246690	-70.844540	 18.614760	 10.474590	 21.091700	-3.898340	 9.395206	 9.518596	-0.473063	 9.966733	-72.614270	-51.617550	-12.041010	-7.588076	 16.022730	-0.540169	 0.139211	 14.789960	-0.368235	 3.437935	 0.499752	-1.935531	 90.282010	-93.541180	-5.178432	-90.341270	-179.035500	-5.110928	 101.031800	-0.813313	 0.122417	-8.559153	-28.786540	-31.696330	 19.145350	-101.078300	-10.268030	-6.383516	 39.533250	-15.046580	-18.453260	-13.992460	-7.708067	 70.101970	 2.456334	-1.169614	 80.571410	 1.607300	 1.620226	-23.595450	-21.428150	-24.429060	 65.781360	-0.135466	 3.283006	 78.743480	 0.189081	 7.210823	-12.062050	 29.677100	 12.052230	 58.466890	-7.407083	 21.169060	-159.206900	-4.716646	 19.574060	-20.522440	 18.658010	 9.889366	-173.593300	-3.479400	 9.782609	 77.041330	-4.666400	 7.983849	 153.305400	-34.390600	-17.535980	-31.489970	 60.799410	-0.466773	 0.513268	 35.370370	-0.405495	 3.620178	 0.000000	 90.000000	 0.000000	 175.492300	 8.213740	 175.586900	-173.437400	-13.460560	-25.483620
-0.050842	-0.066485	-0.006918	-172.912900	 2.051890	-89.859130	-5.232028	-2.136425	-7.440072	-5.664350	-6.595381	-6.940679	 1.436187	-5.818014	 110.587100	-0.813313	 0.122417	-8.559153	-48.507340	-27.330160	 20.677700	-7.083315	 25.503700	 1.427542	-19.183890	 26.207960	-51.585140	-11.582920	-4.601621	 9.666660	 2.503291	-1.126934	 4.548135	 3.270450	-0.643668	-80.071260	 4.025352	 3.199849	 11.896170	-0.275389	 3.148105	 9.181604	 2.909856	 4.318175	-70.605390	 37.585080	 19.863830	 14.760650	-6.821038	 19.211720	 10.901230	-5.651488	 19.246680	-70.845100	 18.614820	 10.474620	 21.091680	-3.898340	 9.395206	 9.518596	-0.473063	 9.966733	-72.614270	-51.617550	-12.041010	-7.588076	 16.022730	-0.540169	 0.139211	 14.789960	-0.368235	 3.437935	 0.495421	-1.897743	 90.280460	-93.436690	-5.071513	-90.578290	-178.988100	-5.369201	 101.119200	-0.813313	 0.122417	-8.559153	-29.609580	-31.954170	 18.830540	-99.044910	-10.194030	-6.233185	 38.658910	-14.631580	-18.586310	-13.992450	-7.708060	 70.101970	 2.456334	-1.169614	 80.571400	 1.607301	 1.620226	-23.595470	-21.482350	-24.484790	 65.759000	-0.135467	 3.283005	 78.743480	 0.189091	 7.210820	-12.062200	 29.677110	 12.052250	 58.466810	-7.420835	 21.164120	-158.429900	-4.716648	 19.574060	-20.522580	 18.639890	 9.946337	-172.901900	-3.480397	 9.778491	 76.565220	-4.635194	 7.956989	 154.243800	-34.441920	-17.616210	-31.837050	 65.087650	-0.444954	 0.543698	 35.370370	-0.405495	 3.620178	 0.000000	 90.000000	 0.000000	 175.543200	 8.252950	 175.579000	-173.504700	-13.109410	-25.029840
-0.050827	-0.066697	-0.006711	-173.024700	 2.034382	-89.885320	-5.245485	-2.097148	-7.384865	-5.669123	-6.507976	-6.903407	 1.436017	-5.816958	 110.589900	-0.813313	 0.122417	-8.559153	-51.381830	-25.444520	 19.353690	-5.293724	 25.354690	 1.474786	-19.640480	 23.719380	-53.312980	-11.582920	-4.601621	 9.666660	 2.503291	-1.126934	 4.548135	 3.270450	-0.643668	-80.071260	 4.025352	 3.199849	 11.896170	-0.275389	 3.148105	 9.181604	 2.909848	 4.318204	-70.604980	 37.583680	 19.863320	 14.761130	-6.821038	 19.211720	 10.901230	-5.651496	 19.246690	-70.845530	 18.614780	 10.474600	 21.091690	-3.898340	 9.395206	 9.518596	-0.473063	 9.966733	-72.614270	-51.617550	-12.041010	-7.588076	 16.022730	-0.540169	 0.139211	 14.789960	-0.368235	 3.437935	 0.491769	-1.875055	 90.279190	-93.371570	-4.996760	-90.795730	-178.943700	-5.605121	 101.218600	-0.813313	 0.122417	-8.559153	-30.412230	-32.211110	 18.482240	-96.929060	-10.078210	-6.096992	 37.565160	-14.168830	-18.751430	-13.992440	-7.708051	 70.101970	 2.456334	-1.169614	 80.571380	 1.607302	 1.620225	-23.595500	-21.526060	-24.529700	 65.740940	-0.135467	 3.283006	 78.743450	 0.189102	 7.210817	-12.062350	 29.677120	 12.052270	 58.466700	-7.432369	 21.159840	-157.775200	-4.716649	 19.574060	-20.522690	 18.624880	 9.992082	-172.319200	-3.481197	 9.775298	 76.195310	-4.608558	 7.934753	 155.034400	-34.485560	-17.683560	-32.129580	 68.699710	-0.424841	 0.567998	 35.370370	-0.405495	 3.620178	 0.000000	 90.000000	 0.000000	 175.597700	 8.284850	 175.564300	-173.515000	-12.698290	-24.499210
-0.050757	-0.066884	-0.006490	-173.159600	 2.013703	-89.924240	-5.261094	-2.052273	-7.327444	-5.665586	-6.401000	-6.864733	 1.436560	-5.818609	 110.592900	-0.813313	 0.122417	-8.559153	-52.785610	-24.188240	 18.742340	-4.300076	 25.314810	 1.413502	-19.882860	 22.310130	-54.311350	-11.582920	-4.601621	 9.666660	 2.503291	-1.126934	 4.548135	 3.270450	-0.643668	-80.071260	 4.025275	 3.199816	 11.896180	-0.275389	 3.148105	 9.181604	 2.909841	 4.318235	-70.604530	 37.581810	 19.862640	 14.761770	-6.821038	 19.211720	 10.901230	-5.651503	 19.246690	-70.845890	 18.614650	 10.474530	 21.091710	-3.898340	 9.395206	 9.518596	-0.473063	 9.966733	-72.614270	-51.617550	-12.041010	-7.588076	 16.022730	-0.540169	 0.139211	 14.789960	-0.368235	 3.437935	 0.487998	-1.857499	 90.277870	-93.329070	-4.944408	-90.966430	-178.893400	-5.867671	 101.341100	-0.813313	 0.122417	-8.559153	-31.326650	-32.493780	 18.035320	-94.654830	-10.019700	-5.933988	 36.303110	-13.705570	-18.829320	-13.992440	-7.708051	 70.101970	 2.456334	-1.169614	 80.571350	 1.607302	 1.620225	-23.595500	-21.569310	-24.574080	 65.723030	-0.135467	 3.283005	 78.743430	 0.189110	 7.210814	-12.062480	 29.677120	 12.052290	 58.466590	-7.444260	 21.155260	-157.097000	-4.716651	 19.574060	-20.522830	 18.609680	 10.037180	-171.715700	-3.481968	 9.772293	 75.846860	-4.580641	 7.912101	 155.853500	-34.531170	-17.753090	-32.432720	 72.440400	-0.402450	 0.591778	 35.370370	-0.405495	 3.620178	 0.000000	 90.000000	 0.000000	 175.664000	 8.315798	 175.543300	-173.518100	-12.193240	-23.946450
-0.050778	-0.066882	-0.006228	-173.312400	 1.991412	-89.971080	-5.277695	-2.004680	-7.271975	-5.651890	-6.281675	-6.827421	 1.436557	-5.818195	 110.595700	-0.813313	 0.122417	-8.559153	-53.803340	-23.519720	 18.299050	-3.757231	 25.401070	 1.356723	-19.991550	 21.538430	-54.916860	-11.582920	-4.601621	 9.666660	 2.503291	-1.126934	 4.548135	 3.270450	-0.643668	-80.071260	 4.025121	 3.199748	 11.896180	-0.275389	 3.148105	 9.181604	 2.909834	 4.318267	-70.604080	 37.579600	 19.861830	 14.762530	-6.821038	 19.211720	 10.901230	-5.651511	 19.246690	-70.846180	 18.614420	 10.474420	 21.091760	-3.898340	 9.395206	 9.518596	-0.473063	 9.966733	-72.614270	-51.617550	-12.041010	-7.588076	 16.022730	-0.540169	 0.139211	 14.789960	-0.368235	 3.437935	 0.484270	-1.842888	 90.276590	-93.306620	-4.918161	-91.087320	-178.839700	-6.143649	 101.474200	-0.813313	 0.122417	-8.559153	-32.285690	-32.763360	 17.493980	-91.749590	-9.969614	-5.762352	 35.144050	-13.182420	-18.852850	-13.992430	-7.708036	 70.101970	 2.456334	-1.169614	 80.571330	 1.607303	 1.620225	-23.595520	-21.609650	-24.615430	 65.706270	-0.135467	 3.283005	 78.743390	 0.189120	 7.210809	-12.062620	 29.677150	 12.052320	 58.466500	-7.455888	 21.150640	-156.430500	-4.716652	 19.574050	-20.522950	 18.595140	 10.079140	-171.122700	-3.482653	 9.769686	 75.543850	-4.552894	 7.890233	 156.658400	-34.576370	-17.821170	-32.730680	 76.114820	-0.378992	 0.613676	 35.370370	-0.405495	 3.620178	 0.000000	 90.000000	 0.000000	 175.737400	 8.343118	 175.519000	-173.483300	-11.574210	-23.270420
-0.050833	-0.066839	-0.005998	-173.454200	 1.969249	-90.016770	-5.293023	-1.960428	-7.225113	-5.631357	-6.166967	-6.795797	 1.436612	-5.818056	 110.598200	-0.813313	 0.122417	-8.559153	-54.284180	-23.373060	 18.084250	-3.636335	 25.190830	 1.353573	-19.931540	 21.032230	-55.279740	-11.582920	-4.601621	 9.666660	 2.503291	-1.126934	 4.548135	 3.270450	-0.643668	-80.071260	 4.024928	 3.199664	 11.896200	-0.275389	 3.148105	 9.181604	 2.909826	 4.318294	-70.603680	 37.577320	 19.860990	 14.763310	-6.821038	 19.211720	 10.901230	-5.651513	 19.246690	-70.846370	 18.614150	 10.474280	 21.091810	-3.898340	 9.395206	 9.518596	-0.473063	 9.966733	-72.614270	-51.617550	-12.041010	-7.588076	 16.022730	-0.540169	 0.139211	 14.789960	-0.368235	 3.437935	 0.480987	-1.837600	 90.275480	-93.297430	-4.913960	-91.162800	-178.789100	-6.401146	 101.595600	-0.813313	 0.122417	-8.559153	-33.231420	-33.027380	 16.923170	-88.922250	-9.902240	-5.589475	 34.349370	-12.686720	-18.805000	-13.992420	-7.708028	 70.101970	 2.456334	-1.169614	 80.571320	 1.607304	 1.620224	-23.595530	-21.643230	-24.649810	 65.692280	-0.135467	 3.283006	 78.743370	 0.189129	 7.210807	-12.062760	 29.677150	 12.052340	 58.466410	-7.466071	 21.146470	-155.843900	-4.716656	 19.574050	-20.523090	 18.582750	 10.114040	-170.600800	-3.483182	 9.767711	 75.314090	-4.528219	 7.871305	 157.366700	-34.616460	-17.880880	-32.992950	 79.347310	-0.357230	 0.631656	 35.370370	-0.405495	 3.620178	 0.000000	 90.000000	 0.000000	 175.807300	 8.363644	 175.496800	-173.387300	-10.785680	-22.584490
-0.050829	-0.066920	-0.005856	-173.586700	 1.943165	-90.063560	-5.308445	-1.915193	-7.181831	-5.605304	-6.046795	-6.766383	 1.438287	-5.824113	 110.600800	-0.813313	 0.122417	-8.559153	-54.632130	-23.221020	 17.942650	-3.501951	 25.295050	 1.335164	-19.928890	 20.861940	-55.399640	-11.582920	-4.601621	 9.666660	 2.503291	-1.126934	 4.548135	 3.270450	-0.643668	-80.071260	 4.024657	 3.199546	 11.896210	-0.275389	 3.148105	 9.181604	 2.909820	 4.318324	-70.603270	 37.574740	 19.860050	 14.764190	-6.821038	 19.211720	 10.901230	-5.651516	 19.246690	-70.846490	 18.613790	 10.474090	 21.091880	-3.898340	 9.395206	 9.518596	-0.473063	 9.966733	-72.614270	-51.617550	-12.041010	-7.588076	 16.022730	-0.540169	 0.139211	 14.789960	-0.368235	 3.437935	 0.477816	-1.848843	 90.274450	-93.298930	-4.924513	-91.222890	-178.736400	-6.668497	 101.713100	-0.813313	 0.122417	-8.559153	-34.349770	-33.369970	 16.251510	-86.185560	-9.788631	-5.394169	 33.741560	-12.182920	-18.717170	-13.992420	-7.708028	 70.101970	 2.456334	-1.169614	 80.571300	 1.607306	 1.620223	-23.595580	-21.674460	-24.681770	 65.679270	-0.135467	 3.283006	 78.743350	 0.189138	 7.210804	-12.062890	 29.677150	 12.052360	 58.466330	-7.476074	 21.142260	-155.265300	-4.716657	 19.574050	-20.523230	 18.570950	 10.146540	-170.086000	-3.483622	 9.766090	 75.125720	-4.503651	 7.852931	 158.065500	-34.656260	-17.939590	-33.251730	 82.534840	-0.334811	 0.648157	 35.370370	-0.405495	 3.620178	 0.000000	 90.000000	 0.000000	 175.879600	 8.379107	 175.476300	-173.357000	-10.227560	-22.171070
-0.050919	-0.067090	-0.005777	-173.728500	 1.911608	-90.116060	-5.325907	-1.862359	-7.137618	-5.569274	-5.903769	-6.735864	 1.441622	-5.836464	 110.603800	-0.813313	 0.122417	-8.559153	-54.845690	-23.124880	 17.875010	-3.482943	 25.336350	 1.340916	-19.881120	 20.696800	-55.428660	-11.582920	-4.601621	 9.666660	 2.503291	-1.126934	 4.548135	 3.270450	-0.643668	-80.071260	 4.024272	 3.199377	 11.896240	-0.275389	 3.148105	 9.181604	 2.909811	 4.318357	-70.602770	 37.571380	 19.858830	 14.765340	-6.821038	 19.211720	 10.901230	-5.651516	 19.246690	-70.846530	 18.613260	 10.473820	 21.091990	-3.898340	 9.395206	 9.518596	-0.473063	 9.966733	-72.614270	-51.617550	-12.041010	-7.588076	 16.022730	-0.540169	 0.139211	 14.789960	-0.368235	 3.437935	 0.474236	-1.879227	 90.273300	-93.322170	-4.950276	-91.290820	-178.672100	-6.989911	 101.856300	-0.813313	 0.122417	-8.559153	-35.829840	-33.836600	 15.353690	-83.070320	-9.625613	-5.144429	 33.164670	-11.610970	-18.609460	-13.992420	-7.708019	 70.101970	 2.456334	-1.169614	 80.571270	 1.607306	 1.620223	-23.595580	-21.707630	-24.715690	 65.665420	-0.135467	 3.283006	 78.743310	 0.189150	 7.210803	-12.063060	 29.677180	 12.052390	 58.466210	-7.487451	 21.137330	-154.603800	-4.716659	 19.574050	-20.523350	 18.557710	 10.182090	-169.497500	-3.484007	 9.764700	 74.963480	-4.475288	 7.832292	 158.864300	-34.702120	-18.006460	-33.547580	 86.176770	-0.308120	 0.665448	 35.370370	-0.405495	 3.620178	 0.000000	 90.000000	 0.000000	 175.964100	 8.389752	 175.457500	-173.282600	-9.832783	-21.904050
-0.051041	-0.067422	-0.005759	-173.836500	 1.889705	-90.156190	-5.339600	-1.818802	-7.106977	-5.535502	-5.784358	-6.714156	 1.444934	-5.848802	 110.606400	-0.813313	 0.122417	-8.559153	-54.982770	-22.947530	 17.855400	-3.515062	 25.346500	 1.362627	-19.808400	 20.455890	-55.438370	-11.582920	-4.601621	 9.666660	 2.503291	-1.126934	 4.548135	 3.270450	-0.643668	-80.071260	 4.023867	 3.199200	 11.896260	-0.275389	 3.148105	 9.181604	 2.909804	 4.318384	-70.602380	 37.568270	 19.857690	 14.766410	-6.821038	 19.211720	 10.901230	-5.651517	 19.246690	-70.846500	 18.612730	 10.473550	 21.092090	-3.898340	 9.395206	 9.518596	-0.473063	 9.966733	-72.614270	-51.617550	-12.041010	-7.588076	 16.022730	-0.540169	 0.139211	 14.789960	-0.368235	 3.437935	 0.471318	-1.915794	 90.272410	-93.356190	-4.980091	-91.345240	-178.615000	-7.266024	 102.002500	-0.813313	 0.122417	-8.559153	-37.182240	-34.257110	 14.516660	-80.078090	-9.530143	-4.918232	 32.695590	-11.163230	-18.551100	-13.992410	-7.708011	 70.101970	 2.456334	-1.169614	 80.571270	 1.607308	 1.620223	-23.595620	-21.732760	-24.741350	 65.654880	-0.135467	 3.283005	 78.743250	 0.189159	 7.210799	-12.063190	 29.677180	 12.052410	 58.466110	-7.496754	 21.133190	-154.060300	-4.716660	 19.574050	-20.523470	 18.546570	 10.211170	-169.013900	-3.484209	 9.763969	 74.878240	-4.451770	 7.815626	 159.520600	-34.740070	-18.061230	-33.790720	 89.168010	-0.285404	 0.678358	 35.370370	-0.405495	 3.620178	 0.000000	 90.000000	 0.000000	 176.030400	 8.393260	 175.471200	-173.215900	-9.643903	-21.875180
-0.051166	-0.067700	-0.005734	-173.932900	 1.872306	-90.193650	-5.351810	-1.777480	-7.085263	-5.500268	-5.670643	-6.696984	 1.448075	-5.860502	 110.608800	-0.813313	 0.122417	-8.559153	-55.053260	-22.773010	 17.874700	-3.511952	 25.395010	 1.372056	-19.743120	 20.279150	-55.408610	-11.582920	-4.601621	 9.666660	 2.503291	-1.126934	 4.548135	 3.270450	-0.643668	-80.071260	 4.023405	 3.198998	 11.896290	-0.275389	 3.148105	 9.181604	 2.909797	 4.318411	-70.601970	 37.564970	 19.856490	 14.767540	-6.821038	 19.211720	 10.901230	-5.651515	 19.246690	-70.846430	 18.612140	 10.473240	 21.092200	-3.898340	 9.395206	 9.518596	-0.473063	 9.966733	-72.614270	-51.617550	-12.041010	-7.588076	 16.022730	-0.540169	 0.139211	 14.789960	-0.368235	 3.437935	 0.468514	-1.958433	 90.271570	-93.399120	-5.013958	-91.395450	-178.556600	-7.541316	 102.162500	-0.813313	 0.122417	-8.559153	-38.571440	-34.671720	 13.635030	-76.901370	-9.389561	-4.679958	 32.010120	-10.667950	-18.542610	-13.992400	-7.707997	 70.101970	 2.456334	-1.169614	 80.571250	 1.607308	 1.620223	-23.595620	-21.754910	-24.763950	 65.645570	-0.135467	 3.283005	 78.743220	 0.189168	 7.210797	-12.063320	 29.677190	 12.052430	 58.466030	-7.505654	 21.129130	-153.537900	-4.716662	 19.574050	-20.523600	 18.535620	 10.239040	-168.549000	-3.484293	 9.763664	 74.842770	-4.428983	 7.799859	 160.151500	-34.776780	-18.113690	-34.024400	 92.041890	-0.262978	 0.689629	 35.370370	-0.405495	 3.620178	 0.000000	 90.000000	 0.000000	 176.087200	 8.392747	 175.530600	-173.138900	-9.439443	-21.888270
-0.051337	-0.067927	-0.005669	-174.036400	 1.856164	-90.244900	-5.364171	-1.730923	-7.073380	-5.456872	-5.543179	-6.682756	 1.450898	-5.870936	 110.611500	-0.813313	 0.122417	-8.559153	-55.077080	-22.576940	 17.934720	-3.507996	 25.491280	 1.380166	-19.699520	 20.154090	-55.358080	-11.582920	-4.601621	 9.666660	 2.503291	-1.126934	 4.548135	 3.270450	-0.643668	-80.071260	 4.022788	 3.198729	 11.896320	-0.275389	 3.148105	 9.181604	 2.909789	 4.318444	-70.601490	 37.560750	 19.854950	 14.768980	-6.821038	 19.211720	 10.901230	-5.651510	 19.246690	-70.846230	 18.611300	 10.472810	 21.092360	-3.898340	 9.395206	 9.518596	-0.473063	 9.966733	-72.614270	-51.617550	-12.041010	-7.588076	 16.022730	-0.540169	 0.139211	 14.789960	-0.368235	 3.437935	 0.465221	-2.013887	 90.270580	-93.458210	-5.056676	-91.449990	-178.484400	-7.873999	 102.365000	-0.813313	 0.122417	-8.559153	-40.259380	-35.139440	 12.526740	-72.947420	-9.040730	-4.376861	 30.933020	-9.880128	-18.485980	-13.992400	-7.707997	 70.101970	 2.456334	-1.169614	 80.571210	 1.607310	 1.620221	-23.595660	-21.778060	-24.787550	 65.635830	-0.135467	 3.283005	 78.743170	 0.189180	 7.210791	-12.063520	 29.677210	 12.052470	 58.465920	-7.515979	 21.124310	-152.928900	-4.716665	 19.574040	-20.523760	 18.522570	 10.271420	-168.006900	-3.484296	 9.763653	 74.841640	-4.402200	 7.781793	 160.886900	-34.819840	-18.174640	-34.296840	 95.390360	-0.236185	 0.701328	 35.370370	-0.405495	 3.620178	 0.000000	 90.000000	 0.000000	 176.145300	 8.388944	 175.630800	-173.084800	-9.279718	-21.863780
-0.051523	-0.068102	-0.005609	-174.113800	 1.846930	-90.292500	-5.372042	-1.695393	-7.074533	-5.420709	-5.446881	-6.676857	 1.451803	-5.874109	 110.613500	-0.813313	 0.122417	-8.559153	-55.066800	-22.433380	 18.004270	-3.505338	 25.593390	 1.384880	-19.706550	 20.124140	-55.337730	-11.582920	-4.601621	 9.666660	 2.503291	-1.126934	 4.548135	 3.270450	-0.643668	-80.071260	 4.022191	 3.198467	 11.896350	-0.275389	 3.148105	 9.181604	 2.909783	 4.318472	-70.601100	 37.556940	 19.853560	 14.770280	-6.821038	 19.211720	 10.901230	-5.651504	 19.246680	-70.845990	 18.610520	 10.472410	 21.092520	-3.898340	 9.395206	 9.518596	-0.473063	 9.966733	-72.614270	-51.617550	-12.041010	-7.588076	 16.022730	-0.540169	 0.139211	 14.789960	-0.368235	 3.437935	 0.462510	-2.060383	 90.269780	-93.510200	-5.091119	-91.490020	-178.422700	-8.154138	 102.535100	-0.813313	 0.122417	-8.559153	-41.648460	-35.484140	 11.576200	-69.658550	-8.696762	-4.112404	 29.993410	-9.173507	-18.345140	-13.992390	-7.707988	 70.101970	 2.456334	-1.169614	 80.571210	 1.607311	 1.620221	-23.595690	-21.794590	-24.804380	 65.628810	-0.135467	 3.283005	 78.743130	 0.189189	 7.210788	-12.063650	 29.677210	 12.052490	 58.465810	-7.524358	 21.120290	-152.432300	-4.716665	 19.574040	-20.523880	 18.511690	 10.297720	-167.565000	-3.484296	 9.763653	 74.841640	-4.380192	 7.767317	 161.486600	-34.855170	-18.224170	-34.518970	 98.118980	-0.213870	 0.709699	 35.370370	-0.405495	 3.620178	 0.000000	 90.000000	 0.000000	 176.186700	 8.384729	 175.712200	-173.051800	-9.219115	-21.860840
-0.051737	-0.068294	-0.005548	-174.159200	 1.841169	-90.344000	-5.377071	-1.664256	-7.084957	-5.386356	-5.363862	-6.678635	 1.454845	-5.885459	 110.615700	-0.813313	 0.122417	-8.559153	-55.048350	-22.319190	 18.079590	-3.503202	 25.704030	 1.387975	-19.743420	 20.146170	-55.335300	-11.582920	-4.601621	 9.666660	 2.503291	-1.126934	 4.548135	 3.270450	-0.643668	-80.071260	 4.021515	 3.198173	 11.896390	-0.275389	 3.148105	 9.181604	 2.909776	 4.318500	-70.600710	 37.553010	 19.852130	 14.771630	-6.821038	 19.211720	 10.901230	-5.651502	 19.246690	-70.845710	 18.609650	 10.471970	 21.092690	-3.898340	 9.395206	 9.518596	-0.473063	 9.966733	-72.614270	-51.617550	-12.041010	-7.588076	 16.022730	-0.540169	 0.139211	 14.789960	-0.368235	 3.437935	 0.459840	-2.103059	 90.268970	-93.559000	-5.095985	-91.522010	-178.364900	-8.411725	 102.695400	-0.813313	 0.122417	-8.559153	-42.950710	-35.775140	 10.641720	-66.558940	-8.373723	-3.858858	 28.788340	-8.492412	-18.168530	-13.992390	-7.707980	 70.101970	 2.456334	-1.169614	 80.571170	 1.607312	 1.620221	-23.595700	-21.808350	-24.818400	 65.623020	-0.135467	 3.283005	 78.743100	 0.189199	 7.210785	-12.063790	 29.677220	 12.052510	 58.465720	-7.532410	 21.116350	-151.953000	-4.716668	 19.574040	-20.524010	 18.501000	 10.323040	-167.138200	-3.484296	 9.763654	 74.841610	-4.358804	 7.753560	 162.065400	-34.889430	-18.271840	-34.733360	 100.751300	-0.191982	 0.716742	 35.370370	-0.405495	 3.620178	 0.000000	 90.000000	 0.000000	 176.225000	 8.378445	 175.765200	-173.026600	-9.214161	-21.872040
-0.051979	-0.068621	-0.005516	-174.140500	 1.838143	-90.409540	-5.378785	-1.634461	-7.107653	-5.349946	-5.286770	-6.693030	 1.466242	-5.928677	 110.618900	-0.813313	 0.122417	-8.559153	-55.040520	-22.233530	 18.161140	-3.501160	 25.831520	 1.389952	-19.812530	 20.204370	-55.296830	-11.582920	-4.601621	 9.666660	 2.503291	-1.126934	 4.548135	 3.270450	-0.643668	-80.071260	 4.020668	 3.197802	 11.896450	-0.275389	 3.148105	 9.181604	 2.909767	 4.318532	-70.600220	 37.548190	 19.850370	 14.773280	-6.821038	 19.211720	 10.901230	-5.651486	 19.246690	-70.845310	 18.608540	 10.471400	 21.092900	-3.898340	 9.395206	 9.518596	-0.473063	 9.966733	-72.614270	-51.617550	-12.041010	-7.588076	 16.022730	-0.540169	 0.139211	 14.789960	-0.368235	 3.437935	 0.456773	-2.143967	 90.268040	-93.605960	-5.030484	-91.546240	-178.309400	-8.652381	 102.859400	-0.813313	 0.122417	-8.559153	-44.760150	-36.265180	 9.387180	-62.968520	-8.034537	-3.593057	 27.284870	-7.740149	-17.944760	-13.992380	-7.707969	 70.101980	 2.456334	-1.169614	 80.571140	 1.607313	 1.620220	-23.595730	-21.821090	-24.831340	 65.617550	-0.135467	 3.283004	 78.743040	 0.189212	 7.210782	-12.063970	 29.677240	 12.052540	 58.465610	-7.541433	 21.111850	-151.413300	-4.716672	 19.574040	-20.524150	 18.488720	 10.351460	-166.657700	-3.484296	 9.763654	 74.841610	-4.334554	 7.738324	 162.717200	-34.928260	-18.325330	-34.974730	 103.713600	-0.166997	 0.723463	 35.370370	-0.405495	 3.620178	 0.000000	 90.000000	 0.000000	 176.273200	 8.364573	 175.772300	-173.003400	-9.262725	-21.897760
-0.052209	-0.068985	-0.005536	-174.084700	 1.839803	-90.467240	-5.376080	-1.615290	-7.135517	-5.322721	-5.240343	-6.715198	 1.478831	-5.976480	 110.621900	-0.813313	 0.122417	-8.559153	-55.066440	-22.210470	 18.214300	-3.499742	 25.929490	 1.390595	-19.874460	 20.263900	-55.245460	-11.582920	-4.601621	 9.666660	 2.503291	-1.126934	 4.548135	 3.270450	-0.643668	-80.071260	 4.019857	 3.197449	 11.896500	-0.275389	 3.148105	 9.181604	 2.909761	 4.318559	-70.599840	 37.543860	 19.848790	 14.774760	-6.821038	 19.211720	 10.901230	-5.651481	 19.246690	-70.844860	 18.607470	 10.470850	 21.093110	-3.898340	 9.395206	 9.518596	-0.473063	 9.966733	-72.614270	-51.617550	-12.041010	-7.588076	 16.022730	-0.540169	 0.139211	 14.789960	-0.368235	 3.437935	 0.454116	-2.167976	 90.267190	-93.635270	-4.938624	-91.556680	-178.272400	-8.821518	 102.934700	-0.813313	 0.122417	-8.559153	-46.686970	-36.821840	 8.044034	-59.496290	-7.815671	-3.370246	 26.111270	-7.158918	-17.758850	-13.992380	-7.707969	 70.101980	 2.456334	-1.169614	 80.571130	 1.607314	 1.620220	-23.595750	-21.829210	-24.839580	 65.614060	-0.135467	 3.283004	 78.742970	 0.189220	 7.210779	-12.064100	 29.677240	 12.052560	 58.465500	-7.548932	 21.108020	-150.962700	-4.716674	 19.574030	-20.524300	 18.478290	 10.375110	-166.256300	-3.484297	 9.763654	 74.841610	-4.314173	 7.725814	 163.261400	-34.960840	-18.369840	-35.176230	 106.185300	-0.145917	 0.728080	 35.370370	-0.405495	 3.620178	 0.000000	 90.000000	 0.000000	 176.316100	 8.347862	 175.746500	-172.985300	-9.338466	-21.926580
-0.052506	-0.069346	-0.005548	-174.015600	 1.846473	-90.522480	-5.369262	-1.603374	-7.169219	-5.300838	-5.214885	-6.744567	 1.489801	-6.018110	 110.624600	-0.813313	 0.122417	-8.559153	-55.109320	-22.223550	 18.255060	-3.498543	 26.004240	 1.390537	-19.937810	 20.320470	-55.185180	-11.582920	-4.601621	 9.666660	 2.503291	-1.126934	 4.548135	 3.270450	-0.643668	-80.071260	 4.018990	 3.197069	 11.896550	-0.275389	 3.148105	 9.181604	 2.909755	 4.318585	-70.599460	 37.539500	 19.847200	 14.776250	-6.821038	 19.211720	 10.901230	-5.651473	 19.246680	-70.844390	 18.606370	 10.470290	 21.093330	-3.898340	 9.395206	 9.518596	-0.473063	 9.966733	-72.614270	-51.617550	-12.041010	-7.588076	 16.022730	-0.540169	 0.139211	 14.789960	-0.368235	 3.437935	 0.451522	-2.177903	 90.266350	-93.651430	-4.841822	-91.558320	-178.245200	-8.962866	 102.938400	-0.813313	 0.122417	-8.559153	-48.489920	-37.268950	 6.662862	-55.857490	-7.668044	-3.152371	 25.392850	-6.739031	-17.827530	-13.992370	-7.707954	 70.101980	 2.456334	-1.169614	 80.571070	 1.607315	 1.620219	-23.595770	-21.834590	-24.845010	 65.611670	-0.135467	 3.283004	 78.742910	 0.189230	 7.210775	-12.064250	 29.677250	 12.052580	 58.465420	-7.555982	 21.104360	-150.537300	-4.716674	 19.574030	-20.524440	 18.468290	 10.397360	-165.877500	-3.484297	 9.763654	 74.841580	-4.294825	 7.714180	 163.775100	-34.991730	-18.411730	-35.366370	 108.516900	-0.125861	 0.731599	 35.370370	-0.405495	 3.620178	 0.000000	 90.000000	 0.000000	 176.357300	 8.328163	 175.709300	-172.966600	-9.430634	-21.956630
-0.052894	-0.069758	-0.005607	-173.943700	 1.863236	-90.587230	-5.355039	-1.597972	-7.216543	-5.281387	-5.207705	-6.788171	 1.496301	-6.042635	 110.627100	-0.813313	 0.122417	-8.559153	-55.128960	-22.247850	 18.314780	-3.497200	 26.053530	 1.389939	-20.043610	 20.382600	-55.100120	-11.582920	-4.601621	 9.666660	 2.503291	-1.126934	 4.548135	 3.270450	-0.643668	-80.071260	 4.017891	 3.196590	 11.896610	-0.275389	 3.148105	 9.181604	 2.909748	 4.318616	-70.599010	 37.534140	 19.845240	 14.778080	-6.821038	 19.211720	 10.901230	-5.651458	 19.246680	-70.843740	 18.604930	 10.469550	 21.093600	-3.898340	 9.395206	 9.518596	-0.473063	 9.966733	-72.614270	-51.617550	-12.041010	-7.588076	 16.022730	-0.540169	 0.139211	 14.789960	-0.368235	 3.437935	 0.448418	-2.173705	 90.265300	-93.658190	-4.748349	-91.551030	-178.218400	-9.113898	 102.906900	-0.813313	 0.122417	-8.559153	-50.977580	-37.889020	 4.799109	-51.321750	-7.575437	-2.886636	 25.079680	-6.454909	-18.333650	-13.992360	-7.707947	 70.101980	 2.456334	-1.169614	 80.571040	 1.607316	 1.620219	-23.595790	-21.837730	-24.848140	 65.610230	-0.135467	 3.283004	 78.742860	 0.189242	 7.210771	-12.064430	 29.677270	 12.052620	 58.465280	-7.564024	 21.100110	-150.049800	-4.716676	 19.574030	-20.524590	 18.456640	 10.422780	-165.443300	-3.484298	 9.763653	 74.841550	-4.272526	 7.701061	 164.363800	-35.027310	-18.459580	-35.584230	 111.186700	-0.102736	 0.734612	 35.370370	-0.405495	 3.620178	 0.000000	 90.000000	 0.000000	 176.402700	 8.301561	 175.671100	-172.939300	-9.548226	-21.989730
-0.053258	-0.070096	-0.005700	-173.899900	 1.884757	-90.641200	-5.337277	-1.600318	-7.263602	-5.267383	-5.220130	-6.833117	 1.495743	-6.040279	 110.628600	-0.813313	 0.122417	-8.559153	-55.120430	-22.275120	 18.374720	-3.495934	 26.049760	 1.389250	-20.155620	 20.417740	-55.023690	-11.582920	-4.601621	 9.666660	 2.503291	-1.126934	 4.548135	 3.270450	-0.643668	-80.071260	 4.016850	 3.196135	 11.896670	-0.275389	 3.148105	 9.181604	 2.909740	 4.318644	-70.598600	 37.529320	 19.843480	 14.779740	-6.821038	 19.211720	 10.901230	-5.651447	 19.246680	-70.843110	 18.603580	 10.468860	 21.093860	-3.898340	 9.395206	 9.518596	-0.473063	 9.966733	-72.614270	-51.617550	-12.041010	-7.588076	 16.022730	-0.540169	 0.139211	 14.789960	-0.368235	 3.437935	 0.445725	-2.162868	 90.264340	-93.660030	-4.669303	-91.524240	-178.199000	-9.244554	 102.825200	-0.813313	 0.122417	-8.559153	-53.431800	-38.476970	 2.997566	-47.271430	-7.866014	-2.640569	 25.126750	-6.613736	-18.786470	-13.992350	-7.707939	 70.101980	 2.456334	-1.169614	 80.571030	 1.607317	 1.620218	-23.595820	-21.837590	-24.847940	 65.610160	-0.135467	 3.283004	 78.742800	 0.189252	 7.210769	-12.064570	 29.677270	 12.052640	 58.465200	-7.570791	 21.096460	-149.637800	-4.716678	 19.574030	-20.524720	 18.446640	 10.444200	-165.076200	-3.484297	 9.763652	 74.841530	-4.253572	 7.690149	 164.861400	-35.057500	-18.499910	-35.768250	 113.441500	-0.083117	 0.736326	 35.370370	-0.405495	 3.620178	 0.000000	 90.000000	 0.000000	 176.439900	 8.276643	 175.639200	-172.907300	-9.644760	-22.011760
-0.053602	-0.070420	-0.005816	-173.861700	 1.906846	-90.690760	-5.317138	-1.608044	-7.312234	-5.252364	-5.246579	-6.880700	 1.493753	-6.032470	 110.629800	-0.813313	 0.122417	-8.559153	-55.092580	-22.304960	 18.435540	-3.494708	 26.012080	 1.388437	-20.272750	 20.437370	-54.952730	-11.582920	-4.601621	 9.666660	 2.503291	-1.126934	 4.548135	 3.270450	-0.643668	-80.071260	 4.015770	 3.195663	 11.896740	-0.275389	 3.148105	 9.181604	 2.909734	 4.318670	-70.598240	 37.524600	 19.841760	 14.781350	-6.821038	 19.211720	 10.901230	-5.651429	 19.246680	-70.842460	 18.602210	 10.468150	 21.094130	-3.898340	 9.395206	 9.518596	-0.473063	 9.966733	-72.614270	-51.617550	-12.041010	-7.588076	 16.022730	-0.540169	 0.139211	 14.789960	-0.368235	 3.437935	 0.443186	-2.147282	 90.263450	-93.656140	-4.551377	-91.466340	-178.180900	-9.377976	 102.718900	-0.813313	 0.122417	-8.559153	-55.953490	-39.042260	 1.178084	-43.437490	-8.286019	-2.397197	 25.339780	-6.980950	-19.404240	-13.992340	-7.707922	 70.101980	 2.456334	-1.169614	 80.571010	 1.607318	 1.620218	-23.595840	-21.834960	-24.845190	 65.611110	-0.135467	 3.283004	 78.742740	 0.189262	 7.210766	-12.064720	 29.677300	 12.052670	 58.465090	-7.576971	 21.093080	-149.259900	-4.716680	 19.574030	-20.524850	 18.437340	 10.463800	-164.739600	-3.484297	 9.763653	 74.841510	-4.236107	 7.680284	 165.317700	-35.085300	-18.536770	-35.936980	 115.507600	-0.065093	 0.737215	 35.370370	-0.405495	 3.620178	 0.000000	 90.000000	 0.000000	 176.475400	 8.252960	 175.588500	-172.866800	-9.718478	-22.022470
-0.053999	-0.070789	-0.005980	-173.823000	 1.932944	-90.747470	-5.289559	-1.623144	-7.373242	-5.232519	-5.293746	-6.941544	 1.489830	-6.017269	 110.630900	-0.813313	 0.122417	-8.559153	-55.038310	-22.343500	 18.508740	-3.493220	 25.955780	 1.386770	-20.418770	 20.467850	-54.867710	-11.582920	-4.601621	 9.666660	 2.503291	-1.126934	 4.548135	 3.270450	-0.643668	-80.071260	 4.014440	 3.195082	 11.896820	-0.275389	 3.148105	 9.181604	 2.909726	 4.318699	-70.597800	 37.518960	 19.839700	 14.783270	-6.821038	 19.211720	 10.901230	-5.651418	 19.246680	-70.841610	 18.600490	 10.467280	 21.094460	-3.898340	 9.395206	 9.518596	-0.473063	 9.966733	-72.614270	-51.617550	-12.041010	-7.588076	 16.022730	-0.540169	 0.139211	 14.789960	-0.368235	 3.437935	 0.440228	-2.123201	 90.262390	-93.645810	-4.367572	-91.366680	-178.156000	-9.560238	 102.582500	-0.813313	 0.122417	-8.559153	-59.096330	-39.683160	-1.047143	-39.056240	-8.988451	-2.101104	 24.649400	-7.545381	-20.101880	-13.992340	-7.707922	 70.101980	 2.456334	-1.169614	 80.571000	 1.607320	 1.620216	-23.595880	-21.828720	-24.838760	 65.613570	-0.135467	 3.283004	 78.742650	 0.189274	 7.210763	-12.064890	 29.677300	 12.052690	 58.464960	-7.583938	 21.089210	-148.832200	-4.716682	 19.574030	-20.525010	 18.426680	 10.485910	-164.358500	-3.484296	 9.763652	 74.841460	-4.216241	 7.669285	 165.834300	-35.116870	-18.578360	-36.127850	 117.844100	-0.044685	 0.737435	 35.370370	-0.405495	 3.620178	 0.000000	 90.000000	 0.000000	 176.516800	 8.226393	 175.508500	-172.802600	-9.767428	-22.017090
-0.054287	-0.071221	-0.006171	-173.791600	 1.956229	-90.796390	-5.262248	-1.641045	-7.429004	-5.213301	-5.347216	-6.997994	 1.485173	-5.999302	 110.631800	-0.813313	 0.122417	-8.559153	-54.974740	-22.378230	 18.569460	-3.491840	 25.897750	 1.384775	-20.553650	 20.492830	-54.756500	-11.582920	-4.601621	 9.666660	 2.503291	-1.126934	 4.548135	 3.270450	-0.643668	-80.071260	 4.012840	 3.194382	 11.896910	-0.275389	 3.148105	 9.181604	 2.909720	 4.318725	-70.597430	 37.513960	 19.837870	 14.784990	-6.821038	 19.211720	 10.901230	-5.651399	 19.246680	-70.840810	 18.598430	 10.466220	 21.094860	-3.898340	 9.395206	 9.518596	-0.473063	 9.966733	-72.614270	-51.617550	-12.041010	-7.588076	 16.022730	-0.540169	 0.139211	 14.789960	-0.368235	 3.437935	 0.437686	-2.097828	 90.261460	-93.632870	-4.174817	-91.259740	-178.131300	-9.732852	 102.474500	-0.813313	 0.122417	-8.559153	-61.941520	-40.199650	-3.018974	-35.425750	-9.550724	-1.840856	 23.229930	-7.868603	-20.402910	-13.992340	-7.707914	 70.101990	 2.456334	-1.169614	 80.570960	 1.607321	 1.620216	-23.595900	-21.820540	-24.830350	 65.616840	-0.135468	 3.283003	 78.742590	 0.189285	 7.210759	-12.065070	 29.677310	 12.052720	 58.464880	-7.589767	 21.085910	-148.473000	-4.716684	 19.574020	-20.525150	 18.417610	 10.504420	-164.038300	-3.484298	 9.763653	 74.841420	-4.199480	 7.660185	 166.268200	-35.143490	-18.613180	-36.288040	 119.804500	-0.027570	 0.736974	 35.370370	-0.405495	 3.620178	 0.000000	 90.000000	 0.000000	 176.552000	 8.205479	 175.425000	-172.849800	-10.110440	-22.178750
-0.054577	-0.071742	-0.006389	-173.756600	 1.981210	-90.842640	-5.232750	-1.662177	-7.484999	-5.192745	-5.408928	-7.055314	 1.479668	-5.978116	 110.632500	-0.813313	 0.122417	-8.559153	-54.900530	-22.411710	 18.622290	-3.490351	 25.834300	 1.382360	-20.692610	 20.507460	-54.579500	-11.582920	-4.601621	 9.666660	 2.503291	-1.126934	 4.548135	 3.270450	-0.643668	-80.071260	 4.010411	 3.193321	 11.897050	-0.275389	 3.148105	 9.181604	 2.909714	 4.318751	-70.597040	 37.508950	 19.836040	 14.786700	-6.821038	 19.211720	 10.901230	-5.651381	 19.246680	-70.839970	 18.595320	 10.464620	 21.095470	-3.898340	 9.395206	 9.518596	-0.473063	 9.966733	-72.614270	-51.617550	-12.041010	-7.588076	 16.022730	-0.540169	 0.139211	 14.789960	-0.368235	 3.437935	 0.435220	-2.069755	 90.260560	-93.617640	-3.964045	-91.144500	-178.111100	-9.889478	 102.350000	-0.813313	 0.122417	-8.559153	-64.828450	-40.571220	-5.140880	-31.499960	-9.846385	-1.557304	 21.615730	-7.878813	-20.491020	-13.992330	-7.707907	 70.101990	 2.456334	-1.169614	 80.570950	 1.607322	 1.620216	-23.595930	-21.810020	-24.819540	 65.621060	-0.135467	 3.283003	 78.742540	 0.189296	 7.210754	-12.065210	 29.677330	 12.052750	 58.464760	-7.595245	 21.082780	-148.134000	-4.716686	 19.574020	-20.525290	 18.408950	 10.521850	-163.736300	-3.484296	 9.763652	 74.841390	-4.183602	 7.651715	 166.677500	-35.168670	-18.645940	-36.439060	 121.652000	-0.011468	 0.736004	 35.370370	-0.405495	 3.620178	 0.000000	 90.000000	 0.000000	 176.585100	 8.188163	 175.335200	-172.872100	-10.308010	-22.480590
-0.054967	-0.072239	-0.006637	-173.710700	 2.011939	-90.892310	-5.195060	-1.690582	-7.550936	-5.166588	-5.490378	-7.123525	 1.472254	-5.949616	 110.633100	-0.813313	 0.122417	-8.559153	-54.801970	-22.449840	 18.675680	-3.488409	 25.753760	 1.379023	-20.847470	 20.516140	-54.338190	-11.582920	-4.601621	 9.666660	 2.503291	-1.126934	 4.548135	 3.270450	-0.643668	-80.071260	 4.006633	 3.191670	 11.897280	-0.275389	 3.148105	 9.181604	 2.909707	 4.318781	-70.596600	 37.503060	 19.833890	 14.788720	-6.821038	 19.211720	 10.901230	-5.651360	 19.246670	-70.838900	 18.590470	 10.462140	 21.096410	-3.898340	 9.395206	 9.518596	-0.473063	 9.966733	-72.614270	-51.617550	-12.041010	-7.588076	 16.022730	-0.540169	 0.139211	 14.789960	-0.368235	 3.437935	 0.432381	-2.033896	 90.259510	-93.597870	-3.699574	-91.006290	-178.094800	-10.060210	 102.143500	-0.813313	 0.122417	-8.559153	-68.257610	-40.766170	-7.871289	-26.364390	-9.915797	-1.183349	 19.162450	-7.587275	-20.641690	-13.992320	-7.707899	 70.101990	 2.456334	-1.169614	 80.570920	 1.607324	 1.620215	-23.595970	-21.794560	-24.803690	 65.627360	-0.135468	 3.283003	 78.742450	 0.189308	 7.210751	-12.065400	 29.677330	 12.052770	 58.464640	-7.601356	 21.079230	-147.754500	-4.716688	 19.574020	-20.525460	 18.399150	 10.541310	-163.398000	-3.484298	 9.763652	 74.841370	-4.165749	 7.642362	 167.135900	-35.196940	-18.682500	-36.608060	 123.718700	 0.006503	 0.734315	 35.370370	-0.405495	 3.620178	 0.000000	 90.000000	 0.000000	 176.621500	 8.173394	 175.225800	-172.931600	-10.706550	-22.819590
-0.055246	-0.072725	-0.006981	-173.677500	 2.039023	-90.930560	-5.160582	-1.717166	-7.606332	-5.142589	-5.565363	-7.181318	 1.465322	-5.922999	 110.633500	-0.813313	 0.122417	-8.559153	-54.710980	-22.481120	 18.713930	-3.486477	 25.681510	 1.375818	-20.958380	 20.520280	-54.148640	-11.582920	-4.601621	 9.666660	 2.503291	-1.126934	 4.548135	 3.270450	-0.643668	-80.071260	 4.002738	 3.189969	 11.897500	-0.275389	 3.148105	 9.181604	 2.909700	 4.318806	-70.596250	 37.497980	 19.832040	 14.790450	-6.821038	 19.211720	 10.901230	-5.651341	 19.246670	-70.837950	 18.585500	 10.459590	 21.097370	-3.898340	 9.395206	 9.518596	-0.473063	 9.966733	-72.614270	-51.617550	-12.041010	-7.588076	 16.022730	-0.540169	 0.139211	 14.789960	-0.368235	 3.437935	 0.430013	-2.001626	 90.258620	-93.580350	-3.467908	-90.894300	-178.085400	-10.196990	 101.934500	-0.813313	 0.122417	-8.559153	-71.874370	-40.542950	-10.754540	-21.458840	-9.742468	-0.705449	 17.013000	-7.367849	-20.534550	-13.992310	-7.707882	 70.101980	 2.456334	-1.169614	 80.570900	 1.607324	 1.620215	-23.595970	-21.778800	-24.787520	 65.633760	-0.135467	 3.283003	 78.742350	 0.189318	 7.210749	-12.065540	 29.677350	 12.052800	 58.464550	-7.606295	 21.076320	-147.446500	-4.716691	 19.574020	-20.525610	 18.391100	 10.557060	-163.123500	-3.484297	 9.763651	 74.841320	-4.151208	 7.634878	 167.507900	-35.219950	-18.712070	-36.745040	 125.393300	 0.021015	 0.732466	 35.370370	-0.405495	 3.620178	 0.000000	 90.000000	 0.000000	 176.649800	 8.167974	 175.133900	-173.046600	-11.284420	-23.291410
-0.055554	-0.073385	-0.007521	-173.663600	 2.066650	-90.962520	-5.124242	-1.745119	-7.659916	-5.117068	-5.643342	-7.237657	 1.458017	-5.894959	 110.633900	-0.813313	 0.122417	-8.559153	-54.616440	-22.511040	 18.745540	-3.484270	 25.607700	 1.372356	-21.036940	 20.525140	-54.015030	-11.582920	-4.601621	 9.666660	 2.503291	-1.126934	 4.548135	 3.270450	-0.643668	-80.071260	 3.998382	 3.188065	 11.897760	-0.275389	 3.148105	 9.181604	 2.909693	 4.318831	-70.595890	 37.492930	 19.830190	 14.792180	-6.821038	 19.211720	 10.901230	-5.651323	 19.246670	-70.836940	 18.579920	 10.456730	 21.098450	-3.898340	 9.395206	 9.518596	-0.473063	 9.966733	-72.614270	-51.617550	-12.041010	-7.588076	 16.022730	-0.540169	 0.139211	 14.789960	-0.368235	 3.437935	 0.427697	-1.968654	 90.257760	-93.563060	-3.238638	-90.795470	-178.081900	-10.328450	 101.668500	-0.813313	 0.122417	-8.559153	-76.548190	-39.344140	-14.580560	-15.047010	-9.884402	 0.041401	 14.272760	-8.108801	-20.075280	-13.992310	-7.707882	 70.101980	 2.456334	-1.169613	 80.570870	 1.607327	 1.620214	-23.596010	-21.760720	-24.768970	 65.641140	-0.135467	 3.283002	 78.742290	 0.189329	 7.210745	-12.065720	 29.677350	 12.052820	 58.464450	-7.610984	 21.073530	-147.153400	-4.716692	 19.574020	-20.525740	 18.383380	 10.572010	-162.862200	-3.484297	 9.763650	 74.841270	-4.137325	 7.627841	 167.861900	-35.241870	-18.740140	-36.875250	 126.984700	 0.034747	 0.730319	 35.370370	-0.405495	 3.620178	 0.000000	 90.000000	 0.000000	 176.675100	 8.170393	 175.047900	-173.081200	-11.640930	-23.837590
-0.055932	-0.074200	-0.008267	-173.668500	 2.099414	-90.994830	-5.078753	-1.779425	-7.720336	-5.084679	-5.737699	-7.301582	 1.449050	-5.860557	 110.634200	-0.813313	 0.122417	-8.559153	-54.502330	-22.544760	 18.774780	-3.481195	 25.519550	 1.367970	-21.082350	 20.531140	-53.937250	-11.582920	-4.601621	 9.666660	 2.503291	-1.126934	 4.548135	 3.270450	-0.643668	-80.071260	 3.992713	 3.185589	 11.898100	-0.275389	 3.148105	 9.181604	 2.909686	 4.318861	-70.595450	 37.486910	 19.827990	 14.794240	-6.821038	 19.211720	 10.901230	-5.651297	 19.246670	-70.835700	 18.572680	 10.453010	 21.099850	-3.898340	 9.395206	 9.518596	-0.473063	 9.966733	-72.614270	-51.617550	-12.041010	-7.588076	 16.022730	-0.540169	 0.139211	 14.789960	-0.368235	 3.437935	 0.425024	-1.929397	 90.256760	-93.541520	-2.983691	-90.614410	-178.080600	-10.480620	 101.335700	-0.813313	 0.122417	-8.559153	-81.597920	-35.730400	-18.790010	-7.495235	-10.009930	 0.941578	 11.025730	-10.926770	-19.126580	-13.992300	-7.707872	 70.101980	 2.456334	-1.169614	 80.570850	 1.607327	 1.620213	-23.596030	-21.736210	-24.743840	 65.651140	-0.135467	 3.283002	 78.742200	 0.189341	 7.210741	-12.065890	 29.677380	 12.052860	 58.464320	-7.616244	 21.070360	-146.823100	-4.716695	 19.574010	-20.525910	 18.374590	 10.588820	-162.567700	-3.484298	 9.763651	 74.841210	-4.121626	 7.620014	 168.260800	-35.266650	-18.771650	-37.021810	 128.775500	 0.050126	 0.727447	 35.370370	-0.405495	 3.620178	 0.000000	 90.000000	 0.000000	 176.703000	 8.181374	 174.939600	-173.088000	-12.022710	-24.502020
-0.056161	-0.074745	-0.008727	-173.686800	 2.126194	-91.020480	-5.038874	-1.808358	-7.767260	-5.055689	-5.816241	-7.351616	 1.441469	-5.831484	 110.634500	-0.813313	 0.122417	-8.559153	-54.407910	-22.571320	 18.792450	-3.478200	 25.446820	 1.364120	-21.091980	 20.531120	-53.897510	-11.582920	-4.601621	 9.666660	 2.503291	-1.126934	 4.548135	 3.270450	-0.643668	-80.071260	 3.987683	 3.183390	 11.898390	-0.275389	 3.148105	 9.181604	 2.909681	 4.318886	-70.595100	 37.481880	 19.826150	 14.795950	-6.821038	 19.211720	 10.901230	-5.651270	 19.246660	-70.834600	 18.566230	 10.449710	 21.101100	-3.898340	 9.395206	 9.518596	-0.473063	 9.966733	-72.614270	-51.617550	-12.041010	-7.588076	 16.022730	-0.540169	 0.139211	 14.789960	-0.368235	 3.437935	 0.422847	-1.897217	 90.255920	-93.522970	-2.794522	-90.386190	-178.075200	-10.606360	 101.123300	-0.813313	 0.122417	-8.559153	-83.409580	-31.370540	-20.037760	-4.742610	-9.976522	 1.434420	 9.929895	-15.023410	-17.885240	-13.992300	-7.707865	 70.102000	 2.456334	-1.169614	 80.570820	 1.607328	 1.620213	-23.596050	-21.713110	-24.720140	 65.660570	-0.135467	 3.283002	 78.742130	 0.189352	 7.210738	-12.066050	 29.677380	 12.052880	 58.464210	-7.620409	 21.067820	-146.560800	-4.716697	 19.574010	-20.526040	 18.367550	 10.602140	-162.333900	-3.484297	 9.763650	 74.841150	-4.109120	 7.613874	 168.577600	-35.286330	-18.796590	-37.138030	 130.194900	 0.062241	 0.724828	 35.370370	-0.405495	 3.620178	 0.000000	 90.000000	 0.000000	 176.726700	 8.195700	 174.825300	-173.068400	-12.337330	-24.992860
-0.056562	-0.075163	-0.009059	-173.716000	 2.151298	-91.044330	-4.997744	-1.836667	-7.809725	-5.025147	-5.892011	-7.397173	 1.434042	-5.802995	 110.634700	-0.813313	 0.122417	-8.559153	-54.317540	-22.596040	 18.803960	-3.474743	 25.376970	 1.360219	-21.081610	 20.528110	-53.878310	-11.582920	-4.601621	 9.666660	 2.503291	-1.126934	 4.548135	 3.270450	-0.643668	-80.071260	 3.982535	 3.181141	 11.898700	-0.275389	 3.148105	 9.181604	 2.909675	 4.318908	-70.594760	 37.476900	 19.824330	 14.797660	-6.821038	 19.211720	 10.901230	-5.651248	 19.246660	-70.833450	 18.559650	 10.446330	 21.102380	-3.898340	 9.395206	 9.518596	-0.473063	 9.966733	-72.614270	-51.617550	-12.041010	-7.588076	 16.022730	-0.540169	 0.139211	 14.789960	-0.368235	 3.437935	 0.420715	-1.866547	 90.255100	-93.504780	-2.592961	-90.148830	-178.065300	-10.732460	 100.972300	-0.813313	 0.122417	-8.559153	-83.915150	-28.590860	-20.574730	-3.454665	-9.671985	 1.549138	 9.558717	-17.298140	-17.032690	-13.992290	-7.707858	 70.102000	 2.456334	-1.169614	 80.570790	 1.607329	 1.620212	-23.596070	-21.687830	-24.694200	 65.670890	-0.135467	 3.283002	 78.742030	 0.189363	 7.210734	-12.066200	 29.677380	 12.052900	 58.464100	-7.624334	 21.065400	-146.312800	-4.716699	 19.574010	-20.526210	 18.360840	 10.614700	-162.112800	-3.484297	 9.763649	 74.841090	-4.097268	 7.608134	 168.877100	-35.304990	-18.820090	-37.247720	 131.534100	 0.073608	 0.722076	 35.370370	-0.405495	 3.620178	 0.000000	 90.000000	 0.000000	 176.749600	 8.212843	 174.698900	-173.037200	-12.644950	-25.468340
-0.056976	-0.075684	-0.009522	-173.762800	 2.171427	-91.066220	-4.947865	-1.868424	-7.852977	-4.987015	-5.975495	-7.443890	 1.425687	-5.770948	 110.635000	-0.813313	 0.122417	-8.559153	-54.219230	-22.622630	 18.809840	-3.470044	 25.300000	 1.355605	-21.051340	 20.522870	-53.879610	-11.582920	-4.601621	 9.666660	 2.503291	-1.126934	 4.548135	 3.270450	-0.643668	-80.071260	 3.976443	 3.178479	 11.899050	-0.275389	 3.148105	 9.181604	 2.909668	 4.318937	-70.594360	 37.471100	 19.822210	 14.799630	-6.821038	 19.211720	 10.901230	-5.651221	 19.246660	-70.832030	 18.551870	 10.442350	 21.103880	-3.898340	 9.395206	 9.518596	-0.473063	 9.966733	-72.614270	-51.617550	-12.041010	-7.588076	 16.022730	-0.540169	 0.139211	 14.789960	-0.368235	 3.437935	 0.418282	-1.833285	 90.254180	-93.480800	-2.286774	-89.760010	-178.052600	-10.886100	 100.801500	-0.813313	 0.122417	-8.559153	-84.482950	-26.854540	-21.004830	-2.671137	-9.243705	 1.548545	 10.062850	-18.585580	-16.257090	-13.992280	-7.707841	 70.102010	 2.456334	-1.169614	 80.570760	 1.607330	 1.620212	-23.596090	-21.655250	-24.660740	 65.684200	-0.135467	 3.283001	 78.741920	 0.189376	 7.210731	-12.066400	 29.677400	 12.052940	 58.464000	-7.628665	 21.062710	-146.038500	-4.716703	 19.574010	-20.526380	 18.353350	 10.628580	-161.868100	-3.484297	 9.763649	 74.841030	-4.084117	 7.601854	 169.208500	-35.325600	-18.845990	-37.368870	 133.013200	 0.086088	 0.718741	 35.370370	-0.405495	 3.620178	 0.000000	 90.000000	 0.000000	 176.766800	 8.236522	 174.546500	-173.019900	-13.005280	-26.169360
-0.057284	-0.076032	-0.009889	-173.805300	 2.174837	-91.080880	-4.904356	-1.893409	-7.883094	-4.952652	-6.039649	-7.476709	 1.419089	-5.745637	 110.635200	-0.813313	 0.122417	-8.559153	-54.145130	-22.642960	 18.808480	-3.465497	 25.240600	 1.351751	-21.016440	 20.518820	-53.899250	-11.582920	-4.601621	 9.666660	 2.503291	-1.126934	 4.548135	 3.270450	-0.643668	-80.071260	 3.971374	 3.176264	 11.899350	-0.275389	 3.148105	 9.181604	 2.909662	 4.318961	-70.594010	 37.466220	 19.820430	 14.801300	-6.821038	 19.211720	 10.901230	-5.651195	 19.246660	-70.830800	 18.545390	 10.439020	 21.105140	-3.898340	 9.395206	 9.518596	-0.473063	 9.966733	-72.614270	-51.617550	-12.041010	-7.588076	 16.022730	-0.540169	 0.139211	 14.789960	-0.368235	 3.437935	 0.416295	-1.808160	 90.253430	-93.461090	-1.997077	-89.368800	-178.040800	-11.002110	 100.702700	-0.813313	 0.122417	-8.559153	-84.617100	-26.151820	-21.054260	-2.559360	-9.154416	 1.575093	 10.350770	-19.225370	-15.812870	-13.992280	-7.707841	 70.102010	 2.456334	-1.169614	 80.570720	 1.607331	 1.620212	-23.596120	-21.625140	-24.629820	 65.696500	-0.135468	 3.283001	 78.741840	 0.189386	 7.210727	-12.066550	 29.677430	 12.052970	 58.463880	-7.632112	 21.060550	-145.819500	-4.716704	 19.574010	-20.526510	 18.347340	 10.639620	-161.672900	-3.484298	 9.763648	 74.840970	-4.073599	 7.596900	 169.472800	-35.342080	-18.866570	-37.465270	 134.190000	 0.095954	 0.715849	 35.370370	-0.405495	 3.620178	 0.000000	 90.000000	 0.000000	 176.763100	 8.260170	 174.424000	-173.015800	-13.311740	-26.798210
-0.057533	-0.076120	-0.010229	-173.843600	 2.168841	-91.092180	-4.858641	-1.916520	-7.906771	-4.915278	-6.097226	-7.502813	 1.412953	-5.722082	 110.635500	-0.813313	 0.122417	-8.559153	-54.080510	-22.661540	 18.801130	-3.460101	 25.186660	 1.347875	-20.977700	 20.516770	-53.935640	-11.582920	-4.601621	 9.666660	 2.503291	-1.126934	 4.548135	 3.270450	-0.643668	-80.071260	 3.966381	 3.174082	 11.899640	-0.275389	 3.148105	 9.181604	 2.909656	 4.318985	-70.593650	 37.461280	 19.818620	 14.802990	-6.821038	 19.211720	 10.901230	-5.651168	 19.246660	-70.829460	 18.538990	 10.435730	 21.106370	-3.898340	 9.395206	 9.518596	-0.473063	 9.966733	-72.614270	-51.617550	-12.041010	-7.588076	 16.022730	-0.540169	 0.139211	 14.789960	-0.368235	 3.437935	 0.414321	-1.786077	 90.252670	-93.443630	-1.699767	-88.940910	-178.031900	-11.087210	 100.633800	-0.813313	 0.122417	-8.559153	-84.838390	-25.807470	-21.022480	-2.332997	-8.812470	 1.551723	 10.675190	-19.350690	-15.435440	-13.992270	-7.707834	 70.102010	 2.456334	-1.169613	 80.570710	 1.607332	 1.620211	-23.596130	-21.591810	-24.595540	 65.710100	-0.135468	 3.283001	 78.741750	 0.189398	 7.210724	-12.066730	 29.677430	 12.052990	 58.463770	-7.635436	 21.058440	-145.607600	-4.716706	 19.574000	-20.526680	 18.341480	 10.650300	-161.484000	-3.484299	 9.763647	 74.840930	-4.063396	 7.592145	 169.728800	-35.357980	-18.886420	-37.558350	 135.326300	 0.105420	 0.712872	 35.370370	-0.405495	 3.620178	 0.000000	 90.000000	 0.000000	 176.741500	 8.285191	 174.333400	-172.988000	-13.584580	-27.339020
-0.057691	-0.075945	-0.010584	-173.883000	 2.151592	-91.086360	-4.806248	-1.938455	-7.923320	-4.870642	-6.149227	-7.521481	 1.407080	-5.699515	 110.635900	-0.813313	 0.122417	-8.559153	-54.025220	-22.679310	 18.785770	-3.453296	 25.164780	 1.343237	-20.941060	 20.545640	-53.984050	-11.582920	-4.601621	 9.666660	 2.503291	-1.126934	 4.548135	 3.270450	-0.643668	-80.071260	 3.961158	 3.171799	 11.899950	-0.275389	 3.148105	 9.181604	 2.909649	 4.319011	-70.593270	 37.455790	 19.816610	 14.804870	-6.821038	 19.211720	 10.901230	-5.651135	 19.246660	-70.827910	 18.532300	 10.432310	 21.107670	-3.898340	 9.395206	 9.518596	-0.473063	 9.966733	-72.614270	-51.617550	-12.041010	-7.588076	 16.022730	-0.540169	 0.139211	 14.789960	-0.368235	 3.437935	 0.412181	-1.766820	 90.251880	-93.427700	-1.322362	-88.465030	-178.022600	-11.168080	 100.581000	-0.813313	 0.122417	-8.559153	-84.993260	-25.745310	-20.848230	-2.147196	-8.386791	 1.518253	 11.057070	-19.162230	-14.930050	-13.992270	-7.707825	 70.102010	 2.456334	-1.169613	 80.570690	 1.607334	 1.620210	-23.596180	-21.551440	-24.554030	 65.726580	-0.135468	 3.283000	 78.741650	 0.189412	 7.210721	-12.066930	 29.677450	 12.053030	 58.463630	-7.638915	 21.056220	-145.385500	-4.716709	 19.574000	-20.526850	 18.335300	 10.661470	-161.285800	-3.484298	 9.763647	 74.840840	-4.052674	 7.587212	 169.997100	-35.374690	-18.907140	-37.655720	 136.514000	 0.115255	 0.709565	 35.370370	-0.405495	 3.620178	 0.000000	 90.000000	 0.000000	 176.696700	 8.310577	 174.302500	-172.933600	-13.829710	-27.848290
-0.057641	-0.075798	-0.010950	-173.912700	 2.129671	-91.056610	-4.759053	-1.953931	-7.919604	-4.829040	-6.181559	-7.528675	 1.402995	-5.683811	 110.636400	-0.813313	 0.122417	-8.559153	-53.994710	-22.692050	 18.766120	-3.446633	 25.208500	 1.338431	-20.924390	 20.626120	-54.021830	-11.582920	-4.601621	 9.666660	 2.503291	-1.126934	 4.548135	 3.270450	-0.643668	-80.071260	 3.957051	 3.170004	 11.900190	-0.275389	 3.148105	 9.181604	 2.909644	 4.319034	-70.592930	 37.451060	 19.814880	 14.806480	-6.821038	 19.211720	 10.901230	-5.651109	 19.246650	-70.826480	 18.527030	 10.429610	 21.108690	-3.898340	 9.395206	 9.518596	-0.473063	 9.966733	-72.614270	-51.617550	-12.041010	-7.588076	 16.022730	-0.540169	 0.139211	 14.789960	-0.368235	 3.437935	 0.410349	-1.755606	 90.251210	-93.416780	-0.875024	-88.080120	-178.014300	-11.233450	 100.548000	-0.813313	 0.122417	-8.559153	-85.044540	-25.771730	-20.614780	-2.061713	-8.111509	 1.502345	 11.390600	-19.025500	-14.507560	-13.992260	-7.707809	 70.102010	 2.456334	-1.169613	 80.570660	 1.607335	 1.620209	-23.596200	-21.513320	-24.514770	 65.742090	-0.135468	 3.283000	 78.741540	 0.189423	 7.210714	-12.067100	 29.677450	 12.053050	 58.463530	-7.641753	 21.054400	-145.203600	-4.716711	 19.574000	-20.527000	 18.330210	 10.670600	-161.123600	-3.484300	 9.763648	 74.840780	-4.043881	 7.583209	 170.216800	-35.388320	-18.924030	-37.735100	 137.482400	 0.123214	 0.706714	 35.370370	-0.405495	 3.620178	 0.000000	 90.000000	 0.000000	 176.646200	 8.327689	 174.311100	-172.917300	-14.050500	-28.335570
-0.057470	-0.075596	-0.011311	-173.935200	 2.104837	-91.020770	-4.712274	-1.966117	-7.890280	-4.785592	-6.190156	-7.528955	 1.400198	-5.673018	 110.636900	-0.813313	 0.122417	-8.559153	-53.984230	-22.701550	 18.741580	-3.439413	 25.286180	 1.333635	-20.925820	 20.733890	-54.060990	-11.582920	-4.601621	 9.666660	 2.503291	-1.126934	 4.548135	 3.270450	-0.643668	-80.071260	 3.953637	 3.168513	 11.900390	-0.275389	 3.148105	 9.181604	 2.909637	 4.319057	-70.592600	 37.446540	 19.813230	 14.808030	-6.821038	 19.211720	 10.901230	-5.651078	 19.246650	-70.825040	 18.522640	 10.427350	 21.109540	-3.898340	 9.395206	 9.518596	-0.473063	 9.966733	-72.614270	-51.617550	-12.041010	-7.588076	 16.022730	-0.540169	 0.139211	 14.789960	-0.368235	 3.437935	 0.408658	-1.750724	 90.250580	-93.410650	-0.382816	-87.770240	-178.008200	-11.278430	 100.529300	-0.813313	 0.122417	-8.559153	-85.099140	-26.051760	-20.400290	-1.998992	-8.386778	 1.489673	 11.694590	-19.181820	-14.314990	-13.992250	-7.707800	 70.102010	 2.456334	-1.169613	 80.570640	 1.607336	 1.620209	-23.596230	-21.473900	-24.474170	 65.758140	-0.135468	 3.283000	 78.741450	 0.189433	 7.210712	-12.067250	 29.677460	 12.053070	 58.463430	-7.644319	 21.052740	-145.039200	-4.716713	 19.574000	-20.527140	 18.325590	 10.678830	-160.977000	-3.484298	 9.763646	 74.840710	-4.035919	 7.579621	 170.415400	-35.400650	-18.939200	-37.806610	 138.354200	 0.130340	 0.704030	 35.370370	-0.405495	 3.620178	 0.000000	 90.000000	 0.000000	 176.593300	 8.335656	 174.327100	-172.898800	-14.225510	-28.743450
-0.057168	-0.075329	-0.011741	-173.957400	 2.071824	-90.980410	-4.658470	-1.977526	-7.832863	-4.731270	-6.160960	-7.521526	 1.401409	-5.677528	 110.637800	-0.813313	 0.122417	-8.559153	-53.998920	-22.708560	 18.707010	-3.430016	 25.389600	 1.328632	-20.953220	 20.866970	-54.117550	-11.582920	-4.601621	 9.666660	 2.503291	-1.126934	 4.548135	 3.270450	-0.643668	-80.071260	 3.950554	 3.167166	 11.900570	-0.275389	 3.148105	 9.181604	 2.909632	 4.319083	-70.592230	 37.441510	 19.811390	 14.809740	-6.821038	 19.211720	 10.901230	-5.651046	 19.246650	-70.823320	 18.518660	 10.425310	 21.110310	-3.898340	 9.395206	 9.518596	-0.473063	 9.966733	-72.614270	-51.617550	-12.041010	-7.588076	 16.022730	-0.540169	 0.139211	 14.789960	-0.368235	 3.437935	 0.406797	-1.753496	 90.249920	-93.409590	 0.186164	-87.489040	-178.002900	-11.313140	 100.522100	-0.813313	 0.122417	-8.559153	-85.152270	-26.354790	-20.210610	-1.982906	-9.023654	 1.492909	 11.982270	-19.659410	-14.173460	-13.992250	-7.707800	 70.102010	 2.456334	-1.169613	 80.570630	 1.607337	 1.620209	-23.596240	-21.425970	-24.424750	 65.777620	-0.135468	 3.283000	 78.741350	 0.189447	 7.210710	-12.067450	 29.677480	 12.053110	 58.463290	-7.647008	 21.050990	-144.866300	-4.716715	 19.574000	-20.527320	 18.320710	 10.687490	-160.822800	-3.484300	 9.763645	 74.840630	-4.027530	 7.575874	 170.624200	-35.413510	-18.955080	-37.881390	 139.266500	 0.137751	 0.701106	 35.370370	-0.405495	 3.620178	 0.000000	 90.000000	 0.000000	 176.536200	 8.330977	 174.324000	-172.878700	-14.385670	-29.154620
-0.056797	-0.075074	-0.012120	-173.964700	 2.040329	-90.947940	-4.612320	-1.985002	-7.769071	-4.682069	-6.112031	-7.509093	 1.409094	-5.706782	 110.639200	-0.813313	 0.122417	-8.559153	-53.203990	-23.435900	 19.000420	-3.954114	 25.482590	 1.398075	-20.808120	 21.772790	-53.630580	-11.582920	-4.601621	 9.666660	 2.503291	-1.126934	 4.548135	 3.270450	-0.643668	-80.071260	 3.949514	 3.166711	 11.900630	-0.275389	 3.148105	 9.181604	 2.909626	 4.319106	-70.591900	 37.437290	 19.809840	 14.811190	-6.821038	 19.211720	 10.901230	-5.651012	 19.246650	-70.821810	 18.517310	 10.424620	 21.110560	-3.898340	 9.395206	 9.518596	-0.473063	 9.966733	-72.614270	-51.617550	-12.041010	-7.588076	 16.022730	-0.540169	 0.139211	 14.789960	-0.368235	 3.437935	 0.405184	-1.744281	 90.249340	-93.395660	 0.751557	-87.273030	-178.002200	-11.315790	 100.525500	-0.813313	 0.122417	-8.559153	-85.163290	-26.428200	-20.125750	-2.024782	-9.559513	 1.513074	 12.046630	-20.167910	-14.017380	-13.992240	-7.707792	 70.102010	 2.456334	-1.169613	 80.570600	 1.607338	 1.620209	-23.596270	-21.382070	-24.379430	 65.795440	-0.135468	 3.283000	 78.741230	 0.189458	 7.210704	-12.067620	 29.677480	 12.053120	 58.463180	-7.649126	 21.049610	-144.730000	-4.716718	 19.573990	-20.527470	 18.316840	 10.694300	-160.701200	-3.484299	 9.763644	 74.840550	-4.020910	 7.572946	 170.788800	-35.423640	-18.967500	-37.940010	 139.981400	 0.143530	 0.698733	 35.370370	-0.405495	 3.620178	 0.000000	 90.000000	 0.000000	 176.489000	 8.318219	 174.280500	-172.867000	-14.497110	-29.485360
-0.056305	-0.074817	-0.012502	-173.955000	 2.010216	-90.916100	-4.566928	-1.990028	-7.698036	-4.632349	-6.050574	-7.491635	 1.421052	-5.752351	 110.640900	-0.813313	 0.122417	-8.559153	-50.929040	-25.312150	 19.907100	-5.489542	 25.576950	 1.509621	-20.282750	 24.004640	-52.357080	-11.582920	-4.601621	 9.666660	 2.503291	-1.126934	 4.548135	 3.270450	-0.643668	-80.071260	 3.950958	 3.167342	 11.900550	-0.275389	 3.148105	 9.181604	 2.909621	 4.319128	-70.591590	 37.433150	 19.808330	 14.812600	-6.821038	 19.211720	 10.901230	-5.650982	 19.246640	-70.820230	 18.519150	 10.425560	 21.110210	-3.898340	 9.395206	 9.518596	-0.473063	 9.966733	-72.614270	-51.617550	-12.041010	-7.588076	 16.022730	-0.540169	 0.139211	 14.789960	-0.368235	 3.437935	 0.403421	-1.696446	 90.248600	-93.344930	 1.496264	-87.045100	-178.008100	-11.276080	 100.535400	-0.813313	 0.122417	-8.559153	-85.121370	-26.413460	-20.097640	-2.089974	-10.028030	 1.538011	 11.858560	-20.616220	-13.749070	-13.992240	-7.707784	 70.102010	 2.456334	-1.169613	 80.570580	 1.607339	 1.620208	-23.596290	-21.335680	-24.331500	 65.814230	-0.135468	 3.282999	 78.741120	 0.189469	 7.210700	-12.067780	 29.677500	 12.053160	 58.463070	-7.651053	 21.048330	-144.605500	-4.716719	 19.573990	-20.527620	 18.313290	 10.700520	-160.590100	-3.484301	 9.763644	 74.840460	-4.014855	 7.570284	 170.939200	-35.432810	-18.978760	-37.993210	 140.629700	 0.148736	 0.696521	 35.370370	-0.405495	 3.620178	 0.000000	 90.000000	 0.000000	 176.434600	 8.301565	 174.201000	-172.865900	-14.590880	-29.816600
-0.055663	-0.074650	-0.012953	-173.926400	 1.979514	-90.878220	-4.517492	-1.992475	-7.616959	-4.577851	-5.978349	-7.466664	 1.437129	-5.813632	 110.643000	-0.813313	 0.122417	-8.559153	-47.853920	-27.432310	 21.211320	-7.772372	 25.656150	 1.477781	-19.445070	 26.627200	-50.776120	-11.582920	-4.601621	 9.666660	 2.503291	-1.126934	 4.548135	 3.270450	-0.643668	-80.071260	 3.955008	 3.169112	 11.900310	-0.275389	 3.148105	 9.181604	 2.909615	 4.319153	-70.591230	 37.428630	 19.806670	 14.814140	-6.821038	 19.211720	 10.901230	-5.650943	 19.246640	-70.818380	 18.524310	 10.428210	 21.109210	-3.898340	 9.395206	 9.518596	-0.473063	 9.966733	-72.614270	-51.617550	-12.041010	-7.588076	 16.022730	-0.540169	 0.139211	 14.789960	-0.368235	 3.437935	 0.401314	-1.601194	 90.247600	-93.251750	 2.413365	-86.720820	-178.019500	-11.200160	 100.552800	-0.813313	 0.122417	-8.559153	-85.035800	-26.363260	-20.054230	-2.172191	-10.333790	 1.564228	 11.517550	-20.914370	-13.361900	-13.992220	-7.707768	 70.102010	 2.456334	-1.169613	 80.570560	 1.607341	 1.620207	-23.596320	-21.280430	-24.274350	 65.836590	-0.135468	 3.282999	 78.741000	 0.189481	 7.210697	-12.067960	 29.677510	 12.053190	 58.462940	-7.652998	 21.047050	-144.479800	-4.716724	 19.573980	-20.527810	 18.309700	 10.706780	-160.478000	-3.484300	 9.763642	 74.840370	-4.008733	 7.567614	 171.091000	-35.442010	-18.990020	-38.046380	 141.278000	 0.153926	 0.694250	 35.370370	-0.405495	 3.620178	 0.000000	 90.000000	 0.000000	 176.364900	 8.279976	 174.082300	-172.884300	-14.683670	-30.218010
-0.055118	-0.074550	-0.013308	-173.888700	 1.956797	-90.840790	-4.476273	-1.991552	-7.551906	-4.533338	-5.923416	-7.440784	 1.451193	-5.867237	 110.644800	-0.813313	 0.122417	-8.559153	-46.193550	-27.881420	 21.984540	-9.823696	 25.647120	 1.545122	-18.666670	 27.318750	-49.798560	-11.582920	-4.601621	 9.666660	 2.503291	-1.126934	 4.548135	 3.270450	-0.643668	-80.071260	 3.960136	 3.171353	 11.900010	-0.275389	 3.148105	 9.181604	 2.909609	 4.319174	-70.590910	 37.424760	 19.805260	 14.815460	-6.821038	 19.211720	 10.901230	-5.650908	 19.246640	-70.816730	 18.530870	 10.431570	 21.107940	-3.898340	 9.395206	 9.518596	-0.473063	 9.966733	-72.614270	-51.617550	-12.041010	-7.588076	 16.022730	-0.540169	 0.139211	 14.789960	-0.368235	 3.437935	 0.399368	-1.486317	 90.246620	-93.145590	 3.160524	-86.359950	-178.030700	-11.124610	 100.572100	-0.813313	 0.122417	-8.559153	-84.937240	-26.298420	-20.009010	-2.233663	-10.452830	 1.582511	 11.280610	-21.047620	-13.035030	-13.992220	-7.707768	 70.102010	 2.456334	-1.169613	 80.570540	 1.607341	 1.620207	-23.596330	-21.229270	-24.221380	 65.857240	-0.135468	 3.282998	 78.740890	 0.189494	 7.210692	-12.068160	 29.677520	 12.053210	 58.462840	-7.654502	 21.046050	-144.382600	-4.716725	 19.573990	-20.527960	 18.306910	 10.711630	-160.391300	-3.484300	 9.763643	 74.840280	-4.003993	 7.565560	 171.208500	-35.449060	-18.998620	-38.087070	 141.773800	 0.157879	 0.692470	 35.370370	-0.405495	 3.620178	 0.000000	 90.000000	 0.000000	 176.296500	 8.260199	 173.965600	-172.907700	-14.760930	-30.532940
-0.054599	-0.074405	-0.013580	-173.843100	 1.939802	-90.798880	-4.438727	-1.987766	-7.499279	-4.494780	-5.887918	-7.412676	 1.462662	-5.910949	 110.646300	-0.813313	 0.122417	-8.559153	-45.176970	-28.164680	 22.508020	-10.970630	 25.538050	 1.530206	-18.266500	 27.664710	-49.178970	-11.582920	-4.601621	 9.666660	 2.503291	-1.126934	 4.548135	 3.270450	-0.643668	-80.071260	 3.966034	 3.173930	 11.899660	-0.275389	 3.148105	 9.181604	 2.909604	 4.319195	-70.590610	 37.421090	 19.803920	 14.816720	-6.821038	 19.211720	 10.901230	-5.650875	 19.246640	-70.815060	 18.538410	 10.435440	 21.106480	-3.898340	 9.395206	 9.518596	-0.473063	 9.966733	-72.614270	-51.617550	-12.041010	-7.588076	 16.022730	-0.540169	 0.139211	 14.789960	-0.368235	 3.437935	 0.397424	-1.351013	 90.245600	-93.023640	 3.712047	-85.992080	-178.039900	-11.060260	 100.592900	-0.813313	 0.122417	-8.559153	-84.829520	-26.223680	-19.963080	-2.266277	-10.522710	 1.594113	 11.187880	-21.149400	-12.777580	-13.992220	-7.707759	 70.102010	 2.456334	-1.169613	 80.570530	 1.607342	 1.620206	-23.596350	-21.177060	-24.167260	 65.878270	-0.135468	 3.282998	 78.740780	 0.189506	 7.210689	-12.068330	 29.677540	 12.053250	 58.462700	-7.655780	 21.045200	-144.299900	-4.716727	 19.573990	-20.528110	 18.304530	 10.715750	-160.317500	-3.484299	 9.763641	 74.840190	-3.999958	 7.563821	 171.308300	-35.454960	-19.005820	-38.121130	 142.189100	 0.161168	 0.690953	 35.370370	-0.405495	 3.620178	 0.000000	 90.000000	 0.000000	 176.223700	 8.241663	 173.852800	-172.922000	-14.838950	-30.717900
-0.054030	-0.074288	-0.013813	-173.788200	 1.930073	-90.745470	-4.399398	-1.980091	-7.451766	-4.457485	-5.872384	-7.377568	 1.469504	-5.937006	 110.647200	-0.813313	 0.122417	-8.559153	-44.689560	-28.210940	 22.827170	-11.542820	 25.417020	 1.536422	-18.086270	 27.671880	-48.817850	-11.582920	-4.601621	 9.666660	 2.503291	-1.126934	 4.548135	 3.270450	-0.643668	-80.071260	 3.973224	 3.177073	 11.899240	-0.275389	 3.148105	 9.181604	 2.909598	 4.319220	-70.590260	 37.417010	 19.802430	 14.818110	-6.821038	 19.211720	 10.901230	-5.650836	 19.246630	-70.813060	 18.547630	 10.440170	 21.104700	-3.898340	 9.395206	 9.518596	-0.473063	 9.966733	-72.614270	-51.617550	-12.041010	-7.588076	 16.022730	-0.540169	 0.139211	 14.789960	-0.368235	 3.437935	 0.395132	-1.173675	 90.244350	-92.863330	 4.123553	-85.609150	-178.046500	-11.010030	 100.617300	-0.813313	 0.122417	-8.559153	-84.703550	-26.133060	-19.913630	-2.272013	-10.564230	 1.600019	 11.140600	-21.236920	-12.551560	-13.992210	-7.707751	 70.102010	 2.456334	-1.169613	 80.570470	 1.607343	 1.620206	-23.596370	-21.114380	-24.102200	 65.903460	-0.135469	 3.282998	 78.740660	 0.189520	 7.210685	-12.068520	 29.677560	 12.053290	 58.462570	-7.657010	 21.044380	-144.220000	-4.716730	 19.573980	-20.528300	 18.302230	 10.719720	-160.246300	-3.484301	 9.763642	 74.840100	-3.996059	 7.562147	 171.404800	-35.460530	-19.012610	-38.153310	 142.581100	 0.164274	 0.689503	 35.370370	-0.405495	 3.620178	 0.000000	 90.000000	 0.000000	 176.133200	 8.223228	 173.740100	-172.940000	-14.930390	-30.860770
-0.053546	-0.074250	-0.013983	-173.746700	 1.931400	-90.695230	-4.368709	-1.970750	-7.420339	-4.428669	-5.869511	-7.344748	 1.469979	-5.938801	 110.647400	-0.813313	 0.122417	-8.559153	-44.517900	-28.232590	 22.977550	-11.851990	 25.522120	 1.548072	-18.013070	 27.793220	-48.605040	-11.582920	-4.601621	 9.666660	 2.503291	-1.126934	 4.548135	 3.270450	-0.643668	-80.071260	 3.979296	 3.179726	 11.898890	-0.275389	 3.148105	 9.181604	 2.909593	 4.319240	-70.589950	 37.413590	 19.801170	 14.819280	-6.821038	 19.211720	 10.901230	-5.650794	 19.246630	-70.811290	 18.555410	 10.444160	 21.103200	-3.898340	 9.395206	 9.518596	-0.473063	 9.966733	-72.614270	-51.617550	-12.041010	-7.588076	 16.022730	-0.540169	 0.139211	 14.789960	-0.368235	 3.437935	 0.393130	-1.004815	 90.243230	-92.707990	 4.401534	-85.355280	-178.050200	-10.978920	 100.636400	-0.813313	 0.122417	-8.559153	-84.601880	-26.057770	-19.878270	-2.275626	-10.582410	 1.604165	 11.140510	-21.295570	-12.407520	-13.992210	-7.707751	 70.102010	 2.456334	-1.169613	 80.570470	 1.607344	 1.620206	-23.596400	-21.057150	-24.042720	 65.926440	-0.135468	 3.282997	 78.740520	 0.189531	 7.210680	-12.068690	 29.677560	 12.053310	 58.462470	-7.657880	 21.043800	-144.163600	-4.716732	 19.573980	-20.528450	 18.300610	 10.722530	-160.195900	-3.484301	 9.763639	 74.840010	-3.993303	 7.560969	 171.472900	-35.464310	-19.017240	-38.175240	 142.848800	 0.166386	 0.688502	 35.370370	-0.405495	 3.620178	 0.000000	 90.000000	 0.000000	 176.049200	 8.211278	 173.662800	-172.963000	-14.997700	-30.977350
-0.053081	-0.074259	-0.014145	-173.713500	 1.937889	-90.644170	-4.342650	-1.959593	-7.397806	-4.402119	-5.873540	-7.311517	 1.469413	-5.936632	 110.647400	-0.813313	 0.122417	-8.559153	-44.344900	-28.325060	 23.081210	-12.129560	 25.500210	 1.540165	-17.928100	 27.865600	-48.455760	-11.582920	-4.601621	 9.666660	 2.503291	-1.126934	 4.548135	 3.270450	-0.643668	-80.071260	 3.984463	 3.181984	 11.898580	-0.275389	 3.148105	 9.181604	 2.909587	 4.319261	-70.589650	 37.410350	 19.799990	 14.820380	-6.821038	 19.211720	 10.901230	-5.650761	 19.246630	-70.809530	 18.562030	 10.447550	 21.101920	-3.898340	 9.395206	 9.518596	-0.473063	 9.966733	-72.614270	-51.617550	-12.041010	-7.588076	 16.022730	-0.540169	 0.139211	 14.789960	-0.368235	 3.437935	 0.391191	-0.833886	 90.242110	-92.546860	 4.647403	-85.217750	-178.052800	-10.956920	 100.650700	-0.813313	 0.122417	-8.559153	-84.520570	-25.995890	-19.855510	-2.277646	-10.598740	 1.607226	 11.169450	-21.344310	-12.309220	-13.992200	-7.707742	 70.102010	 2.456334	-1.169613	 80.570450	 1.607345	 1.620205	-23.596420	-20.999470	-23.982700	 65.949510	-0.135469	 3.282997	 78.740410	 0.189543	 7.210678	-12.068870	 29.677560	 12.053330	 58.462330	-7.658538	 21.043360	-144.120900	-4.716733	 19.573970	-20.528600	 18.299370	 10.724650	-160.157900	-3.484301	 9.763639	 74.839920	-3.991217	 7.560080	 171.524500	-35.467050	-19.020570	-38.191000	 143.040800	 0.167895	 0.687772	 35.370370	-0.405495	 3.620178	 0.000000	 90.000000	 0.000000	 175.966200	 8.208218	 173.599700	-172.995300	-15.049640	-31.082400
-0.052513	-0.074272	-0.014316	-173.688000	 1.949237	-90.582680	-4.317203	-1.944220	-7.380022	-4.372392	-5.883594	-7.271408	 1.468492	-5.933121	 110.647300	-0.813313	 0.122417	-8.559153	-44.177890	-28.336950	 23.124440	-11.921730	 25.496970	 1.491591	-18.082180	 27.966380	-48.186970	-11.582920	-4.601621	 9.666660	 2.503291	-1.126934	 4.548135	 3.270450	-0.643668	-80.071260	 3.988898	 3.183920	 11.898320	-0.275389	 3.148105	 9.181604	 2.909581	 4.319283	-70.589320	 37.406730	 19.798660	 14.821620	-6.821038	 19.211720	 10.901230	-5.650719	 19.246620	-70.807400	 18.567710	 10.450460	 21.100810	-3.898340	 9.395206	 9.518596	-0.473063	 9.966733	-72.614270	-51.617550	-12.041010	-7.588076	 16.022730	-0.540169	 0.139211	 14.789960	-0.368235	 3.437935	 0.388953	-0.631235	 90.240820	-92.351120	 4.848358	-85.161870	-178.055400	-10.937540	 100.659200	-0.813313	 0.122417	-8.559153	-84.459330	-25.947170	-19.849100	-2.276788	-10.635450	 1.609322	 11.229560	-21.401540	-12.237700	-13.992190	-7.707726	 70.102010	 2.456334	-1.169614	 80.570430	 1.607346	 1.620205	-23.596430	-20.929180	-23.909450	 65.977570	-0.135469	 3.282996	 78.740290	 0.189557	 7.210672	-12.069090	 29.677590	 12.053360	 58.462230	-7.659071	 21.043000	-144.086200	-4.716736	 19.573970	-20.528790	 18.298370	 10.726370	-160.126900	-3.484302	 9.763638	 74.839820	-3.989516	 7.559357	 171.566500	-35.469020	-19.022980	-38.202420	 143.180000	 0.168989	 0.687246	 35.370370	-0.405495	 3.620178	 0.000000	 90.000000	 0.000000	 175.869600	 8.220006	 173.537100	-173.043600	-15.095390	-31.195990
-0.052026	-0.074278	-0.014445	-173.685400	 1.962402	-90.529530	-4.299480	-1.929282	-7.370907	-4.347654	-5.894022	-7.236429	 1.463984	-5.915941	 110.646700	-0.813313	 0.122417	-8.559153	-44.123190	-28.323730	 23.103350	-11.304600	 25.519190	 1.418710	-18.420470	 28.087470	-47.959070	-11.582920	-4.601621	 9.666660	 2.503291	-1.126934	 4.548135	 3.270450	-0.643668	-80.071260	 3.990690	 3.184704	 11.898220	-0.275389	 3.148105	 9.181604	 2.909577	 4.319303	-70.589030	 37.403710	 19.797560	 14.822650	-6.821038	 19.211720	 10.901230	-5.650679	 19.246620	-70.805530	 18.570010	 10.451650	 21.100370	-3.898340	 9.395206	 9.518596	-0.473063	 9.966733	-72.614270	-51.617550	-12.041010	-7.588076	 16.022730	-0.540169	 0.139211	 14.789960	-0.368235	 3.437935	 0.387099	-0.460669	 90.239740	-92.184560	 4.959774	-85.147480	-178.058100	-10.923020	 100.657000	-0.813313	 0.122417	-8.559153	-84.445790	-25.927640	-19.865460	-2.273126	-10.692410	 1.610049	 11.294880	-21.460170	-12.206570	-13.992190	-7.707726	 70.102010	 2.456334	-1.169613	 80.570390	 1.607346	 1.620205	-23.596430	-20.866330	-23.843870	 66.002620	-0.135469	 3.282996	 78.740160	 0.189569	 7.210669	-12.069260	 29.677600	 12.053400	 58.462100	-7.659327	 21.042820	-144.069600	-4.716740	 19.573970	-20.528970	 18.297890	 10.727200	-160.112100	-3.484302	 9.763637	 74.839690	-3.988708	 7.559012	 171.586500	-35.469660	-19.023760	-38.206120	 143.225200	 0.169349	 0.687074	 35.370370	-0.405495	 3.620178	 0.000000	 90.000000	 0.000000	 175.789500	 8.238788	 173.490000	-173.092100	-15.123270	-31.286310
-0.051601	-0.074277	-0.014577	-173.700200	 1.976546	-90.478250	-4.284856	-1.913343	-7.366361	-4.323779	-5.903187	-7.202015	 1.457103	-5.889717	 110.645900	-0.813313	 0.122417	-8.559153	-44.140000	-28.294740	 23.038420	-11.072770	 25.557570	 1.396982	-18.558550	 28.145350	-47.897720	-11.582920	-4.601621	 9.666660	 2.503291	-1.126934	 4.548135	 3.270450	-0.643668	-80.071260	 3.990922	 3.184805	 11.898200	-0.275389	 3.148105	 9.181604	 2.909572	 4.319323	-70.588750	 37.400830	 19.796500	 14.823630	-6.821038	 19.211720	 10.901230	-5.650645	 19.246620	-70.803650	 18.570340	 10.451820	 21.100310	-3.898340	 9.395206	 9.518596	-0.473063	 9.966733	-72.614270	-51.617550	-12.041010	-7.588076	 16.022730	-0.540169	 0.139211	 14.789960	-0.368235	 3.437935	 0.385368	-0.301427	 90.238720	-92.027630	 5.030520	-85.161130	-178.061600	-10.907320	 100.646700	-0.813313	 0.122417	-8.559153	-84.460300	-25.919320	-19.897580	-2.268295	-10.753650	 1.610146	 11.361900	-21.516450	-12.201020	-13.992190	-7.707717	 70.102010	 2.456334	-1.169613	 80.570390	 1.607348	 1.620203	-23.596480	-20.802200	-23.776860	 66.028080	-0.135469	 3.282996	 78.740040	 0.189581	 7.210664	-12.069430	 29.677610	 12.053420	 58.461990	-7.659390	 21.042780	-144.065500	-4.716741	 19.573970	-20.529110	 18.297770	 10.727400	-160.108400	-3.484302	 9.763637	 74.839590	-3.988504	 7.558926	 171.591500	-35.469300	-19.023360	-38.204150	 143.201200	 0.169161	 0.687166	 35.370370	-0.405495	 3.620178	 0.000000	 90.000000	 0.000000	 175.715500	 8.260697	 173.446700	-173.144400	-15.141810	-31.369350
-0.051167	-0.074225	-0.014721	-173.731800	 1.990313	-90.424930	-4.271407	-1.893902	-7.365170	-4.296575	-5.908943	-7.163165	 1.447549	-5.853315	 110.644600	-0.813313	 0.122417	-8.559153	-44.230330	-28.245550	 22.920440	-10.898480	 25.629860	 1.391655	-18.625440	 28.185910	-47.943150	-11.582920	-4.601621	 9.666660	 2.503291	-1.126934	 4.548135	 3.270450	-0.643668	-80.071260	 3.990959	 3.184822	 11.898200	-0.275389	 3.148105	 9.181604	 2.909566	 4.319345	-70.588420	 37.397670	 19.795350	 14.824720	-6.821038	 19.211720	 10.901230	-5.650599	 19.246610	-70.801440	 18.570390	 10.451840	 21.100300	-3.898340	 9.395206	 9.518596	-0.473063	 9.966733	-72.614270	-51.617550	-12.041010	-7.588076	 16.022730	-0.540169	 0.139211	 14.789960	-0.368235	 3.437935	 0.383483	-0.136193	 90.237620	-91.861150	 5.086486	-85.256010	-178.066300	-10.887260	 100.631100	-0.813313	 0.122417	-8.559153	-84.483430	-25.917350	-19.941010	-2.261795	-10.797310	 1.608912	 11.428550	-21.547990	-12.227120	-13.992190	-7.707717	 70.102010	 2.456334	-1.169613	 80.570360	 1.607348	 1.620203	-23.596480	-20.725780	-23.696880	 66.058350	-0.135469	 3.282995	 78.739890	 0.189595	 7.210660	-12.069640	 29.677630	 12.053460	 58.461860	-7.659232	 21.042890	-144.075900	-4.716744	 19.573970	-20.529310	 18.298070	 10.726890	-160.117800	-3.484302	 9.763637	 74.839470	-3.989015	 7.559144	 171.578900	-35.467700	-19.021410	-38.194930	 143.088600	 0.168273	 0.687592	 35.370370	-0.405495	 3.620178	 0.000000	 90.000000	 0.000000	 175.637700	 8.284240	 173.409500	-173.207700	-15.153930	-31.458410
-0.050869	-0.074127	-0.014845	-173.771100	 1.996373	-90.387660	-4.262735	-1.876879	-7.366271	-4.273567	-5.906933	-7.131563	 1.439299	-5.821869	 110.643500	-0.813313	 0.122417	-8.559153	-44.352110	-28.194020	 22.794240	-10.809730	 25.717360	 1.399346	-18.634220	 28.214200	-48.049200	-11.582920	-4.601621	 9.666660	 2.503291	-1.126934	 4.548135	 3.270450	-0.643668	-80.071260	 3.990806	 3.184755	 11.898210	-0.275389	 3.148105	 9.181604	 2.909562	 4.319364	-70.588170	 37.395080	 19.794400	 14.825590	-6.821038	 19.211720	 10.901230	-5.650556	 19.246610	-70.799530	 18.570210	 10.451750	 21.100330	-3.898340	 9.395206	 9.518596	-0.473063	 9.966733	-72.614270	-51.617550	-12.041010	-7.588076	 16.022730	-0.540169	 0.139211	 14.789960	-0.368235	 3.437935	 0.382039	-0.017721	 90.236790	-91.740670	 5.128887	-85.351450	-178.070100	-10.872570	 100.615100	-0.813313	 0.122417	-8.559153	-84.507590	-25.920800	-19.982500	-2.255623	-10.816640	 1.606954	 11.466610	-21.552120	-12.269950	-13.992180	-7.707710	 70.102010	 2.456334	-1.169613	 80.570360	 1.607349	 1.620203	-23.596500	-20.659130	-23.627020	 66.084680	-0.135469	 3.282995	 78.739760	 0.189608	 7.210656	-12.069830	 29.677650	 12.053500	 58.461730	-7.658899	 21.043110	-144.097400	-4.716747	 19.573970	-20.529490	 18.298690	 10.725820	-160.137000	-3.484302	 9.763635	 74.839360	-3.990067	 7.559590	 171.552900	-35.465300	-19.018530	-38.181240	 142.922300	 0.166961	 0.688224	 35.370370	-0.405495	 3.620178	 0.000000	 90.000000	 0.000000	 175.579700	 8.303149	 173.402800	-173.262000	-15.158700	-31.528990
-0.050625	-0.073984	-0.014982	-173.824600	 1.994409	-90.355140	-4.256133	-1.858623	-7.368199	-4.248925	-5.894983	-7.099944	 1.431602	-5.792552	 110.642400	-0.813313	 0.122417	-8.559153	-44.511810	-28.133010	 22.644210	-10.764320	 25.839010	 1.416512	-18.622400	 28.253260	-48.200070	-11.582920	-4.601621	 9.666660	 2.503291	-1.126934	 4.548135	 3.270450	-0.643668	-80.071260	 3.990497	 3.184619	 11.898230	-0.275389	 3.148105	 9.181604	 2.909557	 4.319383	-70.587880	 37.392490	 19.793450	 14.826480	-6.821038	 19.211720	 10.901230	-5.650516	 19.246610	-70.797480	 18.569810	 10.451540	 21.100410	-3.898340	 9.395206	 9.518596	-0.473063	 9.966733	-72.614270	-51.617550	-12.041010	-7.588076	 16.022730	-0.540169	 0.139211	 14.789960	-0.368235	 3.437935	 0.380661	 0.080454	 90.236020	-91.641930	 5.186295	-85.413790	-178.074000	-10.859240	 100.595700	-0.813313	 0.122417	-8.559153	-84.537360	-25.928280	-20.030840	-2.248605	-10.825130	 1.604231	 11.479000	-21.540070	-12.329130	-13.992170	-7.707693	 70.102010	 2.456334	-1.169613	 80.570340	 1.607350	 1.620203	-23.596520	-20.586630	-23.550910	 66.113200	-0.135469	 3.282995	 78.739610	 0.189620	 7.210653	-12.070000	 29.677670	 12.053530	 58.461620	-7.658354	 21.043480	-144.132900	-4.716748	 19.573960	-20.529650	 18.299720	 10.724050	-160.168600	-3.484302	 9.763635	 74.839240	-3.991802	 7.560329	 171.510000	-35.461750	-19.014240	-38.160950	 142.674900	 0.165016	 0.689152	 35.370370	-0.405495	 3.620178	 0.000000	 90.000000	 0.000000	 175.528000	 8.328652	 173.417400	-173.318500	-15.160800	-31.599860
-0.050435	-0.073768	-0.015144	-173.900600	 1.978292	-90.326360	-4.251807	-1.838783	-7.369661	-4.220635	-5.860750	-7.068142	 1.425479	-5.769265	 110.641300	-0.813313	 0.122417	-8.559153	-44.705230	-28.063000	 22.472790	-10.759690	 26.008990	 1.442224	-18.534850	 28.303030	-48.412670	-11.582920	-4.601621	 9.666660	 2.503291	-1.126934	 4.548135	 3.270450	-0.643668	-80.071260	 3.989977	 3.184393	 11.898260	-0.275389	 3.148105	 9.181604	 2.909553	 4.319402	-70.587590	 37.389790	 19.792460	 14.827400	-6.821038	 19.211720	 10.901230	-5.650470	 19.246600	-70.795190	 18.569130	 10.451190	 21.100540	-3.898340	 9.395206	 9.518596	-0.473063	 9.966733	-72.614270	-51.617550	-12.041010	-7.588076	 16.022730	-0.540169	 0.139211	 14.789960	-0.368235	 3.437935	 0.379396	 0.144327	 90.235360	-91.582560	 5.285893	-85.384590	-178.077900	-10.847120	 100.572100	-0.813313	 0.122417	-8.559153	-84.574370	-25.939560	-20.088320	-2.240539	-10.826960	 1.600749	 11.582930	-21.514740	-12.352040	-13.992170	-7.707693	 70.102010	 2.456334	-1.169613	 80.570330	 1.607351	 1.620202	-23.596540	-20.505240	-23.465330	 66.145180	-0.135469	 3.282995	 78.739490	 0.189633	 7.210649	-12.070210	 29.677670	 12.053560	 58.461470	-7.657526	 21.044030	-144.186500	-4.716751	 19.573960	-20.529840	 18.301270	 10.721390	-160.216500	-3.484302	 9.763633	 74.839130	-3.994421	 7.561446	 171.445300	-35.456730	-19.008140	-38.132020	 142.321900	 0.162222	 0.690468	 35.370370	-0.405495	 3.620178	 0.000000	 90.000000	 0.000000	 175.481100	 8.361436	 173.454500	-173.376600	-15.161200	-31.673720
-0.050322	-0.073510	-0.015297	-173.982800	 1.952060	-90.306390	-4.250319	-1.822025	-7.369078	-4.194273	-5.808297	-7.042434	 1.421937	-5.755807	 110.640400	-0.813313	 0.122417	-8.559153	-44.874180	-28.003270	 22.327960	-10.783210	 26.190010	 1.467216	-18.364490	 28.351500	-48.634450	-11.582920	-4.601621	 9.666660	 2.503291	-1.126934	 4.548135	 3.270450	-0.643668	-80.071260	 3.989360	 3.184124	 11.898290	-0.275389	 3.148105	 9.181604	 2.909548	 4.319421	-70.587320	 37.387570	 19.791650	 14.828160	-6.821038	 19.211720	 10.901230	-5.650430	 19.246600	-70.793200	 18.568340	 10.450790	 21.100690	-3.898340	 9.395206	 9.518596	-0.473063	 9.966733	-72.614270	-51.617550	-12.041010	-7.588076	 16.022730	-0.540169	 0.139211	 14.789960	-0.368235	 3.437935	 0.378503	 0.159713	 90.234950	-91.576260	 5.408103	-85.282220	-178.081200	-10.838490	 100.549900	-0.813313	 0.122417	-8.559153	-84.609730	-25.950660	-20.141630	-2.233393	-10.827980	 1.597583	 11.837420	-21.488560	-12.293590	-13.992160	-7.707685	 70.102010	 2.456334	-1.169614	 80.570300	 1.607352	 1.620202	-23.596570	-20.432980	-23.389230	 66.173440	-0.135469	 3.282994	 78.739360	 0.189646	 7.210645	-12.070400	 29.677680	 12.053590	 58.461360	-7.656620	 21.044640	-144.245400	-4.716754	 19.573960	-20.530000	 18.302970	 10.718460	-160.269100	-3.484303	 9.763632	 74.839020	-3.997297	 7.562677	 171.374200	-35.451350	-19.001640	-38.101190	 141.946500	 0.159245	 0.691842	 35.370370	-0.405495	 3.620178	 0.000000	 90.000000	 0.000000	 175.446800	 8.392631	 173.501000	-173.421400	-15.161370	-31.735440
-0.050245	-0.073201	-0.015460	-174.075700	 1.916812	-90.290890	-4.250841	-1.805722	-7.365471	-4.166640	-5.741199	-7.016872	 1.419674	-5.747245	 110.639700	-0.813313	 0.122417	-8.559153	-45.033620	-27.947090	 22.193650	-10.822950	 26.350290	 1.493202	-18.205560	 28.387750	-48.848320	-11.582920	-4.601621	 9.666660	 2.503291	-1.126934	 4.548135	 3.270450	-0.643668	-80.071260	 3.988627	 3.183802	 11.898340	-0.275389	 3.148105	 9.181604	 2.909544	 4.319438	-70.587080	 37.385420	 19.790860	 14.828890	-6.821038	 19.211720	 10.901230	-5.650387	 19.246600	-70.791140	 18.567390	 10.450300	 21.100880	-3.898340	 9.395206	 9.518596	-0.473063	 9.966733	-72.614270	-51.617550	-12.041010	-7.588076	 16.022730	-0.540169	 0.139211	 14.789960	-0.368235	 3.437935	 0.377752	 0.145726	 90.234640	-91.603390	 5.558772	-85.125270	-178.084400	-10.831390	 100.526100	-0.813313	 0.122417	-8.559153	-84.648570	-25.962040	-20.198760	-2.226081	-10.833910	 1.594425	 12.101730	-21.463560	-12.205670	-13.992160	-7.707685	 70.102010	 2.456334	-1.169613	 80.570300	 1.607352	 1.620202	-23.596570	-20.357900	-23.310020	 66.202740	-0.135469	 3.282994	 78.739210	 0.189660	 7.210641	-12.070590	 29.677690	 12.053600	 58.461250	-7.655515	 21.045380	-144.317000	-4.716756	 19.573960	-20.530160	 18.305030	 10.714900	-160.332900	-3.484302	 9.763630	 74.838900	-4.000792	 7.564180	 171.287700	-35.444970	-18.993880	-38.064480	 141.499300	 0.155695	 0.693459	 35.370370	-0.405495	 3.620178	 0.000000	 90.000000	 0.000000	 175.416500	 8.425810	 173.558500	-173.459800	-15.162640	-31.796910
-0.050190	-0.072811	-0.015654	-174.187800	 1.868722	-90.277810	-4.253926	-1.787847	-7.358043	-4.134537	-5.655717	-6.987879	 1.418326	-5.742195	 110.638900	-0.813313	 0.122417	-8.559153	-45.186940	-27.892050	 22.065020	-10.875960	 26.417640	 1.521817	-18.094940	 28.353870	-49.061390	-11.582920	-4.601621	 9.666660	 2.503291	-1.126934	 4.548135	 3.270450	-0.643668	-80.071260	 3.987606	 3.183358	 11.898400	-0.275389	 3.148105	 9.181604	 2.909538	 4.319458	-70.586780	 37.383050	 19.789990	 14.829700	-6.821038	 19.211720	 10.901230	-5.650336	 19.246590	-70.788710	 18.566070	 10.449620	 21.101130	-3.898340	 9.395206	 9.518596	-0.473063	 9.966733	-72.614270	-51.617550	-12.041010	-7.588076	 16.022730	-0.540169	 0.139211	 14.789960	-0.368235	 3.437935	 0.377052	 0.102568	 90.234410	-91.665370	 5.758457	-84.900520	-178.087800	-10.824950	 100.496800	-0.813313	 0.122417	-8.559153	-84.697070	-25.973920	-20.268910	-2.217731	-10.854090	 1.591143	 12.254880	-21.440670	-12.069220	-13.992160	-7.707675	 70.102010	 2.456334	-1.169613	 80.570280	 1.607354	 1.620201	-23.596590	-20.268100	-23.215120	 66.237660	-0.135469	 3.282993	 78.739050	 0.189673	 7.210636	-12.070790	 29.677710	 12.053650	 58.461110	-7.653991	 21.046390	-144.415600	-4.716760	 19.573950	-20.530360	 18.307860	 10.709980	-160.421000	-3.484304	 9.763629	 74.838760	-4.005603	 7.566258	 171.168500	-35.436360	-18.983370	-38.014750	 140.893100	 0.150856	 0.695603	 35.370370	-0.405495	 3.620178	 0.000000	 90.000000	 0.000000	 175.384800	 8.464859	 173.634300	-173.492600	-15.167200	-31.868100
-0.050163	-0.072487	-0.015813	-174.276700	 1.826590	-90.268790	-4.258450	-1.774115	-7.351747	-4.109147	-5.587657	-6.964677	 1.417915	-5.740719	 110.638200	-0.813313	 0.122417	-8.559153	-45.272820	-27.859120	 21.991360	-10.914830	 26.420780	 1.539885	-18.020340	 28.299250	-49.199170	-11.582920	-4.601621	 9.666660	 2.503291	-1.126934	 4.548135	 3.270450	-0.643668	-80.071260	 3.986642	 3.182936	 11.898450	-0.275389	 3.148105	 9.181604	 2.909535	 4.319473	-70.586560	 37.381210	 19.789320	 14.830330	-6.821038	 19.211720	 10.901230	-5.650298	 19.246590	-70.786650	 18.564800	 10.448980	 21.101380	-3.898340	 9.395206	 9.518596	-0.473063	 9.966733	-72.614270	-51.617550	-12.041010	-7.588076	 16.022730	-0.540169	 0.139211	 14.789960	-0.368235	 3.437935	 0.376572	 0.053887	 90.234280	-91.731120	 5.934940	-84.702140	-178.090500	-10.821000	 100.471900	-0.813313	 0.122417	-8.559153	-84.739410	-25.981340	-20.329360	-2.211051	-10.887380	 1.588967	 12.261180	-21.431440	-11.894100	-13.992160	-7.707675	 70.102010	 2.456334	-1.169613	 80.570260	 1.607354	 1.620201	-23.596610	-20.192000	-23.134560	 66.267140	-0.135469	 3.282992	 78.738900	 0.189685	 7.210633	-12.070960	 29.677730	 12.053680	 58.461000	-7.652538	 21.047350	-144.509600	-4.716763	 19.573940	-20.530500	 18.310550	 10.705310	-160.504700	-3.484305	 9.763628	 74.838640	-4.010181	 7.568244	 171.055100	-35.428250	-18.973460	-37.967960	 140.322800	 0.146284	 0.697575	 35.370370	-0.405495	 3.620178	 0.000000	 90.000000	 0.000000	 175.359900	 8.496130	 173.700600	-173.510700	-15.173490	-31.927710
-0.050136	-0.072177	-0.015968	-174.357300	 1.784498	-90.260870	-4.264809	-1.761294	-7.345222	-4.085273	-5.528709	-6.941862	 1.417838	-5.740523	 110.637500	-0.813313	 0.122417	-8.559153	-45.309090	-27.840850	 21.954310	-10.940010	 26.418820	 1.548990	-17.965600	 28.266220	-49.273990	-11.582920	-4.601621	 9.666660	 2.503291	-1.126934	 4.548135	 3.270450	-0.643668	-80.071260	 3.985562	 3.182464	 11.898520	-0.275389	 3.148105	 9.181604	 2.909531	 4.319491	-70.586300	 37.379420	 19.788660	 14.830940	-6.821038	 19.211720	 10.901230	-5.650253	 19.246590	-70.784550	 18.563400	 10.448260	 21.101650	-3.898340	 9.395206	 9.518596	-0.473063	 9.966733	-72.614270	-51.617550	-12.041010	-7.588076	 16.022730	-0.540169	 0.139211	 14.789960	-0.368235	 3.437935	 0.376138	 0.000553	 90.234150	-91.801930	 6.118117	-84.508380	-178.093100	-10.818040	 100.445900	-0.813313	 0.122417	-8.559153	-84.784320	-25.985470	-20.392990	-2.204711	-10.942360	 1.587525	 12.201220	-21.442100	-11.690460	-13.992160	-7.707675	 70.102010	 2.456334	-1.169613	 80.570260	 1.607354	 1.620201	-23.596610	-20.112630	-23.050390	 66.297770	-0.135469	 3.282992	 78.738770	 0.189697	 7.210628	-12.071160	 29.677730	 12.053700	 58.460860	-7.650877	 21.048450	-144.616900	-4.716763	 19.573950	-20.530680	 18.313620	 10.699950	-160.600600	-3.484304	 9.763629	 74.838520	-4.015411	 7.570529	 170.925400	-35.419080	-18.962240	-37.914930	 139.676200	 0.141069	 0.699755	 35.370370	-0.405495	 3.620178	 0.000000	 90.000000	 0.000000	 175.334300	 8.525881	 173.768300	-173.524100	-15.180570	-31.990370
-0.050099	-0.071863	-0.016129	-174.429300	 1.740973	-90.253980	-4.274225	-1.748386	-7.337626	-4.061587	-5.484236	-6.916824	 1.417766	-5.740370	 110.636600	-0.813313	 0.122417	-8.559153	-45.212970	-27.838120	 21.986430	-11.078810	 26.433610	 1.553505	-17.941620	 28.311960	-49.214440	-11.582920	-4.601621	 9.666660	 2.503291	-1.126934	 4.548135	 3.270450	-0.643668	-80.071260	 3.984194	 3.181866	 11.898600	-0.275389	 3.148105	 9.181604	 2.909526	 4.319509	-70.586060	 37.377500	 19.787960	 14.831590	-6.821038	 19.211720	 10.901230	-5.650198	 19.246590	-70.782110	 18.561610	 10.447340	 21.101990	-3.898340	 9.395206	 9.518596	-0.473063	 9.966733	-72.614270	-51.617550	-12.041010	-7.588076	 16.022730	-0.540169	 0.139211	 14.789960	-0.368235	 3.437935	 0.375648	-0.054865	 90.234000	-91.875360	 6.323470	-84.322170	-178.096000	-10.815870	 100.414700	-0.813313	 0.122417	-8.559153	-84.838310	-25.987270	-20.468520	-2.198135	-10.975580	 1.585443	 12.102450	-21.429140	-11.485450	-13.992150	-7.707668	 70.102010	 2.456334	-1.169613	 80.570240	 1.607355	 1.620200	-23.596630	-20.019240	-22.951180	 66.333690	-0.135469	 3.282992	 78.738600	 0.189712	 7.210625	-12.071370	 29.677750	 12.053740	 58.460730	-7.648739	 21.049860	-144.754800	-4.716767	 19.573940	-20.530870	 18.317540	 10.693060	-160.723700	-3.484304	 9.763627	 74.838360	-4.022118	 7.573479	 170.758800	-35.407410	-18.947910	-37.847340	 138.851900	 0.134390	 0.702444	 35.370370	-0.405495	 3.620178	 0.000000	 90.000000	 0.000000	 175.302600	 8.555847	 173.842000	-173.532200	-15.189420	-32.055970
-0.050061	-0.071628	-0.016247	-174.472100	 1.710764	-90.250180	-4.284172	-1.738201	-7.330849	-4.044238	-5.467701	-6.895793	 1.417360	-5.738937	 110.635700	-0.813313	 0.122417	-8.559153	-44.958930	-27.844770	 22.098260	-11.429320	 26.439190	 1.562183	-17.955090	 28.422990	-49.018200	-11.582920	-4.601621	 9.666660	 2.503291	-1.126934	 4.548135	 3.270450	-0.643668	-80.071260	 3.982883	 3.181292	 11.898670	-0.275389	 3.148105	 9.181604	 2.909523	 4.319525	-70.585820	 37.375910	 19.787380	 14.832130	-6.821038	 19.211720	 10.901230	-5.650158	 19.246580	-70.779900	 18.559910	 10.446470	 21.102320	-3.898340	 9.395206	 9.518596	-0.473063	 9.966733	-72.614270	-51.617550	-12.041010	-7.588076	 16.022730	-0.540169	 0.139211	 14.789960	-0.368235	 3.437935	 0.375203	-0.088802	 90.233830	-91.920800	 6.470725	-84.215070	-178.098600	-10.814860	 100.384600	-0.813313	 0.122417	-8.559153	-84.888500	-25.989860	-20.537360	-2.192919	-10.918250	 1.581601	 12.036930	-21.337910	-11.388260	-13.992150	-7.707668	 70.102010	 2.456334	-1.169613	 80.570240	 1.607355	 1.620200	-23.596630	-19.934930	-22.861450	 66.365980	-0.135469	 3.282991	 78.738450	 0.189725	 7.210618	-12.071560	 29.677750	 12.053760	 58.460610	-7.646648	 21.051230	-144.889500	-4.716770	 19.573940	-20.531050	 18.321360	 10.686330	-160.843700	-3.484305	 9.763625	 74.838230	-4.028653	 7.576375	 170.596200	-35.396090	-18.934010	-37.781770	 138.052400	 0.127878	 0.704972	 35.370370	-0.405495	 3.620178	 0.000000	 90.000000	 0.000000	 175.274600	 8.576088	 173.899200	-173.530900	-15.197740	-32.096530
-0.050025	-0.071442	-0.016341	-174.499300	 1.688741	-90.248360	-4.294922	-1.728664	-7.324271	-4.029803	-5.464037	-6.876526	 1.416332	-5.735127	 110.634800	-0.813313	 0.122417	-8.559153	-44.638670	-27.854780	 22.247410	-11.852880	 26.441850	 1.568710	-17.985530	 28.560790	-48.762890	-11.582920	-4.601621	 9.666660	 2.503291	-1.126934	 4.548135	 3.270450	-0.643668	-80.071260	 3.981553	 3.180712	 11.898760	-0.275389	 3.148105	 9.181604	 2.909519	 4.319540	-70.585610	 37.374480	 19.786860	 14.832630	-6.821038	 19.211720	 10.901230	-5.650116	 19.246570	-70.777770	 18.558170	 10.445580	 21.102660	-3.898340	 9.395206	 9.518596	-0.473063	 9.966733	-72.614270	-51.617550	-12.041010	-7.588076	 16.022730	-0.540169	 0.139211	 14.789960	-0.368235	 3.437935	 0.374723	-0.099526	 90.233590	-91.937550	 6.561548	-84.165530	-178.101200	-10.814560	 100.353600	-0.813313	 0.122417	-8.559153	-84.938760	-25.993370	-20.604970	-2.188137	-10.834680	 1.577220	 12.032910	-21.228170	-11.367280	-13.992150	-7.707668	 70.102010	 2.456334	-1.169613	 80.570210	 1.607355	 1.620200	-23.596630	-19.852710	-22.773770	 66.397380	-0.135470	 3.282991	 78.738300	 0.189737	 7.210617	-12.071740	 29.677770	 12.053790	 58.460500	-7.644469	 21.052640	-145.029400	-4.716770	 19.573940	-20.531210	 18.325310	 10.679330	-160.968600	-3.484304	 9.763625	 74.838120	-4.035446	 7.579409	 170.427100	-35.384390	-18.919590	-37.713910	 137.225000	 0.121107	 0.707483	 35.370370	-0.405495	 3.620178	 0.000000	 90.000000	 0.000000	 175.252800	 8.589606	 173.943500	-173.523600	-15.205980	-32.124370
-0.049987	-0.071261	-0.016438	-174.518000	 1.664471	-90.247650	-4.309074	-1.717612	-7.316370	-4.015094	-5.472922	-6.854626	 1.413880	-5.725913	 110.633500	-0.813313	 0.122417	-8.559153	-44.254990	-27.866480	 22.437630	-12.318190	 26.447770	 1.569013	-18.027020	 28.725140	-48.451020	-11.582920	-4.601621	 9.666660	 2.503291	-1.126934	 4.548135	 3.270450	-0.643668	-80.071260	 3.979875	 3.179979	 11.898850	-0.275389	 3.148105	 9.181604	 2.909514	 4.319558	-70.585350	 37.372900	 19.786270	 14.833160	-6.821038	 19.211720	 10.901230	-5.650067	 19.246570	-70.775230	 18.556000	 10.444460	 21.103080	-3.898340	 9.395206	 9.518596	-0.473063	 9.966733	-72.614270	-51.617550	-12.041010	-7.588076	 16.022730	-0.540169	 0.139211	 14.789960	-0.368235	 3.437935	 0.374071	-0.075714	 90.233180	-91.915530	 6.633419	-84.140410	-178.104300	-10.814830	 100.314500	-0.813313	 0.122417	-8.559153	-85.001210	-25.998870	-20.687340	-2.182091	-10.763380	 1.572525	 12.093360	-21.128140	-11.376430	-13.992140	-7.707652	 70.102010	 2.456334	-1.169613	 80.570210	 1.607356	 1.620200	-23.596650	-19.752880	-22.667140	 66.435340	-0.135470	 3.282990	 78.738130	 0.189752	 7.210611	-12.071960	 29.677790	 12.053830	 58.460350	-7.641653	 21.054470	-145.210300	-4.716773	 19.573940	-20.531410	 18.330400	 10.670270	-161.129900	-3.484306	 9.763624	 74.837980	-4.044204	 7.583356	 170.208700	-35.369370	-18.901030	-37.626630	 136.160200	 0.112330	 0.710572	 35.370370	-0.405495	 3.620178	 0.000000	 90.000000	 0.000000	 175.233400	 8.603245	 173.978300	-173.509100	-15.215940	-32.149590
-0.049963	-0.071157	-0.016509	-174.527000	 1.645892	-90.248030	-4.321819	-1.708661	-7.309708	-4.004676	-5.489459	-6.837246	 1.411178	-5.715724	 110.632300	-0.813313	 0.122417	-8.559153	-44.013060	-27.872670	 22.573000	-12.568340	 26.459450	 1.563904	-18.051700	 28.829300	-48.249650	-11.582920	-4.601621	 9.666660	 2.503291	-1.126934	 4.548135	 3.270450	-0.643668	-80.071260	 3.978429	 3.179347	 11.898940	-0.275389	 3.148105	 9.181604	 2.909511	 4.319571	-70.585160	 37.371670	 19.785830	 14.833580	-6.821038	 19.211720	 10.901230	-5.650021	 19.246570	-70.773080	 18.554090	 10.443490	 21.103450	-3.898340	 9.395206	 9.518596	-0.473063	 9.966733	-72.614270	-51.617550	-12.041010	-7.588076	 16.022730	-0.540169	 0.139211	 14.789960	-0.368235	 3.437935	 0.373431	-0.028378	 90.232770	-91.865320	 6.686554	-84.141220	-178.107000	-10.815380	 100.280300	-0.813313	 0.122417	-8.559153	-85.055110	-26.004600	-20.757110	-2.176610	-10.757610	 1.569741	 12.178050	-21.098960	-11.400360	-13.992140	-7.707652	 70.102010	 2.456334	-1.169613	 80.570210	 1.607357	 1.620199	-23.596670	-19.668310	-22.576600	 66.467350	-0.135470	 3.282990	 78.737980	 0.189765	 7.210607	-12.072150	 29.677790	 12.053850	 58.460210	-7.639119	 21.056090	-145.372400	-4.716777	 19.573930	-20.531570	 18.334940	 10.662130	-161.274600	-3.484306	 9.763622	 74.837810	-4.052043	 7.586923	 170.012900	-35.356000	-18.884450	-37.548720	 135.209600	 0.104446	 0.713188	 35.370370	-0.405495	 3.620178	 0.000000	 90.000000	 0.000000	 175.222900	 8.612803	 173.988700	-173.493500	-15.224190	-32.169040
-0.049949	-0.071095	-0.016577	-174.530700	 1.627408	-90.249270	-4.336109	-1.699441	-7.302633	-3.995231	-5.514084	-6.819692	 1.408652	-5.706218	 110.631100	-0.813313	 0.122417	-8.559153	-43.847840	-27.876000	 22.686520	-12.703480	 26.456700	 1.557956	-18.060580	 28.881230	-48.117250	-11.582920	-4.601621	 9.666660	 2.503291	-1.126934	 4.548135	 3.270450	-0.643668	-80.071260	 3.976829	 3.178647	 11.899030	-0.275389	 3.148105	 9.181604	 2.909507	 4.319587	-70.584920	 37.370480	 19.785390	 14.833990	-6.821038	 19.211720	 10.901230	-5.649973	 19.246560	-70.770800	 18.552020	 10.442420	 21.103860	-3.898340	 9.395206	 9.518596	-0.473063	 9.966733	-72.614270	-51.617550	-12.041010	-7.588076	 16.022730	-0.540169	 0.139211	 14.789960	-0.368235	 3.437935	 0.372737	 0.042171	 90.232250	-91.789130	 6.759536	-84.156910	-178.109900	-10.816140	 100.243000	-0.813313	 0.122417	-8.559153	-85.113920	-26.011880	-20.831850	-2.170488	-10.785160	 1.567456	 12.278200	-21.102090	-11.442130	-13.992140	-7.707652	 70.102010	 2.456334	-1.169613	 80.570200	 1.607357	 1.620199	-23.596670	-19.577480	-22.479200	 66.501610	-0.135470	 3.282990	 78.737830	 0.189778	 7.210603	-12.072340	 29.677810	 12.053890	 58.460110	-7.636260	 21.057920	-145.555100	-4.716778	 19.573930	-20.531760	 18.340020	 10.652950	-161.437500	-3.484306	 9.763620	 74.837660	-4.060861	 7.590973	 169.792300	-35.341020	-18.865780	-37.461200	 134.141400	 0.095543	 0.715978	 35.370370	-0.405495	 3.620178	 0.000000	 90.000000	 0.000000	 175.216700	 8.621219	 173.985100	-173.475200	-15.232670	-32.193120
-0.049937	-0.071060	-0.016648	-174.528900	 1.608342	-90.251590	-4.352805	-1.689541	-7.294691	-3.986321	-5.547830	-6.801136	 1.406234	-5.697148	 110.629700	-0.813313	 0.122417	-8.559153	-43.677140	-27.880680	 22.813690	-12.745680	 26.403130	 1.542603	-18.057720	 28.883220	-48.006280	-11.582920	-4.601621	 9.666660	 2.503291	-1.126934	 4.548135	 3.270450	-0.643668	-80.071260	 3.975017	 3.177856	 11.899140	-0.275389	 3.148105	 9.181604	 2.909503	 4.319602	-70.584690	 37.369280	 19.784950	 14.834400	-6.821038	 19.211720	 10.901230	-5.649922	 19.246560	-70.768270	 18.549640	 10.441200	 21.104310	-3.898340	 9.395206	 9.518596	-0.473063	 9.966733	-72.614270	-51.617550	-12.041010	-7.588076	 16.022730	-0.540169	 0.139211	 14.789960	-0.368235	 3.437935	 0.371952	 0.137206	 90.231620	-91.687420	 6.924072	-84.183200	-178.113200	-10.817000	 100.200100	-0.813313	 0.122417	-8.559153	-85.181310	-26.021470	-20.915760	-2.163412	-10.847330	 1.565537	 12.375420	-21.136810	-11.505250	-13.992140	-7.707652	 70.102010	 2.456334	-1.169613	 80.570200	 1.607357	 1.620199	-23.596670	-19.474890	-22.368970	 66.540130	-0.135470	 3.282988	 78.737660	 0.189792	 7.210600	-12.072560	 29.677830	 12.053920	 58.459950	-7.632863	 21.060070	-145.771600	-4.716782	 19.573930	-20.531960	 18.346010	 10.642050	-161.630600	-3.484306	 9.763618	 74.837520	-4.071292	 7.595819	 169.530700	-35.323310	-18.843710	-37.357740	 132.879100	 0.084959	 0.719058	 35.370370	-0.405495	 3.620178	 0.000000	 90.000000	 0.000000	 175.213700	 8.628390	 173.977300	-173.453400	-15.241620	-32.224720
-0.049933	-0.071049	-0.016705	-174.523700	 1.593076	-90.254360	-4.367904	-1.681182	-7.287750	-3.979703	-5.580746	-6.785748	 1.404447	-5.690472	 110.628400	-0.813313	 0.122417	-8.559153	-43.537950	-27.885270	 22.924160	-12.745310	 26.336930	 1.527147	-18.046280	 28.861070	-47.930890	-11.582920	-4.601621	 9.666660	 2.503291	-1.126934	 4.548135	 3.270450	-0.643668	-80.071260	 3.973378	 3.177140	 11.899230	-0.275389	 3.148105	 9.181604	 2.909500	 4.319615	-70.584510	 37.368330	 19.784600	 14.834720	-6.821038	 19.211720	 10.901230	-5.649878	 19.246560	-70.766040	 18.547540	 10.440120	 21.104720	-3.898340	 9.395206	 9.518596	-0.473063	 9.966733	-72.614270	-51.617550	-12.041010	-7.588076	 16.022730	-0.540169	 0.139211	 14.789960	-0.368235	 3.437935	 0.371272	 0.227168	 90.231070	-91.592720	 7.148954	-84.207530	-178.116200	-10.817540	 100.162100	-0.813313	 0.122417	-8.559153	-85.241510	-26.031080	-20.989280	-2.157081	-10.920870	 1.564222	 12.424610	-21.185530	-11.571900	-13.992130	-7.707643	 70.102010	 2.456334	-1.169613	 80.570180	 1.607358	 1.620199	-23.596670	-19.384210	-22.271330	 66.573990	-0.135470	 3.282989	 78.737490	 0.189806	 7.210597	-12.072760	 29.677830	 12.053940	 58.459840	-7.629718	 21.062050	-145.971600	-4.716785	 19.573930	-20.532130	 18.351520	 10.631960	-161.808900	-3.484308	 9.763618	 74.837370	-4.080905	 7.600333	 169.289200	-35.307080	-18.823340	-37.262510	 131.716400	 0.075151	 0.721686	 35.370370	-0.405495	 3.620178	 0.000000	 90.000000	 0.000000	 175.214100	 8.632921	 173.967700	-173.432500	-15.248850	-32.250720
-0.049937	-0.071059	-0.016765	-174.515300	 1.577500	-90.258260	-4.385293	-1.672103	-7.279894	-3.973221	-5.619425	-6.769238	 1.402764	-5.684213	 110.627000	-0.813313	 0.122417	-8.559153	-43.392060	-27.890600	 23.046070	-12.767650	 26.269090	 1.513545	-18.025520	 28.836800	-47.859690	-11.582920	-4.601621	 9.666660	 2.503291	-1.126934	 4.548135	 3.270450	-0.643668	-80.071260	 3.971528	 3.176331	 11.899340	-0.275389	 3.148105	 9.181604	 2.909497	 4.319629	-70.584310	 37.367380	 19.784250	 14.835050	-6.821038	 19.211720	 10.901230	-5.649824	 19.246560	-70.763530	 18.545120	 10.438880	 21.105190	-3.898340	 9.395206	 9.518596	-0.473063	 9.966733	-72.614270	-51.617550	-12.041010	-7.588076	 16.022730	-0.540169	 0.139211	 14.789960	-0.368235	 3.437935	 0.370570	 0.328407	 90.230440	-91.486620	 7.391569	-84.232460	-178.119700	-10.817760	 100.118800	-0.813313	 0.122417	-8.559153	-85.310880	-26.043470	-21.072280	-2.149783	-11.016340	 1.562978	 12.439250	-21.251120	-11.647840	-13.992130	-7.707643	 70.102010	 2.456334	-1.169613	 80.570180	 1.607358	 1.620199	-23.596670	-19.280670	-22.159630	 66.612530	-0.135470	 3.282988	 78.737340	 0.189821	 7.210591	-12.072980	 29.677850	 12.053980	 58.459690	-7.625971	 21.064390	-146.209200	-4.716787	 19.573930	-20.532320	 18.358020	 10.619960	-162.020900	-3.484308	 9.763618	 74.837220	-4.092306	 7.605753	 169.002200	-35.287840	-18.799150	-37.149540	 130.337100	 0.063449	 0.724547	 35.370370	-0.405495	 3.620178	 0.000000	 90.000000	 0.000000	 175.217500	 8.636250	 173.953800	-173.407500	-15.256170	-32.278270
-0.049953	-0.071090	-0.016819	-174.506100	 1.564550	-90.262570	-4.401783	-1.663912	-7.272545	-3.967842	-5.655025	-6.754587	 1.401486	-5.679500	 110.625700	-0.813313	 0.122417	-8.559153	-43.266440	-27.895290	 23.155580	-12.869430	 26.238550	 1.509880	-18.000400	 28.840180	-47.797120	-11.582920	-4.601621	 9.666660	 2.503291	-1.126934	 4.548135	 3.270450	-0.643668	-80.071260	 3.969774	 3.175565	 11.899450	-0.275389	 3.148105	 9.181604	 2.909493	 4.319642	-70.584110	 37.366580	 19.783960	 14.835320	-6.821038	 19.211720	 10.901230	-5.649776	 19.246550	-70.761140	 18.542840	 10.437710	 21.105630	-3.898340	 9.395206	 9.518596	-0.473063	 9.966733	-72.614270	-51.617550	-12.041010	-7.588076	 16.022730	-0.540169	 0.139211	 14.789960	-0.368235	 3.437935	 0.369971	 0.415438	 90.229900	-91.395100	 7.517497	-84.248730	-178.123000	-10.817370	 100.078200	-0.813313	 0.122417	-8.559153	-85.376980	-26.056530	-21.149710	-2.142945	-11.109440	 1.561832	 12.440650	-21.313280	-11.698140	-13.992130	-7.707643	 70.102010	 2.456334	-1.169613	 80.570180	 1.607358	 1.620199	-23.596670	-19.182630	-22.053630	 66.648850	-0.135470	 3.282987	 78.737170	 0.189832	 7.210588	-12.073140	 29.677870	 12.054020	 58.459560	-7.622272	 21.066670	-146.443000	-4.716790	 19.573920	-20.532480	 18.364360	 10.608120	-162.229400	-3.484308	 9.763617	 74.837070	-4.103495	 7.611138	 168.719800	-35.269040	-18.775370	-37.038710	 128.983000	 0.051893	 0.727078	 35.370370	-0.405495	 3.620178	 0.000000	 90.000000	 0.000000	 175.223300	 8.637849	 173.938300	-173.383400	-15.262070	-32.302470
-0.049982	-0.071140	-0.016871	-174.497500	 1.553723	-90.267240	-4.417552	-1.656402	-7.265513	-3.963082	-5.686653	-6.741252	 1.400525	-5.675985	 110.624500	-0.813313	 0.122417	-8.559153	-43.156440	-27.899200	 23.254280	-13.098170	 26.264080	 1.519732	-17.948710	 28.884830	-47.743550	-11.582920	-4.601621	 9.666660	 2.503291	-1.126934	 4.548135	 3.270450	-0.643668	-80.071260	 3.968096	 3.174832	 11.899540	-0.275389	 3.148105	 9.181604	 2.909490	 4.319655	-70.583920	 37.365920	 19.783720	 14.835540	-6.821038	 19.211720	 10.901230	-5.649730	 19.246550	-70.758870	 18.540650	 10.436590	 21.106050	-3.898340	 9.395206	 9.518596	-0.473063	 9.966733	-72.614270	-51.617550	-12.041010	-7.588076	 16.022730	-0.540169	 0.139211	 14.789960	-0.368235	 3.437935	 0.369506	 0.484921	 90.229480	-91.322700	 7.544682	-84.251330	-178.126300	-10.816280	 100.039600	-0.813313	 0.122417	-8.559153	-85.441040	-26.070380	-21.223200	-2.136448	-11.194400	 1.560622	 12.432470	-21.364740	-11.711810	-13.992130	-7.707643	 70.102010	 2.456334	-1.169613	 80.570180	 1.607358	 1.620198	-23.596680	-19.088020	-21.951140	 66.683740	-0.135470	 3.282987	 78.736980	 0.189847	 7.210583	-12.073360	 29.677890	 12.054050	 58.459450	-7.618573	 21.068940	-146.676500	-4.716794	 19.573920	-20.532680	 18.370660	 10.596270	-162.437600	-3.484308	 9.763615	 74.836910	-4.114643	 7.616575	 168.437800	-35.250340	-18.751640	-36.928200	 127.633100	 0.040322	 0.729333	 35.370370	-0.405495	 3.620178	 0.000000	 90.000000	 0.000000	 175.230800	 8.638127	 173.921200	-173.360300	-15.266670	-32.324210
-0.050020	-0.071206	-0.016922	-174.490200	 1.544496	-90.272300	-4.433132	-1.649235	-7.258527	-3.958530	-5.714031	-6.728607	 1.399800	-5.673378	 110.623200	-0.813313	 0.122417	-8.559153	-43.056910	-27.902180	 23.345080	-13.429780	 26.333810	 1.540002	-17.856570	 28.957390	-47.704330	-11.582920	-4.601621	 9.666660	 2.503291	-1.126934	 4.548135	 3.270450	-0.643668	-80.071260	 3.966419	 3.174098	 11.899640	-0.275389	 3.148105	 9.181604	 2.909487	 4.319666	-70.583760	 37.365340	 19.783500	 14.835740	-6.821038	 19.211720	 10.901230	-5.649685	 19.246540	-70.756620	 18.538480	 10.435480	 21.106470	-3.898340	 9.395206	 9.518596	-0.473063	 9.966733	-72.614270	-51.617550	-12.041010	-7.588076	 16.022730	-0.540169	 0.139211	 14.789960	-0.368235	 3.437935	 0.369156	 0.534653	 90.229080	-91.273000	 7.521406	-84.240270	-178.129700	-10.814370	 100.001700	-0.813313	 0.122417	-8.559153	-85.505520	-26.085510	-21.295650	-2.130053	-11.268180	 1.559136	 12.416160	-21.401220	-11.687380	-13.992130	-7.707643	 70.102010	 2.456334	-1.169613	 80.570180	 1.607358	 1.620198	-23.596680	-18.993030	-21.848040	 66.718600	-0.135471	 3.282986	 78.736850	 0.189858	 7.210579	-12.073530	 29.677890	 12.054070	 58.459320	-7.614729	 21.071280	-146.918300	-4.716794	 19.573920	-20.532850	 18.377130	 10.583990	-162.653200	-3.484308	 9.763611	 74.836770	-4.126158	 7.622259	 168.145800	-35.231060	-18.727050	-36.813970	 126.237400	 0.028304	 0.731371	 35.370370	-0.405495	 3.620178	 0.000000	 90.000000	 0.000000	 175.239800	 8.637354	 173.902400	-173.337600	-15.270090	-32.344610
-0.050069	-0.071298	-0.016978	-174.484600	 1.535771	-90.278700	-4.450942	-1.641274	-7.250427	-3.953131	-5.738607	-6.714606	 1.399220	-5.671355	 110.621700	-0.813313	 0.122417	-8.559153	-42.953720	-27.904100	 23.439350	-13.838810	 26.429020	 1.566730	-17.738950	 29.048380	-47.667710	-11.582920	-4.601621	 9.666660	 2.503291	-1.126934	 4.548135	 3.270450	-0.643668	-80.071260	 3.964492	 3.173256	 11.899760	-0.275389	 3.148105	 9.181604	 2.909484	 4.319679	-70.583570	 37.364790	 19.783300	 14.835930	-6.821038	 19.211720	 10.901230	-5.649629	 19.246540	-70.754010	 18.535990	 10.434200	 21.106950	-3.898340	 9.395206	 9.518596	-0.473063	 9.966733	-72.614270	-51.617550	-12.041010	-7.588076	 16.022730	-0.540169	 0.139211	 14.789960	-0.368235	 3.437935	 0.368888	 0.568470	 90.228780	-91.238270	 7.483200	-84.219440	-178.133800	-10.810940	 99.958510	-0.813313	 0.122417	-8.559153	-85.581200	-26.104790	-21.378740	-2.122853	-11.330850	 1.556870	 12.388090	-21.416650	-11.623640	-13.957750	-7.649091	 69.859440	 2.456388	-1.169309	 80.225970	 1.619851	 1.614217	-23.864170	-18.881470	-21.726700	 66.759340	-0.135471	 3.282986	 78.736650	 0.189872	 7.210574	-12.073740	 29.677900	 12.054110	 58.459190	-7.610057	 21.074080	-147.211400	-4.716798	 19.573910	-20.533040	 18.384910	 10.569070	-162.914400	-3.484309	 9.763611	 74.836590	-4.140074	 7.629226	 167.791800	-35.207770	-18.697250	-36.675760	 124.548200	 0.013698	 0.733454	 35.370370	-0.405495	 3.620178	 0.000000	 90.000000	 0.000000	 175.251800	 8.635294	 173.878400	-173.312300	-15.272480	-32.366930
-0.050107	-0.071386	-0.017023	-174.483700	 1.529993	-90.284680	-4.466051	-1.634634	-7.243383	-3.948116	-5.751710	-6.702968	 1.398919	-5.670382	 110.620500	-0.813313	 0.122417	-8.559153	-42.874880	-27.904160	 23.509880	-14.122920	 26.488750	 1.584364	-17.662820	 29.108410	-47.635650	-11.582920	-4.601621	 9.666660	 2.503291	-1.126934	 4.548135	 3.270450	-0.643668	-80.071260	 3.962834	 3.172532	 11.899850	-0.275389	 3.148105	 9.181604	 2.909482	 4.319691	-70.583410	 37.364360	 19.783150	 14.836070	-6.821038	 19.211720	 10.901230	-5.649584	 19.246530	-70.751700	 18.533840	 10.433100	 21.107370	-3.898340	 9.395206	 9.518596	-0.473063	 9.966733	-72.614270	-51.617550	-12.041010	-7.588076	 16.022730	-0.540169	 0.139211	 14.789960	-0.368235	 3.437935	 0.368759	 0.586510	 90.228540	-91.210970	 7.444736	-84.196950	-178.137400	-10.806640	 99.921960	-0.813313	 0.122417	-8.559153	-85.647830	-26.123220	-21.450030	-2.116709	-11.362570	 1.554348	 12.357070	-21.404730	-11.546310	-13.586910	-7.020228	 66.635250	 2.457283	-1.165282	 75.628770	 1.781827	 1.529965	-27.390300	-18.783220	-21.619600	 66.795050	-0.135471	 3.282985	 78.736480	 0.189887	 7.210569	-12.073950	 29.677920	 12.054140	 58.459060	-7.605804	 21.076610	-147.477300	-4.716801	 19.573910	-20.533240	 18.391910	 10.555500	-163.151500	-3.484308	 9.763607	 74.836430	-4.152665	 7.635621	 167.470700	-35.186770	-18.670190	-36.550570	 123.017800	 0.000419	 0.734961	 35.370370	-0.405495	 3.620178	 0.000000	 90.000000	 0.000000	 175.263400	 8.632654	 173.855700	-173.291700	-15.272970	-32.385280
-0.050137	-0.071479	-0.017062	-174.485500	 1.525705	-90.291040	-4.480707	-1.628315	-7.236347	-3.942985	-5.758554	-6.691860	 1.398804	-5.670110	 110.619200	-0.813313	 0.122417	-8.559153	-42.806500	-27.902280	 23.567850	-14.289330	 26.512530	 1.592232	-17.636250	 29.142880	-47.594410	-11.582920	-4.601621	 9.666660	 2.503291	-1.126934	 4.548135	 3.270450	-0.643668	-80.071260	 3.961214	 3.171824	 11.899950	-0.275389	 3.148105	 9.181604	 2.909478	 4.319701	-70.583270	 37.364050	 19.783030	 14.836190	-6.821038	 19.211720	 10.901230	-5.649537	 19.246530	-70.749420	 18.531740	 10.432020	 21.107780	-3.898340	 9.395206	 9.518596	-0.473063	 9.966733	-72.614270	-51.617550	-12.041010	-7.588076	 16.022730	-0.540169	 0.139211	 14.789960	-0.368235	 3.437935	 0.368677	 0.595543	 90.228350	-91.185290	 7.371572	-84.171390	-178.141100	-10.801810	 99.886600	-0.813313	 0.122417	-8.559153	-85.714960	-26.143190	-21.520110	-2.110685	-11.376490	 1.551423	 12.321690	-21.373370	-11.455540	-12.617800	-5.698565	 60.600190	 2.459805	-1.158013	 67.049000	 2.069589	 1.346341	-33.984930	-18.683950	-21.511170	 66.830930	-0.135471	 3.282985	 78.736310	 0.189901	 7.210563	-12.074160	 29.677940	 12.054180	 58.458930	-7.601377	 21.079210	-147.753200	-4.716802	 19.573910	-20.533390	 18.399110	 10.541390	-163.397500	-3.484310	 9.763609	 74.836280	-4.165687	 7.642329	 167.137500	-35.165040	-18.642120	-36.420860	 121.431400	-0.013388	 0.736152	 35.370370	-0.405495	 3.620178	 0.000000	 90.000000	 0.000000	 175.275700	 8.629338	 173.831600	-173.272900	-15.271850	-32.402680
-0.050161	-0.071593	-0.017101	-174.487900	 1.522189	-90.298980	-4.496860	-1.621352	-7.228220	-3.937563	-5.764581	-6.679735	 1.398873	-5.670587	 110.617700	-0.813313	 0.122417	-8.559153	-42.740550	-27.897370	 23.617240	-14.384940	 26.520070	 1.593805	-17.656110	 29.171360	-47.532310	-11.582920	-4.601621	 9.666660	 2.503291	-1.126934	 4.548135	 3.270450	-0.643668	-80.071260	 3.959364	 3.171015	 11.900060	-0.275389	 3.148105	 9.181604	 2.909476	 4.319715	-70.583080	 37.363750	 19.782920	 14.836280	-6.821038	 19.211720	 10.901230	-5.649483	 19.246530	-70.746760	 18.529360	 10.430800	 21.108240	-3.898340	 9.395206	 9.518596	-0.473063	 9.966733	-72.614270	-51.617550	-12.041010	-7.588076	 16.022730	-0.540169	 0.139211	 14.789960	-0.368235	 3.437935	 0.368694	 0.596487	 90.228170	-91.158010	 7.273174	-84.137640	-178.145000	-10.797030	 99.847500	-0.813313	 0.122417	-8.559153	-85.793240	-26.168310	-21.599620	-2.103898	-11.374820	 1.547611	 12.277380	-21.317900	-11.342230	-11.786480	-4.758426	 55.265660	 2.462889	-1.152006	 59.519950	 2.303515	 1.158681	-39.777040	-18.567530	-21.383740	 66.872810	-0.135471	 3.282984	 78.736110	 0.189915	 7.210560	-12.074370	 29.677940	 12.054210	 58.458780	-7.596026	 21.082320	-148.085600	-4.716806	 19.573910	-20.533600	 18.407710	 10.524350	-163.693800	-3.484310	 9.763607	 74.836110	-4.181326	 7.650512	 166.736100	-35.139020	-18.608270	-36.264830	 119.522600	-0.030034	 0.737077	 35.370370	-0.405495	 3.620178	 0.000000	 90.000000	 0.000000	 175.290500	 8.624825	 173.802100	-173.254200	-15.268340	-32.421840
-0.050173	-0.071695	-0.017131	-174.490100	 1.520360	-90.306270	-4.509840	-1.615710	-7.221280	-3.933377	-5.768373	-6.669977	 1.399085	-5.671576	 110.616400	-0.813313	 0.122417	-8.559153	-42.695670	-27.890550	 23.642860	-14.407980	 26.512330	 1.591106	-17.701060	 29.184800	-47.472260	-11.582920	-4.601621	 9.666660	 2.503291	-1.126934	 4.548135	 3.270450	-0.643668	-80.071260	 3.957841	 3.170350	 11.900140	-0.275389	 3.148105	 9.181604	 2.909474	 4.319723	-70.582950	 37.363600	 19.782870	 14.836340	-6.821038	 19.211720	 10.901230	-5.649435	 19.246520	-70.744480	 18.527380	 10.429780	 21.108620	-3.898340	 9.395206	 9.518596	-0.473063	 9.966733	-72.614270	-51.617550	-12.041010	-7.588076	 16.022730	-0.540169	 0.139211	 14.789960	-0.368235	 3.437935	 0.368754	 0.590604	 90.228040	-91.137330	 7.203434	-84.105110	-178.148100	-10.793620	 99.816040	-0.813313	 0.122417	-8.559153	-85.860470	-26.191560	-21.665840	-2.098155	-11.362010	 1.544055	 12.238590	-21.258660	-11.245850	-11.453020	-4.427942	 52.853440	 2.464512	-1.149470	 56.164590	 2.401756	 1.067294	-42.367320	-18.466950	-21.273410	 66.908810	-0.135470	 3.282984	 78.735940	 0.189928	 7.210557	-12.074570	 29.677960	 12.054240	 58.458640	-7.591267	 21.085060	-148.380300	-4.716808	 19.573910	-20.533760	 18.415250	 10.509210	-163.956500	-3.484311	 9.763605	 74.835960	-4.195143	 7.657858	 166.380100	-35.116050	-18.578240	-36.126660	 117.831700	-0.044795	 0.737436	 35.370370	-0.405495	 3.620178	 0.000000	 90.000000	 0.000000	 175.303300	 8.620549	 173.775700	-173.241300	-15.263260	-32.437450
-0.050179	-0.071801	-0.017158	-174.492400	 1.519579	-90.313980	-4.521914	-1.610381	-7.214371	-3.929650	-5.770957	-6.660779	 1.399430	-5.673083	 110.615100	-0.813313	 0.122417	-8.559153	-42.661070	-27.881390	 23.653840	-14.398590	 26.493750	 1.586735	-17.757930	 29.186940	-47.410610	-11.582920	-4.601621	 9.666660	 2.503291	-1.126934	 4.548135	 3.270450	-0.643668	-80.071260	 3.956356	 3.169701	 11.900230	-0.275389	 3.148105	 9.181604	 2.909472	 4.319733	-70.582820	 37.363520	 19.782840	 14.836360	-6.821038	 19.211720	 10.901230	-5.649390	 19.246520	-70.742200	 18.525470	 10.428800	 21.108990	-3.898340	 9.395206	 9.518596	-0.473063	 9.966733	-72.614270	-51.617550	-12.041010	-7.588076	 16.022730	-0.540169	 0.139211	 14.789960	-0.368235	 3.437935	 0.368882	 0.579964	 90.227960	-91.119510	 7.170733	-84.069110	-178.151000	-10.790800	 99.786510	-0.813313	 0.122417	-8.559153	-85.927810	-26.216450	-21.730220	-2.092481	-11.342110	 1.540335	 12.200720	-21.192630	-11.156770	-11.232860	-4.223620	 51.398300	 2.465564	-1.147985	 54.137100	 2.458967	 1.010071	-43.929280	-18.365420	-21.161800	 66.944950	-0.135471	 3.282983	 78.735770	 0.189941	 7.210551	-12.074760	 29.677980	 12.054280	 58.458550	-7.586337	 21.087860	-148.684600	-4.716810	 19.573900	-20.533940	 18.422960	 10.493540	-164.227700	-3.484310	 9.763603	 74.835780	-4.209361	 7.665532	 166.012600	-35.092460	-18.547210	-35.984200	 116.088000	-0.060028	 0.737351	 35.370370	-0.405495	 3.620178	 0.000000	 90.000000	 0.000000	 175.315800	 8.616020	 173.748400	-173.231800	-15.256130	-32.452390
-0.050178	-0.071930	-0.017187	-174.495100	 1.519956	-90.323550	-4.534764	-1.604510	-7.206323	-3.925810	-5.772637	-6.650718	 1.399973	-5.675376	 110.613600	-0.813313	 0.122417	-8.559153	-42.633060	-27.867800	 23.649170	-14.373980	 26.461060	 1.582131	-17.821960	 29.173340	-47.342560	-11.582920	-4.601621	 9.666660	 2.503291	-1.126934	 4.548135	 3.270450	-0.643668	-80.071260	 3.954698	 3.168976	 11.900330	-0.275389	 3.148105	 9.181604	 2.909469	 4.319742	-70.582670	 37.363520	 19.782840	 14.836360	-6.821038	 19.211720	 10.901230	-5.649336	 19.246520	-70.739510	 18.523350	 10.427720	 21.109400	-3.898340	 9.395206	 9.518596	-0.473063	 9.966733	-72.614270	-51.617550	-12.041010	-7.588076	 16.022730	-0.540169	 0.139211	 14.789960	-0.368235	 3.437935	 0.369095	 0.563098	 90.227870	-91.102330	 7.183923	-84.022760	-178.154000	-10.788210	 99.754070	-0.813313	 0.122417	-8.559153	-86.006780	-26.247840	-21.803110	-2.085859	-11.314230	 1.535842	 12.159610	-21.111690	-11.070320	-10.564850	-3.679194	 46.179650	 2.469718	-1.143023	 46.923100	 2.649991	 0.793579	-49.503990	-18.245080	-21.029240	 66.987560	-0.135471	 3.282982	 78.735580	 0.189957	 7.210546	-12.074990	 29.678000	 12.054310	 58.458390	-7.580334	 21.091220	-149.053800	-4.716815	 19.573900	-20.534170	 18.432220	 10.474480	-164.556700	-3.484311	 9.763602	 74.835610	-4.226544	 7.674962	 165.566700	-35.063970	-18.509520	-35.811580	 113.974100	-0.078473	 0.736618	 35.370370	-0.405495	 3.620178	 0.000000	 90.000000	 0.000000	 175.329900	 8.610537	 173.715500	-173.224100	-15.245690	-32.469140
-0.050175	-0.072042	-0.017212	-174.497400	 1.521371	-90.332210	-4.544510	-1.599815	-7.199441	-3.923002	-5.773036	-6.642661	 1.400546	-5.677750	 110.612200	-0.813313	 0.122417	-8.559153	-42.619350	-27.853760	 23.631060	-14.365110	 26.426020	 1.580835	-17.857900	 29.147830	-47.304330	-11.582920	-4.601621	 9.666660	 2.503291	-1.126934	 4.548135	 3.270450	-0.643668	-80.071260	 3.953349	 3.168387	 11.900410	-0.275389	 3.148105	 9.181604	 2.909467	 4.319751	-70.582530	 37.363580	 19.782860	 14.836340	-6.821038	 19.211720	 10.901230	-5.649288	 19.246520	-70.737220	 18.521610	 10.426820	 21.109740	-3.898340	 9.395206	 9.518596	-0.473063	 9.966733	-72.614270	-51.617550	-12.041010	-7.588076	 16.022730	-0.540169	 0.139211	 14.789960	-0.368235	 3.437935	 0.369326	 0.546252	 90.227820	-91.090130	 7.212285	-83.980240	-178.156400	-10.786530	 99.727940	-0.813313	 0.122417	-8.559153	-86.074590	-26.276810	-21.863320	-2.080204	-11.290110	 1.531974	 12.129040	-21.043570	-11.019140	-9.310116	-2.849615	 38.512860	 2.477154	-1.136568	 35.936870	 2.899477	 0.428753	-58.040670	-18.140540	-20.913810	 67.024340	-0.135471	 3.282982	 78.735400	 0.189971	 7.210543	-12.075200	 29.678000	 12.054340	 58.458260	-7.574977	 21.094180	-149.382000	-4.716816	 19.573900	-20.534340	 18.440350	 10.457490	-164.849100	-3.484312	 9.763600	 74.835430	-4.241757	 7.683456	 165.170300	-35.038750	-18.475980	-35.658300	 112.096800	-0.094829	 0.735394	 35.370370	-0.405495	 3.620178	 0.000000	 90.000000	 0.000000	 175.341200	 8.605850	 173.686500	-173.218700	-15.235980	-32.482810
-0.050169	-0.072155	-0.017234	-174.499700	 1.523519	-90.341190	-4.553323	-1.595392	-7.192619	-3.920650	-5.772555	-6.635179	 1.401203	-5.680456	 110.610900	-0.813313	 0.122417	-8.559153	-42.631390	-27.831670	 23.594360	-14.326670	 26.401400	 1.581799	-17.886560	 29.117630	-47.293730	-11.582920	-4.601621	 9.666660	 2.503291	-1.126934	 4.548135	 3.270450	-0.643668	-80.071260	 3.952077	 3.167831	 11.900480	-0.275389	 3.148105	 9.181604	 2.909465	 4.319758	-70.582440	 37.363710	 19.782910	 14.836300	-6.821038	 19.211720	 10.901230	-5.649242	 19.246510	-70.734920	 18.519980	 10.425990	 21.110050	-3.898340	 9.395206	 9.518596	-0.473063	 9.966733	-72.614270	-51.617550	-12.041010	-7.588076	 16.022730	-0.540169	 0.139211	 14.789960	-0.368235	 3.437935	 0.369590	 0.528761	 90.227770	-91.080250	 7.253606	-83.935870	-178.158600	-10.785310	 99.703430	-0.813313	 0.122417	-8.559153	-86.141430	-26.305910	-21.922840	-2.074544	-11.269550	 1.528171	 12.104750	-20.981300	-10.996570	-7.625247	-2.129125	 27.758790	 2.490300	-1.129809	 19.412630	 3.167060	-0.182334	-70.937910	-18.035520	-20.797620	 67.061120	-0.135472	 3.282982	 78.735240	 0.189984	 7.210538	-12.075390	 29.678020	 12.054370	 58.458130	-7.569471	 21.097180	-149.718400	-4.716818	 19.573900	-20.534520	 18.448600	 10.440040	-165.148800	-3.484312	 9.763598	 74.835270	-4.257286	 7.692268	 164.764100	-35.013060	-18.441570	-35.501420	 110.174400	-0.111519	 0.733596	 35.370370	-0.405495	 3.620178	 0.000000	 90.000000	 0.000000	 175.351300	 8.601327	 173.657200	-173.214400	-15.225810	-32.495780
-0.050156	-0.072283	-0.017257	-174.502300	 1.526322	-90.352030	-4.563411	-1.590598	-7.184788	-3.918477	-5.771074	-6.627218	 1.402031	-5.683846	 110.609400	-0.813313	 0.122417	-8.559153	-42.707060	-27.786610	 23.517770	-14.141400	 26.406420	 1.582110	-17.954830	 29.084030	-47.294310	-11.582920	-4.601621	 9.666660	 2.503291	-1.126934	 4.548135	 3.270450	-0.643668	-80.071260	 3.950727	 3.167240	 11.900560	-0.275389	 3.148105	 9.181604	 2.909462	 4.319767	-70.582310	 37.363960	 19.783000	 14.836210	-6.821038	 19.211720	 10.901230	-5.649188	 19.246510	-70.732280	 18.518250	 10.425100	 21.110390	-3.898340	 9.395206	 9.518596	-0.473063	 9.966733	-72.614270	-51.617550	-12.041010	-7.588076	 16.022730	-0.540169	 0.139211	 14.789960	-0.368235	 3.437935	 0.369926	 0.509320	 90.227710	-91.071530	 7.315454	-83.882420	-178.160900	-10.784430	 99.676630	-0.813313	 0.122417	-8.559153	-86.216900	-26.336610	-21.995320	-2.067977	-11.254490	 1.523971	 12.086530	-20.919840	-10.996820	-6.367432	-2.033675	 16.421300	 2.501333	-1.127335	 6.792080	 3.275886	-0.683808	-80.848760	-17.912870	-20.661620	 67.103810	-0.135471	 3.282981	 78.735020	 0.189998	 7.210534	-12.075600	 29.678030	 12.054410	 58.457990	-7.562877	 21.100720	-150.119500	-4.716823	 19.573890	-20.534730	 18.458300	 10.419180	-165.506100	-3.484312	 9.763597	 74.835080	-4.275719	 7.702919	 164.279800	-34.982580	-18.400480	-35.314530	 107.883500	-0.131316	 0.730716	 35.370370	-0.405495	 3.620178	 0.000000	 90.000000	 0.000000	 175.361200	 8.596482	 173.623100	-173.210900	-15.213530	-32.510070
-0.050138	-0.072393	-0.017274	-174.504500	 1.528934	-90.361810	-4.572092	-1.586642	-7.178021	-3.917102	-5.769071	-6.620851	 1.402807	-5.687005	 110.608000	-0.813313	 0.122417	-8.559153	-42.820630	-27.734850	 23.424530	-13.879510	 26.425500	 1.581452	-18.038550	 29.046770	-47.309540	-11.582920	-4.601621	 9.666660	 2.503291	-1.126934	 4.548135	 3.270450	-0.643668	-80.071260	 3.949630	 3.166762	 11.900620	-0.275389	 3.148105	 9.181604	 2.909460	 4.319774	-70.582200	 37.364260	 19.783110	 14.836110	-6.821038	 19.211720	 10.901230	-5.649141	 19.246500	-70.729960	 18.516860	 10.424390	 21.110650	-3.898340	 9.395206	 9.518596	-0.473063	 9.966733	-72.614270	-51.617550	-12.041010	-7.588076	 16.022730	-0.540169	 0.139211	 14.789960	-0.368235	 3.437935	 0.370260	 0.494561	 90.227690	-91.066210	 7.379815	-83.834300	-178.162700	-10.784090	 99.654490	-0.813313	 0.122417	-8.559153	-86.281010	-26.360770	-22.061590	-2.062192	-11.252820	 1.520550	 12.083260	-20.877500	-10.996090	-5.816517	-2.011772	 12.421870	 2.505975	-1.127032	 1.607380	 3.295250	-0.894729	-84.935420	-17.804850	-20.541560	 67.141180	-0.135472	 3.282981	 78.734850	 0.190012	 7.210532	-12.075800	 29.678050	 12.054440	 58.457870	-7.556930	 21.103870	-150.479900	-4.716824	 19.573890	-20.534920	 18.466920	 10.400380	-165.827200	-3.484312	 9.763596	 74.834880	-4.292210	 7.712624	 163.844400	-34.955320	-18.363490	-35.146740	 105.826100	-0.148990	 0.727471	 35.370370	-0.405495	 3.620178	 0.000000	 90.000000	 0.000000	 175.368000	 8.592715	 173.593300	-173.208900	-15.202500	-32.521990
-0.050117	-0.072498	-0.017290	-174.506600	 1.531554	-90.371730	-4.580536	-1.582975	-7.171402	-3.916184	-5.766563	-6.615104	 1.403604	-5.690247	 110.606700	-0.813313	 0.122417	-8.559153	-42.969110	-27.676900	 23.312220	-13.553520	 26.453000	 1.579542	-18.137360	 29.003250	-47.338380	-11.582920	-4.601621	 9.666660	 2.503291	-1.126934	 4.548135	 3.270450	-0.643668	-80.071260	 3.948664	 3.166340	 11.900680	-0.275389	 3.148105	 9.181604	 2.909459	 4.319780	-70.582110	 37.364600	 19.783230	 14.836000	-6.821038	 19.211720	 10.901230	-5.649095	 19.246500	-70.727700	 18.515650	 10.423760	 21.110880	-3.898340	 9.395206	 9.518596	-0.473063	 9.966733	-72.614270	-51.617550	-12.041010	-7.588076	 16.022730	-0.540169	 0.139211	 14.789960	-0.368235	 3.437935	 0.370615	 0.483404	 90.227630	-91.062970	 7.450840	-83.785950	-178.164400	-10.784060	 99.633670	-0.813313	 0.122417	-8.559153	-86.342380	-26.382230	-22.129330	-2.056270	-11.295650	 1.518137	 12.096370	-20.879100	-10.984520	-5.739019	-2.011939	 11.857150	 2.506623	-1.127023	 0.886347	 3.296772	-0.924647	-85.513310	-17.697680	-20.422200	 67.178050	-0.135472	 3.282980	 78.734650	 0.190026	 7.210525	-12.076020	 29.678060	 12.054470	 58.457740	-7.550900	 21.107010	-150.844100	-4.716827	 19.573890	-20.535090	 18.475500	 10.381340	-166.151600	-3.484313	 9.763595	 74.834740	-4.308789	 7.722551	 163.404600	-34.927940	-18.326080	-34.977420	 103.749100	-0.166698	 0.723535	 35.370370	-0.405495	 3.620178	 0.000000	 90.000000	 0.000000	 175.372700	 8.589561	 173.564100	-173.208200	-15.191490	-32.533230
-0.050087	-0.072616	-0.017308	-174.508800	 1.534549	-90.383650	-4.590240	-1.578993	-7.163749	-3.915713	-5.763123	-6.609069	 1.404544	-5.694070	 110.605100	-0.813313	 0.122417	-8.559153	-43.180420	-27.606070	 23.159550	-13.116500	 26.490390	 1.575407	-18.266330	 28.944600	-47.389930	-11.582920	-4.601621	 9.666660	 2.503291	-1.126934	 4.548135	 3.270450	-0.643668	-80.071260	 3.947682	 3.165910	 11.900740	-0.275389	 3.148105	 9.181604	 2.909458	 4.319787	-70.582010	 37.365080	 19.783410	 14.835830	-6.821038	 19.211720	 10.901230	-5.649040	 19.246490	-70.725050	 18.514410	 10.423130	 21.111130	-3.898340	 9.395206	 9.518596	-0.473063	 9.966733	-72.614270	-51.617550	-12.041010	-7.588076	 16.022730	-0.540169	 0.139211	 14.789960	-0.368235	 3.437935	 0.371023	 0.476390	 90.227580	-91.061580	 7.541105	-83.728790	-178.166200	-10.784420	 99.610430	-0.813313	 0.122417	-8.559153	-86.411510	-26.404310	-22.211270	-2.048876	-11.427700	 1.517139	 12.132200	-20.960920	-10.951310	-5.755353	-2.087205	 10.751480	 2.507914	-1.127029	-0.551600	 3.298885	-0.983482	-86.649020	-17.571590	-20.281460	 67.221150	-0.135472	 3.282979	 78.734440	 0.190043	 7.210520	-12.076260	 29.678080	 12.054510	 58.457600	-7.543644	 21.110730	-151.280600	-4.716831	 19.573880	-20.535310	 18.485660	 10.358450	-166.540400	-3.484314	 9.763592	 74.834520	-4.328566	 7.734621	 162.877400	-34.895290	-18.281160	-34.774650	 101.261100	-0.187708	 0.717992	 35.370370	-0.405495	 3.620178	 0.000000	 90.000000	 0.000000	 175.375200	 8.586802	 173.530400	-173.208600	-15.178560	-32.545840
-0.050058	-0.072712	-0.017324	-174.510400	 1.536930	-90.394110	-4.598449	-1.575796	-7.157268	-3.915797	-5.759836	-6.604451	 1.405351	-5.697354	 110.603800	-0.813313	 0.122417	-8.559153	-43.387000	-27.547360	 23.013930	-12.718650	 26.522210	 1.570260	-18.382550	 28.888210	-47.449830	-11.582920	-4.601621	 9.666660	 2.503291	-1.126934	 4.548135	 3.270450	-0.643668	-80.071260	 3.947046	 3.165632	 11.900780	-0.275389	 3.148105	 9.181604	 2.909457	 4.319793	-70.581920	 37.365540	 19.783580	 14.835670	-6.821038	 19.211720	 10.901230	-5.648994	 19.246490	-70.722810	 18.513630	 10.422730	 21.111280	-3.898340	 9.395206	 9.518596	-0.473063	 9.966733	-72.614270	-51.617550	-12.041010	-7.588076	 16.022730	-0.540169	 0.139211	 14.789960	-0.368235	 3.437935	 0.371394	 0.476989	 90.227520	-91.062320	 7.622797	-83.679530	-178.167700	-10.785000	 99.591230	-0.813313	 0.122417	-8.559153	-86.468440	-26.420720	-22.283680	-2.042486	-11.557850	 1.516674	 12.175330	-21.047660	-10.919340	-5.680047	-2.080085	 10.340270	 2.508399	-1.127041	-1.091938	 3.299378	-1.005642	-87.076630	-17.462750	-20.159690	 67.258130	-0.135472	 3.282979	 78.734270	 0.190056	 7.210517	-12.076450	 29.678090	 12.054530	 58.457450	-7.537241	 21.113960	-151.664400	-4.716832	 19.573880	-20.535470	 18.494450	 10.338280	-166.882000	-3.484315	 9.763592	 74.834350	-4.345854	 7.745375	 162.414000	-34.866760	-18.241620	-34.596650	 99.075280	-0.205949	 0.712367	 35.370370	-0.405495	 3.620178	 0.000000	 90.000000	 0.000000	 175.375100	 8.585166	 173.502000	-173.210300	-15.167550	-32.556260
-0.050029	-0.072803	-0.017342	-174.511900	 1.539043	-90.404710	-4.606494	-1.572830	-7.150909	-3.916325	-5.756373	-6.600361	 1.406133	-5.700534	 110.602400	-0.813313	 0.122417	-8.559153	-43.609540	-27.495190	 22.858810	-12.324590	 26.549100	 1.564140	-18.498010	 28.827190	-47.523930	-11.582920	-4.601621	 9.666660	 2.503291	-1.126934	 4.548135	 3.270450	-0.643668	-80.071260	 3.946737	 3.165498	 11.900790	-0.275389	 3.148105	 9.181604	 2.909454	 4.319798	-70.581850	 37.366070	 19.783770	 14.835490	-6.821038	 19.211720	 10.901230	-5.648950	 19.246490	-70.720560	 18.513230	 10.422520	 21.111350	-3.898340	 9.395206	 9.518596	-0.473063	 9.966733	-72.614270	-51.617550	-12.041010	-7.588076	 16.022730	-0.540169	 0.139211	 14.789960	-0.368235	 3.437935	 0.371784	 0.481604	 90.227420	-91.064760	 7.706250	-83.630680	-178.169000	-10.785770	 99.572670	-0.813313	 0.122417	-8.559153	-86.522900	-26.434750	-22.357550	-2.036391	-11.653340	 1.515467	 12.224730	-21.101080	-10.896850	-5.612786	-2.052089	 10.327060	 2.508419	-1.127041	-1.114284	 3.299395	-1.006574	-87.094620	-17.353840	-20.037590	 67.294910	-0.135472	 3.282978	 78.734080	 0.190069	 7.210511	-12.076640	 29.678110	 12.054570	 58.457320	-7.530705	 21.117190	-152.054600	-4.716835	 19.573870	-20.535640	 18.503270	 10.317710	-167.229600	-3.484314	 9.763590	 74.834170	-4.363350	 7.756456	 161.942700	-34.837870	-18.201350	-34.415710	 96.853400	-0.224269	 0.705951	 35.370370	-0.405495	 3.620178	 0.000000	 90.000000	 0.000000	 175.373700	 8.584099	 173.474400	-173.212900	-15.156810	-32.566300
-0.049994	-0.072901	-0.017366	-174.513300	 1.541080	-90.417440	-4.615829	-1.569592	-7.143510	-3.917555	-5.752186	-6.596156	 1.407006	-5.704113	 110.600800	-0.813313	 0.122417	-8.559153	-43.886080	-27.447250	 22.666730	-11.891540	 26.569060	 1.556896	-18.627140	 28.749490	-47.630450	-11.582920	-4.601621	 9.666660	 2.503291	-1.126934	 4.548135	 3.270450	-0.643668	-80.071260	 3.946737	 3.165498	 11.900790	-0.275389	 3.148105	 9.181604	 2.909454	 4.319803	-70.581790	 37.366770	 19.784030	 14.835250	-6.821038	 19.211720	 10.901230	-5.648896	 19.246480	-70.717930	 18.513210	 10.422510	 21.111350	-3.898340	 9.395206	 9.518596	-0.473063	 9.966733	-72.614270	-51.617550	-12.041010	-7.588076	 16.022730	-0.540169	 0.139211	 14.789960	-0.368235	 3.437935	 0.372278	 0.485768	 90.227360	-91.069630	 7.805287	-83.573630	-178.170600	-10.786870	 99.551160	-0.813313	 0.122417	-8.559153	-86.584080	-26.448440	-22.446770	-2.029752	-11.700460	 1.512635	 12.287880	-21.100610	-10.888290	-5.534633	-2.031412	 10.124750	 2.508658	-1.127048	-1.381541	 3.299574	-1.017535	-87.306090	-17.224470	-19.892230	 67.338330	-0.135472	 3.282978	 78.733860	 0.190083	 7.210506	-12.076860	 29.678100	 12.054600	 58.457180	-7.522777	 21.121050	-152.526200	-4.716839	 19.573880	-20.535860	 18.513740	 10.292800	-167.649400	-3.484315	 9.763588	 74.833950	-4.384362	 7.770034	 161.373300	-34.803210	-18.152580	-34.197330	 94.170560	-0.246029	 0.697254	 35.370370	-0.405495	 3.620178	 0.000000	 90.000000	 0.000000	 175.370500	 8.583546	 173.442800	-173.217500	-15.144510	-32.577840
-0.049968	-0.072987	-0.017389	-174.514200	 1.542303	-90.428250	-4.623494	-1.567098	-7.137410	-3.919081	-5.748701	-6.593176	 1.407678	-5.706880	 110.599500	-0.813313	 0.122417	-8.559153	-44.122680	-27.423240	 22.501740	-11.580470	 26.571130	 1.552359	-18.723680	 28.680220	-47.735620	-11.582920	-4.601621	 9.666660	 2.503291	-1.126934	 4.548135	 3.270450	-0.643668	-80.071260	 3.947007	 3.165615	 11.900780	-0.275389	 3.148105	 9.181604	 2.909452	 4.319808	-70.581700	 37.367420	 19.784270	 14.835030	-6.821038	 19.211720	 10.901230	-5.648852	 19.246480	-70.715740	 18.513550	 10.422690	 21.111290	-3.898340	 9.395206	 9.518596	-0.473063	 9.966733	-72.614270	-51.617550	-12.041010	-7.588076	 16.022730	-0.540169	 0.139211	 14.789960	-0.368235	 3.437935	 0.372742	 0.488150	 90.227310	-91.075270	 7.886784	-83.526700	-178.171900	-10.787930	 99.533390	-0.813313	 0.122417	-8.559153	-86.632550	-26.457570	-22.522940	-2.024426	-11.720680	 1.509857	 12.345670	-21.081790	-10.887740	-5.472348	-2.015679	 9.955239	 2.508859	-1.127055	-1.605274	 3.299693	-1.026710	-87.483110	-17.115530	-19.769540	 67.374630	-0.135473	 3.282978	 78.733700	 0.190098	 7.210503	-12.077080	 29.678130	 12.054630	 58.457060	-7.515963	 21.124310	-152.929900	-4.716839	 19.573880	-20.536030	 18.522570	 10.271400	-168.008800	-3.484316	 9.763586	 74.833790	-4.402245	 7.781824	 160.885700	-34.773720	-18.110760	-34.010560	 91.874570	-0.264303	 0.689003	 35.370370	-0.405495	 3.620178	 0.000000	 90.000000	 0.000000	 175.366600	 8.583739	 173.417400	-173.222500	-15.134650	-32.587280
-0.049947	-0.073091	-0.017418	-174.514800	 1.542979	-90.439450	-4.631216	-1.564751	-7.131258	-3.921108	-5.745257	-6.590604	 1.408303	-5.709462	 110.598100	-0.813313	 0.122417	-8.559153	-44.354430	-27.430980	 22.336050	-11.352140	 26.540330	 1.549877	-18.793480	 28.602750	-47.864120	-11.582920	-4.601621	 9.666660	 2.503291	-1.126934	 4.548135	 3.270450	-0.643668	-80.071260	 3.947548	 3.165851	 11.900750	-0.275389	 3.148105	 9.181604	 2.909451	 4.319811	-70.581660	 37.368120	 19.784520	 14.834790	-6.821038	 19.211720	 10.901230	-5.648807	 19.246480	-70.713520	 18.514230	 10.423030	 21.111160	-3.898340	 9.395206	 9.518596	-0.473063	 9.966733	-72.614270	-51.617550	-12.041010	-7.588076	 16.022730	-0.540169	 0.139211	 14.789960	-0.368235	 3.437935	 0.373252	 0.489566	 90.227230	-91.082250	 7.967029	-83.482030	-178.173100	-10.789090	 99.515240	-0.813313	 0.122417	-8.559153	-86.679440	-26.464660	-22.602020	-2.019107	-11.727880	 1.506746	 12.408180	-21.049850	-10.892650	-5.411655	-2.000558	 9.789832	 2.509055	-1.127062	-1.823520	 3.299782	-1.035662	-87.655820	-17.003570	-19.643200	 67.411720	-0.135473	 3.282977	 78.733510	 0.190111	 7.210500	-12.077260	 29.678150	 12.054670	 58.456940	-7.508830	 21.127660	-153.351000	-4.716844	 19.573870	-20.536220	 18.531630	 10.249030	-168.383700	-3.484316	 9.763586	 74.833600	-4.420788	 7.794278	 160.377200	-34.743130	-18.067080	-33.815940	 89.481100	-0.282992	 0.679640	 35.370370	-0.405495	 3.620178	 0.000000	 90.000000	 0.000000	 175.361500	 8.584579	 173.392500	-173.228800	-15.125080	-32.596780
-0.049930	-0.073228	-0.017459	-174.515100	 1.542923	-90.452650	-4.640094	-1.562238	-7.124197	-3.924092	-5.741543	-6.588221	 1.408917	-5.712047	 110.596500	-0.813313	 0.122417	-8.559153	-44.599380	-27.495860	 22.152250	-11.214540	 26.447040	 1.548758	-18.822020	 28.501430	-48.045750	-11.582920	-4.601621	 9.666660	 2.503291	-1.126934	 4.548135	 3.270450	-0.643668	-80.071260	 3.948473	 3.166256	 11.900690	-0.275389	 3.148105	 9.181604	 2.909451	 4.319815	-70.581600	 37.369030	 19.784860	 14.834490	-6.821038	 19.211720	 10.901230	-5.648755	 19.246480	-70.710940	 18.515380	 10.423630	 21.110940	-3.898340	 9.395206	 9.518596	-0.473063	 9.966733	-72.614270	-51.617550	-12.041010	-7.588076	 16.022730	-0.540169	 0.139211	 14.789960	-0.368235	 3.437935	 0.373886	 0.489931	 90.227190	-91.091540	 8.054856	-83.438150	-178.174600	-10.790470	 99.493850	-0.813313	 0.122417	-8.559153	-86.730740	-26.470220	-22.695910	-2.013065	-11.723780	 1.502859	 12.484220	-21.000790	-10.904740	-5.344397	-1.984055	 9.606104	 2.509272	-1.127071	-2.065968	 3.299849	-1.045606	-87.847630	-16.871790	-19.494130	 67.455090	-0.135473	 3.282976	 78.733260	 0.190127	 7.210494	-12.077500	 29.678160	 12.054700	 58.456780	-7.500263	 21.131600	-153.854600	-4.716846	 19.573870	-20.536440	 18.542260	 10.222210	-168.831800	-3.484314	 9.763583	 74.833370	-4.442817	 7.809387	 159.769100	-34.706770	-18.014710	-33.583350	 86.620020	-0.304797	 0.667438	 35.370370	-0.405495	 3.620178	 0.000000	 90.000000	 0.000000	 175.354200	 8.586450	 173.365000	-173.237500	-15.114750	-32.607760
-0.049920	-0.073353	-0.017497	-174.515000	 1.542039	-90.463970	-4.647492	-1.560312	-7.118302	-3.927124	-5.738781	-6.586703	 1.409330	-5.713822	 110.595100	-0.813313	 0.122417	-8.559153	-44.798000	-27.576250	 22.000150	-11.156020	 26.346170	 1.548993	-18.821450	 28.413540	-48.214640	-11.582920	-4.601621	 9.666660	 2.503291	-1.126934	 4.548135	 3.270450	-0.643668	-80.071260	 3.949475	 3.166694	 11.900640	-0.275389	 3.148105	 9.181604	 2.909450	 4.319817	-70.581570	 37.369830	 19.785150	 14.834210	-6.821038	 19.211720	 10.901230	-5.648708	 19.246470	-70.708760	 18.516640	 10.424270	 21.110690	-3.898340	 9.395206	 9.518596	-0.473063	 9.966733	-72.614270	-51.617550	-12.041010	-7.588076	 16.022730	-0.540169	 0.139211	 14.789960	-0.368235	 3.437935	 0.374456	 0.489157	 90.227170	-91.100300	 8.122349	-83.407460	-178.175900	-10.791650	 99.475390	-0.813313	 0.122417	-8.559153	-86.770960	-26.472570	-22.776530	-2.008085	-11.713680	 1.499455	 12.549950	-20.953140	-10.919720	-5.290366	-1.970984	 9.458259	 2.509447	-1.127079	-2.261060	 3.299878	-1.053607	-88.001990	-16.759220	-19.366510	 67.491840	-0.135473	 3.282976	 78.733110	 0.190141	 7.210490	-12.077700	 29.678170	 12.054730	 58.456650	-7.492805	 21.134960	-154.291400	-4.716849	 19.573870	-20.536630	 18.551320	 10.198870	-169.220600	-3.484316	 9.763582	 74.833200	-4.461794	 7.822680	 159.241500	-34.675440	-17.969210	-33.381810	 84.139530	-0.323187	 0.655986	 35.370370	-0.405495	 3.620178	 0.000000	 90.000000	 0.000000	 175.346800	 8.588844	 173.343100	-173.246100	-15.106780	-32.617040
-0.049909	-0.073483	-0.017536	-174.514500	 1.540293	-90.475320	-4.654746	-1.558565	-7.112529	-3.930646	-5.736468	-6.585643	 1.409624	-5.715143	 110.593700	-0.813313	 0.122417	-8.559153	-44.999160	-27.659020	 21.847900	-11.103200	 26.250870	 1.549627	-18.817050	 28.330850	-48.385490	-11.582920	-4.601621	 9.666660	 2.503291	-1.126934	 4.548135	 3.270450	-0.643668	-80.071260	 3.950688	 3.167224	 11.900560	-0.275389	 3.148105	 9.181604	 2.909449	 4.319820	-70.581530	 37.370690	 19.785470	 14.833920	-6.821038	 19.211720	 10.901230	-5.648664	 19.246470	-70.706610	 18.518130	 10.425040	 21.110400	-3.898340	 9.395206	 9.518596	-0.473063	 9.966733	-72.614270	-51.617550	-12.041010	-7.588076	 16.022730	-0.540169	 0.139211	 14.789960	-0.368235	 3.437935	 0.375065	 0.487442	 90.227160	-91.109790	 8.181390	-83.382160	-178.177300	-10.792740	 99.456520	-0.813313	 0.122417	-8.559153	-86.808110	-26.472850	-22.857620	-2.003202	-11.701130	 1.496033	 12.615350	-20.903760	-10.938460	-5.239288	-1.958796	 9.318075	 2.509614	-1.127087	-2.446007	 3.299887	-1.061193	-88.148330	-16.646350	-19.238290	 67.528500	-0.135473	 3.282975	 78.732890	 0.190153	 7.210485	-12.077890	 29.678180	 12.054760	 58.456520	-7.485191	 21.138320	-154.735500	-4.716852	 19.573860	-20.536800	 18.560350	 10.175080	-169.615700	-3.484315	 9.763578	 74.833000	-4.480958	 7.836370	 158.705200	-34.643800	-17.922870	-33.177120	 81.618840	-0.341345	 0.643542	 35.370370	-0.405495	 3.620178	 0.000000	 90.000000	 0.000000	 175.339000	 8.590585	 173.318800	-173.255800	-15.099710	-32.626340
-0.049888	-0.073646	-0.017580	-174.513300	 1.536984	-90.488710	-4.663143	-1.556753	-7.105872	-3.935386	-5.734460	-6.584993	 1.409797	-5.716036	 110.592100	-0.813313	 0.122417	-8.559153	-45.255100	-27.733270	 21.662300	-10.986350	 26.177700	 1.549526	-18.830840	 28.248440	-48.576380	-11.582920	-4.601621	 9.666660	 2.503291	-1.126934	 4.548135	 3.270450	-0.643668	-80.071260	 3.952309	 3.167933	 11.900470	-0.275389	 3.148105	 9.181604	 2.909449	 4.319821	-70.581510	 37.371750	 19.785850	 14.833550	-6.821038	 19.211720	 10.901230	-5.648614	 19.246460	-70.704060	 18.520180	 10.426090	 21.110010	-3.898340	 9.395206	 9.518596	-0.473063	 9.966733	-72.614270	-51.617550	-12.041010	-7.588076	 16.022730	-0.540169	 0.139211	 14.789960	-0.368235	 3.437935	 0.375832	 0.484224	 90.227130	-91.121990	 8.242328	-83.358340	-178.178900	-10.793950	 99.433500	-0.813313	 0.122417	-8.559153	-86.847690	-26.470520	-22.953850	-1.997558	-11.687900	 1.492074	 12.690720	-20.847760	-10.964620	-5.182548	-1.945440	 9.161992	 2.509798	-1.127097	-2.651971	 3.299873	-1.069639	-88.311280	-16.512520	-19.085910	 67.571650	-0.135473	 3.282975	 78.732670	 0.190171	 7.210478	-12.078150	 29.678200	 12.054800	 58.456370	-7.475993	 21.142290	-155.269900	-4.716853	 19.573860	-20.537020	 18.571000	 10.146380	-170.091100	-3.484318	 9.763578	 74.832790	-4.503845	 7.853076	 158.060000	-34.605980	-17.866980	-32.931010	 78.587230	-0.362431	 0.627536	 35.370370	-0.405495	 3.620178	 0.000000	 90.000000	 0.000000	 175.330000	 8.589294	 173.279600	-173.268600	-15.092230	-32.637320
-0.049863	-0.073781	-0.017613	-174.511900	 1.533102	-90.499880	-4.669983	-1.555386	-7.100452	-3.939853	-5.733515	-6.584901	 1.409786	-5.716179	 110.590700	-0.813313	 0.122417	-8.559153	-45.497890	-27.750100	 21.497470	-10.800530	 26.146470	 1.549584	-18.873440	 28.168050	-48.726480	-11.582920	-4.601621	 9.666660	 2.503291	-1.126934	 4.548135	 3.270450	-0.643668	-80.071260	 3.953830	 3.168597	 11.900380	-0.275389	 3.148105	 9.181604	 2.909449	 4.319822	-70.581490	 37.372700	 19.786200	 14.833230	-6.821038	 19.211720	 10.901230	-5.648571	 19.246460	-70.701970	 18.522070	 10.427060	 21.109650	-3.898340	 9.395206	 9.518596	-0.473063	 9.966733	-72.614270	-51.617550	-12.041010	-7.588076	 16.022730	-0.540169	 0.139211	 14.789960	-0.368235	 3.437935	 0.376499	 0.480576	 90.227140	-91.133130	 8.290825	-83.342610	-178.180400	-10.794780	 99.413510	-0.813313	 0.122417	-8.559153	-86.877040	-26.466360	-23.034240	-1.992894	-11.682060	 1.488926	 12.750760	-20.806780	-10.989130	-5.138158	-1.935133	 9.039513	 2.509943	-1.127105	-2.813553	 3.299846	-1.076266	-88.439120	-16.400550	-18.958120	 67.607470	-0.135473	 3.282974	 78.732460	 0.190182	 7.210476	-12.078320	 29.678220	 12.054840	 58.456240	-7.468160	 21.145600	-155.723400	-4.716857	 19.573860	-20.537210	 18.579850	 10.121960	-170.494600	-3.484318	 9.763577	 74.832600	-4.523120	 7.867455	 157.512300	-34.574080	-17.819470	-32.722350	 76.015270	-0.379645	 0.613104	 35.370370	-0.405495	 3.620178	 0.000000	 90.000000	 0.000000	 175.322500	 8.586030	 173.239800	-173.279900	-15.086300	-32.646480
-0.049828	-0.073918	-0.017645	-174.509800	 1.527762	-90.511670	-4.677090	-1.554152	-7.094850	-3.945079	-5.733320	-6.585279	 1.409588	-5.715622	 110.589300	-0.813313	 0.122417	-8.559153	-45.786060	-27.715270	 21.312850	-10.520870	 26.107450	 1.551507	-18.945420	 28.030900	-48.888850	-11.582920	-4.601621	 9.666660	 2.503291	-1.126934	 4.548135	 3.270450	-0.643668	-80.071260	 3.955585	 3.169365	 11.900280	-0.275389	 3.148105	 9.181604	 2.909448	 4.319823	-70.581470	 37.373740	 19.786580	 14.832880	-6.821038	 19.211720	 10.901230	-5.648525	 19.246460	-70.699780	 18.524260	 10.428180	 21.109220	-3.898340	 9.395206	 9.518596	-0.473063	 9.966733	-72.614270	-51.617550	-12.041010	-7.588076	 16.022730	-0.540169	 0.139211	 14.789960	-0.368235	 3.437935	 0.377252	 0.475772	 90.227160	-91.145850	 8.340161	-83.329380	-178.182100	-10.795470	 99.391410	-0.813313	 0.122417	-8.559153	-86.903760	-26.457360	-23.119010	-1.988431	-11.682190	 1.485998	 12.810320	-20.772780	-11.017060	-5.093963	-1.925002	 8.917176	 2.510087	-1.127114	-2.974928	 3.299803	-1.082885	-88.566810	-16.281540	-18.822020	 67.645290	-0.135473	 3.282973	 78.732270	 0.190197	 7.210471	-12.078540	 29.678230	 12.054870	 58.456110	-7.459691	 21.149100	-156.211700	-4.716861	 19.573860	-20.537400	 18.589180	 10.095600	-170.928900	-3.484318	 9.763575	 74.832420	-4.543716	 7.883138	 156.922600	-34.539980	-17.768190	-32.497840	 73.246910	-0.397419	 0.596715	 35.370370	-0.405495	 3.620178	 0.000000	 90.000000	 0.000000	 175.314600	 8.581040	 173.192700	-173.292500	-15.080250	-32.656200
-0.049782	-0.074057	-0.017677	-174.506900	 1.520250	-90.524820	-4.684771	-1.552981	-7.088798	-3.951488	-5.734239	-6.586263	 1.409148	-5.714157	 110.587700	-0.813313	 0.122417	-8.559153	-46.128190	-27.628610	 21.103240	-10.140980	 26.059900	 1.553525	-19.046440	 27.833380	-49.070240	-11.582920	-4.601621	 9.666660	 2.503291	-1.126934	 4.548135	 3.270450	-0.643668	-80.071260	 3.957687	 3.170283	 11.900150	-0.275389	 3.148105	 9.181604	 2.909448	 4.319824	-70.581460	 37.374920	 19.787010	 14.832480	-6.821038	 19.211720	 10.901230	-5.648478	 19.246450	-70.697360	 18.526870	 10.429520	 21.108720	-3.898340	 9.395206	 9.518596	-0.473063	 9.966733	-72.614270	-51.617550	-12.041010	-7.588076	 16.022730	-0.540169	 0.139211	 14.789960	-0.368235	 3.437935	 0.378100	 0.469336	 90.227160	-91.161120	 8.392466	-83.318020	-178.183800	-10.795900	 99.369570	-0.813313	 0.122417	-8.559153	-86.928280	-26.437140	-23.212360	-1.984860	-11.686330	 1.483567	 12.869810	-20.747670	-11.050450	-5.048244	-1.914657	 8.790197	 2.510237	-1.127123	-3.142419	 3.299743	-1.089754	-88.699330	-16.149090	-18.670210	 67.687080	-0.135473	 3.282973	 78.732030	 0.190213	 7.210466	-12.078780	 29.678260	 12.054910	 58.455960	-7.450100	 21.152960	-156.762600	-4.716863	 19.573850	-20.537600	 18.599460	 10.065770	-171.419000	-3.484319	 9.763573	 74.832210	-4.566763	 7.901086	 156.257200	-34.501790	-17.710210	-32.244750	 70.124660	-0.416499	 0.577230	 35.370370	-0.405495	 3.620178	 0.000000	 90.000000	 0.000000	 175.305500	 8.574404	 173.136600	-173.307200	-15.073860	-32.667090
-0.049736	-0.074168	-0.017703	-174.503600	 1.512419	-90.536620	-4.691380	-1.552122	-7.083634	-3.957656	-5.736142	-6.587576	 1.408537	-5.712008	 110.586300	-0.813313	 0.122417	-8.559153	-46.436220	-27.523980	 20.920800	-9.772011	 26.017150	 1.553471	-19.144300	 27.635240	-49.228260	-11.582920	-4.601621	 9.666660	 2.503291	-1.126934	 4.548135	 3.270450	-0.643668	-80.071260	 3.959615	 3.171125	 11.900040	-0.275389	 3.148105	 9.181604	 2.909448	 4.319823	-70.581470	 37.376020	 19.787420	 14.832100	-6.821038	 19.211720	 10.901230	-5.648434	 19.246450	-70.695260	 18.529280	 10.430760	 21.108250	-3.898340	 9.395206	 9.518596	-0.473063	 9.966733	-72.614270	-51.617550	-12.041010	-7.588076	 16.022730	-0.540169	 0.139211	 14.789960	-0.368235	 3.437935	 0.378912	 0.462777	 90.227190	-91.175550	 8.436410	-83.310060	-178.184800	-10.795870	 99.357030	-0.813313	 0.122417	-8.559153	-86.948110	-26.411390	-23.295060	-1.982830	-11.690490	 1.482037	 12.914610	-20.733240	-11.083170	-5.010821	-1.906300	 8.685832	 2.510361	-1.127131	-3.280096	 3.299683	-1.095400	-88.808240	-16.032120	-18.535840	 67.723690	-0.135474	 3.282972	 78.731840	 0.190227	 7.210462	-12.078970	 29.678260	 12.054940	 58.455840	-7.441479	 21.156350	-157.255900	-4.716866	 19.573850	-20.537780	 18.608440	 10.039000	-171.857500	-3.484320	 9.763572	 74.832000	-4.587212	 7.917376	 155.661600	-34.467870	-17.658190	-32.018430	 67.330710	-0.432645	 0.558936	 35.370370	-0.405495	 3.620178	 0.000000	 90.000000	 0.000000	 175.297200	 8.568241	 173.085900	-173.320700	-15.068510	-32.676790
-0.049685	-0.074274	-0.017730	-174.499400	 1.503138	-90.549520	-4.698321	-1.551395	-7.078238	-3.964866	-5.739464	-6.589480	 1.407631	-5.708745	 110.584800	-0.813313	 0.122417	-8.559153	-46.761620	-27.396310	 20.733150	-9.367107	 25.972980	 1.550680	-19.248940	 27.412850	-49.393280	-11.582920	-4.601621	 9.666660	 2.503291	-1.126934	 4.548135	 3.270450	-0.643668	-80.071260	 3.961774	 3.172069	 11.899910	-0.275389	 3.148105	 9.181604	 2.909449	 4.319822	-70.581490	 37.377220	 19.787860	 14.831690	-6.821038	 19.211720	 10.901230	-5.648387	 19.246450	-70.693030	 18.532000	 10.432150	 21.107730	-3.898340	 9.395206	 9.518596	-0.473063	 9.966733	-72.614270	-51.617550	-12.041010	-7.588076	 16.022730	-0.540169	 0.139211	 14.789960	-0.368235	 3.437935	 0.379809	 0.454730	 90.227230	-91.192150	 8.481615	-83.302940	-178.185600	-10.795390	 99.348080	-0.813313	 0.122417	-8.559153	-86.967760	-26.376060	-23.384510	-1.981681	-11.695610	 1.480962	 12.973960	-20.724890	-11.114930	-4.973392	-1.898045	 8.581038	 2.510484	-1.127139	-3.418328	 3.299612	-1.101068	-88.917610	-15.905880	-18.390510	 67.762920	-0.135473	 3.282971	 78.731640	 0.190242	 7.210456	-12.079210	 29.678280	 12.054970	 58.455700	-7.432019	 21.159960	-157.795000	-4.716869	 19.573850	-20.538000	 18.618030	 10.009650	-172.336900	-3.484320	 9.763570	 74.831790	-4.609371	 7.935423	 155.010400	-34.431030	-17.601210	-31.771180	 64.277620	-0.449250	 0.538075	 35.370370	-0.405495	 3.620178	 0.000000	 90.000000	 0.000000	 175.287800	 8.561999	 173.032100	-173.335700	-15.063020	-32.687410
-0.049638	-0.074356	-0.017755	-174.494900	 1.494163	-90.561100	-4.704387	-1.550882	-7.073556	-3.971790	-5.743655	-6.591599	 1.406575	-5.704881	 110.583400	-0.813313	 0.122417	-8.559153	-47.036720	-27.280970	 20.578130	-9.021541	 25.937380	 1.545987	-19.333800	 27.218940	-49.533570	-11.582920	-4.601621	 9.666660	 2.503291	-1.126934	 4.548135	 3.270450	-0.643668	-80.071260	 3.963759	 3.172936	 11.899800	-0.275389	 3.148105	 9.181604	 2.909449	 4.319821	-70.581510	 37.378360	 19.788280	 14.831300	-6.821038	 19.211720	 10.901230	-5.648346	 19.246440	-70.691060	 18.534480	 10.433420	 21.107250	-3.898340	 9.395206	 9.518596	-0.473063	 9.966733	-72.614270	-51.617550	-12.041010	-7.588076	 16.022730	-0.540169	 0.139211	 14.789960	-0.368235	 3.437935	 0.380639	 0.446750	 90.227260	-91.207930	 8.520231	-83.297140	-178.186200	-10.794550	 99.341870	-0.813313	 0.122417	-8.559153	-86.983960	-26.338410	-23.464890	-1.981560	-11.700860	 1.480499	 13.057680	-20.723080	-11.132800	-4.942363	-1.891285	 8.493751	 2.510588	-1.127146	-3.533458	 3.299543	-1.105790	-89.008710	-15.792590	-18.259810	 67.797870	-0.135474	 3.282971	 78.731440	 0.190256	 7.210453	-12.079400	 29.678290	 12.055010	 58.455570	-7.423394	 21.163190	-158.284900	-4.716870	 19.573850	-20.538170	 18.626510	 9.982925	-172.772400	-3.484318	 9.763566	 74.831590	-4.629321	 7.952034	 154.418900	-34.397820	-17.549320	-31.546740	 61.504520	-0.463350	 0.518384	 35.370370	-0.405495	 3.620178	 0.000000	 90.000000	 0.000000	 175.278800	 8.557331	 172.986400	-173.349500	-15.058360	-32.697090
-0.049583	-0.074437	-0.017785	-174.488600	 1.482516	-90.575120	-4.711531	-1.550422	-7.068079	-3.980835	-5.750421	-6.594681	 1.404970	-5.698953	 110.581700	-0.813313	 0.122417	-8.559153	-47.335870	-27.156110	 20.413310	-8.655835	 25.902210	 1.539022	-19.414710	 27.007840	-49.690030	-11.582920	-4.601621	 9.666660	 2.503291	-1.126934	 4.548135	 3.270450	-0.643668	-80.071260	 3.966188	 3.173998	 11.899660	-0.275389	 3.148105	 9.181604	 2.909450	 4.319818	-70.581550	 37.379750	 19.788790	 14.830830	-6.821038	 19.211720	 10.901230	-5.648300	 19.246440	-70.688700	 18.537560	 10.435010	 21.106650	-3.898340	 9.395206	 9.518596	-0.473063	 9.966733	-72.614270	-51.617550	-12.041010	-7.588076	 16.022730	-0.540169	 0.139211	 14.789960	-0.368235	 3.437935	 0.381681	 0.436067	 90.227330	-91.228250	 8.564810	-83.290010	-178.187100	-10.792990	 99.333720	-0.813313	 0.122417	-8.559153	-87.001900	-26.285740	-23.562670	-1.982392	-11.708280	 1.480452	 13.184050	-20.727750	-11.145900	-4.907805	-1.883862	 8.395887	 2.510703	-1.127155	-3.662509	 3.299458	-1.111081	-89.110780	-15.654840	-18.100540	 67.840030	-0.135474	 3.282970	 78.731190	 0.190270	 7.210448	-12.079620	 29.678310	 12.055040	 58.455430	-7.412735	 21.167050	-158.888100	-4.716874	 19.573840	-20.538380	 18.636680	 9.949933	-173.308600	-3.484321	 9.763567	 74.831360	-4.653651	 7.972766	 153.690400	-34.357250	-17.485290	-31.270610	 58.091090	-0.479363	 0.493243	 35.370370	-0.405495	 3.620178	 0.000000	 90.000000	 0.000000	 175.267100	 8.553586	 172.936200	-173.366700	-15.053000	-32.709120
-0.049541	-0.074484	-0.017811	-174.485000	 1.472897	-90.586020	-4.717051	-1.550234	-7.063910	-3.988075	-5.753942	-6.597449	 1.403474	-5.693393	 110.580400	-0.813313	 0.122417	-8.559153	-47.516280	-27.068460	 20.313940	-8.454374	 25.882510	 1.537626	-19.453700	 26.872440	-49.799720	-11.582920	-4.601621	 9.666660	 2.503291	-1.126934	 4.548135	 3.270450	-0.643668	-80.071260	 3.968155	 3.174857	 11.899540	-0.275389	 3.148105	 9.181604	 2.909450	 4.319817	-70.581570	 37.380890	 19.789200	 14.830430	-6.821038	 19.211720	 10.901230	-5.648263	 19.246440	-70.686840	 18.540010	 10.436260	 21.106180	-3.898340	 9.395206	 9.518596	-0.473063	 9.966733	-72.614270	-51.617550	-12.041010	-7.588076	 16.022730	-0.540169	 0.139211	 14.789960	-0.368235	 3.437935	 0.382546	 0.426866	 90.227380	-91.245240	 8.598325	-83.283620	-178.188100	-10.791340	 99.324650	-0.813313	 0.122417	-8.559153	-87.014960	-26.239360	-23.640180	-1.983724	-11.715070	 1.480816	 13.292570	-20.736520	-11.153280	-4.882767	-1.878549	 8.324598	 2.510787	-1.127161	-3.756522	 3.299390	-1.114936	-89.185170	-15.545680	-17.974040	 67.873170	-0.135474	 3.282970	 78.731010	 0.190284	 7.210444	-12.079820	 29.678310	 12.055060	 58.455290	-7.404150	 21.170080	-159.372000	-4.716877	 19.573840	-20.538550	 18.644600	 9.923395	-173.738700	-3.484322	 9.763565	 74.831160	-4.672974	 7.989619	 153.106000	-34.324970	-17.433810	-31.049300	 55.353810	-0.491103	 0.472419	 35.370370	-0.405495	 3.620178	 0.000000	 90.000000	 0.000000	 175.257100	 8.552679	 172.902500	-173.380500	-15.048970	-32.718880
-0.049486	-0.074515	-0.017843	-174.486000	 1.460701	-90.599380	-4.723779	-1.550138	-7.058880	-3.996619	-5.749864	-6.601270	 1.401328	-5.685379	 110.578700	-0.813313	 0.122417	-8.559153	-47.578590	-27.051160	 20.273080	-8.322289	 25.864980	 1.525737	-19.407520	 26.816230	-49.896090	-11.582920	-4.601621	 9.666660	 2.503291	-1.126934	 4.548135	 3.270450	-0.643668	-80.071260	 3.970584	 3.175919	 11.899390	-0.275389	 3.148105	 9.181604	 2.909451	 4.319814	-70.581630	 37.382350	 19.789740	 14.829940	-6.821038	 19.211720	 10.901230	-5.648216	 19.246430	-70.684560	 18.543100	 10.437850	 21.105580	-3.898340	 9.395206	 9.518596	-0.473063	 9.966733	-72.614270	-51.617550	-12.041010	-7.588076	 16.022730	-0.540169	 0.139211	 14.789960	-0.368235	 3.437935	 0.383653	 0.414393	 90.227450	-91.267810	 8.638321	-83.273820	-178.189500	-10.788640	 99.312800	-0.813313	 0.122417	-8.559153	-87.030020	-26.175710	-23.737740	-1.986139	-11.724980	 1.481681	 13.425650	-20.753610	-11.163750	-4.854119	-1.872558	 8.242373	 2.510884	-1.127168	-3.864957	 3.299305	-1.119381	-89.270960	-15.408130	-17.814320	 67.914620	-0.135474	 3.282969	 78.730770	 0.190301	 7.210438	-12.080070	 29.678340	 12.055110	 58.455130	-7.393165	 21.173850	-159.989100	-4.716880	 19.573840	-20.538760	 18.654420	 9.889474	-174.287100	-3.484322	 9.763562	 74.830930	-4.697366	 8.011393	 152.360700	-34.284120	-17.368010	-30.767280	 51.863750	-0.504620	 0.445101	 35.370370	-0.405495	 3.620178	 0.000000	 90.000000	 0.000000	 175.243600	 8.554885	 172.868000	-173.398100	-15.044210	-32.731530
-0.049438	-0.074520	-0.017869	-174.491300	 1.450189	-90.610690	-4.729311	-1.550207	-7.054792	-4.003412	-5.739779	-6.604801	 1.399296	-5.677775	 110.577300	-0.813313	 0.122417	-8.559153	-47.471700	-27.173930	 20.324720	-8.272283	 25.843730	 1.493062	-19.252860	 26.889520	-49.927650	-11.582920	-4.601621	 9.666660	 2.503291	-1.126934	 4.548135	 3.270450	-0.643668	-80.071260	 3.972645	 3.176819	 11.899280	-0.275389	 3.148105	 9.181604	 2.909452	 4.319810	-70.581680	 37.383640	 19.790210	 14.829500	-6.821038	 19.211720	 10.901230	-5.648174	 19.246430	-70.682630	 18.545680	 10.439170	 21.105080	-3.898340	 9.395206	 9.518596	-0.473063	 9.966733	-72.614270	-51.617550	-12.041010	-7.588076	 16.022730	-0.540169	 0.139211	 14.789960	-0.368235	 3.437935	 0.384646	 0.403007	 90.227510	-91.288020	 8.670526	-83.263210	-178.190200	-10.786680	 99.308630	-0.813313	 0.122417	-8.559153	-87.041760	-26.117690	-23.820740	-1.988776	-11.734670	 1.482768	 13.524080	-20.773220	-11.177740	-4.832152	-1.868030	 8.178814	 2.510959	-1.127174	-3.948757	 3.299235	-1.122817	-89.337260	-15.290970	-17.677980	 67.949650	-0.135474	 3.282969	 78.730580	 0.190314	 7.210434	-12.080260	 29.678340	 12.055140	 58.455000	-7.383657	 21.177000	-160.521200	-4.716883	 19.573840	-20.538950	 18.662610	 9.860159	-174.759800	-3.484324	 9.763561	 74.830750	-4.718164	 8.030416	 151.718100	-34.249190	-17.311130	-30.524320	 48.855750	-0.514906	 0.420930	 35.370370	-0.405495	 3.620178	 0.000000	 90.000000	 0.000000	 175.231500	 8.558979	 172.844400	-173.413300	-15.040410	-32.742650
-0.049391	-0.074512	-0.017893	-174.500900	 1.439296	-90.622060	-4.734759	-1.550403	-7.050836	-4.009950	-5.724218	-6.608649	 1.397072	-5.669425	 110.576000	-0.813313	 0.122417	-8.559153	-47.304030	-27.318740	 20.418590	-8.281953	 25.806500	 1.461745	-19.062400	 26.972310	-49.935940	-11.582920	-4.601621	 9.666660	 2.503291	-1.126934	 4.548135	 3.270450	-0.643668	-80.071260	 3.974651	 3.177696	 11.899160	-0.275389	 3.148105	 9.181604	 2.909452	 4.319807	-70.581730	 37.384950	 19.790690	 14.829050	-6.821038	 19.211720	 10.901230	-5.648136	 19.246430	-70.680730	 18.548230	 10.440480	 21.104590	-3.898340	 9.395206	 9.518596	-0.473063	 9.966733	-72.614270	-51.617550	-12.041010	-7.588076	 16.022730	-0.540169	 0.139211	 14.789960	-0.368235	 3.437935	 0.385654	 0.390814	 90.227600	-91.309420	 8.701357	-83.249770	-178.190100	-10.786460	 99.309490	-0.813313	 0.122417	-8.559153	-87.052730	-26.055960	-23.904530	-1.991922	-11.745850	 1.484129	 13.598630	-20.797530	-11.200540	-4.812180	-1.863983	 8.120349	 2.511029	-1.127179	-4.025839	 3.299167	-1.125977	-89.398220	-15.172410	-17.539730	 67.984800	-0.135474	 3.282968	 78.730370	 0.190327	 7.210430	-12.080460	 29.678360	 12.055170	 58.454880	-7.373899	 21.180140	-161.065600	-4.716885	 19.573830	-20.539150	 18.670740	 9.830089	-175.243500	-3.484324	 9.763560	 74.830530	-4.739220	 8.050117	 151.060700	-34.213750	-17.252820	-30.275980	 45.779110	-0.524109	 0.395689	 35.370370	-0.405495	 3.620178	 0.000000	 90.000000	 0.000000	 175.218900	 8.563276	 172.825300	-173.428600	-15.036790	-32.754250
-0.049347	-0.074491	-0.017914	-174.516500	 1.426340	-90.635150	-4.740880	-1.550782	-7.046472	-4.017248	-5.700356	-6.613454	 1.394308	-5.659036	 110.574300	-0.813313	 0.122417	-8.559153	-47.153690	-27.368670	 20.527440	-8.374488	 25.733640	 1.458111	-18.893720	 26.941920	-49.944730	-11.582920	-4.601621	 9.666660	 2.503291	-1.126934	 4.548135	 3.270450	-0.643668	-80.071260	 3.976905	 3.178681	 11.899020	-0.275389	 3.148105	 9.181604	 2.909454	 4.319800	-70.581820	 37.386490	 19.791250	 14.828520	-6.821038	 19.211720	 10.901230	-5.648093	 19.246430	-70.678540	 18.551120	 10.441960	 21.104030	-3.898340	 9.395206	 9.518596	-0.473063	 9.966733	-72.614270	-51.617550	-12.041010	-7.588076	 16.022730	-0.540169	 0.139211	 14.789960	-0.368235	 3.437935	 0.386867	 0.375801	 90.227680	-91.335520	 8.735104	-83.229800	-178.189300	-10.788210	 99.315930	-0.813313	 0.122417	-8.559153	-87.064520	-25.981160	-24.001700	-1.996003	-11.760690	 1.486009	 13.653360	-20.831010	-11.238010	-4.791638	-1.859889	 8.059564	 2.511101	-1.127185	-4.105959	 3.299093	-1.129262	-89.461620	-15.034550	-17.378620	 68.025340	-0.135474	 3.282967	 78.730120	 0.190343	 7.210425	-12.080700	 29.678380	 12.055210	 58.454720	-7.362378	 21.183730	-161.706100	-4.716889	 19.573830	-20.539340	 18.679980	 9.794629	-175.812500	-3.484323	 9.763556	 74.830310	-4.763703	 8.073600	 150.287000	-34.172430	-17.184040	-29.983990	 42.159610	-0.533170	 0.365408	 35.370370	-0.405495	 3.620178	 0.000000	 90.000000	 0.000000	 175.203800	 8.568402	 172.808800	-173.446500	-15.032890	-32.768260
-0.049317	-0.074465	-0.017926	-174.533800	 1.414608	-90.646680	-4.746111	-1.551261	-7.042812	-4.023532	-5.674838	-6.618046	 1.391708	-5.649240	 110.572900	-0.813313	 0.122417	-8.559153	-47.092810	-27.293000	 20.607490	-8.502220	 25.646490	 1.485433	-18.719850	 26.762690	-50.004120	-11.582920	-4.601621	 9.666660	 2.503291	-1.126934	 4.548135	 3.270450	-0.643668	-80.071260	 3.978834	 3.179523	 11.898910	-0.275389	 3.148105	 9.181604	 2.909456	 4.319796	-70.581890	 37.387910	 19.791770	 14.828040	-6.821038	 19.211720	 10.901230	-5.648053	 19.246420	-70.676640	 18.553550	 10.443200	 21.103560	-3.898340	 9.395206	 9.518596	-0.473063	 9.966733	-72.614270	-51.617550	-12.041010	-7.588076	 16.022730	-0.540169	 0.139211	 14.789960	-0.368235	 3.437935	 0.387991	 0.361725	 90.227770	-91.359860	 8.763266	-83.207420	-178.188000	-10.791340	 99.325840	-0.813313	 0.122417	-8.559153	-87.074270	-25.912490	-24.087890	-1.999975	-11.775770	 1.487894	 13.689440	-20.864780	-11.275360	-4.775737	-1.856791	 8.011714	 2.511156	-1.127189	-4.169034	 3.299031	-1.131847	-89.511490	-14.911800	-17.234860	 68.061120	-0.135475	 3.282967	 78.729920	 0.190358	 7.210421	-12.080910	 29.678390	 12.055250	 58.454590	-7.351958	 21.186860	-162.283300	-4.716891	 19.573830	-20.539550	 18.687980	 9.762609	-176.325100	-3.484324	 9.763556	 74.830080	-4.785486	 8.095038	 149.589900	-34.135520	-17.121920	-29.721130	 38.899780	-0.539699	 0.337698	 35.370370	-0.405495	 3.620178	 0.000000	 90.000000	 0.000000	 175.190100	 8.573087	 172.798900	-173.462400	-15.029670	-32.781210
-0.049296	-0.074438	-0.017934	-174.552300	 1.403513	-90.657310	-4.750828	-1.551809	-7.039594	-4.029307	-5.648176	-6.622579	 1.389182	-5.639715	 110.571700	-0.813313	 0.122417	-8.559153	-47.070190	-27.192670	 20.677020	-8.612758	 25.554180	 1.517911	-18.424870	 26.508390	-50.141570	-11.582920	-4.601621	 9.666660	 2.503291	-1.126934	 4.548135	 3.270450	-0.643668	-80.071260	 3.980511	 3.180257	 11.898810	-0.275389	 3.148105	 9.181604	 2.909457	 4.319790	-70.581970	 37.389240	 19.792260	 14.827590	-6.821038	 19.211720	 10.901230	-5.648018	 19.246420	-70.674890	 18.555700	 10.444310	 21.103140	-3.898340	 9.395206	 9.518596	-0.473063	 9.966733	-72.614270	-51.617550	-12.041010	-7.588076	 16.022730	-0.540169	 0.139211	 14.789960	-0.368235	 3.437935	 0.389049	 0.347975	 90.227870	-91.383510	 8.787968	-83.181940	-178.186400	-10.795430	 99.337850	-0.813313	 0.122417	-8.559153	-87.082880	-25.847250	-24.168000	-2.003854	-11.791510	 1.489801	 13.714170	-20.899250	-11.312880	-4.762855	-1.854342	 7.972245	 2.511203	-1.127193	-4.221030	 3.298980	-1.133978	-89.552610	-14.797330	-17.100520	 68.094200	-0.135474	 3.282966	 78.729720	 0.190371	 7.210416	-12.081110	 29.678420	 12.055280	 58.454480	-7.342109	 21.189710	-162.827300	-4.716894	 19.573820	-20.539720	 18.695270	 9.732363	-176.808200	-3.484326	 9.763554	 74.829900	-4.805777	 8.115486	 148.932900	-34.101030	-17.063230	-29.473540	 35.827600	-0.544391	 0.311282	 35.370370	-0.405495	 3.620178	 0.000000	 90.000000	 0.000000	 175.177200	 8.577530	 172.793500	-173.477100	-15.026890	-32.793760
-0.049274	-0.074401	-0.017942	-174.577900	 1.389500	-90.670450	-4.756488	-1.552637	-7.035843	-4.036493	-5.612065	-6.628626	 1.385931	-5.627440	 110.570100	-0.813313	 0.122417	-8.559153	-47.048820	-27.126730	 20.769910	-8.674744	 25.435060	 1.540808	-18.073100	 26.232880	-50.327410	-11.582920	-4.601621	 9.666660	 2.503291	-1.126934	 4.548135	 3.270450	-0.643668	-80.071260	 3.982439	 3.181098	 11.898700	-0.275389	 3.148105	 9.181604	 2.909458	 4.319782	-70.582080	 37.390930	 19.792880	 14.827010	-6.821038	 19.211720	 10.901230	-5.647974	 19.246420	-70.672750	 18.558190	 10.445590	 21.102660	-3.898340	 9.395206	 9.518596	-0.473063	 9.966733	-72.614270	-51.617550	-12.041010	-7.588076	 16.022730	-0.540169	 0.139211	 14.789960	-0.368235	 3.437935	 0.390429	 0.330067	 90.227970	-91.413250	 8.817083	-83.157420	-178.183900	-10.801870	 99.355780	-0.813313	 0.122417	-8.559153	-87.093080	-25.765030	-24.267480	-2.008867	-11.813590	 1.492313	 13.734790	-20.945780	-11.362570	-4.749317	-1.851848	 7.929761	 2.511253	-1.127197	-4.277017	 3.298923	-1.136272	-89.596890	-14.654430	-16.932470	 68.135180	-0.135475	 3.282965	 78.729470	 0.190388	 7.210412	-12.081360	 29.678430	 12.055320	 58.454310	-7.329630	 21.193200	-163.514200	-4.716897	 19.573820	-20.539940	 18.704100	 9.694088	-177.418000	-3.484325	 9.763550	 74.829620	-4.831057	 8.141627	 148.103200	-34.057880	-16.988970	-29.161210	 31.949740	-0.548275	 0.277642	 35.370370	-0.405495	 3.620178	 0.000000	 90.000000	 0.000000	 175.161200	 8.583152	 172.791300	-173.495300	-15.023700	-32.810090
-0.049272	-0.074378	-0.017949	-174.600900	 1.377678	-90.681260	-4.761030	-1.553431	-7.032930	-4.042577	-5.580341	-6.633986	 1.383146	-5.616920	 110.568800	-0.813313	 0.122417	-8.559153	-47.340470	-27.019030	 20.724020	-8.346694	 25.344920	 1.540800	-18.056020	 25.907340	-50.463850	-11.582920	-4.601621	 9.666660	 2.503291	-1.126934	 4.548135	 3.270450	-0.643668	-80.071260	 3.983886	 3.181731	 11.898610	-0.275389	 3.148105	 9.181604	 2.909460	 4.319777	-70.582170	 37.392340	 19.793400	 14.826530	-6.821038	 19.211720	 10.901230	-5.647942	 19.246410	-70.671000	 18.560070	 10.446550	 21.102290	-3.898340	 9.395206	 9.518596	-0.473063	 9.966733	-72.614270	-51.617550	-12.041010	-7.588076	 16.022730	-0.540169	 0.139211	 14.789960	-0.368235	 3.437935	 0.391592	 0.314448	 90.228090	-91.436990	 8.840434	-83.159520	-178.181600	-10.808190	 99.372410	-0.813313	 0.122417	-8.559153	-87.101300	-25.696230	-24.350180	-2.013103	-11.834280	 1.494493	 13.744900	-20.987180	-11.405890	-4.740125	-1.850239	 7.899821	 2.511288	-1.127200	-4.316470	 3.298881	-1.137889	-89.628080	-14.535000	-16.791720	 68.169090	-0.135475	 3.282964	 78.729260	 0.190402	 7.210407	-12.081560	 29.678430	 12.055340	 58.454180	-7.319047	 21.196040	-164.094800	-4.716899	 19.573820	-20.540130	 18.711230	 9.661664	-177.933500	-3.484326	 9.763549	 74.829440	-4.852129	 8.164007	 147.401900	-34.021770	-16.926030	-28.897410	 28.672470	-0.549776	 0.249061	 35.370370	-0.405495	 3.620178	 0.000000	 90.000000	 0.000000	 175.147800	 8.587883	 172.793000	-173.510300	-15.021270	-32.824370
-0.049302	-0.074370	-0.017954	-174.623900	 1.366198	-90.691570	-4.765248	-1.554312	-7.030334	-4.048617	-5.549136	-6.639437	 1.380430	-5.606646	 110.567600	-0.813313	 0.122417	-8.559153	-48.231220	-26.557710	 20.429070	-7.575564	 25.256690	 1.562447	-18.220640	 25.139170	-50.953160	-11.582920	-4.601621	 9.666660	 2.503291	-1.126934	 4.548135	 3.270450	-0.643668	-80.071260	 3.985118	 3.182270	 11.898540	-0.275389	 3.148105	 9.181604	 2.909462	 4.319769	-70.582280	 37.393710	 19.793900	 14.826060	-6.821038	 19.211720	 10.901230	-5.647905	 19.246410	-70.669360	 18.561700	 10.447380	 21.101980	-3.898340	 9.395206	 9.518596	-0.473063	 9.966733	-72.614270	-51.617550	-12.041010	-7.588076	 16.022730	-0.540169	 0.139211	 14.789960	-0.368235	 3.437935	 0.392743	 0.298841	 90.228190	-91.459190	 8.862100	-83.176870	-178.179200	-10.814940	 99.389200	-0.813313	 0.122417	-8.559153	-87.109120	-25.630350	-24.429550	-2.017147	-11.856310	 1.496636	 13.749840	-21.028920	-11.448710	-4.733009	-1.849074	 7.875554	 2.511317	-1.127203	-4.348395	 3.298846	-1.139196	-89.653320	-14.419740	-16.655610	 68.201570	-0.135475	 3.282964	 78.729040	 0.190415	 7.210403	-12.081750	 29.678450	 12.055380	 58.454060	-7.308699	 21.198710	-164.661000	-4.716902	 19.573810	-20.540300	 18.717910	 9.629985	-178.436200	-3.484327	 9.763546	 74.829220	-4.872407	 8.186073	 146.718000	-33.986870	-16.864520	-28.640380	 25.477700	-0.549672	 0.221163	 35.370370	-0.405495	 3.620178	 0.000000	 90.000000	 0.000000	 175.135100	 8.592465	 172.797500	-173.524300	-15.019150	-32.837840
-0.049392	-0.074386	-0.017971	-174.652400	 1.352199	-90.703910	-4.770139	-1.555488	-7.027440	-4.056246	-5.511372	-6.646431	 1.377095	-5.594021	 110.566300	-0.813313	 0.122417	-8.559153	-50.495980	-25.194080	 19.584090	-5.773759	 25.158640	 1.542761	-18.767440	 23.235990	-52.139010	-11.582920	-4.601621	 9.666660	 2.503291	-1.126934	 4.548135	 3.270450	-0.643668	-80.071260	 3.986392	 3.182826	 11.898470	-0.275389	 3.148105	 9.181604	 2.909464	 4.319759	-70.582410	 37.395420	 19.794530	 14.825480	-6.821038	 19.211720	 10.901230	-5.647866	 19.246410	-70.667390	 18.563400	 10.448260	 21.101650	-3.898340	 9.395206	 9.518596	-0.473063	 9.966733	-72.614270	-51.617550	-12.041010	-7.588076	 16.022730	-0.540169	 0.139211	 14.789960	-0.368235	 3.437935	 0.394178	 0.279173	 90.228320	-91.485700	 8.887215	-83.212310	-178.176100	-10.823750	 99.409810	-0.813313	 0.122417	-8.559153	-87.118620	-25.551510	-24.525490	-2.021902	-11.886020	 1.499219	 13.751240	-21.081580	-11.501430	-4.726599	-1.848144	 7.852022	 2.511344	-1.127205	-4.379367	 3.298813	-1.140465	-89.677800	-14.279450	-16.489620	 68.240750	-0.135475	 3.282963	 78.728810	 0.190431	 7.210398	-12.082000	 29.678470	 12.055410	 58.453890	-7.295929	 21.201870	-165.357700	-4.716905	 19.573810	-20.540520	 18.725730	 9.590939	-179.054400	-3.484327	 9.763545	 74.828990	-4.896992	 8.213548	 145.876500	-33.944350	-16.788650	-28.324380	 21.547760	-0.547405	 0.186918	 35.370370	-0.405495	 3.620178	 0.000000	 90.000000	 0.000000	 175.120000	 8.598028	 172.806300	-173.540300	-15.016840	-32.852060
-0.049463	-0.074393	-0.017995	-174.676200	 1.340368	-90.714150	-4.774075	-1.556590	-7.025232	-4.063016	-5.480514	-6.652658	 1.374299	-5.583437	 110.565100	-0.813313	 0.122417	-8.559153	-52.306290	-23.930660	 18.919320	-4.395656	 25.115020	 1.435526	-19.226110	 21.586780	-52.891320	-11.582920	-4.601621	 9.666660	 2.503291	-1.126934	 4.548135	 3.270450	-0.643668	-80.071260	 3.987259	 3.183205	 11.898420	-0.275389	 3.148105	 9.181604	 2.909467	 4.319752	-70.582520	 37.396860	 19.795060	 14.824990	-6.821038	 19.211720	 10.901230	-5.647833	 19.246410	-70.665760	 18.564560	 10.448850	 21.101420	-3.898340	 9.395206	 9.518596	-0.473063	 9.966733	-72.614270	-51.617550	-12.041010	-7.588076	 16.022730	-0.540169	 0.139211	 14.789960	-0.368235	 3.437935	 0.395419	 0.262030	 90.228430	-91.507940	 8.907305	-83.249340	-178.173500	-10.831530	 99.426540	-0.813313	 0.122417	-8.559153	-87.126830	-25.486810	-24.605840	-2.025716	-11.909820	 1.501260	 13.749650	-21.123470	-11.546800	-4.723037	-1.847758	 7.837091	 2.511362	-1.127206	-4.399001	 3.298791	-1.141268	-89.693300	-14.161130	-16.349320	 68.273470	-0.135475	 3.282963	 78.728610	 0.190446	 7.210393	-12.082220	 29.678480	 12.055450	 58.453760	-7.285007	 21.204440	-165.951700	-4.716908	 19.573810	-20.540730	 18.732070	 9.557576	-179.581600	-3.484328	 9.763543	 74.828770	-4.917631	 8.237253	 145.159000	-33.908490	-16.723830	-28.055210	 18.197810	-0.543631	 0.157909	 35.370370	-0.405495	 3.620178	 0.000000	 90.000000	 0.000000	 175.107700	 8.602684	 172.816100	-173.552900	-15.015130	-32.862260
-0.049498	-0.074366	-0.018011	-174.700600	 1.327949	-90.724720	-4.778031	-1.557819	-7.023160	-4.070558	-5.449913	-6.659505	 1.371381	-5.572378	 110.564000	-0.813313	 0.122417	-8.559153	-53.154790	-23.247160	 18.651290	-3.780785	 25.117860	 1.361938	-19.436020	 20.743610	-53.206850	-11.582920	-4.601621	 9.666660	 2.503291	-1.126934	 4.548135	 3.270450	-0.643668	-80.071260	 3.987934	 3.183500	 11.898370	-0.275389	 3.148105	 9.181604	 2.909468	 4.319741	-70.582680	 37.398400	 19.795620	 14.824460	-6.821038	 19.211720	 10.901230	-5.647800	 19.246400	-70.664100	 18.565500	 10.449340	 21.101240	-3.898340	 9.395206	 9.518596	-0.473063	 9.966733	-72.614270	-51.617550	-12.041010	-7.588076	 16.022730	-0.540169	 0.139211	 14.789960	-0.368235	 3.437935	 0.396745	 0.243453	 90.228560	-91.531610	 8.927238	-83.290190	-178.170900	-10.839860	 99.442790	-0.813313	 0.122417	-8.559153	-87.135750	-25.421200	-24.689660	-2.029486	-11.928010	 1.503089	 13.746320	-21.159030	-11.596430	-4.721085	-1.847747	 7.826084	 2.511375	-1.127207	-4.413416	 3.298775	-1.141860	-89.704720	-14.036730	-16.201530	 68.307580	-0.135475	 3.282962	 78.728370	 0.190460	 7.210388	-12.082420	 29.678500	 12.055480	 58.453630	-7.273377	 21.207060	-166.582600	-4.716910	 19.573800	-20.540900	 18.738450	 9.522089	 179.858600	-3.484329	 9.763540	 74.828540	-4.939223	 8.262710	 144.396800	-33.870740	-16.654790	-27.769480	 14.640120	-0.537765	 0.127400	 35.370370	-0.405495	 3.620178	 0.000000	 90.000000	 0.000000	 175.095400	 8.607537	 172.828600	-173.565300	-15.013570	-32.871330
-0.049526	-0.074316	-0.018018	-174.726000	 1.314220	-90.736210	-4.782173	-1.559309	-7.021164	-4.079565	-5.419134	-6.667495	 1.368202	-5.560328	 110.562800	-0.813313	 0.122417	-8.559153	-53.589150	-22.693870	 18.560510	-3.686853	 25.130380	 1.383151	-19.453880	 20.143860	-53.510400	-11.582920	-4.601621	 9.666660	 2.503291	-1.126934	 4.548135	 3.270450	-0.643668	-80.071260	 3.988435	 3.183719	 11.898350	-0.275389	 3.148105	 9.181604	 2.909472	 4.319731	-70.582840	 37.400110	 19.796240	 14.823880	-6.821038	 19.211720	 10.901230	-5.647760	 19.246400	-70.662310	 18.566220	 10.449710	 21.101100	-3.898340	 9.395206	 9.518596	-0.473063	 9.966733	-72.614270	-51.617550	-12.041010	-7.588076	 16.022730	-0.540169	 0.139211	 14.789960	-0.368235	 3.437935	 0.398260	 0.222240	 90.228710	-91.558620	 8.947899	-83.331720	-178.168100	-10.849020	 99.458270	-0.813313	 0.122417	-8.559153	-87.146220	-25.351940	-24.781920	-2.033275	-11.941360	 1.504741	 13.742420	-21.188840	-11.652740	-4.720963	-1.848173	 7.819336	 2.511383	-1.127208	-4.422270	 3.298765	-1.142220	-89.711670	-13.898640	-16.037140	 68.345090	-0.135476	 3.282961	 78.728110	 0.190474	 7.210384	-12.082640	 29.678500	 12.055510	 58.453480	-7.260287	 21.209860	-167.290800	-4.716913	 19.573800	-20.541140	 18.745190	 9.482183	 179.230400	-3.484329	 9.763539	 74.828290	-4.963052	 8.291620	 143.541400	-33.828840	-16.577130	-27.449090	 10.648500	-0.528959	 0.093675	 35.370370	-0.405495	 3.620178	 0.000000	 90.000000	 0.000000	 175.082400	 8.612818	 172.844600	-173.577800	-15.012090	-32.879500
-0.049542	-0.074269	-0.018030	-174.745800	 1.302647	-90.745730	-4.785498	-1.560662	-7.019717	-4.087781	-5.396475	-6.674586	 1.365585	-5.550401	 110.561800	-0.813313	 0.122417	-8.559153	-53.778070	-22.573260	 18.531890	-3.476336	 25.152530	 1.340062	-19.516130	 20.008100	-53.627170	-11.582920	-4.601621	 9.666660	 2.503291	-1.126934	 4.548135	 3.270450	-0.643668	-80.071260	 3.988647	 3.183811	 11.898330	-0.275389	 3.148105	 9.181604	 2.909473	 4.319721	-70.582970	 37.401550	 19.796770	 14.823390	-6.821038	 19.211720	 10.901230	-5.647730	 19.246400	-70.660810	 18.566550	 10.449870	 21.101040	-3.898340	 9.395206	 9.518596	-0.473063	 9.966733	-72.614270	-51.617550	-12.041010	-7.588076	 16.022730	-0.540169	 0.139211	 14.789960	-0.368235	 3.437935	 0.399550	 0.203748	 90.228830	-91.582510	 8.964102	-83.358780	-178.166100	-10.856560	 99.468580	-0.813313	 0.122417	-8.559153	-87.155760	-25.296760	-24.859470	-2.036111	-11.948050	 1.505800	 13.740550	-21.206720	-11.700630	-4.722507	-1.848894	 7.817943	 2.511384	-1.127208	-4.424020	 3.298763	-1.142291	-89.713040	-13.781470	-15.897380	 68.376630	-0.135476	 3.282960	 78.727920	 0.190489	 7.210379	-12.082860	 29.678520	 12.055540	 58.453350	-7.249035	 21.212130	-167.897900	-4.716915	 19.573800	-20.541310	 18.750620	 9.447914	 178.691800	-3.484329	 9.763537	 74.828070	-4.983132	 8.316682	 142.807900	-33.793290	-16.510380	-27.174620	 7.226886	-0.519544	 0.065315	 35.370370	-0.405495	 3.620178	 0.000000	 90.000000	 0.000000	 175.072000	 8.617269	 172.859600	-173.587500	-15.011080	-32.884990
-0.049564	-0.074218	-0.018045	-174.762600	 1.290910	-90.755240	-4.788688	-1.562087	-7.018497	-4.096975	-5.379144	-6.682117	 1.363013	-5.540640	 110.560900	-0.813313	 0.122417	-8.559153	-53.924440	-22.513550	 18.506930	-3.262604	 25.177600	 1.290282	-19.552720	 19.933650	-53.721020	-11.582920	-4.601621	 9.666660	 2.503291	-1.126934	 4.548135	 3.270450	-0.643668	-80.071260	 3.988685	 3.183828	 11.898330	-0.275389	 3.148105	 9.181604	 2.909477	 4.319710	-70.583140	 37.403030	 19.797310	 14.822890	-6.821038	 19.211720	 10.901230	-5.647700	 19.246400	-70.659350	 18.566670	 10.449930	 21.101020	-3.898340	 9.395206	 9.518596	-0.473063	 9.966733	-72.614270	-51.617550	-12.041010	-7.588076	 16.022730	-0.540169	 0.139211	 14.789960	-0.368235	 3.437935	 0.400904	 0.184521	 90.228960	-91.607990	 8.979208	-83.373950	-178.164300	-10.863810	 99.475740	-0.813313	 0.122417	-8.559153	-87.166170	-25.244650	-24.937520	-2.038464	-11.951490	 1.506513	 13.741430	-21.217590	-11.740780	-4.725548	-1.849942	 7.820468	 2.511382	-1.127208	-4.420609	 3.298767	-1.142150	-89.710320	-13.662490	-15.755190	 68.408340	-0.135476	 3.282960	 78.727710	 0.190504	 7.210375	-12.083070	 29.678540	 12.055580	 58.453220	-7.237475	 21.214360	-168.520400	-4.716920	 19.573800	-20.541490	 18.755840	 9.412734	 178.139800	-3.484330	 9.763536	 74.827870	-5.003382	 8.342638	 142.055900	-33.757230	-16.441800	-26.893420	 3.719710	-0.508167	 0.036882	 35.370370	-0.405495	 3.620178	 0.000000	 90.000000	 0.000000	 175.061800	 8.621780	 172.875900	-173.594500	-15.011220	-32.889120
-0.049610	-0.074159	-0.018067	-174.776000	 1.277050	-90.766200	-4.792225	-1.563850	-7.017367	-4.109229	-5.369411	-6.691412	 1.360143	-5.529743	 110.559900	-0.813313	 0.122417	-8.559153	-54.144330	-22.339310	 18.444590	-3.055546	 25.202720	 1.247786	-19.564850	 19.734460	-53.863380	-11.582920	-4.601621	 9.666660	 2.503291	-1.126934	 4.548135	 3.270450	-0.643668	-80.071260	 3.988550	 3.183769	 11.898340	-0.275389	 3.148105	 9.181604	 2.909480	 4.319696	-70.583330	 37.404790	 19.797950	 14.822280	-6.821038	 19.211720	 10.901230	-5.647666	 19.246390	-70.657670	 18.566500	 10.449850	 21.101050	-3.898340	 9.395206	 9.518596	-0.473063	 9.966733	-72.614270	-51.617550	-12.041010	-7.588076	 16.022730	-0.540169	 0.139211	 14.789960	-0.368235	 3.437935	 0.402512	 0.161461	 90.229110	-91.639470	 8.995248	-83.375120	-178.162800	-10.871580	 99.478900	-0.813313	 0.122417	-8.559153	-87.179600	-25.189330	-25.028090	-2.040488	-11.952560	 1.506876	 13.744470	-21.220140	-11.762210	-4.730955	-1.851569	 7.828314	 2.511372	-1.127207	-4.410148	 3.298779	-1.141720	-89.702030	-13.522950	-15.588100	 68.445170	-0.135476	 3.282959	 78.727440	 0.190520	 7.210369	-12.083310	 29.678550	 12.055620	 58.453060	-7.223735	 21.216830	-169.258200	-4.716923	 19.573790	-20.541720	 18.761590	 9.370969	 177.485500	-3.484330	 9.763533	 74.827610	-5.026938	 8.373745	 141.164400	-33.714950	-16.360310	-26.560390	-0.437326	-0.492443	 0.004160	 35.370370	-0.405495	 3.620178	 0.000000	 90.000000	 0.000000	 175.050400	 8.627069	 172.896000	-173.595700	-15.014640	-32.892070
-0.049664	-0.074106	-0.018090	-174.782400	 1.265190	-90.775450	-4.795025	-1.565454	-7.016679	-4.120908	-5.369231	-6.699790	 1.357817	-5.520910	 110.559100	-0.813313	 0.122417	-8.559153	-54.314090	-22.205450	 18.387280	-2.890071	 25.220610	 1.211910	-19.580800	 19.584520	-53.968400	-11.582920	-4.601621	 9.666660	 2.503291	-1.126934	 4.548135	 3.270450	-0.643668	-80.071260	 3.988223	 3.183626	 11.898360	-0.275389	 3.148105	 9.181604	 2.909483	 4.319684	-70.583520	 37.406280	 19.798500	 14.821770	-6.821038	 19.211720	 10.901230	-5.647638	 19.246390	-70.656270	 18.566140	 10.449670	 21.101120	-3.898340	 9.395206	 9.518596	-0.473063	 9.966733	-72.614270	-51.617550	-12.041010	-7.588076	 16.022730	-0.540169	 0.139211	 14.789960	-0.368235	 3.437935	 0.403938	 0.141122	 90.229260	-91.667530	 9.007768	-83.367510	-178.162000	-10.877410	 99.477480	-0.813313	 0.122417	-8.559153	-87.192330	-25.147300	-25.105220	-2.041517	-11.952000	 1.506758	 13.744440	-21.214340	-11.762260	-4.737145	-1.853302	 7.839173	 2.511359	-1.127206	-4.395749	 3.298795	-1.141128	-89.690600	-13.402740	-15.443880	 68.476620	-0.135476	 3.282959	 78.727230	 0.190533	 7.210363	-12.083510	 29.678570	 12.055650	 58.452950	-7.211751	 21.218860	-169.900500	-4.716925	 19.573790	-20.541900	 18.766200	 9.334562	 176.916000	-3.484331	 9.763531	 74.827370	-5.047045	 8.401113	 140.388300	-33.678570	-16.289200	-26.270720	-4.054420	-0.476871	-0.023322	 35.370370	-0.405495	 3.620178	 0.000000	 90.000000	 0.000000	 175.041200	 8.631646	 172.913800	-173.591600	-15.019930	-32.893090
-0.049727	-0.074054	-0.018114	-174.784400	 1.253689	-90.784430	-4.797600	-1.567073	-7.016259	-4.133307	-5.375445	-6.708336	 1.355688	-5.512821	 110.558400	-0.813313	 0.122417	-8.559153	-54.460890	-22.095020	 18.338050	-2.738008	 25.235110	 1.177235	-19.609330	 19.462870	-54.052510	-11.582920	-4.601621	 9.666660	 2.503291	-1.126934	 4.548135	 3.270450	-0.643668	-80.071260	 3.987779	 3.183432	 11.898390	-0.275389	 3.148105	 9.181604	 2.909487	 4.319671	-70.583720	 37.407760	 19.799040	 14.821270	-6.821038	 19.211720	 10.901230	-5.647613	 19.246390	-70.654930	 18.565590	 10.449380	 21.101220	-3.898340	 9.395206	 9.518596	-0.473063	 9.966733	-72.614270	-51.617550	-12.041010	-7.588076	 16.022730	-0.540169	 0.139211	 14.789960	-0.368235	 3.437935	 0.405358	 0.120760	 90.229390	-91.695770	 9.018868	-83.353320	-178.161600	-10.882180	 99.473660	-0.813313	 0.122417	-8.559153	-87.205710	-25.110460	-25.179930	-2.042011	-11.949910	 1.506301	 13.742140	-21.202170	-11.747860	-4.744578	-1.855302	 7.853363	 2.511342	-1.127205	-4.376950	 3.298816	-1.140356	-89.675700	-13.284730	-15.302040	 68.507180	-0.135476	 3.282959	 78.727030	 0.190547	 7.210361	-12.083710	 29.678580	 12.055680	 58.452810	-7.199847	 21.220740	-170.537200	-4.716928	 19.573790	-20.542100	 18.770400	 9.298438	 176.351600	-3.484333	 9.763529	 74.827180	-5.066606	 8.428505	 139.619100	-33.642900	-16.218570	-25.983830	-7.639410	-0.459758	-0.049536	 35.370370	-0.405495	 3.620178	 0.000000	 90.000000	 0.000000	 175.032500	 8.636174	 172.931400	-173.583600	-15.026820	-32.892870
-0.049813	-0.073992	-0.018142	-174.781800	 1.240154	-90.795070	-4.800450	-1.569107	-7.016114	-4.149320	-5.390251	-6.719054	 1.353347	-5.503925	 110.557700	-0.813313	 0.122417	-8.559153	-54.613520	-21.987690	 18.287220	-2.567923	 25.248890	 1.136602	-19.645140	 19.342480	-54.134970	-11.582920	-4.601621	 9.666660	 2.503291	-1.126934	 4.548135	 3.270450	-0.643668	-80.071260	 3.987048	 3.183113	 11.898430	-0.275389	 3.148105	 9.181604	 2.909490	 4.319656	-70.583920	 37.409530	 19.799690	 14.820660	-6.821038	 19.211720	 10.901230	-5.647580	 19.246380	-70.653380	 18.564690	 10.448920	 21.101400	-3.898340	 9.395206	 9.518596	-0.473063	 9.966733	-72.614270	-51.617550	-12.041010	-7.588076	 16.022730	-0.540169	 0.139211	 14.789960	-0.368235	 3.437935	 0.407084	 0.095684	 90.229570	-91.730680	 9.030382	-83.328360	-178.161500	-10.886380	 99.466060	-0.813313	 0.122417	-8.559153	-87.222270	-25.069390	-25.268300	-2.042300	-11.943350	 1.505491	 13.736450	-21.179760	-11.714180	-4.755227	-1.858080	 7.875021	 2.511317	-1.127203	-4.348269	 3.298847	-1.139178	-89.652960	-13.142060	-15.130230	 68.543760	-0.135476	 3.282957	 78.726760	 0.190564	 7.210355	-12.083960	 29.678590	 12.055710	 58.452660	-7.185277	 21.222880	-171.314900	-4.716930	 19.573790	-20.542310	 18.775050	 9.254256	 175.662200	-3.484332	 9.763529	 74.826900	-5.089991	 8.462310	 138.679400	-33.599890	-16.132060	-25.633670	-12.017310	-0.436682	-0.080015	 35.370370	-0.405495	 3.620178	 0.000000	 90.000000	 0.000000	 175.022600	 8.641702	 172.952500	-173.569800	-15.036810	-32.891150
-0.049891	-0.073943	-0.018164	-174.776200	 1.229394	-90.803660	-4.802608	-1.570849	-7.016287	-4.163304	-5.407431	-6.728210	 1.351626	-5.497383	 110.557100	-0.813313	 0.122417	-8.559153	-54.720130	-21.919360	 18.252000	-2.438765	 25.257440	 1.104499	-19.675310	 19.263720	-54.188040	-11.582920	-4.601621	 9.666660	 2.503291	-1.126934	 4.548135	 3.270450	-0.643668	-80.071260	 3.986313	 3.182792	 11.898470	-0.275389	 3.148105	 9.181604	 2.909493	 4.319641	-70.584120	 37.410990	 19.800220	 14.820160	-6.821038	 19.211720	 10.901230	-5.647555	 19.246380	-70.652150	 18.563740	 10.448430	 21.101590	-3.898340	 9.395206	 9.518596	-0.473063	 9.966733	-72.614270	-51.617550	-12.041010	-7.588076	 16.022730	-0.540169	 0.139211	 14.789960	-0.368235	 3.437935	 0.408543	 0.074564	 90.229690	-91.760060	 9.038353	-83.302230	-178.161900	-10.888380	 99.457480	-0.813313	 0.122417	-8.559153	-87.236220	-25.038250	-25.339520	-2.042309	-11.935100	 1.504617	 13.729620	-21.155710	-11.675260	-4.765353	-1.860664	 7.896488	 2.511292	-1.127200	-4.319864	 3.298878	-1.138013	-89.630480	-13.024320	-14.988160	 68.573620	-0.135477	 3.282957	 78.726550	 0.190576	 7.210352	-12.084140	 29.678610	 12.055750	 58.452530	-7.173104	 21.224510	-171.963400	-4.716933	 19.573790	-20.542500	 18.778510	 9.217374	 175.087500	-3.484332	 9.763526	 74.826690	-5.109066	 8.490793	 137.895600	-33.564450	-16.059750	-25.341910	-15.667620	-0.415719	-0.104021	 35.370370	-0.405495	 3.620178	 0.000000	 90.000000	 0.000000	 175.015000	 8.646278	 172.969500	-173.555800	-15.045950	-32.888660
-0.049972	-0.073897	-0.018185	-174.767900	 1.219169	-90.812010	-4.804541	-1.572609	-7.016720	-4.177783	-5.428040	-6.737567	 1.350132	-5.491707	 110.556600	-0.813313	 0.122417	-8.559153	-54.809970	-21.868280	 18.222530	-2.319995	 25.263620	 1.074043	-19.705760	 19.202640	-54.228180	-11.582920	-4.601621	 9.666660	 2.503291	-1.126934	 4.548135	 3.270450	-0.643668	-80.071260	 3.985447	 3.182413	 11.898530	-0.275389	 3.148105	 9.181604	 2.909497	 4.319627	-70.584320	 37.412450	 19.800750	 14.819660	-6.821038	 19.211720	 10.901230	-5.647531	 19.246380	-70.650950	 18.562650	 10.447870	 21.101800	-3.898340	 9.395206	 9.518596	-0.473063	 9.966733	-72.614270	-51.617550	-12.041010	-7.588076	 16.022730	-0.540169	 0.139211	 14.789960	-0.368235	 3.437935	 0.410020	 0.053245	 90.229850	-91.789680	 9.044888	-83.272130	-178.162600	-10.888980	 99.447060	-0.813313	 0.122417	-8.559153	-87.250380	-25.009820	-25.408750	-2.042103	-11.924660	 1.503571	 13.721050	-21.127490	-11.628570	-4.776618	-1.863502	 7.920934	 2.511262	-1.127198	-4.287515	 3.298912	-1.136684	-89.604840	-12.907080	-14.846460	 68.603090	-0.135477	 3.282956	 78.726330	 0.190590	 7.210347	-12.084340	 29.678620	 12.055770	 58.452400	-7.160852	 21.226030	-172.615200	-4.716937	 19.573780	-20.542680	 18.781610	 9.180274	 174.509900	-3.484333	 9.763524	 74.826460	-5.127836	 8.519670	 137.108000	-33.529230	-15.986930	-25.048900	-19.335400	-0.393153	-0.126755	 35.370370	-0.405495	 3.620178	 0.000000	 90.000000	 0.000000	 175.008000	 8.650869	 172.985600	-173.540100	-15.055420	-32.885370
-0.050070	-0.073846	-0.018208	-174.755500	 1.207762	-90.821620	-4.806581	-1.574779	-7.017601	-4.195500	-5.455904	-6.748972	 1.348657	-5.486094	 110.556200	-0.813313	 0.122417	-8.559153	-54.896540	-21.828110	 18.194400	-2.191818	 25.268340	 1.040193	-19.742210	 19.151110	-54.260250	-11.582920	-4.601621	 9.666660	 2.503291	-1.126934	 4.548135	 3.270450	-0.643668	-80.071260	 3.984309	 3.181916	 11.898590	-0.275389	 3.148105	 9.181604	 2.909501	 4.319609	-70.584580	 37.414160	 19.801380	 14.819080	-6.821038	 19.211720	 10.901230	-5.647502	 19.246380	-70.649600	 18.561190	 10.447120	 21.102080	-3.898340	 9.395206	 9.518596	-0.473063	 9.966733	-72.614270	-51.617550	-12.041010	-7.588076	 16.022730	-0.540169	 0.139211	 14.789960	-0.368235	 3.437935	 0.411801	 0.027516	 90.230020	-91.825160	 9.050821	-83.232150	-178.164000	-10.888290	 99.432400	-0.813313	 0.122417	-8.559153	-87.267410	-24.979360	-25.488440	-2.041584	-11.910000	 1.502160	 13.708790	-21.089320	-11.565620	-4.791381	-1.867175	 7.953779	 2.511224	-1.127195	-4.244073	 3.298958	-1.134902	-89.570450	-12.768070	-14.678120	 68.637680	-0.135477	 3.282955	 78.726080	 0.190607	 7.210342	-12.084600	 29.678630	 12.055810	 58.452230	-7.146149	 21.227670	-173.396000	-4.716940	 19.573780	-20.542890	 18.784820	 9.135798	 173.818000	-3.484334	 9.763521	 74.826210	-5.149796	 8.554599	 136.164300	-33.487580	-15.899490	-24.698190	-23.728450	-0.364281	-0.152010	 35.370370	-0.405495	 3.620178	 0.000000	 90.000000	 0.000000	 175.000300	 8.656391	 173.003400	-173.520500	-15.066580	-32.880580
-0.050153	-0.073807	-0.018226	-174.743400	 1.198766	-90.829540	-4.808118	-1.576658	-7.018671	-4.210962	-5.481463	-6.758933	 1.347643	-5.482232	 110.555900	-0.813313	 0.122417	-8.559153	-54.954280	-21.809990	 18.175810	-2.093361	 25.270320	 1.013522	-19.773370	 19.123880	-54.275090	-11.582920	-4.601621	 9.666660	 2.503291	-1.126934	 4.548135	 3.270450	-0.643668	-80.071260	 3.983210	 3.181436	 11.898650	-0.275389	 3.148105	 9.181604	 2.909505	 4.319592	-70.584820	 37.415610	 19.801910	 14.818590	-6.821038	 19.211720	 10.901230	-5.647479	 19.246380	-70.648500	 18.559790	 10.446400	 21.102350	-3.898340	 9.395206	 9.518596	-0.473063	 9.966733	-72.614270	-51.617550	-12.041010	-7.588076	 16.022730	-0.540169	 0.139211	 14.789960	-0.368235	 3.437935	 0.413364	 0.005315	 90.230180	-91.855600	 9.054313	-83.195340	-178.165400	-10.886590	 99.418140	-0.813313	 0.122417	-8.559153	-87.282150	-24.956240	-25.554130	-2.040926	-11.896070	 1.500780	 13.696740	-21.053600	-11.507820	-4.805160	-1.870578	 7.984914	 2.511187	-1.127192	-4.202919	 3.298999	-1.133213	-89.537850	-12.649670	-14.534480	 68.666790	-0.135477	 3.282955	 78.725860	 0.190621	 7.210336	-12.084800	 29.678640	 12.055840	 58.452120	-7.133482	 21.228940	-174.067700	-4.716943	 19.573780	-20.543070	 18.787160	 9.097501	 173.222900	-3.484335	 9.763519	 74.825980	-5.168221	 8.584930	 135.352400	-33.452220	-15.824070	-24.396700	-27.506860	-0.337959	-0.171905	 35.370370	-0.405495	 3.620178	 0.000000	 90.000000	 0.000000	 174.994300	 8.661133	 173.017000	-173.503700	-15.075560	-32.875870
-0.050234	-0.073771	-0.018242	-174.730500	 1.190548	-90.837180	-4.809435	-1.578584	-7.020033	-4.226664	-5.507891	-6.769111	 1.346836	-5.479156	 110.555700	-0.813313	 0.122417	-8.559153	-54.998360	-21.805410	 18.161810	-2.004357	 25.270600	 0.988871	-19.804510	 19.110770	-54.279170	-11.582920	-4.601621	 9.666660	 2.503291	-1.126934	 4.548135	 3.270450	-0.643668	-80.071260	 3.982034	 3.180922	 11.898730	-0.275389	 3.148105	 9.181604	 2.909510	 4.319577	-70.585070	 37.417050	 19.802440	 14.818100	-6.821038	 19.211720	 10.901230	-5.647458	 19.246380	-70.647440	 18.558280	 10.445630	 21.102640	-3.898340	 9.395206	 9.518596	-0.473063	 9.966733	-72.614270	-51.617550	-12.041010	-7.588076	 16.022730	-0.540169	 0.139211	 14.789960	-0.368235	 3.437935	 0.414917	-0.017265	 90.230310	-91.886180	 9.056408	-83.156780	-178.167100	-10.883950	 99.402390	-0.813313	 0.122417	-8.559153	-87.297080	-24.935690	-25.617820	-2.040095	-11.881110	 1.499315	 13.683370	-21.015520	-11.448180	-4.819998	-1.874220	 8.018881	 2.511147	-1.127188	-4.158009	 3.299043	-1.131370	-89.502280	-12.531000	-14.390280	 68.695700	-0.135477	 3.282954	 78.725620	 0.190635	 7.210331	-12.085010	 29.678670	 12.055880	 58.451990	-7.120651	 21.230080	-174.747400	-4.716943	 19.573780	-20.543260	 18.789100	 9.058739	 172.620900	-3.484333	 9.763517	 74.825740	-5.186418	 8.615877	 134.531000	-33.416890	-15.747620	-24.091930	-31.329190	-0.310052	-0.190226	 35.370370	-0.405495	 3.620178	 0.000000	 90.000000	 0.000000	 174.988900	 8.665948	 173.029000	-173.487400	-15.083610	-32.870720
-0.050321	-0.073737	-0.018257	-174.715400	 1.182175	-90.845650	-4.810729	-1.580831	-7.021998	-4.244925	-5.538145	-6.781085	 1.346133	-5.476472	 110.555600	-0.813313	 0.122417	-8.559153	-55.033290	-21.815560	 18.150940	-1.913450	 25.269250	 0.963125	-19.840210	 19.111830	-54.271390	-11.582920	-4.601621	 9.666660	 2.503291	-1.126934	 4.548135	 3.270450	-0.643668	-80.071260	 3.980588	 3.180290	 11.898810	-0.275389	 3.148105	 9.181604	 2.909515	 4.319557	-70.585350	 37.418720	 19.803050	 14.817520	-6.821038	 19.211720	 10.901230	-5.647434	 19.246380	-70.646290	 18.556380	 10.444660	 21.103000	-3.898340	 9.395206	 9.518596	-0.473063	 9.966733	-72.614270	-51.617550	-12.041010	-7.588076	 16.022730	-0.540169	 0.139211	 14.789960	-0.368235	 3.437935	 0.416762	-0.043689	 90.230490	-91.921460	 9.057026	-83.111200	-178.169400	-10.879790	 99.382510	-0.813313	 0.122417	-8.559153	-87.314560	-24.915250	-25.688540	-2.038918	-11.863160	 1.497449	 13.666470	-20.969530	-11.379810	-4.838396	-1.878719	 8.061455	 2.511096	-1.127184	-4.101723	 3.299098	-1.129061	-89.457720	-12.393890	-14.223350	 68.728740	-0.135477	 3.282953	 78.725360	 0.190651	 7.210328	-12.085250	 29.678670	 12.055910	 58.451820	-7.105659	 21.231220	-175.540600	-4.716947	 19.573770	-20.543480	 18.790850	 9.013478	 171.918400	-3.484335	 9.763515	 74.825490	-5.207090	 8.652322	 133.572100	-33.376230	-15.658180	-23.736470	-35.789730	-0.276039	-0.209199	 35.370370	-0.405495	 3.620178	 0.000000	 90.000000	 0.000000	 174.983400	 8.671609	 173.040300	-173.470500	-15.091170	-32.864400
-0.050389	-0.073713	-0.018267	-174.702800	 1.176025	-90.852630	-4.811583	-1.582834	-7.024050	-4.260765	-5.563203	-6.791677	 1.345723	-5.474902	 110.555600	-0.813313	 0.122417	-8.559153	-55.050700	-21.836440	 18.145730	-1.844673	 25.266840	 0.943231	-19.870850	 19.125600	-54.254550	-11.582920	-4.601621	 9.666660	 2.503291	-1.126934	 4.548135	 3.270450	-0.643668	-80.071260	 3.979240	 3.179701	 11.898890	-0.275389	 3.148105	 9.181604	 2.909519	 4.319540	-70.585620	 37.420140	 19.803570	 14.817040	-6.821038	 19.211720	 10.901230	-5.647413	 19.246380	-70.645300	 18.554650	 10.443770	 21.103340	-3.898340	 9.395206	 9.518596	-0.473063	 9.966733	-72.614270	-51.617550	-12.041010	-7.588076	 16.022730	-0.540169	 0.139211	 14.789960	-0.368235	 3.437935	 0.418402	-0.066921	 90.230640	-91.951980	 9.056008	-83.071660	-178.171600	-10.875340	 99.363950	-0.813313	 0.122417	-8.559153	-87.329850	-24.900380	-25.747300	-2.037690	-11.847460	 1.495747	 13.650760	-20.928650	-11.323230	-4.855387	-1.882854	 8.101252	 2.511049	-1.127181	-4.049138	 3.299146	-1.126903	-89.416090	-12.274690	-14.077960	 68.757150	-0.135477	 3.282953	 78.725140	 0.190664	 7.210322	-12.085440	 29.678700	 12.055950	 58.451700	-7.092479	 21.232080	-176.237300	-4.716949	 19.573770	-20.543680	 18.791930	 8.973710	 171.301500	-3.484336	 9.763514	 74.825270	-5.224736	 8.684606	 132.729900	-33.341000	-15.579440	-23.424560	-39.706340	-0.245034	-0.223628	 35.370370	-0.405495	 3.620178	 0.000000	 90.000000	 0.000000	 174.979300	 8.676609	 173.047600	-173.458100	-15.095740	-32.858720
-0.050446	-0.073695	-0.018274	-174.691700	 1.171163	-90.859050	-4.812225	-1.584778	-7.026356	-4.275957	-5.585404	-6.802091	 1.345484	-5.473971	 110.555600	-0.813313	 0.122417	-8.559153	-55.057010	-21.866180	 18.144120	-1.786852	 25.263600	 0.926153	-19.900050	 19.149240	-54.229950	-11.582920	-4.601621	 9.666660	 2.503291	-1.126934	 4.548135	 3.270450	-0.643668	-80.071260	 3.977889	 3.179111	 11.898970	-0.275389	 3.148105	 9.181604	 2.909523	 4.319521	-70.585880	 37.421510	 19.804070	 14.816570	-6.821038	 19.211720	 10.901230	-5.647398	 19.246370	-70.644430	 18.552880	 10.442860	 21.103690	-3.898340	 9.395206	 9.518596	-0.473063	 9.966733	-72.614270	-51.617550	-12.041010	-7.588076	 16.022730	-0.540169	 0.139211	 14.789960	-0.368235	 3.437935	 0.420001	-0.089691	 90.230800	-91.981360	 9.053660	-83.034160	-178.173900	-10.870320	 99.344970	-0.813313	 0.122417	-8.559153	-87.344860	-24.888560	-25.801830	-2.036327	-11.832550	 1.494009	 13.634720	-20.888850	-11.273030	-4.872782	-1.887086	 8.142189	 2.511001	-1.127177	-3.995041	 3.299196	-1.124684	-89.373260	-12.159040	-13.936680	 68.784410	-0.135478	 3.282952	 78.724940	 0.190679	 7.210319	-12.085670	 29.678700	 12.055970	 58.451570	-7.079563	 21.232770	-176.919500	-4.716952	 19.573770	-20.543850	 18.792550	 8.934763	 170.697400	-3.484337	 9.763513	 74.825040	-5.241549	 8.716460	 131.905200	-33.306950	-15.502180	-23.119380	-43.540730	-0.213787	-0.235671	 35.370370	-0.405495	 3.620178	 0.000000	 90.000000	 0.000000	 174.975900	 8.681528	 173.052100	-173.449200	-15.098130	-32.853200
-0.050500	-0.073683	-0.018279	-174.680500	 1.166909	-90.866340	-4.812715	-1.587159	-7.029545	-4.293943	-5.608239	-6.814788	 1.345382	-5.473555	 110.555800	-0.813313	 0.122417	-8.559153	-55.051930	-21.912880	 18.146230	-1.728688	 25.258840	 0.908515	-19.934420	 19.189800	-54.190410	-11.582920	-4.601621	 9.666660	 2.503291	-1.126934	 4.548135	 3.270450	-0.643668	-80.071260	 3.976173	 3.178360	 11.899070	-0.275389	 3.148105	 9.181604	 2.909529	 4.319498	-70.586200	 37.423130	 19.804660	 14.816020	-6.821038	 19.211720	 10.901230	-5.647377	 19.246370	-70.643440	 18.550670	 10.441730	 21.104110	-3.898340	 9.395206	 9.518596	-0.473063	 9.966733	-72.614270	-51.617550	-12.041010	-7.588076	 16.022730	-0.540169	 0.139211	 14.789960	-0.368235	 3.437935	 0.421960	-0.117477	 90.230980	-92.016370	 9.049010	-82.991190	-178.177000	-10.863470	 99.320950	-0.813313	 0.122417	-8.559153	-87.363040	-24.877730	-25.864100	-2.034493	-11.815570	 1.491852	 13.614560	-20.841590	-11.221450	-4.894833	-1.892443	 8.194489	 2.510939	-1.127172	-3.925917	 3.299255	-1.121847	-89.318530	-12.019440	-13.765850	 68.816980	-0.135478	 3.282951	 78.724670	 0.190695	 7.210314	-12.085900	 29.678720	 12.056010	 58.451420	-7.063805	 21.233410	-177.751200	-4.716957	 19.573760	-20.544080	 18.792760	 8.887272	 169.961200	-3.484337	 9.763509	 74.824780	-5.261418	 8.755619	 130.899600	-33.266070	-15.407780	-22.747580	-48.214790	-0.174724	-0.247492	 35.370370	-0.405495	 3.620178	 0.000000	 90.000000	 0.000000	 174.972700	 8.687581	 173.053700	-173.443600	-15.098110	-32.846790
-0.050532	-0.073680	-0.018279	-174.673900	 1.164868	-90.871880	-4.812892	-1.589143	-7.032531	-4.308264	-5.622659	-6.825336	 1.345437	-5.473737	 110.556000	-0.813313	 0.122417	-8.559153	-55.038350	-21.958690	 18.150920	-1.690166	 25.254510	 0.896451	-19.961690	 19.231660	-54.150750	-11.582920	-4.601621	 9.666660	 2.503291	-1.126934	 4.548135	 3.270450	-0.643668	-80.071260	 3.974728	 3.177730	 11.899150	-0.275389	 3.148105	 9.181604	 2.909534	 4.319479	-70.586470	 37.424450	 19.805150	 14.815570	-6.821038	 19.211720	 10.901230	-5.647361	 19.246370	-70.642670	 18.548800	 10.440770	 21.104480	-3.898340	 9.395206	 9.518596	-0.473063	 9.966733	-72.614270	-51.617550	-12.041010	-7.588076	 16.022730	-0.540169	 0.139211	 14.789960	-0.368235	 3.437935	 0.423603	-0.140513	 90.231110	-92.044620	 9.043737	-82.958720	-178.179600	-10.857280	 99.300540	-0.813313	 0.122417	-8.559153	-87.378010	-24.871730	-25.912160	-2.032795	-11.802870	 1.490017	 13.597590	-20.804200	-11.188790	-4.913764	-1.897038	 8.239698	 2.510886	-1.127168	-3.866169	 3.299305	-1.119396	-89.271230	-11.904850	-13.625370	 68.843410	-0.135478	 3.282951	 78.724450	 0.190708	 7.210310	-12.086100	 29.678730	 12.056050	 58.451280	-7.050731	 21.233780	-178.440900	-4.716959	 19.573760	-20.544280	 18.792470	 8.847890	 169.350700	-3.484338	 9.763509	 74.824540	-5.277369	 8.788351	 130.065600	-33.232650	-15.329310	-22.439500	-52.090230	-0.141686	-0.254843	 35.370370	-0.405495	 3.620178	 0.000000	 90.000000	 0.000000	 174.970700	 8.692638	 173.051600	-173.443500	-15.095640	-32.841830
-0.050555	-0.073685	-0.018276	-174.670100	 1.164251	-90.877110	-4.812869	-1.591146	-7.035884	-4.322311	-5.632346	-6.836121	 1.345609	-5.474355	 110.556400	-0.813313	 0.122417	-8.559153	-55.016740	-22.010980	 18.158100	-1.659509	 25.249900	 0.886419	-19.988480	 19.281070	-54.104380	-11.582920	-4.601621	 9.666660	 2.503291	-1.126934	 4.548135	 3.270450	-0.643668	-80.071260	 3.973224	 3.177073	 11.899240	-0.275389	 3.148105	 9.181604	 2.909538	 4.319458	-70.586780	 37.425800	 19.805640	 14.815110	-6.821038	 19.211720	 10.901230	-5.647347	 19.246370	-70.641950	 18.546870	 10.439780	 21.104850	-3.898340	 9.395206	 9.518596	-0.473063	 9.966733	-72.614270	-51.617550	-12.041010	-7.588076	 16.022730	-0.540169	 0.139211	 14.789960	-0.368235	 3.437935	 0.425274	-0.164098	 90.231260	-92.072780	 9.037014	-82.929180	-178.182400	-10.850550	 99.279240	-0.813313	 0.122417	-8.559153	-87.393250	-24.868220	-25.958070	-2.030940	-11.791610	 1.488138	 13.580040	-20.768170	-11.166800	-4.933774	-1.901902	 8.287653	 2.510829	-1.127164	-3.802813	 3.299355	-1.116797	-89.221080	-11.788290	-13.482270	 68.870010	-0.135478	 3.282950	 78.724210	 0.190723	 7.210306	-12.086310	 29.678750	 12.056090	 58.451150	-7.037307	 21.234010	-179.149000	-4.716960	 19.573760	-20.544440	 18.791720	 8.807473	 168.724000	-3.484338	 9.763505	 74.824320	-5.293239	 8.822181	 129.209500	-33.198830	-15.248610	-22.123510	-56.067760	-0.107343	-0.260054	 35.370370	-0.405495	 3.620178	 0.000000	 90.000000	 0.000000	 174.969400	 8.697891	 173.045900	-173.446800	-15.091340	-32.837100
-0.050571	-0.073709	-0.018268	-174.670500	 1.165572	-90.882570	-4.812511	-1.593494	-7.040219	-4.337769	-5.636017	-6.848684	 1.345937	-5.475545	 110.556900	-0.813313	 0.122417	-8.559153	-54.982950	-22.077180	 18.169010	-1.634506	 25.244700	 0.877604	-20.018060	 19.345420	-54.044080	-11.582920	-4.601621	 9.666660	 2.503291	-1.126934	 4.548135	 3.270450	-0.643668	-80.071260	 3.971469	 3.176306	 11.899350	-0.275389	 3.148105	 9.181604	 2.909546	 4.319434	-70.587150	 37.427300	 19.806180	 14.814600	-6.821038	 19.211720	 10.901230	-5.647330	 19.246360	-70.641170	 18.544580	 10.438600	 21.105290	-3.898340	 9.395206	 9.518596	-0.473063	 9.966733	-72.614270	-51.617550	-12.041010	-7.588076	 16.022730	-0.540169	 0.139211	 14.789960	-0.368235	 3.437935	 0.427264	-0.191649	 90.231420	-92.104580	 9.027554	-82.900440	-178.185800	-10.842290	 99.254090	-0.813313	 0.122417	-8.559153	-87.410930	-24.867590	-26.007310	-2.028621	-11.781140	 1.485954	 13.559630	-20.729370	-11.153080	-4.957804	-1.907745	 8.345551	 2.510760	-1.127159	-3.726303	 3.299413	-1.113658	-89.160510	-11.653200	-13.316140	 68.900470	-0.135478	 3.282949	 78.723950	 0.190739	 7.210300	-12.086550	 29.678770	 12.056120	 58.451010	-7.021590	 21.234090	-179.977700	-4.716963	 19.573760	-20.544650	 18.790280	 8.760185	 167.990700	-3.484339	 9.763504	 74.824040	-5.311167	 8.862080	 128.207200	-33.159850	-15.153940	-21.753930	-60.722990	-0.066810	-0.263111	 35.370370	-0.405495	 3.620178	 0.000000	 90.000000	 0.000000	 174.968800	 8.704115	 173.034400	-173.454500	-15.084230	-32.832100
-0.050578	-0.073756	-0.018258	-174.674400	 1.168487	-90.886810	-4.811998	-1.595513	-7.044323	-4.350377	-5.633159	-6.859550	 1.346313	-5.476923	 110.557400	-0.813313	 0.122417	-8.559153	-54.947400	-22.137660	 18.180270	-1.621816	 25.240530	 0.872370	-20.042050	 19.405740	-53.987290	-11.582920	-4.601621	 9.666660	 2.503291	-1.126934	 4.548135	 3.270450	-0.643668	-80.071260	 3.969949	 3.175641	 11.899430	-0.275389	 3.148105	 9.181604	 2.909550	 4.319412	-70.587460	 37.428560	 19.806650	 14.814170	-6.821038	 19.211720	 10.901230	-5.647318	 19.246370	-70.640560	 18.542590	 10.437590	 21.105680	-3.898340	 9.395206	 9.518596	-0.473063	 9.966733	-72.614270	-51.617550	-12.041010	-7.588076	 16.022730	-0.540169	 0.139211	 14.789960	-0.368235	 3.437935	 0.429006	-0.215550	 90.231590	-92.130230	 9.018363	-82.893040	-178.188700	-10.834870	 99.232220	-0.813313	 0.122417	-8.559153	-87.426130	-24.870060	-26.046110	-2.026455	-11.774830	 1.484060	 13.542180	-20.698380	-11.144510	-4.979213	-1.912959	 8.397341	 2.510699	-1.127154	-3.657882	 3.299462	-1.110850	-89.106340	-11.536820	-13.172770	 68.926410	-0.135479	 3.282948	 78.723750	 0.190752	 7.210297	-12.086750	 29.678790	 12.056160	 58.450870	-7.007912	 21.233980	 179.301000	-4.716968	 19.573750	-20.544850	 18.788520	 8.719042	 167.352400	-3.484338	 9.763499	 74.823810	-5.326194	 8.897050	 127.334800	-33.126480	-15.071360	-21.432540	-64.773740	-0.031438	-0.263088	 35.370370	-0.405495	 3.620178	 0.000000	 90.000000	 0.000000	 174.969100	 8.709575	 173.019900	-173.464100	-15.076490	-32.828290
-0.050579	-0.073833	-0.018243	-174.680700	 1.172828	-90.890630	-4.811206	-1.597561	-7.048893	-4.362838	-5.626653	-6.870695	 1.346767	-5.478588	 110.558000	-0.813313	 0.122417	-8.559153	-54.906030	-22.201010	 18.193110	-1.617262	 25.236830	 0.869295	-20.064910	 19.470480	-53.925780	-11.582920	-4.601621	 9.666660	 2.503291	-1.126934	 4.548135	 3.270450	-0.643668	-80.071260	 3.968386	 3.174958	 11.899530	-0.275389	 3.148105	 9.181604	 2.909555	 4.319390	-70.587770	 37.429850	 19.807120	 14.813730	-6.821038	 19.211720	 10.901230	-5.647305	 19.246360	-70.640000	 18.540590	 10.436560	 21.106060	-3.898340	 9.395206	 9.518596	-0.473063	 9.966733	-72.614270	-51.617550	-12.041010	-7.588076	 16.022730	-0.540169	 0.139211	 14.789960	-0.368235	 3.437935	 0.430787	-0.240030	 90.231730	-92.153660	 9.008471	-82.913940	-178.191700	-10.827120	 99.209930	-0.813313	 0.122417	-8.559153	-87.441560	-24.875400	-26.081970	-2.024126	-11.771510	 1.482159	 13.524800	-20.669680	-11.138260	-5.001598	-1.918422	 8.451687	 2.510635	-1.127150	-3.586098	 3.299510	-1.107904	-89.049500	-11.418420	-13.026710	 68.952500	-0.135479	 3.282948	 78.723500	 0.190767	 7.210292	-12.086960	 29.678790	 12.056180	 58.450750	-6.993871	 21.233700	 178.560400	-4.716969	 19.573750	-20.545040	 18.786240	 8.676818	 166.697200	-3.484340	 9.763498	 74.823590	-5.341061	 8.933185	 126.439100	-33.092710	-14.986410	-21.102770	-68.932190	 0.004785	-0.260455	 35.370370	-0.405495	 3.620178	 0.000000	 90.000000	 0.000000	 174.970800	 8.715383	 172.994600	-173.476400	-15.067250	-32.824980
-0.050568	-0.073965	-0.018220	-174.690400	 1.178845	-90.894230	-4.810018	-1.599923	-7.054597	-4.376657	-5.615098	-6.883563	 1.347363	-5.480766	 110.558900	-0.813313	 0.122417	-8.559153	-54.853410	-22.274270	 18.209060	-1.622165	 25.233660	 0.868464	-20.088880	 19.547390	-53.851600	-11.582920	-4.601621	 9.666660	 2.503291	-1.126934	 4.548135	 3.270450	-0.643668	-80.071260	 3.966632	 3.174191	 11.899630	-0.275389	 3.148105	 9.181604	 2.909562	 4.319363	-70.588170	 37.431270	 19.807640	 14.813240	-6.821038	 19.211720	 10.901230	-5.647295	 19.246370	-70.639450	 18.538300	 10.435380	 21.106510	-3.898340	 9.395206	 9.518596	-0.473063	 9.966733	-72.614270	-51.617550	-12.041010	-7.588076	 16.022730	-0.540169	 0.139211	 14.789960	-0.368235	 3.437935	 0.432869	-0.268207	 90.231880	-92.178420	 8.995885	-82.957860	-178.195200	-10.818080	 99.184520	-0.813313	 0.122417	-8.559153	-87.459070	-24.885130	-26.118360	-2.021288	-11.772100	 1.480031	 13.505490	-20.641000	-11.133670	-5.027967	-1.924871	 8.515902	 2.510559	-1.127144	-3.501257	 3.299563	-1.104424	-88.982350	-11.282690	-12.858970	 68.982050	-0.135479	 3.282947	 78.723230	 0.190782	 7.210287	-12.087190	 29.678830	 12.056230	 58.450590	-6.977611	 21.233160	 177.702500	-4.716973	 19.573750	-20.545260	 18.782990	 8.627954	 165.938400	-3.484341	 9.763497	 74.823320	-5.357568	 8.975326	 125.401300	-33.054260	-14.887790	-20.721100	-73.748760	 0.046364	-0.254138	 35.370370	-0.405495	 3.620178	 0.000000	 90.000000	 0.000000	 174.975600	 8.722573	 172.943000	-173.493300	-15.055160	-32.821950
-0.050552	-0.074108	-0.018201	-174.700500	 1.184639	-90.896560	-4.808773	-1.601828	-7.059700	-4.387690	-5.602522	-6.894261	 1.347898	-5.482718	 110.559700	-0.813313	 0.122417	-8.559153	-54.806830	-22.333810	 18.222840	-1.634331	 25.232090	 0.869960	-20.106690	 19.611690	-53.788320	-11.582920	-4.601621	 9.666660	 2.503291	-1.126934	 4.548135	 3.270450	-0.643668	-80.071260	 3.965186	 3.173559	 11.899710	-0.275389	 3.148105	 9.181604	 2.909568	 4.319338	-70.588520	 37.432410	 19.808060	 14.812850	-6.821038	 19.211720	 10.901230	-5.647285	 19.246360	-70.639040	 18.536440	 10.434430	 21.106870	-3.898340	 9.395206	 9.518596	-0.473063	 9.966733	-72.614270	-51.617550	-12.041010	-7.588076	 16.022730	-0.540169	 0.139211	 14.789960	-0.368235	 3.437935	 0.434593	-0.291579	 90.232040	-92.198080	 8.984002	-82.997450	-178.198100	-10.810590	 99.163890	-0.813313	 0.122417	-8.559153	-87.473420	-24.896140	-26.144400	-2.018886	-11.776640	 1.478325	 13.490310	-20.621200	-11.131520	-5.050237	-1.930332	 8.570304	 2.510495	-1.127140	-3.429374	 3.299606	-1.101474	-88.925440	-11.170690	-12.720350	 69.006150	-0.135479	 3.282947	 78.723010	 0.190798	 7.210283	-12.087420	 29.678830	 12.056250	 58.450470	-6.964069	 21.232540	 176.987600	-4.716976	 19.573740	-20.545430	 18.779780	 8.587259	 165.306000	-3.484341	 9.763495	 74.823080	-5.370734	 9.010665	 124.536400	-33.022780	-14.805420	-20.403240	-77.762050	 0.080507	-0.246226	 35.370370	-0.405495	 3.620178	 0.000000	 90.000000	 0.000000	 174.981500	 8.728842	 172.885700	-173.510500	-15.044170	-32.827100
-0.050531	-0.074284	-0.018190	-174.712400	 1.191306	-90.898380	-4.807272	-1.603777	-7.065299	-4.398664	-5.587077	-6.905237	 1.348462	-5.484773	 110.560600	-0.813313	 0.122417	-8.559153	-54.757300	-22.392420	 18.237060	-1.654044	 25.231740	 0.873437	-20.122820	 19.676970	-53.722590	-11.582920	-4.601621	 9.666660	 2.503291	-1.126934	 4.548135	 3.270450	-0.643668	-80.071260	 3.963759	 3.172936	 11.899800	-0.275389	 3.148105	 9.181604	 2.909574	 4.319314	-70.588870	 37.433540	 19.808480	 14.812460	-6.821038	 19.211720	 10.901230	-5.647281	 19.246360	-70.638690	 18.534580	 10.433480	 21.107230	-3.898340	 9.395206	 9.518596	-0.473063	 9.966733	-72.614270	-51.617550	-12.041010	-7.588076	 16.022730	-0.540169	 0.139211	 14.789960	-0.368235	 3.437935	 0.436395	-0.315511	 90.232160	-92.218320	 8.969963	-83.029060	-178.200900	-10.803000	 99.143250	-0.813313	 0.122417	-8.559153	-87.487880	-24.910150	-26.167070	-2.016289	-11.785560	 1.476676	 13.475690	-20.605130	-11.130470	-5.073406	-1.936029	 8.627037	 2.510427	-1.127135	-3.354416	 3.299647	-1.098398	-88.866080	-11.056370	-12.578670	 69.030470	-0.135479	 3.282946	 78.722790	 0.190811	 7.210280	-12.087620	 29.678840	 12.056290	 58.450340	-6.950126	 21.231740	 176.250900	-4.716979	 19.573740	-20.545610	 18.776000	 8.545377	 164.654600	-3.484341	 9.763494	 74.822850	-5.383734	 9.047279	 123.645100	-32.990820	-14.720410	-20.076030	-81.896390	 0.115010	-0.235602	 35.370370	-0.405495	 3.620178	 0.000000	 90.000000	 0.000000	 174.988800	 8.735447	 172.817000	-173.532400	-15.032130	-32.847600
-0.050500	-0.074511	-0.018186	-174.728000	 1.199840	-90.899750	-4.805249	-1.605989	-7.072180	-4.410860	-5.566496	-6.917861	 1.349131	-5.487195	 110.561700	-0.813313	 0.122417	-8.559153	-54.699410	-22.455060	 18.253070	-1.685578	 25.233220	 0.879864	-20.138480	 19.749590	-53.647050	-11.582920	-4.601621	 9.666660	 2.503291	-1.126934	 4.548135	 3.270450	-0.643668	-80.071260	 3.962159	 3.172237	 11.899890	-0.275389	 3.148105	 9.181604	 2.909581	 4.319285	-70.589290	 37.434820	 19.808940	 14.812030	-6.821038	 19.211720	 10.901230	-5.647274	 19.246360	-70.638340	 18.532540	 10.432430	 21.107620	-3.898340	 9.395206	 9.518596	-0.473063	 9.966733	-72.614270	-51.617550	-12.041010	-7.588076	 16.022730	-0.540169	 0.139211	 14.789960	-0.368235	 3.437935	 0.438480	-0.342930	 90.232320	-92.241930	 8.951367	-83.050080	-178.204100	-10.794510	 99.120420	-0.813313	 0.122417	-8.559153	-87.504180	-24.929700	-26.187860	-2.013195	-11.798920	 1.474799	 13.460100	-20.589970	-11.130910	-5.100356	-1.942675	 8.693210	 2.510349	-1.127130	-3.266990	 3.299689	-1.094810	-88.796880	-10.925740	-12.416510	 69.057930	-0.135479	 3.282945	 78.722500	 0.190826	 7.210274	-12.087840	 29.678860	 12.056330	 58.450180	-6.934052	 21.230610	 175.400800	-4.716983	 19.573740	-20.545850	 18.771030	 8.497092	 163.902800	-3.484342	 9.763489	 74.822570	-5.398021	 9.089777	 122.616400	-32.954600	-14.622080	-19.698650	-86.667370	 0.153742	-0.220279	 35.370370	-0.405495	 3.620178	 0.000000	 90.000000	 0.000000	 174.998400	 8.743199	 172.730100	-173.561600	-15.017540	-32.886220
-0.050470	-0.074721	-0.018187	-174.743200	 1.208108	-90.900310	-4.803233	-1.607881	-7.078660	-4.421268	-5.546155	-6.928999	 1.349708	-5.489268	 110.562800	-0.813313	 0.122417	-8.559153	-54.648580	-22.504710	 18.266440	-1.721082	 25.236440	 0.887644	-20.149520	 19.810200	-53.581370	-11.582920	-4.601621	 9.666660	 2.503291	-1.126934	 4.548135	 3.270450	-0.643668	-80.071260	 3.960829	 3.171657	 11.899970	-0.275389	 3.148105	 9.181604	 2.909587	 4.319259	-70.589670	 37.435890	 19.809330	 14.811660	-6.821038	 19.211720	 10.901230	-5.647269	 19.246360	-70.638130	 18.530810	 10.431540	 21.107960	-3.898340	 9.395206	 9.518596	-0.473063	 9.966733	-72.614270	-51.617550	-12.041010	-7.588076	 16.022730	-0.540169	 0.139211	 14.789960	-0.368235	 3.437935	 0.440326	-0.367040	 90.232470	-92.262230	 8.933104	-83.065010	-178.206800	-10.787320	 99.101260	-0.813313	 0.122417	-8.559153	-87.518200	-24.949960	-26.201430	-2.010497	-11.809880	 1.473148	 13.447300	-20.576060	-11.133430	-5.124365	-1.948614	 8.752319	 2.510279	-1.127126	-3.188906	 3.299725	-1.091608	-88.735090	-10.811150	-12.274050	 69.081700	-0.135479	 3.282944	 78.722310	 0.190839	 7.210268	-12.088030	 29.678880	 12.056360	 58.450060	-6.919820	 21.229410	 174.647400	-4.716984	 19.573740	-20.546030	 18.766100	 8.454371	 163.236700	-3.484343	 9.763489	 74.822340	-5.410034	 9.127644	 121.704700	-32.923080	-14.534790	-19.364530	-90.894400	 0.186904	-0.204055	 35.370370	-0.405495	 3.620178	 0.000000	 90.000000	 0.000000	 175.007400	 8.750067	 172.650500	-173.589900	-15.004240	-32.930140
-0.050437	-0.074928	-0.018192	-174.759600	 1.217008	-90.900330	-4.800946	-1.609738	-7.085462	-4.431293	-5.524205	-6.940070	 1.350260	-5.491234	 110.564000	-0.813313	 0.122417	-8.559153	-54.599410	-22.547500	 18.278640	-1.763151	 25.241630	 0.897238	-20.157750	 19.866030	-53.517840	-11.582920	-4.601621	 9.666660	 2.503291	-1.126934	 4.548135	 3.270450	-0.643668	-80.071260	 3.959576	 3.171108	 11.900040	-0.275389	 3.148105	 9.181604	 2.909595	 4.319232	-70.590060	 37.436930	 19.809710	 14.811310	-6.821038	 19.211720	 10.901230	-5.647265	 19.246360	-70.637970	 18.529180	 10.430710	 21.108270	-3.898340	 9.395206	 9.518596	-0.473063	 9.966733	-72.614270	-51.617550	-12.041010	-7.588076	 16.022730	-0.540169	 0.139211	 14.789960	-0.368235	 3.437935	 0.442170	-0.389635	 90.232600	-92.280810	 8.916484	-83.076950	-178.209300	-10.780540	 99.083260	-0.813313	 0.122417	-8.559153	-87.531820	-24.972960	-26.210330	-2.007724	-11.820030	 1.471490	 13.435640	-20.561860	-11.137540	-5.148375	-1.954573	 8.811543	 2.510209	-1.127121	-3.110662	 3.299757	-1.088397	-88.673150	-10.697950	-12.133120	 69.104920	-0.135479	 3.282943	 78.722050	 0.190854	 7.210264	-12.088250	 29.678880	 12.056380	 58.449930	-6.905647	 21.228060	 173.896100	-4.716986	 19.573730	-20.546210	 18.760680	 8.411810	 162.572500	-3.484343	 9.763486	 74.822090	-5.421406	 9.165592	 120.795300	-32.892200	-14.447570	-19.031540	-95.109410	 0.218683	-0.185489	 35.370370	-0.405495	 3.620178	 0.000000	 90.000000	 0.000000	 175.016400	 8.756840	 172.572300	-173.619400	-14.990780	-32.979630
-0.050398	-0.075161	-0.018199	-174.780300	 1.228357	-90.899640	-4.797961	-1.611880	-7.094010	-4.442809	-5.496344	-6.953178	 1.350862	-5.493343	 110.565500	-0.813313	 0.122417	-8.559153	-54.544180	-22.587960	 18.291110	-1.821450	 25.250620	 0.911047	-20.163710	 19.924770	-53.445980	-11.582920	-4.601621	 9.666660	 2.503291	-1.126934	 4.548135	 3.270450	-0.643668	-80.071260	 3.958188	 3.170501	 11.900120	-0.275389	 3.148105	 9.181604	 2.909603	 4.319201	-70.590520	 37.438090	 19.810130	 14.810910	-6.821038	 19.211720	 10.901230	-5.647264	 19.246360	-70.637880	 18.527400	 10.429800	 21.108620	-3.898340	 9.395206	 9.518596	-0.473063	 9.966733	-72.614270	-51.617550	-12.041010	-7.588076	 16.022730	-0.540169	 0.139211	 14.789960	-0.368235	 3.437935	 0.444351	-0.412141	 90.232720	-92.298670	 8.905278	-83.087590	-178.212000	-10.773080	 99.063570	-0.813313	 0.122417	-8.559153	-87.547390	-25.003800	-26.214790	-2.004425	-11.831340	 1.469499	 13.423440	-20.544880	-11.144010	-5.176944	-1.961693	 8.882095	 2.510125	-1.127116	-3.017441	 3.299790	-1.084572	-88.599360	-10.564820	-11.967150	 69.131870	-0.135479	 3.282943	 78.721800	 0.190870	 7.210259	-12.088490	 29.678900	 12.056420	 58.449770	-6.888833	 21.226220	 173.003300	-4.716990	 19.573730	-20.546430	 18.753600	 8.361341	 161.783400	-3.484344	 9.763484	 74.821820	-5.434127	 9.210910	 119.714700	-32.856210	-14.343720	-18.636140	-100.117700	 0.254552	-0.160467	 35.370370	-0.405495	 3.620178	 0.000000	 90.000000	 0.000000	 175.026500	 8.764682	 172.485900	-173.654800	-14.974820	-33.041500
-0.050367	-0.075339	-0.018206	-174.798600	 1.238313	-90.898480	-4.795228	-1.613582	-7.101466	-4.452038	-5.472146	-6.963945	 1.351305	-5.494873	 110.566800	-0.813313	 0.122417	-8.559153	-54.502180	-22.611660	 18.299390	-1.876205	 25.260620	 0.924383	-20.165330	 19.966010	-53.390390	-11.582920	-4.601621	 9.666660	 2.503291	-1.126934	 4.548135	 3.270450	-0.643668	-80.071260	 3.957146	 3.170046	 11.900180	-0.275389	 3.148105	 9.181604	 2.909610	 4.319172	-70.590930	 37.439000	 19.810470	 14.810600	-6.821038	 19.211720	 10.901230	-5.647264	 19.246360	-70.637860	 18.526060	 10.429100	 21.108880	-3.898340	 9.395206	 9.518596	-0.473063	 9.966733	-72.614270	-51.617550	-12.041010	-7.588076	 16.022730	-0.540169	 0.139211	 14.789960	-0.368235	 3.437935	 0.446136	-0.427443	 90.232800	-92.310260	 8.902385	-83.093640	-178.214000	-10.768010	 99.048810	-0.813313	 0.122417	-8.559153	-87.559780	-25.032190	-26.213360	-2.001720	-11.840290	 1.467902	 13.414800	-20.530910	-11.150330	-5.200520	-1.967585	 8.940495	 2.510056	-1.127112	-2.940301	 3.299814	-1.081408	-88.538310	-10.455780	-11.831010	 69.153670	-0.135479	 3.282943	 78.721580	 0.190883	 7.210253	-12.088680	 29.678910	 12.056460	 58.449650	-6.874943	 21.224510	 172.264600	-4.716993	 19.573730	-20.546600	 18.747200	 8.319657	 161.130400	-3.484344	 9.763482	 74.821570	-5.443998	 9.248584	 118.820400	-32.827000	-14.257630	-18.309220	-104.261000	 0.282470	-0.137459	 35.370370	-0.405495	 3.620178	 0.000000	 90.000000	 0.000000	 175.033900	 8.770920	 172.423500	-173.683400	-14.961850	-33.091820
-0.050340	-0.075497	-0.018211	-174.818100	 1.248864	-90.896770	-4.792227	-1.615259	-7.109392	-4.461157	-5.446808	-6.974848	 1.351678	-5.496114	 110.568300	-0.813313	 0.122417	-8.559153	-54.463860	-22.625510	 18.305540	-1.937558	 25.273330	 0.939676	-20.163810	 19.999910	-53.338240	-11.582920	-4.601621	 9.666660	 2.503291	-1.126934	 4.548135	 3.270450	-0.643668	-80.071260	 3.956164	 3.169616	 11.900240	-0.275389	 3.148105	 9.181604	 2.909616	 4.319145	-70.591340	 37.439880	 19.810790	 14.810300	-6.821038	 19.211720	 10.901230	-5.647263	 19.246360	-70.637920	 18.524840	 10.428480	 21.109110	-3.898340	 9.395206	 9.518596	-0.473063	 9.966733	-72.614270	-51.617550	-12.041010	-7.588076	 16.022730	-0.540169	 0.139211	 14.789960	-0.368235	 3.437935	 0.447961	-0.440134	 90.232900	-92.319320	 8.904702	-83.097360	-178.215600	-10.764490	 99.035390	-0.813313	 0.122417	-8.559153	-87.571580	-25.062660	-26.206940	-1.999130	-11.848000	 1.466356	 13.407570	-20.517040	-11.157250	-5.224393	-1.973578	 8.999664	 2.509986	-1.127108	-2.862117	 3.299835	-1.078200	-88.476420	-10.346110	-11.693890	 69.175320	-0.135479	 3.282942	 78.721340	 0.190898	 7.210250	-12.088900	 29.678940	 12.056490	 58.449530	-6.860863	 21.222600	 171.514400	-4.716995	 19.573730	-20.546790	 18.740220	 8.277399	 160.467500	-3.484345	 9.763480	 74.821370	-5.453413	 9.286992	 117.912100	-32.797860	-14.170050	-17.977470	-108.467900	 0.309048	-0.112097	 35.370370	-0.405495	 3.620178	 0.000000	 90.000000	 0.000000	 175.040000	 8.776924	 172.373700	-173.710900	-14.949110	-33.138990
-0.050314	-0.075650	-0.018212	-174.843100	 1.262471	-90.894070	-4.788210	-1.617249	-7.119647	-4.472063	-5.414906	-6.988209	 1.352026	-5.497204	 110.570200	-0.813313	 0.122417	-8.559153	-54.423980	-22.626800	 18.309480	-2.020767	 25.292780	 0.960953	-20.157310	 20.029200	-53.281060	-11.582920	-4.601621	 9.666660	 2.503291	-1.126934	 4.548135	 3.270450	-0.643668	-80.071260	 3.955142	 3.169171	 11.900310	-0.275389	 3.148105	 9.181604	 2.909625	 4.319108	-70.591870	 37.440900	 19.811160	 14.809950	-6.821038	 19.211720	 10.901230	-5.647267	 19.246360	-70.638070	 18.523530	 10.427810	 21.109360	-3.898340	 9.395206	 9.518596	-0.473063	 9.966733	-72.614270	-51.617550	-12.041010	-7.588076	 16.022730	-0.540169	 0.139211	 14.789960	-0.368235	 3.437935	 0.450186	-0.452163	 90.232960	-92.327130	 8.913974	-83.098770	-178.217000	-10.762180	 99.023320	-0.813313	 0.122417	-8.559153	-87.584270	-25.100410	-26.191700	-1.996484	-11.853810	 1.464704	 13.400940	-20.500580	-11.166080	-5.253604	-1.980938	 9.072186	 2.509901	-1.127103	-2.766312	 3.299855	-1.074269	-88.400580	-10.212440	-11.526540	 69.201390	-0.135480	 3.282940	 78.721070	 0.190914	 7.210244	-12.089140	 29.678950	 12.056530	 58.449390	-6.843562	 21.220010	 170.590400	-4.716999	 19.573720	-20.547000	 18.730940	 8.225460	 159.651000	-3.484346	 9.763477	 74.821060	-5.464160	 9.334492	 116.793200	-32.762720	-14.061990	-17.569180	-113.649000	 0.339107	-0.078295	 35.370370	-0.405495	 3.620178	 0.000000	 90.000000	 0.000000	 175.045100	 8.783791	 172.334500	-173.741400	-14.934240	-33.187490
-0.050300	-0.075739	-0.018205	-174.863800	 1.273964	-90.891470	-4.784725	-1.618783	-7.128345	-4.480668	-5.388865	-6.998932	 1.352200	-5.497657	 110.571800	-0.813313	 0.122417	-8.559153	-54.398620	-22.613920	 18.309330	-2.093976	 25.311830	 0.980182	-20.148180	 20.041650	-53.241290	-11.582920	-4.601621	 9.666660	 2.503291	-1.126934	 4.548135	 3.270450	-0.643668	-80.071260	 3.954448	 3.168867	 11.900340	-0.275389	 3.148105	 9.181604	 2.909632	 4.319079	-70.592290	 37.441660	 19.811440	 14.809700	-6.821038	 19.211720	 10.901230	-5.647270	 19.246360	-70.638290	 18.522650	 10.427360	 21.109540	-3.898340	 9.395206	 9.518596	-0.473063	 9.966733	-72.614270	-51.617550	-12.041010	-7.588076	 16.022730	-0.540169	 0.139211	 14.789960	-0.368235	 3.437935	 0.451986	-0.459222	 90.233000	-92.330990	 8.926044	-83.097490	-178.217400	-10.761690	 99.019300	-0.813313	 0.122417	-8.559153	-87.593010	-25.131410	-26.173380	-1.994840	-11.856070	 1.463588	 13.397620	-20.488010	-11.173030	-5.277023	-1.986861	 9.130437	 2.509831	-1.127099	-2.689380	 3.299868	-1.071112	-88.339680	-10.105430	-11.392400	 69.221960	-0.135480	 3.282940	 78.720860	 0.190928	 7.210241	-12.089340	 29.678960	 12.056560	 58.449250	-6.829601	 21.217740	 169.843000	-4.717000	 19.573730	-20.547180	 18.722890	 8.183560	 158.990600	-3.484345	 9.763476	 74.820820	-5.472166	 9.373061	 115.888100	-32.734910	-13.974440	-17.239230	-117.839100	 0.361108	-0.049059	 35.370370	-0.405495	 3.620178	 0.000000	 90.000000	 0.000000	 175.047600	 8.788976	 172.318300	-173.762400	-14.923090	-33.215650
-0.050290	-0.075801	-0.018192	-174.885300	 1.286118	-90.888460	-4.780911	-1.620285	-7.137570	-4.489267	-5.362377	-7.009809	 1.352268	-5.497695	 110.573500	-0.813313	 0.122417	-8.559153	-54.376770	-22.592510	 18.306920	-2.172356	 25.328000	 1.001147	-20.135190	 20.042930	-53.207520	-11.582920	-4.601621	 9.666660	 2.503291	-1.126934	 4.548135	 3.270450	-0.643668	-80.071260	 3.953851	 3.168606	 11.900380	-0.275389	 3.148105	 9.181604	 2.909640	 4.319050	-70.592710	 37.442400	 19.811710	 14.809440	-6.821038	 19.211720	 10.901230	-5.647277	 19.246360	-70.638540	 18.521920	 10.426980	 21.109670	-3.898340	 9.395206	 9.518596	-0.473063	 9.966733	-72.614270	-51.617550	-12.041010	-7.588076	 16.022730	-0.540169	 0.139211	 14.789960	-0.368235	 3.437935	 0.453814	-0.464200	 90.233040	-92.332920	 8.941848	-83.094090	-178.217200	-10.762290	 99.019770	-0.813313	 0.122417	-8.559153	-87.600690	-25.163640	-26.149180	-1.993512	-11.856510	 1.462609	 13.396160	-20.476070	-11.179670	-5.300620	-1.992852	 9.189181	 2.509762	-1.127095	-2.611753	 3.299878	-1.067927	-88.278240	-9.997568	-11.257010	 69.242450	-0.135480	 3.282940	 78.720630	 0.190940	 7.210236	-12.089520	 29.678980	 12.056590	 58.449130	-6.815424	 21.215240	 169.082200	-4.717003	 19.573720	-20.547360	 18.714200	 8.140990	 158.318600	-3.484346	 9.763473	 74.820610	-5.479680	 9.412441	 114.966800	-32.707140	-13.885150	-16.903550	-122.103400	 0.381241	-0.017731	 35.370370	-0.405495	 3.620178	 0.000000	 90.000000	 0.000000	 175.048700	 8.793953	 172.313700	-173.780100	-14.912760	-33.234910
-0.050288	-0.075845	-0.018174	-174.911200	 1.301311	-90.884320	-4.776042	-1.621979	-7.149131	-4.499379	-5.330935	-7.022802	 1.352179	-5.497067	 110.575700	-0.813313	 0.122417	-8.559153	-54.349680	-22.566860	 18.302950	-2.268562	 25.334190	 1.027141	-20.114930	 20.032270	-53.175220	-11.582920	-4.601621	 9.666660	 2.503291	-1.126934	 4.548135	 3.270450	-0.643668	-80.071260	 3.953330	 3.168378	 11.900410	-0.275389	 3.148105	 9.181604	 2.909649	 4.319013	-70.593260	 37.443200	 19.812010	 14.809170	-6.821038	 19.211720	 10.901230	-5.647286	 19.246360	-70.638970	 18.521290	 10.426660	 21.109800	-3.898340	 9.395206	 9.518596	-0.473063	 9.966733	-72.614270	-51.617550	-12.041010	-7.588076	 16.022730	-0.540169	 0.139211	 14.789960	-0.368235	 3.437935	 0.456004	-0.467519	 90.233080	-92.332890	 8.964864	-83.087400	-178.216500	-10.764300	 99.025280	-0.813313	 0.122417	-8.559153	-87.608370	-25.203630	-26.112710	-1.992275	-11.855110	 1.461668	 13.397260	-20.463120	-11.186590	-5.328600	-1.999984	 9.258940	 2.509679	-1.127091	-2.519613	 3.299885	-1.064147	-88.205310	-9.869271	-11.095760	 69.266500	-0.135480	 3.282939	 78.720370	 0.190957	 7.210233	-12.089770	 29.678990	 12.056630	 58.448970	-6.798434	 21.212010	 168.167900	-4.717006	 19.573720	-20.547580	 18.703080	 8.089979	 157.510900	-3.484348	 9.763472	 74.820320	-5.487861	 9.459931	 113.859000	-32.674480	-13.777660	-16.500410	-127.228800	 0.402283	 0.021762	 35.370370	-0.405495	 3.620178	 0.000000	 90.000000	 0.000000	 175.048500	 8.799623	 172.321400	-173.797600	-14.901850	-33.252100
-0.050294	-0.075862	-0.018156	-174.932200	 1.314174	-90.880500	-4.771798	-1.623297	-7.158967	-4.507499	-5.305926	-7.033317	 1.351951	-5.495946	 110.577500	-0.813313	 0.122417	-8.559153	-54.327090	-22.546190	 18.298750	-2.347950	 25.333960	 1.048662	-20.095200	 20.019040	-53.153980	-11.582920	-4.601621	 9.666660	 2.503291	-1.126934	 4.548135	 3.270450	-0.643668	-80.071260	 3.953060	 3.168260	 11.900420	-0.275389	 3.148105	 9.181604	 2.909657	 4.318981	-70.593710	 37.443790	 19.812220	 14.808960	-6.821038	 19.211720	 10.901230	-5.647294	 19.246360	-70.639380	 18.520970	 10.426500	 21.109860	-3.898340	 9.395206	 9.518596	-0.473063	 9.966733	-72.614270	-51.617550	-12.041010	-7.588076	 16.022730	-0.540169	 0.139211	 14.789960	-0.368235	 3.437935	 0.457788	-0.468302	 90.233090	-92.331250	 8.986197	-83.079930	-178.215500	-10.766770	 99.032960	-0.813313	 0.122417	-8.559153	-87.613350	-25.237510	-26.076920	-1.991607	-11.852880	 1.461060	 13.392610	-20.453950	-11.193840	-5.351025	-2.005719	 9.314968	 2.509613	-1.127087	-2.445600	 3.299887	-1.061109	-88.146710	-9.765813	-10.965570	 69.285640	-0.135480	 3.282938	 78.720130	 0.190970	 7.210228	-12.089970	 29.679000	 12.056660	 58.448830	-6.784629	 21.209190	 167.422700	-4.717008	 19.573720	-20.547780	 18.693490	 8.048527	 156.852700	-3.484347	 9.763469	 74.820070	-5.493841	 9.498740	 112.956200	-32.648460	-13.689910	-16.172100	-131.405300	 0.416755	 0.055240	 35.370370	-0.405495	 3.620178	 0.000000	 90.000000	 0.000000	 175.047500	 8.804003	 172.335900	-173.808500	-14.894340	-33.262010
-0.050306	-0.075869	-0.018136	-174.953800	 1.327927	-90.876110	-4.767185	-1.624565	-7.169540	-4.515805	-5.280841	-7.044142	 1.351567	-5.494204	 110.579500	-0.813313	 0.122417	-8.559153	-54.303410	-22.524970	 18.293370	-2.430711	 25.329200	 1.071183	-20.093520	 20.009090	-53.129990	-11.582920	-4.601621	 9.666660	 2.503291	-1.126934	 4.548135	 3.270450	-0.643668	-80.071260	 3.952925	 3.168202	 11.900430	-0.275389	 3.148105	 9.181604	 2.909665	 4.318948	-70.594190	 37.444370	 19.812430	 14.808770	-6.821038	 19.211720	 10.901230	-5.647304	 19.246370	-70.639880	 18.520860	 10.426440	 21.109880	-3.898340	 9.395206	 9.518596	-0.473063	 9.966733	-72.614270	-51.617550	-12.041010	-7.588076	 16.022730	-0.540169	 0.139211	 14.789960	-0.368235	 3.437935	 0.459629	-0.467514	 90.233090	-92.328220	 9.010214	-83.070430	-178.214100	-10.770000	 99.043140	-0.813313	 0.122417	-8.559153	-87.617440	-25.274080	-26.034060	-1.991166	-11.849890	 1.460587	 13.372340	-20.446150	-11.206210	-5.373906	-2.011597	 9.372125	 2.509545	-1.127084	-2.370075	 3.299885	-1.058011	-88.086940	-9.659640	-10.831800	 69.305030	-0.135480	 3.282937	 78.719910	 0.190983	 7.210225	-12.090160	 29.679010	 12.056680	 58.448720	-6.770365	 21.206090	 166.650400	-4.717012	 19.573710	-20.547950	 18.683040	 8.005678	 156.170600	-3.484349	 9.763468	 74.819870	-5.499383	 9.539056	 112.020500	-32.622080	-13.598820	-15.832080	-135.732800	 0.429142	 0.090940	 35.370370	-0.405495	 3.620178	 0.000000	 90.000000	 0.000000	 175.045700	 8.808379	 172.356600	-173.816500	-14.888020	-33.269020
-0.050331	-0.075867	-0.018111	-174.978600	 1.344659	-90.870380	-4.761447	-1.625958	-7.182462	-4.525481	-5.252738	-7.056780	 1.350889	-5.491278	 110.582000	-0.813313	 0.122417	-8.559153	-54.275520	-22.500420	 18.285570	-2.527966	 25.318350	 1.097708	-20.151980	 20.016490	-53.093690	-11.582920	-4.601621	 9.666660	 2.503291	-1.126934	 4.548135	 3.270450	-0.643668	-80.071260	 3.952982	 3.168228	 11.900430	-0.275389	 3.148105	 9.181604	 2.909675	 4.318908	-70.594760	 37.444950	 19.812650	 14.808570	-6.821038	 19.211720	 10.901230	-5.647318	 19.246370	-70.640560	 18.521020	 10.426520	 21.109850	-3.898340	 9.395206	 9.518596	-0.473063	 9.966733	-72.614270	-51.617550	-12.041010	-7.588076	 16.022730	-0.540169	 0.139211	 14.789960	-0.368235	 3.437935	 0.461792	-0.464771	 90.233090	-92.323260	 9.040237	-83.057100	-178.212300	-10.774450	 99.057020	-0.813313	 0.122417	-8.559153	-87.620850	-25.319320	-25.976110	-1.990979	-11.846120	 1.460238	 13.331080	-20.439310	-11.225790	-5.400234	-2.018385	 9.437979	 2.509467	-1.127080	-2.283070	 3.299880	-1.054440	-88.018070	-9.536134	-10.676010	 69.327270	-0.135480	 3.282936	 78.719630	 0.190999	 7.210217	-12.090390	 29.679030	 12.056720	 58.448570	-6.753656	 21.202220	 165.742500	-4.717014	 19.573710	-20.548150	 18.670100	 7.955470	 155.368900	-3.484349	 9.763464	 74.819570	-5.505045	 9.586560	 110.920200	-32.591800	-13.491580	-15.432630	-140.819900	 0.440213	 0.133954	 35.370370	-0.405495	 3.620178	 0.000000	 90.000000	 0.000000	 175.043000	 8.813374	 172.385800	-173.821300	-14.882730	-33.273750
-0.050359	-0.075861	-0.018087	-174.999600	 1.359807	-90.864810	-4.756153	-1.627105	-7.194249	-4.533919	-5.229638	-7.067784	 1.350087	-5.487900	 110.584300	-0.813313	 0.122417	-8.559153	-54.251220	-22.479250	 18.277320	-2.612614	 25.304570	 1.120840	-20.240270	 20.036170	-53.067400	-11.582920	-4.601621	 9.666660	 2.503291	-1.126934	 4.548135	 3.270450	-0.643668	-80.071260	 3.953214	 3.168328	 11.900420	-0.275389	 3.148105	 9.181604	 2.909688	 4.318855	-70.595540	 37.445510	 19.812850	 14.808380	-6.821038	 19.211720	 10.901230	-5.647334	 19.246370	-70.641300	 18.521380	 10.426700	 21.109780	-3.898340	 9.395206	 9.518596	-0.473063	 9.966733	-72.614270	-51.617550	-12.041010	-7.588076	 16.022730	-0.540169	 0.139211	 14.789960	-0.368235	 3.437935	 0.463699	-0.460988	 90.233070	-92.317930	 9.067452	-83.043620	-178.210600	-10.778760	 99.070070	-0.813313	 0.122417	-8.559153	-87.622670	-25.361220	-25.918490	-1.990976	-11.843020	 1.460068	 13.281760	-20.435520	-11.246290	-5.422758	-2.024213	 9.494410	 2.509400	-1.127077	-2.208535	 3.299872	-1.051382	-87.959060	-9.429055	-10.540770	 69.346290	-0.135481	 3.282936	 78.719410	 0.191011	 7.210214	-12.090580	 29.679050	 12.056760	 58.448440	-6.739065	 21.198630	 164.946600	-4.717018	 19.573700	-20.548340	 18.658180	 7.911612	 154.666100	-3.484349	 9.763462	 74.819340	-5.509248	 9.628284	 109.955500	-32.565870	-13.397410	-15.082730	-145.278900	 0.446749	 0.172337	 35.370370	-0.405495	 3.620178	 0.000000	 90.000000	 0.000000	 175.040400	 8.817645	 172.413300	-173.821900	-14.879810	-33.275480
-0.050388	-0.075853	-0.018062	-175.019000	 1.374876	-90.858890	-4.750737	-1.628099	-7.206153	-4.542092	-5.208756	-7.078429	 1.349372	-5.484850	 110.586600	-0.813313	 0.122417	-8.559153	-54.227910	-22.458990	 18.267860	-2.694091	 25.287720	 1.143165	-20.345760	 20.062360	-53.049310	-11.582920	-4.601621	 9.666660	 2.503291	-1.126934	 4.548135	 3.270450	-0.643668	-80.071260	 3.953522	 3.168463	 11.900400	-0.275389	 3.148105	 9.181604	 2.909711	 4.318761	-70.596910	 37.446220	 19.813110	 14.808140	-6.821038	 19.211720	 10.901230	-5.647350	 19.246370	-70.642330	 18.521840	 10.426940	 21.109690	-3.898340	 9.395206	 9.518596	-0.473063	 9.966733	-72.614270	-51.617550	-12.041010	-7.588076	 16.022730	-0.540169	 0.139211	 14.789960	-0.368235	 3.437935	 0.465544	-0.456280	 90.233030	-92.312070	 9.094303	-83.029020	-178.208900	-10.783170	 99.082720	-0.813313	 0.122417	-8.559153	-87.623390	-25.404320	-25.856160	-1.991186	-11.840570	 1.460055	 13.223950	-20.434020	-11.268290	-5.444187	-2.029780	 9.548086	 2.509337	-1.127074	-2.137605	 3.299862	-1.048472	-87.902930	-9.325712	-10.410100	 69.364410	-0.135481	 3.282935	 78.719180	 0.191025	 7.210211	-12.090780	 29.679050	 12.056780	 58.448320	-6.724891	 21.194940	 164.170700	-4.717020	 19.573710	-20.548520	 18.646040	 7.868983	 153.981000	-3.484351	 9.763461	 74.819100	-5.512656	 9.669020	 109.014900	-32.541180	-13.305490	-14.741840	-149.624900	 0.450219	 0.210127	 35.370370	-0.405495	 3.620178	 0.000000	 90.000000	 0.000000	 175.037800	 8.821782	 172.439700	-173.820300	-14.878030	-33.275670
-0.050422	-0.075847	-0.018031	-175.039900	 1.392771	-90.851200	-4.744007	-1.629154	-7.220756	-4.551794	-5.186472	-7.090928	 1.349144	-5.483591	 110.589500	-0.813313	 0.122417	-8.559153	-54.201070	-22.435530	 18.254740	-2.788532	 25.263950	 1.169063	-20.477970	 20.095970	-53.040440	-11.582920	-4.601621	 9.666660	 2.503291	-1.126934	 4.548135	 3.270450	-0.643668	-80.071260	 3.954023	 3.168682	 11.900370	-0.275389	 3.148105	 9.181604	 2.909753	 4.318593	-70.599340	 37.447270	 19.813490	 14.807780	-6.821038	 19.211720	 10.901230	-5.647383	 19.246370	-70.643830	 18.522520	 10.427290	 21.109560	-3.898340	 9.395206	 9.518596	-0.473063	 9.966733	-72.614270	-51.617550	-12.041010	-7.588076	 16.022730	-0.540169	 0.139211	 14.789960	-0.368235	 3.437935	 0.467735	-0.449652	 90.233000	-92.304590	 9.125732	-83.009990	-178.206900	-10.788510	 99.096730	-0.813313	 0.122417	-8.559153	-87.623070	-25.458590	-25.774440	-1.991544	-11.838920	 1.460187	 13.145690	-20.435190	-11.295630	-5.468783	-2.036191	 9.609814	 2.509264	-1.127071	-2.056060	 3.299846	-1.045127	-87.838390	-9.204747	-10.256990	 69.385320	-0.135481	 3.282934	 78.718910	 0.191042	 7.210205	-12.091020	 29.679060	 12.056810	 58.448160	-6.708188	 21.190340	 163.252400	-4.717022	 19.573700	-20.548720	 18.631000	 7.818736	 153.170300	-3.484351	 9.763458	 74.818820	-5.515818	 9.717308	 107.901500	-32.512700	-13.196500	-14.338620	-154.768900	 0.450617	 0.255038	 35.370370	-0.405495	 3.620178	 0.000000	 90.000000	 0.000000	 175.035100	 8.826682	 172.467900	-173.816000	-14.877050	-33.274780
-0.050452	-0.075847	-0.018002	-175.055800	 1.408332	-90.843960	-4.737878	-1.629959	-7.233848	-4.560313	-5.170011	-7.101667	 1.349442	-5.484381	 110.592200	-0.813313	 0.122417	-8.559153	-54.178630	-22.415670	 18.241550	-2.868147	 25.240410	 1.190942	-20.583940	 20.122170	-53.046350	-11.582920	-4.601621	 9.666660	 2.503291	-1.126934	 4.548135	 3.270450	-0.643668	-80.071260	 3.954544	 3.168909	 11.900340	-0.275389	 3.148105	 9.181604	 2.909799	 4.318407	-70.602050	 37.448360	 19.813890	 14.807410	-6.821038	 19.211720	 10.901230	-5.647415	 19.246380	-70.645390	 18.523230	 10.427650	 21.109420	-3.898340	 9.395206	 9.518596	-0.473063	 9.966733	-72.614270	-51.617550	-12.041010	-7.588076	 16.022730	-0.540169	 0.139211	 14.789960	-0.368235	 3.437935	 0.469637	-0.443217	 90.232970	-92.297900	 9.152053	-82.992070	-178.205400	-10.793010	 99.107170	-0.813313	 0.122417	-8.559153	-87.621760	-25.508690	-25.696630	-1.991998	-11.839060	 1.460430	 13.071500	-20.438920	-11.319410	-5.489396	-2.041586	 9.661557	 2.509202	-1.127068	-1.987691	 3.299830	-1.042322	-87.784290	-9.101111	-10.125650	 69.403000	-0.135481	 3.282934	 78.718670	 0.191056	 7.210200	-12.091230	 29.679080	 12.056850	 58.448060	-6.693779	 21.186160	 162.456600	-4.717024	 19.573700	-20.548910	 18.617390	 7.775376	 152.467800	-3.484353	 9.763456	 74.818590	-5.517787	 9.759188	 106.936500	-32.488700	-13.101950	-13.989560	-159.225200	 0.447701	 0.293842	 35.370370	-0.405495	 3.620178	 0.000000	 90.000000	 0.000000	 175.033100	 8.830962	 172.487200	-173.810700	-14.877080	-33.273670
-0.050480	-0.075856	-0.017972	-175.069400	 1.424202	-90.836010	-4.731378	-1.630682	-7.247637	-4.569122	-5.156705	-7.112518	 1.350172	-5.486801	 110.595100	-0.813313	 0.122417	-8.559153	-54.156860	-22.396000	 18.226260	-2.946575	 25.214070	 1.212527	-20.669400	 20.140990	-53.067760	-11.582920	-4.601621	 9.666660	 2.503291	-1.126934	 4.548135	 3.270450	-0.643668	-80.071260	 3.955162	 3.169179	 11.900300	-0.275389	 3.148105	 9.181604	 2.909856	 4.318175	-70.605390	 37.449580	 19.814340	 14.806990	-6.821038	 19.211720	 10.901230	-5.647454	 19.246380	-70.647190	 18.524070	 10.428080	 21.109250	-3.898340	 9.395206	 9.518596	-0.473063	 9.966733	-72.614270	-51.617550	-12.041010	-7.588076	 16.022730	-0.540169	 0.139211	 14.789960	-0.368235	 3.437935	 0.471571	-0.436218	 90.232910	-92.291080	 9.177423	-82.972610	-178.204100	-10.797360	 99.115390	-0.813313	 0.122417	-8.559153	-87.619450	-25.562940	-25.610630	-1.992503	-11.841080	 1.460819	 12.992000	-20.445510	-11.342690	-5.509652	-2.046902	 9.712467	 2.509142	-1.127066	-1.920436	 3.299812	-1.039563	-87.731070	-8.996697	-9.993187	 69.420540	-0.135481	 3.282933	 78.718460	 0.191069	 7.210195	-12.091420	 29.679100	 12.056880	 58.447930	-6.679176	 21.181710	 161.646500	-4.717027	 19.573690	-20.549100	 18.602990	 7.731392	 151.752700	-3.484353	 9.763455	 74.818330	-5.519055	 9.801857	 105.953900	-32.464880	-13.005520	-13.634320	-163.762300	 0.441648	 0.332994	 35.370370	-0.405495	 3.620178	 0.000000	 90.000000	 0.000000	 175.031800	 8.835398	 172.500000	-173.804000	-14.877810	-33.272900
-0.050508	-0.075883	-0.017936	-175.081800	 1.442242	-90.826300	-4.723728	-1.631369	-7.263781	-4.579257	-5.145475	-7.124698	 1.351440	-5.491214	 110.598600	-0.813313	 0.122417	-8.559153	-54.133740	-22.374390	 18.206600	-3.031411	 25.181850	 1.235902	-20.721850	 20.146710	-53.113720	-11.582920	-4.601621	 9.666660	 2.503291	-1.126934	 4.548135	 3.270450	-0.643668	-80.071260	 3.955932	 3.169515	 11.900260	-0.275389	 3.148105	 9.181604	 2.909931	 4.317872	-70.609820	 37.451160	 19.814920	 14.806450	-6.821038	 19.211720	 10.901230	-5.647499	 19.246380	-70.649480	 18.525110	 10.428620	 21.109060	-3.898340	 9.395206	 9.518596	-0.473063	 9.966733	-72.614270	-51.617550	-12.041010	-7.588076	 16.022730	-0.540169	 0.139211	 14.789960	-0.368235	 3.437935	 0.473771	-0.428013	 90.232840	-92.283710	 9.203725	-82.949200	-178.202900	-10.801800	 99.120820	-0.813313	 0.122417	-8.559153	-87.615740	-25.628500	-25.504960	-1.993105	-11.846170	 1.461356	 12.899760	-20.456540	-11.366680	-5.531620	-2.052687	 9.767746	 2.509077	-1.127063	-1.847408	 3.299789	-1.036566	-87.673250	-8.879903	-9.844864	 69.439920	-0.135481	 3.282932	 78.718200	 0.191083	 7.210192	-12.091640	 29.679120	 12.056920	 58.447800	-6.662735	 21.176440	 160.729800	-4.717031	 19.573690	-20.549310	 18.586030	 7.681854	 150.943600	-3.484354	 9.763452	 74.818070	-5.519594	 9.850150	 104.842000	-32.438670	-12.896290	-13.232740	-168.895000	 0.431096	 0.376548	 35.370370	-0.405495	 3.620178	 0.000000	 90.000000	 0.000000	 175.031500	 8.840607	 172.503200	-173.795400	-14.879260	-33.273180
-0.050530	-0.075921	-0.017903	-175.090400	 1.458299	-90.817050	-4.716670	-1.631839	-7.278512	-4.588275	-5.138631	-7.135320	 1.352896	-5.496377	 110.601800	-0.813313	 0.122417	-8.559153	-54.114920	-22.356020	 18.187030	-3.102362	 25.151770	 1.255481	-20.730060	 20.138190	-53.170880	-11.582920	-4.601621	 9.666660	 2.503291	-1.126934	 4.548135	 3.270450	-0.643668	-80.071260	 3.956685	 3.169844	 11.900210	-0.275389	 3.148105	 9.181604	 2.910006	 4.317566	-70.614250	 37.452690	 19.815480	 14.805930	-6.821038	 19.211720	 10.901230	-5.647544	 19.246380	-70.651700	 18.526100	 10.429130	 21.108870	-3.898340	 9.395206	 9.518596	-0.473063	 9.966733	-72.614270	-51.617550	-12.041010	-7.588076	 16.022730	-0.540169	 0.139211	 14.789960	-0.368235	 3.437935	 0.475707	-0.420764	 90.232770	-92.277560	 9.219546	-82.927670	-178.202300	-10.805120	 99.121360	-0.813313	 0.122417	-8.559153	-87.611500	-25.690290	-25.404350	-1.993641	-11.853580	 1.461959	 12.818570	-20.469600	-11.384740	-5.550123	-2.057576	 9.814309	 2.509021	-1.127061	-1.785887	 3.299767	-1.034042	-87.624550	-8.778097	-9.715433	 69.456560	-0.135481	 3.282932	 78.717960	 0.191098	 7.210187	-12.091860	 29.679120	 12.056940	 58.447660	-6.648312	 21.171590	 159.921300	-4.717033	 19.573690	-20.549490	 18.570490	 7.638357	 150.230100	-3.484355	 9.763450	 74.817840	-5.519281	 9.892750	 103.861200	-32.416210	-12.799830	-12.878770	-173.420600	 0.418588	 0.414033	 35.370370	-0.405495	 3.620178	 0.000000	 90.000000	 0.000000	 175.032200	 8.845351	 172.495900	-173.787300	-14.881010	-33.275120
-0.050548	-0.075968	-0.017871	-175.096900	 1.474115	-90.807410	-4.709531	-1.632173	-7.293305	-4.597111	-5.134404	-7.145585	 1.354568	-5.502366	 110.605000	-0.813313	 0.122417	-8.559153	-54.098190	-22.338690	 18.165840	-3.167542	 25.121260	 1.273501	-20.722960	 20.124120	-53.233500	-11.582920	-4.601621	 9.666660	 2.503291	-1.126934	 4.548135	 3.270450	-0.643668	-80.071260	 3.957475	 3.170190	 11.900160	-0.275389	 3.148105	 9.181604	 2.910088	 4.317237	-70.619010	 37.454290	 19.816060	 14.805380	-6.821038	 19.211720	 10.901230	-5.647593	 19.246390	-70.654020	 18.527160	 10.429670	 21.108660	-3.898340	 9.395206	 9.518596	-0.473063	 9.966733	-72.614270	-51.617550	-12.041010	-7.588076	 16.022730	-0.540169	 0.139211	 14.789960	-0.368235	 3.437935	 0.477588	-0.413832	 90.232730	-92.271900	 9.222480	-82.906170	-178.202300	-10.807680	 99.117340	-0.813313	 0.122417	-8.559153	-87.606540	-25.754390	-25.299490	-1.994113	-11.863780	 1.462635	 12.741490	-20.485520	-11.398640	-5.567329	-2.062138	 9.857625	 2.508970	-1.127059	-1.728661	 3.299746	-1.031694	-87.579250	-8.679907	-9.590472	 69.472360	-0.135482	 3.282931	 78.717750	 0.191111	 7.210184	-12.092060	 29.679140	 12.056980	 58.447530	-6.634323	 21.166690	 159.133300	-4.717038	 19.573690	-20.549650	 18.554810	 7.596144	 149.534600	-3.484354	 9.763448	 74.817570	-5.518263	 9.934265	 102.904900	-32.394940	-12.705670	-12.533940	-177.832300	 0.403589	 0.449513	 35.370370	-0.405495	 3.620178	 0.000000	 90.000000	 0.000000	 175.033600	 8.850062	 172.481700	-173.779300	-14.882970	-33.279130
-0.050567	-0.076036	-0.017834	-175.102300	 1.493210	-90.795140	-4.700696	-1.632432	-7.311473	-4.607661	-5.132215	-7.157639	 1.356826	-5.510491	 110.609100	-0.813313	 0.122417	-8.559153	-54.080560	-22.318860	 18.137750	-3.239367	 25.084010	 1.293370	-20.699790	 20.101330	-53.312980	-11.582920	-4.601621	 9.666660	 2.503291	-1.126934	 4.548135	 3.270450	-0.643668	-80.071260	 3.958496	 3.170636	 11.900110	-0.275389	 3.148105	 9.181604	 2.910194	 4.316807	-70.625270	 37.456280	 19.816790	 14.804700	-6.821038	 19.211720	 10.901230	-5.647652	 19.246390	-70.656960	 18.528500	 10.430360	 21.108400	-3.898340	 9.395206	 9.518596	-0.473063	 9.966733	-72.614270	-51.617550	-12.041010	-7.588076	 16.022730	-0.540169	 0.139211	 14.789960	-0.368235	 3.437935	 0.479849	-0.406069	 90.232640	-92.266000	 9.212227	-82.879930	-178.202800	-10.809680	 99.107270	-0.813313	 0.122417	-8.559153	-87.599640	-25.835920	-25.165860	-1.994577	-11.880300	 1.463531	 12.677720	-20.508540	-11.401120	-5.586669	-2.067279	 9.906352	 2.508912	-1.127057	-1.664272	 3.299719	-1.029053	-87.528310	-8.564402	-9.443336	 69.490720	-0.135482	 3.282930	 78.717480	 0.191126	 7.210179	-12.092270	 29.679160	 12.057010	 58.447380	-6.617770	 21.160610	 158.195100	-4.717040	 19.573680	-20.549870	 18.535480	 7.546151	 148.706800	-3.484355	 9.763447	 74.817300	-5.516134	 9.983655	 101.766300	-32.370360	-12.593450	-12.123730	 176.916800	 0.382248	 0.490087	 35.370370	-0.405495	 3.620178	 0.000000	 90.000000	 0.000000	 175.035700	 8.855744	 172.458300	-173.770000	-14.885490	-33.287380
-0.050580	-0.076100	-0.017804	-175.105600	 1.510000	-90.783940	-4.692779	-1.632513	-7.327649	-4.616688	-5.132466	-7.167897	 1.358952	-5.518167	 110.612800	-0.813313	 0.122417	-8.559153	-54.067610	-22.302560	 18.110920	-3.295854	 25.051380	 1.309055	-20.670780	 20.077610	-53.382470	-11.582920	-4.601621	 9.666660	 2.503291	-1.126934	 4.548135	 3.270450	-0.643668	-80.071260	 3.959441	 3.171050	 11.900050	-0.275389	 3.148105	 9.181604	 2.910292	 4.316410	-70.631050	 37.458090	 19.817450	 14.804080	-6.821038	 19.211720	 10.901230	-5.647707	 19.246390	-70.659640	 18.529710	 10.430980	 21.108170	-3.898340	 9.395206	 9.518596	-0.473063	 9.966733	-72.614270	-51.617550	-12.041010	-7.588076	 16.022730	-0.540169	 0.139211	 14.789960	-0.368235	 3.437935	 0.481805	-0.399978	 90.232550	-92.261960	 9.193474	-82.856740	-178.203600	-10.810240	 99.096050	-0.813313	 0.122417	-8.559153	-87.592750	-25.911090	-25.042790	-1.994907	-11.898800	 1.464412	 12.671490	-20.531930	-11.382090	-5.602284	-2.071439	 9.945780	 2.508865	-1.127055	-1.612192	 3.299695	-1.026916	-87.487080	-8.465983	-9.317835	 69.506100	-0.135482	 3.282929	 78.717230	 0.191141	 7.210173	-12.092490	 29.679160	 12.057040	 58.447250	-6.603580	 21.155160	 157.386100	-4.717042	 19.573680	-20.550060	 18.518230	 7.503259	 147.992900	-3.484355	 9.763444	 74.817050	-5.513496	 10.026210	 100.784200	-32.349860	-12.496540	-11.770210	 172.388500	 0.360915	 0.523381	 35.370370	-0.405495	 3.620178	 0.000000	 90.000000	 0.000000	 175.037800	 8.860643	 172.434800	-173.762600	-14.887690	-33.298160
-0.050592	-0.076168	-0.017775	-175.108200	 1.526883	-90.772320	-4.684724	-1.632475	-7.344027	-4.625506	-5.134428	-7.177834	 1.361158	-5.526132	 110.616500	-0.813313	 0.122417	-8.559153	-54.057110	-22.287250	 18.082040	-3.345928	 25.019270	 1.322994	-20.637560	 20.051630	-53.448650	-11.582920	-4.601621	 9.666660	 2.503291	-1.126934	 4.548135	 3.270450	-0.643668	-80.071260	 3.960387	 3.171462	 11.900000	-0.275389	 3.148105	 9.181604	 2.910395	 4.315989	-70.637150	 37.459980	 19.818140	 14.803430	-6.821038	 19.211720	 10.901230	-5.647764	 19.246400	-70.662370	 18.530960	 10.431620	 21.107930	-3.898340	 9.395206	 9.518596	-0.473063	 9.966733	-72.614270	-51.617550	-12.041010	-7.588076	 16.022730	-0.540169	 0.139211	 14.789960	-0.368235	 3.437935	 0.483735	-0.394753	 90.232460	-92.259220	 9.167932	-82.833440	-178.204700	-10.809620	 99.083390	-0.813313	 0.122417	-8.559153	-87.585160	-25.989670	-24.914500	-1.995050	-11.921240	 1.465330	 12.694150	-20.558470	-11.349350	-5.616702	-2.075294	 9.982108	 2.508822	-1.127054	-1.564182	 3.299672	-1.024947	-87.449090	-8.370207	-9.195592	 69.520870	-0.135482	 3.282929	 78.717000	 0.191152	 7.210171	-12.092660	 29.679180	 12.057070	 58.447140	-6.589695	 21.149620	 156.589700	-4.717044	 19.573680	-20.550210	 18.500730	 7.461245	 147.290200	-3.484356	 9.763442	 74.816810	-5.510178	 10.068060	 99.817300	-32.330270	-12.401040	-11.422400	 167.932200	 0.337429	 0.554407	 35.370370	-0.405495	 3.620178	 0.000000	 90.000000	 0.000000	 175.039700	 8.865430	 172.410600	-173.756200	-14.889730	-33.312650
-0.050604	-0.076249	-0.017745	-175.110900	 1.547254	-90.757930	-4.674920	-1.632272	-7.363884	-4.635736	-5.138489	-7.189360	 1.363836	-5.535799	 110.621000	-0.813313	 0.122417	-8.559153	-54.047820	-22.270210	 18.044800	-3.397341	 24.981870	 1.337345	-20.596840	 20.019040	-53.520020	-11.582920	-4.601621	 9.666660	 2.503291	-1.126934	 4.548135	 3.270450	-0.643668	-80.071260	 3.961542	 3.171967	 11.899930	-0.275389	 3.148105	 9.181604	 2.910524	 4.315466	-70.644730	 37.462230	 19.818970	 14.802670	-6.821038	 19.211720	 10.901230	-5.647830	 19.246400	-70.665730	 18.532460	 10.432390	 21.107640	-3.898340	 9.395206	 9.518596	-0.473063	 9.966733	-72.614270	-51.617550	-12.041010	-7.588076	 16.022730	-0.540169	 0.139211	 14.789960	-0.368235	 3.437935	 0.486012	-0.389801	 90.232380	-92.259670	 9.131068	-82.805100	-178.206400	-10.807160	 99.067120	-0.813313	 0.122417	-8.559153	-87.575280	-26.088260	-24.754450	-1.995045	-11.953470	 1.466502	 12.737050	-20.591620	-11.267170	-5.632297	-2.079468	 10.021540	 2.508775	-1.127052	-1.512127	 3.299646	-1.022810	-87.407860	-8.258908	-9.053408	 69.537800	-0.135482	 3.282928	 78.716740	 0.191168	 7.210166	-12.092900	 29.679200	 12.057110	 58.446990	-6.573472	 21.142880	 155.653100	-4.717048	 19.573680	-20.550440	 18.479480	 7.412126	 146.464000	-3.484357	 9.763440	 74.816540	-5.505355	 10.117190	 98.679990	-32.308000	-12.288610	-11.013670	 162.691400	 0.306813	 0.588415	 35.370370	-0.405495	 3.620178	 0.000000	 90.000000	 0.000000	 175.041600	 8.870967	 172.383300	-173.750200	-14.891880	-33.335410
-0.050613	-0.076319	-0.017723	-175.112400	 1.565725	-90.744810	-4.666034	-1.631907	-7.381728	-4.644461	-5.143318	-7.199233	 1.366194	-5.544295	 110.625100	-0.813313	 0.122417	-8.559153	-54.042680	-22.256240	 18.009290	-3.435087	 24.950030	 1.347939	-20.563620	 19.989970	-53.573280	-11.582920	-4.601621	 9.666660	 2.503291	-1.126934	 4.548135	 3.270450	-0.643668	-80.071260	 3.962603	 3.172430	 11.899870	-0.275389	 3.148105	 9.181604	 2.910642	 4.314987	-70.651680	 37.464260	 19.819710	 14.801970	-6.821038	 19.211720	 10.901230	-5.647890	 19.246410	-70.668720	 18.533820	 10.433090	 21.107380	-3.898340	 9.395206	 9.518596	-0.473063	 9.966733	-72.614270	-51.617550	-12.041010	-7.588076	 16.022730	-0.540169	 0.139211	 14.789960	-0.368235	 3.437935	 0.488010	-0.386740	 90.232270	-92.265930	 9.094785	-82.779240	-178.208500	-10.801500	 99.052260	-0.813313	 0.122417	-8.559153	-87.565740	-26.180010	-24.606570	-1.994776	-11.987130	 1.467572	 12.771290	-20.616380	-11.092570	-5.644705	-2.082798	 10.052880	 2.508738	-1.127051	-1.470700	 3.299624	-1.021112	-87.375110	-8.163036	-8.930810	 69.552130	-0.135482	 3.282927	 78.716510	 0.191182	 7.210161	-12.093090	 29.679200	 12.057130	 58.446880	-6.559416	 21.136790	 154.836000	-4.717050	 19.573680	-20.550620	 18.460370	 7.369511	 145.743100	-3.484358	 9.763436	 74.816290	-5.500340	 10.159970	 97.687520	-32.289280	-12.190410	-10.657320	 158.119900	 0.277677	 0.615701	 35.370370	-0.405495	 3.620178	 0.000000	 90.000000	 0.000000	 175.042600	 8.875642	 172.362800	-173.746700	-14.893350	-33.360870
-0.050617	-0.076391	-0.017705	-175.112700	 1.584889	-90.731370	-4.656998	-1.631445	-7.399860	-4.652902	-5.149022	-7.208810	 1.368491	-5.552542	 110.629300	-0.813313	 0.122417	-8.559153	-54.040440	-22.243290	 17.971320	-3.465427	 24.919620	 1.356520	-20.536280	 19.961720	-53.614650	-11.582920	-4.601621	 9.666660	 2.503291	-1.126934	 4.548135	 3.270450	-0.643668	-80.071260	 3.963663	 3.172894	 11.899800	-0.275389	 3.148105	 9.181604	 2.910764	 4.314494	-70.658850	 37.466290	 19.820450	 14.801280	-6.821038	 19.211720	 10.901230	-5.647954	 19.246410	-70.671750	 18.535180	 10.433790	 21.107110	-3.898340	 9.395206	 9.518596	-0.473063	 9.966733	-72.614270	-51.617550	-12.041010	-7.588076	 16.022730	-0.540169	 0.139211	 14.789960	-0.368235	 3.437935	 0.489996	-0.385090	 90.232190	-92.277440	 9.056882	-82.749820	-178.211500	-10.789980	 99.037470	-0.813313	 0.122417	-8.559153	-87.555500	-26.276160	-24.452720	-1.994291	-12.025950	 1.468691	 12.785960	-20.634350	-10.796930	-5.655818	-2.085788	 10.080960	 2.508705	-1.127050	-1.433602	 3.299603	-1.019590	-87.345730	-8.069336	-8.810897	 69.565990	-0.135483	 3.282927	 78.716300	 0.191193	 7.210157	-12.093260	 29.679220	 12.057170	 58.446760	-6.545613	 21.130590	 154.028100	-4.717052	 19.573670	-20.550780	 18.440940	 7.327634	 145.030500	-3.484359	 9.763435	 74.816080	-5.494643	 10.202180	 96.706160	-32.271370	-12.093210	-10.305180	 153.600900	 0.246822	 0.640297	 35.370370	-0.405495	 3.620178	 0.000000	 90.000000	 0.000000	 175.042300	 8.880494	 172.342700	-173.745400	-14.894310	-33.392940
-0.050611	-0.076486	-0.017695	-175.111700	 1.608400	-90.715160	-4.646070	-1.630702	-7.421610	-4.662427	-5.156466	-7.219753	 1.371055	-5.561799	 110.633600	-0.813313	 0.122417	-8.559153	-54.041730	-22.229320	 17.923280	-3.491413	 24.886010	 1.363978	-20.515540	 19.930710	-53.645110	-11.582920	-4.601621	 9.666660	 2.503291	-1.126934	 4.548135	 3.270450	-0.643668	-80.071260	 3.964916	 3.173442	 11.899730	-0.275389	 3.148105	 9.181604	 2.910911	 4.313896	-70.667530	 37.468700	 19.821330	 14.800460	-6.821038	 19.211720	 10.901230	-5.648028	 19.246420	-70.675320	 18.536780	 10.434610	 21.106800	-3.898340	 9.395206	 9.518596	-0.473063	 9.966733	-72.614270	-51.617550	-12.041010	-7.588076	 16.022730	-0.540169	 0.139211	 14.789960	-0.368235	 3.437935	 0.492312	-0.385088	 90.232080	-92.297610	 9.012143	-82.703700	-178.216000	-10.769490	 99.020780	-0.813313	 0.122417	-8.559153	-87.542440	-26.395570	-24.263430	-1.993454	-12.078630	 1.470066	 12.591640	-20.644450	-10.287800	-5.667250	-2.088864	 10.109910	 2.508671	-1.127049	-1.395353	 3.299581	-1.018019	-87.315440	-7.961428	-8.672673	 69.581660	-0.135482	 3.282926	 78.716000	 0.191209	 7.210152	-12.093500	 29.679240	 12.057210	 58.446610	-6.529629	 21.123120	 153.085600	-4.717056	 19.573670	-20.551000	 18.417610	 7.279052	 144.199000	-3.484359	 9.763433	 74.815790	-5.487063	 10.251300	 95.560990	-32.251270	-11.979710	-9.894615	 148.328400	 0.208516	 0.665825	 35.370370	-0.405495	 3.620178	 0.000000	 90.000000	 0.000000	 175.039300	 8.887192	 172.310700	-173.747400	-14.894640	-33.442330
-0.050570	-0.076576	-0.017696	-175.109900	 1.630643	-90.700060	-4.635894	-1.629846	-7.441853	-4.670723	-5.163638	-7.229410	 1.373167	-5.569597	 110.635800	-0.813313	 0.122417	-8.559153	-53.476490	-22.933090	 18.084570	-3.611684	 24.908100	 1.341371	-20.435560	 20.702750	-53.289530	-11.582920	-4.601621	 9.666660	 2.503291	-1.126934	 4.548135	 3.270450	-0.643668	-80.071260	 3.966053	 3.173938	 11.899660	-0.275389	 3.148105	 9.181604	 2.911047	 4.313339	-70.675600	 37.470900	 19.822140	 14.799700	-6.821038	 19.211720	 10.901230	-5.648091	 19.246420	-70.678570	 18.538250	 10.435360	 21.106520	-3.898340	 9.395206	 9.518596	-0.473063	 9.966733	-72.614270	-51.617550	-12.041010	-7.588076	 16.022730	-0.540169	 0.139211	 14.789960	-0.368235	 3.437935	 0.494414	-0.387101	 90.232010	-92.322230	 8.986179	-82.649530	-178.221000	-10.744890	 99.006910	-0.813313	 0.122417	-8.559153	-87.529600	-26.510320	-24.083340	-1.992396	-12.110270	 1.470838	 12.105150	-20.629810	-9.760676	-5.676131	-2.091262	 10.132370	 2.508644	-1.127048	-1.365686	 3.299563	-1.016803	-87.291980	-7.865324	-8.549464	 69.595410	-0.135483	 3.282926	 78.715790	 0.191223	 7.210147	-12.093690	 29.679240	 12.057220	 58.446490	-6.515316	 21.116170	 152.234700	-4.717059	 19.573660	-20.551160	 18.395940	 7.235512	 143.448500	-3.484359	 9.763430	 74.815530	-5.479364	 10.295510	 94.526930	-32.233840	-11.877150	-9.524236	 143.569700	 0.172042	 0.685745	 35.370370	-0.405495	 3.620178	 0.000000	 90.000000	 0.000000	 175.034200	 8.894123	 172.276300	-173.753100	-14.894100	-33.499050
-0.050483	-0.076661	-0.017703	-175.107600	 1.651418	-90.685480	-4.628075	-1.628793	-7.461318	-4.678144	-5.170451	-7.238265	 1.374932	-5.576261	 110.636500	-0.813313	 0.122417	-8.559153	-52.010710	-24.620070	 18.601050	-4.011303	 25.008140	 1.282693	-20.217080	 22.605100	-52.384880	-11.582920	-4.601621	 9.666660	 2.503291	-1.126934	 4.548135	 3.270450	-0.643668	-80.071260	 3.967152	 3.174419	 11.899600	-0.275389	 3.148105	 9.181604	 2.911180	 4.312802	-70.683410	 37.472950	 19.822880	 14.799010	-6.821038	 19.211720	 10.901230	-5.648155	 19.246430	-70.681640	 18.539620	 10.436060	 21.106250	-3.898340	 9.395206	 9.518596	-0.473063	 9.966733	-72.614270	-51.617550	-12.041010	-7.588076	 16.022730	-0.540169	 0.139211	 14.789960	-0.368235	 3.437935	 0.496409	-0.390944	 90.231910	-92.351050	 8.987960	-82.586500	-178.226200	-10.716890	 98.995510	-0.813313	 0.122417	-8.559153	-87.516700	-26.624300	-23.906270	-1.991394	-12.096730	 1.470484	 11.622070	-20.578060	-9.294217	-5.683161	-2.093162	 10.150140	 2.508623	-1.127047	-1.342192	 3.299549	-1.015839	-87.273370	-7.776215	-8.435133	 69.607970	-0.135483	 3.282924	 78.715560	 0.191235	 7.210143	-12.093890	 29.679260	 12.057260	 58.446370	-6.501979	 21.109470	 151.436000	-4.717060	 19.573660	-20.551340	 18.375090	 7.194893	 142.744100	-3.484359	 9.763427	 74.815290	-5.471400	 10.336880	 93.556140	-32.218120	-11.780770	-9.176738	 139.102800	 0.136421	 0.701636	 35.370370	-0.405495	 3.620178	 0.000000	 90.000000	 0.000000	 175.027100	 8.901236	 172.241100	-173.762000	-14.892660	-33.563590
-0.050366	-0.076759	-0.017728	-175.104500	 1.673794	-90.667230	-4.624994	-1.626905	-7.484914	-4.686477	-5.178342	-7.248449	 1.376689	-5.583087	 110.635800	-0.813313	 0.122417	-8.559153	-49.908220	-26.599510	 19.422580	-4.959806	 25.144380	 1.220875	-19.785580	 24.936060	-51.198090	-11.582920	-4.601621	 9.666660	 2.503291	-1.126934	 4.548135	 3.270450	-0.643668	-80.071260	 3.968424	 3.174975	 11.899530	-0.275389	 3.148105	 9.181604	 2.911339	 4.312153	-70.692830	 37.475360	 19.823760	 14.798180	-6.821038	 19.211720	 10.901230	-5.648229	 19.246430	-70.685230	 18.541230	 10.436890	 21.105940	-3.898340	 9.395206	 9.518596	-0.473063	 9.966733	-72.614270	-51.617550	-12.041010	-7.588076	 16.022730	-0.540169	 0.139211	 14.789960	-0.368235	 3.437935	 0.498776	-0.398136	 90.231820	-92.391440	 9.011797	-82.496300	-178.234400	-10.678320	 98.968670	-0.813313	 0.122417	-8.559153	-87.528760	-26.794510	-23.700290	-1.986102	-12.058640	 1.467338	 11.466940	-20.479560	-8.828357	-5.689755	-2.094942	 10.166890	 2.508603	-1.127046	-1.320071	 3.299535	-1.014932	-87.255870	-7.672364	-8.301775	 69.622380	-0.135483	 3.282923	 78.715310	 0.191250	 7.210138	-12.094100	 29.679280	 12.057300	 58.446230	-6.486358	 21.101330	 150.492400	-4.717063	 19.573660	-20.551550	 18.349800	 7.147237	 141.911800	-3.484360	 9.763425	 74.815010	-5.461072	 10.385570	 92.408980	-32.200320	-11.666830	-8.766491	 133.826700	 0.092914	 0.716772	 35.370370	-0.405495	 3.620178	 0.000000	 90.000000	 0.000000	 175.016200	 8.910300	 172.198700	-173.768600	-14.894070	-33.654390
-0.050302	-0.076830	-0.017768	-175.111600	 1.687701	-90.649420	-4.627319	-1.624745	-7.505842	-4.693214	-5.184717	-7.256999	 1.377880	-5.587883	 110.634100	-0.813313	 0.122417	-8.559153	-48.522630	-27.232400	 20.023230	-6.320045	 25.371170	 1.294281	-19.251590	 25.996460	-50.491400	-11.582920	-4.601621	 9.666660	 2.503291	-1.126934	 4.548135	 3.270450	-0.643668	-80.071260	 3.969504	 3.175447	 11.899460	-0.275389	 3.148105	 9.181604	 2.911479	 4.311582	-70.701120	 37.477420	 19.824520	 14.797480	-6.821038	 19.211720	 10.901230	-5.648293	 19.246440	-70.688320	 18.542620	 10.437600	 21.105670	-3.898340	 9.395206	 9.518596	-0.473063	 9.966733	-72.614270	-51.617550	-12.041010	-7.588076	 16.022730	-0.540169	 0.139211	 14.789960	-0.368235	 3.437935	 0.500815	-0.406882	 90.231710	-92.431250	 9.041847	-82.404170	-178.237900	-10.679020	 98.923280	-0.813313	 0.122417	-8.559153	-87.599640	-27.006900	-23.542520	-1.972967	-12.043190	 1.460461	 11.547060	-20.401000	-8.966501	-5.693937	-2.096074	 10.177470	 2.508591	-1.127046	-1.306072	 3.299526	-1.014357	-87.244800	-7.583853	-8.188024	 69.634480	-0.135483	 3.282923	 78.715070	 0.191263	 7.210135	-12.094300	 29.679280	 12.057320	 58.446100	-6.472978	 21.094100	 149.677200	-4.717066	 19.573660	-20.551710	 18.327400	 7.106359	 141.192900	-3.484361	 9.763423	 74.814780	-5.451352	 10.427470	 91.417660	-32.185600	-11.568290	-8.412246	 129.268800	 0.054344	 0.726568	 35.370370	-0.405495	 3.620178	 0.000000	 90.000000	 0.000000	 175.005800	 8.918880	 172.149700	-173.760000	-14.903560	-33.745730
-0.050248	-0.076929	-0.017846	-175.130500	 1.695693	-90.630260	-4.633845	-1.622153	-7.527220	-4.699522	-5.190410	-7.265316	 1.378722	-5.591474	 110.631400	-0.813313	 0.122417	-8.559153	-47.184950	-27.601880	 20.636270	-7.876703	 25.258720	 1.376532	-18.745980	 26.546120	-49.947770	-11.582920	-4.601621	 9.666660	 2.503291	-1.126934	 4.548135	 3.270450	-0.643668	-80.071260	 3.970584	 3.175919	 11.899390	-0.275389	 3.148105	 9.181604	 2.911621	 4.311004	-70.709510	 37.479450	 19.825260	 14.796780	-6.821038	 19.211720	 10.901230	-5.648355	 19.246440	-70.691360	 18.543980	 10.438290	 21.105410	-3.898340	 9.395206	 9.518596	-0.473063	 9.966733	-72.614270	-51.617550	-12.041010	-7.588076	 16.022730	-0.540169	 0.139211	 14.789960	-0.368235	 3.437935	 0.502878	-0.418134	 90.231620	-92.474890	 9.071819	-82.298580	-178.234900	-10.723190	 98.874990	-0.813313	 0.122417	-8.559153	-87.720960	-27.272250	-23.401210	-1.952993	-12.042140	 1.450328	 11.878500	-20.335860	-9.603637	-5.696665	-2.096815	 10.184350	 2.508583	-1.127046	-1.296981	 3.299520	-1.013986	-87.237600	-7.496587	-8.075795	 69.646230	-0.135483	 3.282922	 78.714840	 0.191276	 7.210131	-12.094490	 29.679300	 12.057350	 58.446000	-6.459723	 21.086700	 148.862800	-4.717068	 19.573650	-20.551900	 18.304500	 7.065793	 140.474600	-3.484361	 9.763422	 74.814540	-5.440905	 10.469170	 90.427150	-32.171550	-11.469780	-8.058530	 124.715400	 0.015152	 0.733268	 35.370370	-0.405495	 3.620178	 0.000000	 90.000000	 0.000000	 174.996500	 8.928353	 172.076200	-173.743500	-14.919110	-33.864810
-0.050209	-0.077078	-0.018021	-175.187300	 1.690261	-90.605740	-4.646337	-1.618528	-7.552837	-4.706230	-5.195896	-7.274683	 1.379205	-5.593888	 110.627200	-0.813313	 0.122417	-8.559153	-45.766050	-27.749830	 21.319280	-9.784990	 25.361220	 1.467049	-18.337500	 27.200730	-49.327340	-11.582920	-4.601621	 9.666660	 2.503291	-1.126934	 4.548135	 3.270450	-0.643668	-80.071260	 3.971817	 3.176457	 11.899320	-0.275389	 3.148105	 9.181604	 2.911788	 4.310320	-70.719410	 37.481760	 19.826100	 14.795990	-6.821038	 19.211720	 10.901230	-5.648424	 19.246450	-70.694830	 18.545520	 10.439090	 21.105110	-3.898340	 9.395206	 9.518596	-0.473063	 9.966733	-72.614270	-51.617550	-12.041010	-7.588076	 16.022730	-0.540169	 0.139211	 14.789960	-0.368235	 3.437935	 0.505305	-0.434718	 90.231540	-92.529890	 9.095623	-82.157700	-178.209000	-10.909020	 98.840130	-0.813313	 0.122417	-8.559153	-87.918300	-27.638660	-23.253380	-1.922654	-12.055740	 1.435249	 12.307040	-20.321710	-11.351880	-5.697920	-2.097153	 10.187550	 2.508579	-1.127046	-1.292776	 3.299518	-1.013813	-87.234270	-7.396160	-7.946545	 69.659550	-0.135483	 3.282922	 78.714590	 0.191290	 7.210125	-12.094700	 29.679320	 12.057390	 58.445840	-6.444394	 21.077850	 147.912200	-4.717072	 19.573650	-20.552090	 18.277140	 7.018826	 139.636400	-3.484362	 9.763420	 74.814270	-5.427780	 10.517600	 89.270710	-32.155950	-11.354710	-7.645913	 119.401000	-0.031097	 0.737119	 35.370370	-0.405495	 3.620178	 0.000000	 90.000000	 0.000000	 174.985500	 8.940202	 171.973000	-173.721700	-14.942690	-34.061120
-0.050189	-0.077230	-0.018207	-175.225600	 1.688741	-90.586720	-4.660852	-1.614942	-7.575375	-4.711402	-5.199320	-7.282452	 1.379154	-5.594279	 110.622900	-0.813313	 0.122417	-8.559153	-44.616340	-27.855010	 21.893630	-11.311640	 25.329580	 1.499368	-18.003060	 27.620850	-48.889020	-11.582920	-4.601621	 9.666660	 2.503291	-1.126934	 4.548135	 3.270450	-0.643668	-80.071260	 3.972857	 3.176912	 11.899260	-0.275389	 3.148105	 9.181604	 2.911933	 4.309731	-70.727970	 37.483680	 19.826800	 14.795340	-6.821038	 19.211720	 10.901230	-5.648485	 19.246450	-70.697720	 18.546800	 10.439740	 21.104860	-3.898340	 9.395206	 9.518596	-0.473063	 9.966733	-72.614270	-51.617550	-12.041010	-7.588076	 16.022730	-0.540169	 0.139211	 14.789960	-0.368235	 3.437935	 0.507403	-0.452116	 90.231450	-92.600210	 9.154037	-81.978130	-178.189900	-11.022390	 98.858810	-0.813313	 0.122417	-8.559153	-88.074280	-27.783630	-23.169100	-1.917769	-12.077970	 1.433969	 11.958720	-20.431470	-12.708280	-6.316189	-2.039269	 15.888560	 2.501873	-1.127278	 6.187276	 3.278931	-0.708430	-81.327350	-7.311188	-7.837103	 69.670640	-0.135484	 3.282921	 78.714360	 0.191304	 7.210122	-12.094900	 29.679320	 12.057410	 58.445730	-6.431360	 21.070060	 147.096000	-4.717074	 19.573650	-20.552260	 18.253090	 6.978821	 138.916600	-3.484363	 9.763416	 74.814030	-5.415720	 10.558970	 88.277660	-32.143210	-11.255840	-7.291883	 114.839200	-0.070924	 0.737000	 35.370370	-0.405495	 3.620178	 0.000000	 90.000000	 0.000000	 174.974700	 8.947596	 171.881500	-173.700100	-14.965890	-34.262450
-0.050180	-0.077367	-0.018420	-175.228000	 1.701369	-90.569960	-4.679532	-1.610722	-7.599746	-4.716224	-5.201392	-7.290355	 1.378585	-5.592805	 110.617600	-0.813313	 0.122417	-8.559153	-43.549020	-27.965730	 22.452080	-12.679920	 25.418720	 1.486042	-17.684690	 28.107960	-48.363020	-11.582920	-4.601621	 9.666660	 2.503291	-1.126934	 4.548135	 3.270450	-0.643668	-80.071260	 3.973898	 3.177367	 11.899200	-0.275389	 3.148105	 9.181604	 2.912086	 4.309105	-70.737050	 37.485620	 19.827510	 14.794670	-6.821038	 19.211720	 10.901230	-5.648544	 19.246460	-70.700690	 18.548120	 10.440420	 21.104610	-3.898340	 9.395206	 9.518596	-0.473063	 9.966733	-72.614270	-51.617550	-12.041010	-7.588076	 16.022730	-0.540169	 0.139211	 14.789960	-0.368235	 3.437935	 0.509640	-0.473865	 90.231370	-92.719430	 9.279278	-81.679370	-178.191700	-10.982950	 98.911940	-0.813313	 0.122417	-8.559153	-88.195590	-27.661210	-23.193500	-1.939776	-12.236130	 1.450544	 10.829460	-20.770260	-13.470110	-10.374090	-3.544615	 44.580220	 2.467833	-1.145120	 50.064410	 2.701747	 0.726906	-51.132930	-7.222724	-7.723088	 69.682010	-0.135484	 3.282920	 78.714120	 0.191317	 7.210117	-12.095090	 29.679330	 12.057450	 58.445600	-6.417729	 21.061640	 146.234100	-4.717077	 19.573650	-20.552450	 18.227150	 6.936882	 138.156700	-3.484363	 9.763413	 74.813770	-5.402192	 10.602430	 87.228800	-32.130430	-11.151370	-6.918218	 110.022400	-0.112834	 0.733430	 35.370370	-0.405495	 3.620178	 0.000000	 90.000000	 0.000000	 174.960400	 8.947643	 171.794100	-173.674100	-14.991640	-34.490650
-0.050186	-0.077446	-0.018672	-175.206900	 1.720908	-90.551320	-4.703701	-1.610120	-7.626798	-4.722027	-5.212045	-7.298676	 1.375637	-5.582356	 110.611300	-0.813313	 0.122417	-8.559153	-42.575320	-27.961690	 22.987700	-14.017760	 25.454270	 1.478737	-17.319290	 28.394100	-47.835000	-11.582920	-4.601621	 9.666660	 2.503291	-1.126934	 4.548135	 3.270450	-0.643668	-80.071260	 3.974997	 3.177847	 11.899140	-0.275389	 3.148105	 9.181604	 2.912251	 4.308430	-70.746850	 37.487630	 19.828250	 14.793990	-6.821038	 19.211720	 10.901230	-5.648605	 19.246460	-70.703740	 18.549470	 10.441110	 21.104350	-3.898340	 9.395206	 9.518596	-0.473063	 9.966733	-72.614270	-51.617550	-12.041010	-7.588076	 16.022730	-0.540169	 0.139211	 14.789960	-0.368235	 3.437935	 0.512053	-0.501459	 90.231260	-92.873470	 9.352119	-81.279440	-178.207900	-10.868330	 98.930620	-0.813313	 0.122417	-8.559153	-88.373730	-27.596970	-23.368470	-1.937822	-12.679400	 1.461544	 10.632800	-21.211960	-13.297790	-12.674590	-5.769943	 61.004410	 2.459728	-1.158190	 67.262700	 2.051472	 1.359323	-33.554610	-7.128767	-7.601906	 69.693900	-0.135484	 3.282920	 78.713870	 0.191332	 7.210113	-12.095310	 29.679350	 12.057480	 58.445460	-6.403182	 21.052350	 145.304600	-4.717079	 19.573640	-20.552640	 18.198550	 6.892066	 137.337000	-3.484363	 9.763412	 74.813510	-5.386694	 10.649020	 86.097360	-32.117470	-11.038620	-6.515454	 104.827700	-0.157520	 0.725656	 35.370370	-0.405495	 3.620178	 0.000000	 90.000000	 0.000000	 174.940500	 8.939819	 171.724400	-173.641400	-15.018900	-34.735120
-0.050188	-0.077420	-0.018914	-175.181900	 1.734554	-90.533000	-4.728909	-1.618218	-7.651524	-4.729270	-5.241300	-7.306067	 1.369081	-5.558045	 110.605000	-0.813313	 0.122417	-8.559153	-41.645110	-27.866090	 23.483910	-15.356510	 25.390340	 1.475015	-16.968630	 28.525200	-47.385270	-11.582920	-4.601621	 9.666660	 2.503291	-1.126934	 4.548135	 3.270450	-0.643668	-80.071260	 3.975903	 3.178243	 11.899080	-0.275389	 3.148105	 9.181604	 2.912396	 4.307833	-70.755490	 37.489300	 19.828860	 14.793420	-6.821038	 19.211720	 10.901230	-5.648658	 19.246470	-70.706310	 18.550600	 10.441690	 21.104130	-3.898340	 9.395206	 9.518596	-0.473063	 9.966733	-72.614270	-51.617550	-12.041010	-7.588076	 16.022730	-0.540169	 0.139211	 14.789960	-0.368235	 3.437935	 0.514212	-0.529743	 90.231230	-93.009480	 9.286435	-80.898900	-178.220500	-10.799430	 98.906910	-0.813313	 0.122417	-8.559153	-88.566810	-27.593980	-23.616410	-1.919608	-13.064740	 1.462219	 10.659140	-21.481000	-12.914280	-13.444250	-6.849286	 66.784010	 2.457251	-1.165407	 75.772000	 1.776640	 1.532863	-27.275560	-7.046763	-7.496068	 69.704090	-0.135484	 3.282919	 78.713650	 0.191345	 7.210109	-12.095500	 29.679360	 12.057510	 58.445340	-6.390420	 21.043930	 144.480700	-4.717083	 19.573640	-20.552810	 18.172660	 6.852665	 136.610400	-3.484365	 9.763410	 74.813270	-5.372172	 10.690070	 85.094110	-32.106660	-10.938620	-6.158636	 100.223100	-0.196397	 0.715408	 35.370370	-0.405495	 3.620178	 0.000000	 90.000000	 0.000000	 174.918000	 8.927106	 171.693600	-173.607700	-15.040920	-34.933340
-0.050189	-0.077315	-0.019151	-175.156000	 1.743945	-90.513260	-4.756806	-1.632531	-7.676724	-4.737903	-5.285055	-7.313334	 1.359643	-5.522724	 110.598300	-0.813313	 0.122417	-8.559153	-40.739700	-27.612680	 23.954290	-16.834380	 25.422720	 1.502822	-16.589750	 28.627020	-46.941860	-11.582920	-4.601621	 9.666660	 2.503291	-1.126934	 4.548135	 3.270450	-0.643668	-80.071260	 3.976771	 3.178622	 11.899030	-0.275389	 3.148105	 9.181604	 2.912540	 4.307247	-70.764020	 37.490860	 19.829430	 14.792880	-6.821038	 19.211720	 10.901230	-5.648706	 19.246470	-70.708700	 18.551650	 10.442230	 21.103920	-3.898340	 9.395206	 9.518596	-0.473063	 9.966733	-72.614270	-51.617550	-12.041010	-7.588076	 16.022730	-0.540169	 0.139211	 14.789960	-0.368235	 3.437935	 0.516303	-0.541645	 90.231080	-93.127890	 9.135765	-80.530110	-178.229100	-10.769840	 98.856830	-0.813313	 0.122417	-8.559153	-88.779280	-27.612790	-23.912220	-1.894994	-13.221200	 1.453834	 10.791130	-21.489070	-12.699970	-13.633030	-7.119798	 67.598910	 2.456985	-1.166468	 76.991140	 1.734495	 1.555904	-26.348070	-6.966670	-7.392639	 69.713930	-0.135484	 3.282918	 78.713420	 0.191358	 7.210105	-12.095700	 29.679370	 12.057540	 58.445230	-6.377902	 21.035410	 143.663800	-4.717083	 19.573640	-20.552990	 18.146510	 6.813936	 135.890300	-3.484365	 9.763408	 74.813030	-5.357055	 10.730510	 84.099460	-32.096550	-10.839430	-5.805065	 95.659480	-0.234001	 0.702205	 35.370370	-0.405495	 3.620178	 0.000000	 90.000000	 0.000000	 174.892000	 8.910334	 171.687300	-173.569400	-15.059160	-35.096580
-0.050181	-0.077196	-0.019389	-175.100200	 1.759557	-90.490230	-4.792527	-1.655057	-7.707164	-4.758583	-5.349536	-7.321681	 1.345834	-5.470792	 110.590200	-0.813313	 0.122417	-8.559153	-39.619800	-27.268780	 24.503660	-18.673620	 25.466880	 1.519548	-16.120170	 28.757120	-46.415660	-11.582920	-4.601621	 9.666660	 2.503291	-1.126934	 4.548135	 3.270450	-0.643668	-80.071260	 3.977716	 3.179034	 11.898980	-0.275389	 3.148105	 9.181604	 2.912706	 4.306563	-70.773930	 37.492550	 19.830050	 14.792310	-6.821038	 19.211720	 10.901230	-5.648761	 19.246480	-70.711320	 18.552790	 10.442810	 21.103710	-3.898340	 9.395206	 9.518596	-0.473063	 9.966733	-72.614270	-51.617550	-12.041010	-7.588076	 16.022730	-0.540169	 0.139211	 14.789960	-0.368235	 3.437935	 0.518537	-0.505941	 90.230730	-93.223790	 8.894289	-80.184210	-178.250700	-10.672650	 98.774130	-0.813313	 0.122417	-8.559153	-89.040760	-27.628680	-24.277170	-1.866453	-13.234180	 1.440078	 11.022830	-21.328700	-12.460090	-13.974980	-7.667441	 69.781880	 2.456645	-1.167987	 78.725370	 1.623690	 1.612365	-23.946470	-6.874124	-7.273054	 69.725110	-0.135484	 3.282917	 78.713170	 0.191373	 7.210100	-12.095910	 29.679400	 12.057580	 58.445090	-6.363367	 21.025210	 142.704800	-4.717087	 19.573640	-20.553170	 18.115180	 6.768887	 135.044700	-3.484365	 9.763407	 74.812750	-5.338391	 10.777650	 82.931320	-32.085520	-10.722910	-5.390194	 90.300900	-0.276634	 0.682940	 35.370370	-0.405495	 3.620178	 0.000000	 90.000000	 0.000000	 174.858600	 8.887012	 171.698200	-173.520800	-15.073860	-35.244970
-0.050348	-0.077151	-0.019342	-175.039500	 1.773731	-90.469270	-4.824870	-1.677178	-7.733841	-4.796630	-5.410723	-7.328484	 1.332569	-5.420763	 110.583300	-0.813313	 0.122417	-8.559153	-38.707270	-26.856740	 24.924590	-20.337610	 25.551240	 1.561817	-15.729920	 28.829400	-45.969460	-11.582920	-4.601621	 9.666660	 2.503291	-1.126934	 4.548135	 3.270450	-0.643668	-80.071260	 3.978429	 3.179347	 11.898940	-0.275389	 3.148105	 9.181604	 2.912846	 4.305991	-70.782230	 37.493840	 19.830520	 14.791860	-6.821038	 19.211720	 10.901230	-5.648799	 19.246480	-70.713350	 18.553650	 10.443260	 21.103530	-3.898340	 9.395206	 9.518596	-0.473063	 9.966733	-72.614270	-51.617550	-12.041010	-7.588076	 16.022730	-0.540169	 0.139211	 14.789960	-0.368235	 3.437935	 0.520371	-0.452557	 90.230320	-93.242840	 8.670936	-80.013800	-178.277800	-10.555010	 98.658620	-0.813313	 0.122417	-8.559153	-89.222150	-33.166440	-24.413400	-3.859684	-13.612420	 1.192978	 12.289590	-16.202290	-13.269250	-14.058910	-7.784107	 69.900030	 2.456506	-1.168676	 79.508780	 1.617127	 1.615528	-23.805790	-6.796463	-7.172635	 69.734310	-0.135485	 3.282917	 78.712920	 0.191384	 7.210096	-12.096090	 29.679410	 12.057610	 58.444970	-6.351112	 21.016320	 141.886300	-4.717089	 19.573640	-20.553350	 18.087920	 6.730795	 134.323000	-3.484365	 9.763405	 74.812520	-5.321687	 10.817590	 81.934020	-32.076760	-10.623410	-5.036263	 85.728400	-0.311466	 0.663410	 35.370370	-0.405495	 3.620178	 0.000000	 90.000000	 0.000000	 174.829100	 8.865477	 171.712400	-173.487000	-15.088550	-35.348240
-0.050501	-0.077113	-0.019106	-174.968300	 1.800981	-90.449080	-4.858988	-1.700617	-7.761683	-4.851062	-5.475682	-7.322705	 1.318420	-5.367300	 110.576500	-0.813313	 0.122417	-8.559153	-37.811100	-26.371270	 25.305850	-22.084450	 25.644970	 1.619814	-15.342370	 28.870160	-45.522130	-11.582920	-4.601621	 9.666660	 2.503291	-1.126934	 4.548135	 3.270450	-0.643668	-80.071260	 3.979124	 3.179649	 11.898890	-0.275389	 3.148105	 9.181604	 2.912987	 4.305414	-70.790600	 37.495030	 19.830950	 14.791460	-6.821038	 19.211720	 10.901230	-5.648840	 19.246480	-70.715240	 18.554470	 10.443680	 21.103380	-3.898340	 9.395206	 9.518596	-0.473063	 9.966733	-72.614270	-51.617550	-12.041010	-7.588076	 16.022730	-0.540169	 0.139211	 14.789960	-0.368235	 3.437935	 0.522217	-0.395668	 90.229890	-93.218820	 8.454618	-79.926390	-178.312500	-10.403910	 98.508540	-0.813313	 0.122417	-8.559153	-86.726490	-37.111210	-22.735470	-9.647253	-13.823370	 0.680087	 15.259490	-12.866260	-14.029940	-14.024940	-7.731332	 69.754160	 2.456415	-1.169162	 80.059630	 1.624645	 1.611903	-23.966960	-6.718441	-7.071696	 69.743440	-0.135484	 3.282916	 78.712700	 0.191397	 7.210092	-12.096280	 29.679420	 12.057630	 58.444840	-6.338745	 21.007070	 141.050900	-4.717091	 19.573640	-20.553500	 18.059590	 6.692267	 133.586400	-3.484367	 9.763403	 74.812270	-5.303911	 10.858060	 80.916080	-32.068470	-10.521830	-4.675245	 81.061850	-0.345286	 0.640687	 35.370370	-0.405495	 3.620178	 0.000000	 90.000000	 0.000000	 174.799600	 8.843318	 171.721200	-173.460100	-15.117240	-35.381330
-0.050439	-0.077176	-0.018672	-174.877000	 1.864760	-90.421460	-4.907884	-1.726757	-7.768353	-4.926394	-5.548456	-7.283072	 1.302642	-5.307602	 110.569200	-0.813313	 0.122417	-8.559153	-36.825690	-25.805740	 25.677860	-24.066350	 25.714690	 1.680278	-14.916690	 28.883030	-45.032160	-11.582920	-4.601621	 9.666660	 2.503291	-1.126934	 4.548135	 3.270450	-0.643668	-80.071260	 3.979798	 3.179945	 11.898850	-0.275389	 3.148105	 9.181604	 2.913142	 4.304776	-70.799850	 37.496190	 19.831380	 14.791060	-6.821038	 19.211720	 10.901230	-5.648878	 19.246480	-70.717080	 18.555250	 10.444080	 21.103230	-3.898340	 9.395206	 9.518596	-0.473063	 9.966733	-72.614270	-51.617550	-12.041010	-7.588076	 16.022730	-0.540169	 0.139211	 14.789960	-0.368235	 3.437935	 0.524197	-0.299779	 90.229290	-93.121380	 8.261312	-79.897740	-178.355100	-10.188620	 98.373760	-0.813313	 0.122417	-8.559153	-83.099400	-39.554050	-20.023010	-16.071220	-13.922490	-0.128586	 18.532960	-11.241460	-14.812950	-13.972990	-7.681760	 70.090030	 2.456337	-1.169596	 80.550970	 1.608091	 1.619849	-23.612380	-6.631684	-6.959392	 69.753430	-0.135485	 3.282915	 78.712440	 0.191412	 7.210087	-12.096490	 29.679440	 12.057670	 58.444730	-6.324917	 20.996400	 140.105100	-4.717095	 19.573630	-20.553710	 18.026930	 6.649108	 132.752600	-3.484367	 9.763401	 74.812010	-5.282899	 10.903480	 79.763400	-32.059890	-10.406780	-4.266757	 75.779420	-0.381194	 0.611739	 35.370370	-0.405495	 3.620178	 0.000000	 90.000000	 0.000000	 174.765000	 8.819012	 171.743400	-173.459000	-15.147100	-35.320650
-0.050139	-0.077172	-0.018107	-174.797800	 1.933888	-90.397930	-4.971617	-1.748312	-7.723865	-5.002794	-5.607104	-7.230914	 1.289816	-5.259016	 110.563500	-0.813313	 0.122417	-8.559153	-35.990700	-25.321660	 25.944710	-25.779090	 25.735550	 1.719257	-14.552910	 28.871340	-44.620650	-11.582920	-4.601621	 9.666660	 2.503291	-1.126934	 4.548135	 3.270450	-0.643668	-80.071260	 3.980300	 3.180164	 11.898820	-0.275389	 3.148105	 9.181604	 2.913275	 4.304228	-70.807800	 37.497030	 19.831680	 14.790770	-6.821038	 19.211720	 10.901230	-5.648906	 19.246480	-70.718450	 18.555820	 10.444370	 21.103120	-3.898340	 9.395206	 9.518596	-0.473063	 9.966733	-72.614270	-51.617550	-12.041010	-7.588076	 16.022730	-0.540169	 0.139211	 14.789960	-0.368235	 3.437935	 0.525685	-0.151690	 90.228490	-92.910870	 8.178072	-79.989260	-178.389500	-9.990752	 98.310330	-0.813313	 0.122417	-8.559153	-78.849800	-41.323030	-16.691250	-23.506530	-14.773320	-1.171441	 22.002930	-11.175140	-15.243950	-13.997290	-7.714943	 70.111070	 2.456332	-1.169626	 80.585080	 1.606891	 1.620421	-23.586690	-6.556561	-6.862093	 69.761940	-0.135485	 3.282914	 78.712210	 0.191424	 7.210083	-12.096670	 29.679440	 12.057690	 58.444600	-6.312888	 20.986820	 139.271400	-4.717097	 19.573630	-20.553890	 17.997620	 6.611442	 132.017500	-3.484368	 9.763399	 74.811780	-5.263604	 10.943180	 78.746960	-32.053000	-10.305330	-3.906823	 71.122880	-0.410514	 0.583574	 35.370370	-0.405495	 3.620178	 0.000000	 90.000000	 0.000000	 174.730000	 8.798777	 171.806200	-173.488100	-15.157210	-35.127940
-0.049599	-0.077145	-0.017574	-174.706000	 2.013908	-90.373440	-5.048394	-1.765464	-7.649820	-5.083764	-5.654599	-7.176112	 1.279139	-5.218557	 110.558800	-0.813313	 0.122417	-8.559153	-35.247630	-24.858090	 26.132600	-27.385650	 25.749670	 1.756617	-14.211630	 28.844840	-44.246890	-11.582920	-4.601621	 9.666660	 2.503291	-1.126934	 4.548135	 3.270450	-0.643668	-80.071260	 3.980685	 3.180332	 11.898810	-0.275389	 3.148105	 9.181604	 2.913400	 4.303714	-70.815250	 37.497670	 19.831920	 14.790560	-6.821038	 19.211720	 10.901230	-5.648928	 19.246480	-70.719560	 18.556270	 10.444600	 21.103030	-3.898340	 9.395206	 9.518596	-0.473063	 9.966733	-72.614270	-51.617550	-12.041010	-7.588076	 16.022730	-0.540169	 0.139211	 14.789960	-0.368235	 3.437935	 0.527096	 0.000094	 90.227690	-92.667380	 8.284755	-80.225680	-178.430500	-9.715798	 98.310550	-0.813313	 0.122417	-8.559153	-74.824680	-42.494670	-13.373720	-31.863700	-15.320120	-2.321399	 25.586620	-11.611560	-15.895480	-14.015890	-7.737420	 70.074760	 2.456339	-1.169584	 80.537610	 1.608610	 1.619603	-23.623470	-6.485226	-6.769652	 69.769900	-0.135485	 3.282914	 78.712000	 0.191437	 7.210080	-12.096860	 29.679460	 12.057720	 58.444500	-6.301412	 20.977420	 138.466000	-4.717099	 19.573630	-20.554040	 17.968850	 6.575434	 131.307500	-3.484368	 9.763394	 74.811540	-5.244284	 10.981210	 77.764940	-32.047000	-10.207300	-3.559295	 66.625530	-0.436571	 0.554198	 35.370370	-0.405495	 3.620178	 0.000000	 90.000000	 0.000000	 174.694000	 8.781651	 171.892700	-173.529500	-15.162280	-34.889530
-0.048735	-0.077094	-0.016926	-174.569900	 2.127342	-90.289070	-5.155514	-1.778162	-7.540033	-5.187850	-5.693971	-7.118961	 1.269567	-5.182287	 110.554400	-0.813313	 0.122417	-8.559153	-34.453520	-24.330170	 26.275140	-29.211280	 25.762720	 1.799802	-13.815930	 28.800600	-43.837110	-11.582920	-4.601621	 9.666660	 2.503291	-1.126934	 4.548135	 3.270450	-0.643668	-80.071260	 3.981051	 3.180492	 11.898780	-0.275389	 3.148105	 9.181604	 2.913545	 4.303121	-70.823870	 37.498190	 19.832110	 14.790380	-6.821038	 19.211720	 10.901230	-5.648948	 19.246490	-70.720520	 18.556630	 10.444790	 21.102960	-3.898340	 9.395206	 9.518596	-0.473063	 9.966733	-72.614270	-51.617550	-12.041010	-7.588076	 16.022730	-0.540169	 0.139211	 14.789960	-0.368235	 3.437935	 0.528989	 0.128364	 90.226910	-92.426260	 8.727674	-80.588360	-178.499300	-9.238712	 98.346840	-0.813313	 0.122417	-8.559153	-69.271310	-42.860820	-9.254450	-42.701930	-15.611590	-3.627209	 29.814310	-12.575800	-16.600920	-14.027610	-7.754648	 70.106680	 2.456332	-1.169626	 80.584770	 1.606912	 1.620411	-23.587140	-6.401380	-6.660946	 69.779110	-0.135485	 3.282913	 78.711750	 0.191451	 7.210074	-12.097080	 29.679460	 12.057740	 58.444370	-6.287851	 20.965950	 137.501300	-4.717103	 19.573630	-20.554250	 17.933790	 6.532738	 130.456900	-3.484369	 9.763394	 74.811260	-5.220261	 11.026330	 76.588130	-32.040570	-10.089840	-3.143202	 61.237880	-0.464650	 0.516454	 35.370370	-0.405495	 3.620178	 0.000000	 90.000000	 0.000000	 174.650300	 8.766070	 172.011800	-173.579200	-15.175210	-34.636150
-0.047967	-0.077026	-0.016331	-174.453500	 2.215358	-90.204430	-5.253347	-1.767023	-7.445360	-5.270848	-5.658513	-7.061375	 1.274725	-5.202309	 110.552900	-0.813313	 0.122417	-8.559153	-33.994440	-24.026050	 26.307160	-30.469900	 25.776700	 1.824668	-13.518280	 28.782440	-43.645330	-11.582920	-4.601621	 9.666660	 2.503291	-1.126934	 4.548135	 3.270450	-0.643668	-80.071260	 3.981263	 3.180585	 11.898770	-0.275389	 3.148105	 9.181604	 2.913660	 4.302641	-70.830820	 37.498420	 19.832190	 14.790300	-6.821038	 19.211720	 10.901230	-5.648959	 19.246490	-70.721030	 18.556800	 10.444870	 21.102930	-3.898340	 9.395206	 9.518596	-0.473063	 9.966733	-72.614270	-51.617550	-12.041010	-7.588076	 16.022730	-0.540169	 0.139211	 14.789960	-0.368235	 3.437935	 0.531125	 0.104810	 90.226720	-92.309300	 9.195922	-80.879200	-178.547200	-8.819406	 98.582670	-0.813313	 0.122417	-8.559153	-64.292980	-42.400180	-5.871091	-51.962190	-15.659080	-4.483103	 33.023680	-13.578180	-16.854900	-14.031850	-7.761320	 70.125820	 2.456328	-1.169650	 80.612420	 1.605910	 1.620887	-23.565730	-6.332038	-6.570996	 69.786600	-0.135485	 3.282912	 78.711530	 0.191462	 7.210072	-12.097240	 29.679480	 12.057780	 58.444240	-6.276573	 20.956110	 136.687400	-4.717104	 19.573620	-20.554390	 17.903720	 6.497150	 129.739500	-3.484369	 9.763391	 74.811030	-5.199265	 11.064010	 75.595340	-32.035850	-9.990735	-2.792379	 56.694120	-0.485481	 0.482686	 35.370370	-0.405495	 3.620178	 0.000000	 90.000000	 0.000000	 174.614900	 8.758723	 172.110200	-173.612900	-15.188850	-34.431790
-0.047259	-0.076968	-0.015615	-174.322700	 2.296195	-90.130880	-5.354038	-1.720928	-7.362763	-5.344717	-5.559399	-6.962471	 1.291992	-5.269069	 110.549900	-0.813313	 0.122417	-8.559153	-33.745030	-23.875960	 26.269330	-31.391570	 25.798080	 1.835092	-13.268480	 28.796350	-43.633820	-11.582920	-4.601621	 9.666660	 2.503291	-1.126934	 4.548135	 3.270450	-0.643668	-80.071260	 3.981359	 3.180628	 11.898770	-0.275389	 3.148105	 9.181604	 2.913773	 4.302177	-70.837540	 37.498450	 19.832200	 14.790290	-6.821038	 19.211720	 10.901230	-5.648964	 19.246490	-70.721240	 18.556840	 10.444890	 21.102920	-3.898340	 9.395206	 9.518596	-0.473063	 9.966733	-72.614270	-51.617550	-12.041010	-7.588076	 16.022730	-0.540169	 0.139211	 14.789960	-0.368235	 3.437935	 0.533831	-0.061259	 90.227070	-92.248480	 9.599847	-81.088650	-178.612500	-8.298614	 98.816450	-0.813313	 0.122417	-8.559153	-59.237430	-41.395720	-2.616573	-60.522400	-15.848970	-5.015506	 35.726470	-14.686640	-16.471350	-14.031950	-7.762059	 70.136380	 2.456326	-1.169663	 80.627210	 1.605369	 1.621145	-23.554160	-6.263309	-6.481801	 69.793920	-0.135485	 3.282912	 78.711310	 0.191476	 7.210066	-12.097450	 29.679480	 12.057800	 58.444130	-6.265341	 20.946020	 135.865900	-4.717108	 19.573620	-20.554570	 17.872920	 6.461589	 129.015100	-3.484369	 9.763391	 74.810810	-5.177394	 11.101680	 74.592920	-32.031700	-9.890663	-2.438350	 52.107170	-0.503730	 0.447034	 35.370370	-0.405495	 3.620178	 0.000000	 90.000000	 0.000000	 174.582400	 8.758180	 172.193600	-173.643700	-15.186920	-34.134350
-0.046255	-0.077006	-0.014625	-174.124300	 2.404276	-90.062020	-5.471152	-1.637153	-7.262043	-5.424388	-5.417568	-6.807117	 1.319919	-5.378002	 110.537600	-0.813313	 0.122417	-8.559153	-33.615790	-23.819690	 26.181510	-32.051650	 25.835530	 1.830073	-13.193310	 28.873140	-43.617650	-11.582920	-4.601621	 9.666660	 2.503291	-1.126934	 4.548135	 3.270450	-0.643668	-80.071260	 3.981320	 3.180610	 11.898770	-0.275389	 3.148105	 9.181604	 2.913898	 4.301663	-70.844990	 37.498190	 19.832110	 14.790380	-6.821038	 19.211720	 10.901230	-5.648959	 19.246490	-70.721110	 18.556680	 10.444810	 21.102950	-3.898340	 9.395206	 9.518596	-0.473063	 9.966733	-72.614270	-51.617550	-12.041010	-7.588076	 16.022730	-0.540169	 0.139211	 14.789960	-0.368235	 3.437935	 0.537292	-0.325848	 90.227710	-92.206630	 9.879313	-81.521880	-178.698600	-7.615243	 99.179210	-0.813313	 0.122417	-8.559153	-53.468370	-39.764040	 0.996574	-68.808020	-15.614110	-5.259734	 38.211570	-15.365270	-15.833500	-14.027970	-7.757003	 70.139790	 2.456325	-1.169667	 80.631070	 1.605216	 1.621217	-23.550900	-6.184309	-6.379230	 69.802200	-0.135486	 3.282911	 78.711040	 0.191490	 7.210064	-12.097640	 29.679500	 12.057840	 58.444000	-6.252350	 20.933990	 134.901200	-4.717110	 19.573610	-20.554760	 17.836180	 6.420321	 128.164600	-3.484369	 9.763388	 74.810510	-5.150852	 11.145430	 73.415520	-32.027610	-9.773154	-2.022871	 46.722230	-0.521426	 0.403477	 35.370370	-0.405495	 3.620178	 0.000000	 90.000000	 0.000000	 174.515800	 8.701584	 172.254500	-173.696600	-15.194260	-33.723800
-0.044816	-0.077512	-0.013938	-173.856900	 2.530524	-90.013610	-5.565094	-1.556328	-7.134045	-5.476119	-5.207020	-6.653343	 1.363640	-5.548063	 110.523400	-0.813313	 0.122417	-8.559153	-33.798420	-24.008410	 26.046390	-32.275060	 25.832450	 1.812778	-13.214860	 28.934800	-43.727110	-11.582920	-4.601621	 9.666660	 2.503291	-1.126934	 4.548135	 3.270450	-0.643668	-80.071260	 3.984001	 3.181781	 11.898610	-0.275389	 3.148105	 9.181604	 2.913997	 4.301258	-70.850890	 37.503410	 19.834020	 14.788590	-6.821038	 19.211720	 10.901230	-5.649109	 19.246500	-70.728330	 18.560080	 10.446560	 21.102290	-3.898340	 9.395206	 9.518596	-0.473063	 9.966733	-72.614270	-51.617550	-12.041010	-7.588076	 16.022730	-0.540169	 0.139211	 14.789960	-0.368235	 3.437935	 0.540050	-0.511110	 90.228110	-92.171290	 10.015730	-82.219710	-178.773800	-7.027768	 99.538960	-0.813313	 0.122417	-8.559153	-49.516950	-38.449010	 3.544717	-74.951660	-15.144460	-5.295638	 39.918540	-15.611000	-15.457860	-14.022220	-7.749257	 70.137000	 2.456326	-1.169662	 80.625850	 1.605392	 1.621134	-23.554650	-6.119296	-6.294776	 69.808880	-0.135486	 3.282911	 78.710820	 0.191501	 7.210060	-12.097820	 29.679520	 12.057870	 58.443880	-6.241600	 20.923710	 134.090200	-4.717112	 19.573610	-20.554920	 17.804820	 6.386069	 127.449600	-3.484372	 9.763385	 74.810290	-5.127832	 11.181790	 72.425540	-32.024860	-9.674356	-1.673751	 42.195040	-0.533100	 0.365709	 35.370370	-0.405495	 3.620178	 0.000000	 90.000000	 0.000000	 174.428400	 8.598290	 172.189000	-173.815900	-15.236490	-33.587100
-0.042776	-0.078543	-0.013479	-173.523700	 2.683287	-89.972920	-5.655293	-1.473843	-6.975047	-5.519820	-4.953239	-6.484428	 1.410334	-5.730199	 110.505600	-0.813313	 0.122417	-8.559153	-34.170550	-24.322070	 25.770270	-32.268590	 25.736910	 1.786536	-13.431190	 28.960700	-43.844940	-11.582920	-4.601621	 9.666660	 2.503291	-1.126934	 4.548135	 3.270450	-0.643668	-80.071260	 3.992713	 3.185589	 11.898100	-0.275389	 3.148105	 9.181604	 2.914090	 4.300869	-70.856510	 37.520800	 19.840370	 14.782640	-6.821038	 19.211720	 10.901230	-5.649591	 19.246540	-70.752040	 18.571370	 10.452340	 21.100110	-3.898340	 9.395206	 9.518596	-0.473063	 9.966733	-72.614270	-51.617550	-12.041010	-7.588076	 16.022730	-0.540169	 0.139211	 14.789960	-0.368235	 3.437935	 0.542567	-0.621865	 90.228200	-92.146880	 10.082750	-82.994840	-178.850100	-6.457802	 99.890730	-0.813313	 0.122417	-8.559153	-46.309390	-37.305930	 5.623424	-81.132100	-14.539130	-5.301979	 41.510780	-15.899930	-15.672390	-14.015000	-7.739382	 70.130510	 2.456327	-1.169653	 80.615150	 1.605766	 1.620956	-23.562640	-6.053920	-6.209820	 69.815510	-0.135486	 3.282910	 78.710600	 0.191514	 7.210055	-12.098010	 29.679530	 12.057900	 58.443790	-6.230729	 20.913020	 133.257600	-4.717114	 19.573610	-20.555070	 17.772180	 6.351300	 126.715600	-3.484373	 9.763383	 74.810040	-5.103530	 11.218720	 71.408940	-32.022670	-9.572925	-1.315505	 37.548190	-0.541929	 0.326107	 35.370370	-0.405495	 3.620178	 0.000000	 90.000000	 0.000000	 174.259100	 8.537496	 171.838200	-173.990600	-15.287900	-33.639780
-0.039602	-0.079942	-0.013377	-173.153700	 2.860641	-89.866820	-5.747148	-1.393574	-6.779725	-5.563666	-4.684611	-6.292965	 1.446220	-5.871725	 110.482200	-0.813313	 0.122417	-8.559153	-34.702240	-24.683610	 25.166190	-31.702590	 25.549130	 1.731367	-13.945690	 28.970340	-43.874470	-11.582920	-4.601621	 9.666660	 2.503291	-1.126934	 4.548135	 3.270450	-0.643668	-80.071260	 4.007905	 3.192227	 11.897200	-0.275389	 3.148105	 9.181604	 2.914188	 4.300467	-70.862340	 37.551300	 19.851500	 14.772220	-6.821038	 19.211720	 10.901230	-5.650436	 19.246600	-70.793530	 18.591160	 10.462490	 21.096270	-3.898340	 9.395206	 9.518596	-0.473063	 9.966733	-72.614270	-51.617550	-12.041010	-7.588076	 16.022730	-0.540169	 0.139211	 14.789960	-0.368235	 3.437935	 0.545294	-0.711690	 90.228180	-92.119780	 10.057950	-83.955020	-178.905900	-6.048908	 100.174500	-0.813313	 0.122417	-8.559153	-43.184990	-36.282580	 7.646036	-87.017200	-14.008340	-5.411676	 43.397980	-16.450710	-16.455300	-14.006460	-7.727579	 70.120890	 2.456330	-1.169639	 80.599770	 1.606306	 1.620699	-23.574210	-5.981632	-6.115841	 69.822750	-0.135486	 3.282909	 78.710370	 0.191527	 7.210052	-12.098200	 29.679550	 12.057930	 58.443650	-6.218622	 20.900740	 132.315500	-4.717116	 19.573610	-20.555280	 17.734710	 6.312465	 125.884900	-3.484370	 9.763379	 74.809780	-5.075221	 11.259980	 70.258280	-32.020980	-9.458161	-0.910299	 32.290070	-0.548022	 0.280603	 35.370370	-0.405495	 3.620178	 0.000000	 90.000000	 0.000000	 173.918000	 8.458184	 171.338700	-174.235100	-15.321090	-33.961940
-0.036531	-0.081430	-0.013526	-172.845700	 3.002005	-89.741120	-5.814894	-1.346357	-6.614552	-5.600651	-4.524775	-6.139376	 1.462788	-5.938613	 110.461400	-0.813313	 0.122417	-8.559153	-35.302120	-25.067410	 24.486840	-30.842760	 25.342470	 1.665941	-14.504180	 28.977850	-43.969060	-11.582920	-4.601621	 9.666660	 2.503291	-1.126934	 4.548135	 3.270450	-0.643668	-80.071260	 4.023848	 3.199192	 11.896260	-0.275389	 3.148105	 9.181604	 2.914264	 4.300155	-70.866870	 37.583260	 19.863160	 14.761270	-6.821038	 19.211720	 10.901230	-5.651323	 19.246670	-70.836940	 18.611910	 10.473130	 21.092250	-3.898340	 9.395206	 9.518596	-0.473063	 9.966733	-72.614270	-51.617550	-12.041010	-7.588076	 16.022730	-0.540169	 0.139211	 14.789960	-0.368235	 3.437935	 0.547553	-0.774024	 90.228090	-92.132660	 9.906915	-84.311330	-178.931600	-5.863406	 100.311300	-0.813313	 0.122417	-8.559153	-41.370400	-35.841340	 9.067719	-90.618130	-13.610660	-5.532725	 45.299200	-16.928580	-17.252910	-13.999830	-7.718370	 70.112510	 2.456331	-1.169628	 80.586580	 1.606773	 1.620477	-23.584180	-5.921024	-6.037013	 69.828700	-0.135486	 3.282909	 78.710140	 0.191539	 7.210049	-12.098370	 29.679560	 12.057950	 58.443530	-6.208405	 20.890050	 131.506700	-4.717120	 19.573610	-20.555440	 17.702100	 6.279549	 125.171800	-3.484373	 9.763376	 74.809570	-5.050245	 11.294960	 69.270270	-32.020160	-9.359630	-0.562575	 27.776590	-0.549906	 0.241238	 35.370370	-0.405495	 3.620178	 0.000000	 90.000000	 0.000000	 173.617700	 8.373919	 170.718000	-174.442100	-15.316500	-34.305770
-0.033438	-0.083106	-0.013851	-172.601500	 3.112816	-89.599140	-5.870132	-1.333787	-6.467231	-5.639306	-4.475686	-6.006772	 1.472504	-5.978853	 110.442700	-0.813313	 0.122417	-8.559153	-36.075520	-25.577560	 23.744740	-29.364560	 25.121560	 1.569813	-15.265080	 29.038000	-44.102880	-11.582920	-4.601621	 9.666660	 2.503291	-1.126934	 4.548135	 3.270450	-0.643668	-80.071260	 4.040736	 3.206571	 11.895260	-0.275389	 3.148105	 9.181604	 2.914330	 4.299877	-70.870900	 37.617180	 19.875530	 14.749660	-6.821038	 19.211720	 10.901230	-5.652260	 19.246740	-70.883010	 18.633920	 10.484410	 21.087970	-3.898340	 9.395206	 9.518596	-0.473063	 9.966733	-72.614270	-51.617550	-12.041010	-7.588076	 16.022730	-0.540169	 0.139211	 14.789960	-0.368235	 3.437935	 0.549798	-0.835423	 90.227980	-92.158920	 9.683061	-84.338680	-178.930500	-5.848866	 100.408600	-0.813313	 0.122417	-8.559153	-39.760690	-35.307900	 10.456490	-93.342710	-12.988940	-5.485079	 46.965080	-17.271460	-18.463480	-13.994820	-7.711401	 70.105800	 2.456333	-1.169618	 80.576070	 1.607147	 1.620300	-23.592160	-5.862221	-5.960509	 69.834430	-0.135486	 3.282908	 78.709920	 0.191552	 7.210044	-12.098570	 29.679570	 12.057990	 58.443430	-6.198433	 20.879310	 130.704200	-4.717122	 19.573600	-20.555590	 17.669330	 6.247291	 124.464300	-3.484373	 9.763375	 74.809330	-5.024853	 11.329250	 68.289720	-32.019950	-9.261887	-0.217736	 23.298690	-0.548703	 0.202155	 35.370370	-0.405495	 3.620178	 0.000000	 90.000000	 0.000000	 173.244900	 8.317398	 169.936600	-174.662300	-15.293280	-34.785480
-0.030402	-0.084075	-0.014518	-172.362200	 3.131471	-89.423770	-5.917016	-1.370524	-6.329392	-5.684618	-4.552153	-5.884712	 1.462370	-5.942544	 110.424000	-0.813313	 0.122417	-8.559153	-36.790890	-26.053540	 23.007230	-27.774780	 24.844670	 1.459589	-15.878300	 28.990350	-44.050850	-11.582920	-4.601621	 9.666660	 2.503291	-1.126934	 4.548135	 3.270450	-0.643668	-80.071260	 4.060689	 3.215288	 11.894070	-0.275389	 3.148105	 9.181604	 2.914401	 4.299586	-70.875110	 37.657330	 19.890160	 14.735890	-6.821038	 19.211720	 10.901230	-5.653368	 19.246830	-70.937430	 18.659950	 10.497740	 21.082920	-3.898340	 9.395206	 9.518596	-0.473063	 9.966733	-72.614270	-51.617550	-12.041010	-7.588076	 16.022730	-0.540169	 0.139211	 14.789960	-0.368235	 3.437935	 0.552488	-0.899841	 90.227770	-92.254680	 9.360821	-83.777390	-178.919200	-5.884440	 100.554300	-0.813313	 0.122417	-8.559153	-38.284280	-34.817830	 12.172230	-95.595600	-12.167600	-5.319759	 48.230050	-17.223320	-19.351070	-13.992140	-7.707654	 70.102040	 2.456334	-1.169613	 80.570200	 1.607357	 1.620199	-23.596670	-5.792424	-5.869663	 69.841070	-0.135486	 3.282907	 78.709660	 0.191565	 7.210039	-12.098770	 29.679570	 12.058010	 58.443290	-6.186500	 20.866050	 129.726700	-4.717124	 19.573600	-20.555770	 17.628880	 6.208554	 123.602400	-3.484376	 9.763374	 74.809060	-4.993115	 11.370430	 67.095050	-32.020520	-9.142831	 0.202144	 17.844890	-0.543133	 0.154866	 35.370370	-0.405495	 3.620178	 0.000000	 90.000000	 0.000000	 172.779700	 8.245875	 169.368100	-174.858500	-15.277370	-35.388510
-0.029487	-0.083595	-0.015037	-172.242100	 2.987659	-89.384810	-5.910029	-1.428833	-6.266788	-5.718577	-4.688017	-5.827903	 1.434255	-5.835461	 110.414000	-0.813313	 0.122417	-8.559153	-36.930210	-26.160420	 22.725630	-27.183790	 24.643510	 1.403695	-16.107270	 28.866820	-43.787840	-11.582920	-4.601621	 9.666660	 2.503291	-1.126934	 4.548135	 3.270450	-0.643668	-80.071260	 4.074609	 3.221369	 11.893250	-0.275389	 3.148105	 9.181604	 2.914449	 4.299389	-70.877980	 37.685380	 19.900370	 14.726280	-6.821038	 19.211720	 10.901230	-5.654144	 19.246890	-70.975430	 18.678140	 10.507060	 21.079380	-3.898340	 9.395206	 9.518596	-0.473063	 9.966733	-72.614270	-51.617550	-12.041010	-7.588076	 16.022730	-0.540169	 0.139211	 14.789960	-0.368235	 3.437935	 0.554532	-0.919180	 90.227500	-92.445490	 9.089911	-82.545650	-178.890600	-6.020923	 100.703900	-0.813313	 0.122417	-8.559153	-37.184520	-34.428570	 13.535890	-96.389680	-11.653920	-5.195286	 48.732800	-16.931380	-19.509110	-13.813540	-7.408352	 68.839100	 2.456638	-1.168019	 78.762080	 1.672034	 1.588449	-24.988010	-5.737505	-5.798160	 69.846270	-0.135487	 3.282906	 78.709470	 0.191578	 7.210037	-12.098940	 29.679590	 12.058050	 58.443210	-6.177035	 20.855200	 128.936700	-4.717126	 19.573600	-20.555930	 17.595770	 6.177686	 122.905900	-3.484374	 9.763373	 74.808840	-4.966826	 11.403230	 66.129360	-32.021630	-9.046636	 0.541340	 13.438360	-0.535363	 0.117181	 35.370370	-0.405495	 3.620178	 0.000000	 90.000000	 0.000000	 172.632600	 8.187706	 169.189500	-174.859900	-15.292150	-35.673610
-0.029517	-0.082569	-0.015455	-172.191700	 2.785999	-89.387780	-5.852201	-1.502312	-6.245127	-5.753598	-4.861740	-5.805428	 1.407202	-5.731530	 110.410200	-0.813313	 0.122417	-8.559153	-36.818960	-26.119990	 22.695380	-26.908430	 24.503150	 1.368048	-16.228530	 28.764580	-43.534570	-11.582920	-4.601621	 9.666660	 2.503291	-1.126934	 4.548135	 3.270450	-0.643668	-80.071260	 4.085213	 3.226000	 11.892620	-0.275389	 3.148105	 9.181604	 2.914488	 4.299226	-70.880330	 37.706770	 19.908160	 14.718940	-6.821038	 19.211720	 10.901230	-5.654730	 19.246940	-71.004330	 18.692010	 10.514160	 21.076680	-3.898340	 9.395206	 9.518596	-0.473063	 9.966733	-72.614270	-51.617550	-12.041010	-7.588076	 16.022730	-0.540169	 0.139211	 14.789960	-0.368235	 3.437935	 0.556539	-0.918166	 90.227170	-92.664420	 8.706489	-81.069740	-178.852700	-6.214077	 100.830300	-0.813313	 0.122417	-8.559153	-36.400540	-34.124640	 14.574270	-96.718470	-11.323530	-5.085604	 48.932750	-16.461260	-19.031170	-12.933910	-6.103208	 62.653390	 2.458827	-1.160437	 69.960990	 1.974466	 1.412263	-31.750280	-5.683034	-5.727213	 69.851310	-0.135487	 3.282907	 78.709250	 0.191588	 7.210032	-12.099100	 29.679600	 12.058060	 58.443090	-6.167571	 20.844030	 128.133300	-4.717128	 19.573600	-20.556100	 17.561710	 6.146703	 122.197600	-3.484376	 9.763371	 74.808600	-4.939511	 11.436140	 65.147170	-32.023330	-8.948843	 0.886132	 8.956762	-0.524507	 0.079585	 35.370370	-0.405495	 3.620178	 0.000000	 90.000000	 0.000000	 172.610900	 8.171535	 169.181600	-174.750700	-15.305990	-35.751060
-0.030643	-0.081155	-0.015689	-172.244200	 2.577338	-89.476820	-5.776670	-1.589855	-6.241915	-5.791416	-5.072286	-5.800428	 1.362670	-5.559832	 110.407800	-0.813313	 0.122417	-8.559153	-36.626180	-26.034340	 22.768020	-26.636230	 24.467630	 1.334562	-16.417620	 28.794240	-43.371140	-11.582920	-4.601621	 9.666660	 2.503291	-1.126934	 4.548135	 3.270450	-0.643668	-80.071260	 4.091053	 3.228551	 11.892270	-0.275389	 3.148105	 9.181604	 2.914522	 4.299090	-70.882320	 37.718660	 19.912480	 14.714860	-6.821038	 19.211720	 10.901230	-5.655057	 19.246960	-71.020260	 18.699690	 10.518100	 21.075180	-3.898340	 9.395206	 9.518596	-0.473063	 9.966733	-72.614270	-51.617550	-12.041010	-7.588076	 16.022730	-0.540169	 0.139211	 14.789960	-0.368235	 3.437935	 0.558841	-0.903475	 90.226950	-92.839900	 8.093578	-79.915870	-178.807500	-6.448474	 100.953300	-0.813313	 0.122417	-8.559153	-35.766360	-33.757600	 15.448160	-96.574360	-11.111170	-4.906811	 48.761580	-16.001470	-18.553080	-12.175410	-5.176308	 57.667720	 2.461403	-1.154659	 62.908500	 2.200588	 1.246064	-37.170330	-5.620637	-5.645917	 69.857010	-0.135487	 3.282905	 78.708990	 0.191602	 7.210027	-12.099310	 29.679620	 12.058100	 58.442950	-6.156635	 20.830720	 127.186100	-4.717132	 19.573600	-20.556270	 17.521060	 6.110721	 121.362300	-3.484376	 9.763368	 74.808330	-4.906562	 11.474360	 63.988730	-32.026120	-8.833553	 1.292515	 3.673886	-0.507999	 0.036516	 35.370370	-0.405495	 3.620178	 0.000000	 90.000000	 0.000000	 172.740100	 8.111730	 169.417400	-174.581100	-15.326920	-35.680860
-0.031844	-0.080262	-0.015632	-172.367400	 2.481158	-89.566770	-5.758002	-1.648731	-6.255664	-5.818758	-5.221640	-5.812213	 1.320501	-5.396889	 110.407800	-0.813313	 0.122417	-8.559153	-36.350580	-25.881550	 22.929500	-26.497750	 24.550600	 1.314746	-16.484070	 28.904630	-43.313020	-11.582920	-4.601621	 9.666660	 2.503291	-1.126934	 4.548135	 3.270450	-0.643668	-80.071260	 4.091228	 3.228628	 11.892260	-0.275389	 3.148105	 9.181604	 2.914527	 4.299066	-70.882670	 37.719100	 19.912640	 14.714710	-6.821038	 19.211720	 10.901230	-5.655065	 19.246970	-71.020670	 18.699960	 10.518240	 21.075130	-3.898340	 9.395206	 9.518596	-0.473063	 9.966733	-72.614270	-51.617550	-12.041010	-7.588076	 16.022730	-0.540169	 0.139211	 14.789960	-0.368235	 3.437935	 0.560611	-0.836505	 90.226710	-92.873600	 7.556513	-79.563690	-178.769200	-6.647680	 101.044200	-0.813313	 0.122417	-8.559153	-35.577430	-33.562190	 15.935630	-96.564690	-10.978610	-4.716252	 48.718410	-15.797590	-18.439970	-11.040570	-4.058466	 49.652110	 2.466882	-1.146270	 51.726970	 2.525178	 0.939760	-45.793500	-5.568532	-5.578008	 69.861700	-0.135487	 3.282905	 78.708780	 0.191614	 7.210023	-12.099480	 29.679630	 12.058130	 58.442840	-6.147411	 20.819120	 126.370900	-4.717133	 19.573600	-20.556430	 17.485660	 6.080222	 120.643500	-3.484376	 9.763366	 74.808110	-4.877574	 11.506720	 62.991540	-32.029160	-8.734364	 1.642116	-0.872091	-0.490665	 0.000808	 35.370370	-0.405495	 3.620178	 0.000000	 90.000000	 0.000000	 172.884800	 8.072105	 169.694000	-174.459200	-15.309910	-35.551410
-0.033587	-0.079449	-0.015332	-172.682200	 2.425910	-89.704600	-5.792037	-1.678346	-6.282931	-5.839361	-5.307260	-5.837080	 1.281564	-5.246112	 110.410200	-0.813313	 0.122417	-8.559153	-35.795820	-25.515670	 23.224240	-26.800680	 24.694850	 1.318991	-16.303520	 29.019180	-43.403290	-11.582920	-4.601621	 9.666660	 2.503291	-1.126934	 4.548135	 3.270450	-0.643668	-80.071260	 4.090283	 3.228215	 11.892320	-0.275389	 3.148105	 9.181604	 2.914495	 4.299197	-70.880760	 37.717300	 19.911990	 14.715320	-6.821038	 19.211720	 10.901230	-5.655012	 19.246960	-71.018070	 18.698780	 10.517630	 21.075360	-3.898340	 9.395206	 9.518596	-0.473063	 9.966733	-72.614270	-51.617550	-12.041010	-7.588076	 16.022730	-0.540169	 0.139211	 14.789960	-0.368235	 3.437935	 0.562069	-0.686802	 90.226320	-92.796700	 6.848829	-79.576130	-178.725300	-6.878689	 101.130400	-0.813313	 0.122417	-8.559153	-35.452740	-33.359280	 16.310410	-96.375850	-10.886050	-4.519693	 48.501160	-15.658140	-18.476570	-8.647841	-2.539656	 33.718870	 2.481683	-1.133685	 29.953680	 3.011873	 0.215295	-62.696430	-5.517504	-5.511481	 69.866200	-0.135487	 3.282904	 78.708560	 0.191627	 7.210021	-12.099670	 29.679640	 12.058150	 58.442730	-6.138287	 20.807290	 125.548700	-4.717135	 19.573590	-20.556600	 17.449570	 6.049922	 119.918500	-3.484377	 9.763365	 74.807870	-4.847759	 11.538850	 61.985690	-32.032840	-8.634371	 1.994531	-5.456357	-0.470377	-0.033699	 35.370370	-0.405495	 3.620178	 0.000000	 90.000000	 0.000000	 173.133300	 8.039980	 170.132000	-174.364000	-15.212010	-35.333080
-0.035421	-0.078595	-0.014875	-173.124800	 2.365601	-89.834710	-5.868219	-1.658277	-6.327565	-5.850502	-5.274455	-5.878063	 1.255168	-5.143333	 110.416600	-0.813313	 0.122417	-8.559153	-35.131780	-25.067100	 23.621270	-27.487740	 24.880400	 1.345257	-16.092730	 29.168260	-43.552750	-11.582920	-4.601621	 9.666660	 2.503291	-1.126934	 4.548135	 3.270450	-0.643668	-80.071260	 4.088028	 3.227230	 11.892450	-0.275389	 3.148105	 9.181604	 2.914419	 4.299516	-70.876130	 37.712890	 19.910380	 14.716840	-6.821038	 19.211720	 10.901230	-5.654883	 19.246950	-71.011840	 18.695880	 10.516150	 21.075920	-3.898340	 9.395206	 9.518596	-0.473063	 9.966733	-72.614270	-51.617550	-12.041010	-7.588076	 16.022730	-0.540169	 0.139211	 14.789960	-0.368235	 3.437935	 0.563716	-0.518279	 90.226070	-92.644040	 6.045236	-79.789250	-178.675900	-7.137334	 101.221100	-0.813313	 0.122417	-8.559153	-35.356970	-33.161290	 16.675490	-96.064450	-10.773760	-4.316704	 48.136390	-15.504650	-18.589240	-6.812170	-1.997666	 21.165850	 2.495830	-1.128250	 13.008740	 3.232505	-0.431558	-75.910000	-5.461794	-5.438833	 69.871080	-0.135487	 3.282903	 78.708330	 0.191640	 7.210016	-12.099870	 29.679660	 12.058190	 58.442610	-6.128207	 20.793810	 124.620800	-4.717139	 19.573590	-20.556760	 17.408380	 6.016267	 119.100300	-3.484378	 9.763362	 74.807610	-4.813407	 11.574500	 60.850010	-32.037770	-8.521555	 2.392179	-10.630020	-0.444253	-0.070550	 35.370370	-0.405495	 3.620178	 0.000000	 90.000000	 0.000000	 173.405900	 8.054979	 170.612900	-174.296100	-15.066550	-35.028820
-0.036499	-0.077994	-0.014481	-173.459700	 2.302760	-89.895860	-5.944032	-1.597053	-6.375344	-5.850555	-5.133807	-5.921835	 1.245809	-5.106233	 110.424500	-0.813313	 0.122417	-8.559153	-34.749870	-24.821680	 23.947840	-28.195980	 25.014450	 1.379107	-15.780850	 29.240020	-43.781170	-11.582920	-4.601621	 9.666660	 2.503291	-1.126934	 4.548135	 3.270450	-0.643668	-80.071260	 4.085194	 3.225991	 11.892620	-0.275389	 3.148105	 9.181604	 2.914322	 4.299918	-70.870310	 37.707330	 19.908360	 14.718750	-6.821038	 19.211720	 10.901230	-5.654727	 19.246940	-71.004090	 18.692260	 10.514290	 21.076630	-3.898340	 9.395206	 9.518596	-0.473063	 9.966733	-72.614270	-51.617550	-12.041010	-7.588076	 16.022730	-0.540169	 0.139211	 14.789960	-0.368235	 3.437935	 0.565443	-0.457440	 90.226340	-92.502940	 5.573723	-80.163930	-178.640300	-7.322495	 101.285700	-0.813313	 0.122417	-8.559153	-35.276770	-33.045140	 17.007870	-95.822040	-10.625460	-4.180593	 47.794110	-15.387080	-18.829120	-6.437749	-2.035977	 16.990260	 2.500589	-1.127423	 7.626341	 3.271377	-0.650093	-80.192630	-5.416119	-5.379252	 69.875020	-0.135487	 3.282903	 78.708110	 0.191650	 7.210012	-12.100020	 29.679660	 12.058210	 58.442500	-6.119844	 20.782250	 123.833800	-4.717141	 19.573590	-20.556910	 17.373060	 5.988164	 118.406300	-3.484378	 9.763359	 74.807400	-4.783715	 11.604210	 59.886810	-32.042580	-8.425915	 2.729258	-15.017240	-0.419566	-0.099846	 35.370370	-0.405495	 3.620178	 0.000000	 90.000000	 0.000000	 173.550000	 8.128551	 170.906700	-174.283400	-14.963380	-34.764620
-0.037419	-0.077613	-0.014087	-173.747900	 2.254225	-89.944280	-6.013686	-1.507948	-6.431567	-5.846310	-4.920171	-5.973379	 1.244941	-5.101732	 110.434200	-0.813313	 0.122417	-8.559153	-34.527820	-24.697440	 24.264740	-28.877070	 25.083330	 1.418301	-15.417090	 29.233540	-44.074070	-11.582920	-4.601621	 9.666660	 2.503291	-1.126934	 4.548135	 3.270450	-0.643668	-80.071260	 4.081607	 3.224425	 11.892830	-0.275389	 3.148105	 9.181604	 2.914197	 4.300431	-70.862860	 37.700150	 19.905750	 14.721210	-6.821038	 19.211720	 10.901230	-5.654525	 19.246920	-70.994190	 18.687610	 10.511910	 21.077530	-3.898340	 9.395206	 9.518596	-0.473063	 9.966733	-72.614270	-51.617550	-12.041010	-7.588076	 16.022730	-0.540169	 0.139211	 14.789960	-0.368235	 3.437935	 0.567463	-0.472527	 90.227040	-92.381100	 5.252286	-80.604840	-178.614700	-7.452549	 101.340800	-0.813313	 0.122417	-8.559153	-35.202010	-32.989040	 17.319810	-95.574920	-10.504740	-4.097355	 47.452700	-15.312400	-19.096470	-5.834203	-2.009316	 12.591920	 2.505781	-1.127036	 1.824045	 3.294738	-0.885816	-84.763210	-5.371495	-5.321031	 69.878810	-0.135487	 3.282902	 78.707900	 0.191662	 7.210009	-12.100190	 29.679670	 12.058230	 58.442410	-6.111572	 20.770470	 123.039200	-4.717143	 19.573580	-20.557050	 17.337060	 5.960243	 117.705500	-3.484380	 9.763358	 74.807170	-4.753210	 11.633710	 58.913990	-32.047970	-8.329382	 3.069510	-19.446840	-0.392447	-0.127422	 35.370370	-0.405495	 3.620178	 0.000000	 90.000000	 0.000000	 173.661500	 8.230236	 171.137300	-174.302100	-14.887670	-34.525500
-0.038462	-0.077415	-0.013670	-174.050700	 2.224432	-89.985460	-6.063830	-1.387579	-6.505680	-5.841928	-4.624002	-6.041314	 1.257773	-5.149685	 110.447600	-0.813313	 0.122417	-8.559153	-34.361560	-24.618830	 24.639470	-29.433300	 25.073780	 1.461722	-15.041490	 29.142320	-44.433070	-11.582920	-4.601621	 9.666660	 2.503291	-1.126934	 4.548135	 3.270450	-0.643668	-80.071260	 4.076557	 3.222219	 11.893130	-0.275389	 3.148105	 9.181604	 2.914022	 4.301154	-70.852390	 37.690110	 19.902090	 14.724660	-6.821038	 19.211720	 10.901230	-5.654243	 19.246900	-70.980310	 18.681070	 10.508570	 21.078810	-3.898340	 9.395206	 9.518596	-0.473063	 9.966733	-72.614270	-51.617550	-12.041010	-7.588076	 16.022730	-0.540169	 0.139211	 14.789960	-0.368235	 3.437935	 0.569990	-0.522522	 90.228160	-92.295470	 4.848394	-81.041020	-178.596500	-7.539644	 101.395300	-0.813313	 0.122417	-8.559153	-35.180750	-32.982720	 17.488530	-95.123510	-10.568710	-4.067190	 47.014750	-15.357640	-19.285040	-5.738926	-2.015495	 11.799070	 2.506691	-1.127023	 0.809884	 3.296909	-0.927668	-85.571660	-5.321410	-5.255663	 69.883000	-0.135487	 3.282902	 78.707650	 0.191674	 7.210004	-12.100380	 29.679690	 12.058270	 58.442280	-6.102153	 20.756600	 122.113000	-4.717146	 19.573580	-20.557250	 17.294680	 5.928257	 116.888700	-3.484380	 9.763356	 74.806930	-4.717008	 11.667450	 57.779770	-32.055020	-8.216935	 3.465964	-24.608540	-0.358270	-0.156801	 35.370370	-0.405495	 3.620178	 0.000000	 90.000000	 0.000000	 173.810400	 8.348926	 171.335500	-174.328900	-14.814240	-34.307090
-0.039341	-0.077415	-0.013343	-174.287800	 2.231210	-90.010700	-6.066609	-1.285655	-6.575249	-5.828106	-4.368290	-6.105257	 1.271244	-5.200212	 110.459700	-0.813313	 0.122417	-8.559153	-34.328280	-24.631860	 24.949980	-29.499750	 25.027220	 1.486662	-14.846350	 29.046020	-44.698870	-11.582920	-4.601621	 9.666660	 2.503291	-1.126934	 4.548135	 3.270450	-0.643668	-80.071260	 4.071582	 3.220046	 11.893430	-0.275389	 3.148105	 9.181604	 2.913849	 4.301866	-70.842060	 37.680170	 19.898480	 14.728070	-6.821038	 19.211720	 10.901230	-5.653965	 19.246880	-70.966660	 18.674630	 10.505270	 21.080060	-3.898340	 9.395206	 9.518596	-0.473063	 9.966733	-72.614270	-51.617550	-12.041010	-7.588076	 16.022730	-0.540169	 0.139211	 14.789960	-0.368235	 3.437935	 0.572124	-0.559442	 90.229260	-92.278920	 4.521806	-81.260640	-178.587900	-7.576398	 101.436600	-0.813313	 0.122417	-8.559153	-35.207040	-33.015070	 17.519090	-94.658420	-10.702830	-4.078538	 46.596370	-15.428650	-19.360270	-5.761263	-2.085528	 10.820650	 2.507837	-1.127028	-0.466543	 3.298790	-0.979936	-86.580610	-5.280101	-5.201740	 69.886440	-0.135488	 3.282901	 78.707470	 0.191686	 7.210001	-12.100540	 29.679700	 12.058290	 58.442170	-6.094261	 20.744590	 121.317800	-4.717147	 19.573580	-20.557390	 17.257920	 5.901247	 116.187500	-3.484380	 9.763354	 74.806690	-4.685385	 11.695850	 56.805920	-32.061670	-8.120445	 3.806190	-29.039450	-0.326916	-0.179476	 35.370370	-0.405495	 3.620178	 0.000000	 90.000000	 0.000000	 173.937000	 8.443914	 171.436600	-174.331100	-14.767870	-34.158520
-0.040178	-0.077559	-0.013057	-174.444200	 2.256905	-90.032500	-6.039703	-1.199370	-6.648024	-5.790297	-4.150278	-6.172504	 1.293728	-5.285347	 110.472600	-0.813313	 0.122417	-8.559153	-34.479140	-24.785900	 25.217250	-29.203710	 24.980030	 1.499095	-14.766850	 28.965750	-44.909360	-11.582920	-4.601621	 9.666660	 2.503291	-1.126934	 4.548135	 3.270450	-0.643668	-80.071260	 4.066164	 3.217679	 11.893750	-0.275389	 3.148105	 9.181604	 2.913660	 4.302644	-70.830770	 37.669360	 19.894540	 14.731770	-6.821038	 19.211720	 10.901230	-5.653660	 19.246850	-70.951770	 18.667600	 10.501660	 21.081430	-3.898340	 9.395206	 9.518596	-0.473063	 9.966733	-72.614270	-51.617550	-12.041010	-7.588076	 16.022730	-0.540169	 0.139211	 14.789960	-0.368235	 3.437935	 0.574267	-0.602250	 90.230530	-92.281170	 4.220066	-81.389560	-178.582700	-7.594100	 101.475300	-0.813313	 0.122417	-8.559153	-35.262020	-33.069450	 17.496890	-94.189060	-10.815120	-4.105016	 46.137130	-15.452780	-19.379700	-5.683697	-2.091391	 10.182530	 2.508480	-1.127043	-1.182232	 3.299524	-1.014161	-87.241000	-5.240816	-5.150447	 69.889630	-0.135487	 3.282900	 78.707240	 0.191696	 7.209998	-12.100700	 29.679710	 12.058320	 58.442060	-6.086630	 20.732600	 120.531500	-4.717150	 19.573580	-20.557560	 17.221250	 5.875010	 115.494000	-3.484380	 9.763352	 74.806470	-4.653623	 11.723420	 55.842560	-32.068840	-8.025078	 4.142520	-33.420870	-0.294287	-0.199452	 35.370370	-0.405495	 3.620178	 0.000000	 90.000000	 0.000000	 174.061000	 8.504662	 171.465200	-174.306000	-14.766490	-34.033990
-0.041099	-0.077822	-0.012749	-174.510100	 2.304672	-90.059490	-5.984123	-1.133506	-6.736311	-5.730461	-3.984012	-6.254612	 1.319067	-5.381155	 110.487300	-0.813313	 0.122417	-8.559153	-34.732870	-25.018580	 25.508850	-28.698560	 24.962460	 1.509717	-14.774990	 28.920890	-45.090230	-11.582920	-4.601621	 9.666660	 2.503291	-1.126934	 4.548135	 3.270450	-0.643668	-80.071260	 4.059320	 3.214689	 11.894160	-0.275389	 3.148105	 9.181604	 2.913421	 4.303627	-70.816510	 37.655660	 19.889550	 14.736470	-6.821038	 19.211720	 10.901230	-5.653276	 19.246830	-70.932950	 18.658700	 10.497100	 21.083160	-3.898340	 9.395206	 9.518596	-0.473063	 9.966733	-72.614270	-51.617550	-12.041010	-7.588076	 16.022730	-0.540169	 0.139211	 14.789960	-0.368235	 3.437935	 0.576794	-0.660034	 90.232190	-92.302540	 3.889230	-81.475630	-178.577200	-7.611709	 101.521300	-0.813313	 0.122417	-8.559153	-35.348310	-33.146060	 17.470570	-93.634030	-10.838500	-4.132948	 45.533770	-15.372080	-19.409160	-5.605163	-2.074650	 9.913921	 2.508536	-1.127044	-1.244613	 3.299715	-1.028679	-87.521060	-5.196852	-5.093029	 69.893170	-0.135488	 3.282900	 78.707020	 0.191710	 7.209994	-12.100900	 29.679720	 12.058340	 58.441960	-6.077926	 20.718450	 119.611100	-4.717151	 19.573580	-20.557730	 17.177920	 5.844846	 114.682100	-3.484381	 9.763350	 74.806220	-4.615846	 11.755030	 54.714760	-32.077920	-7.913525	 4.536089	-38.549000	-0.254292	-0.219589	 35.370370	-0.405495	 3.620178	 0.000000	 90.000000	 0.000000	 174.200900	 8.515129	 171.455000	-174.237500	-14.815320	-33.897050
-0.041838	-0.078063	-0.012491	-174.457100	 2.353597	-90.087840	-5.926484	-1.116538	-6.813349	-5.677526	-3.943744	-6.326749	 1.334051	-5.437401	 110.498700	-0.813313	 0.122417	-8.559153	-34.880090	-25.150820	 25.769740	-28.390130	 24.991180	 1.526996	-14.830250	 28.928450	-45.195780	-11.582920	-4.601621	 9.666660	 2.503291	-1.126934	 4.548135	 3.270450	-0.643668	-80.071260	 4.053054	 3.211952	 11.894530	-0.275389	 3.148105	 9.181604	 2.913203	 4.304526	-70.803480	 37.643140	 19.884990	 14.740760	-6.821038	 19.211720	 10.901230	-5.652928	 19.246790	-70.915740	 18.650570	 10.492940	 21.084740	-3.898340	 9.395206	 9.518596	-0.473063	 9.966733	-72.614270	-51.617550	-12.041010	-7.588076	 16.022730	-0.540169	 0.139211	 14.789960	-0.368235	 3.437935	 0.579002	-0.715986	 90.233760	-92.333840	 3.619309	-81.534180	-178.569700	-7.642290	 101.559800	-0.813313	 0.122417	-8.559153	-35.460260	-33.218460	 17.461440	-93.081440	-10.799280	-4.135843	 45.087220	-15.241090	-19.424620	-5.549030	-2.047862	 9.961213	 2.508483	-1.127043	-1.185819	 3.299688	-1.026287	-87.474950	-5.160738	-5.045855	 69.896030	-0.135487	 3.282899	 78.706790	 0.191722	 7.209989	-12.101080	 29.679730	 12.058360	 58.441850	-6.070613	 20.706150	 118.817600	-4.717154	 19.573580	-20.557890	 17.140220	 5.819320	 113.982300	-3.484382	 9.763350	 74.805980	-4.582768	 11.781680	 53.742350	-32.086380	-7.817440	 4.875184	-42.968280	-0.218501	-0.234008	 35.370370	-0.405495	 3.620178	 0.000000	 90.000000	 0.000000	 174.315200	 8.503599	 171.449500	-174.151400	-14.889600	-33.770110
-0.042530	-0.078206	-0.012209	-174.320400	 2.400752	-90.122270	-5.868460	-1.129378	-6.889351	-5.630220	-3.982096	-6.398262	 1.346414	-5.483656	 110.509100	-0.813313	 0.122417	-8.559153	-34.895350	-25.163980	 26.049960	-28.340160	 25.036490	 1.559066	-14.889370	 28.947170	-45.270070	-11.582920	-4.601621	 9.666660	 2.503291	-1.126934	 4.548135	 3.270450	-0.643668	-80.071260	 4.046539	 3.209105	 11.894910	-0.275389	 3.148105	 9.181604	 2.912975	 4.305459	-70.789950	 37.630140	 19.880250	 14.745220	-6.821038	 19.211720	 10.901230	-5.652564	 19.246770	-70.897890	 18.642120	 10.488610	 21.086380	-3.898340	 9.395206	 9.518596	-0.473063	 9.966733	-72.614270	-51.617550	-12.041010	-7.588076	 16.022730	-0.540169	 0.139211	 14.789960	-0.368235	 3.437935	 0.581253	-0.777290	 90.235520	-92.374370	 3.359549	-81.616600	-178.558700	-7.694754	 101.591500	-0.813313	 0.122417	-8.559153	-35.641550	-33.304190	 17.422830	-92.470260	-10.746450	-4.115427	 44.829530	-15.097890	-19.406430	-5.501249	-2.018056	 10.110940	 2.508557	-1.127045	-1.268561	 3.299587	-1.018408	-87.322930	-5.126253	-5.000801	 69.898740	-0.135488	 3.282898	 78.706600	 0.191732	 7.209986	-12.101220	 29.679740	 12.058400	 58.441760	-6.063482	 20.693740	 118.023700	-4.717157	 19.573570	-20.558020	 17.102200	 5.794264	 113.282000	-3.484383	 9.763346	 74.805790	-4.549210	 11.807800	 52.769210	-32.095400	-7.721355	 5.214371	-47.389810	-0.181686	-0.245639	 35.370370	-0.405495	 3.620178	 0.000000	 90.000000	 0.000000	 174.423300	 8.486677	 171.468400	-174.037500	-14.983280	-33.570180
-0.043252	-0.078291	-0.011830	-174.086700	 2.446131	-90.171070	-5.812269	-1.170058	-6.972348	-5.590985	-4.095363	-6.476677	 1.357781	-5.526069	 110.519200	-0.813313	 0.122417	-8.559153	-34.845580	-25.106560	 26.358410	-28.444870	 25.106240	 1.606732	-14.916770	 28.961190	-45.296270	-11.582920	-4.601621	 9.666660	 2.503291	-1.126934	 4.548135	 3.270450	-0.643668	-80.071260	 4.038944	 3.205787	 11.895370	-0.275389	 3.148105	 9.181604	 2.912709	 4.306551	-70.774110	 37.614920	 19.874700	 14.750420	-6.821038	 19.211720	 10.901230	-5.652136	 19.246730	-70.877030	 18.632250	 10.483550	 21.088300	-3.898340	 9.395206	 9.518596	-0.473063	 9.966733	-72.614270	-51.617550	-12.041010	-7.588076	 16.022730	-0.540169	 0.139211	 14.789960	-0.368235	 3.437935	 0.583826	-0.853205	 90.237740	-92.429020	 3.070962	-81.787520	-178.543900	-7.768816	 101.620300	-0.813313	 0.122417	-8.559153	-35.907540	-33.429310	 17.351470	-91.717570	-10.718520	-4.085829	 44.614800	-14.974350	-19.398320	-5.453908	-1.991306	 10.213460	 2.508561	-1.127045	-1.272319	 3.299505	-1.013040	-87.219380	-5.088990	-4.952106	 69.901620	-0.135488	 3.282898	 78.706380	 0.191745	 7.209983	-12.101420	 29.679750	 12.058420	 58.441630	-6.055566	 20.679460	 117.117100	-4.717158	 19.573570	-20.558190	 17.058400	 5.766212	 112.482300	-3.484383	 9.763344	 74.805530	-4.510329	 11.836950	 51.657620	-32.106410	-7.611705	 5.601642	-52.438890	-0.138688	-0.255394	 35.370370	-0.405495	 3.620178	 0.000000	 90.000000	 0.000000	 174.541300	 8.444000	 171.502900	-173.886900	-15.099780	-33.260590
-0.043805	-0.078424	-0.011499	-173.847800	 2.471360	-90.221760	-5.781975	-1.217334	-7.037250	-5.576608	-4.226560	-6.538214	 1.365437	-5.554619	 110.526000	-0.813313	 0.122417	-8.559153	-34.782910	-25.024270	 26.591490	-28.592770	 25.177740	 1.652568	-14.858700	 28.949220	-45.271340	-11.582920	-4.601621	 9.666660	 2.503291	-1.126934	 4.548135	 3.270450	-0.643668	-80.071260	 4.032485	 3.202965	 11.895750	-0.275389	 3.148105	 9.181604	 2.912482	 4.307480	-70.760620	 37.601990	 19.869990	 14.754860	-6.821038	 19.211720	 10.901230	-5.651776	 19.246710	-70.859250	 18.623830	 10.479240	 21.089930	-3.898340	 9.395206	 9.518596	-0.473063	 9.966733	-72.614270	-51.617550	-12.041010	-7.588076	 16.022730	-0.540169	 0.139211	 14.789960	-0.368235	 3.437935	 0.586027	-0.921844	 90.239770	-92.479990	 2.830158	-82.038430	-178.530000	-7.841194	 101.639600	-0.813313	 0.122417	-8.559153	-36.169420	-33.550160	 17.271260	-91.042790	-10.693080	-4.056013	 44.365310	-14.859420	-19.395700	-5.418900	-1.977737	 10.191910	 2.508588	-1.127046	-1.302720	 3.299525	-1.014264	-87.242970	-5.059274	-4.913270	 69.903900	-0.135488	 3.282897	 78.706160	 0.191755	 7.209980	-12.101560	 29.679770	 12.058450	 58.441540	-6.049057	 20.667300	 116.350700	-4.717161	 19.573570	-20.558350	 17.021080	 5.742954	 111.806400	-3.484384	 9.763344	 74.805330	-4.477013	 11.861010	 50.717850	-32.116290	-7.519091	 5.928843	-56.705600	-0.101808	-0.260666	 35.370370	-0.405495	 3.620178	 0.000000	 90.000000	 0.000000	 174.637900	 8.393298	 171.541600	-173.768900	-15.193900	-33.014400
-0.044336	-0.078566	-0.011131	-173.585900	 2.483709	-90.284160	-5.767548	-1.270036	-7.096830	-5.578061	-4.373527	-6.594814	 1.371740	-5.578189	 110.531100	-0.813313	 0.122417	-8.559153	-34.731700	-24.932900	 26.787040	-28.729610	 25.260900	 1.701007	-14.735380	 28.921780	-45.238240	-11.582920	-4.601621	 9.666660	 2.503291	-1.126934	 4.548135	 3.270450	-0.643668	-80.071260	 4.025892	 3.200084	 11.896140	-0.275389	 3.148105	 9.181604	 2.912251	 4.308428	-70.746870	 37.588790	 19.865180	 14.759380	-6.821038	 19.211720	 10.901230	-5.651407	 19.246680	-70.841150	 18.615270	 10.474850	 21.091590	-3.898340	 9.395206	 9.518596	-0.473063	 9.966733	-72.614270	-51.617550	-12.041010	-7.588076	 16.022730	-0.540169	 0.139211	 14.789960	-0.368235	 3.437935	 0.588309	-0.995995	 90.241970	-92.535800	 2.581571	-82.403880	-178.514500	-7.922883	 101.655600	-0.813313	 0.122417	-8.559153	-36.461650	-33.680740	 17.172880	-90.316570	-10.585810	-4.021146	 43.990140	-14.631070	-19.346480	-5.388964	-1.966263	 10.171660	 2.508612	-1.127047	-1.330498	 3.299543	-1.015406	-87.265010	-5.030542	-4.875710	 69.906060	-0.135488	 3.282897	 78.705960	 0.191767	 7.209976	-12.101740	 29.679770	 12.058470	 58.441440	-6.042577	 20.654760	 115.565400	-4.717164	 19.573560	-20.558490	 16.982540	 5.719584	 111.113500	-3.484383	 9.763339	 74.805080	-4.442452	 11.885100	 49.754610	-32.126980	-7.424267	 6.264031	-61.077740	-0.063714	-0.263212	 35.370370	-0.405495	 3.620178	 0.000000	 90.000000	 0.000000	 174.735300	 8.332375	 171.589800	-173.656900	-15.275530	-32.725080
-0.044834	-0.078704	-0.010690	-173.292000	 2.492289	-90.359630	-5.757510	-1.326650	-7.154232	-5.584117	-4.531783	-6.649302	 1.377494	-5.599838	 110.534600	-0.813313	 0.122417	-8.559153	-34.730420	-24.851440	 26.935780	-28.777470	 25.366340	 1.753205	-14.613290	 28.901530	-45.201390	-11.582920	-4.601621	 9.666660	 2.503291	-1.126934	 4.548135	 3.270450	-0.643668	-80.071260	 4.018488	 3.196851	 11.896570	-0.275389	 3.148105	 9.181604	 2.911991	 4.309493	-70.731430	 37.574000	 19.859790	 14.764440	-6.821038	 19.211720	 10.901230	-5.650991	 19.246640	-70.820850	 18.605660	 10.469920	 21.093460	-3.898340	 9.395206	 9.518596	-0.473063	 9.966733	-72.614270	-51.617550	-12.041010	-7.588076	 16.022730	-0.540169	 0.139211	 14.789960	-0.368235	 3.437935	 0.590971	-1.085396	 90.244690	-92.604000	 2.285975	-82.930290	-178.495500	-8.023884	 101.670700	-0.813313	 0.122417	-8.559153	-36.812240	-33.829530	 17.043490	-89.453550	-10.388580	-3.975774	 43.519610	-14.269170	-19.227490	-5.361626	-1.955896	 10.151620	 2.508637	-1.127047	-1.357845	 3.299559	-1.016530	-87.286700	-4.999751	-4.835451	 69.908340	-0.135489	 3.282896	 78.705760	 0.191779	 7.209971	-12.101920	 29.679780	 12.058490	 58.441340	-6.035357	 20.640240	 114.663400	-4.717166	 19.573560	-20.558650	 16.937930	 5.693332	 110.317700	-3.484384	 9.763338	 74.804850	-4.402241	 11.912080	 48.647960	-32.139920	-7.315451	 6.648931	-66.098780	-0.019876	-0.262529	 35.370370	-0.405495	 3.620178	 0.000000	 90.000000	 0.000000	 174.840900	 8.259303	 171.655000	-173.568600	-15.328990	-32.356610
-0.045110	-0.078796	-0.010299	-173.066900	 2.502035	-90.414820	-5.752369	-1.363574	-7.192410	-5.589501	-4.636371	-6.685323	 1.381614	-5.615435	 110.536500	-0.813313	 0.122417	-8.559153	-34.814720	-24.835100	 27.001930	-28.641420	 25.465100	 1.790384	-14.605020	 28.918580	-45.183950	-11.582920	-4.601621	 9.666660	 2.503291	-1.126934	 4.548135	 3.270450	-0.643668	-80.071260	 4.012300	 3.194146	 11.896940	-0.275389	 3.148105	 9.181604	 2.911772	 4.310383	-70.718500	 37.561590	 19.855260	 14.768690	-6.821038	 19.211720	 10.901230	-5.650647	 19.246620	-70.803830	 18.597610	 10.465800	 21.095020	-3.898340	 9.395206	 9.518596	-0.473063	 9.966733	-72.614270	-51.617550	-12.041010	-7.588076	 16.022730	-0.540169	 0.139211	 14.789960	-0.368235	 3.437935	 0.593274	-1.166589	 90.247220	-92.667550	 2.048528	-83.454990	-178.478300	-8.116246	 101.682300	-0.813313	 0.122417	-8.559153	-37.117730	-33.949650	 16.919900	-88.688630	-10.177290	-3.931634	 43.086350	-13.901790	-19.090060	-5.343650	-1.949188	 10.136830	 2.508655	-1.127048	-1.377899	 3.299572	-1.017355	-87.302610	-4.974859	-4.802903	 69.910170	-0.135489	 3.282895	 78.705540	 0.191791	 7.209969	-12.102090	 29.679800	 12.058530	 58.441220	-6.029256	 20.627490	 113.876400	-4.717167	 19.573560	-20.558790	 16.898730	 5.670921	 109.623500	-3.484385	 9.763338	 74.804630	-4.366727	 11.934990	 47.682360	-32.151820	-7.220593	 6.984616	-70.478550	 0.018193	-0.258817	 35.370370	-0.405495	 3.620178	 0.000000	 90.000000	 0.000000	 174.920500	 8.201101	 171.720000	-173.540700	-15.334840	-32.013170
-0.045302	-0.078855	-0.009897	-172.891600	 2.516264	-90.459930	-5.748926	-1.379993	-7.223055	-5.591742	-4.686766	-6.712979	 1.385379	-5.629784	 110.537400	-0.813313	 0.122417	-8.559153	-34.989850	-24.886010	 27.035040	-28.300400	 25.570280	 1.817751	-14.699970	 28.974610	-45.214280	-11.582920	-4.601621	 9.666660	 2.503291	-1.126934	 4.548135	 3.270450	-0.643668	-80.071260	 4.006286	 3.191519	 11.897300	-0.275389	 3.148105	 9.181604	 2.911561	 4.311248	-70.705940	 37.549590	 19.850880	 14.772800	-6.821038	 19.211720	 10.901230	-5.650310	 19.246590	-70.787340	 18.589800	 10.461790	 21.096540	-3.898340	 9.395206	 9.518596	-0.473063	 9.966733	-72.614270	-51.617550	-12.041010	-7.588076	 16.022730	-0.540169	 0.139211	 14.789960	-0.368235	 3.437935	 0.595698	-1.252550	 90.249970	-92.736570	 1.862473	-84.029010	-178.460300	-8.213168	 101.693700	-0.813313	 0.122417	-8.559153	-37.435770	-34.066970	 16.781320	-87.904590	-9.947841	-3.881958	 42.628750	-13.509900	-18.938950	-5.330547	-1.944430	 10.124130	 2.508671	-1.127048	-1.394994	 3.299582	-1.018056	-87.316150	-4.951256	-4.772036	 69.911890	-0.135489	 3.282895	 78.705330	 0.191801	 7.209962	-12.102240	 29.679810	 12.058550	 58.441120	-6.023190	 20.614320	 113.068500	-4.717169	 19.573560	-20.558940	 16.858180	 5.648400	 108.910500	-3.484386	 9.763335	 74.804420	-4.329850	 11.957900	 46.690720	-32.164630	-7.123305	 7.329180	-74.974470	 0.056852	-0.251983	 35.370370	-0.405495	 3.620178	 0.000000	 90.000000	 0.000000	 174.991500	 8.152431	 171.794100	-173.538400	-15.321020	-31.647040
-0.045448	-0.078877	-0.009542	-172.777600	 2.532697	-90.489790	-5.747503	-1.378964	-7.249488	-5.591788	-4.690021	-6.734762	 1.388698	-5.642556	 110.537300	-0.813313	 0.122417	-8.559153	-35.217190	-24.984540	 27.037020	-27.864270	 25.665380	 1.834953	-14.858050	 29.051470	-45.287800	-11.582920	-4.601621	 9.666660	 2.503291	-1.126934	 4.548135	 3.270450	-0.643668	-80.071260	 4.001216	 3.189303	 11.897600	-0.275389	 3.148105	 9.181604	 2.911382	 4.311977	-70.695370	 37.539490	 19.847190	 14.776260	-6.821038	 19.211720	 10.901230	-5.650026	 19.246570	-70.773440	 18.583230	 10.458430	 21.097810	-3.898340	 9.395206	 9.518596	-0.473063	 9.966733	-72.614270	-51.617550	-12.041010	-7.588076	 16.022730	-0.540169	 0.139211	 14.789960	-0.368235	 3.437935	 0.597887	-1.332463	 90.252570	-92.800730	 1.725361	-84.559860	-178.443800	-8.301330	 101.704800	-0.813313	 0.122417	-8.559153	-37.746800	-34.180250	 16.639990	-87.204900	-9.750008	-3.833096	 42.209740	-13.171130	-18.813130	-5.323125	-1.941883	 10.114690	 2.508682	-1.127049	-1.407597	 3.299589	-1.018574	-87.326130	-4.931578	-4.746295	 69.913280	-0.135489	 3.282894	 78.705150	 0.191811	 7.209961	-12.102390	 29.679810	 12.058570	 58.441020	-6.017853	 20.602290	 112.334700	-4.717173	 19.573550	-20.559090	 16.821130	 5.628409	 108.263200	-3.484388	 9.763333	 74.804210	-4.296011	 11.978170	 45.790070	-32.176750	-7.035030	 7.641944	-79.056700	 0.091387	-0.243165	 35.370370	-0.405495	 3.620178	 0.000000	 90.000000	 0.000000	 175.047900	 8.120071	 171.867000	-173.538100	-15.302370	-31.308540
-0.045606	-0.078909	-0.009123	-172.659100	 2.554153	-90.517300	-5.749732	-1.376938	-7.280046	-5.594560	-4.689505	-6.757766	 1.393028	-5.659327	 110.536400	-0.813313	 0.122417	-8.559153	-35.564900	-25.159580	 27.006850	-27.200530	 25.775040	 1.846119	-15.114050	 29.165920	-45.434770	-11.582920	-4.601621	 9.666660	 2.503291	-1.126934	 4.548135	 3.270450	-0.643668	-80.071260	 3.995741	 3.186911	 11.897920	-0.275389	 3.148105	 9.181604	 2.911189	 4.312765	-70.683950	 37.528580	 19.843210	 14.779980	-6.821038	 19.211720	 10.901230	-5.649721	 19.246550	-70.758450	 18.576130	 10.454780	 21.099180	-3.898340	 9.395206	 9.518596	-0.473063	 9.966733	-72.614270	-51.617550	-12.041010	-7.588076	 16.022730	-0.540169	 0.139211	 14.789960	-0.368235	 3.437935	 0.600562	-1.430526	 90.255880	-92.877720	 1.574226	-85.182640	-178.424200	-8.405456	 101.720400	-0.813313	 0.122417	-8.559153	-38.149110	-34.324860	 16.449910	-86.296810	-9.562637	-3.770276	 41.710270	-12.825130	-18.704640	-5.319461	-1.940903	 10.105770	 2.508693	-1.127049	-1.419288	 3.299596	-1.019053	-87.335370	-4.910131	-4.718237	 69.914790	-0.135489	 3.282893	 78.704920	 0.191824	 7.209958	-12.102590	 29.679840	 12.058610	 58.440900	-6.011643	 20.587710	 111.450900	-4.717174	 19.573560	-20.559240	 16.776170	 5.604848	 107.483200	-3.484387	 9.763332	 74.803960	-4.254814	 12.001890	 44.704880	-32.191970	-6.928795	 8.018628	-83.973880	 0.132031	-0.229323	 35.370370	-0.405495	 3.620178	 0.000000	 90.000000	 0.000000	 175.106900	 8.091757	 171.961300	-173.533400	-15.275420	-30.902360
-0.045717	-0.078977	-0.008778	-172.580000	 2.573455	-90.535190	-5.754330	-1.374844	-7.304310	-5.598785	-4.686052	-6.774350	 1.397232	-5.675694	 110.535000	-0.813313	 0.122417	-8.559153	-35.903660	-25.343060	 26.957430	-26.553950	 25.858120	 1.847651	-15.359250	 29.269740	-45.605150	-11.582920	-4.601621	 9.666660	 2.503291	-1.126934	 4.548135	 3.270450	-0.643668	-80.071260	 3.991826	 3.185201	 11.898150	-0.275389	 3.148105	 9.181604	 2.911050	 4.313329	-70.675770	 37.520800	 19.840370	 14.782640	-6.821038	 19.211720	 10.901230	-5.649502	 19.246530	-70.747710	 18.571060	 10.452180	 21.100170	-3.898340	 9.395206	 9.518596	-0.473063	 9.966733	-72.614270	-51.617550	-12.041010	-7.588076	 16.022730	-0.540169	 0.139211	 14.789960	-0.368235	 3.437935	 0.602797	-1.512753	 90.258740	-92.939960	 1.438016	-85.640940	-178.408400	-8.488048	 101.736300	-0.813313	 0.122417	-8.559153	-38.504360	-34.450870	 16.276130	-85.394830	-9.474463	-3.715518	 41.368760	-12.635440	-18.715030	-5.320519	-1.941712	 10.100330	 2.508699	-1.127049	-1.426243	 3.299600	-1.019337	-87.340870	-4.894302	-4.697526	 69.915860	-0.135489	 3.282893	 78.704710	 0.191833	 7.209955	-12.102720	 29.679840	 12.058620	 58.440830	-6.006683	 20.575570	 110.719000	-4.717176	 19.573550	-20.559390	 16.738720	 5.585809	 106.837400	-3.484387	 9.763330	 74.803760	-4.220351	 12.020950	 43.806110	-32.205130	-6.840925	 8.330419	-88.044510	 0.164680	-0.215260	 35.370370	-0.405495	 3.620178	 0.000000	 90.000000	 0.000000	 175.149600	 8.075391	 172.044000	-173.546200	-15.238920	-30.576160
-0.045835	-0.079079	-0.008377	-172.516200	 2.597193	-90.553020	-5.762330	-1.371949	-7.331751	-5.605520	-4.678627	-6.791293	 1.403393	-5.699697	 110.532800	-0.813313	 0.122417	-8.559153	-36.349270	-25.594070	 26.873950	-25.700740	 25.937810	 1.841041	-15.659920	 29.387150	-45.864830	-11.582920	-4.601621	 9.666660	 2.503291	-1.126934	 4.548135	 3.270450	-0.643668	-80.071260	 3.988049	 3.183551	 11.898370	-0.275389	 3.148105	 9.181604	 2.910917	 4.313872	-70.667880	 37.513320	 19.837640	 14.785200	-6.821038	 19.211720	 10.901230	-5.649292	 19.246510	-70.737380	 18.566180	 10.449680	 21.101110	-3.898340	 9.395206	 9.518596	-0.473063	 9.966733	-72.614270	-51.617550	-12.041010	-7.588076	 16.022730	-0.540169	 0.139211	 14.789960	-0.368235	 3.437935	 0.605424	-1.610300	 90.262300	-93.009990	 1.236978	-86.086020	-178.388700	-8.588855	 101.760300	-0.813313	 0.122417	-8.559153	-38.948030	-34.606120	 16.052140	-84.217170	-9.432052	-3.647064	 41.062720	-12.536120	-18.905420	-5.326188	-1.944408	 10.096020	 2.508703	-1.127050	-1.431487	 3.299603	-1.019552	-87.345000	-4.877945	-4.676120	 69.916970	-0.135489	 3.282892	 78.704510	 0.191844	 7.209952	-12.102880	 29.679860	 12.058650	 58.440720	-6.001049	 20.561190	 109.856100	-4.717178	 19.573550	-20.559540	 16.694290	 5.563899	 106.076100	-3.484388	 9.763327	 74.803510	-4.179334	 12.042740	 42.746520	-32.221250	-6.737461	 8.697837	-92.842030	 0.201755	-0.195764	 35.370370	-0.405495	 3.620178	 0.000000	 90.000000	 0.000000	 175.194300	 8.062132	 172.146000	-173.579000	-15.179470	-30.205660
-0.045940	-0.079154	-0.008034	-172.496000	 2.618335	-90.567660	-5.771070	-1.369045	-7.354785	-5.612524	-4.669319	-6.804086	 1.409014	-5.721659	 110.530300	-0.813313	 0.122417	-8.559153	-36.769250	-25.835850	 26.781490	-24.891900	 25.984490	 1.828382	-15.910090	 29.472910	-46.146270	-11.582920	-4.601621	 9.666660	 2.503291	-1.126934	 4.548135	 3.270450	-0.643668	-80.071260	 3.985620	 3.182489	 11.898510	-0.275389	 3.148105	 9.181604	 2.910830	 4.314224	-70.662770	 37.508500	 19.835870	 14.786850	-6.821038	 19.211720	 10.901230	-5.649154	 19.246500	-70.730700	 18.563030	 10.448070	 21.101720	-3.898340	 9.395206	 9.518596	-0.473063	 9.966733	-72.614270	-51.617550	-12.041010	-7.588076	 16.022730	-0.540169	 0.139211	 14.789960	-0.368235	 3.437935	 0.607736	-1.695756	 90.265480	-93.066450	 1.080604	-86.420510	-178.368400	-8.692203	 101.787600	-0.813313	 0.122417	-8.559153	-39.357870	-34.747460	 15.838960	-83.140600	-9.434373	-3.583389	 40.849120	-12.520090	-19.156310	-5.334739	-1.948183	 10.094020	 2.508705	-1.127049	-1.433636	 3.299604	-1.019639	-87.346690	-4.865701	-4.660096	 69.917770	-0.135490	 3.282892	 78.704320	 0.191854	 7.209945	-12.103030	 29.679870	 12.058670	 58.440610	-5.996308	 20.548530	 109.100700	-4.717182	 19.573550	-20.559680	 16.655150	 5.545219	 105.409400	-3.484388	 9.763325	 74.803320	-4.143083	 12.061210	 41.818600	-32.235890	-6.646968	 9.019488	-97.042060	 0.232785	-0.176204	 35.370370	-0.405495	 3.620178	 0.000000	 90.000000	 0.000000	 175.229800	 8.054074	 172.238600	-173.620800	-15.113250	-29.892260
-0.046062	-0.079219	-0.007676	-172.506900	 2.642001	-90.585460	-5.781547	-1.365645	-7.378290	-5.620624	-4.656674	-6.815800	 1.413520	-5.739459	 110.526900	-0.813313	 0.122417	-8.559153	-37.234300	-26.106210	 26.666940	-23.988800	 26.012120	 1.808613	-16.138780	 29.541840	-46.500720	-11.582920	-4.601621	 9.666660	 2.503291	-1.126934	 4.548135	 3.270450	-0.643668	-80.071260	 3.983712	 3.181655	 11.898630	-0.275389	 3.148105	 9.181604	 2.910762	 4.314498	-70.658780	 37.504810	 19.834530	 14.788110	-6.821038	 19.211720	 10.901230	-5.649051	 19.246500	-70.725520	 18.560580	 10.446810	 21.102190	-3.898340	 9.395206	 9.518596	-0.473063	 9.966733	-72.614270	-51.617550	-12.041010	-7.588076	 16.022730	-0.540169	 0.139211	 14.789960	-0.368235	 3.437935	 0.610207	-1.786185	 90.269030	-93.118900	 1.016407	-86.750640	-178.343700	-8.815732	 101.826200	-0.813313	 0.122417	-8.559153	-39.815120	-34.902840	 15.594600	-82.010030	-9.460907	-3.511966	 40.737280	-12.535630	-19.405520	-5.347212	-1.953530	 10.093540	 2.508705	-1.127050	-1.433581	 3.299604	-1.019634	-87.346590	-4.854877	-4.645924	 69.918460	-0.135490	 3.282891	 78.704110	 0.191866	 7.209944	-12.103210	 29.679870	 12.058690	 58.440530	-5.991453	 20.534990	 108.296800	-4.717182	 19.573550	-20.559820	 16.613270	 5.525819	 104.699900	-3.484388	 9.763325	 74.803090	-4.104167	 12.080220	 40.830950	-32.252010	-6.550781	 9.361612	-101.510700	 0.264122	-0.152955	 35.370370	-0.405495	 3.620178	 0.000000	 90.000000	 0.000000	 175.265300	 8.047074	 172.339800	-173.672400	-15.021410	-29.567620
-0.046180	-0.079288	-0.007362	-172.533300	 2.664372	-90.604300	-5.791593	-1.362315	-7.398877	-5.628191	-4.642848	-6.825040	 1.416469	-5.751289	 110.523500	-0.813313	 0.122417	-8.559153	-37.663440	-26.356150	 26.551520	-23.145940	 26.019180	 1.785779	-16.292670	 29.580250	-46.872410	-11.582920	-4.601621	 9.666660	 2.503291	-1.126934	 4.548135	 3.270450	-0.643668	-80.071260	 3.982246	 3.181014	 11.898710	-0.275389	 3.148105	 9.181604	 2.910711	 4.314709	-70.655730	 37.501950	 19.833480	 14.789090	-6.821038	 19.211720	 10.901230	-5.648970	 19.246490	-70.721560	 18.558690	 10.445840	 21.102560	-3.898340	 9.395206	 9.518596	-0.473063	 9.966733	-72.614270	-51.617550	-12.041010	-7.588076	 16.022730	-0.540169	 0.139211	 14.789960	-0.368235	 3.437935	 0.612478	-1.867673	 90.272380	-93.157560	 1.002476	-87.061830	-178.318500	-8.938565	 101.872000	-0.813313	 0.122417	-8.559153	-40.250200	-35.048470	 15.356090	-81.046840	-9.492838	-3.444058	 40.627790	-12.539320	-19.561690	-5.361321	-1.959483	 10.094460	 2.508703	-1.127050	-1.431604	 3.299602	-1.019551	-87.344990	-4.847016	-4.635631	 69.918920	-0.135489	 3.282891	 78.703900	 0.191876	 7.209942	-12.103360	 29.679880	 12.058710	 58.440410	-5.987213	 20.522590	 107.564000	-4.717185	 19.573550	-20.559960	 16.574870	 5.508587	 104.053100	-3.484389	 9.763324	 74.802890	-4.068400	 12.096990	 39.930500	-32.267240	-6.463204	 9.673393	-105.584000	 0.291029	-0.129691	 35.370370	-0.405495	 3.620178	 0.000000	 90.000000	 0.000000	 175.297000	 8.040364	 172.433700	-173.720100	-14.912000	-29.277600
-0.046302	-0.079382	-0.007018	-172.572400	 2.691234	-90.625620	-5.803074	-1.358239	-7.421556	-5.636624	-4.624442	-6.834218	 1.418729	-5.760612	 110.519000	-0.813313	 0.122417	-8.559153	-38.148490	-26.637140	 26.410820	-22.177600	 26.007940	 1.755140	-16.487360	 29.617350	-47.304470	-11.582920	-4.601621	 9.666660	 2.503291	-1.126934	 4.548135	 3.270450	-0.643668	-80.071260	 3.980897	 3.180425	 11.898790	-0.275389	 3.148105	 9.181604	 2.910662	 4.314907	-70.652850	 37.499270	 19.832500	 14.790010	-6.821038	 19.211720	 10.901230	-5.648893	 19.246480	-70.717830	 18.556870	 10.444910	 21.102910	-3.898340	 9.395206	 9.518596	-0.473063	 9.966733	-72.614270	-51.617550	-12.041010	-7.588076	 16.022730	-0.540169	 0.139211	 14.789960	-0.368235	 3.437935	 0.615070	-1.959592	 90.276330	-93.188860	 0.996160	-87.472990	-178.287000	-9.089340	 101.935500	-0.813313	 0.122417	-8.559153	-40.770720	-35.219830	 15.063460	-79.995380	-9.528821	-3.363426	 40.279490	-12.498740	-19.664440	-5.380376	-1.967438	 10.097000	 2.508699	-1.127049	-1.427306	 3.299600	-1.019372	-87.341540	-4.840451	-4.627027	 69.919270	-0.135490	 3.282890	 78.703710	 0.191888	 7.209937	-12.103530	 29.679900	 12.058740	 58.440320	-5.982546	 20.508290	 106.721900	-4.717187	 19.573540	-20.560110	 16.530510	 5.489315	 103.309900	-3.484389	 9.763320	 74.802650	-4.026967	 12.115580	 38.895560	-32.285320	-6.362681	 10.031610	-110.262400	 0.319805	-0.100699	 35.370370	-0.405495	 3.620178	 0.000000	 90.000000	 0.000000	 175.334200	 8.032488	 172.542600	-173.775500	-14.762490	-28.950370
-0.046405	-0.079479	-0.006734	-172.614300	 2.715514	-90.643300	-5.812255	-1.354599	-7.440137	-5.643103	-4.606735	-6.841089	 1.419879	-5.765611	 110.515000	-0.813313	 0.122417	-8.559153	-38.543810	-26.863350	 26.288260	-21.370450	 25.983710	 1.726524	-16.746900	 29.664310	-47.629210	-11.582920	-4.601621	 9.666660	 2.503291	-1.126934	 4.548135	 3.270450	-0.643668	-80.071260	 3.979990	 3.180029	 11.898840	-0.275389	 3.148105	 9.181604	 2.910630	 4.315040	-70.650950	 37.497500	 19.831850	 14.790610	-6.821038	 19.211720	 10.901230	-5.648842	 19.246480	-70.715350	 18.555610	 10.444260	 21.103160	-3.898340	 9.395206	 9.518596	-0.473063	 9.966733	-72.614270	-51.617550	-12.041010	-7.588076	 16.022730	-0.540169	 0.139211	 14.789960	-0.368235	 3.437935	 0.617299	-2.036154	 90.279830	-93.207420	 0.998059	-87.842710	-178.258300	-9.224287	 101.997400	-0.813313	 0.122417	-8.559153	-41.232040	-35.369170	 14.797810	-79.046590	-9.556843	-3.292691	 39.745560	-12.431980	-19.748710	-5.398788	-1.975071	 10.100280	 2.508695	-1.127049	-1.422079	 3.299597	-1.019155	-87.337350	-4.836967	-4.622458	 69.919400	-0.135490	 3.282889	 78.703520	 0.191897	 7.209935	-12.103660	 29.679900	 12.058770	 58.440230	-5.978737	 20.496020	 106.002600	-4.717189	 19.573540	-20.560240	 16.492410	 5.473306	 102.674800	-3.484390	 9.763316	 74.802470	-3.991302	 12.130880	 38.011400	-32.301250	-6.276912	 10.337510	-114.259500	 0.342448	-0.074137	 35.370370	-0.405495	 3.620178	 0.000000	 90.000000	 0.000000	 175.368200	 8.027877	 172.635800	-173.823000	-14.620240	-28.675190
-0.046510	-0.079587	-0.006456	-172.663700	 2.741524	-90.660700	-5.820408	-1.350802	-7.458198	-5.648606	-4.587110	-6.847352	 1.420506	-5.768628	 110.510700	-0.813313	 0.122417	-8.559153	-38.913550	-27.070840	 26.166800	-20.592460	 25.947240	 1.696656	-17.006060	 29.703850	-47.947900	-11.582920	-4.601621	 9.666660	 2.503291	-1.126934	 4.548135	 3.270450	-0.643668	-80.071260	 3.979296	 3.179726	 11.898890	-0.275389	 3.148105	 9.181604	 2.910605	 4.315138	-70.649480	 37.496170	 19.831370	 14.791070	-6.821038	 19.211720	 10.901230	-5.648806	 19.246480	-70.713500	 18.554630	 10.443760	 21.103350	-3.898340	 9.395206	 9.518596	-0.473063	 9.966733	-72.614270	-51.617550	-12.041010	-7.588076	 16.022730	-0.540169	 0.139211	 14.789960	-0.368235	 3.437935	 0.619535	-2.111214	 90.283480	-93.224890	 1.002381	-88.167770	-178.228100	-9.364527	 102.065600	-0.813313	 0.122417	-8.559153	-41.713260	-35.522370	 14.514570	-78.039860	-9.572646	-3.219711	 39.145170	-12.334550	-19.806370	-5.419059	-1.983437	 10.104520	 2.508689	-1.127049	-1.415506	 3.299593	-1.018882	-87.332080	-4.835479	-4.620497	 69.919380	-0.135490	 3.282889	 78.703350	 0.191907	 7.209934	-12.103810	 29.679910	 12.058790	 58.440140	-5.975054	 20.483570	 105.275400	-4.717189	 19.573540	-20.560370	 16.453730	 5.457552	 102.032900	-3.484391	 9.763316	 74.802280	-3.954997	 12.145800	 37.117320	-32.317790	-6.190336	 10.646640	-118.298700	 0.363395	-0.045758	 35.370370	-0.405495	 3.620178	 0.000000	 90.000000	 0.000000	 175.406100	 8.024651	 172.729500	-173.870700	-14.468330	-28.400350
-0.046640	-0.079723	-0.006147	-172.728200	 2.773834	-90.680210	-5.827696	-1.346336	-7.478305	-5.653066	-4.562426	-6.854055	 1.420792	-5.770436	 110.505700	-0.813313	 0.122417	-8.559153	-39.292240	-27.276880	 26.034230	-19.798080	 25.891600	 1.665382	-17.217590	 29.713900	-48.306820	-11.582920	-4.601621	 9.666660	 2.503291	-1.126934	 4.548135	 3.270450	-0.643668	-80.071260	 3.978815	 3.179515	 11.898910	-0.275389	 3.148105	 9.181604	 2.910588	 4.315212	-70.648440	 37.495170	 19.831010	 14.791410	-6.821038	 19.211720	 10.901230	-5.648777	 19.246480	-70.712170	 18.553830	 10.443350	 21.103510	-3.898340	 9.395206	 9.518596	-0.473063	 9.966733	-72.614270	-51.617550	-12.041010	-7.588076	 16.022730	-0.540169	 0.139211	 14.789960	-0.368235	 3.437935	 0.622119	-2.194619	 90.287800	-93.243480	 1.009925	-88.502010	-178.192000	-9.529348	 102.150100	-0.813313	 0.122417	-8.559153	-42.288810	-35.702150	 14.167850	-76.815290	-9.562162	-3.133569	 38.618450	-12.186320	-19.798450	-5.444296	-1.993813	 10.110440	 2.508681	-1.127049	-1.406480	 3.299588	-1.018509	-87.324880	-4.835475	-4.620478	 69.919240	-0.135490	 3.282888	 78.703110	 0.191918	 7.209927	-12.103970	 29.679910	 12.058810	 58.440030	-5.970996	 20.469080	 104.432300	-4.717193	 19.573540	-20.560520	 16.408660	 5.439845	 101.288700	-3.484392	 9.763315	 74.802040	-3.912612	 12.162400	 36.080720	-32.337590	-6.090080	 11.004910	-122.980400	 0.385090	-0.011112	 35.370370	-0.405495	 3.620178	 0.000000	 90.000000	 0.000000	 175.456100	 8.022017	 172.836400	-173.925000	-14.289090	-28.084850
-0.046765	-0.079847	-0.005898	-172.788200	 2.803409	-90.696280	-5.831477	-1.342491	-7.494730	-5.654763	-4.539891	-6.859522	 1.420868	-5.771324	 110.501500	-0.813313	 0.122417	-8.559153	-39.571780	-27.424290	 25.929460	-19.254990	 25.834700	 1.644997	-17.346270	 29.694610	-48.557770	-11.582920	-4.601621	 9.666660	 2.503291	-1.126934	 4.548135	 3.270450	-0.643668	-80.071260	 3.978642	 3.179440	 11.898920	-0.275389	 3.148105	 9.181604	 2.910580	 4.315239	-70.648020	 37.494830	 19.830880	 14.791520	-6.821038	 19.211720	 10.901230	-5.648767	 19.246470	-70.711690	 18.553420	 10.443140	 21.103590	-3.898340	 9.395206	 9.518596	-0.473063	 9.966733	-72.614270	-51.617550	-12.041010	-7.588076	 16.022730	-0.540169	 0.139211	 14.789960	-0.368235	 3.437935	 0.624323	-2.262030	 90.291610	-93.257780	 1.018241	-88.767430	-178.160900	-9.669437	 102.224800	-0.813313	 0.122417	-8.559153	-42.793080	-35.856590	 13.857120	-75.725720	-9.513422	-3.059208	 38.361020	-12.023390	-19.734100	-5.466896	-2.003078	 10.116190	 2.508673	-1.127048	-1.397809	 3.299583	-1.018150	-87.317960	-4.835485	-4.620476	 69.919110	-0.135490	 3.282888	 78.702940	 0.191927	 7.209924	-12.104110	 29.679940	 12.058840	 58.439940	-5.967721	 20.456700	 103.714300	-4.717194	 19.573530	-20.560650	 16.370090	 5.425196	 100.654900	-3.484392	 9.763311	 74.801850	-3.876275	 12.175940	 35.197810	-32.354920	-6.004819	 11.309950	-126.965900	 0.401289	 0.019696	 35.370370	-0.405495	 3.620178	 0.000000	 90.000000	 0.000000	 175.505500	 8.020058	 172.925300	-173.963800	-14.126070	-27.816440
-0.046899	-0.079967	-0.005665	-172.849000	 2.835553	-90.711830	-5.832418	-1.338727	-7.510415	-5.654083	-4.516413	-6.865002	 1.420982	-5.772333	 110.497500	-0.813313	 0.122417	-8.559153	-39.810350	-27.546840	 25.833630	-18.809780	 25.772470	 1.628560	-17.455560	 29.661850	-48.753130	-11.582920	-4.601621	 9.666660	 2.503291	-1.126934	 4.548135	 3.270450	-0.643668	-80.071260	 3.978699	 3.179465	 11.898920	-0.275389	 3.148105	 9.181604	 2.910581	 4.315235	-70.648090	 37.494900	 19.830910	 14.791500	-6.821038	 19.211720	 10.901230	-5.648771	 19.246480	-70.711780	 18.553270	 10.443060	 21.103610	-3.898340	 9.395206	 9.518596	-0.473063	 9.966733	-72.614270	-51.617550	-12.041010	-7.588076	 16.022730	-0.540169	 0.139211	 14.789960	-0.368235	 3.437935	 0.626478	-2.324981	 90.295430	-93.270480	 1.027901	-89.028560	-178.131700	-9.798213	 102.299600	-0.813313	 0.122417	-8.559153	-43.304320	-36.010200	 13.535520	-74.607060	-9.424001	-2.985014	 38.148770	-11.822210	-19.656060	-5.490003	-2.012532	 10.122430	 2.508665	-1.127048	-1.388497	 3.299578	-1.017766	-87.310550	-4.835486	-4.620466	 69.918990	-0.135490	 3.282887	 78.702770	 0.191938	 7.209922	-12.104260	 29.679940	 12.058860	 58.439850	-5.964638	 20.444400	 103.003400	-4.717196	 19.573530	-20.560800	 16.331750	 5.411127	 100.027100	-3.484393	 9.763310	 74.801650	-3.840080	 12.188810	 34.323350	-32.372540	-5.920522	 11.611840	-130.913100	 0.415182	 0.051237	 35.370370	-0.405495	 3.620178	 0.000000	 90.000000	 0.000000	 175.553600	 8.020177	 173.010800	-173.986900	-13.941340	-27.548130
-0.047031	-0.080016	-0.005382	-172.917900	 2.876682	-90.729930	-5.832133	-1.334177	-7.528104	-5.652131	-4.487354	-6.871793	 1.421438	-5.774712	 110.493100	-0.813313	 0.122417	-8.559153	-40.042950	-27.663650	 25.731660	-18.364700	 25.695330	 1.611023	-17.597260	 29.621720	-48.912490	-11.582920	-4.601621	 9.666660	 2.503291	-1.126934	 4.548135	 3.270450	-0.643668	-80.071260	 3.979008	 3.179600	 11.898900	-0.275389	 3.148105	 9.181604	 2.910593	 4.315191	-70.648740	 37.495510	 19.831130	 14.791300	-6.821038	 19.211720	 10.901230	-5.648789	 19.246480	-70.712660	 18.553400	 10.443130	 21.103580	-3.898340	 9.395206	 9.518596	-0.473063	 9.966733	-72.614270	-51.617550	-12.041010	-7.588076	 16.022730	-0.540169	 0.139211	 14.789960	-0.368235	 3.437935	 0.629017	-2.393380	 90.300040	-93.283420	 1.040777	-89.353930	-178.102300	-9.922721	 102.385900	-0.813313	 0.122417	-8.559153	-43.919070	-36.190940	 13.140140	-73.246890	-9.278780	-2.897430	 37.822410	-11.541820	-19.573630	-5.517629	-2.023814	 10.130230	 2.508654	-1.127048	-1.376902	 3.299571	-1.017286	-87.301280	-4.835478	-4.620439	 69.918850	-0.135490	 3.282887	 78.702550	 0.191950	 7.209918	-12.104440	 29.679950	 12.058880	 58.439750	-5.961226	 20.429900	 102.168100	-4.717198	 19.573530	-20.560930	 16.286510	 5.395140	 99.289670	-3.484394	 9.763309	 74.801430	-3.797298	 12.203250	 33.295820	-32.393800	-5.821613	 11.966490	-135.548700	 0.428674	 0.089399	 35.370370	-0.405495	 3.620178	 0.000000	 90.000000	 0.000000	 175.593100	 8.027185	 173.107800	-174.000500	-13.697400	-27.171770
-0.047095	-0.079907	-0.005107	-172.974700	 2.911058	-90.744870	-5.834760	-1.329987	-7.542442	-5.652802	-4.461535	-6.878106	 1.422305	-5.778521	 110.489800	-0.813313	 0.122417	-8.559153	-40.200200	-27.741670	 25.654790	-18.019770	 25.629830	 1.595008	-17.701930	 29.584770	-49.013240	-11.582920	-4.601621	 9.666660	 2.503291	-1.126934	 4.548135	 3.270450	-0.643668	-80.071260	 3.979509	 3.179818	 11.898870	-0.275389	 3.148105	 9.181604	 2.910608	 4.315123	-70.649710	 37.496440	 19.831470	 14.790970	-6.821038	 19.211720	 10.901230	-5.648818	 19.246480	-70.714000	 18.553760	 10.443310	 21.103520	-3.898340	 9.395206	 9.518596	-0.473063	 9.966733	-72.614270	-51.617550	-12.041010	-7.588076	 16.022730	-0.540169	 0.139211	 14.789960	-0.368235	 3.437935	 0.631126	-2.445884	 90.304040	-93.292920	 1.050673	-89.628090	-178.080600	-10.011280	 102.456000	-0.813313	 0.122417	-8.559153	-44.449430	-36.343360	 12.791440	-72.062970	-9.132947	-2.823258	 37.485210	-11.278320	-19.509930	-5.541034	-2.033360	 10.137100	 2.508645	-1.127048	-1.366738	 3.299564	-1.016866	-87.293180	-4.835462	-4.620402	 69.918720	-0.135490	 3.282886	 78.702380	 0.191958	 7.209915	-12.104570	 29.679970	 12.058920	 58.439650	-5.958521	 20.417610	 101.462200	-4.717200	 19.573530	-20.561060	 16.248110	 5.382077	 98.666400	-3.484392	 9.763308	 74.801220	-3.760938	 12.214860	 32.427360	-32.412220	-5.738145	 12.266100	-139.464700	 0.437638	 0.122401	 35.370370	-0.405495	 3.620178	 0.000000	 90.000000	 0.000000	 175.614700	 8.037871	 173.185900	-174.015000	-13.466990	-26.749490
-0.047133	-0.079774	-0.004835	-173.029600	 2.943509	-90.759020	-5.839790	-1.325619	-7.555946	-5.655511	-4.435277	-6.885015	 1.423786	-5.784616	 110.487000	-0.813313	 0.122417	-8.559153	-40.319940	-27.801620	 25.588160	-17.762670	 25.567080	 1.582237	-17.739800	 29.537210	-49.117350	-11.582920	-4.601621	 9.666660	 2.503291	-1.126934	 4.548135	 3.270450	-0.643668	-80.071260	 3.980184	 3.180114	 11.898840	-0.275389	 3.148105	 9.181604	 2.910631	 4.315029	-70.651080	 37.497730	 19.831940	 14.790530	-6.821038	 19.211720	 10.901230	-5.648851	 19.246480	-70.715850	 18.554320	 10.443600	 21.103400	-3.898340	 9.395206	 9.518596	-0.473063	 9.966733	-72.614270	-51.617550	-12.041010	-7.588076	 16.022730	-0.540169	 0.139211	 14.789960	-0.368235	 3.437935	 0.633163	-2.491965	 90.308010	-93.301500	 1.056026	-89.856190	-178.061200	-10.088720	 102.520700	-0.813313	 0.122417	-8.559153	-44.976550	-36.491640	 12.437850	-70.878580	-8.979733	-2.750790	 37.113750	-11.007200	-19.449500	-5.563629	-2.042567	 10.143910	 2.508636	-1.127047	-1.356667	 3.299558	-1.016450	-87.285160	-4.835438	-4.620360	 69.918600	-0.135490	 3.282885	 78.702200	 0.191967	 7.209912	-12.104700	 29.679970	 12.058920	 58.439570	-5.956034	 20.405570	 100.772200	-4.717203	 19.573530	-20.561180	 16.210430	 5.369707	 98.057010	-3.484394	 9.763307	 74.801060	-3.725217	 12.225690	 31.578230	-32.430650	-5.656655	 12.558930	-143.292800	 0.444207	 0.155177	 35.370370	-0.405495	 3.620178	 0.000000	 90.000000	 0.000000	 175.628300	 8.051563	 173.258100	-174.021400	-13.176160	-26.286650
-0.047154	-0.079671	-0.004539	-173.094700	 2.979124	-90.774540	-5.848732	-1.320099	-7.571222	-5.661289	-4.403295	-6.894446	 1.426600	-5.795816	 110.484500	-0.813313	 0.122417	-8.559153	-40.418960	-27.854090	 25.520710	-17.664980	 25.496390	 1.578834	-17.747140	 29.483310	-49.231480	-11.582920	-4.601621	 9.666660	 2.503291	-1.126934	 4.548135	 3.270450	-0.643668	-80.071260	 3.981206	 3.180560	 11.898770	-0.275389	 3.148105	 9.181604	 2.910668	 4.314884	-70.653180	 37.499740	 19.832670	 14.789850	-6.821038	 19.211720	 10.901230	-5.648911	 19.246480	-70.718660	 18.555240	 10.444070	 21.103230	-3.898340	 9.395206	 9.518596	-0.473063	 9.966733	-72.614270	-51.617550	-12.041010	-7.588076	 16.022730	-0.540169	 0.139211	 14.789960	-0.368235	 3.437935	 0.635553	-2.540519	 90.312800	-93.310750	 1.055703	-90.080920	-178.040000	-10.175740	 102.585500	-0.813313	 0.122417	-8.559153	-45.603570	-36.671180	 12.007560	-69.454740	-8.801015	-2.672470	 36.638950	-10.684280	-19.376940	-5.589430	-2.053071	 10.151900	 2.508625	-1.127047	-1.344908	 3.299551	-1.015964	-87.275790	-4.835410	-4.620306	 69.918460	-0.135491	 3.282885	 78.702000	 0.191977	 7.209908	-12.104850	 29.679970	 12.058940	 58.439480	-5.953299	 20.391350	 99.959690	-4.717203	 19.573530	-20.561330	 16.165900	 5.355650	 97.339600	-3.484395	 9.763304	 74.800830	-3.682958	 12.237780	 30.578540	-32.452880	-5.560890	 12.903500	-147.797100	 0.449113	 0.194201	 35.370370	-0.405495	 3.620178	 0.000000	 90.000000	 0.000000	 175.638300	 8.070479	 173.336500	-174.026000	-12.744550	-25.742100
-0.047145	-0.079539	-0.004297	-173.149800	 3.005618	-90.786150	-5.858480	-1.315232	-7.583399	-5.668058	-4.376067	-6.903569	 1.430037	-5.809250	 110.483100	-0.813313	 0.122417	-8.559153	-40.467610	-27.884900	 25.473920	-17.661190	 25.444420	 1.578208	-17.733170	 29.444840	-49.306190	-11.582920	-4.601621	 9.666660	 2.503291	-1.126934	 4.548135	 3.270450	-0.643668	-80.071260	 3.982266	 3.181023	 11.898710	-0.275389	 3.148105	 9.181604	 2.910705	 4.314736	-70.655340	 37.501760	 19.833410	 14.789160	-6.821038	 19.211720	 10.901230	-5.648969	 19.246490	-70.721510	 18.556200	 10.444560	 21.103040	-3.898340	 9.395206	 9.518596	-0.473063	 9.966733	-72.614270	-51.617550	-12.041010	-7.588076	 16.022730	-0.540169	 0.139211	 14.789960	-0.368235	 3.437935	 0.637519	-2.577932	 90.316830	-93.317790	 1.049015	-90.237340	-178.022900	-10.250660	 102.624800	-0.813313	 0.122417	-8.559153	-46.123850	-36.830900	 11.641710	-68.254420	-8.668264	-2.620697	 36.227540	-10.425080	-19.313130	-5.609789	-2.061352	 10.158350	 2.508617	-1.127047	-1.335435	 3.299546	-1.015573	-87.268240	-4.835367	-4.620240	 69.918350	-0.135491	 3.282885	 78.701840	 0.191988	 7.209905	-12.105010	 29.680000	 12.058970	 58.439390	-5.951197	 20.379550	 99.286710	-4.717206	 19.573520	-20.561440	 16.128890	 5.344431	 96.745250	-3.484394	 9.763301	 74.800640	-3.647780	 12.247240	 29.750080	-32.471740	-5.481667	 13.188890	-151.528500	 0.450841	 0.226741	 35.370370	-0.405495	 3.620178	 0.000000	 90.000000	 0.000000	 175.644700	 8.087411	 173.395100	-174.020700	-12.312200	-25.263550
-0.047133	-0.079317	-0.004001	-173.209300	 3.034217	-90.798730	-5.872202	-1.309308	-7.596965	-5.678098	-4.344003	-6.915953	 1.435514	-5.830445	 110.482500	-0.813313	 0.122417	-8.559153	-40.487280	-27.904260	 25.430070	-17.706560	 25.398640	 1.577697	-17.664700	 29.403450	-49.383430	-11.582920	-4.601621	 9.666660	 2.503291	-1.126934	 4.548135	 3.270450	-0.643668	-80.071260	 3.983674	 3.181639	 11.898630	-0.275389	 3.148105	 9.181604	 2.910753	 4.314535	-70.658260	 37.504510	 19.834420	 14.788220	-6.821038	 19.211720	 10.901230	-5.649047	 19.246500	-70.725380	 18.557530	 10.445250	 21.102790	-3.898340	 9.395206	 9.518596	-0.473063	 9.966733	-72.614270	-51.617550	-12.041010	-7.588076	 16.022730	-0.540169	 0.139211	 14.789960	-0.368235	 3.437935	 0.639765	-2.617406	 90.321590	-93.325300	 1.032882	-90.391790	-178.006800	-10.322690	 102.657600	-0.813313	 0.122417	-8.559153	-46.726150	-37.023400	 11.208060	-66.853720	-8.600936	-2.571186	 35.752530	-10.194090	-19.198930	-5.631714	-2.070266	 10.165440	 2.508608	-1.127046	-1.325070	 3.299539	-1.015146	-87.259990	-4.835321	-4.620164	 69.918210	-0.135491	 3.282884	 78.701630	 0.191997	 7.209901	-12.105140	 29.680000	 12.058990	 58.439310	-5.948957	 20.365900	 98.509870	-4.717208	 19.573520	-20.561590	 16.086020	 5.331954	 96.059080	-3.484394	 9.763301	 74.800420	-3.607007	 12.257550	 28.793870	-32.493970	-5.390377	 13.518160	-155.834100	 0.450196	 0.264333	 35.370370	-0.405495	 3.620178	 0.000000	 90.000000	 0.000000	 175.649400	 8.108655	 173.445800	-173.975700	-11.690460	-24.581670
-0.047108	-0.079109	-0.003732	-173.251700	 3.062013	-90.810170	-5.886559	-1.303764	-7.608661	-5.688973	-4.314939	-6.928965	 1.441790	-5.854560	 110.482900	-0.813313	 0.122417	-8.559153	-40.473190	-27.902380	 25.399780	-17.851730	 25.374580	 1.583483	-17.565850	 29.372370	-49.440220	-11.582920	-4.601621	 9.666660	 2.503291	-1.126934	 4.548135	 3.270450	-0.643668	-80.071260	 3.985138	 3.182278	 11.898540	-0.275389	 3.148105	 9.181604	 2.910804	 4.314330	-70.661230	 37.507320	 19.835450	 14.787250	-6.821038	 19.211720	 10.901230	-5.649126	 19.246500	-70.729320	 18.558920	 10.445960	 21.102520	-3.898340	 9.395206	 9.518596	-0.473063	 9.966733	-72.614270	-51.617550	-12.041010	-7.588076	 16.022730	-0.540169	 0.139211	 14.789960	-0.368235	 3.437935	 0.641756	-2.648636	 90.325950	-93.331590	 1.006434	-90.512870	-178.000100	-10.349510	 102.678400	-0.813313	 0.122417	-8.559153	-47.272980	-37.194850	 10.791130	-65.595830	-8.660679	-2.532146	 35.348840	-10.063080	-18.955510	-5.649447	-2.077473	 10.171230	 2.508600	-1.127046	-1.316563	 3.299534	-1.014794	-87.253200	-4.835266	-4.620080	 69.918100	-0.135491	 3.282883	 78.701450	 0.192005	 7.209900	-12.105250	 29.680010	 12.059010	 58.439220	-5.947125	 20.353690	 97.816410	-4.717210	 19.573520	-20.561690	 16.047620	 5.321248	 95.446570	-3.484396	 9.763300	 74.800240	-3.570455	 12.266190	 27.940020	-32.514250	-5.308990	 13.812060	-159.676600	 0.447242	 0.297757	 35.370370	-0.405495	 3.620178	 0.000000	 90.000000	 0.000000	 175.646900	 8.130548	 173.465100	-173.876900	-10.924140	-23.899920
-0.047097	-0.079133	-0.003546	-173.286300	 3.092500	-90.821560	-5.902288	-1.298156	-7.619712	-5.701185	-4.286453	-6.943716	 1.448876	-5.881657	 110.484200	-0.813313	 0.122417	-8.559153	-40.432800	-27.884580	 25.377900	-18.075930	 25.364810	 1.593820	-17.444540	 29.348260	-49.481440	-11.582920	-4.601621	 9.666660	 2.503291	-1.126934	 4.548135	 3.270450	-0.643668	-80.071260	 3.986700	 3.182961	 11.898450	-0.275389	 3.148105	 9.181604	 2.910859	 4.314106	-70.664490	 37.510360	 19.836560	 14.786220	-6.821038	 19.211720	 10.901230	-5.649215	 19.246510	-70.733630	 18.560440	 10.446740	 21.102220	-3.898340	 9.395206	 9.518596	-0.473063	 9.966733	-72.614270	-51.617550	-12.041010	-7.588076	 16.022730	-0.540169	 0.139211	 14.789960	-0.368235	 3.437935	 0.643666	-2.674846	 90.330250	-93.337590	 0.965508	-90.619900	-177.997700	-10.355500	 102.695200	-0.813313	 0.122417	-8.559153	-47.822130	-37.352500	 10.334830	-64.363950	-8.759651	-2.496228	 34.985380	-9.923299	-18.529160	-5.664671	-2.083656	 10.176290	 2.508594	-1.127046	-1.309191	 3.299528	-1.014490	-87.247340	-4.835212	-4.619997	 69.917980	-0.135491	 3.282883	 78.701290	 0.192015	 7.209898	-12.105410	 29.680020	 12.059030	 58.439130	-5.945492	 20.341780	 97.141640	-4.717210	 19.573520	-20.561830	 16.010150	 5.311229	 94.850620	-3.484396	 9.763297	 74.800060	-3.534770	 12.274090	 27.109290	-32.534390	-5.229960	 14.097860	-163.414100	 0.442229	 0.330007	 35.370370	-0.405495	 3.620178	 0.000000	 90.000000	 0.000000	 175.639500	 8.153730	 173.465000	-173.805500	-10.346690	-23.517340
-0.047185	-0.079347	-0.003400	-173.321300	 3.129421	-90.834680	-5.922116	-1.291538	-7.631872	-5.716960	-4.254039	-6.963283	 1.458011	-5.916420	 110.487100	-0.813313	 0.122417	-8.559153	-40.357550	-27.847230	 25.361530	-18.412360	 25.367870	 1.609755	-17.288020	 29.329400	-49.507730	-11.582920	-4.601621	 9.666660	 2.503291	-1.126934	 4.548135	 3.270450	-0.643668	-80.071260	 3.988685	 3.183828	 11.898330	-0.275389	 3.148105	 9.181604	 2.910928	 4.313825	-70.668560	 37.514210	 19.837960	 14.784900	-6.821038	 19.211720	 10.901230	-5.649323	 19.246520	-70.739010	 18.562340	 10.447710	 21.101850	-3.898340	 9.395206	 9.518596	-0.473063	 9.966733	-72.614270	-51.617550	-12.041010	-7.588076	 16.022730	-0.540169	 0.139211	 14.789960	-0.368235	 3.437935	 0.645806	-2.698889	 90.335230	-93.344250	 0.902720	-90.728300	-177.995900	-10.356450	 102.715700	-0.813313	 0.122417	-8.559153	-48.463540	-37.516490	 9.764090	-62.954730	-8.833651	-2.454955	 34.530480	-9.691364	-17.921900	-5.679025	-2.089484	 10.181120	 2.508587	-1.127046	-1.302126	 3.299524	-1.014199	-87.241710	-4.835140	-4.619887	 69.917850	-0.135491	 3.282882	 78.701100	 0.192025	 7.209893	-12.105560	 29.680020	 12.059050	 58.439050	-5.943820	 20.328250	 96.375660	-4.717212	 19.573520	-20.561960	 15.967490	 5.300316	 94.174040	-3.484397	 9.763295	 74.799860	-3.494121	 12.282440	 26.166190	-32.557690	-5.140366	 14.422250	-167.654800	 0.434006	 0.366113	 35.370370	-0.405495	 3.620178	 0.000000	 90.000000	 0.000000	 175.626600	 8.181313	 173.448200	-173.728000	-10.006030	-23.297320
-0.047201	-0.079654	-0.003299	-173.351300	 3.161663	-90.845980	-5.940748	-1.285635	-7.642073	-5.732114	-4.226202	-6.982924	 1.466760	-5.949581	 110.490700	-0.813313	 0.122417	-8.559153	-40.269660	-27.802000	 25.354230	-18.757520	 25.380850	 1.625807	-17.146680	 29.321300	-49.509650	-11.582920	-4.601621	 9.666660	 2.503291	-1.126934	 4.548135	 3.270450	-0.643668	-80.071260	 3.990555	 3.184645	 11.898220	-0.275389	 3.148105	 9.181604	 2.910993	 4.313561	-70.672400	 37.517830	 19.839280	 14.783660	-6.821038	 19.211720	 10.901230	-5.649430	 19.246520	-70.744080	 18.564160	 10.448640	 21.101500	-3.898340	 9.395206	 9.518596	-0.473063	 9.966733	-72.614270	-51.617550	-12.041010	-7.588076	 16.022730	-0.540169	 0.139211	 14.789960	-0.368235	 3.437935	 0.647619	-2.714147	 90.339580	-93.349910	 0.836339	-90.811900	-177.991900	-10.368330	 102.739100	-0.813313	 0.122417	-8.559153	-49.010780	-37.632350	 9.241151	-61.726910	-8.758935	-2.416699	 34.102850	-9.355803	-17.387050	-5.688529	-2.093343	 10.184350	 2.508583	-1.127046	-1.297432	 3.299521	-1.014004	-87.237960	-4.835066	-4.619778	 69.917730	-0.135491	 3.282881	 78.700940	 0.192033	 7.209892	-12.105670	 29.680040	 12.059080	 58.438960	-5.942534	 20.316560	 95.715040	-4.717214	 19.573510	-20.562070	 15.930590	 5.291316	 93.590350	-3.484397	 9.763294	 74.799680	-3.458939	 12.289110	 25.352440	-32.578200	-5.063229	 14.701910	-171.312000	 0.424785	 0.396691	 35.370370	-0.405495	 3.620178	 0.000000	 90.000000	 0.000000	 175.612900	 8.205305	 173.424500	-173.733900	-9.842269	-23.268660
-0.047232	-0.079955	-0.003183	-173.375800	 3.195802	-90.857840	-5.960536	-1.279588	-7.652004	-5.748530	-4.198769	-7.005302	 1.476208	-5.985244	 110.495500	-0.813313	 0.122417	-8.559153	-40.163290	-27.746670	 25.352680	-19.136870	 25.401480	 1.642757	-17.009820	 29.321780	-49.489350	-11.582920	-4.601621	 9.666660	 2.503291	-1.126934	 4.548135	 3.270450	-0.643668	-80.071260	 3.992540	 3.185512	 11.898110	-0.275389	 3.148105	 9.181604	 2.911062	 4.313278	-70.676490	 37.521690	 19.840700	 14.782350	-6.821038	 19.211720	 10.901230	-5.649540	 19.246530	-70.749500	 18.566080	 10.449630	 21.101130	-3.898340	 9.395206	 9.518596	-0.473063	 9.966733	-72.614270	-51.617550	-12.041010	-7.588076	 16.022730	-0.540169	 0.139211	 14.789960	-0.368235	 3.437935	 0.649583	-2.723637	 90.343990	-93.355450	 0.760790	-90.887110	-177.988700	-10.372170	 102.771000	-0.813313	 0.122417	-8.559153	-49.521290	-37.708910	 8.710205	-60.498950	-8.555369	-2.373316	 33.620610	-8.906083	-16.880940	-5.694887	-2.095922	 10.186510	 2.508580	-1.127045	-1.294268	 3.299519	-1.013874	-87.235450	-4.834986	-4.619663	 69.917640	-0.135491	 3.282881	 78.700780	 0.192043	 7.209888	-12.105820	 29.680050	 12.059100	 58.438890	-5.941400	 20.304920	 95.058160	-4.717216	 19.573510	-20.562190	 15.893810	 5.282736	 93.010120	-3.484394	 9.763292	 74.799470	-3.423871	 12.295270	 24.543470	-32.598980	-4.986670	 14.979860	-174.947100	 0.413715	 0.426439	 35.370370	-0.405495	 3.620178	 0.000000	 90.000000	 0.000000	 175.598100	 8.228572	 173.397600	-173.742700	-9.733662	-23.222190
-0.047280	-0.080346	-0.003036	-173.387600	 3.241369	-90.872800	-5.984890	-1.272401	-7.663298	-5.769127	-4.167508	-7.035199	 1.488018	-6.029614	 110.502700	-0.813313	 0.122417	-8.559153	-40.024630	-27.675990	 25.355470	-19.603040	 25.432820	 1.662068	-16.867970	 29.334200	-49.433940	-11.582920	-4.601621	 9.666660	 2.503291	-1.126934	 4.548135	 3.270450	-0.643668	-80.071260	 3.995007	 3.186590	 11.897960	-0.275389	 3.148105	 9.181604	 2.911150	 4.312925	-70.681620	 37.526510	 19.842450	 14.780690	-6.821038	 19.211720	 10.901230	-5.649676	 19.246540	-70.756230	 18.568460	 10.450850	 21.100670	-3.898340	 9.395206	 9.518596	-0.473063	 9.966733	-72.614270	-51.617550	-12.041010	-7.588076	 16.022730	-0.540169	 0.139211	 14.789960	-0.368235	 3.437935	 0.652391	-2.727867	 90.349160	-93.361700	 0.663420	-90.966040	-177.993800	-10.330460	 102.807200	-0.813313	 0.122417	-8.559153	-50.071300	-37.758340	 8.089391	-59.080670	-8.322932	-2.318328	 32.782030	-8.379292	-16.306540	-5.697901	-2.097144	 10.187560	 2.508579	-1.127046	-1.292748	 3.299518	-1.013811	-87.234250	-4.834894	-4.619528	 69.917520	-0.135492	 3.282881	 78.700580	 0.192052	 7.209886	-12.105960	 29.680060	 12.059120	 58.438810	-5.940256	 20.291410	 94.296360	-4.717218	 19.573520	-20.562340	 15.851040	 5.273244	 92.336960	-3.484398	 9.763292	 74.799290	-3.383083	 12.301800	 23.605000	-32.623520	-4.898020	 15.302150	-179.160700	 0.398534	 0.459958	 35.370370	-0.405495	 3.620178	 0.000000	 90.000000	 0.000000	 175.580800	 8.253622	 173.368500	-173.762100	-9.677095	-23.189030
-0.047349	-0.080700	-0.002909	-173.388900	 3.282641	-90.885110	-6.006508	-1.266176	-7.672686	-5.787817	-4.141695	-7.064166	 1.498665	-6.069427	 110.510300	-0.813313	 0.122417	-8.559153	-39.903600	-27.617670	 25.358850	-20.084700	 25.462300	 1.682957	-16.728110	 29.343450	-49.377700	-11.582920	-4.601621	 9.666660	 2.503291	-1.126934	 4.548135	 3.270450	-0.643668	-80.071260	 3.997225	 3.187560	 11.897830	-0.275389	 3.148105	 9.181604	 2.911227	 4.312608	-70.686230	 37.530840	 19.844030	 14.779210	-6.821038	 19.211720	 10.901230	-5.649801	 19.246550	-70.762310	 18.570610	 10.451950	 21.100250	-3.898340	 9.395206	 9.518596	-0.473063	 9.966733	-72.614270	-51.617550	-12.041010	-7.588076	 16.022730	-0.540169	 0.139211	 14.789960	-0.368235	 3.437935	 0.655269	-2.727264	 90.353610	-93.366900	 0.574765	-91.027240	-178.002800	-10.278270	 102.819400	-0.813313	 0.122417	-8.559153	-50.499260	-37.781930	 7.568644	-57.897160	-8.264480	-2.275511	 32.072190	-8.058693	-15.761390	-6.099152	-2.047286	 13.981650	 2.504119	-1.127102	 3.676660	 3.289343	-0.810586	-83.308250	-4.834795	-4.619388	 69.917410	-0.135492	 3.282881	 78.700420	 0.192061	 7.209882	-12.106090	 29.680070	 12.059140	 58.438720	-5.939444	 20.279980	 93.652000	-4.717220	 19.573510	-20.562440	 15.814780	 5.265594	 91.767670	-3.484396	 9.763288	 74.799100	-3.348494	 12.306820	 22.811060	-32.644640	-4.823184	 15.574600	 177.276000	 0.383818	 0.487375	 35.370370	-0.405495	 3.620178	 0.000000	 90.000000	 0.000000	 175.576000	 8.269955	 173.351200	-173.782900	-9.674623	-23.177750
-0.047457	-0.081054	-0.002791	-173.380500	 3.326124	-90.897200	-6.028588	-1.259913	-7.681835	-5.807262	-4.117033	-7.096321	 1.509683	-6.110436	 110.519200	-0.813313	 0.122417	-8.559153	-39.781030	-27.561600	 25.363430	-20.715350	 25.490600	 1.713072	-16.530230	 29.338050	-49.335070	-11.582920	-4.601621	 9.666660	 2.503291	-1.126934	 4.548135	 3.270450	-0.643668	-80.071260	 3.999539	 3.188570	 11.897690	-0.275389	 3.148105	 9.181604	 2.911308	 4.312277	-70.691010	 37.535340	 19.845680	 14.777670	-6.821038	 19.211720	 10.901230	-5.649928	 19.246560	-70.768630	 18.572820	 10.453090	 21.099820	-3.898340	 9.395206	 9.518596	-0.473063	 9.966733	-72.614270	-51.617550	-12.041010	-7.588076	 16.022730	-0.540169	 0.139211	 14.789960	-0.368235	 3.437935	 0.658528	-2.723321	 90.358070	-93.371870	 0.483596	-91.083830	-178.016500	-10.207110	 102.816700	-0.813313	 0.122417	-8.559153	-50.889740	-37.793350	 7.065092	-56.853640	-8.318079	-2.239384	 31.614690	-7.869187	-15.182780	-7.269913	-2.145568	 23.187270	 2.493311	-1.128877	 15.901170	 3.206195	-0.320505	-73.708360	-4.834709	-4.619264	 69.917330	-0.135492	 3.282880	 78.700270	 0.192069	 7.209878	-12.106220	 29.680070	 12.059160	 58.438640	-5.938775	 20.268700	 93.017050	-4.717221	 19.573510	-20.562560	 15.778990	 5.258425	 91.206790	-3.484399	 9.763287	 74.798960	-3.314356	 12.311300	 22.028960	-32.665790	-4.749565	 15.842980	 173.766600	 0.367685	 0.513428	 35.370370	-0.405495	 3.620178	 0.000000	 90.000000	 0.000000	 175.589400	 8.278436	 173.345600	-173.802800	-9.696674	-23.179410
-0.047612	-0.081445	-0.002677	-173.362000	 3.378835	-90.911030	-6.055212	-1.252494	-7.692461	-5.831224	-4.089328	-7.138986	 1.523163	-6.160337	 110.531700	-0.813313	 0.122417	-8.559153	-39.633040	-27.497500	 25.370890	-21.566480	 25.521260	 1.753741	-16.268680	 29.323650	-49.281430	-11.582920	-4.601621	 9.666660	 2.503291	-1.126934	 4.548135	 3.270450	-0.643668	-80.071260	 4.002391	 3.189817	 11.897530	-0.275389	 3.148105	 9.181604	 2.911408	 4.311871	-70.696910	 37.540880	 19.847700	 14.775780	-6.821038	 19.211720	 10.901230	-5.650087	 19.246570	-70.776390	 18.575530	 10.454480	 21.099300	-3.898340	 9.395206	 9.518596	-0.473063	 9.966733	-72.614270	-51.617550	-12.041010	-7.588076	 16.022730	-0.540169	 0.139211	 14.789960	-0.368235	 3.437935	 0.662901	-2.714949	 90.363380	-93.377590	 0.373749	-91.136600	-178.035100	-10.116500	 102.799200	-0.813313	 0.122417	-8.559153	-51.311050	-37.797600	 6.494645	-55.948490	-8.414367	-2.210360	 31.317570	-7.733878	-14.572000	-9.523987	-2.971103	 39.887930	 2.475456	-1.137831	 38.294980	 2.850233	 0.510646	-56.196760	-4.834594	-4.619099	 69.917200	-0.135492	 3.282880	 78.700090	 0.192078	 7.209877	-12.106340	 29.680080	 12.059180	 58.438550	-5.938159	 20.255490	 92.273970	-4.717225	 19.573510	-20.562670	 15.736990	 5.250475	 90.550100	-3.484401	 9.763286	 74.798760	-3.274310	 12.315960	 21.113260	-32.691010	-4.663550	 16.157020	 169.660300	 0.346817	 0.542592	 35.370370	-0.405495	 3.620178	 0.000000	 90.000000	 0.000000	 175.620000	 8.280239	 173.362900	-173.819500	-9.731963	-23.194550
-0.047759	-0.081753	-0.002594	-173.341900	 3.424198	-90.922520	-6.078681	-1.246003	-7.701585	-5.852851	-4.066688	-7.180544	 1.535220	-6.204692	 110.544300	-0.813313	 0.122417	-8.559153	-39.501270	-27.443400	 25.379670	-22.319980	 25.544320	 1.787612	-16.059980	 29.313850	-49.213460	-11.582920	-4.601621	 9.666660	 2.503291	-1.126934	 4.548135	 3.270450	-0.643668	-80.071260	 4.004975	 3.190946	 11.897370	-0.275389	 3.148105	 9.181604	 2.911499	 4.311503	-70.702260	 37.545880	 19.849530	 14.774070	-6.821038	 19.211720	 10.901230	-5.650227	 19.246590	-70.783420	 18.577950	 10.455720	 21.098830	-3.898340	 9.395206	 9.518596	-0.473063	 9.966733	-72.614270	-51.617550	-12.041010	-7.588076	 16.022730	-0.540169	 0.139211	 14.789960	-0.368235	 3.437935	 0.667127	-2.704930	 90.368050	-93.382420	 0.277650	-91.157710	-178.049800	-10.048340	 102.775300	-0.813313	 0.122417	-8.559153	-51.646520	-37.798510	 6.025609	-55.338140	-8.443978	-2.195452	 31.066160	-7.610076	-14.182020	-10.324040	-3.480643	 45.649410	 2.470214	-1.142509	 46.128230	 2.669279	 0.769187	-50.104110	-4.834476	-4.618932	 69.917100	-0.135492	 3.282879	 78.699910	 0.192087	 7.209876	-12.106480	 29.680090	 12.059200	 58.438470	-5.937780	 20.244090	 91.633250	-4.717225	 19.573510	-20.562780	 15.700720	 5.244009	 89.983940	-3.484400	 9.763285	 74.798580	-3.239729	 12.319490	 20.323810	-32.713100	-4.589559	 16.427570	 166.121900	 0.327206	 0.566470	 35.370370	-0.405495	 3.620178	 0.000000	 90.000000	 0.000000	 175.652500	 8.276235	 173.399400	-173.822600	-9.751036	-23.216380
-0.047895	-0.082029	-0.002514	-173.313000	 3.467087	-90.933590	-6.101113	-1.239807	-7.710226	-5.874000	-4.046506	-7.224206	 1.546920	-6.247480	 110.558000	-0.813313	 0.122417	-8.559153	-39.373040	-27.393140	 25.390370	-22.979630	 25.562250	 1.813631	-15.914810	 29.315240	-49.114300	-11.582920	-4.601621	 9.666660	 2.503291	-1.126934	 4.548135	 3.270450	-0.643668	-80.071260	 4.007500	 3.192050	 11.897230	-0.275389	 3.148105	 9.181604	 2.911586	 4.311143	-70.707480	 37.550810	 19.851320	 14.772380	-6.821038	 19.211720	 10.901230	-5.650368	 19.246600	-70.790280	 18.580310	 10.456930	 21.098380	-3.898340	 9.395206	 9.518596	-0.473063	 9.966733	-72.614270	-51.617550	-12.041010	-7.588076	 16.022730	-0.540169	 0.139211	 14.789960	-0.368235	 3.437935	 0.671550	-2.693464	 90.372530	-93.386860	 0.187720	-91.160280	-178.063200	-9.988422	 102.747800	-0.813313	 0.122417	-8.559153	-51.916940	-37.789770	 5.617611	-54.811820	-8.374140	-2.188142	 30.901010	-7.426013	-13.903140	-10.520460	-3.631811	 46.677340	 2.469308	-1.143460	 47.590270	 2.633156	 0.814447	-48.986520	-4.834376	-4.618792	 69.917000	-0.135492	 3.282879	 78.699780	 0.192094	 7.209873	-12.106580	 29.680100	 12.059220	 58.438400	-5.937540	 20.233320	 91.027950	-4.717226	 19.573500	-20.562900	 15.666390	 5.238229	 89.448950	-3.484401	 9.763283	 74.798420	-3.207008	 12.322390	 19.577800	-32.734280	-4.519758	 16.683140	 162.779900	 0.307359	 0.587871	 35.370370	-0.405495	 3.620178	 0.000000	 90.000000	 0.000000	 175.683600	 8.269176	 173.444600	-173.816100	-9.757144	-23.242810
-0.048031	-0.082352	-0.002404	-173.249900	 3.520259	-90.948610	-6.127859	-1.232430	-7.720540	-5.899922	-4.024429	-7.282029	 1.561099	-6.298967	 110.576400	-0.813313	 0.122417	-8.559153	-39.215950	-27.334420	 25.406660	-23.666660	 25.576460	 1.835115	-15.815680	 29.329730	-48.950950	-11.582920	-4.601621	 9.666660	 2.503291	-1.126934	 4.548135	 3.270450	-0.643668	-80.071260	 4.010584	 3.193397	 11.897040	-0.275389	 3.148105	 9.181604	 2.911695	 4.310701	-70.713900	 37.556860	 19.853530	 14.770310	-6.821038	 19.211720	 10.901230	-5.650544	 19.246610	-70.798720	 18.583180	 10.458400	 21.097820	-3.898340	 9.395206	 9.518596	-0.473063	 9.966733	-72.614270	-51.617550	-12.041010	-7.588076	 16.022730	-0.540169	 0.139211	 14.789960	-0.368235	 3.437935	 0.677313	-2.677881	 90.377910	-93.391880	 0.084815	-91.146410	-178.083800	-9.894015	 102.711700	-0.813313	 0.122417	-8.559153	-52.134340	-37.749420	 5.199358	-54.298180	-8.188694	-2.188765	 30.770780	-7.139454	-13.669410	-10.783470	-3.838459	 48.415870	 2.467871	-1.145075	 49.999600	 2.571059	 0.888230	-47.125200	-4.834240	-4.618602	 69.916890	-0.135492	 3.282878	 78.699590	 0.192103	 7.209870	-12.106710	 29.680100	 12.059230	 58.438310	-5.937419	 20.220550	 90.310300	-4.717228	 19.573500	-20.563020	 15.625610	 5.231767	 88.814700	-3.484401	 9.763283	 74.798230	-3.168164	 12.325290	 18.693250	-32.759770	-4.437159	 16.986030	 158.819500	 0.282274	 0.611678	 35.370370	-0.405495	 3.620178	 0.000000	 90.000000	 0.000000	 175.714100	 8.258597	 173.501700	-173.804600	-9.772478	-23.280810
-0.048111	-0.082628	-0.002312	-173.175800	 3.566988	-90.963390	-6.150479	-1.226158	-7.729379	-5.922091	-4.007821	-7.330684	 1.573227	-6.342904	 110.592400	-0.813313	 0.122417	-8.559153	-39.078170	-27.285210	 25.424070	-24.223770	 25.578980	 1.849416	-15.776290	 29.345620	-48.783250	-11.582920	-4.601621	 9.666660	 2.503291	-1.126934	 4.548135	 3.270450	-0.643668	-80.071260	 4.013303	 3.194585	 11.896880	-0.275389	 3.148105	 9.181604	 2.911790	 4.310312	-70.719540	 37.562160	 19.855470	 14.768490	-6.821038	 19.211720	 10.901230	-5.650695	 19.246620	-70.806140	 18.585650	 10.459670	 21.097350	-3.898340	 9.395206	 9.518596	-0.473063	 9.966733	-72.614270	-51.617550	-12.041010	-7.588076	 16.022730	-0.540169	 0.139211	 14.789960	-0.368235	 3.437935	 0.682623	-2.663417	 90.382550	-93.395870	 0.003218	-91.124680	-178.104100	-9.798265	 102.681500	-0.813313	 0.122417	-8.559153	-52.247150	-37.694880	 4.888171	-54.076020	-7.965765	-2.200194	 30.692180	-6.860308	-13.536130	-10.883320	-3.920371	 49.085040	 2.467338	-1.145710	 50.923240	 2.546600	 0.916000	-46.410980	-4.834118	-4.618429	 69.916780	-0.135492	 3.282877	 78.699430	 0.192112	 7.209866	-12.106840	 29.680110	 12.059250	 58.438240	-5.937448	 20.209720	 89.701890	-4.717228	 19.573500	-20.563130	 15.590990	 5.226659	 88.277010	-3.484402	 9.763281	 74.798070	-3.135197	 12.327280	 17.943270	-32.781730	-4.367280	 17.242690	 155.463500	 0.259773	 0.630458	 35.370370	-0.405495	 3.620178	 0.000000	 90.000000	 0.000000	 175.728800	 8.246484	 173.544100	-173.792200	-9.791962	-23.316970
-0.048142	-0.082913	-0.002217	-173.083800	 3.614256	-90.979100	-6.172655	-1.219935	-7.738288	-5.944265	-3.999994	-7.370122	 1.585179	-6.386506	 110.606100	-0.813313	 0.122417	-8.559153	-38.937240	-27.236750	 25.445070	-24.755740	 25.570380	 1.860283	-15.760840	 29.357630	-48.599920	-11.582920	-4.601621	 9.666660	 2.503291	-1.126934	 4.548135	 3.270450	-0.643668	-80.071260	 4.016078	 3.195798	 11.896720	-0.275389	 3.148105	 9.181604	 2.911887	 4.309916	-70.725290	 37.567570	 19.857440	 14.766640	-6.821038	 19.211720	 10.901230	-5.650846	 19.246640	-70.813710	 18.588140	 10.460940	 21.096860	-3.898340	 9.395206	 9.518596	-0.473063	 9.966733	-72.614270	-51.617550	-12.041010	-7.588076	 16.022730	-0.540169	 0.139211	 14.789960	-0.368235	 3.437935	 0.688300	-2.648407	 90.387220	-93.399310	-0.064496	-91.098020	-178.125700	-9.693481	 102.655200	-0.813313	 0.122417	-8.559153	-52.309140	-37.628230	 4.610828	-53.928370	-7.719842	-2.217435	 30.619730	-6.572031	-13.445890	-10.889620	-3.925684	 49.121260	 2.467311	-1.145743	 50.970550	 2.545327	 0.917427	-46.374070	-4.833992	-4.618255	 69.916690	-0.135492	 3.282877	 78.699300	 0.192119	 7.209864	-12.106950	 29.680120	 12.059270	 58.438160	-5.937599	 20.198990	 89.099200	-4.717231	 19.573500	-20.563230	 15.556640	 5.221920	 87.744230	-3.484402	 9.763279	 74.797900	-3.102514	 12.328850	 17.200270	-32.803770	-4.298168	 17.496850	 152.140000	 0.236448	 0.647726	 35.370370	-0.405495	 3.620178	 0.000000	 90.000000	 0.000000	 175.727500	 8.229373	 173.572100	-173.778300	-9.816449	-23.354620
-0.048103	-0.083289	-0.002095	-172.953500	 3.675309	-90.995060	-6.197558	-1.212814	-7.748741	-5.971348	-4.012537	-7.405319	 1.598692	-6.436170	 110.618900	-0.813313	 0.122417	-8.559153	-38.769840	-27.181350	 25.474410	-25.342970	 25.547670	 1.868826	-15.750650	 29.361750	-48.379540	-11.582920	-4.601621	 9.666660	 2.503291	-1.126934	 4.548135	 3.270450	-0.643668	-80.071260	 4.019338	 3.197222	 11.896520	-0.275389	 3.148105	 9.181604	 2.912001	 4.309449	-70.732060	 37.573930	 19.859760	 14.764470	-6.821038	 19.211720	 10.901230	-5.651029	 19.246650	-70.822590	 18.591040	 10.462430	 21.096300	-3.898340	 9.395206	 9.518596	-0.473063	 9.966733	-72.614270	-51.617550	-12.041010	-7.588076	 16.022730	-0.540169	 0.139211	 14.789960	-0.368235	 3.437935	 0.695301	-2.630921	 90.392680	-93.402260	-0.113979	-91.066060	-178.152000	-9.566959	 102.621700	-0.813313	 0.122417	-8.559153	-52.338500	-37.543600	 4.320186	-53.778680	-7.446275	-2.241679	 30.543300	-6.255023	-13.367970	-10.936150	-3.966096	 49.305720	 2.467164	-1.145921	 51.227640	 2.538458	 0.925091	-46.175440	-4.833839	-4.618041	 69.916590	-0.135492	 3.282877	 78.699110	 0.192128	 7.209862	-12.107070	 29.680130	 12.059290	 58.438080	-5.937917	 20.186690	 88.407590	-4.717233	 19.573500	-20.563360	 15.517180	 5.216869	 87.132940	-3.484402	 9.763278	 74.797720	-3.064990	 12.330130	 16.347740	-32.829440	-4.219039	 17.788300	 148.329400	 0.208523	 0.665820	 35.370370	-0.405495	 3.620178	 0.000000	 90.000000	 0.000000	 175.709900	 8.203943	 173.575400	-173.760900	-9.850022	-23.397970
-0.048018	-0.083676	-0.001981	-172.827100	 3.740259	-91.006710	-6.218256	-1.206776	-7.757931	-5.995378	-4.038480	-7.427505	 1.610003	-6.478052	 110.627600	-0.813313	 0.122417	-8.559153	-38.621350	-27.133900	 25.504550	-25.827260	 25.522180	 1.872895	-15.729510	 29.356680	-48.191180	-11.582920	-4.601621	 9.666660	 2.503291	-1.126934	 4.548135	 3.270450	-0.643668	-80.071260	 4.022191	 3.198467	 11.896350	-0.275389	 3.148105	 9.181604	 2.912101	 4.309042	-70.737980	 37.579510	 19.861800	 14.762560	-6.821038	 19.211720	 10.901230	-5.651186	 19.246660	-70.830390	 18.593530	 10.463710	 21.095810	-3.898340	 9.395206	 9.518596	-0.473063	 9.966733	-72.614270	-51.617550	-12.041010	-7.588076	 16.022730	-0.540169	 0.139211	 14.789960	-0.368235	 3.437935	 0.701749	-2.616214	 90.397440	-93.404110	-0.134614	-91.042770	-178.175400	-9.458585	 102.577700	-0.813313	 0.122417	-8.559153	-52.345420	-37.470480	 4.085518	-53.728990	-7.247252	-2.267351	 30.512780	-6.021276	-13.296900	-10.973100	-4.000060	 49.302940	 2.467165	-1.145921	 51.227190	 2.538473	 0.925076	-46.175840	-4.833715	-4.617867	 69.916490	-0.135492	 3.282876	 78.698970	 0.192136	 7.209859	-12.107200	 29.680140	 12.059310	 58.438030	-5.938319	 20.176160	 87.815840	-4.717234	 19.573500	-20.563450	 15.483360	 5.212868	 86.609840	-3.484402	 9.763276	 74.797550	-3.032861	 12.330800	 15.618060	-32.851690	-4.151464	 18.037600	 145.070100	 0.183726	 0.679797	 35.370370	-0.405495	 3.620178	 0.000000	 90.000000	 0.000000	 175.694400	 8.174624	 173.547200	-173.745500	-9.882643	-23.433200
-0.047883	-0.084128	-0.001861	-172.685300	 3.817874	-91.016770	-6.239346	-1.200425	-7.767973	-6.021166	-4.077764	-7.443686	 1.621632	-6.521426	 110.634500	-0.813313	 0.122417	-8.559153	-38.462750	-27.080930	 25.524040	-26.323910	 25.489610	 1.874074	-15.673420	 29.337550	-48.002640	-11.582920	-4.601621	 9.666660	 2.503291	-1.126934	 4.548135	 3.270450	-0.643668	-80.071260	 4.025275	 3.199815	 11.896180	-0.275389	 3.148105	 9.181604	 2.912209	 4.308599	-70.744390	 37.585560	 19.864000	 14.760490	-6.821038	 19.211720	 10.901230	-5.651359	 19.246670	-70.838800	 18.596180	 10.465060	 21.095290	-3.898340	 9.395206	 9.518596	-0.473063	 9.966733	-72.614270	-51.617550	-12.041010	-7.588076	 16.022730	-0.540169	 0.139211	 14.789960	-0.368235	 3.437935	 0.709003	-2.601450	 90.402570	-93.405700	-0.137275	-91.027820	-178.199800	-9.349067	 102.522500	-0.813313	 0.122417	-8.559153	-52.353260	-37.399010	 3.840726	-53.726680	-7.042160	-2.298836	 30.506760	-5.783266	-13.227530	-11.009050	-4.032828	 49.325040	 2.467145	-1.145944	 51.261100	 2.537565	 0.926084	-46.149660	-4.833560	-4.617653	 69.916400	-0.135493	 3.282876	 78.698820	 0.192143	 7.209857	-12.107300	 29.680140	 12.059330	 58.437930	-5.938869	 20.165000	 87.188220	-4.717235	 19.573490	-20.563570	 15.447460	 5.208977	 86.055010	-3.484402	 9.763275	 74.797380	-2.998783	 12.331070	 14.844250	-32.875600	-4.079938	 18.301870	 141.615100	 0.156615	 0.693045	 35.370370	-0.405495	 3.620178	 0.000000	 90.000000	 0.000000	 175.677400	 8.136634	 173.490100	-173.729300	-9.920300	-23.466580
-0.047698	-0.084622	-0.001748	-172.538500	 3.903792	-91.024340	-6.260094	-1.193941	-7.778800	-6.047578	-4.127418	-7.453189	 1.632031	-6.560481	 110.638900	-0.813313	 0.122417	-8.559153	-38.303330	-27.019020	 25.501750	-26.823680	 25.450010	 1.872027	-15.643920	 29.320730	-47.789010	-11.582920	-4.601621	 9.666660	 2.503291	-1.126934	 4.548135	 3.270450	-0.643668	-80.071260	 4.028533	 3.201239	 11.895980	-0.275389	 3.148105	 9.181604	 2.912323	 4.308130	-70.751180	 37.591950	 19.866330	 14.758300	-6.821038	 19.211720	 10.901230	-5.651539	 19.246680	-70.847710	 18.598920	 10.466470	 21.094770	-3.898340	 9.395206	 9.518596	-0.473063	 9.966733	-72.614270	-51.617550	-12.041010	-7.588076	 16.022730	-0.540169	 0.139211	 14.789960	-0.368235	 3.437935	 0.717031	-2.587645	 90.407970	-93.407160	-0.123495	-91.006380	-178.222800	-9.247125	 102.464200	-0.813313	 0.122417	-8.559153	-52.383440	-37.338870	 3.579173	-53.739620	-6.753063	-2.336020	 30.516590	-5.472387	-13.199700	-11.042740	-4.063542	 49.347370	 2.467126	-1.145968	 51.295140	 2.536654	 0.927097	-46.123350	-4.833397	-4.617430	 69.916310	-0.135493	 3.282875	 78.698640	 0.192153	 7.209857	-12.107460	 29.680150	 12.059350	 58.437850	-5.939579	 20.153390	 86.535320	-4.717238	 19.573500	-20.563680	 15.410080	 5.205297	 85.477810	-3.484402	 9.763273	 74.797220	-2.963326	 12.330870	 14.039160	-32.900830	-4.005704	 18.576580	 138.022700	 0.127634	 0.705062	 35.370370	-0.405495	 3.620178	 0.000000	 90.000000	 0.000000	 175.658800	 8.090398	 173.404600	-173.713400	-9.961808	-23.494480
-0.047516	-0.085039	-0.001668	-172.424400	 3.975584	-91.027630	-6.276090	-1.188674	-7.788130	-6.068527	-4.171905	-7.456007	 1.638295	-6.584194	 110.640400	-0.813313	 0.122417	-8.559153	-38.175060	-26.962880	 25.453580	-27.224760	 25.413220	 1.867937	-15.718860	 29.329720	-47.563880	-11.582920	-4.601621	 9.666660	 2.503291	-1.126934	 4.548135	 3.270450	-0.643668	-80.071260	 4.031270	 3.202435	 11.895820	-0.275389	 3.148105	 9.181604	 2.912420	 4.307739	-70.756870	 37.597290	 19.868280	 14.756460	-6.821038	 19.211720	 10.901230	-5.651692	 19.246700	-70.855160	 18.601160	 10.467610	 21.094330	-3.898340	 9.395206	 9.518596	-0.473063	 9.966733	-72.614270	-51.617550	-12.041010	-7.588076	 16.022730	-0.540169	 0.139211	 14.789960	-0.368235	 3.437935	 0.724055	-2.577945	 90.412540	-93.408460	-0.103414	-90.962250	-178.240000	-9.173120	 102.413300	-0.813313	 0.122417	-8.559153	-52.442600	-37.306060	 3.348733	-53.735470	-6.475276	-2.368833	 30.530070	-5.180282	-13.195830	-11.067680	-4.086294	 49.364190	 2.467111	-1.145986	 51.320790	 2.535967	 0.927858	-46.103570	-4.833261	-4.617242	 69.916240	-0.135493	 3.282875	 78.698540	 0.192159	 7.209853	-12.107540	 29.680160	 12.059360	 58.437820	-5.940272	 20.143810	 85.996070	-4.717238	 19.573490	-20.563740	 15.379170	 5.202542	 85.000950	-3.484404	 9.763272	 74.797070	-2.934037	 12.330340	 13.374010	-32.921910	-3.944509	 18.803410	 135.057100	 0.103182	 0.713595	 35.370370	-0.405495	 3.620178	 0.000000	 90.000000	 0.000000	 175.642500	 8.047791	 173.317000	-173.702200	-9.997229	-23.515420
-0.047302	-0.085479	-0.001609	-172.316100	 4.047811	-91.027200	-6.291595	-1.183260	-7.798298	-6.089108	-4.218635	-7.454629	 1.643195	-6.603024	 110.640000	-0.813313	 0.122417	-8.559153	-38.042760	-26.899410	 25.377500	-27.635560	 25.370940	 1.861427	-15.864860	 29.353490	-47.294930	-11.582920	-4.601621	 9.666660	 2.503291	-1.126934	 4.548135	 3.270450	-0.643668	-80.071260	 4.034181	 3.203706	 11.895650	-0.275389	 3.148105	 9.181604	 2.912521	 4.307322	-70.762910	 37.603000	 19.870360	 14.754510	-6.821038	 19.211720	 10.901230	-5.651854	 19.246710	-70.863060	 18.603480	 10.468810	 21.093880	-3.898340	 9.395206	 9.518596	-0.473063	 9.966733	-72.614270	-51.617550	-12.041010	-7.588076	 16.022730	-0.540169	 0.139211	 14.789960	-0.368235	 3.437935	 0.731795	-2.569924	 90.417430	-93.410160	-0.076466	-90.893860	-178.257200	-9.103758	 102.347700	-0.813313	 0.122417	-8.559153	-52.555510	-37.293910	 3.083726	-53.689750	-6.166707	-2.403887	 30.542080	-4.853969	-13.194350	-11.091110	-4.107681	 49.380260	 2.467098	-1.146003	 51.345280	 2.535310	 0.928586	-46.084630	-4.833118	-4.617044	 69.916130	-0.135493	 3.282874	 78.698370	 0.192165	 7.209850	-12.107630	 29.680150	 12.059370	 58.437750	-5.941104	 20.133760	 85.430050	-4.717240	 19.573490	-20.563870	 15.346700	 5.199912	 84.500560	-3.484404	 9.763270	 74.796910	-2.903311	 12.329430	 12.676030	-32.944290	-3.880386	 19.041400	 131.946300	 0.077096	 0.721183	 35.370370	-0.405495	 3.620178	 0.000000	 90.000000	 0.000000	 175.624100	 7.999498	 173.211500	-173.694000	-10.034830	-23.541760
-0.047035	-0.086008	-0.001552	-172.212700	 4.130196	-91.022550	-6.313746	-1.176861	-7.810373	-6.115670	-4.267066	-7.448408	 1.647495	-6.619974	 110.637100	-0.813313	 0.122417	-8.559153	-37.893820	-26.821910	 25.263890	-28.091660	 25.318750	 1.851460	-16.073600	 29.387690	-46.969070	-11.582920	-4.601621	 9.666660	 2.503291	-1.126934	 4.548135	 3.270450	-0.643668	-80.071260	 4.037498	 3.205156	 11.895450	-0.275389	 3.148105	 9.181604	 2.912637	 4.306846	-70.769820	 37.609510	 19.872730	 14.752290	-6.821038	 19.211720	 10.901230	-5.652039	 19.246720	-70.872120	 18.606070	 10.470130	 21.093380	-3.898340	 9.395206	 9.518596	-0.473063	 9.966733	-72.614270	-51.617550	-12.041010	-7.588076	 16.022730	-0.540169	 0.139211	 14.789960	-0.368235	 3.437935	 0.741066	-2.564211	 90.423040	-93.412810	-0.041933	-90.793980	-178.276200	-9.032785	 102.259500	-0.813313	 0.122417	-8.559153	-52.774330	-37.317160	 2.739831	-53.509790	-5.825365	-2.441176	 30.428190	-4.474581	-13.183560	-11.114350	-4.128898	 49.396590	 2.467083	-1.146021	 51.370170	 2.534644	 0.929325	-46.065440	-4.832943	-4.616806	 69.916060	-0.135493	 3.282874	 78.698240	 0.192174	 7.209847	-12.107760	 29.680190	 12.059400	 58.437690	-5.942173	 20.122340	 84.786560	-4.717241	 19.573490	-20.563980	 15.309770	 5.197276	 83.931620	-3.484405	 9.763269	 74.796750	-2.868395	 12.327950	 11.882480	-32.970020	-3.807670	 19.311700	 128.412100	 0.047008	 0.728064	 35.370370	-0.405495	 3.620178	 0.000000	 90.000000	 0.000000	 175.601200	 7.941072	 173.078700	-173.690400	-10.077130	-23.576980
-0.046791	-0.086527	-0.001483	-172.142300	 4.209088	-91.016850	-6.344846	-1.170667	-7.820977	-6.147834	-4.299579	-7.439927	 1.650804	-6.633375	 110.632800	-0.813313	 0.122417	-8.559153	-37.768040	-26.752320	 25.149560	-28.469320	 25.271590	 1.841075	-16.248350	 29.413290	-46.695840	-11.582920	-4.601621	 9.666660	 2.503291	-1.126934	 4.548135	 3.270450	-0.643668	-80.071260	 4.040331	 3.206395	 11.895290	-0.275389	 3.148105	 9.181604	 2.912736	 4.306442	-70.775700	 37.615020	 19.874740	 14.750390	-6.821038	 19.211720	 10.901230	-5.652196	 19.246740	-70.879840	 18.608190	 10.471220	 21.092970	-3.898340	 9.395206	 9.518596	-0.473063	 9.966733	-72.614270	-51.617550	-12.041010	-7.588076	 16.022730	-0.540169	 0.139211	 14.789960	-0.368235	 3.437935	 0.749298	-2.562829	 90.427880	-93.415870	-0.012578	-90.696040	-178.291900	-8.977221	 102.174700	-0.813313	 0.122417	-8.559153	-53.039960	-37.367350	 2.408938	-53.197900	-5.571547	-2.467880	 30.103000	-4.160691	-13.154250	-11.131230	-4.144308	 49.408820	 2.467073	-1.146033	 51.388760	 2.534145	 0.929877	-46.051070	-4.832794	-4.616600	 69.915960	-0.135493	 3.282874	 78.698090	 0.192180	 7.209846	-12.107850	 29.680170	 12.059410	 58.437600	-5.943189	 20.112710	 84.243250	-4.717243	 19.573490	-20.564040	 15.278570	 5.195343	 83.451220	-3.484404	 9.763268	 74.796590	-2.838928	 12.326330	 11.212350	-32.992000	-3.746403	 19.539840	 125.430300	 0.021336	 0.732422	 35.370370	-0.405495	 3.620178	 0.000000	 90.000000	 0.000000	 175.580000	 7.889694	 172.959600	-173.693100	-10.111530	-23.610950
-0.046526	-0.087088	-0.001398	-172.086900	 4.292380	-91.009750	-6.386354	-1.163880	-7.831884	-6.187596	-4.320391	-7.429332	 1.654474	-6.648436	 110.627000	-0.813313	 0.122417	-8.559153	-37.642660	-26.680110	 25.024090	-28.837070	 25.222580	 1.829142	-16.383990	 29.427190	-46.445630	-11.582920	-4.601621	 9.666660	 2.503291	-1.126934	 4.548135	 3.270450	-0.643668	-80.071260	 4.043108	 3.207607	 11.895120	-0.275389	 3.148105	 9.181604	 2.912834	 4.306041	-70.781500	 37.620530	 19.876750	 14.748510	-6.821038	 19.211720	 10.901230	-5.652350	 19.246750	-70.887440	 18.610210	 10.472260	 21.092580	-3.898340	 9.395206	 9.518596	-0.473063	 9.966733	-72.614270	-51.617550	-12.041010	-7.588076	 16.022730	-0.540169	 0.139211	 14.789960	-0.368235	 3.437935	 0.757793	-2.565130	 90.432730	-93.419850	 0.013667	-90.591610	-178.307600	-8.924209	 102.082900	-0.813313	 0.122417	-8.559153	-53.360760	-37.435910	 2.048470	-52.767640	-5.274512	-2.491270	 29.642000	-3.791210	-13.130300	-11.145430	-4.157279	 49.419460	 2.467064	-1.146045	 51.404940	 2.533712	 0.930356	-46.038620	-4.832638	-4.616386	 69.915890	-0.135493	 3.282873	 78.697970	 0.192188	 7.209843	-12.107970	 29.680190	 12.059420	 58.437560	-5.944282	 20.103210	 83.706730	-4.717244	 19.573480	-20.564150	 15.247730	 5.193669	 82.976710	-3.484404	 9.763268	 74.796440	-2.809850	 12.324400	 10.550590	-33.013950	-3.686009	 19.765000	 122.487300	-0.004196	 0.735404	 35.370370	-0.405495	 3.620178	 0.000000	 90.000000	 0.000000	 175.557200	 7.837923	 172.839000	-173.707100	-10.141140	-23.648460
-0.046181	-0.087779	-0.001280	-172.038600	 4.391446	-90.999820	-6.447159	-1.155212	-7.845146	-6.242465	-4.325425	-7.415148	 1.660168	-6.671729	 110.618300	-0.813313	 0.122417	-8.559153	-37.494060	-26.592220	 24.868030	-29.259380	 25.163100	 1.813398	-16.447460	 29.418230	-46.203900	-11.582920	-4.601621	 9.666660	 2.503291	-1.126934	 4.548135	 3.270450	-0.643668	-80.071260	 4.046347	 3.209022	 11.894930	-0.275389	 3.148105	 9.181604	 2.912947	 4.305575	-70.788250	 37.626880	 19.879070	 14.746330	-6.821038	 19.211720	 10.901230	-5.652528	 19.246770	-70.896280	 18.612450	 10.473400	 21.092140	-3.898340	 9.395206	 9.518596	-0.473063	 9.966733	-72.614270	-51.617550	-12.041010	-7.588076	 16.022730	-0.540169	 0.139211	 14.789960	-0.368235	 3.437935	 0.768111	-2.573203	 90.438480	-93.425980	 0.036805	-90.466890	-178.326300	-8.862226	 101.967700	-0.813313	 0.122417	-8.559153	-53.786520	-37.527610	 1.591937	-52.144310	-4.729097	-2.517427	 29.026710	-3.180857	-13.219520	-11.158910	-4.169588	 49.430110	 2.467055	-1.146056	 51.421080	 2.533280	 0.930834	-46.026190	-4.832457	-4.616138	 69.915790	-0.135493	 3.282873	 78.697810	 0.192195	 7.209840	-12.108070	 29.680190	 12.059440	 58.437470	-5.945674	 20.092200	 83.084080	-4.717247	 19.573490	-20.564250	 15.211930	 5.192065	 82.426090	-3.484406	 9.763268	 74.796290	-2.776125	 12.321750	 9.782362	-33.039680	-3.616083	 20.026160	 119.073600	-0.033952	 0.737216	 35.370370	-0.405495	 3.620178	 0.000000	 90.000000	 0.000000	 175.527900	 7.777637	 172.700100	-173.747000	-10.165300	-23.697170
-0.045867	-0.088374	-0.001172	-172.019000	 4.473330	-90.988990	-6.507667	-1.140500	-7.856839	-6.293872	-4.299908	-7.402220	 1.668412	-6.704794	 110.609700	-0.813313	 0.122417	-8.559153	-37.364300	-26.514700	 24.731940	-29.614710	 25.111020	 1.798663	-16.409380	 29.387360	-46.047580	-11.582920	-4.601621	 9.666660	 2.503291	-1.126934	 4.548135	 3.270450	-0.643668	-80.071260	 4.049084	 3.210217	 11.894760	-0.275389	 3.148105	 9.181604	 2.913042	 4.305182	-70.793950	 37.632260	 19.881020	 14.744490	-6.821038	 19.211720	 10.901230	-5.652681	 19.246780	-70.903740	 18.614250	 10.474330	 21.091790	-3.898340	 9.395206	 9.518596	-0.473063	 9.966733	-72.614270	-51.617550	-12.041010	-7.588076	 16.022730	-0.540169	 0.139211	 14.789960	-0.368235	 3.437935	 0.777265	-2.585265	 90.443460	-93.430700	 0.102582	-90.360470	-178.342900	-8.806829	 101.864300	-0.813313	 0.122417	-8.559153	-54.178920	-37.601160	 1.162102	-51.552250	-4.189297	-2.538079	 28.526280	-2.608237	-13.402770	-11.167820	-4.177728	 49.437680	 2.467048	-1.146064	 51.432530	 2.532973	 0.931174	-46.017350	-4.832295	-4.615917	 69.915730	-0.135493	 3.282873	 78.697680	 0.192202	 7.209838	-12.108170	 29.680200	 12.059460	 58.437400	-5.946949	 20.082890	 82.556980	-4.717247	 19.573480	-20.564340	 15.181600	 5.190962	 81.959890	-3.484406	 9.763265	 74.796140	-2.747611	 12.319160	 9.132153	-33.061690	-3.557035	 20.247060	 116.186300	-0.059167	 0.737359	 35.370370	-0.405495	 3.620178	 0.000000	 90.000000	 0.000000	 175.500600	 7.727417	 172.587400	-173.796800	-10.178310	-23.742280
-0.045552	-0.088928	-0.001071	-172.026700	 4.547856	-90.975200	-6.572735	-1.111169	-7.868572	-6.346363	-4.237123	-7.389493	 1.681300	-6.755790	 110.600500	-0.813313	 0.122417	-8.559153	-37.232980	-26.436520	 24.600250	-29.960990	 25.059030	 1.783161	-16.325210	 29.345960	-45.923020	-11.582920	-4.601621	 9.666660	 2.503291	-1.126934	 4.548135	 3.270450	-0.643668	-80.071260	 4.051724	 3.211371	 11.894610	-0.275389	 3.148105	 9.181604	 2.913135	 4.304803	-70.799450	 37.637480	 19.882930	 14.742700	-6.821038	 19.211720	 10.901230	-5.652830	 19.246790	-70.910930	 18.615890	 10.475170	 21.091470	-3.898340	 9.395206	 9.518596	-0.473063	 9.966733	-72.614270	-51.617550	-12.041010	-7.588076	 16.022730	-0.540169	 0.139211	 14.789960	-0.368235	 3.437935	 0.786586	-2.609640	 90.448410	-93.433240	 0.264674	-90.257540	-178.360100	-8.747939	 101.759500	-0.813313	 0.122417	-8.559153	-54.577500	-37.655440	 0.693175	-50.956090	-3.681444	-2.556208	 28.159140	-2.074991	-13.596880	-11.174360	-4.183689	 49.443830	 2.467043	-1.146070	 51.441810	 2.532726	 0.931447	-46.010240	-4.832126	-4.615686	 69.915650	-0.135493	 3.282872	 78.697550	 0.192208	 7.209837	-12.108260	 29.680190	 12.059460	 58.437360	-5.948280	 20.073820	 82.043040	-4.717249	 19.573480	-20.564430	 15.152030	 5.190123	 81.505480	-3.484405	 9.763261	 74.796010	-2.719847	 12.316330	 8.498335	-33.083370	-3.499587	 20.462250	 113.373900	-0.083707	 0.736285	 35.370370	-0.405495	 3.620178	 0.000000	 90.000000	 0.000000	 175.470400	 7.679916	 172.497100	-173.855600	-10.185600	-23.789210
-0.045187	-0.089561	-0.000939	-172.056900	 4.640314	-90.958060	-6.655368	-1.061799	-7.882730	-6.410710	-4.125940	-7.375782	 1.700961	-6.833243	 110.588600	-0.813313	 0.122417	-8.559153	-37.072780	-26.342850	 24.454630	-30.364930	 24.997790	 1.763937	-16.183860	 29.288180	-45.807590	-11.582920	-4.601621	 9.666660	 2.503291	-1.126934	 4.548135	 3.270450	-0.643668	-80.071260	 4.054752	 3.212693	 11.894430	-0.275389	 3.148105	 9.181604	 2.913241	 4.304367	-70.805780	 37.643440	 19.885100	 14.740660	-6.821038	 19.211720	 10.901230	-5.652997	 19.246800	-70.919190	 18.617650	 10.476070	 21.091130	-3.898340	 9.395206	 9.518596	-0.473063	 9.966733	-72.614270	-51.617550	-12.041010	-7.588076	 16.022730	-0.540169	 0.139211	 14.789960	-0.368235	 3.437935	 0.798051	-2.666841	 90.454350	-93.435860	 0.519317	-90.148980	-178.381900	-8.670288	 101.634700	-0.813313	 0.122417	-8.559153	-55.031500	-37.688620	 0.107878	-50.285900	-3.151971	-2.575199	 27.925650	-1.516122	-13.780760	-11.179280	-4.188176	 49.449450	 2.467038	-1.146077	 51.450210	 2.532501	 0.931696	-46.003750	-4.831932	-4.615425	 69.915590	-0.135493	 3.282871	 78.697400	 0.192215	 7.209833	-12.108370	 29.680220	 12.059490	 58.437300	-5.949936	 20.063310	 81.446820	-4.717249	 19.573480	-20.564530	 15.117720	 5.189457	 80.978070	-3.484406	 9.763259	 74.795840	-2.687666	 12.312680	 7.762710	-33.108760	-3.433088	 20.711770	 110.112500	-0.112060	 0.733535	 35.370370	-0.405495	 3.620178	 0.000000	 90.000000	 0.000000	 175.429700	 7.639557	 172.436600	-173.931600	-10.188980	-23.846780
-0.044879	-0.090161	-0.000786	-172.089100	 4.741962	-90.946080	-6.730532	-1.010529	-7.895258	-6.468154	-4.008123	-7.366200	 1.720285	-6.909328	 110.577500	-0.813313	 0.122417	-8.559153	-36.929680	-26.261650	 24.343370	-30.709000	 24.945830	 1.746876	-16.041130	 29.235160	-45.730130	-11.582920	-4.601621	 9.666660	 2.503291	-1.126934	 4.548135	 3.270450	-0.643668	-80.071260	 4.057258	 3.213789	 11.894280	-0.275389	 3.148105	 9.181604	 2.913331	 4.304005	-70.811070	 37.648430	 19.886920	 14.738940	-6.821038	 19.211720	 10.901230	-5.653137	 19.246810	-70.926050	 18.618980	 10.476750	 21.090880	-3.898340	 9.395206	 9.518596	-0.473063	 9.966733	-72.614270	-51.617550	-12.041010	-7.588076	 16.022730	-0.540169	 0.139211	 14.789960	-0.368235	 3.437935	 0.808215	-2.735074	 90.459500	-93.439580	 0.739284	-90.075550	-178.402000	-8.594269	 101.528500	-0.813313	 0.122417	-8.559153	-55.380790	-37.685070	-0.400400	-49.847210	-2.741838	-2.593393	 27.827300	-1.079297	-13.870240	-11.181310	-4.190020	 49.452940	 2.467035	-1.146080	 51.455390	 2.532364	 0.931847	-45.999810	-4.831770	-4.615202	 69.915500	-0.135493	 3.282871	 78.697300	 0.192223	 7.209833	-12.108480	 29.680210	 12.059500	 58.437230	-5.951418	 20.054470	 80.944390	-4.717250	 19.573480	-20.564620	 15.088800	 5.189146	 80.533710	-3.484406	 9.763259	 74.795720	-2.660585	 12.309280	 7.142796	-33.130370	-3.377188	 20.921860	 107.367300	-0.135766	 0.729965	 35.370370	-0.405495	 3.620178	 0.000000	 90.000000	 0.000000	 175.392200	 7.631827	 172.413600	-173.997500	-10.189000	-23.897320
-0.044583	-0.090794	-0.000608	-172.116100	 4.856188	-90.937480	-6.808342	-0.954932	-7.908158	-6.527342	-3.879510	-7.359662	 1.740438	-6.988782	 110.565700	-0.813313	 0.122417	-8.559153	-36.781590	-26.180660	 24.250100	-31.126900	 24.893990	 1.733433	-15.893410	 29.183220	-45.667700	-11.582920	-4.601621	 9.666660	 2.503291	-1.126934	 4.548135	 3.270450	-0.643668	-80.071260	 4.059687	 3.214849	 11.894140	-0.275389	 3.148105	 9.181604	 2.913414	 4.303657	-70.816090	 37.653190	 19.888650	 14.737320	-6.821038	 19.211720	 10.901230	-5.653270	 19.246820	-70.932640	 18.620690	 10.477630	 21.090550	-3.898340	 9.395206	 9.518596	-0.473063	 9.966733	-72.614270	-51.617550	-12.041010	-7.588076	 16.022730	-0.540169	 0.139211	 14.789960	-0.368235	 3.437935	 0.818547	-2.815106	 90.464640	-93.446050	 0.910634	-90.024980	-178.424300	-8.503887	 101.425300	-0.813313	 0.122417	-8.559153	-55.667350	-37.647990	-0.891136	-49.600990	-2.362279	-2.615909	 27.758980	-0.659260	-13.834130	-11.181410	-4.190089	 49.455290	 2.467033	-1.146082	 51.458800	 2.532274	 0.931947	-45.997220	-4.831601	-4.614972	 69.915430	-0.135493	 3.282871	 78.697160	 0.192228	 7.209831	-12.108570	 29.680220	 12.059510	 58.437170	-5.952943	 20.045860	 80.454770	-4.717252	 19.573480	-20.564700	 15.060610	 5.189044	 80.100560	-3.484407	 9.763259	 74.795590	-2.634233	 12.305690	 6.538671	-33.151590	-3.322819	 21.126460	 104.693500	-0.158661	 0.725402	 35.370370	-0.405495	 3.620178	 0.000000	 90.000000	 0.000000	 175.353700	 7.641678	 172.407100	-174.059000	-10.187890	-23.947880
-0.044280	-0.091570	-0.000369	-172.128400	 4.996517	-90.936340	-6.902393	-0.888268	-7.923909	-6.599473	-3.725336	-7.356879	 1.763632	-7.080553	 110.550700	-0.813313	 0.122417	-8.559153	-36.599630	-26.085910	 24.168480	-31.822610	 24.831890	 1.727322	-15.729820	 29.128100	-45.606610	-11.582920	-4.601621	 9.666660	 2.503291	-1.126934	 4.548135	 3.270450	-0.643668	-80.071260	 4.062367	 3.216019	 11.893970	-0.275389	 3.148105	 9.181604	 2.913508	 4.303268	-70.821720	 37.658520	 19.890590	 14.735490	-6.821038	 19.211720	 10.901230	-5.653419	 19.246830	-70.939990	 18.624190	 10.479420	 21.089860	-3.898340	 9.395206	 9.518596	-0.473063	 9.966733	-72.614270	-51.617550	-12.041010	-7.588076	 16.022730	-0.540169	 0.139211	 14.789960	-0.368235	 3.437935	 0.830850	-2.917732	 90.470690	-93.458660	 0.999465	-89.991220	-178.454300	-8.373030	 101.309400	-0.813313	 0.122417	-8.559153	-55.897890	-37.557840	-1.423925	-49.438560	-1.949873	-2.643435	 27.636180	-0.162789	-13.597980	-11.179360	-4.188194	 49.456700	 2.467032	-1.146083	 51.460710	 2.532223	 0.932003	-45.995760	-4.831406	-4.614710	 69.915370	-0.135493	 3.282870	 78.697030	 0.192236	 7.209828	-12.108670	 29.680230	 12.059530	 58.437100	-5.954783	 20.036030	 79.894390	-4.717253	 19.573480	-20.564790	 15.028350	 5.189196	 79.604880	-3.484407	 9.763259	 74.795430	-2.604117	 12.301260	 5.847145	-33.176100	-3.260757	 21.360420	 101.635900	-0.184561	 0.718882	 35.370370	-0.405495	 3.620178	 0.000000	 90.000000	 0.000000	 175.308300	 7.665950	 172.407500	-174.120400	-10.187070	-24.006680
-0.044036	-0.092254	-0.000140	-172.093000	 5.112166	-90.949340	-6.986166	-0.832542	-7.938275	-6.664845	-3.597248	-7.359673	 1.785014	-7.165200	 110.537000	-0.813313	 0.122417	-8.559153	-36.430610	-26.004640	 24.134810	-32.531910	 24.769670	 1.726409	-15.539910	 29.060160	-45.572660	-11.582920	-4.601621	 9.666660	 2.503291	-1.126934	 4.548135	 3.270450	-0.643668	-80.071260	 4.064583	 3.216990	 11.893850	-0.275389	 3.148105	 9.181604	 2.913586	 4.302947	-70.826370	 37.662940	 19.892200	 14.733980	-6.821038	 19.211720	 10.901230	-5.653543	 19.246840	-70.946040	 18.628310	 10.481530	 21.089060	-3.898340	 9.395206	 9.518596	-0.473063	 9.966733	-72.614270	-51.617550	-12.041010	-7.588076	 16.022730	-0.540169	 0.139211	 14.789960	-0.368235	 3.437935	 0.841660	-3.009376	 90.475860	-93.473550	 0.991919	-89.981650	-178.482700	-8.242636	 101.214700	-0.813313	 0.122417	-8.559153	-55.971840	-37.442980	-1.827371	-49.417890	-1.615543	-2.677904	 27.586190	 0.260984	-13.293810	-11.175810	-4.184926	 49.456860	 2.467032	-1.146084	 51.460750	 2.532223	 0.932002	-45.995780	-4.831238	-4.614480	 69.915290	-0.135494	 3.282870	 78.696910	 0.192241	 7.209826	-12.108760	 29.680240	 12.059550	 58.437040	-5.956432	 20.027680	 79.417820	-4.717255	 19.573480	-20.564870	 15.000910	 5.189536	 79.183350	-3.484408	 9.763257	 74.795330	-2.578555	 12.297200	 5.259186	-33.197140	-3.208110	 21.559180	 99.038990	-0.206255	 0.712270	 35.370370	-0.405495	 3.620178	 0.000000	 90.000000	 0.000000	 175.268800	 7.668210	 172.404300	-174.163300	-10.198380	-24.057480
-0.043766	-0.092928	 0.000090	-171.985800	 5.210572	-90.975490	-7.071228	-0.782111	-7.953401	-6.732915	-3.482974	-7.368176	 1.810411	-7.265385	 110.523100	-0.813313	 0.122417	-8.559153	-36.249240	-25.924990	 24.144780	-33.267300	 24.690360	 1.726285	-15.244620	 28.943970	-45.559400	-11.582920	-4.601621	 9.666660	 2.503291	-1.126934	 4.548135	 3.270450	-0.643668	-80.071260	 4.066686	 3.217907	 11.893720	-0.275389	 3.148105	 9.181604	 2.913660	 4.302644	-70.830770	 37.667130	 19.893720	 14.732540	-6.821038	 19.211720	 10.901230	-5.653660	 19.246850	-70.951770	 18.633240	 10.484060	 21.088100	-3.898340	 9.395206	 9.518596	-0.473063	 9.966733	-72.614270	-51.617550	-12.041010	-7.588076	 16.022730	-0.540169	 0.139211	 14.789960	-0.368235	 3.437935	 0.852556	-3.098381	 90.481030	-93.491030	 0.944206	-89.986700	-178.512400	-8.101590	 101.127100	-0.813313	 0.122417	-8.559153	-55.928310	-37.314830	-2.167017	-49.593430	-1.297725	-2.737095	 27.696250	 0.665669	-12.966090	-11.170780	-4.180302	 49.456100	 2.467033	-1.146083	 51.459400	 2.532261	 0.931960	-45.996860	-4.831069	-4.614251	 69.915210	-0.135494	 3.282870	 78.696810	 0.192247	 7.209823	-12.108840	 29.680250	 12.059570	 58.436980	-5.958115	 20.019500	 78.950810	-4.717256	 19.573480	-20.564960	 14.974030	 5.190063	 78.770180	-3.484408	 9.763257	 74.795200	-2.553547	 12.292990	 4.682964	-33.217890	-3.156623	 21.753810	 96.496490	-0.227187	 0.704845	 35.370370	-0.405495	 3.620178	 0.000000	 90.000000	 0.000000	 175.229600	 7.628791	 172.387900	-174.196600	-10.234920	-24.108190
-0.043435	-0.093793	 0.000380	-171.780600	 5.315600	-91.020420	-7.172532	-0.733507	-7.973484	-6.816807	-3.376703	-7.384980	 1.843257	-7.394821	 110.506500	-0.813313	 0.122417	-8.559153	-36.022610	-25.831070	 24.199360	-34.177970	 24.580960	 1.727593	-14.851980	 28.774150	-45.532740	-11.582920	-4.601621	 9.666660	 2.503291	-1.126934	 4.548135	 3.270450	-0.643668	-80.071260	 4.068999	 3.218918	 11.893580	-0.275389	 3.148105	 9.181604	 2.913742	 4.302306	-70.835670	 37.671780	 19.895420	 14.730940	-6.821038	 19.211720	 10.901230	-5.653787	 19.246860	-70.958120	 18.639800	 10.487420	 21.086830	-3.898340	 9.395206	 9.518596	-0.473063	 9.966733	-72.614270	-51.617550	-12.041010	-7.588076	 16.022730	-0.540169	 0.139211	 14.789960	-0.368235	 3.437935	 0.865428	-3.193671	 90.487010	-93.513510	 0.885440	-90.006640	-178.547800	-7.927803	 101.035100	-0.813313	 0.122417	-8.559153	-55.785100	-37.167210	-2.498590	-49.952170	-0.934680	-2.829586	 28.010170	 1.112035	-12.637180	-11.163130	-4.173281	 49.454160	 2.467035	-1.146080	 51.456180	 2.532350	 0.931863	-45.999410	-4.830869	-4.613979	 69.915150	-0.135494	 3.282869	 78.696670	 0.192253	 7.209821	-12.108930	 29.680250	 12.059570	 58.436930	-5.960148	 20.010100	 78.412150	-4.717257	 19.573470	-20.565050	 14.943010	 5.190908	 78.293560	-3.484409	 9.763254	 74.795050	-2.524751	 12.287820	 4.018186	-33.242030	-3.097395	 21.978060	 93.565990	-0.250867	 0.695149	 35.370370	-0.405495	 3.620178	 0.000000	 90.000000	 0.000000	 175.188300	 7.557659	 172.314100	-174.212300	-10.307820	-24.166710
-0.043146	-0.094722	 0.000684	-171.541400	 5.423828	-91.071510	-7.261731	-0.704096	-7.994831	-6.893759	-3.318471	-7.403513	 1.872645	-7.510787	 110.491300	-0.813313	 0.122417	-8.559153	-35.814920	-25.746880	 24.273750	-35.091590	 24.475100	 1.733156	-14.548880	 28.622520	-45.466610	-11.582920	-4.601621	 9.666660	 2.503291	-1.126934	 4.548135	 3.270450	-0.643668	-80.071260	 4.070888	 3.219743	 11.893470	-0.275389	 3.148105	 9.181604	 2.913809	 4.302031	-70.839650	 37.675560	 19.896800	 14.729640	-6.821038	 19.211720	 10.901230	-5.653894	 19.246870	-70.963300	 18.645990	 10.490600	 21.085630	-3.898340	 9.395206	 9.518596	-0.473063	 9.966733	-72.614270	-51.617550	-12.041010	-7.588076	 16.022730	-0.540169	 0.139211	 14.789960	-0.368235	 3.437935	 0.876693	-3.263166	 90.492190	-93.533730	 0.875071	-90.032390	-178.578100	-7.774021	 100.966100	-0.813313	 0.122417	-8.559153	-55.627950	-37.059440	-2.734953	-50.372760	-0.613860	-2.925239	 28.572620	 1.466601	-12.462940	-11.155040	-4.165855	 49.451610	 2.467037	-1.146077	 51.452040	 2.532463	 0.931738	-46.002660	-4.830691	-4.613741	 69.915110	-0.135493	 3.282869	 78.696560	 0.192259	 7.209821	-12.109020	 29.680260	 12.059590	 58.436870	-5.961969	 20.002030	 77.949460	-4.717258	 19.573470	-20.565110	 14.916400	 5.191858	 77.884250	-3.484408	 9.763252	 74.794940	-2.500067	 12.283110	 3.447195	-33.262920	-3.046653	 22.170480	 91.052660	-0.270766	 0.685877	 35.370370	-0.405495	 3.620178	 0.000000	 90.000000	 0.000000	 175.159300	 7.498932	 172.178500	-174.198700	-10.394520	-24.216010
-0.042873	-0.095703	 0.001013	-171.275400	 5.541748	-91.127630	-7.347160	-0.688537	-8.018554	-6.970193	-3.294775	-7.424491	 1.899720	-7.617977	 110.476200	-0.813313	 0.122417	-8.559153	-35.609310	-25.662710	 24.358660	-36.011290	 24.370240	 1.739548	-14.374600	 28.500040	-45.332360	-11.582920	-4.601621	 9.666660	 2.503291	-1.126934	 4.548135	 3.270450	-0.643668	-80.071260	 4.072585	 3.220484	 11.893370	-0.275389	 3.148105	 9.181604	 2.913869	 4.301784	-70.843240	 37.678960	 19.898040	 14.728470	-6.821038	 19.211720	 10.901230	-5.653989	 19.246880	-70.967930	 18.652140	 10.493740	 21.084440	-3.898340	 9.395206	 9.518596	-0.473063	 9.966733	-72.614270	-51.617550	-12.041010	-7.588076	 16.022730	-0.540169	 0.139211	 14.789960	-0.368235	 3.437935	 0.887723	-3.339582	 90.497180	-93.559200	 0.914241	-90.062240	-178.606000	-7.629357	 100.911700	-0.813313	 0.122417	-8.559153	-55.413860	-36.956660	-2.899047	-50.893520	-0.288358	-3.027172	 29.153570	 1.795040	-12.388840	-11.146150	-4.157693	 49.448450	 2.467040	-1.146074	 51.446990	 2.532600	 0.931586	-46.006610	-4.830522	-4.613511	 69.915030	-0.135494	 3.282869	 78.696460	 0.192265	 7.209818	-12.109110	 29.680270	 12.059610	 58.436830	-5.963757	 19.994420	 77.511990	-4.717258	 19.573470	-20.565190	 14.891220	 5.192917	 77.497190	-3.484409	 9.763253	 74.794810	-2.476778	 12.278440	 2.907399	-33.282800	-2.998795	 22.352220	 88.678290	-0.289178	 0.676328	 35.370370	-0.405495	 3.620178	 0.000000	 90.000000	 0.000000	 175.134400	 7.430663	 172.015800	-174.164000	-10.491110	-24.261350
-0.042586	-0.096880	 0.001437	-170.950300	 5.698059	-91.196200	-7.445602	-0.681910	-8.050240	-7.060621	-3.294311	-7.452835	 1.927937	-7.730443	 110.457300	-0.813313	 0.122417	-8.559153	-35.362100	-25.557550	 24.463170	-37.065590	 24.250170	 1.744942	-14.283130	 28.383260	-45.106350	-11.582920	-4.601621	 9.666660	 2.503291	-1.126934	 4.548135	 3.270450	-0.643668	-80.071260	 4.074417	 3.221284	 11.893260	-0.275389	 3.148105	 9.181604	 2.913933	 4.301520	-70.847070	 37.682660	 19.899380	 14.727210	-6.821038	 19.211720	 10.901230	-5.654092	 19.246890	-70.972890	 18.659390	 10.497460	 21.083030	-3.898340	 9.395206	 9.518596	-0.473063	 9.966733	-72.614270	-51.617550	-12.041010	-7.588076	 16.022730	-0.540169	 0.139211	 14.789960	-0.368235	 3.437935	 0.901335	-3.485660	 90.503270	-93.609490	 0.986183	-90.104350	-178.636200	-7.468804	 100.861100	-0.813313	 0.122417	-8.559153	-54.976770	-36.782400	-2.987167	-51.588830	 0.128212	-3.152064	 29.479020	 2.202429	-12.386330	-11.134430	-4.146948	 49.443930	 2.467044	-1.146069	 51.439820	 2.532794	 0.931372	-46.012190	-4.830323	-4.613240	 69.914950	-0.135494	 3.282868	 78.696320	 0.192270	 7.209816	-12.109190	 29.680260	 12.059610	 58.436770	-5.965901	 19.985610	 77.005130	-4.717262	 19.573470	-20.565290	 14.862060	 5.194351	 77.048670	-3.484409	 9.763251	 74.794680	-2.449844	 12.272770	 2.281806	-33.305990	-2.943497	 22.562540	 85.930840	-0.309949	 0.664334	 35.370370	-0.405495	 3.620178	 0.000000	 90.000000	 0.000000	 175.104500	 7.319968	 171.822800	-174.099100	-10.612910	-24.311720
-0.042310	-0.097929	 0.001821	-170.618000	 5.840991	-91.258930	-7.526484	-0.684287	-8.080319	-7.136688	-3.312964	-7.479971	 1.953445	-7.832059	 110.441000	-0.813313	 0.122417	-8.559153	-35.198480	-25.501050	 24.532110	-37.870450	 24.156510	 1.744744	-14.230410	 28.294510	-44.892730	-11.582920	-4.601621	 9.666660	 2.503291	-1.126934	 4.548135	 3.270450	-0.643668	-80.071260	 4.075805	 3.221891	 11.893180	-0.275389	 3.148105	 9.181604	 2.913983	 4.301315	-70.850060	 37.685500	 19.900420	 14.726240	-6.821038	 19.211720	 10.901230	-5.654167	 19.246890	-70.976720	 18.665360	 10.500520	 21.081860	-3.898340	 9.395206	 9.518596	-0.473063	 9.966733	-72.614270	-51.617550	-12.041010	-7.588076	 16.022730	-0.540169	 0.139211	 14.789960	-0.368235	 3.437935	 0.913430	-3.645731	 90.508630	-93.668910	 1.065872	-90.145150	-178.662900	-7.324163	 100.824200	-0.813313	 0.122417	-8.559153	-54.496190	-36.609570	-3.004902	-52.194450	 0.513830	-3.267219	 29.462040	 2.581790	-12.436470	-11.123450	-4.136881	 49.439480	 2.467048	-1.146064	 51.432800	 2.532984	 0.931161	-46.017670	-4.830153	-4.613011	 69.914910	-0.135494	 3.282868	 78.696230	 0.192276	 7.209814	-12.109270	 29.680270	 12.059630	 58.436730	-5.967766	 19.978220	 76.578910	-4.717262	 19.573470	-20.565340	 14.837560	 5.195755	 76.671510	-3.484409	 9.763251	 74.794560	-2.427245	 12.267770	 1.755736	-33.325660	-2.897105	 22.739220	 83.623130	-0.326949	 0.653501	 35.370370	-0.405495	 3.620178	 0.000000	 90.000000	 0.000000	 175.079600	 7.211622	 171.648800	-174.031500	-10.733720	-24.352760
-0.041899	-0.099077	 0.002215	-170.174600	 5.982412	-91.329380	-7.601759	-0.692045	-8.112422	-7.208910	-3.344468	-7.509088	 1.986843	-7.963917	 110.425800	-0.813313	 0.122417	-8.559153	-35.128670	-25.512000	 24.559580	-38.523610	 24.077640	 1.737981	-14.224430	 28.228090	-44.658240	-11.582920	-4.601621	 9.666660	 2.503291	-1.126934	 4.548135	 3.270450	-0.643668	-80.071260	 4.077038	 3.222429	 11.893100	-0.275389	 3.148105	 9.181604	 2.914026	 4.301133	-70.852680	 37.688020	 19.901330	 14.725370	-6.821038	 19.211720	 10.901230	-5.654235	 19.246900	-70.980060	 18.670830	 10.503320	 21.080800	-3.898340	 9.395206	 9.518596	-0.473063	 9.966733	-72.614270	-51.617550	-12.041010	-7.588076	 16.022730	-0.540169	 0.139211	 14.789960	-0.368235	 3.437935	 0.925577	-3.822462	 90.513970	-93.741170	 1.157314	-90.188550	-178.693900	-7.151995	 100.792400	-0.813313	 0.122417	-8.559153	-53.974900	-36.446060	-2.999832	-52.668710	 0.910126	-3.394567	 29.175300	 2.997024	-12.513410	-11.111900	-4.126297	 49.434590	 2.467052	-1.146059	 51.425110	 2.533192	 0.930932	-46.023630	-4.829983	-4.612781	 69.914840	-0.135494	 3.282868	 78.696120	 0.192281	 7.209813	-12.109340	 29.680270	 12.059630	 58.436680	-5.969634	 19.971070	 76.166030	-4.717263	 19.573470	-20.565410	 14.813830	 5.197251	 76.306140	-3.484410	 9.763248	 74.794460	-2.405404	 12.262740	 1.246241	-33.344800	-2.852288	 22.910130	 81.390830	-0.342956	 0.642371	 35.370370	-0.405495	 3.620178	 0.000000	 90.000000	 0.000000	 175.057100	 7.047928	 171.427100	-173.965100	-10.885080	-24.392470
-0.041244	-0.100520	 0.002687	-169.556500	 6.148492	-91.415210	-7.682453	-0.705573	-8.152728	-7.287995	-3.392561	-7.545822	 2.033240	-8.146306	 110.409000	-0.813313	 0.122417	-8.559153	-35.110890	-25.564660	 24.542910	-39.148430	 24.004300	 1.723759	-14.254830	 28.175110	-44.369500	-11.582920	-4.601621	 9.666660	 2.503291	-1.126934	 4.548135	 3.270450	-0.643668	-80.071260	 4.078253	 3.222960	 11.893030	-0.275389	 3.148105	 9.181604	 2.914070	 4.300951	-70.855300	 37.690570	 19.902260	 14.724500	-6.821038	 19.211720	 10.901230	-5.654304	 19.246900	-70.983410	 18.676460	 10.506200	 21.079700	-3.898340	 9.395206	 9.518596	-0.473063	 9.966733	-72.614270	-51.617550	-12.041010	-7.588076	 16.022730	-0.540169	 0.139211	 14.789960	-0.368235	 3.437935	 0.939980	-4.036844	 90.520230	-93.842640	 1.270503	-90.157020	-178.734400	-6.923757	 100.760000	-0.813313	 0.122417	-8.559153	-53.369730	-36.274360	-3.003453	-52.960270	 1.399602	-3.550953	 28.790240	 3.534552	-12.629290	-11.097630	-4.113231	 49.428390	 2.467058	-1.146052	 51.415370	 2.533455	 0.930640	-46.031220	-4.829782	-4.612511	 69.914780	-0.135494	 3.282868	 78.696020	 0.192287	 7.209811	-12.109420	 29.680280	 12.059650	 58.436630	-5.971839	 19.962880	 75.692360	-4.717265	 19.573470	-20.565490	 14.786620	 5.199151	 75.887010	-3.484410	 9.763247	 74.794330	-2.380403	 12.256730	 0.661688	-33.366870	-2.801024	 23.105910	 78.834140	-0.360750	 0.628882	 35.370370	-0.405495	 3.620178	 0.000000	 90.000000	 0.000000	 175.023600	 6.810170	 171.114400	-173.889900	-11.093160	-24.429870
-0.040539	-0.101772	 0.003077	-168.987300	 6.290275	-91.485830	-7.743326	-0.718853	-8.189068	-7.348999	-3.438544	-7.579053	 2.076209	-8.314957	 110.395300	-0.813313	 0.122417	-8.559153	-35.105760	-25.604990	 24.489100	-39.618320	 23.953560	 1.708847	-14.293860	 28.144000	-44.126890	-11.582920	-4.601621	 9.666660	 2.503291	-1.126934	 4.548135	 3.270450	-0.643668	-80.071260	 4.079101	 3.223330	 11.892980	-0.275389	 3.148105	 9.181604	 2.914102	 4.300824	-70.857180	 37.692390	 19.902920	 14.723870	-6.821038	 19.211720	 10.901230	-5.654351	 19.246910	-70.985760	 18.680330	 10.508180	 21.078950	-3.898340	 9.395206	 9.518596	-0.473063	 9.966733	-72.614270	-51.617550	-12.041010	-7.588076	 16.022730	-0.540169	 0.139211	 14.789960	-0.368235	 3.437935	 0.952237	-4.211774	 90.525510	-93.940840	 1.439570	-89.989490	-178.770900	-6.716187	 100.735900	-0.813313	 0.122417	-8.559153	-52.913590	-36.154610	-3.045839	-53.100490	 1.747077	-3.687327	 28.347510	 3.956595	-12.672850	-11.085020	-4.101681	 49.422730	 2.467063	-1.146046	 51.406520	 2.533694	 0.930376	-46.038080	-4.829611	-4.612280	 69.914730	-0.135494	 3.282867	 78.695900	 0.192291	 7.209811	-12.109490	 29.680290	 12.059660	 58.436570	-5.973732	 19.956090	 75.298090	-4.717264	 19.573470	-20.565550	 14.763980	 5.200887	 75.538120	-3.484410	 9.763246	 74.794240	-2.359642	 12.251540	 0.175154	-33.385350	-2.758486	 23.268610	 76.709010	-0.375064	 0.617069	 35.370370	-0.405495	 3.620178	 0.000000	 90.000000	 0.000000	 174.977400	 6.592212	 170.812300	-173.829300	-11.287930	-24.444940
-0.039749	-0.103039	 0.003464	-168.414300	 6.426454	-91.552160	-7.806913	-0.731180	-8.227051	-7.412879	-3.484474	-7.613886	 2.120001	-8.486854	 110.381800	-0.813313	 0.122417	-8.559153	-35.115750	-25.643020	 24.387570	-39.985740	 23.912730	 1.689811	-14.404670	 28.139350	-43.865090	-11.582920	-4.601621	 9.666660	 2.503291	-1.126934	 4.548135	 3.270450	-0.643668	-80.071260	 4.079776	 3.223625	 11.892940	-0.275389	 3.148105	 9.181604	 2.914126	 4.300721	-70.858630	 37.693860	 19.903460	 14.723370	-6.821038	 19.211720	 10.901230	-5.654391	 19.246910	-70.987610	 18.683190	 10.509650	 21.078390	-3.898340	 9.395206	 9.518596	-0.473063	 9.966733	-72.614270	-51.617550	-12.041010	-7.588076	 16.022730	-0.540169	 0.139211	 14.789960	-0.368235	 3.437935	 0.964567	-4.389036	 90.530750	-94.047240	 1.727008	-89.774010	-178.808000	-6.504240	 100.714200	-0.813313	 0.122417	-8.559153	-52.560170	-36.067870	-3.152799	-53.018870	 1.989216	-3.815240	 27.950340	 4.300282	-12.686950	-11.072040	-4.089802	 49.416790	 2.467068	-1.146040	 51.397280	 2.533943	 0.930101	-46.045260	-4.829441	-4.612051	 69.914690	-0.135494	 3.282867	 78.695830	 0.192297	 7.209808	-12.109580	 29.680280	 12.059670	 58.436530	-5.975640	 19.949420	 74.910790	-4.717266	 19.573470	-20.565620	 14.741740	 5.202724	 75.195330	-3.484410	 9.763247	 74.794120	-2.339287	 12.246270	-0.302907	-33.403620	-2.716809	 23.428240	 74.623980	-0.388677	 0.604971	 35.370370	-0.405495	 3.620178	 0.000000	 90.000000	 0.000000	 174.916900	 6.377270	 170.483800	-173.774400	-11.491870	-24.447170
-0.038787	-0.104556	 0.003921	-167.785800	 6.565761	-91.619900	-7.907121	-0.740230	-8.273188	-7.511094	-3.531493	-7.656366	 2.169254	-8.680505	 110.365800	-0.813313	 0.122417	-8.559153	-35.222000	-25.747330	 24.198990	-40.219160	 23.876660	 1.660189	-14.728740	 28.190610	-43.494130	-11.582920	-4.601621	 9.666660	 2.503291	-1.126934	 4.548135	 3.270450	-0.643668	-80.071260	 4.080316	 3.223861	 11.892910	-0.275389	 3.148105	 9.181604	 2.914146	 4.300635	-70.859890	 37.695100	 19.903910	 14.722950	-6.821038	 19.211720	 10.901230	-5.654422	 19.246910	-70.989140	 18.684970	 10.510560	 21.078050	-3.898340	 9.395206	 9.518596	-0.473063	 9.966733	-72.614270	-51.617550	-12.041010	-7.588076	 16.022730	-0.540169	 0.139211	 14.789960	-0.368235	 3.437935	 0.979493	-4.637180	 90.537070	-94.184170	 2.070081	-89.585620	-178.850300	-6.260752	 100.691200	-0.813313	 0.122417	-8.559153	-52.355620	-36.025590	-3.402158	-52.569580	 2.237426	-3.946407	 27.425390	 4.681436	-12.791940	-11.056500	-4.075571	 49.409610	 2.467074	-1.146031	 51.386040	 2.534247	 0.929764	-46.054020	-4.829247	-4.611788	 69.914620	-0.135494	 3.282867	 78.695710	 0.192301	 7.209807	-12.109640	 29.680290	 12.059680	 58.436500	-5.977892	 19.941760	 74.465100	-4.717267	 19.573470	-20.565700	 14.716170	 5.205003	 74.800850	-3.484410	 9.763246	 74.793990	-2.315915	 12.240010	-0.853170	-33.424730	-2.668982	 23.611640	 72.228560	-0.403765	 0.590480	 35.370370	-0.405495	 3.620178	 0.000000	 90.000000	 0.000000	 174.831600	 6.151945	 170.074100	-173.720800	-11.733190	-24.436910
-0.037844	-0.105883	 0.004307	-167.236800	 6.668654	-91.676420	-8.011026	-0.741298	-8.313482	-7.611097	-3.560976	-7.693568	 2.215761	-8.863272	 110.351700	-0.813313	 0.122417	-8.559153	-35.377300	-25.883620	 24.015130	-40.243820	 23.854480	 1.629055	-15.079390	 28.259150	-43.170720	-11.582920	-4.601621	 9.666660	 2.503291	-1.126934	 4.548135	 3.270450	-0.643668	-80.071260	 4.080567	 3.223971	 11.892900	-0.275389	 3.148105	 9.181604	 2.914156	 4.300598	-70.860450	 37.695670	 19.904120	 14.722750	-6.821038	 19.211720	 10.901230	-5.654435	 19.246910	-70.989740	 18.685380	 10.510770	 21.077970	-3.898340	 9.395206	 9.518596	-0.473063	 9.966733	-72.614270	-51.617550	-12.041010	-7.588076	 16.022730	-0.540169	 0.139211	 14.789960	-0.368235	 3.437935	 0.992518	-4.875360	 90.542560	-94.308530	 2.298557	-89.596920	-178.883800	-6.067873	 100.672800	-0.813313	 0.122417	-8.559153	-52.378140	-36.028240	-3.750798	-52.036220	 2.299948	-4.038560	 26.975310	 4.870738	-12.881270	-11.043170	-4.063376	 49.403320	 2.467080	-1.146025	 51.376270	 2.534511	 0.929472	-46.061610	-4.829074	-4.611560	 69.914600	-0.135494	 3.282867	 78.695630	 0.192307	 7.209805	-12.109730	 29.680300	 12.059700	 58.436440	-5.979816	 19.935390	 74.093880	-4.717268	 19.573470	-20.565770	 14.694890	 5.207054	 74.472340	-3.484410	 9.763245	 74.793910	-2.296503	 12.234620	-1.311327	-33.442390	-2.629264	 23.764130	 70.238110	-0.415818	 0.577953	 35.370370	-0.405495	 3.620178	 0.000000	 90.000000	 0.000000	 174.746900	 5.953238	 169.713900	-173.687700	-11.931380	-24.420320
-0.036649	-0.107300	 0.004728	-166.598700	 6.765840	-91.743520	-8.130634	-0.734193	-8.355092	-7.724449	-3.576569	-7.732055	 2.275142	-9.096211	 110.336100	-0.813313	 0.122417	-8.559153	-35.587090	-26.059190	 23.809600	-40.027710	 23.839390	 1.589644	-15.415470	 28.329370	-42.875520	-11.582920	-4.601621	 9.666660	 2.503291	-1.126934	 4.548135	 3.270450	-0.643668	-80.071260	 4.080586	 3.223979	 11.892900	-0.275389	 3.148105	 9.181604	 2.914155	 4.300602	-70.860380	 37.695690	 19.904130	 14.722740	-6.821038	 19.211720	 10.901230	-5.654431	 19.246910	-70.989580	 18.685490	 10.510830	 21.077950	-3.898340	 9.395206	 9.518596	-0.473063	 9.966733	-72.614270	-51.617550	-12.041010	-7.588076	 16.022730	-0.540169	 0.139211	 14.789960	-0.368235	 3.437935	 1.005911	-5.135009	 90.548190	-94.439260	 2.509936	-89.740250	-178.913800	-5.894955	 100.654400	-0.813313	 0.122417	-8.559153	-52.533090	-36.029080	-4.235273	-51.202510	 2.273208	-4.101250	 26.575030	 4.987988	-12.989990	-11.029700	-4.051054	 49.396910	 2.467086	-1.146018	 51.366290	 2.534779	 0.929175	-46.069340	-4.828912	-4.611337	 69.914530	-0.135494	 3.282866	 78.695540	 0.192311	 7.209803	-12.109790	 29.680300	 12.059700	 58.436390	-5.981777	 19.929080	 73.725280	-4.717269	 19.573470	-20.565820	 14.673750	 5.209177	 74.146050	-3.484410	 9.763244	 74.793810	-2.277269	 12.229130	-1.766339	-33.460020	-2.589940	 23.915300	 68.264080	-0.427350	 0.565135	 35.370370	-0.405495	 3.620178	 0.000000	 90.000000	 0.000000	 174.648400	 5.706079	 169.346500	-173.670700	-12.116690	-24.399130
-0.035203	-0.108964	 0.005221	-165.914600	 6.881123	-91.816890	-8.280979	-0.711333	-8.403378	-7.864785	-3.571056	-7.776821	 2.345742	-9.373989	 110.315300	-0.813313	 0.122417	-8.559153	-35.881760	-26.297530	 23.552650	-39.820140	 23.824150	 1.546670	-15.662130	 28.383060	-42.626100	-11.582920	-4.601621	 9.666660	 2.503291	-1.126934	 4.548135	 3.270450	-0.643668	-80.071260	 4.080316	 3.223861	 11.892910	-0.275389	 3.148105	 9.181604	 2.914141	 4.300657	-70.859570	 37.695020	 19.903880	 14.722970	-6.821038	 19.211720	 10.901230	-5.654408	 19.246910	-70.988460	 18.685260	 10.510710	 21.077990	-3.898340	 9.395206	 9.518596	-0.473063	 9.966733	-72.614270	-51.617550	-12.041010	-7.588076	 16.022730	-0.540169	 0.139211	 14.789960	-0.368235	 3.437935	 1.021455	-5.445889	 90.554660	-94.597080	 2.720306	-89.881620	-178.939700	-5.746446	 100.633100	-0.813313	 0.122417	-8.559153	-52.985090	-36.036360	-4.980035	-49.846770	 2.232552	-4.105271	 25.977010	 5.124337	-13.136770	-11.014460	-4.037117	 49.389570	 2.467092	-1.146010	 51.354880	 2.535087	 0.928834	-46.078200	-4.828717	-4.611076	 69.914470	-0.135495	 3.282866	 78.695450	 0.192316	 7.209803	-12.109860	 29.680310	 12.059720	 58.436360	-5.984015	 19.922020	 73.312260	-4.717270	 19.573470	-20.565890	 14.650090	 5.211713	 73.780450	-3.484410	 9.763244	 74.793690	-2.255770	 12.222790	-2.276164	-33.479840	-2.546046	 24.084270	 66.057730	-0.439701	 0.550346	 35.370370	-0.405495	 3.620178	 0.000000	 90.000000	 0.000000	 174.528100	 5.437841	 168.932300	-173.670600	-12.301400	-24.372860
-0.034089	-0.110359	 0.005621	-165.474800	 6.990280	-91.865390	-8.413764	-0.678004	-8.443912	-7.986650	-3.542665	-7.814437	 2.398324	-9.582464	 110.294800	-0.813313	 0.122417	-8.559153	-36.163100	-26.519180	 23.322810	-39.812040	 23.809930	 1.516978	-15.729120	 28.399270	-42.499350	-11.582920	-4.601621	 9.666660	 2.503291	-1.126934	 4.548135	 3.270450	-0.643668	-80.071260	 4.079892	 3.223676	 11.892940	-0.275389	 3.148105	 9.181604	 2.914120	 4.300744	-70.858310	 37.693900	 19.903470	 14.723360	-6.821038	 19.211720	 10.901230	-5.654375	 19.246910	-70.986780	 18.684770	 10.510460	 21.078090	-3.898340	 9.395206	 9.518596	-0.473063	 9.966733	-72.614270	-51.617550	-12.041010	-7.588076	 16.022730	-0.540169	 0.139211	 14.789960	-0.368235	 3.437935	 1.034477	-5.708476	 90.560060	-94.736270	 2.867811	-89.897240	-178.954600	-5.662421	 100.613900	-0.813313	 0.122417	-8.559153	-53.721790	-36.074270	-5.793676	-48.272610	 2.266839	-4.029612	 25.267840	 5.287409	-13.413120	-11.002070	-4.025792	 49.383510	 2.467097	-1.146003	 51.345520	 2.535339	 0.928555	-46.085460	-4.828551	-4.610855	 69.914440	-0.135495	 3.282866	 78.695370	 0.192321	 7.209800	-12.109930	 29.680310	 12.059720	 58.436320	-5.985883	 19.916280	 72.975590	-4.717270	 19.573470	-20.565950	 14.630830	 5.213897	 73.482580	-3.484411	 9.763243	 74.793630	-2.238296	 12.217480	-2.691572	-33.496040	-2.510396	 24.221710	 64.263370	-0.449317	 0.537973	 35.370370	-0.405495	 3.620178	 0.000000	 90.000000	 0.000000	 174.428400	 5.264643	 168.601600	-173.676500	-12.423260	-24.351300
-0.033042	-0.111730	 0.006018	-165.125300	 7.110799	-91.905700	-8.552114	-0.633596	-8.484964	-8.109797	-3.480429	-7.852431	 2.445389	-9.770635	 110.271700	-0.813313	 0.122417	-8.559153	-36.471770	-26.757080	 23.078220	-39.841960	 23.794430	 1.488733	-15.739310	 28.403740	-42.411010	-11.582920	-4.601621	 9.666660	 2.503291	-1.126934	 4.548135	 3.270450	-0.643668	-80.071260	 4.079276	 3.223406	 11.892970	-0.275389	 3.148105	 9.181604	 2.914090	 4.300867	-70.856540	 37.692270	 19.902880	 14.723910	-6.821038	 19.211720	 10.901230	-5.654325	 19.246900	-70.984420	 18.684040	 10.510080	 21.078230	-3.898340	 9.395206	 9.518596	-0.473063	 9.966733	-72.614270	-51.617550	-12.041010	-7.588076	 16.022730	-0.540169	 0.139211	 14.789960	-0.368235	 3.437935	 1.047597	-5.969554	 90.565460	-94.881530	 2.999213	-89.867240	-178.964800	-5.606255	 100.595100	-0.813313	 0.122417	-8.559153	-54.648180	-36.110280	-6.731791	-46.436890	 2.474922	-3.912827	 24.331210	 5.579057	-13.991300	-10.989950	-4.014714	 49.377600	 2.467103	-1.145997	 51.336320	 2.535587	 0.928279	-46.092640	-4.828400	-4.610649	 69.914390	-0.135494	 3.282865	 78.695270	 0.192325	 7.209798	-12.109990	 29.680320	 12.059740	 58.436300	-5.987765	 19.910620	 72.643040	-4.717271	 19.573460	-20.566000	 14.611810	 5.216154	 73.188160	-3.484412	 9.763242	 74.793530	-2.221070	 12.212120	-3.102030	-33.512100	-2.475280	 24.357190	 62.494720	-0.458417	 0.525491	 35.370370	-0.405495	 3.620178	 0.000000	 90.000000	 0.000000	 174.330200	 5.120990	 168.285200	-173.682800	-12.520430	-24.332610
-0.031881	-0.113256	 0.006482	-164.764100	 7.254103	-91.950730	-8.712514	-0.572655	-8.531943	-8.246385	-3.361923	-7.895617	 2.493323	-9.964066	 110.242900	-0.813313	 0.122417	-8.559153	-36.844740	-27.038120	 22.785460	-39.912670	 23.773690	 1.458164	-15.693470	 28.394910	-42.348900	-11.582920	-4.601621	 9.666660	 2.503291	-1.126934	 4.548135	 3.270450	-0.643668	-80.071260	 4.078331	 3.222993	 11.893030	-0.275389	 3.148105	 9.181604	 2.914047	 4.301052	-70.853870	 37.689820	 19.901990	 14.724750	-6.821038	 19.211720	 10.901230	-5.654252	 19.246900	-70.980900	 18.682880	 10.509490	 21.078450	-3.898340	 9.395206	 9.518596	-0.473063	 9.966733	-72.614270	-51.617550	-12.041010	-7.588076	 16.022730	-0.540169	 0.139211	 14.789960	-0.368235	 3.437935	 1.062497	-6.254271	 90.571600	-95.051700	 3.134527	-89.787930	-178.971200	-5.571475	 100.578900	-0.813313	 0.122417	-8.559153	-55.738580	-36.087920	-7.868645	-43.800180	 2.971292	-3.722581	 22.918680	 6.178023	-14.880930	-10.976770	-4.002671	 49.371090	 2.467108	-1.145990	 51.326230	 2.535858	 0.927979	-46.100440	-4.828209	-4.610395	 69.914360	-0.135494	 3.282866	 78.695190	 0.192329	 7.209797	-12.110060	 29.680310	 12.059740	 58.436240	-5.989905	 19.904310	 72.271770	-4.717272	 19.573460	-20.566070	 14.590590	 5.218798	 72.859490	-3.484413	 9.763242	 74.793450	-2.201879	 12.205990	-3.560419	-33.530090	-2.436223	 24.508110	 60.524830	-0.468091	 0.511263	 35.370370	-0.405495	 3.620178	 0.000000	 90.000000	 0.000000	 174.223600	 4.979810	 167.943100	-173.700000	-12.630040	-24.364990
-0.030824	-0.114585	 0.006860	-164.443100	 7.381986	-91.999820	-8.852460	-0.513005	-8.573068	-8.361669	-3.232830	-7.933354	 2.531610	-10.119860	 110.216500	-0.813313	 0.122417	-8.559153	-37.180110	-27.285080	 22.519350	-39.998530	 23.751310	 1.432591	-15.614380	 28.375380	-42.319660	-11.582920	-4.601621	 9.666660	 2.503291	-1.126934	 4.548135	 3.270450	-0.643668	-80.071260	 4.077309	 3.222548	 11.893080	-0.275389	 3.148105	 9.181604	 2.913998	 4.301252	-70.850940	 37.687130	 19.901000	 14.725680	-6.821038	 19.211720	 10.901230	-5.654176	 19.246890	-70.977120	 18.681610	 10.508840	 21.078710	-3.898340	 9.395206	 9.518596	-0.473063	 9.966733	-72.614270	-51.617550	-12.041010	-7.588076	 16.022730	-0.540169	 0.139211	 14.789960	-0.368235	 3.437935	 1.075356	-6.483902	 90.576830	-95.203090	 3.246266	-89.688510	-178.977800	-5.534364	 100.568200	-0.813313	 0.122417	-8.559153	-57.021080	-36.094040	-9.019674	-41.208150	 3.592663	-3.501024	 21.620160	 6.856615	-15.848810	-10.965940	-3.992779	 49.365700	 2.467113	-1.145984	 51.317890	 2.536083	 0.927729	-46.106910	-4.828058	-4.610190	 69.914310	-0.135495	 3.282865	 78.695110	 0.192332	 7.209796	-12.110090	 29.680330	 12.059760	 58.436200	-5.991776	 19.898920	 71.953500	-4.717272	 19.573460	-20.566110	 14.572390	 5.221136	 72.577770	-3.484413	 9.763240	 74.793360	-2.185469	 12.200620	-3.953332	-33.545560	-2.402877	 24.637090	 58.840950	-0.475973	 0.498844	 35.370370	-0.405495	 3.620178	 0.000000	 90.000000	 0.000000	 174.137400	 4.862232	 167.658500	-173.773600	-12.881530	-24.471710
-0.029890	-0.115941	 0.007194	-164.171900	 7.504915	-92.055730	-8.982876	-0.453190	-8.612168	-8.467080	-3.102645	-7.969324	 2.566132	-10.261080	 110.190900	-0.813313	 0.122417	-8.559153	-37.498720	-27.514460	 22.259390	-40.093830	 23.724900	 1.408993	-15.515320	 28.346700	-42.305790	-11.582920	-4.601621	 9.666660	 2.503291	-1.126934	 4.548135	 3.270450	-0.643668	-80.071260	 4.076171	 3.222050	 11.893160	-0.275389	 3.148105	 9.181604	 2.913944	 4.301476	-70.847730	 37.684120	 19.899910	 14.726710	-6.821038	 19.211720	 10.901230	-5.654092	 19.246890	-70.972890	 18.680190	 10.508110	 21.078980	-3.898340	 9.395206	 9.518596	-0.473063	 9.966733	-72.614270	-51.617550	-12.041010	-7.588076	 16.022730	-0.540169	 0.139211	 14.789960	-0.368235	 3.437935	 1.087391	-6.678150	 90.581670	-95.347980	 3.352504	-89.576190	-178.983500	-5.501903	 100.560800	-0.813313	 0.122417	-8.559153	-58.653420	-36.158990	-10.291460	-38.083740	 4.250429	-3.216256	 20.076260	 7.591943	-16.964120	-10.956360	-3.984027	 49.360920	 2.467117	-1.145979	 51.310490	 2.536282	 0.927509	-46.112650	-4.827911	-4.609994	 69.914290	-0.135495	 3.282865	 78.695030	 0.192336	 7.209795	-12.110160	 29.680320	 12.059760	 58.436180	-5.993549	 19.893890	 71.656230	-4.717273	 19.573460	-20.566160	 14.555420	 5.223415	 72.314620	-3.484413	 9.763239	 74.793270	-2.170180	 12.195500	-4.320224	-33.560020	-2.371852	 24.757250	 57.272350	-0.482977	 0.487075	 35.370370	-0.405495	 3.620178	 0.000000	 90.000000	 0.000000	 174.066000	 4.768485	 167.398500	-173.903800	-13.277410	-24.686450
-0.028926	-0.118050	 0.007382	-163.929100	 7.647514	-92.123440	-9.127364	-0.369020	-8.657709	-8.572621	-2.875187	-8.010792	 2.617337	-10.467730	 110.163200	-0.813313	 0.122417	-8.559153	-37.860720	-27.768250	 21.948520	-40.213170	 23.685500	 1.381943	-15.382460	 28.300630	-42.296620	-11.582920	-4.601621	 9.666660	 2.503291	-1.126934	 4.548135	 3.270450	-0.643668	-80.071260	 4.074647	 3.221385	 11.893240	-0.275389	 3.148105	 9.181604	 2.913869	 4.301779	-70.843300	 37.680020	 19.898420	 14.728120	-6.821038	 19.211720	 10.901230	-5.653974	 19.246880	-70.967150	 18.678250	 10.507120	 21.079360	-3.898340	 9.395206	 9.518596	-0.473063	 9.966733	-72.614270	-51.617550	-12.041010	-7.588076	 16.022730	-0.540169	 0.139211	 14.789960	-0.368235	 3.437935	 1.101848	-6.932954	 90.587520	-95.513980	 3.627563	-89.419370	-178.989500	-5.467755	 100.554700	-0.813313	 0.122417	-8.559153	-61.094350	-36.129240	-12.336230	-33.494850	 5.021242	-2.784312	 17.895040	 8.521428	-18.328290	-10.946230	-3.974771	 49.355810	 2.467122	-1.145974	 51.302610	 2.536494	 0.927273	-46.118770	-4.827734	-4.609755	 69.914220	-0.135495	 3.282865	 78.694960	 0.192341	 7.209794	-12.110230	 29.680340	 12.059770	 58.436130	-5.995629	 19.888100	 71.313710	-4.717273	 19.573460	-20.566220	 14.535880	 5.226134	 72.011380	-3.484414	 9.763239	 74.793190	-2.152604	 12.189480	-4.743030	-33.576710	-2.336246	 24.895240	 55.471290	-0.490619	 0.473324	 35.370370	-0.405495	 3.620178	 0.000000	 90.000000	 0.000000	 174.000800	 4.686418	 167.104500	-174.242700	-14.323750	-25.624700
-0.028517	-0.119681	 0.007491	-163.798900	 7.762536	-92.177470	-9.236613	-0.269254	-8.695648	-8.640130	-2.597320	-8.045089	 2.680332	-10.717540	 110.144500	-0.813313	 0.122417	-8.559153	-38.146770	-27.962460	 21.682770	-40.312120	 23.640520	 1.359367	-15.267410	 28.248690	-42.286200	-11.582920	-4.601621	 9.666660	 2.503291	-1.126934	 4.548135	 3.270450	-0.643668	-80.071260	 4.073164	 3.220736	 11.893340	-0.275389	 3.148105	 9.181604	 2.913798	 4.302074	-70.839040	 37.676050	 19.896970	 14.729480	-6.821038	 19.211720	 10.901230	-5.653860	 19.246870	-70.961620	 18.676350	 10.506150	 21.079720	-3.898340	 9.395206	 9.518596	-0.473063	 9.966733	-72.614270	-51.617550	-12.041010	-7.588076	 16.022730	-0.540169	 0.139211	 14.789960	-0.368235	 3.437935	 1.115101	-7.239078	 90.592930	-95.675210	 3.998866	-89.272070	-178.993900	-5.442370	 100.551300	-0.813313	 0.122417	-8.559153	-63.902600	-36.040550	-14.687170	-28.295100	 5.576151	-2.297687	 15.524830	 9.338762	-19.332010	-10.938740	-3.967937	 49.352030	 2.467125	-1.145969	 51.296760	 2.536652	 0.927098	-46.123310	-4.827593	-4.609568	 69.914190	-0.135495	 3.282865	 78.694890	 0.192344	 7.209794	-12.110270	 29.680330	 12.059780	 58.436100	-5.997388	 19.883290	 71.028550	-4.717275	 19.573460	-20.566260	 14.519620	 5.228483	 71.758890	-3.484412	 9.763237	 74.793090	-2.138004	 12.184380	-5.095084	-33.590630	-2.306747	 25.009750	 53.976920	-0.496634	 0.461740	 35.370370	-0.405495	 3.620178	 0.000000	 90.000000	 0.000000	 173.962500	 4.616917	 166.863100	-174.251900	-14.817160	-26.085610
-0.027949	-0.120892	 0.007735	-163.704700	 7.899012	-92.237370	-9.327202	-0.150882	-8.731495	-8.690689	-2.312696	-8.077908	 2.747113	-10.981090	 110.129100	-0.813313	 0.122417	-8.559153	-38.432190	-28.151610	 21.416010	-40.397320	 23.583190	 1.337803	-15.165590	 28.185500	-42.265620	-11.582920	-4.601621	 9.666660	 2.503291	-1.126934	 4.548135	 3.270450	-0.643668	-80.071260	 4.071582	 3.220046	 11.893430	-0.275389	 3.148105	 9.181604	 2.913722	 4.302389	-70.834470	 37.671780	 19.895420	 14.730940	-6.821038	 19.211720	 10.901230	-5.653738	 19.246860	-70.955710	 18.674350	 10.505120	 21.080110	-3.898340	 9.395206	 9.518596	-0.473063	 9.966733	-72.614270	-51.617550	-12.041010	-7.588076	 16.022730	-0.540169	 0.139211	 14.789960	-0.368235	 3.437935	 1.128292	-7.569375	 90.598350	-95.882470	 4.258545	-89.146690	-178.997500	-5.421314	 100.548900	-0.813313	 0.122417	-8.559153	-67.530990	-35.330510	-17.780050	-21.836290	 6.051216	-1.495556	 12.878630	 9.696400	-20.453710	-10.932660	-3.962386	 49.348940	 2.467128	-1.145966	 51.291980	 2.536779	 0.926956	-46.126990	-4.827440	-4.609364	 69.914170	-0.135495	 3.282864	 78.694810	 0.192348	 7.209793	-12.110320	 29.680340	 12.059790	 58.436070	-5.999074	 19.878740	 70.758580	-4.717276	 19.573460	-20.566310	 14.504230	 5.230771	 71.519930	-3.484413	 9.763236	 74.793040	-2.124212	 12.179460	-5.428342	-33.603820	-2.278920	 25.117800	 52.566760	-0.502032	 0.450671	 35.370370	-0.405495	 3.620178	 0.000000	 90.000000	 0.000000	 173.941100	 4.578166	 166.636000	-174.173800	-14.213100	-25.758020
-0.027329	-0.123071	 0.007835	-163.699700	 8.156779	-92.310920	-9.415232	 0.009268	-8.771726	-8.717176	-1.859607	-8.114360	 2.816180	-11.254000	 110.112800	-0.813313	 0.122417	-8.559153	-38.846310	-28.423920	 21.072110	-40.471980	 23.501350	 1.312849	-15.074880	 28.100440	-42.216260	-11.582920	-4.601621	 9.666660	 2.503291	-1.126934	 4.548135	 3.270450	-0.643668	-80.071260	 4.069596	 3.219178	 11.893550	-0.275389	 3.148105	 9.181604	 2.913625	 4.302791	-70.828640	 37.666320	 19.893430	 14.732820	-6.821038	 19.211720	 10.901230	-5.653589	 19.246850	-70.948140	 18.671800	 10.503810	 21.080610	-3.898340	 9.395206	 9.518596	-0.473063	 9.966733	-72.614270	-51.617550	-12.041010	-7.588076	 16.022730	-0.540169	 0.139211	 14.789960	-0.368235	 3.437935	 1.143385	-7.932200	 90.604510	-96.167310	 4.509419	-89.029800	-179.000900	-5.401485	 100.546600	-0.813313	 0.122417	-8.559153	-72.988480	-31.812240	-22.663730	-11.451230	 6.248715	 0.081897	 8.710861	 7.639876	-21.842450	-10.927280	-3.957471	 49.346210	 2.467130	-1.145963	 51.287760	 2.536894	 0.926829	-46.130300	-4.827281	-4.609151	 69.914140	-0.135495	 3.282864	 78.694740	 0.192351	 7.209791	-12.110380	 29.680350	 12.059790	 58.436030	-6.001012	 19.873610	 70.453370	-4.717276	 19.573460	-20.566350	 14.486840	 5.233417	 71.249710	-3.484413	 9.763236	 74.792950	-2.108659	 12.173810	-5.805058	-33.618710	-2.247648	 25.239390	 50.979880	-0.507771	 0.438057	 35.370370	-0.405495	 3.620178	 0.000000	 90.000000	 0.000000	 173.920800	 4.552673	 166.380000	-174.258800	-14.361340	-26.065030
-0.026732	-0.125242	 0.008179	-163.685700	 8.428589	-92.387600	-9.482969	 0.162517	-8.804733	-8.723544	-1.402025	-8.144438	 2.878641	-11.500780	 110.098600	-0.813313	 0.122417	-8.559153	-39.264160	-28.695190	 20.749550	-40.464580	 23.420080	 1.290209	-15.072380	 28.032950	-42.144340	-11.582920	-4.601621	 9.666660	 2.503291	-1.126934	 4.548135	 3.270450	-0.643668	-80.071260	 4.067746	 3.218369	 11.893650	-0.275389	 3.148105	 9.181604	 2.913533	 4.303165	-70.823190	 37.661220	 19.891570	 14.734560	-6.821038	 19.211720	 10.901230	-5.653440	 19.246840	-70.941100	 18.669420	 10.502600	 21.081080	-3.898340	 9.395206	 9.518596	-0.473063	 9.966733	-72.614270	-51.617550	-12.041010	-7.588076	 16.022730	-0.540169	 0.139211	 14.789960	-0.368235	 3.437935	 1.156661	-8.276942	 90.609960	-96.430270	 4.705319	-89.023410	-179.002700	-5.388617	 100.557700	-0.813313	 0.122417	-8.559153	-74.454630	-27.220330	-24.397080	-6.629527	 6.599280	 0.888612	 6.987476	 4.010993	-22.107980	-10.924310	-3.954759	 49.344680	 2.467132	-1.145962	 51.285420	 2.536957	 0.926760	-46.132110	-4.827147	-4.608970	 69.914100	-0.135495	 3.282864	 78.694700	 0.192354	 7.209792	-12.110410	 29.680340	 12.059790	 58.436020	-6.002647	 19.869350	 70.199320	-4.717276	 19.573460	-20.566400	 14.472380	 5.235697	 71.024790	-3.484413	 9.763236	 74.792880	-2.095737	 12.169030	-6.118701	-33.631100	-2.221750	 25.340190	 49.664670	-0.512264	 0.427484	 35.370370	-0.405495	 3.620178	 0.000000	 90.000000	 0.000000	 173.907200	 4.531850	 166.073200	-174.126600	-13.941150	-26.179080
-0.025692	-0.127063	 0.008825	-163.582900	 8.699734	-92.482440	-9.541952	 0.319804	-8.834890	-8.720801	-0.938721	-8.172419	 2.960615	-11.823550	 110.083500	-0.813313	 0.122417	-8.559153	-39.710840	-28.980740	 20.418040	-40.343120	 23.334320	 1.266049	-15.176630	 27.987590	-42.057850	-11.582920	-4.601621	 9.666660	 2.503291	-1.126934	 4.548135	 3.270450	-0.643668	-80.071260	 4.065876	 3.217553	 11.893770	-0.275389	 3.148105	 9.181604	 2.913439	 4.303552	-70.817600	 37.655980	 19.889670	 14.736360	-6.821038	 19.211720	 10.901230	-5.653293	 19.246830	-70.933860	 18.666990	 10.501350	 21.081550	-3.898340	 9.395206	 9.518596	-0.473063	 9.966733	-72.614270	-51.617550	-12.041010	-7.588076	 16.022730	-0.540169	 0.139211	 14.789960	-0.368235	 3.437935	 1.170470	-8.713323	 90.615750	-96.683170	 4.892461	-89.113050	-179.003100	-5.380007	 100.592500	-0.813313	 0.122417	-8.559153	-74.344500	-22.094490	-24.595810	-4.659619	 7.006966	 1.363175	 6.328634	-0.658638	-21.671750	-10.923070	-3.953636	 49.344040	 2.467132	-1.145961	 51.284450	 2.536983	 0.926731	-46.132850	-4.827012	-4.608790	 69.914080	-0.135495	 3.282864	 78.694640	 0.192356	 7.209788	-12.110450	 29.680350	 12.059810	 58.435990	-6.004189	 19.865390	 69.962770	-4.717278	 19.573460	-20.566430	 14.458920	 5.237873	 70.815240	-3.484413	 9.763235	 74.792840	-2.083729	 12.164520	-6.410777	-33.642640	-2.197760	 25.433640	 48.445140	-0.516214	 0.417590	 35.370370	-0.405495	 3.620178	 0.000000	 90.000000	 0.000000	 173.898900	 4.512388	 165.624800	-174.089400	-13.473430	-26.017130
-0.024477	-0.129601	 0.009713	-163.450800	 9.033312	-92.605520	-9.605178	 0.514870	-8.868526	-8.713513	-0.405517	-8.204568	 3.060601	-12.219540	 110.059500	-0.813313	 0.122417	-8.559153	-40.288030	-29.342410	 19.998790	-40.077480	 23.224000	 1.235158	-15.393420	 27.949960	-41.949920	-11.582920	-4.601621	 9.666660	 2.503291	-1.126934	 4.548135	 3.270450	-0.643668	-80.071260	 4.063505	 3.216517	 11.893910	-0.275389	 3.148105	 9.181604	 2.913320	 4.304043	-70.810480	 37.649300	 19.887230	 14.738650	-6.821038	 19.211720	 10.901230	-5.653107	 19.246810	-70.924650	 18.663940	 10.499790	 21.082140	-3.898340	 9.395206	 9.518596	-0.473063	 9.966733	-72.614270	-51.617550	-12.041010	-7.588076	 16.022730	-0.540169	 0.139211	 14.789960	-0.368235	 3.437935	 1.186867	-9.232429	 90.622620	-96.972310	 5.112472	-89.169390	-179.002100	-5.374925	 100.649500	-0.813313	 0.122417	-8.559153	-73.501240	-18.302410	-24.375640	-3.715247	 7.786388	 1.522960	 6.119404	-3.633103	-21.173080	-10.317990	-3.482449	 45.306450	 2.470479	-1.142240	 45.707050	 2.680149	 0.755206	-50.445890	-4.826866	-4.608593	 69.914030	-0.135495	 3.282864	 78.694560	 0.192362	 7.209788	-12.110530	 29.680350	 12.059820	 58.435950	-6.005976	 19.860840	 69.691010	-4.717278	 19.573450	-20.566480	 14.443490	 5.240431	 70.574740	-3.484414	 9.763235	 74.792760	-2.069969	 12.159260	-6.746178	-33.655850	-2.170389	 25.540320	 47.053520	-0.520467	 0.406204	 35.370370	-0.405495	 3.620178	 0.000000	 90.000000	 0.000000	 173.892700	 4.507192	 165.025300	-174.145100	-13.126260	-26.130680
-0.023668	-0.131693	 0.010464	-163.372300	 9.312116	-92.710110	-9.652793	 0.679854	-8.894492	-8.713048	-0.035550	-8.230284	 3.125532	-12.481900	 110.031000	-0.813313	 0.122417	-8.559153	-40.796620	-29.653690	 19.631320	-39.777530	 23.126420	 1.208292	-15.612670	 27.924730	-41.870710	-11.582920	-4.601621	 9.666660	 2.503291	-1.126934	 4.548135	 3.270450	-0.643668	-80.071260	 4.061441	 3.215616	 11.894030	-0.275389	 3.148105	 9.181604	 2.913214	 4.304478	-70.804180	 37.643390	 19.885090	 14.740670	-6.821038	 19.211720	 10.901230	-5.652942	 19.246800	-70.916500	 18.661270	 10.498420	 21.082660	-3.898340	 9.395206	 9.518596	-0.473063	 9.966733	-72.614270	-51.617550	-12.041010	-7.588076	 16.022730	-0.540169	 0.139211	 14.789960	-0.368235	 3.437935	 1.199450	-9.574759	 90.627860	-97.192600	 5.211160	-89.099130	-178.999700	-5.375146	 100.723400	-0.813313	 0.122417	-8.559153	-73.020520	-16.427390	-24.044890	-3.186653	 8.641744	 1.521090	 6.491254	-4.780505	-20.557080	-8.342986	-2.420217	 31.536410	 2.484019	-1.132442	 27.004880	 3.060952	 0.106545	-64.998400	-4.826742	-4.608429	 69.914020	-0.135495	 3.282863	 78.694520	 0.192363	 7.209787	-12.110550	 29.680360	 12.059830	 58.435920	-6.007430	 19.857200	 69.473040	-4.717279	 19.573460	-20.566510	 14.431080	 5.242517	 70.381630	-3.484415	 9.763235	 74.792690	-2.058949	 12.154990	-7.015364	-33.666420	-2.148587	 25.625390	 45.943050	-0.523652	 0.397045	 35.370370	-0.405495	 3.620178	 0.000000	 90.000000	 0.000000	 173.885200	 4.511797	 164.604600	-174.114600	-12.892840	-26.344540
-0.022885	-0.133777	 0.011304	-163.285500	 9.600858	-92.829300	-9.700099	 0.856702	-8.920249	-8.720760	 0.275676	-8.256585	 3.178264	-12.701460	 109.992100	-0.813313	 0.122417	-8.559153	-41.364860	-29.992630	 19.217250	-39.395680	 23.016310	 1.178716	-15.847190	 27.895430	-41.812450	-11.582920	-4.601621	 9.666660	 2.503291	-1.126934	 4.548135	 3.270450	-0.643668	-80.071260	 4.059109	 3.214597	 11.894170	-0.275389	 3.148105	 9.181604	 2.913094	 4.304975	-70.796970	 37.636610	 19.882610	 14.742990	-6.821038	 19.211720	 10.901230	-5.652752	 19.246780	-70.907180	 18.658230	 10.496860	 21.083250	-3.898340	 9.395206	 9.518596	-0.473063	 9.966733	-72.614270	-51.617550	-12.041010	-7.588076	 16.022730	-0.540169	 0.139211	 14.789960	-0.368235	 3.437935	 1.212046	-9.861879	 90.633000	-97.395360	 5.163715	-88.973610	-178.992600	-5.392199	 100.853000	-0.813313	 0.122417	-8.559153	-72.511340	-15.588520	-23.471860	-3.021293	 9.257070	 1.523105	 7.240537	-5.202957	-19.819830	-6.798100	-2.009300	 20.814950	 2.496212	-1.128166	 12.573890	 3.236320	-0.449431	-76.262540	-4.826608	-4.608250	 69.913990	-0.135495	 3.282863	 78.694460	 0.192365	 7.209786	-12.110590	 29.680360	 12.059830	 58.435890	-6.008965	 19.853400	 69.245160	-4.717279	 19.573460	-20.566550	 14.418160	 5.244755	 70.180020	-3.484415	 9.763234	 74.792660	-2.047463	 12.150470	-7.296433	-33.677450	-2.125985	 25.713690	 44.791330	-0.526772	 0.387481	 35.370370	-0.405495	 3.620178	 0.000000	 90.000000	 0.000000	 173.872100	 4.522408	 164.268200	-174.144400	-12.829210	-26.640930
-0.022245	-0.135447	 0.012019	-163.225400	 9.835756	-92.929760	-9.737809	 1.002851	-8.940163	-8.727533	 0.516399	-8.277325	 3.219624	-12.876680	 109.954900	-0.813313	 0.122417	-8.559153	-41.856010	-30.277150	 18.852070	-39.041230	 22.919470	 1.153534	-16.010160	 27.862120	-41.799100	-11.582920	-4.601621	 9.666660	 2.503291	-1.126934	 4.548135	 3.270450	-0.643668	-80.071260	 4.057008	 3.213679	 11.894290	-0.275389	 3.148105	 9.181604	 2.912984	 4.305423	-70.790470	 37.630520	 19.880390	 14.745080	-6.821038	 19.211720	 10.901230	-5.652582	 19.246770	-70.898780	 18.655530	 10.495480	 21.083780	-3.898340	 9.395206	 9.518596	-0.473063	 9.966733	-72.614270	-51.617550	-12.041010	-7.588076	 16.022730	-0.540169	 0.139211	 14.789960	-0.368235	 3.437935	 1.222190	-10.058630	 90.637150	-97.540890	 5.089792	-88.838740	-178.981400	-5.433370	 100.981300	-0.813313	 0.122417	-8.559153	-72.052760	-14.993820	-22.848900	-3.162189	 9.966415	 1.585958	 7.965637	-5.305629	-19.297570	-6.436240	-2.035209	 16.990510	 2.500588	-1.127424	 7.627101	 3.271355	-0.649931	-80.189470	-4.826499	-4.608103	 69.913970	-0.135495	 3.282863	 78.694410	 0.192368	 7.209784	-12.110630	 29.680360	 12.059830	 58.435880	-6.010242	 19.850270	 69.057350	-4.717279	 19.573450	-20.566590	 14.407490	 5.246624	 70.013600	-3.484414	 9.763233	 74.792570	-2.038002	 12.146700	-7.528406	-33.686490	-2.107485	 25.785980	 43.848080	-0.529184	 0.379605	 35.370370	-0.405495	 3.620178	 0.000000	 90.000000	 0.000000	 173.857900	 4.536216	 164.016100	-174.199600	-12.887210	-26.887520
-0.021493	-0.137439	 0.012871	-163.183600	 10.103790	-93.044650	-9.780555	 1.166394	-8.961050	-8.726496	 0.840788	-8.299504	 3.279501	-13.127470	 109.910000	-0.813313	 0.122417	-8.559153	-42.436470	-30.601770	 18.405450	-38.609760	 22.801990	 1.124235	-16.221640	 27.827330	-41.796720	-11.582920	-4.601621	 9.666660	 2.503291	-1.126934	 4.548135	 3.270450	-0.643668	-80.071260	 4.054443	 3.212559	 11.894450	-0.275389	 3.148105	 9.181604	 2.912846	 4.305989	-70.782260	 37.622810	 19.877580	 14.747730	-6.821038	 19.211720	 10.901230	-5.652367	 19.246750	-70.888230	 18.652170	 10.493760	 21.084430	-3.898340	 9.395206	 9.518596	-0.473063	 9.966733	-72.614270	-51.617550	-12.041010	-7.588076	 16.022730	-0.540169	 0.139211	 14.789960	-0.368235	 3.437935	 1.233822	-10.262160	 90.641860	-97.687530	 5.076245	-88.661750	-178.961400	-5.507745	 101.198300	-0.813313	 0.122417	-8.559153	-71.642590	-14.599130	-22.098500	-3.327278	 10.834720	 1.646403	 8.660946	-5.116959	-19.036260	-5.903835	-2.054049	 12.372740	 2.506028	-1.127031	 1.548871	 3.295383	-0.897121	-84.981660	-4.826375	-4.607938	 69.913950	-0.135495	 3.282862	 78.694360	 0.192370	 7.209785	-12.110660	 29.680350	 12.059830	 58.435870	-6.011728	 19.846670	 68.840930	-4.717279	 19.573450	-20.566610	 14.395220	 5.248831	 69.822000	-3.484415	 9.763232	 74.792550	-2.027124	 12.142310	-7.795568	-33.696830	-2.086377	 25.868520	 42.771040	-0.531780	 0.370564	 35.370370	-0.405495	 3.620178	 0.000000	 90.000000	 0.000000	 173.844300	 4.558141	 163.636900	-174.279900	-13.032140	-27.160900
-0.020872	-0.139208	 0.013561	-163.161000	 10.316240	-93.136070	-9.813425	 1.290921	-8.975345	-8.719759	 1.125904	-8.315194	 3.333423	-13.352410	 109.873100	-0.813313	 0.122417	-8.559153	-42.891280	-30.845330	 18.037670	-38.275130	 22.706450	 1.101586	-16.494670	 27.823380	-41.764140	-11.582920	-4.601621	 9.666660	 2.503291	-1.126934	 4.548135	 3.270450	-0.643668	-80.071260	 4.052245	 3.211599	 11.894580	-0.275389	 3.148105	 9.181604	 2.912728	 4.306470	-70.775270	 37.616230	 19.875180	 14.749980	-6.821038	 19.211720	 10.901230	-5.652183	 19.246740	-70.879170	 18.649330	 10.492310	 21.084980	-3.898340	 9.395206	 9.518596	-0.473063	 9.966733	-72.614270	-51.617550	-12.041010	-7.588076	 16.022730	-0.540169	 0.139211	 14.789960	-0.368235	 3.437935	 1.243153	-10.425160	 90.645650	-97.791660	 5.138330	-88.531070	-178.940300	-5.582647	 101.435300	-0.813313	 0.122417	-8.559153	-71.234380	-14.179390	-21.499850	-3.374806	 11.729910	 1.671291	 8.887623	-4.814719	-19.068150	-5.866561	-2.069565	 11.841220	 2.506634	-1.127023	 0.873506	 3.296794	-0.925135	-85.522740	-4.826271	-4.607800	 69.913930	-0.135495	 3.282862	 78.694310	 0.192372	 7.209785	-12.110680	 29.680370	 12.059850	 58.435840	-6.012894	 19.843860	 68.671830	-4.717280	 19.573450	-20.566650	 14.385630	 5.250568	 69.672260	-3.484414	 9.763233	 74.792500	-2.018640	 12.138850	-8.004292	-33.704860	-2.070055	 25.932370	 41.937840	-0.533668	 0.363536	 35.370370	-0.405495	 3.620178	 0.000000	 90.000000	 0.000000	 173.842700	 4.576995	 163.223700	-174.349800	-13.160130	-27.427800
-0.020122	-0.141334	 0.014347	-163.102200	 10.563440	-93.245650	-9.848222	 1.433114	-8.988245	-8.718946	 1.389283	-8.330304	 3.380672	-13.556220	 109.826000	-0.813313	 0.122417	-8.559153	-43.381470	-31.093590	 17.612320	-37.936390	 22.597890	 1.077379	-16.818630	 27.824620	-41.736500	-11.582920	-4.601621	 9.666660	 2.503291	-1.126934	 4.548135	 3.270450	-0.643668	-80.071260	 4.049643	 3.210461	 11.894730	-0.275389	 3.148105	 9.181604	 2.912587	 4.307057	-70.766780	 37.608240	 19.872270	 14.752720	-6.821038	 19.211720	 10.901230	-5.651957	 19.246720	-70.868190	 18.645960	 10.490570	 21.085630	-3.898340	 9.395206	 9.518596	-0.473063	 9.966733	-72.614270	-51.617550	-12.041010	-7.588076	 16.022730	-0.540169	 0.139211	 14.789960	-0.368235	 3.437935	 1.253614	-10.595580	 90.649920	-97.910960	 5.246666	-88.301510	-178.914300	-5.678443	 101.696300	-0.813313	 0.122417	-8.559153	-70.749340	-13.883430	-20.834890	-3.392822	 12.904520	 1.674036	 8.980721	-4.094809	-19.303620	-5.740443	-2.088511	 10.625050	 2.508062	-1.127033	-0.717230	 3.299054	-0.990307	-86.780750	-4.826166	-4.607659	 69.913920	-0.135495	 3.282863	 78.694300	 0.192374	 7.209783	-12.110720	 29.680370	 12.059850	 58.435820	-6.014202	 19.840750	 68.484210	-4.717279	 19.573450	-20.566670	 14.375000	 5.252545	 69.506130	-3.484415	 9.763232	 74.792450	-2.009238	 12.134960	-8.235999	-33.713670	-2.052167	 26.002370	 41.024770	-0.535624	 0.355804	 35.370370	-0.405495	 3.620178	 0.000000	 90.000000	 0.000000	 173.849600	 4.601152	 162.709600	-174.409800	-13.252320	-27.776730
-0.019510	-0.143077	 0.015053	-163.039900	 10.781220	-93.342200	-9.875254	 1.553006	-8.995692	-8.722511	 1.572143	-8.340078	 3.414165	-13.704750	 109.784000	-0.813313	 0.122417	-8.559153	-43.745180	-31.273440	 17.286280	-37.715840	 22.508570	 1.059049	-17.001040	 27.810290	-41.764390	-11.582920	-4.601621	 9.666660	 2.503291	-1.126934	 4.548135	 3.270450	-0.643668	-80.071260	 4.047368	 3.209467	 11.894870	-0.275389	 3.148105	 9.181604	 2.912458	 4.307582	-70.759140	 37.601080	 19.869660	 14.755170	-6.821038	 19.211720	 10.901230	-5.651757	 19.246700	-70.858360	 18.642970	 10.489040	 21.086220	-3.898340	 9.395206	 9.518596	-0.473063	 9.966733	-72.614270	-51.617550	-12.041010	-7.588076	 16.022730	-0.540169	 0.139211	 14.789960	-0.368235	 3.437935	 1.261568	-10.668650	 90.653110	-97.950540	 5.333806	-88.016130	-178.889800	-5.760571	 101.974000	-0.813313	 0.122417	-8.559153	-70.349880	-13.820420	-20.172520	-3.383899	 13.961460	 1.659815	 8.856998	-3.255343	-19.572220	-5.734895	-2.090763	 10.549390	 2.508150	-1.127034	-0.815198	 3.299147	-0.994347	-86.858700	-4.826068	-4.607528	 69.913890	-0.135495	 3.282862	 78.694250	 0.192376	 7.209783	-12.110750	 29.680370	 12.059850	 58.435820	-6.015281	 19.838210	 68.331040	-4.717280	 19.573450	-20.566700	 14.366320	 5.254168	 69.370520	-3.484415	 9.763232	 74.792400	-2.001585	 12.131770	-8.424868	-33.720780	-2.037806	 26.058690	 40.289520	-0.537106	 0.349555	 35.370370	-0.405495	 3.620178	 0.000000	 90.000000	 0.000000	 173.860700	 4.629223	 162.347900	-174.436300	-13.266490	-28.101450
-0.019007	-0.144606	 0.015765	-163.008200	 10.999010	-93.429090	-9.899038	 1.666816	-8.999288	-8.727738	 1.726354	-8.346272	 3.446587	-13.848450	 109.744500	-0.813313	 0.122417	-8.559153	-43.963130	-31.382050	 17.074390	-37.729630	 22.426770	 1.047434	-17.031950	 27.762370	-41.810490	-11.582920	-4.601621	 9.666660	 2.503291	-1.126934	 4.548135	 3.270450	-0.643668	-80.071260	 4.045112	 3.208482	 11.895000	-0.275389	 3.148105	 9.181604	 2.912329	 4.308109	-70.751500	 37.593870	 19.867030	 14.757640	-6.821038	 19.211720	 10.901230	-5.651557	 19.246690	-70.848460	 18.640030	 10.487540	 21.086790	-3.898340	 9.395206	 9.518596	-0.473063	 9.966733	-72.614270	-51.617550	-12.041010	-7.588076	 16.022730	-0.540169	 0.139211	 14.789960	-0.368235	 3.437935	 1.268282	-10.668370	 90.655750	-97.847650	 5.505294	-88.044530	-178.860800	-5.860874	 102.270000	-0.813313	 0.122417	-8.559153	-69.973820	-13.880420	-19.460210	-3.360663	 14.959440	 1.637374	 8.735928	-2.376845	-19.905460	-5.693165	-2.089485	 10.279010	 2.508469	-1.127042	-1.170470	 3.299436	-1.008877	-87.139050	-4.825975	-4.607405	 69.913890	-0.135495	 3.282862	 78.694210	 0.192377	 7.209781	-12.110760	 29.680380	 12.059860	 58.435790	-6.016276	 19.835880	 68.190580	-4.717281	 19.573450	-20.566710	 14.358360	 5.255674	 69.246060	-3.484414	 9.763232	 74.792360	-1.994563	 12.128820	-8.598412	-33.727250	-2.024795	 26.109670	 39.625170	-0.538380	 0.343895	 35.370370	-0.405495	 3.620178	 0.000000	 90.000000	 0.000000	 173.874100	 4.661302	 162.117800	-174.458300	-13.266810	-28.435150
-0.018476	-0.146207	 0.016621	-163.008000	 11.264120	-93.521240	-9.923667	 1.794513	-8.994310	-8.733405	 1.897266	-8.344880	 3.482122	-14.006450	 109.701000	-0.813313	 0.122417	-8.559153	-43.969220	-31.374390	 16.976270	-38.215340	 22.340020	 1.045847	-16.937410	 27.661470	-41.766800	-11.582920	-4.601621	 9.666660	 2.503291	-1.126934	 4.548135	 3.270450	-0.643668	-80.071260	 4.042470	 3.207329	 11.895150	-0.275389	 3.148105	 9.181604	 2.912174	 4.308740	-70.742330	 37.585240	 19.863890	 14.760590	-6.821038	 19.211720	 10.901230	-5.651316	 19.246670	-70.836640	 18.636590	 10.485770	 21.087460	-3.898340	 9.395206	 9.518596	-0.473063	 9.966733	-72.614270	-51.617550	-12.041010	-7.588076	 16.022730	-0.540169	 0.139211	 14.789960	-0.368235	 3.437935	 1.274744	-10.582150	 90.658200	-97.617580	 5.930622	-88.618040	-178.820900	-6.006967	 102.612700	-0.813313	 0.122417	-8.559153	-69.548560	-14.029550	-18.570800	-3.326297	 15.986740	 1.609126	 8.895755	-1.477929	-20.517590	-5.659603	-2.076126	 10.262860	 2.508491	-1.127043	-1.195562	 3.299453	-1.009839	-87.157610	-4.825886	-4.607282	 69.913840	-0.135495	 3.282862	 78.694160	 0.192379	 7.209783	-12.110800	 29.680380	 12.059860	 58.435760	-6.017355	 19.833370	 68.038510	-4.717282	 19.573450	-20.566760	 14.349760	 5.257340	 69.111430	-3.484413	 9.763231	 74.792310	-1.986981	 12.125600	-8.786038	-33.734090	-2.011033	 26.163640	 38.920760	-0.539656	 0.337877	 35.370370	-0.405495	 3.620178	 0.000000	 90.000000	 0.000000	 173.894900	 4.706159	 161.929500	-174.482800	-13.257740	-28.834930
-0.018019	-0.147469	 0.017389	-163.035700	 11.506030	-93.594830	-9.941987	 1.896131	-8.977201	-8.735591	 2.051361	-8.331347	 3.500515	-14.094180	 109.665700	-0.813313	 0.122417	-8.559153	-43.846600	-31.301320	 16.977800	-38.815030	 22.290470	 1.049156	-16.779420	 27.564430	-41.658490	-11.582920	-4.601621	 9.666660	 2.503291	-1.126934	 4.548135	 3.270450	-0.643668	-80.071260	 4.040253	 3.206359	 11.895290	-0.275389	 3.148105	 9.181604	 2.912042	 4.309280	-70.734510	 37.577890	 19.861200	 14.763110	-6.821038	 19.211720	 10.901230	-5.651110	 19.246650	-70.826530	 18.633720	 10.484300	 21.088010	-3.898340	 9.395206	 9.518596	-0.473063	 9.966733	-72.614270	-51.617550	-12.041010	-7.588076	 16.022730	-0.540169	 0.139211	 14.789960	-0.368235	 3.437935	 1.279243	-10.460660	 90.659870	-97.375970	 6.350346	-89.165810	-178.785000	-6.134405	 102.921100	-0.813313	 0.122417	-8.559153	-69.203860	-14.155700	-17.800550	-3.303199	 16.841190	 1.587820	 9.150653	-0.761772	-21.118420	-5.639985	-2.073436	 10.171220	 2.508598	-1.127046	-1.314817	 3.299533	-1.014799	-87.253310	-4.825805	-4.607177	 69.913850	-0.135495	 3.282862	 78.694150	 0.192381	 7.209780	-12.110830	 29.680380	 12.059860	 58.435760	-6.018192	 19.831450	 67.921990	-4.717282	 19.573450	-20.566760	 14.343170	 5.258615	 69.008320	-3.484415	 9.763230	 74.792300	-1.981178	 12.123120	-8.929835	-33.739210	-2.000743	 26.204020	 38.394430	-0.540565	 0.333371	 35.370370	-0.405495	 3.620178	 0.000000	 90.000000	 0.000000	 173.918200	 4.751150	 161.773100	-174.505900	-13.248340	-29.168990
-0.017563	-0.148579	 0.018153	-163.091800	 11.740050	-93.665050	-9.958585	 1.993847	-8.948705	-8.738189	 2.201442	-8.307002	 3.512002	-14.154250	 109.632100	-0.813313	 0.122417	-8.559153	-43.683250	-31.210310	 17.016470	-39.404440	 22.277640	 1.051900	-16.574380	 27.479510	-41.493560	-11.582920	-4.601621	 9.666660	 2.503291	-1.126934	 4.548135	 3.270450	-0.643668	-80.071260	 4.038076	 3.205409	 11.895420	-0.275389	 3.148105	 9.181604	 2.911907	 4.309833	-70.726480	 37.570300	 19.858430	 14.765710	-6.821038	 19.211720	 10.901230	-5.650896	 19.246640	-70.816150	 18.630840	 10.482830	 21.088570	-3.898340	 9.395206	 9.518596	-0.473063	 9.966733	-72.614270	-51.617550	-12.041010	-7.588076	 16.022730	-0.540169	 0.139211	 14.789960	-0.368235	 3.437935	 1.283151	-10.312660	 90.661320	-97.117920	 6.730837	-89.517010	-178.735200	-6.314863	 103.300800	-0.813313	 0.122417	-8.559153	-68.873280	-14.257810	-17.021340	-3.290672	 17.927270	 1.566428	 9.571812	 0.131271	-21.731200	-5.628342	-2.071931	 10.115600	 2.508662	-1.127048	-1.385428	 3.299579	-1.017877	-87.312690	-4.825738	-4.607087	 69.913830	-0.135495	 3.282862	 78.694120	 0.192383	 7.209780	-12.110850	 29.680380	 12.059870	 58.435750	-6.018963	 19.829670	 67.814520	-4.717282	 19.573450	-20.566780	 14.337100	 5.259824	 68.913020	-3.484415	 9.763231	 74.792280	-1.975826	 12.120820	-9.062592	-33.743800	-1.991521	 26.240210	 37.922170	-0.541343	 0.329319	 35.370370	-0.405495	 3.620178	 0.000000	 90.000000	 0.000000	 173.946600	 4.802830	 161.620400	-174.572900	-13.327180	-29.506790
-0.017149	-0.149467	 0.018863	-163.188600	 11.951560	-93.733880	-9.975180	 2.098005	-8.904279	-8.748145	 2.322666	-8.267784	 3.516052	-14.186610	 109.595600	-0.813313	 0.122417	-8.559153	-43.424640	-31.063690	 17.099330	-40.083260	 22.297000	 1.055322	-16.319430	 27.402440	-41.263680	-11.582920	-4.601621	 9.666660	 2.503291	-1.126934	 4.548135	 3.270450	-0.643668	-80.071260	 4.035607	 3.204330	 11.895560	-0.275389	 3.148105	 9.181604	 2.911752	 4.310467	-70.717280	 37.561630	 19.855270	 14.768670	-6.821038	 19.211720	 10.901230	-5.650656	 19.246620	-70.804270	 18.627630	 10.481180	 21.089200	-3.898340	 9.395206	 9.518596	-0.473063	 9.966733	-72.614270	-51.617550	-12.041010	-7.588076	 16.022730	-0.540169	 0.139211	 14.789960	-0.368235	 3.437935	 1.287079	-10.140890	 90.662810	-96.826160	 7.146714	-89.739370	-178.668500	-6.557203	 103.760300	-0.813313	 0.122417	-8.559153	-68.541400	-14.380460	-16.175930	-3.280101	 19.312990	 1.539701	 10.172690	 1.310319	-22.089360	-5.623602	-2.071353	 10.092440	 2.508688	-1.127049	-1.414235	 3.299599	-1.019273	-87.339610	-4.825664	-4.606988	 69.913830	-0.135495	 3.282862	 78.694100	 0.192383	 7.209780	-12.110850	 29.680370	 12.059870	 58.435730	-6.019746	 19.827880	 67.705980	-4.717283	 19.573450	-20.566800	 14.330960	 5.261034	 68.816950	-3.484416	 9.763230	 74.792240	-1.970423	 12.118480	-9.196764	-33.748270	-1.982585	 26.275260	 37.464720	-0.542067	 0.325388	 35.370370	-0.405495	 3.620178	 0.000000	 90.000000	 0.000000	 173.983100	 4.877165	 161.537800	-174.698100	-13.508060	-29.876310
-0.016872	-0.150035	 0.019367	-163.311600	 12.111340	-93.778070	-9.987755	 2.182269	-8.856644	-8.758456	 2.417817	-8.225183	 3.510874	-14.180360	 109.564500	-0.813313	 0.122417	-8.559153	-43.065170	-30.847520	 17.216090	-40.882620	 22.331320	 1.063489	-16.108440	 27.354220	-41.049500	-11.582920	-4.601621	 9.666660	 2.503291	-1.126934	 4.548135	 3.270450	-0.643668	-80.071260	 4.033545	 3.203429	 11.895690	-0.275389	 3.148105	 9.181604	 2.911616	 4.311020	-70.709250	 37.554080	 19.852520	 14.771260	-6.821038	 19.211720	 10.901230	-5.650443	 19.246600	-70.793910	 18.624930	 10.479800	 21.089720	-3.898340	 9.395206	 9.518596	-0.473063	 9.966733	-72.614270	-51.617550	-12.041010	-7.588076	 16.022730	-0.540169	 0.139211	 14.789960	-0.368235	 3.437935	 1.290297	-10.012070	 90.664090	-96.587260	 7.584682	-89.826070	-178.610300	-6.777692	 104.085800	-0.813313	 0.122417	-8.559153	-68.296210	-14.484920	-15.503440	-3.273287	 20.582440	 1.515527	 10.726660	 2.427870	-22.065600	-5.625298	-2.071622	 10.099730	 2.508681	-1.127049	-1.406637	 3.299596	-1.019042	-87.335160	-4.825608	-4.606915	 69.913810	-0.135495	 3.282862	 78.694080	 0.192385	 7.209781	-12.110870	 29.680370	 12.059870	 58.435730	-6.020345	 19.826520	 67.623790	-4.717283	 19.573450	-20.566800	 14.326310	 5.261958	 68.744170	-3.484415	 9.763230	 74.792230	-1.966344	 12.116700	-9.298121	-33.751460	-1.976206	 26.300330	 37.137710	-0.542556	 0.322577	 35.370370	-0.405495	 3.620178	 0.000000	 90.000000	 0.000000	 174.021700	 4.967771	 161.504700	-174.748300	-13.507060	-30.111550
-0.016642	-0.150489	 0.019817	-163.466500	 12.265460	-93.808610	-9.998602	 2.259340	-8.802973	-8.766059	 2.532607	-8.177030	 3.504757	-14.169360	 109.535800	-0.813313	 0.122417	-8.559153	-42.701280	-30.619690	 17.318970	-41.689410	 22.372010	 1.072527	-15.937490	 27.325100	-40.845820	-11.582920	-4.601621	 9.666660	 2.503291	-1.126934	 4.548135	 3.270450	-0.643668	-80.071260	 4.031578	 3.202569	 11.895800	-0.275389	 3.148105	 9.181604	 2.911484	 4.311562	-70.701410	 37.546670	 19.849810	 14.773800	-6.821038	 19.211720	 10.901230	-5.650238	 19.246590	-70.783730	 18.622360	 10.478490	 21.090220	-3.898340	 9.395206	 9.518596	-0.473063	 9.966733	-72.614270	-51.617550	-12.041010	-7.588076	 16.022730	-0.540169	 0.139211	 14.789960	-0.368235	 3.437935	 1.293509	-9.925120	 90.665480	-96.380170	 8.019303	-89.873180	-178.557500	-6.982376	 104.333200	-0.813313	 0.122417	-8.559153	-68.083890	-14.573640	-14.917330	-3.268251	 21.831000	 1.491972	 11.228620	 3.552452	-21.902650	-5.630796	-2.072390	 10.125020	 2.508658	-1.127048	-1.380553	 3.299579	-1.017853	-87.312230	-4.825566	-4.606857	 69.913790	-0.135495	 3.282862	 78.694050	 0.192386	 7.209779	-12.110890	 29.680380	 12.059870	 58.435730	-6.020849	 19.825380	 67.554280	-4.717283	 19.573450	-20.566820	 14.322380	 5.262744	 68.682630	-3.484415	 9.763229	 74.792210	-1.962894	 12.115190	-9.383932	-33.753960	-1.971204	 26.320000	 36.881200	-0.542935	 0.320368	 35.370370	-0.405495	 3.620178	 0.000000	 90.000000	 0.000000	 174.064900	 5.073278	 161.469000	-174.775100	-13.414380	-30.238910
-0.016410	-0.151134	 0.020358	-163.702500	 12.471560	-93.829520	-10.009590	 2.342309	-8.733169	-8.762188	 2.764487	-8.114633	 3.505140	-14.184490	 109.505700	-0.813313	 0.122417	-8.559153	-42.405830	-30.420410	 17.359360	-42.436650	 22.417480	 1.079755	-15.817490	 27.315280	-40.640700	-11.582920	-4.601621	 9.666660	 2.503291	-1.126934	 4.548135	 3.270450	-0.643668	-80.071260	 4.028976	 3.201433	 11.895960	-0.275389	 3.148105	 9.181604	 2.911329	 4.312193	-70.692250	 37.538050	 19.846660	 14.776750	-6.821038	 19.211720	 10.901230	-5.649996	 19.246570	-70.771890	 18.618990	 10.476760	 21.090870	-3.898340	 9.395206	 9.518596	-0.473063	 9.966733	-72.614270	-51.617550	-12.041010	-7.588076	 16.022730	-0.540169	 0.139211	 14.789960	-0.368235	 3.437935	 1.297626	-9.899782	 90.667370	-96.262860	 8.449734	-89.942410	-178.508200	-7.163465	 104.590700	-0.813313	 0.122417	-8.559153	-67.859670	-14.645060	-14.348490	-3.264085	 23.221200	 1.466020	 11.716280	 4.861205	-21.243140	-5.640264	-2.073691	 10.169020	 2.508622	-1.127047	-1.340453	 3.299547	-1.015692	-87.270530	-4.825510	-4.606785	 69.913800	-0.135495	 3.282862	 78.694050	 0.192387	 7.209780	-12.110900	 29.680380	 12.059870	 58.435700	-6.021340	 19.824280	 67.487400	-4.717283	 19.573450	-20.566820	 14.318600	 5.263504	 68.623310	-3.484415	 9.763230	 74.792180	-1.959574	 12.113740	-9.466558	-33.756100	-1.966953	 26.336650	 36.663750	-0.543245	 0.318494	 35.370370	-0.405495	 3.620178	 0.000000	 90.000000	 0.000000	 174.121300	 5.207944	 161.375000	-174.747300	-13.137160	-30.313680
-0.016115	-0.152375	 0.020888	-163.951600	 12.699180	-93.835460	-10.017760	 2.407741	-8.668108	-8.743868	 3.082071	-8.057078	 3.523817	-14.267350	 109.485200	-0.813313	 0.122417	-8.559153	-42.482880	-30.436990	 17.220070	-42.274970	 22.421720	 1.069978	-15.917900	 27.335280	-40.532970	-11.582920	-4.601621	 9.666660	 2.503291	-1.126934	 4.548135	 3.270450	-0.643668	-80.071260	 4.025949	 3.200110	 11.896140	-0.275389	 3.148105	 9.181604	 2.911196	 4.312734	-70.684390	 37.530630	 19.843960	 14.779280	-6.821038	 19.211720	 10.901230	-5.649787	 19.246550	-70.761710	 18.615050	 10.474730	 21.091640	-3.898340	 9.395206	 9.518596	-0.473063	 9.966733	-72.614270	-51.617550	-12.041010	-7.588076	 16.022730	-0.540169	 0.139211	 14.789960	-0.368235	 3.437935	 1.301733	-9.962752	 90.669360	-96.315620	 8.711226	-89.878470	-178.481500	-7.255394	 104.748600	-0.813313	 0.122417	-8.559153	-67.683290	-14.683410	-13.943910	-3.261586	 24.299460	 1.446130	 12.072740	 5.912946	-20.399320	-5.649525	-2.074966	 10.212140	 2.508594	-1.127046	-1.309505	 3.299513	-1.013535	-87.228900	-4.825478	-4.606744	 69.913810	-0.135495	 3.282862	 78.694030	 0.192387	 7.209780	-12.110900	 29.680380	 12.059870	 58.435700	-6.021671	 19.823530	 67.441880	-4.717283	 19.573450	-20.566820	 14.316040	 5.264022	 68.583150	-3.484415	 9.763230	 74.792180	-1.957328	 12.112740	-9.522489	-33.757230	-1.964694	 26.345530	 36.547810	-0.543407	 0.317495	 35.370370	-0.405495	 3.620178	 0.000000	 90.000000	 0.000000	 174.177700	 5.327368	 161.145300	-174.656200	-12.683750	-30.486230
-0.015641	-0.154459	 0.021498	-164.207100	 12.967750	-93.843540	-10.024810	 2.467402	-8.599891	-8.719143	 3.460469	-7.997448	 3.561396	-14.422490	 109.469600	-0.813313	 0.122417	-8.559153	-42.983710	-30.691930	 16.857480	-41.355870	 22.361740	 1.046034	-16.181920	 27.356990	-40.573780	-11.582920	-4.601621	 9.666660	 2.503291	-1.126934	 4.548135	 3.270450	-0.643668	-80.071260	 4.022229	 3.198485	 11.896350	-0.275389	 3.148105	 9.181604	 2.911064	 4.313271	-70.676590	 37.523270	 19.841270	 14.781800	-6.821038	 19.211720	 10.901230	-5.649580	 19.246540	-70.751640	 18.610280	 10.472290	 21.092560	-3.898340	 9.395206	 9.518596	-0.473063	 9.966733	-72.614270	-51.617550	-12.041010	-7.588076	 16.022730	-0.540169	 0.139211	 14.789960	-0.368235	 3.437935	 1.306212	-10.097700	 90.671620	-96.434440	 8.904735	-89.605220	-178.459700	-7.317891	 104.924400	-0.813313	 0.122417	-8.559153	-67.526150	-14.722150	-13.572480	-3.259123	 25.058630	 1.432326	 12.365090	 6.678738	-19.396200	-5.658297	-2.076170	 10.253160	 2.508579	-1.127046	-1.293267	 3.299479	-1.011466	-87.189000	-4.825440	-4.606694	 69.913810	-0.135495	 3.282862	 78.694020	 0.192387	 7.209780	-12.110900	 29.680380	 12.059870	 58.435700	-6.021916	 19.822980	 67.408400	-4.717282	 19.573450	-20.566840	 14.314140	 5.264406	 68.553370	-3.484416	 9.763229	 74.792160	-1.955660	 12.112010	-9.564039	-33.757700	-1.963758	 26.349230	 36.499610	-0.543480	 0.317079	 35.370370	-0.405495	 3.620178	 0.000000	 90.000000	 0.000000	 174.241700	 5.441684	 160.731600	-174.695900	-12.433560	-30.923960
-0.015039	-0.157283	 0.022204	-164.493700	 13.285270	-93.852650	-10.031820	 2.529829	-8.517787	-8.686121	 3.915861	-7.926561	 3.612245	-14.630620	 109.452800	-0.813313	 0.122417	-8.559153	-43.925410	-31.174650	 16.231230	-40.231770	 22.235840	 1.019638	-16.524230	 27.364470	-40.790270	-11.582920	-4.601621	 9.666660	 2.503291	-1.126934	 4.548135	 3.270450	-0.643668	-80.071260	 4.017198	 3.196287	 11.896650	-0.275389	 3.148105	 9.181604	 2.910912	 4.313890	-70.667610	 37.514800	 19.838180	 14.784700	-6.821038	 19.211720	 10.901230	-5.649345	 19.246520	-70.739980	 18.603760	 10.468950	 21.093830	-3.898340	 9.395206	 9.518596	-0.473063	 9.966733	-72.614270	-51.617550	-12.041010	-7.588076	 16.022730	-0.540169	 0.139211	 14.789960	-0.368235	 3.437935	 1.311754	-10.326620	 90.674580	-96.647110	 9.075500	-89.256110	-178.434000	-7.395686	 105.111500	-0.813313	 0.122417	-8.559153	-67.359540	-14.766750	-13.174450	-3.256586	 25.554590	 1.423762	 12.630480	 7.206017	-18.205870	-5.666104	-2.077251	 10.289590	 2.508483	-1.127043	-1.185741	 3.299449	-1.009622	-87.153410	-4.825423	-4.606669	 69.913790	-0.135495	 3.282862	 78.694020	 0.192388	 7.209780	-12.110920	 29.680390	 12.059890	 58.435700	-6.022094	 19.822570	 67.384160	-4.717282	 19.573450	-20.566840	 14.312780	 5.264700	 68.531910	-3.484415	 9.763228	 74.792150	-1.954458	 12.111470	-9.594007	-33.958670	-2.021856	 26.404610	 34.923590	-0.545494	 0.303463	 34.094480	-0.405112	 3.608593	 0.000000	 90.000000	 0.000000	 174.314500	 5.546371	 160.160400	-174.847500	-12.369530	-31.565710
-0.014636	-0.159110	 0.022657	-164.685400	 13.485670	-93.862510	-10.033360	 2.575680	-8.448613	-8.656691	 4.242086	-7.867362	 3.648073	-14.779640	 109.436100	-0.813313	 0.122417	-8.559153	-44.859470	-31.623550	 15.607260	-38.951710	 22.121040	 0.999509	-16.985000	 27.400540	-40.964540	-11.582920	-4.601621	 9.666660	 2.503291	-1.126934	 4.548135	 3.270450	-0.643668	-80.071260	 4.012455	 3.194214	 11.896930	-0.275389	 3.148105	 9.181604	 2.910787	 4.314400	-70.660210	 37.507830	 19.835630	 14.787080	-6.821038	 19.211720	 10.901230	-5.649149	 19.246500	-70.730390	 18.597670	 10.465830	 21.095010	-3.898340	 9.395206	 9.518596	-0.473063	 9.966733	-72.614270	-51.617550	-12.041010	-7.588076	 16.022730	-0.540169	 0.139211	 14.789960	-0.368235	 3.437935	 1.316368	-10.560300	 90.677130	-96.857160	 9.168306	-88.897670	-178.415000	-7.450993	 105.254600	-0.813313	 0.122417	-8.559153	-67.228280	-14.802210	-12.867070	-3.256137	 25.881540	 1.418606	 12.805180	 7.542908	-17.543090	-5.668981	-2.077645	 10.303100	 2.508364	-1.127040	-1.053335	 3.299437	-1.008933	-87.140120	-4.825411	-4.606654	 69.913790	-0.135495	 3.282862	 78.694020	 0.192388	 7.209780	-12.110920	 29.680390	 12.059890	 58.435700	-6.022149	 19.822450	 67.376500	-4.717282	 19.573450	-20.566840	 14.312350	 5.264790	 68.525210	-3.484415	 9.763228	 74.792150	-1.954086	 12.111310	-9.603286	-33.991030	-2.010653	 26.482200	 34.740030	-0.545706	 0.301874	 33.945550	-0.405040	 3.607239	 0.000000	 90.000000	 0.000000	 174.359400	 5.599284	 159.828600	-174.903400	-12.274710	-31.926090
-0.014196	-0.160440	 0.022982	-164.770000	 13.619390	-93.890390	-10.025980	 2.616689	-8.377845	-8.628954	 4.495982	-7.807100	 3.676558	-14.901940	 109.415100	-0.813313	 0.122417	-8.559153	-45.818640	-32.026400	 14.936010	-37.576650	 22.029920	 0.995691	-17.510880	 27.453860	-41.111180	-11.582920	-4.601621	 9.666660	 2.503291	-1.126934	 4.548135	 3.270450	-0.643668	-80.071260	 4.007173	 3.191907	 11.897250	-0.275389	 3.148105	 9.181604	 2.910659	 4.314917	-70.652710	 37.500730	 19.833040	 14.789510	-6.821038	 19.211720	 10.901230	-5.648948	 19.246490	-70.720660	 18.590860	 10.462340	 21.096320	-3.898340	 9.395206	 9.518596	-0.473063	 9.966733	-72.614270	-51.617550	-12.041010	-7.588076	 16.022730	-0.540169	 0.139211	 14.789960	-0.368235	 3.437935	 1.320696	-10.826570	 90.679770	-97.071000	 9.220155	-88.486340	-178.407700	-7.452256	 105.391500	-0.813313	 0.122417	-8.559153	-67.094060	-14.835810	-12.568880	-3.256629	 26.009290	 1.417522	 12.806560	 7.692960	-16.977270	-5.506508	-1.965398	 10.972280	 2.507125	-1.127022	 0.326562	 3.298829	-0.981347	-86.607840	-4.509805	-4.003168	 67.969970	-0.136841	 3.276703	 76.572190	 0.346758	 7.157593	-14.408170	 29.811280	 12.404700	 56.883450	-6.035691	 19.793380	 65.597740	-4.748260	 19.544870	-22.684740	 14.410580	 5.546337	 66.725130	-3.489730	 9.745510	 72.714370	-1.866887	 12.070710	-11.796000	-34.580350	-2.147430	 26.763580	 28.762770	-0.549760	 0.249849	 30.276430	-0.402418	 3.574008	 0.000000	 90.000000	 0.000000	 174.392500	 5.635461	 159.629400	-174.942200	-12.215020	-32.146920
-0.013218	-0.162785	 0.023405	-164.706600	 13.791070	-93.950100	-10.007510	 2.655045	-8.300820	-8.598777	 4.697964	-7.742114	 3.699754	-15.007240	 109.386500	-0.813313	 0.122417	-8.559153	-47.342170	-32.681550	 13.999860	-35.141800	 21.994740	 0.986033	-18.534810	 27.683780	-41.299010	-11.582920	-4.601621	 9.666660	 2.503291	-1.126934	 4.548135	 3.270450	-0.643668	-80.071260	 4.000830	 3.189135	 11.897620	-0.275389	 3.148105	 9.181604	 2.910519	 4.315489	-70.644420	 37.492910	 19.830180	 14.792180	-6.821038	 19.211720	 10.901230	-5.648732	 19.246470	-70.709890	 18.582720	 10.458160	 21.097910	-3.898340	 9.395206	 9.518596	-0.473063	 9.966733	-72.614270	-51.617550	-12.041010	-7.588076	 16.022730	-0.540169	 0.139211	 14.789960	-0.368235	 3.437935	 1.324235	-11.136200	 90.682610	-97.401470	 9.234895	-87.985520	-178.408000	-7.415866	 105.536700	-0.813313	 0.122417	-8.559153	-66.937650	-14.868040	-12.252060	-3.259406	 26.090400	 1.417989	 12.526780	 7.947822	-14.990070	-5.772840	-1.773150	 15.911470	 2.500781	-1.127400	 7.411177	 3.281070	-0.726831	-81.684700	-3.573852	-2.435484	 62.506080	-0.142110	 3.258928	 70.329950	 0.785254	 6.969914	-21.137370	 30.270580	 13.419480	 52.241600	-6.081510	 19.709470	 60.310660	-4.849039	 19.464860	-29.125640	 14.704570	 6.301868	 61.456170	-3.508905	 9.695068	 66.655380	-1.617989	 11.931160	-18.311910	-36.587160	-2.652742	 27.651940	 14.757340	-0.537989	 0.128397	 17.626590	-0.377242	 3.462088	 0.000000	 90.000000	 0.000000	 174.432700	 5.658129	 159.181300	-175.038600	-12.174110	-32.725790
-0.012277	-0.164533	 0.023693	-164.593900	 13.895130	-93.990400	-9.984025	 2.681076	-8.238988	-8.572189	 4.815237	-7.690751	 3.714512	-15.074770	 109.367400	-0.813313	 0.122417	-8.559153	-49.133790	-33.470230	 13.009930	-32.093450	 22.028060	 0.959553	-19.827090	 28.061030	-41.536430	-11.582920	-4.601621	 9.666660	 2.503291	-1.126934	 4.548135	 3.270450	-0.643668	-80.071260	 3.995239	 3.186692	 11.897950	-0.275389	 3.148105	 9.181604	 2.910402	 4.315960	-70.637560	 37.486420	 19.827810	 14.794400	-6.821038	 19.211720	 10.901230	-5.648551	 19.246460	-70.700960	 18.575540	 10.454480	 21.099300	-3.898340	 9.395206	 9.518596	-0.473063	 9.966733	-72.614270	-51.617550	-12.041010	-7.588076	 16.022730	-0.540169	 0.139211	 14.789960	-0.368235	 3.437935	 1.325909	-11.390650	 90.684570	-97.829370	 9.217427	-87.539300	-178.407500	-7.389713	 105.656900	-0.813313	 0.122417	-8.559153	-66.794060	-14.889160	-11.994040	-3.264896	 26.360350	 1.415181	 12.467110	 8.396154	-12.790600	-6.757926	-1.423743	 30.504550	 2.483735	-1.132585	 27.359470	 3.094023	 0.025901	-66.679970	-0.734130	 0.937254	 47.683350	-0.172624	 3.206028	 49.671760	 2.015560	 6.024876	-43.161680	 33.302330	 17.046210	 36.083550	-6.296038	 19.458860	 42.218220	-5.279553	 19.273840	-52.531350	 16.295770	 8.657230	 44.244690	-3.605595	 9.550271	 47.074780	-0.915850	 11.260440	-40.711700	-38.590180	-3.216306	 28.419300	 1.997934	-0.501942	 0.023193	 5.983169	-0.332887	 3.366225	 0.000000	 90.000000	 0.000000	 174.460700	 5.643312	 158.664600	-175.091500	-12.150480	-33.052520
-0.011517	-0.165281	 0.023601	-164.494500	 13.886090	-94.000700	-9.954146	 2.701061	-8.181902	-8.543154	 4.896620	-7.644464	 3.727372	-15.126510	 109.365400	-0.813313	 0.122417	-8.559153	-50.487730	-33.983810	 12.213250	-29.649880	 22.089910	 0.948751	-20.782510	 28.360450	-41.766670	-11.582920	-4.601621	 9.666660	 2.503291	-1.126934	 4.548135	 3.270450	-0.643668	-80.071260	 3.989533	 3.184198	 11.898280	-0.275389	 3.148105	 9.181604	 2.910289	 4.316419	-70.630900	 37.480150	 19.825520	 14.796540	-6.821038	 19.211720	 10.901230	-5.648375	 19.246440	-70.692320	 18.568230	 10.450730	 21.100710	-3.898340	 9.395206	 9.518596	-0.473063	 9.966733	-72.614270	-51.617550	-12.041010	-7.588076	 16.022730	-0.540169	 0.139211	 14.789960	-0.368235	 3.437935	 1.326190	-11.620830	 90.686030	-98.235020	 9.174035	-87.121270	-178.401300	-7.389924	 105.777200	-0.813313	 0.122417	-8.559153	-66.635520	-14.903000	-11.742900	-3.273005	 26.779010	 1.410091	 12.626260	 9.043736	-9.942297	-8.283966	-1.934347	 41.367080	 2.472803	-1.140037	 42.138980	 2.827612	 0.546361	-55.380990	 0.300227	 1.808718	 42.861950	-0.190771	 3.187663	 40.980490	 2.404957	 5.504978	-52.338040	 35.154710	 18.441300	 28.885230	-6.413239	 19.372080	 34.355590	-5.495887	 19.244630	-63.223930	 17.218460	 9.520505	 37.079330	-3.658806	 9.501631	 39.027940	-0.703739	 10.894780	-50.451300	-38.685740	-3.241755	 28.463950	 1.263180	-0.499154	 0.017408	 5.585341	-0.331037	 3.363123	 0.000000	 90.000000	 0.000000	 174.461200	 5.603213	 158.339600	-175.117800	-12.132160	-33.230130
-0.010768	-0.165775	 0.023513	-164.422100	 13.895550	-93.992150	-9.912235	 2.712013	-8.122300	-8.506343	 4.944597	-7.599505	 3.741379	-15.174170	 109.380900	-0.813313	 0.122417	-8.559153	-51.615620	-34.321010	 11.498970	-27.416430	 22.188090	 0.951717	-21.561990	 28.618110	-41.986710	-11.582920	-4.601621	 9.666660	 2.503291	-1.126934	 4.548135	 3.270450	-0.643668	-80.071260	 3.982824	 3.181267	 11.898680	-0.275389	 3.148105	 9.181604	 2.910161	 4.316939	-70.623360	 37.473010	 19.822910	 14.798990	-6.821038	 19.211720	 10.901230	-5.648172	 19.246430	-70.682480	 18.559600	 10.446310	 21.102380	-3.898340	 9.395206	 9.518596	-0.473063	 9.966733	-72.614270	-51.617550	-12.041010	-7.588076	 16.022730	-0.540169	 0.139211	 14.789960	-0.368235	 3.437935	 1.324512	-11.838240	 90.687000	-98.561810	 9.099035	-86.710010	-178.387800	-7.417543	 105.923300	-0.813313	 0.122417	-8.559153	-66.421560	-14.907790	-11.449510	-3.284945	 27.256230	 1.405010	 12.434060	 9.854177	-5.974859	-9.966227	-3.128532	 47.318230	 2.467779	-1.145182	 50.156960	 2.629707	 0.818675	-48.881210	 0.996173	 2.299473	 38.831240	-0.220507	 3.166923	 28.768450	 2.794522	 4.702311	-64.948610	 38.819810	 20.301770	 18.187540	-6.605030	 19.274040	 22.834860	-5.827849	 19.274160	-79.570250	 18.928420	 10.667120	 27.195170	-3.740906	 9.448338	 28.119820	-0.513209	 10.305330	-64.763070	-37.348510	-2.836605	 28.046780	 10.994950	-0.529814	 0.096578	 13.205680	-0.362705	 3.424646	 0.000000	 90.000000	 0.000000	 174.429100	 5.544003	 158.066800	-175.138700	-12.122750	-33.360990
-0.010304	-0.165835	 0.023368	-164.379900	 13.869120	-93.968350	-9.872279	 2.704607	-8.080923	-8.475124	 4.929160	-7.571576	 3.753406	-15.209320	 109.405800	-0.813313	 0.122417	-8.559153	-52.408650	-34.507250	 10.968260	-25.883670	 22.283120	 0.961936	-22.046860	 28.782340	-42.134660	-11.582920	-4.601621	 9.666660	 2.503291	-1.126934	 4.548135	 3.270450	-0.643668	-80.071260	 3.977176	 3.178799	 11.899010	-0.275389	 3.148105	 9.181604	 2.910056	 4.317366	-70.617160	 37.467160	 19.820770	 14.800980	-6.821038	 19.211720	 10.901230	-5.648006	 19.246410	-70.674430	 18.552360	 10.442600	 21.103790	-3.898340	 9.395206	 9.518596	-0.473063	 9.966733	-72.614270	-51.617550	-12.041010	-7.588076	 16.022730	-0.540169	 0.139211	 14.789960	-0.368235	 3.437935	 1.321331	-11.974800	 90.687130	-98.767740	 9.025472	-86.442750	-178.372600	-7.459070	 106.042800	-0.813313	 0.122417	-8.559153	-66.234380	-14.908380	-11.206830	-3.297944	 27.830490	 1.398161	 11.789780	 10.698180	-2.406368	-10.595900	-3.615820	 51.460550	 2.464704	-1.149191	 55.787600	 2.477713	 0.990626	-44.450630	 1.148959	 2.391730	 37.677440	-0.232830	 3.160785	 24.139680	 2.892855	 4.384674	-69.637300	 41.255070	 21.103260	 11.063000	-6.683996	 19.246230	 18.389470	-6.067585	 19.355570	-92.042600	 19.445870	 10.926200	 23.463720	-3.773840	 9.432586	 24.062830	-0.480664	 10.069080	-70.259820	-36.712970	-2.675709	 27.743080	 15.526490	-0.539414	 0.134965	 16.980710	-0.375300	 3.456549	 0.000000	 90.000000	 0.000000	 174.384400	 5.492099	 157.930300	-175.144100	-12.119290	-33.385240
-0.009966	-0.165736	 0.023150	-164.344900	 13.815790	-93.932760	-9.829159	 2.683789	-8.050593	-8.443121	 4.875757	-7.552423	 3.760435	-15.221990	 109.436200	-0.813313	 0.122417	-8.559153	-53.252370	-34.718570	 10.432960	-24.540400	 22.377810	 0.973433	-22.468160	 28.918610	-42.248070	-11.582920	-4.601621	 9.666660	 2.503291	-1.126934	 4.548135	 3.270450	-0.643668	-80.071260	 3.971740	 3.176424	 11.899330	-0.275389	 3.148105	 9.181604	 2.909955	 4.317770	-70.611300	 37.461610	 19.818740	 14.802880	-6.821038	 19.211720	 10.901230	-5.647851	 19.246400	-70.666730	 18.545390	 10.439020	 21.105140	-3.898340	 9.395206	 9.518596	-0.473063	 9.966733	-72.614270	-51.617550	-12.041010	-7.588076	 16.022730	-0.540169	 0.139211	 14.789960	-0.368235	 3.437935	 1.316783	-12.081250	 90.686740	-98.916410	 8.909703	-86.390600	-178.355800	-7.511584	 106.145300	-0.813313	 0.122417	-8.559153	-66.078800	-14.917410	-10.985040	-3.312953	 28.455380	 1.390855	 10.961710	 11.527140	 0.979689	-10.498880	-3.540361	 50.575960	 2.465328	-1.148309	 54.584570	 2.510475	 0.955773	-45.373910	 0.567715	 1.991008	 40.128750	-0.221625	 3.166315	 28.340560	 2.797995	 4.692493	-65.095450	 40.789830	 20.956100	 11.264080	-6.617371	 19.269260	 22.131390	-6.141139	 19.392560	-96.115880	 18.397320	 10.358570	 26.968490	-3.741689	 9.447928	 28.021620	-0.507005	 10.270940	-65.568170	-36.826370	-2.738271	 27.671820	 14.628550	-0.537742	 0.127300	 16.148250	-0.372701	 3.449444	 0.000000	 90.000000	 0.000000	 174.335900	 5.447980	 157.850900	-175.144500	-12.113630	-33.374900
-0.009710	-0.165439	 0.022820	-164.327000	 13.732740	-93.878430	-9.775022	 2.644444	-8.027190	-8.402730	 4.783048	-7.539598	 3.753620	-15.177500	 109.472200	-0.813313	 0.122417	-8.559153	-54.231990	-34.970290	 9.840953	-22.983540	 22.476270	 0.980094	-23.019490	 29.075770	-42.340850	-11.582920	-4.601621	 9.666660	 2.503291	-1.126934	 4.548135	 3.270450	-0.643668	-80.071260	 3.965687	 3.173779	 11.899690	-0.275389	 3.148105	 9.181604	 2.909846	 4.318218	-70.604800	 37.455430	 19.816480	 14.804990	-6.821038	 19.211720	 10.901230	-5.647678	 19.246390	-70.658200	 18.537650	 10.435050	 21.106630	-3.898340	 9.395206	 9.518596	-0.473063	 9.966733	-72.614270	-51.617550	-12.041010	-7.588076	 16.022730	-0.540169	 0.139211	 14.789960	-0.368235	 3.437935	 1.310050	-12.189460	 90.685780	-99.043340	 8.620227	-86.630330	-178.334700	-7.580535	 106.257700	-0.813313	 0.122417	-8.559153	-65.932690	-14.938720	-10.745980	-3.332517	 29.119230	 1.384239	 10.094260	 12.315380	 3.956657	-10.605880	-3.628750	 51.267170	 2.464826	-1.149015	 55.549470	 2.484257	 0.983754	-44.633790	 0.323472	 1.809057	 40.942160	-0.219527	 3.167467	 29.145340	 2.770084	 4.769238	-63.944000	 38.563630	 20.212100	 15.666570	-6.605108	 19.274020	 22.830420	-6.096948	 19.369580	-93.650460	 18.034290	 10.144950	 27.635390	-3.734851	 9.451550	 28.881720	-0.514123	 10.310160	-64.649640	-36.744080	-2.681323	 27.765990	 15.345540	-0.539086	 0.133419	 16.762590	-0.374627	 3.454685	 0.000000	 90.000000	 0.000000	 174.286800	 5.415732	 157.838300	-175.148000	-12.095790	-33.385980
-0.009735	-0.164946	 0.022500	-164.351100	 13.649240	-93.822930	-9.725791	 2.599421	-8.016296	-8.364022	 4.693057	-7.535795	 3.740607	-15.112280	 109.501100	-0.813313	 0.122417	-8.559153	-54.726240	-35.037930	 9.524466	-21.834460	 22.563760	 0.984607	-23.434860	 29.216240	-42.485280	-11.582920	-4.601621	 9.666660	 2.503291	-1.126934	 4.548135	 3.270450	-0.643668	-80.071260	 3.960887	 3.171681	 11.899970	-0.275389	 3.148105	 9.181604	 2.909756	 4.318581	-70.599510	 37.450450	 19.814660	 14.806690	-6.821038	 19.211720	 10.901230	-5.647537	 19.246380	-70.651280	 18.531480	 10.431880	 21.107830	-3.898340	 9.395206	 9.518596	-0.473063	 9.966733	-72.614270	-51.617550	-12.041010	-7.588076	 16.022730	-0.540169	 0.139211	 14.789960	-0.368235	 3.437935	 1.302115	-12.196240	 90.684030	-99.052980	 8.252018	-86.943530	-178.316000	-7.640353	 106.359300	-0.813313	 0.122417	-8.559153	-65.835620	-14.966220	-10.554530	-3.350601	 29.527040	 1.382145	 9.663468	 12.784540	 5.725520	-10.606230	-3.627428	 51.361290	 2.464739	-1.149141	 55.719280	 2.481116	 0.987057	-44.545810	 0.254916	 1.755968	 41.051590	-0.218899	 3.167818	 29.387130	 2.759822	 4.796294	-63.535960	 36.959340	 19.563630	 18.580570	-6.601409	 19.275480	 23.041980	-5.994716	 19.324850	-88.142740	 17.643490	 9.913444	 27.840790	-3.732674	 9.452728	 29.157000	-0.516523	 10.322620	-64.357160	-36.745860	-2.665175	 27.827700	 15.386820	-0.539161	 0.133772	 16.796830	-0.374738	 3.454977	 0.000000	 90.000000	 0.000000	 174.261800	 5.408126	 157.874500	-175.135700	-12.072380	-33.401460
-0.010079	-0.164119	 0.022069	-164.396100	 13.528970	-93.764270	-9.675844	 2.547092	-8.012794	-8.321369	 4.610632	-7.537557	 3.727077	-15.047500	 109.525000	-0.813313	 0.122417	-8.559153	-55.029160	-35.049200	 9.341791	-21.112020	 22.678200	 0.995988	-23.645060	 29.344180	-42.677540	-11.582920	-4.601621	 9.666660	 2.503291	-1.126934	 4.548135	 3.270450	-0.643668	-80.071260	 3.956627	 3.169819	 11.900210	-0.275389	 3.148105	 9.181604	 2.909673	 4.318913	-70.594680	 37.445860	 19.812980	 14.808260	-6.821038	 19.211720	 10.901230	-5.647406	 19.246380	-70.644940	 18.526040	 10.429090	 21.108880	-3.898340	 9.395206	 9.518596	-0.473063	 9.966733	-72.614270	-51.617550	-12.041010	-7.588076	 16.022730	-0.540169	 0.139211	 14.789960	-0.368235	 3.437935	 1.292146	-12.096350	 90.681300	-98.946140	 7.821227	-87.344410	-178.299000	-7.693936	 106.454800	-0.813313	 0.122417	-8.559153	-65.764420	-15.001180	-10.377300	-3.369601	 29.806290	 1.382881	 9.394569	 13.101350	 6.947829	-10.643150	-3.658120	 51.622490	 2.464536	-1.149436	 56.118260	 2.471531	 0.997078	-44.278150	 0.164966	 1.686736	 41.296570	-0.218044	 3.168304	 29.717750	 2.753461	 4.812777	-63.286820	 36.461610	 19.357020	 18.931630	-6.599185	 19.276370	 23.169270	-5.883008	 19.288060	-82.359620	 17.346790	 9.734794	 28.111520	-3.729715	 9.454355	 29.532260	-0.518053	 10.330390	-64.174840	-36.705350	-2.653759	 27.812810	 15.610110	-0.539554	 0.135680	 17.053000	-0.375517	 3.457169	 0.000000	 90.000000	 0.000000	 174.256900	 5.408810	 157.983400	-175.239600	-12.348650	-33.386550
-0.010854	-0.162695	 0.021317	-164.485400	 13.315730	-93.691540	-9.616889	 2.478698	-8.016127	-8.270488	 4.497824	-7.544734	 3.710081	-14.969420	 109.548700	-0.813313	 0.122417	-8.559153	-55.079820	-34.977880	 9.345586	-20.931410	 22.829940	 1.025432	-23.648010	 29.435010	-42.805140	-11.582920	-4.601621	 9.666660	 2.503291	-1.126934	 4.548135	 3.270450	-0.643668	-80.071260	 3.952405	 3.167974	 11.900470	-0.275389	 3.148105	 9.181604	 2.909586	 4.319268	-70.589560	 37.441010	 19.811200	 14.809910	-6.821038	 19.211720	 10.901230	-5.647269	 19.246360	-70.638150	 18.520630	 10.426320	 21.109930	-3.898340	 9.395206	 9.518596	-0.473063	 9.966733	-72.614270	-51.617550	-12.041010	-7.588076	 16.022730	-0.540169	 0.139211	 14.789960	-0.368235	 3.437935	 1.278991	-11.932860	 90.677510	-98.842300	 7.229365	-87.527630	-178.283800	-7.743257	 106.531300	-0.813313	 0.122417	-8.559153	-65.709120	-15.051090	-10.181930	-3.392895	 29.959780	 1.387508	 9.194180	 13.275640	 7.809892	-10.681980	-3.693671	 51.719250	 2.464452	-1.149559	 56.284820	 2.468145	 1.000596	-44.183910	 0.112915	 1.646130	 41.399180	-0.217531	 3.168599	 29.916650	 2.744859	 4.834737	-62.954250	 36.093130	 19.202610	 19.158190	-6.596215	 19.277570	 23.339550	-5.807161	 19.269640	-78.532730	 17.124400	 9.599700	 28.306540	-3.727955	 9.455336	 29.756330	-0.520128	 10.340720	-63.931900	-36.660630	-2.641464	 27.795350	 15.670670	-0.539661	 0.136199	 17.334870	-0.376368	 3.459582	 0.000000	 90.000000	 0.000000	 174.288600	 5.411053	 158.166600	-175.295100	-12.621110	-33.320470
-0.011927	-0.161296	 0.020561	-164.608700	 13.118250	-93.629280	-9.566216	 2.415563	-8.023986	-8.231543	 4.348903	-7.553741	 3.687834	-14.871850	 109.570300	-0.813313	 0.122417	-8.559153	-54.826580	-34.834540	 9.562829	-21.063230	 22.965450	 1.054497	-23.466730	 29.475390	-42.894710	-11.582920	-4.601621	 9.666660	 2.503291	-1.126934	 4.548135	 3.270450	-0.643668	-80.071260	 3.949475	 3.166694	 11.900640	-0.275389	 3.148105	 9.181604	 2.909518	 4.319541	-70.585570	 37.437230	 19.809820	 14.811210	-6.821038	 19.211720	 10.901230	-5.647161	 19.246350	-70.632920	 18.516900	 10.424410	 21.110650	-3.898340	 9.395206	 9.518596	-0.473063	 9.966733	-72.614270	-51.617550	-12.041010	-7.588076	 16.022730	-0.540169	 0.139211	 14.789960	-0.368235	 3.437935	 1.265709	-11.689590	 90.673290	-98.732230	 6.689230	-87.463420	-178.275500	-7.770036	 106.573900	-0.813313	 0.122417	-8.559153	-65.675790	-15.082460	-10.060610	-3.413481	 29.923850	 1.394946	 9.225690	 13.256570	 8.059067	-10.712000	-3.722578	 51.709830	 2.464447	-1.149566	 56.294210	 2.468706	 1.000013	-44.199510	 0.067865	 1.610374	 41.406410	-0.217314	 3.168723	 30.000880	 2.738415	 4.850945	-62.708290	 35.803230	 19.081010	 19.299430	-6.593404	 19.278710	 23.500920	-5.801023	 19.268370	-78.225600	 16.948050	 9.492861	 28.402260	-3.727218	 9.455749	 29.850140	-0.522103	 10.350340	-63.705790	-36.625390	-2.631784	 27.781570	 15.634730	-0.539601	 0.135892	 17.556830	-0.377029	 3.461488	 0.000000	 90.000000	 0.000000	 174.347900	 5.411611	 158.343300	-175.231800	-12.707190	-33.165430
-0.013248	-0.159813	 0.019747	-164.754500	 12.916870	-93.564030	-9.515699	 2.349665	-8.035269	-8.194249	 4.175055	-7.564445	 3.660198	-14.752480	 109.593600	-0.813313	 0.122417	-8.559153	-54.539150	-34.721930	 9.860011	-21.472520	 23.099680	 1.089318	-23.145050	 29.463760	-42.881170	-11.582920	-4.601621	 9.666660	 2.503291	-1.126934	 4.548135	 3.270450	-0.643668	-80.071260	 3.947316	 3.165751	 11.900760	-0.275389	 3.148105	 9.181604	 2.909458	 4.319787	-70.582020	 37.433850	 19.808580	 14.812360	-6.821038	 19.211720	 10.901230	-5.647064	 19.246350	-70.628170	 18.514120	 10.422980	 21.111180	-3.898340	 9.395206	 9.518596	-0.473063	 9.966733	-72.614270	-51.617550	-12.041010	-7.588076	 16.022730	-0.540169	 0.139211	 14.789960	-0.368235	 3.437935	 1.251199	-11.403880	 90.668560	-98.599050	 6.163029	-87.239010	-178.272300	-7.782468	 106.582700	-0.813313	 0.122417	-8.559153	-65.679230	-15.091020	-10.044880	-3.434193	 29.760430	 1.404800	 9.499965	 13.132590	 8.084616	-10.740240	-3.749771	 51.700780	 2.464443	-1.149572	 56.302710	 2.469215	 0.999485	-44.213680	 0.052238	 1.597989	 41.412380	-0.217117	 3.168838	 30.077300	 2.736023	 4.856906	-62.617690	 35.691240	 19.033870	 19.351400	-6.592145	 19.279220	 23.573250	-5.798798	 19.267910	-78.114560	 16.880130	 9.451732	 28.431620	-3.726547	 9.456125	 29.935790	-0.523000	 10.354650	-63.604180	-36.592740	-2.622827	 27.768810	 15.601730	-0.539541	 0.135608	 17.762470	-0.377643	 3.463256	 0.000000	 90.000000	 0.000000	 174.423800	 5.414451	 158.513200	-175.074200	-12.671040	-32.873120
-0.014840	-0.157975	 0.018653	-164.928200	 12.637790	-93.482250	-9.457615	 2.271384	-8.051286	-8.149249	 3.972689	-7.577908	 3.623629	-14.595160	 109.623700	-0.813313	 0.122417	-8.559153	-54.030540	-34.555800	 10.352700	-22.517440	 23.244880	 1.148267	-22.509290	 29.330150	-42.637370	-11.582920	-4.601621	 9.666660	 2.503291	-1.126934	 4.548135	 3.270450	-0.643668	-80.071260	 3.945484	 3.164950	 11.900870	-0.275389	 3.148105	 9.181604	 2.909394	 4.320041	-70.578300	 37.430360	 19.807310	 14.813550	-6.821038	 19.211720	 10.901230	-5.646961	 19.246340	-70.623180	 18.512290	 10.422040	 21.111530	-3.898340	 9.395206	 9.518596	-0.473063	 9.966733	-72.614270	-51.617550	-12.041010	-7.588076	 16.022730	-0.540169	 0.139211	 14.789960	-0.368235	 3.437935	 1.233596	-11.089720	 90.662800	-98.421750	 5.696148	-86.661560	-178.275000	-7.778453	 106.548700	-0.813313	 0.122417	-8.559153	-65.793120	-15.101800	-10.166130	-3.457621	 29.259300	 1.421989	 10.092570	 12.694790	 7.726924	-10.771600	-3.779245	 51.738550	 2.464414	-1.149615	 56.359870	 2.467908	 1.000841	-44.177330	 0.033142	 1.583020	 41.450380	-0.216937	 3.168942	 30.147220	 2.733147	 4.864046	-62.509160	 35.562800	 18.980530	 19.384880	-6.592072	 19.279260	 23.577430	-5.796272	 19.267410	-77.988240	 16.834240	 9.424509	 28.420540	-3.725922	 9.456477	 30.015580	-0.523057	 10.354920	-63.597820	-36.557820	-2.613256	 27.755160	 15.616540	-0.539567	 0.135735	 17.982560	-0.378275	 3.465149	 0.000000	 90.000000	 0.000000	 174.515800	 5.425146	 158.670100	-174.891300	-12.643240	-32.491650
-0.016304	-0.156410	 0.017672	-165.117900	 12.374940	-93.402420	-9.407495	 2.203877	-8.066053	-8.109608	 3.808880	-7.588903	 3.591164	-14.455000	 109.652000	-0.813313	 0.122417	-8.559153	-53.476730	-34.386860	 10.871290	-23.520420	 23.353490	 1.198761	-21.985120	 29.198940	-42.318250	-11.582920	-4.601621	 9.666660	 2.503291	-1.126934	 4.548135	 3.270450	-0.643668	-80.071260	 3.944136	 3.164360	 11.900950	-0.275389	 3.148105	 9.181604	 2.909345	 4.320243	-70.575390	 37.427740	 19.806350	 14.814450	-6.821038	 19.211720	 10.901230	-5.646885	 19.246340	-70.619230	 18.511990	 10.421890	 21.111590	-3.898340	 9.395206	 9.518596	-0.473063	 9.966733	-72.614270	-51.617550	-12.041010	-7.588076	 16.022730	-0.540169	 0.139211	 14.789960	-0.368235	 3.437935	 1.218215	-10.849110	 90.657780	-98.243970	 5.526489	-86.164040	-178.282700	-7.758808	 106.488500	-0.813313	 0.122417	-8.559153	-65.965070	-15.112550	-10.361950	-3.477325	 28.714000	 1.438734	 10.184580	 12.151820	 7.393175	-10.796340	-3.802591	 51.763100	 2.464415	-1.149613	 56.357320	 2.467010	 1.001771	-44.152370	 0.041730	 1.589872	 41.454210	-0.217019	 3.168894	 30.115380	 2.734456	 4.860803	-62.558480	 35.624150	 19.006790	 19.345510	-6.592685	 19.279010	 23.542230	-5.797502	 19.267650	-78.049480	 16.847410	 9.433047	 28.385790	-3.726196	 9.456320	 29.980470	-0.522620	 10.352840	-63.646840	-36.530810	-2.605851	 27.744570	 15.630260	-0.539589	 0.135852	 18.152830	-0.378767	 3.466616	 0.000000	 90.000000	 0.000000	 174.608500	 5.440420	 158.798000	-174.715800	-12.563000	-32.155660
-0.017985	-0.154694	 0.016722	-165.345100	 12.099560	-93.315960	-9.354375	 2.134229	-8.080539	-8.072512	 3.634506	-7.598041	 3.559894	-14.318660	 109.682700	-0.813313	 0.122417	-8.559153	-52.845860	-34.198130	 11.450830	-24.289270	 23.443820	 1.235025	-21.694690	 29.127670	-41.986150	-11.582920	-4.601621	 9.666660	 2.503291	-1.126934	 4.548135	 3.270450	-0.643668	-80.071260	 3.942959	 3.163847	 11.901020	-0.275389	 3.148105	 9.181604	 2.909299	 4.320426	-70.572740	 37.425490	 19.805520	 14.815220	-6.821038	 19.211720	 10.901230	-5.646810	 19.246330	-70.615650	 18.512730	 10.422270	 21.111450	-3.898340	 9.395206	 9.518596	-0.473063	 9.966733	-72.614270	-51.617550	-12.041010	-7.588076	 16.022730	-0.540169	 0.139211	 14.789960	-0.368235	 3.437935	 1.202114	-10.581810	 90.652390	-98.055580	 5.397031	-85.546250	-178.295600	-7.725433	 106.387600	-0.813313	 0.122417	-8.559153	-66.185020	-15.124960	-10.615040	-3.497228	 28.204310	 1.454729	 9.939095	 11.595290	 6.920397	-10.819080	-3.824167	 51.778960	 2.464435	-1.149583	 56.317070	 2.466375	 1.002429	-44.134730	 0.057057	 1.601954	 41.435430	-0.217164	 3.168810	 30.059020	 2.736809	 4.854954	-62.647380	 35.732600	 19.052650	 19.289920	-6.593426	 19.278700	 23.499510	-5.799653	 19.268090	-78.157110	 16.903540	 9.467312	 28.345310	-3.726691	 9.456041	 29.917210	-0.522095	 10.350300	-63.706640	-36.506460	-2.599185	 27.735040	 15.643220	-0.539611	 0.135963	 18.306170	-0.379211	 3.467937	 0.000000	 90.000000	 0.000000	 174.740600	 5.458173	 158.986800	-174.530800	-12.441280	-31.768860
-0.020128	-0.152619	 0.015611	-165.571900	 11.757660	-93.244750	-9.287578	 2.048829	-8.095852	-8.032490	 3.414510	-7.605062	 3.522244	-14.154010	 109.721500	-0.813313	 0.122417	-8.559153	-52.034180	-33.954330	 12.185500	-24.879020	 23.535790	 1.259296	-21.605900	 29.147950	-41.760860	-11.582920	-4.601621	 9.666660	 2.503291	-1.126934	 4.548135	 3.270450	-0.643668	-80.071260	 3.941783	 3.163332	 11.901080	-0.275389	 3.148105	 9.181604	 2.909250	 4.320623	-70.569890	 37.423200	 19.804690	 14.816000	-6.821038	 19.211720	 10.901230	-5.646731	 19.246320	-70.611790	 18.514680	 10.423270	 21.111070	-3.898340	 9.395206	 9.518596	-0.473063	 9.966733	-72.614270	-51.617550	-12.041010	-7.588076	 16.022730	-0.540169	 0.139211	 14.789960	-0.368235	 3.437935	 1.182151	-10.237070	 90.645570	-97.817330	 5.119636	-84.762410	-178.315300	-7.670690	 106.246700	-0.813313	 0.122417	-8.559153	-66.476680	-15.122710	-10.994680	-3.522005	 27.794160	 1.470109	 9.131070	 11.068460	 6.303344	-10.843610	-3.847574	 51.787390	 2.464476	-1.149524	 56.237330	 2.465938	 1.002881	-44.122590	 0.078466	 1.618704	 41.390880	-0.217369	 3.168691	 29.979380	 2.740172	 4.846546	-62.775080	 36.111350	 19.210590	 19.136310	-6.594567	 19.278230	 23.434120	-5.802727	 19.268720	-78.310810	 17.134010	 9.606078	 28.265480	-3.727400	 9.455647	 29.826980	-0.521283	 10.346380	-63.798970	-36.480870	-2.592189	 27.724990	 15.657630	-0.539638	 0.136087	 18.467530	-0.379665	 3.469332	 0.000000	 90.000000	 0.000000	 174.931500	 5.485350	 159.264800	-174.265700	-12.239910	-31.288430
-0.022356	-0.150838	 0.014648	-165.811800	 11.459950	-93.212810	-9.225905	 1.971434	-8.106292	-8.001539	 3.210438	-7.606562	 3.483588	-13.987700	 109.756100	-0.813313	 0.122417	-8.559153	-51.296870	-33.728580	 12.844700	-25.263400	 23.622140	 1.271184	-21.589920	 29.225260	-41.708880	-11.582920	-4.601621	 9.666660	 2.503291	-1.126934	 4.548135	 3.270450	-0.643668	-80.071260	 3.940897	 3.162945	 11.901140	-0.275389	 3.148105	 9.181604	 2.909212	 4.320778	-70.567630	 37.421540	 19.804080	 14.816570	-6.821038	 19.211720	 10.901230	-5.646668	 19.246320	-70.608760	 18.517180	 10.424550	 21.110590	-3.898340	 9.395206	 9.518596	-0.473063	 9.966733	-72.614270	-51.617550	-12.041010	-7.588076	 16.022730	-0.540169	 0.139211	 14.789960	-0.368235	 3.437935	 1.164039	-9.916578	 90.639240	-97.594280	 4.734228	-84.104610	-178.338100	-7.611649	 106.064400	-0.813313	 0.122417	-8.559153	-66.728860	-15.079690	-11.420870	-3.544713	 27.589400	 1.480737	 7.889785	 10.702990	 5.630102	-10.863100	-3.866290	 51.786050	 2.464518	-1.149461	 56.153490	 2.465821	 1.003003	-44.119320	 0.113665	 1.646315	 41.337420	-0.217706	 3.168497	 29.848560	 2.745654	 4.832725	-62.984760	 36.435540	 19.345300	 18.982040	-6.596444	 19.277470	 23.326480	-5.807762	 19.269760	-78.562750	 17.239510	 9.670080	 28.183420	-3.728563	 9.454996	 29.678830	-0.519960	 10.339900	-63.951270	-36.461140	-2.586808	 27.717280	 15.669470	-0.539663	 0.136187	 18.591750	-0.380022	 3.470403	 0.000000	 90.000000	 0.000000	 175.114900	 5.517052	 159.534700	-173.918500	-11.950520	-30.880020
-0.024600	-0.149208	 0.013703	-166.075500	 11.181510	-93.189320	-9.163097	 1.893702	-8.112578	-7.972992	 3.001814	-7.602728	 3.442337	-13.811670	 109.790700	-0.813313	 0.122417	-8.559153	-50.581760	-33.503840	 13.477530	-25.654960	 23.711470	 1.281193	-21.420920	 29.291160	-41.785670	-11.582920	-4.601621	 9.666660	 2.503291	-1.126934	 4.548135	 3.270450	-0.643668	-80.071260	 3.940222	 3.162650	 11.901180	-0.275389	 3.148105	 9.181604	 2.909178	 4.320912	-70.565670	 37.420210	 19.803590	 14.817020	-6.821038	 19.211720	 10.901230	-5.646615	 19.246310	-70.606090	 18.520170	 10.426080	 21.110010	-3.898340	 9.395206	 9.518596	-0.473063	 9.966733	-72.614270	-51.617550	-12.041010	-7.588076	 16.022730	-0.540169	 0.139211	 14.789960	-0.368235	 3.437935	 1.145906	-9.593457	 90.632860	-97.365460	 4.266684	-83.546620	-178.363800	-7.545420	 105.851200	-0.813313	 0.122417	-8.559153	-66.981990	-15.015760	-11.896030	-3.567152	 27.458620	 1.489747	 6.810683	 10.441540	 4.913514	-10.880370	-3.882967	 51.777440	 2.464560	-1.149401	 56.071960	 2.465928	 1.002891	-44.122330	 0.157786	 1.680903	 41.277630	-0.218129	 3.168255	 29.684790	 2.752443	 4.815396	-63.247180	 36.635420	 19.428540	 18.854840	-6.598793	 19.276530	 23.191750	-5.814056	 19.271100	-78.877980	 17.369310	 9.748592	 28.077830	-3.730021	 9.454185	 29.493410	-0.518332	 10.331790	-64.141900	-36.444260	-2.582183	 27.710650	 15.680330	-0.539682	 0.136281	 18.698210	-0.380328	 3.471324	 0.000000	 90.000000	 0.000000	 175.295200	 5.556975	 159.802000	-173.712200	-11.955900	-30.655910
-0.027101	-0.147404	 0.012573	-166.413400	 10.878690	-93.145700	-9.085399	 1.798523	-8.113571	-7.936063	 2.742254	-7.590003	 3.390929	-13.593190	 109.832900	-0.813313	 0.122417	-8.559153	-49.771180	-33.240300	 14.186820	-26.312180	 23.823110	 1.299496	-20.995000	 29.323020	-41.927650	-11.582920	-4.601621	 9.666660	 2.503291	-1.126934	 4.548135	 3.270450	-0.643668	-80.071260	 3.939567	 3.162364	 11.901210	-0.275389	 3.148105	 9.181604	 2.909143	 4.321054	-70.563610	 37.418950	 19.803130	 14.817440	-6.821038	 19.211720	 10.901230	-5.646557	 19.246310	-70.603270	 18.524190	 10.428150	 21.109240	-3.898340	 9.395206	 9.518596	-0.473063	 9.966733	-72.614270	-51.617550	-12.041010	-7.588076	 16.022730	-0.540169	 0.139211	 14.789960	-0.368235	 3.437935	 1.123982	-9.203620	 90.625010	-97.085530	 3.631086	-83.001280	-178.397000	-7.457255	 105.577000	-0.813313	 0.122417	-8.559153	-67.340320	-14.942500	-12.518260	-3.593522	 27.303290	 1.500241	 5.309042	 10.122270	 3.798521	-10.898790	-3.900872	 51.758470	 2.464600	-1.149342	 55.991530	 2.466327	 1.002479	-44.133360	 0.215684	 1.726212	 41.203520	-0.218685	 3.167940	 29.470020	 2.761224	 4.792631	-63.591270	 36.834910	 19.511600	 18.702870	-6.601878	 19.275300	 23.015110	-5.822291	 19.272910	-79.291270	 17.568500	 9.868306	 27.925810	-3.731939	 9.453133	 29.250240	-0.516236	 10.321150	-64.391780	-36.427050	-2.577488	 27.703910	 15.692380	-0.539699	 0.136384	 18.806720	-0.380622	 3.472264	 0.000000	 90.000000	 0.000000	 175.495100	 5.617960	 160.099700	-173.699100	-12.384180	-30.625970
-0.028784	-0.146563	 0.011312	-166.710900	 10.634880	-93.074510	-9.017159	 1.715563	-8.107664	-7.902327	 2.513017	-7.571148	 3.347113	-13.407010	 109.869800	-0.813313	 0.122417	-8.559153	-48.950400	-32.927940	 14.830130	-27.314630	 23.919730	 1.333497	-20.490300	 29.303110	-41.993530	-11.582920	-4.601621	 9.666660	 2.503291	-1.126934	 4.548135	 3.270450	-0.643668	-80.071260	 3.939142	 3.162178	 11.901240	-0.275389	 3.148105	 9.181604	 2.909118	 4.321158	-70.562100	 37.418170	 19.802850	 14.817710	-6.821038	 19.211720	 10.901230	-5.646516	 19.246310	-70.601170	 18.527830	 10.430020	 21.108540	-3.898340	 9.395206	 9.518596	-0.473063	 9.966733	-72.614270	-51.617550	-12.041010	-7.588076	 16.022730	-0.540169	 0.139211	 14.789960	-0.368235	 3.437935	 1.105174	-8.874499	 90.618210	-96.849330	 3.046996	-82.583020	-178.426200	-7.375853	 105.347000	-0.813313	 0.122417	-8.559153	-67.689320	-14.893970	-13.061610	-3.614510	 27.033720	 1.511315	 3.912880	 9.726405	 2.743248	-10.912670	-3.914469	 51.735460	 2.464630	-1.149298	 55.932540	 2.466875	 1.001911	-44.148630	 0.263644	 1.763665	 41.143680	-0.219144	 3.167680	 29.292510	 2.768378	 4.773772	-63.875670	 37.141410	 19.637040	 18.521110	-6.604433	 19.274280	 22.869050	-5.829093	 19.274440	-79.632830	 17.752920	 9.978456	 27.785290	-3.733526	 9.452267	 29.049190	-0.514541	 10.312350	-64.598250	-36.414750	-2.574134	 27.699090	 15.701890	-0.539721	 0.136466	 18.884140	-0.380839	 3.472932	 0.000000	 90.000000	 0.000000	 175.637100	 5.682052	 160.351400	-174.233200	-13.857770	-31.978520
-0.030779	-0.145244	 0.009933	-167.013900	 10.372750	-92.973790	-8.946066	 1.629554	-8.094288	-7.866103	 2.273252	-7.543478	 3.304200	-13.224070	 109.908500	-0.813313	 0.122417	-8.559153	-47.847180	-32.446670	 15.603750	-28.779720	 24.018690	 1.387098	-19.758090	 29.223470	-42.064700	-11.582920	-4.601621	 9.666660	 2.503291	-1.126934	 4.548135	 3.270450	-0.643668	-80.071260	 3.938853	 3.162052	 11.901260	-0.275389	 3.148105	 9.181604	 2.909096	 4.321249	-70.560780	 37.417630	 19.802650	 14.817900	-6.821038	 19.211720	 10.901230	-5.646478	 19.246300	-70.599330	 18.531600	 10.431950	 21.107800	-3.898340	 9.395206	 9.518596	-0.473063	 9.966733	-72.614270	-51.617550	-12.041010	-7.588076	 16.022730	-0.540169	 0.139211	 14.789960	-0.368235	 3.437935	 1.086067	-8.548401	 90.611160	-96.616970	 2.441598	-82.206370	-178.455300	-7.288599	 105.135000	-0.813313	 0.122417	-8.559153	-68.081280	-14.867960	-13.596250	-3.634280	 26.628200	 1.524559	 2.458743	 9.217034	 1.661020	-10.925240	-3.926872	 51.706200	 2.464667	-1.149245	 55.860170	 2.467614	 1.001145	-44.169160	 0.305723	 1.796457	 41.091030	-0.219548	 3.167454	 29.136940	 2.774573	 4.757211	-64.125000	 37.527840	 19.793240	 18.309310	-6.606673	 19.273400	 22.740920	-5.835047	 19.275820	-79.932250	 17.984340	 10.115640	 27.632700	-3.734921	 9.451512	 28.872870	-0.513081	 10.304640	-64.779120	-36.404370	-2.571304	 27.695020	 15.710890	-0.539729	 0.136542	 18.949630	-0.381015	 3.473499	 0.000000	 90.000000	 0.000000	 175.751100	 5.754351	 160.646500	-174.212300	-14.923020	-33.030710
-0.033148	-0.143373	 0.008200	-167.374500	 10.035820	-92.834740	-8.857413	 1.522641	-8.066596	-7.819428	 1.973275	-7.500371	 3.252151	-13.002460	 109.956100	-0.813313	 0.122417	-8.559153	-46.438660	-31.795820	 16.576660	-30.628360	 24.145640	 1.456262	-18.836960	 29.104760	-42.058460	-11.582920	-4.601621	 9.666660	 2.503291	-1.126934	 4.548135	 3.270450	-0.643668	-80.071260	 3.938660	 3.161967	 11.901270	-0.275389	 3.148105	 9.181604	 2.909072	 4.321343	-70.559430	 37.417240	 19.802510	 14.818030	-6.821038	 19.211720	 10.901230	-5.646439	 19.246300	-70.597430	 18.536040	 10.434220	 21.106940	-3.898340	 9.395206	 9.518596	-0.473063	 9.966733	-72.614270	-51.617550	-12.041010	-7.588076	 16.022730	-0.540169	 0.139211	 14.789960	-0.368235	 3.437935	 1.062921	-8.170168	 90.602550	-96.352540	 1.725589	-81.823280	-178.490500	-7.178556	 104.889200	-0.813313	 0.122417	-8.559153	-68.586910	-14.835480	-14.271440	-3.655616	 25.924680	 1.543865	 0.739821	 8.426232	 0.450480	-10.938500	-3.940092	 51.663380	 2.464720	-1.149168	 55.756850	 2.468737	 0.999980	-44.200400	 0.359244	 1.838163	 41.032820	-0.220062	 3.167169	 28.939440	 2.782326	 4.736166	-64.441240	 37.921220	 19.950580	 18.081500	-6.609098	 19.272450	 22.602600	-5.842586	 19.277610	-80.312010	 18.352710	 10.332110	 27.436340	-3.736695	 9.450560	 28.649040	-0.511266	 10.294860	-65.008460	-36.394380	-2.568579	 27.691090	 15.720980	-0.539753	 0.136630	 19.012610	-0.381197	 3.474045	 0.000000	 90.000000	 0.000000	 175.870400	 5.838347	 161.044200	-173.899700	-15.722480	-33.954430
-0.034698	-0.141446	 0.006779	-167.649400	 9.738050	-92.721730	-8.781105	 1.430779	-8.032456	-7.777926	 1.714777	-7.460545	 3.204080	-12.800180	 109.995500	-0.813313	 0.122417	-8.559153	-45.411630	-31.318410	 17.335510	-31.889750	 24.262860	 1.504681	-18.232260	 29.031710	-41.904970	-11.582920	-4.601621	 9.666660	 2.503291	-1.126934	 4.548135	 3.270450	-0.643668	-80.071260	 3.938603	 3.161943	 11.901270	-0.275389	 3.148105	 9.181604	 2.909057	 4.321406	-70.558510	 37.417180	 19.802490	 14.818060	-6.821038	 19.211720	 10.901230	-5.646411	 19.246300	-70.596150	 18.539480	 10.435990	 21.106280	-3.898340	 9.395206	 9.518596	-0.473063	 9.966733	-72.614270	-51.617550	-12.041010	-7.588076	 16.022730	-0.540169	 0.139211	 14.789960	-0.368235	 3.437935	 1.043647	-7.873380	 90.595300	-96.152470	 1.170089	-81.573420	-178.521500	-7.084957	 104.649200	-0.813313	 0.122417	-8.559153	-69.007760	-14.754200	-14.948310	-3.670933	 25.132180	 1.563162	-0.582695	 7.589207	-0.337297	-10.948100	-3.949771	 51.621740	 2.464770	-1.149096	 55.658290	 2.469856	 0.998818	-44.231540	 0.423770	 1.888469	 40.975540	-0.220682	 3.166827	 28.701440	 2.791503	 4.710776	-64.821890	 38.390690	 20.135640	 17.850070	-6.611567	 19.271490	 22.461760	-5.851644	 19.279820	-80.769100	 18.548690	 10.446510	 27.304620	-3.738837	 9.449424	 28.379520	-0.509133	 10.283060	-65.284740	-36.388080	-2.566858	 27.688590	 15.728790	-0.539761	 0.136696	 19.052420	-0.381302	 3.474389	 0.000000	 90.000000	 0.000000	 175.956000	 5.901030	 161.400400	-173.761600	-16.106170	-34.511200
-0.036002	-0.139484	 0.005459	-167.860700	 9.443514	-92.627070	-8.706565	 1.341476	-7.992995	-7.736383	 1.462571	-7.419704	 3.155023	-12.595410	 110.032800	-0.813313	 0.122417	-8.559153	-44.582800	-30.936610	 18.004720	-32.859480	 24.384620	 1.544861	-17.807500	 28.990270	-41.645840	-11.582920	-4.601621	 9.666660	 2.503291	-1.126934	 4.548135	 3.270450	-0.643668	-80.071260	 3.938660	 3.161967	 11.901270	-0.275389	 3.148105	 9.181604	 2.909044	 4.321454	-70.557800	 37.417280	 19.802520	 14.818020	-6.821038	 19.211720	 10.901230	-5.646390	 19.246300	-70.595130	 18.542400	 10.437490	 21.105710	-3.898340	 9.395206	 9.518596	-0.473063	 9.966733	-72.614270	-51.617550	-12.041010	-7.588076	 16.022730	-0.540169	 0.139211	 14.789960	-0.368235	 3.437935	 1.025195	-7.589272	 90.588240	-95.963370	 0.701909	-81.379140	-178.557500	-6.967913	 104.396600	-0.813313	 0.122417	-8.559153	-69.404310	-14.661360	-15.667250	-3.679928	 24.402170	 1.578050	-1.827835	 6.848664	-0.847090	-10.956020	-3.957875	 51.577500	 2.464823	-1.149020	 55.555080	 2.471063	 0.997564	-44.265140	 0.495355	 1.944183	 40.914250	-0.221371	 3.166452	 28.437710	 2.801475	 4.682578	-65.243620	 38.912480	 20.338580	 17.606330	-6.614424	 19.270390	 22.299080	-5.861652	 19.282350	-81.275400	 18.881610	 10.639730	 27.155830	-3.741216	 9.448176	 28.080900	-0.506837	 10.269970	-65.590850	-36.383710	-2.565664	 27.686870	 15.735680	-0.539776	 0.136755	 19.079960	-0.381384	 3.474629	 0.000000	 90.000000	 0.000000	 176.027500	 5.953152	 161.750600	-173.611900	-16.285140	-34.834860
-0.037488	-0.137117	 0.003820	-168.054600	 9.075028	-92.516240	-8.612267	 1.229910	-7.942339	-7.682710	 1.144668	-7.365808	 3.091149	-12.330700	 110.078200	-0.813313	 0.122417	-8.559153	-43.693000	-30.522780	 18.783350	-33.845610	 24.547630	 1.592669	-17.407130	 28.963260	-41.236190	-11.582920	-4.601621	 9.666660	 2.503291	-1.126934	 4.548135	 3.270450	-0.643668	-80.071260	 3.938833	 3.162043	 11.901250	-0.275389	 3.148105	 9.181604	 2.909034	 4.321497	-70.557190	 37.417640	 19.802660	 14.817900	-6.821038	 19.211720	 10.901230	-5.646371	 19.246300	-70.594160	 18.545310	 10.438980	 21.105150	-3.898340	 9.395206	 9.518596	-0.473063	 9.966733	-72.614270	-51.617550	-12.041010	-7.588076	 16.022730	-0.540169	 0.139211	 14.789960	-0.368235	 3.437935	 1.001945	-7.195555	 90.579150	-95.694660	 0.246119	-81.144470	-178.616800	-6.750734	 104.061700	-0.813313	 0.122417	-8.559153	-69.887160	-14.575590	-16.622180	-3.673697	 23.287840	 1.591606	-3.605960	 5.781052	-1.245600	-10.964240	-3.966431	 51.517360	 2.464895	-1.148918	 55.416730	 2.472725	 0.995834	-44.311430	 0.587495	 2.015652	 40.830860	-0.222259	 3.165974	 28.098800	 2.813980	 4.646232	-65.785530	 39.585340	 20.596280	 17.285380	-6.618765	 19.268730	 22.052080	-5.874478	 19.285730	-81.925940	 19.161580	 10.800900	 26.986700	-3.744283	 9.446590	 27.697150	-0.503991	 10.253140	-65.984230	-36.380420	-2.564775	 27.685580	 15.743540	-0.539790	 0.136821	 19.100760	-0.381445	 3.474809	 0.000000	 90.000000	 0.000000	 176.104700	 6.008040	 162.184300	-173.401200	-16.518030	-35.202050
-0.038636	-0.135003	 0.002494	-168.181800	 8.754821	-92.423580	-8.529324	 1.132949	-7.897140	-7.634575	 0.866201	-7.316655	 3.034162	-12.095870	 110.116700	-0.813313	 0.122417	-8.559153	-42.985000	-30.182070	 19.431980	-34.596930	 24.695510	 1.635610	-17.101590	 28.949070	-40.858330	-11.582920	-4.601621	 9.666660	 2.503291	-1.126934	 4.548135	 3.270450	-0.643668	-80.071260	 3.939065	 3.162145	 11.901240	-0.275389	 3.148105	 9.181604	 2.909028	 4.321522	-70.556820	 37.418130	 19.802840	 14.817730	-6.821038	 19.211720	 10.901230	-5.646359	 19.246300	-70.593590	 18.547020	 10.439860	 21.104820	-3.898340	 9.395206	 9.518596	-0.473063	 9.966733	-72.614270	-51.617550	-12.041010	-7.588076	 16.022730	-0.540169	 0.139211	 14.789960	-0.368235	 3.437935	 0.981716	-6.827078	 90.571040	-95.442160	-0.047645	-80.945330	-178.672800	-6.535085	 103.762700	-0.813313	 0.122417	-8.559153	-70.291950	-14.517370	-17.474170	-3.657754	 22.198310	 1.600465	-5.284685	 4.769282	-1.513742	-10.969990	-3.972574	 51.461280	 2.464960	-1.148824	 55.289270	 2.474291	 0.994202	-44.355080	 0.661621	 2.072842	 40.753460	-0.222973	 3.165594	 27.826890	 2.823768	 4.616974	-66.220500	 40.127250	 20.800400	 17.013970	-6.623352	 19.267010	 21.791740	-5.884734	 19.288540	-82.447990	 19.542730	 11.019010	 26.803620	-3.746753	 9.445333	 27.389150	-0.501792	 10.239620	-66.299900	-36.379340	-2.564491	 27.685140	 15.749690	-0.539797	 0.136876	 19.107600	-0.381453	 3.474867	 0.000000	 90.000000	 0.000000	 176.164200	 6.047700	 162.547800	-173.207900	-16.640630	-35.320620
-0.039667	-0.132793	 0.001197	-168.291600	 8.428164	-92.330070	-8.443683	 1.033936	-7.849850	-7.584101	 0.580088	-7.264482	 2.975315	-11.854440	 110.155200	-0.813313	 0.122417	-8.559153	-42.264670	-29.818700	 20.087520	-35.350170	 24.846510	 1.681840	-16.794520	 28.938170	-40.487230	-11.582920	-4.601621	 9.666660	 2.503291	-1.126934	 4.548135	 3.270450	-0.643668	-80.071260	 3.939393	 3.162288	 11.901220	-0.275389	 3.148105	 9.181604	 2.909025	 4.321536	-70.556630	 37.418760	 19.803070	 14.817510	-6.821038	 19.211720	 10.901230	-5.646354	 19.246300	-70.593230	 18.547880	 10.440300	 21.104650	-3.898340	 9.395206	 9.518596	-0.473063	 9.966733	-72.614270	-51.617550	-12.041010	-7.588076	 16.022730	-0.540169	 0.139211	 14.789960	-0.368235	 3.437935	 0.961136	-6.433864	 90.562610	-95.173690	-0.307836	-80.749400	-178.727100	-6.323652	 103.458200	-0.813313	 0.122417	-8.559153	-70.687220	-14.463670	-18.339020	-3.635992	 21.029150	 1.608117	-7.064431	 3.704845	-1.830805	-10.974680	-3.977741	 51.400740	 2.465030	-1.148725	 55.153310	 2.475992	 0.992426	-44.402550	 0.723810	 2.120429	 40.670770	-0.223571	 3.165279	 27.599650	 2.831784	 4.592441	-66.584360	 40.581790	 20.968950	 16.765900	-6.628921	 19.264930	 21.476090	-5.893297	 19.290960	-82.884480	 19.788720	 11.158120	 26.638370	-3.748822	 9.444288	 27.131530	-0.500012	 10.228300	-66.563800	-36.379800	-2.564618	 27.685300	 15.755390	-0.539818	 0.136923	 19.104790	-0.381447	 3.474844	 0.000000	 90.000000	 0.000000	 176.220400	 6.081518	 162.896700	-173.038500	-16.753070	-35.375470
-0.040800	-0.130159	-0.000249	-168.406200	 8.054424	-92.222560	-8.343517	 0.919397	-7.793734	-7.524190	 0.247253	-7.201921	 2.907326	-11.576530	 110.198600	-0.813313	 0.122417	-8.559153	-41.368560	-29.332300	 20.856980	-36.310050	 25.017850	 1.742724	-16.477360	 28.938840	-40.084200	-11.582920	-4.601621	 9.666660	 2.503291	-1.126934	 4.548135	 3.270450	-0.643668	-80.071260	 3.939856	 3.162490	 11.901200	-0.275389	 3.148105	 9.181604	 2.909025	 4.321536	-70.556630	 37.419670	 19.803400	 14.817200	-6.821038	 19.211720	 10.901230	-5.646350	 19.246290	-70.593080	 18.547820	 10.440270	 21.104660	-3.898340	 9.395206	 9.518596	-0.473063	 9.966733	-72.614270	-51.617550	-12.041010	-7.588076	 16.022730	-0.540169	 0.139211	 14.789960	-0.368235	 3.437935	 0.937535	-5.967399	 90.552760	-94.858060	-0.629029	-80.534560	-178.785600	-6.091376	 103.116200	-0.813313	 0.122417	-8.559153	-71.115940	-14.397900	-19.301860	-3.609468	 19.675690	 1.616775	-9.134194	 2.499887	-2.380794	-10.978680	-3.982397	 51.327160	 2.465115	-1.148605	 54.990020	 2.478075	 0.990247	-44.460740	 0.867870	 2.231626	 40.567650	-0.224957	 3.164562	 27.075000	 2.849780	 4.535326	-67.428550	 41.637360	 21.353750	 16.278580	-6.636624	 19.262130	 21.040670	-5.913060	 19.296790	-83.896100	 20.390690	 11.497470	 26.372370	-3.753660	 9.441899	 26.532060	-0.496106	 10.202150	-67.173130	-36.382130	-2.565257	 27.686200	 15.761320	-0.539822	 0.136974	 19.090240	-0.381403	 3.474716	 0.000000	 90.000000	 0.000000	 176.276700	 6.112974	 163.348600	-172.846800	-16.867340	-35.371700
-0.042056	-0.127615	-0.001239	-168.498400	 7.747588	-92.132280	-8.257588	 0.822147	-7.744862	-7.471195	-0.028539	-7.147132	 2.850405	-11.344570	 110.234600	-0.813313	 0.122417	-8.559153	-40.604260	-28.895550	 21.499180	-37.113660	 25.160550	 1.797018	-16.235990	 28.951300	-39.784550	-11.582920	-4.601621	 9.666660	 2.503291	-1.126934	 4.548135	 3.270450	-0.643668	-80.071260	 3.940300	 3.162684	 11.901170	-0.275389	 3.148105	 9.181604	 2.909028	 4.321525	-70.556790	 37.420560	 19.803730	 14.816900	-6.821038	 19.211720	 10.901230	-5.646350	 19.246290	-70.593200	 18.547210	 10.439960	 21.104780	-3.898340	 9.395206	 9.518596	-0.473063	 9.966733	-72.614270	-51.617550	-12.041010	-7.588076	 16.022730	-0.540169	 0.139211	 14.789960	-0.368235	 3.437935	 0.917774	-5.569346	 90.544310	-94.595620	-0.908040	-80.357930	-178.838700	-5.867545	 102.840800	-0.813313	 0.122417	-8.559153	-70.229550	-19.143200	-19.661070	-6.388507	 18.395270	 1.880679	-8.815015	 6.692343	-1.651885	-10.981010	-3.985352	 51.262070	 2.465190	-1.148501	 54.847370	 2.479926	 0.988307	-44.512490	 0.994125	 2.328728	 40.476770	-0.226179	 3.163943	 26.614520	 2.864821	 4.485176	-68.166610	 42.015210	 21.487350	 16.047670	-6.643331	 19.259740	 20.662670	-5.930248	 19.302170	-84.780720	 20.607130	 11.616670	 26.201720	-3.757895	 9.439856	 26.009460	-0.492906	 10.179150	-67.708160	-36.385490	-2.566177	 27.687500	 15.765810	-0.539828	 0.137012	 19.069150	-0.381347	 3.474535	 0.000000	 90.000000	 0.000000	 176.314800	 6.133902	 163.831500	-172.661800	-16.962890	-35.291370
-0.043786	-0.124619	-0.002291	-168.618100	 7.412079	-92.028190	-8.158277	 0.710845	-7.687562	-7.406680	-0.323908	-7.082671	 2.786985	-11.086680	 110.274700	-0.813313	 0.122417	-8.559153	-39.863510	-28.467520	 22.173450	-37.819260	 25.323310	 1.853450	-15.984440	 28.981890	-39.530400	-11.582920	-4.601621	 9.666660	 2.503291	-1.126934	 4.548135	 3.270450	-0.643668	-80.071260	 3.940897	 3.162945	 11.901140	-0.275389	 3.148105	 9.181604	 2.909033	 4.321500	-70.557140	 37.421700	 19.804140	 14.816510	-6.821038	 19.211720	 10.901230	-5.646359	 19.246300	-70.593530	 18.545980	 10.439330	 21.105020	-3.898340	 9.395206	 9.518596	-0.473063	 9.966733	-72.614270	-51.617550	-12.041010	-7.588076	 16.022730	-0.540169	 0.139211	 14.789960	-0.368235	 3.437935	 0.895588	-5.120031	 90.534620	-94.316250	-1.152120	-80.152660	-178.902100	-5.584376	 102.550900	-0.813313	 0.122417	-8.559153	-68.856120	-30.594800	-19.349570	-10.959230	 16.869220	 0.173951	-7.980315	 16.964730	 1.996981	-10.982570	-3.987708	 51.185080	 2.465277	-1.148379	 54.680630	 2.482126	 0.985996	-44.574100	 1.111992	 2.418658	 40.371120	-0.227321	 3.163376	 26.186100	 2.878231	 4.438344	-68.853240	 42.657790	 21.712140	 15.700130	-6.649613	 19.257530	 20.309340	-5.946157	 19.307390	-85.603700	 20.973670	 11.818320	 25.974480	-3.761855	 9.437990	 25.523230	-0.490128	 10.157720	-68.206020	-36.390790	-2.567626	 27.689560	 15.770380	-0.539837	 0.137052	 19.035950	-0.381262	 3.474247	 0.000000	 90.000000	 0.000000	 176.357100	 6.152943	 164.389800	-172.433400	-17.083730	-35.259140
-0.044877	-0.122201	-0.002936	-168.718300	 7.140890	-91.942520	-8.073398	 0.616586	-7.637852	-7.349237	-0.558850	-7.026742	 2.737108	-10.884550	 110.305400	-0.813313	 0.122417	-8.559153	-39.331700	-28.156770	 22.699040	-38.310540	 25.458630	 1.899356	-15.788640	 29.021570	-39.405180	-11.582920	-4.601621	 9.666660	 2.503291	-1.126934	 4.548135	 3.270450	-0.643668	-80.071260	 3.941417	 3.163173	 11.901110	-0.275389	 3.148105	 9.181604	 2.909040	 4.321470	-70.557580	 37.422750	 19.804530	 14.816150	-6.821038	 19.211720	 10.901230	-5.646367	 19.246300	-70.594020	 18.544580	 10.438600	 21.105290	-3.898340	 9.395206	 9.518596	-0.473063	 9.966733	-72.614270	-51.617550	-12.041010	-7.588076	 16.022730	-0.540169	 0.139211	 14.789960	-0.368235	 3.437935	 0.877392	-4.771825	 90.526510	-94.113330	-1.308108	-79.975810	-178.957100	-5.325112	 102.343200	-0.813313	 0.122417	-8.559153	-64.103220	-32.510560	-16.257600	-19.478470	 16.012800	-0.774971	-6.784241	 18.219440	 3.571079	-10.983020	-3.988891	 51.118100	 2.465353	-1.148275	 54.537320	 2.484049	 0.983973	-44.627970	 1.193275	 2.480093	 40.280780	-0.228107	 3.162992	 25.891910	 2.887115	 4.406087	-69.324830	 43.181580	 21.891800	 15.408580	-6.653940	 19.256050	 20.066530	-5.957036	 19.311100	-86.168790	 21.164230	 11.920720	 25.803120	-3.764583	 9.436726	 25.189250	-0.488327	 10.142990	-68.548030	-36.396380	-2.569159	 27.691720	 15.773820	-0.539838	 0.137081	 19.000890	-0.381158	 3.473943	 0.000000	 90.000000	 0.000000	 176.402300	 6.166329	 164.743900	-172.243000	-17.185590	-35.271160
-0.045960	-0.119536	-0.003694	-168.806900	 6.820461	-91.844700	-7.967391	 0.499935	-7.574810	-7.275105	-0.832423	-6.956016	 2.683166	-10.667440	 110.335400	-0.813313	 0.122417	-8.559153	-38.774140	-27.826270	 23.297490	-38.879810	 25.619750	 1.957765	-15.568330	 29.081830	-39.335660	-11.582920	-4.601621	 9.666660	 2.503291	-1.126934	 4.548135	 3.270450	-0.643668	-80.071260	 3.942130	 3.163484	 11.901070	-0.275389	 3.148105	 9.181604	 2.909053	 4.321420	-70.558300	 37.424150	 19.805040	 14.815670	-6.821038	 19.211720	 10.901230	-5.646386	 19.246300	-70.594830	 18.542440	 10.437510	 21.105710	-3.898340	 9.395206	 9.518596	-0.473063	 9.966733	-72.614270	-51.617550	-12.041010	-7.588076	 16.022730	-0.540169	 0.139211	 14.789960	-0.368235	 3.437935	 0.855966	-4.413487	 90.516700	-93.916350	-1.450308	-79.773930	-179.025800	-4.983694	 102.142600	-0.813313	 0.122417	-8.559153	-57.682530	-32.883880	-12.127570	-30.478530	 15.329890	-1.938825	-4.848191	 18.443070	 4.156031	-10.982540	-3.989405	 51.033330	 2.465447	-1.148145	 54.358390	 2.486490	 0.981399	-44.696420	 1.274524	 2.540797	 40.168460	-0.228891	 3.162613	 25.599290	 2.895688	 4.373927	-69.793950	 43.660350	 22.051860	 15.106400	-6.658253	 19.254580	 19.824830	-5.967814	 19.314890	-86.730800	 21.407090	 12.050130	 25.584230	-3.767305	 9.435486	 24.856950	-0.486625	 10.128310	-68.888370	-36.404580	-2.571408	 27.694930	 15.777530	-0.539846	 0.137112	 18.949330	-0.381018	 3.473497	 0.000000	 90.000000	 0.000000	 176.470400	 6.180163	 165.060200	-172.065700	-17.279050	-35.318500
-0.046728	-0.117451	-0.004427	-168.857200	 6.566155	-91.766940	-7.875801	 0.400014	-7.519417	-7.209339	-1.053408	-6.894243	 2.642340	-10.504330	 110.354900	-0.813313	 0.122417	-8.559153	-38.372230	-27.579110	 23.754850	-39.313950	 25.751590	 2.008235	-15.398950	 29.138010	-39.327130	-11.582920	-4.601621	 9.666660	 2.503291	-1.126934	 4.548135	 3.270450	-0.643668	-80.071260	 3.942785	 3.163771	 11.901030	-0.275389	 3.148105	 9.181604	 2.909066	 4.321368	-70.559070	 37.425400	 19.805500	 14.815250	-6.821038	 19.211720	 10.901230	-5.646403	 19.246300	-70.595700	 18.540340	 10.436430	 21.106120	-3.898340	 9.395206	 9.518596	-0.473063	 9.966733	-72.614270	-51.617550	-12.041010	-7.588076	 16.022730	-0.540169	 0.139211	 14.789960	-0.368235	 3.437935	 0.838361	-4.150774	 90.508430	-93.781170	-1.535424	-79.640890	-179.085700	-4.676610	 101.998800	-0.813313	 0.122417	-8.559153	-53.737510	-32.598080	-9.850493	-37.413720	 14.822470	-2.672606	-2.928787	 18.197580	 4.438508	-10.981330	-3.989100	 50.959400	 2.465529	-1.148034	 54.204620	 2.488625	 0.979142	-44.756400	 1.330570	 2.582083	 40.072230	-0.229429	 3.162356	 25.398700	 2.901413	 4.351837	-70.115580	 44.038110	 22.175630	 14.856150	-6.661216	 19.253580	 19.658980	-5.975181	 19.317540	-87.115910	 21.689660	 12.200820	 25.375840	-3.769177	 9.434646	 24.629050	-0.485509	 10.118240	-69.121770	-36.412660	-2.573615	 27.698070	 15.780260	-0.539851	 0.137136	 18.898520	-0.380875	 3.473057	 0.000000	 90.000000	 0.000000	 176.528900	 6.190749	 165.344700	-171.949400	-17.337620	-35.368920
-0.047344	-0.115476	-0.005141	-168.889900	 6.332318	-91.692760	-7.782343	 0.298893	-7.462000	-7.141001	-1.266111	-6.830738	 2.604679	-10.354890	 110.370100	-0.813313	 0.122417	-8.559153	-38.025730	-27.351430	 24.153990	-39.614270	 25.878790	 2.055614	-15.245480	 29.193210	-39.344210	-11.582920	-4.601621	 9.666660	 2.503291	-1.126934	 4.548135	 3.270450	-0.643668	-80.071260	 3.943460	 3.164065	 11.900980	-0.275389	 3.148105	 9.181604	 2.909081	 4.321306	-70.559940	 37.426700	 19.805970	 14.814800	-6.821038	 19.211720	 10.901230	-5.646424	 19.246300	-70.596780	 18.538030	 10.435250	 21.106560	-3.898340	 9.395206	 9.518596	-0.473063	 9.966733	-72.614270	-51.617550	-12.041010	-7.588076	 16.022730	-0.540169	 0.139211	 14.789960	-0.368235	 3.437935	 0.821085	-3.907785	 90.500070	-93.661970	-1.596562	-79.536100	-179.147200	-4.355334	 101.858800	-0.813313	 0.122417	-8.559153	-50.489510	-32.270940	-7.976456	-43.298290	 14.157520	-3.313840	-0.875199	 17.693040	 4.349718	-10.979410	-3.988143	 50.883630	 2.465611	-1.147922	 54.049330	 2.490821	 0.976816	-44.818150	 1.377773	 2.616355	 39.975270	-0.229881	 3.162143	 25.230880	 2.906108	 4.333323	-70.384760	 44.500900	 22.325810	 14.569170	-6.663699	 19.252760	 19.520100	-5.981319	 19.319800	-87.438000	 22.008370	 12.369640	 25.153660	-3.770745	 9.433946	 24.438310	-0.484607	 10.109810	-69.317170	-36.421760	-2.576109	 27.701610	 15.782630	-0.539864	 0.137155	 18.841350	-0.380715	 3.472563	 0.000000	 90.000000	 0.000000	 176.587800	 6.202097	 165.593400	-171.849900	-17.383550	-35.411380
-0.047980	-0.113246	-0.005946	-168.911400	 6.087735	-91.611980	-7.673879	 0.182521	-7.394195	-7.060611	-1.499097	-6.756590	 2.564162	-10.195250	 110.383200	-0.813313	 0.122417	-8.559153	-37.681830	-27.106990	 24.548420	-39.847360	 26.014460	 2.107917	-15.091110	 29.248380	-39.368010	-11.582920	-4.601621	 9.666660	 2.503291	-1.126934	 4.548135	 3.270450	-0.643668	-80.071260	 3.944270	 3.164419	 11.900940	-0.275389	 3.148105	 9.181604	 2.909102	 4.321225	-70.561140	 37.428290	 19.806550	 14.814260	-6.821038	 19.211720	 10.901230	-5.646452	 19.246310	-70.598210	 18.535200	 10.433790	 21.107110	-3.898340	 9.395206	 9.518596	-0.473063	 9.966733	-72.614270	-51.617550	-12.041010	-7.588076	 16.022730	-0.540169	 0.139211	 14.789960	-0.368235	 3.437935	 0.801727	-3.633597	 90.490350	-93.529430	-1.646923	-79.442200	-179.218400	-3.976278	 101.709100	-0.813313	 0.122417	-8.559153	-46.767440	-31.938200	-6.018084	-50.151640	 13.464560	-4.256116	 1.485194	 17.170450	 3.958727	-10.976350	-3.986259	 50.795640	 2.465706	-1.147794	 53.872100	 2.493379	 0.974101	-44.890140	 1.424174	 2.649546	 39.864700	-0.230322	 3.161935	 25.067030	 2.910609	 4.315225	-70.647570	 45.084720	 22.512140	 14.215390	-6.666129	 19.251960	 19.384420	-5.987302	 19.322030	-87.752190	 22.336260	 12.540630	 24.902340	-3.772279	 9.433269	 24.252030	-0.483754	 10.101570	-69.508020	-36.433270	-2.579257	 27.706100	 15.784910	-0.539860	 0.137176	 18.768930	-0.380522	 3.471936	 0.000000	 90.000000	 0.000000	 176.654900	 6.215773	 165.843400	-171.736900	-17.428110	-35.416720
-0.048477	-0.111450	-0.006576	-168.920700	 5.893702	-91.546580	-7.579430	 0.082037	-7.334062	-6.990076	-1.691823	-6.691783	 2.530105	-10.061850	 110.391900	-0.813313	 0.122417	-8.559153	-37.427600	-26.911200	 24.841430	-39.948740	 26.124580	 2.150732	-14.980190	 29.291470	-39.390340	-11.582920	-4.601621	 9.666660	 2.503291	-1.126934	 4.548135	 3.270450	-0.643668	-80.071260	 3.944983	 3.164731	 11.900900	-0.275389	 3.148105	 9.181604	 2.909121	 4.321144	-70.562300	 37.429660	 19.807050	 14.813790	-6.821038	 19.211720	 10.901230	-5.646483	 19.246310	-70.599610	 18.532690	 10.432510	 21.107590	-3.898340	 9.395206	 9.518596	-0.473063	 9.966733	-72.614270	-51.617550	-12.041010	-7.588076	 16.022730	-0.540169	 0.139211	 14.789960	-0.368235	 3.437935	 0.785292	-3.381339	 90.481780	-93.403790	-1.682773	-79.374920	-179.279200	-3.643866	 101.618900	-0.813313	 0.122417	-8.559153	-44.213220	-31.727940	-4.641488	-54.819180	 12.929850	-4.966319	 3.396496	 16.694430	 3.506877	-10.973060	-3.984023	 50.719260	 2.465787	-1.147685	 53.721210	 2.495607	 0.971730	-44.952930	 1.460839	 2.675503	 39.770560	-0.230669	 3.161773	 24.938250	 2.914089	 4.300984	-70.854190	 45.450610	 22.624940	 13.960310	-6.668040	 19.251330	 19.277760	-5.991989	 19.323800	-87.998900	 22.538870	 12.643220	 24.700620	-3.773487	 9.432740	 24.105600	-0.483102	 10.095090	-69.658040	-36.444040	-2.582209	 27.710300	 15.786460	-0.539864	 0.137190	 18.701120	-0.380331	 3.471350	 0.000000	 90.000000	 0.000000	 176.711800	 6.227929	 166.039900	-171.625300	-17.466660	-35.369460
-0.048924	-0.109717	-0.007141	-168.927000	 5.714898	-91.485000	-7.486072	-0.016570	-7.273540	-6.920187	-1.874674	-6.627586	 2.496160	-9.929363	 110.399000	-0.813313	 0.122417	-8.559153	-37.219750	-26.738310	 25.091210	-39.924580	 26.229090	 2.188704	-14.894500	 29.335570	-39.436200	-11.582920	-4.601621	 9.666660	 2.503291	-1.126934	 4.548135	 3.270450	-0.643668	-80.071260	 3.945697	 3.165043	 11.900860	-0.275389	 3.148105	 9.181604	 2.909143	 4.321058	-70.563550	 37.431020	 19.807550	 14.813330	-6.821038	 19.211720	 10.901230	-5.646513	 19.246310	-70.601170	 18.530240	 10.431250	 21.108060	-3.898340	 9.395206	 9.518596	-0.473063	 9.966733	-72.614270	-51.617550	-12.041010	-7.588076	 16.022730	-0.540169	 0.139211	 14.789960	-0.368235	 3.437935	 0.769517	-3.125391	 90.473250	-93.276120	-1.722031	-79.313500	-179.338300	-3.316111	 101.557600	-0.813313	 0.122417	-8.559153	-41.999370	-31.551540	-3.438214	-58.844570	 12.264870	-5.609339	 5.093792	 16.014610	 3.084113	-10.969290	-3.981337	 50.644210	 2.465865	-1.147581	 53.575920	 2.497801	 0.969390	-45.014860	 1.496834	 2.700936	 39.679740	-0.231009	 3.161614	 24.812030	 2.917449	 4.287014	-71.056690	 45.743090	 22.712470	 13.733920	-6.669911	 19.250720	 19.173270	-5.996572	 19.325560	-88.240560	 22.700310	 12.722840	 24.509050	-3.774673	 9.432224	 23.962080	-0.482481	 10.088740	-69.805040	-36.455330	-2.585295	 27.714700	 15.787670	-0.539862	 0.137199	 18.630210	-0.380139	 3.470737	 0.000000	 90.000000	 0.000000	 176.766200	 6.240094	 166.225800	-171.506000	-17.505220	-35.291440
-0.049406	-0.107696	-0.007754	-168.938000	 5.512681	-91.413600	-7.374423	-0.133532	-7.199759	-6.836845	-2.085304	-6.550869	 2.453402	-9.762788	 110.407100	-0.813313	 0.122417	-8.559153	-37.007290	-26.546360	 25.352570	-39.800130	 26.349450	 2.231123	-14.819680	 29.391090	-39.517590	-11.582920	-4.601621	 9.666660	 2.503291	-1.126934	 4.548135	 3.270450	-0.643668	-80.071260	 3.946543	 3.165413	 11.900810	-0.275389	 3.148105	 9.181604	 2.909171	 4.320945	-70.565210	 37.432640	 19.808140	 14.812770	-6.821038	 19.211720	 10.901230	-5.646556	 19.246310	-70.603190	 18.527380	 10.429780	 21.108620	-3.898340	 9.395206	 9.518596	-0.473063	 9.966733	-72.614270	-51.617550	-12.041010	-7.588076	 16.022730	-0.540169	 0.139211	 14.789960	-0.368235	 3.437935	 0.751598	-2.851809	 90.463170	-93.151830	-1.791460	-79.236930	-179.407400	-2.929297	 101.508500	-0.813313	 0.122417	-8.559153	-39.321660	-31.291000	-2.036936	-63.672940	 11.659490	-6.407996	 6.980587	 15.270410	 2.670964	-10.964170	-3.977556	 50.555520	 2.465955	-1.147461	 53.408340	 2.500403	 0.966608	-45.088380	 1.543660	 2.734233	 39.574650	-0.231454	 3.161409	 24.647500	 2.921754	 4.268791	-71.320560	 46.208810	 22.852220	 13.417130	-6.672349	 19.249920	 19.037260	-6.002529	 19.327880	-88.555370	 22.956540	 12.850760	 24.264270	-3.776217	 9.431554	 23.775090	-0.481696	 10.080460	-69.996510	-36.469520	-2.589177	 27.720220	 15.788670	-0.539868	 0.137207	 18.540940	-0.379877	 3.469966	 0.000000	 90.000000	 0.000000	 176.828400	 6.254747	 166.451500	-171.373800	-17.542800	-35.180370
-0.049760	-0.106088	-0.008204	-168.955600	 5.357264	-91.358580	-7.286147	-0.225289	-7.140237	-6.771453	-2.247191	-6.490352	 2.416549	-9.619214	 110.414300	-0.813313	 0.122417	-8.559153	-36.851830	-26.396560	 25.541320	-39.678040	 26.441840	 2.264456	-14.779040	 29.437780	-39.598980	-11.582920	-4.601621	 9.666660	 2.503291	-1.126934	 4.548135	 3.270450	-0.643668	-80.071260	 3.947181	 3.165691	 11.900770	-0.275389	 3.148105	 9.181604	 2.909194	 4.320849	-70.566590	 37.433890	 19.808600	 14.812340	-6.821038	 19.211720	 10.901230	-5.646590	 19.246310	-70.604920	 18.525280	 10.428710	 21.109020	-3.898340	 9.395206	 9.518596	-0.473063	 9.966733	-72.614270	-51.617550	-12.041010	-7.588076	 16.022730	-0.540169	 0.139211	 14.789960	-0.368235	 3.437935	 0.738166	-2.657084	 90.455220	-93.071600	-1.871283	-79.203430	-179.459000	-2.637070	 101.506100	-0.813313	 0.122417	-8.559153	-37.112350	-30.993880	-0.909386	-67.652850	 11.196580	-7.025069	 8.374516	 14.582140	 2.517815	-10.959720	-3.974176	 50.486420	 2.466024	-1.147370	 53.281330	 2.502438	 0.964428	-45.145950	 1.586714	 2.765176	 39.494560	-0.231865	 3.161221	 24.495570	 2.925653	 4.251950	-71.564160	 46.750430	 23.014800	 13.097830	-6.674602	 19.249200	 18.911880	-6.008018	 19.330040	-88.846010	 23.252960	 13.000560	 24.047980	-3.777646	 9.430943	 23.602510	-0.480999	 10.072830	-70.173190	-36.481240	-2.592389	 27.724790	 15.789160	-0.539873	 0.137213	 18.467320	-0.379671	 3.469330	 0.000000	 90.000000	 0.000000	 176.874900	 6.266311	 166.643200	-171.280300	-17.566860	-35.094890
-0.050169	-0.104014	-0.008678	-168.996600	 5.163202	-91.291460	-7.176048	-0.338907	-7.064430	-6.690989	-2.445293	-6.415220	 2.364967	-9.417955	 110.425600	-0.813313	 0.122417	-8.559153	-36.653770	-26.199560	 25.768320	-39.562180	 26.554280	 2.308926	-14.747890	 29.500420	-39.717270	-11.582920	-4.601621	 9.666660	 2.503291	-1.126934	 4.548135	 3.270450	-0.643668	-80.071260	 3.947990	 3.166045	 11.900720	-0.275389	 3.148105	 9.181604	 2.909226	 4.320721	-70.568460	 37.435410	 19.809160	 14.811830	-6.821038	 19.211720	 10.901230	-5.646639	 19.246320	-70.607220	 18.522890	 10.427480	 21.109480	-3.898340	 9.395206	 9.518596	-0.473063	 9.966733	-72.614270	-51.617550	-12.041010	-7.588076	 16.022730	-0.540169	 0.139211	 14.789960	-0.368235	 3.437935	 0.722288	-2.435765	 90.445320	-92.988360	-2.012215	-79.230090	-179.518000	-2.301664	 101.574700	-0.813313	 0.122417	-8.559153	-34.508360	-30.575730	 0.608399	-72.189740	 10.579590	-7.643607	 10.017370	 13.614840	 2.468097	-10.953700	-3.969521	 50.401880	 2.466106	-1.147262	 53.130790	 2.504936	 0.961745	-45.216680	 1.652021	 2.812649	 39.398890	-0.232492	 3.160937	 24.263960	 2.931458	 4.226251	-71.935420	 47.415010	 23.209660	 12.702420	-6.678031	 19.248110	 18.720960	-6.016364	 19.333390	-89.289150	 23.615400	 13.181500	 23.779200	-3.779825	 9.430019	 23.339520	-0.479980	 10.061190	-70.442310	-36.496340	-2.596537	 27.730670	 15.789380	-0.539866	 0.137215	 18.372190	-0.379401	 3.468508	 0.000000	 90.000000	 0.000000	 176.928800	 6.280714	 166.914900	-171.170800	-17.590870	-34.965480
-0.050504	-0.102161	-0.008989	-169.046800	 4.993377	-91.234840	-7.083858	-0.433294	-6.999565	-6.624887	-2.609420	-6.352769	 2.321362	-9.247500	 110.436700	-0.813313	 0.122417	-8.559153	-36.468750	-26.015560	 25.962140	-39.549790	 26.646520	 2.351345	-14.735820	 29.557360	-39.827230	-11.582920	-4.601621	 9.666660	 2.503291	-1.126934	 4.548135	 3.270450	-0.643668	-80.071260	 3.948627	 3.166323	 11.900690	-0.275389	 3.148105	 9.181604	 2.909255	 4.320606	-70.570140	 37.436630	 19.809600	 14.811420	-6.821038	 19.211720	 10.901230	-5.646683	 19.246320	-70.609310	 18.521180	 10.426600	 21.109820	-3.898340	 9.395206	 9.518596	-0.473063	 9.966733	-72.614270	-51.617550	-12.041010	-7.588076	 16.022730	-0.540169	 0.139211	 14.789960	-0.368235	 3.437935	 0.709734	-2.264929	 90.437030	-92.928930	-2.148682	-79.256670	-179.564000	-2.041313	 101.661100	-0.813313	 0.122417	-8.559153	-32.369980	-30.220470	 2.088038	-75.688370	 10.012710	-8.083537	 11.334470	 12.717630	 2.354582	-10.948330	-3.965306	 50.332820	 2.466169	-1.147179	 53.014060	 2.506984	 0.959541	-45.274780	 1.711620	 2.856187	 39.324230	-0.233067	 3.160678	 24.052100	 2.936618	 4.202717	-72.274940	 47.841750	 23.330140	 12.422190	-6.681168	 19.247120	 18.546610	-6.023972	 19.336510	-89.694330	 23.755420	 13.246030	 23.593520	-3.781822	 9.429186	 23.099190	-0.479097	 10.050550	-70.688250	-36.509380	-2.600110	 27.735760	 15.789280	-0.539873	 0.137213	 18.290180	-0.379168	 3.467801	 0.000000	 90.000000	 0.000000	 176.970500	 6.292678	 167.174000	-171.077500	-17.608680	-34.800930
-0.050860	-0.100207	-0.009271	-169.107800	 4.805376	-91.177540	-6.990096	-0.528674	-6.932119	-6.559184	-2.776289	-6.289786	 2.283991	-9.101145	 110.447400	-0.813313	 0.122417	-8.559153	-36.275250	-25.822600	 26.165240	-39.589200	 26.741050	 2.398095	-14.734090	 29.620260	-39.946160	-11.582920	-4.601621	 9.666660	 2.503291	-1.126934	 4.548135	 3.270450	-0.643668	-80.071260	 3.949244	 3.166593	 11.900650	-0.275389	 3.148105	 9.181604	 2.909285	 4.320482	-70.571910	 37.437820	 19.810040	 14.811000	-6.821038	 19.211720	 10.901230	-5.646728	 19.246320	-70.611550	 18.519760	 10.425870	 21.110090	-3.898340	 9.395206	 9.518596	-0.473063	 9.966733	-72.614270	-51.617550	-12.041010	-7.588076	 16.022730	-0.540169	 0.139211	 14.789960	-0.368235	 3.437935	 0.697713	-2.109657	 90.428590	-92.877490	-2.265873	-79.288310	-179.608600	-1.791106	 101.792800	-0.813313	 0.122417	-8.559153	-30.218390	-29.864790	 3.690176	-79.033580	 9.390195	-8.512668	 12.641150	 11.737290	 2.200531	-10.942580	-3.960747	 50.264470	 2.466229	-1.147102	 52.906270	 2.509021	 0.957344	-45.332590	 1.766128	 2.895880	 39.255300	-0.233594	 3.160444	 23.858500	 2.941212	 4.181193	-72.585060	 48.200770	 23.428230	 12.167200	-6.684029	 19.246220	 18.387670	-6.030893	 19.339400	-90.064010	 23.988610	 13.358270	 23.383300	-3.783647	 9.428429	 22.879970	-0.478334	 10.040840	-70.912580	-36.522950	-2.603816	 27.741050	 15.788890	-0.539867	 0.137211	 18.204820	-0.378918	 3.467064	 0.000000	 90.000000	 0.000000	 177.010500	 6.304788	 167.461700	-170.988400	-17.628430	-34.610320
-0.051252	-0.097980	-0.009558	-169.169300	 4.588753	-91.117280	-6.883087	-0.636656	-6.853295	-6.486533	-2.968488	-6.218779	 2.248180	-8.960706	 110.458800	-0.813313	 0.122417	-8.559153	-36.095400	-25.636200	 26.398320	-39.561450	 26.855870	 2.448687	-14.742070	 29.699210	-40.086510	-11.582920	-4.601621	 9.666660	 2.503291	-1.126934	 4.548135	 3.270450	-0.643668	-80.071260	 3.949918	 3.166887	 11.900610	-0.275389	 3.148105	 9.181604	 2.909322	 4.320334	-70.574080	 37.439060	 19.810490	 14.810580	-6.821038	 19.211720	 10.901230	-5.646782	 19.246330	-70.614250	 18.518650	 10.425300	 21.110310	-3.898340	 9.395206	 9.518596	-0.473063	 9.966733	-72.614270	-51.617550	-12.041010	-7.588076	 16.022730	-0.540169	 0.139211	 14.789960	-0.368235	 3.437935	 0.685070	-1.968426	 90.419060	-92.831250	-2.373380	-79.406110	-179.658000	-1.518308	 102.006500	-0.813313	 0.122417	-8.559153	-27.807460	-29.390740	 5.491625	-82.701600	 8.655007	-8.947479	 14.116770	 10.555520	 2.019540	-10.935770	-3.955284	 50.189230	 2.466289	-1.147024	 52.795620	 2.511275	 0.954907	-45.396660	 1.821836	 2.936332	 39.184490	-0.234132	 3.160207	 23.660780	 2.945780	 4.159191	-72.901690	 48.556710	 23.522500	 11.898570	-6.686948	 19.245320	 18.225710	-6.037927	 19.342390	-90.441090	 24.254640	 13.485070	 23.144510	-3.785509	 9.427667	 22.656460	-0.477593	 10.030940	-71.141320	-36.538730	-2.608143	 27.747230	 15.788140	-0.539868	 0.137204	 18.105580	-0.378639	 3.466209	 0.000000	 90.000000	 0.000000	 177.054000	 6.318408	 167.812800	-170.900400	-17.652680	-34.402140
-0.051528	-0.096148	-0.009720	-169.190200	 4.424001	-91.073750	-6.790454	-0.729448	-6.783288	-6.426055	-3.138135	-6.158210	 2.221439	-8.855783	 110.467800	-0.813313	 0.122417	-8.559153	-35.969790	-25.502540	 26.610130	-39.480140	 26.963480	 2.490145	-14.754820	 29.774650	-40.208440	-11.582920	-4.601621	 9.666660	 2.503291	-1.126934	 4.548135	 3.270450	-0.643668	-80.071260	 3.950438	 3.167114	 11.900580	-0.275389	 3.148105	 9.181604	 2.909356	 4.320199	-70.576030	 37.440030	 19.810850	 14.810250	-6.821038	 19.211720	 10.901230	-5.646833	 19.246330	-70.616740	 18.518200	 10.425070	 21.110390	-3.898340	 9.395206	 9.518596	-0.473063	 9.966733	-72.614270	-51.617550	-12.041010	-7.588076	 16.022730	-0.540169	 0.139211	 14.789960	-0.368235	 3.437935	 0.675043	-1.871983	 90.410800	-92.800950	-2.448813	-79.560100	-179.700700	-1.288373	 102.211000	-0.813313	 0.122417	-8.559153	-25.706460	-28.810460	 7.135851	-85.868190	 8.023878	-9.185332	 15.405360	 9.489024	 1.821381	-10.929700	-3.950370	 50.126830	 2.466336	-1.146962	 52.709430	 2.513157	 0.952870	-45.450190	 1.865497	 2.967970	 39.129350	-0.234554	 3.160022	 23.505890	 2.949272	 4.141940	-73.149670	 48.853160	 23.599450	 11.671850	-6.689232	 19.244620	 18.099100	-6.043419	 19.344760	-90.736070	 24.423100	 13.562080	 22.954370	-3.786968	 9.427074	 22.481610	-0.477042	 10.023190	-71.320230	-36.552570	-2.611940	 27.752620	 15.787220	-0.539863	 0.137196	 18.018390	-0.378385	 3.465458	 0.000000	 90.000000	 0.000000	 177.090700	 6.330027	 168.130100	-170.834700	-17.674580	-34.231060
-0.051747	-0.094366	-0.009755	-169.192200	 4.272572	-91.039190	-6.704664	-0.820599	-6.711942	-6.368663	-3.311315	-6.099093	 2.197245	-8.760967	 110.475600	-0.813313	 0.122417	-8.559153	-35.870830	-25.391850	 26.823310	-39.353450	 27.073070	 2.529377	-14.769470	 29.850330	-40.328430	-11.582920	-4.601621	 9.666660	 2.503291	-1.126934	 4.548135	 3.270450	-0.643668	-80.071260	 3.950920	 3.167325	 11.900550	-0.275389	 3.148105	 9.181604	 2.909390	 4.320057	-70.578090	 37.440920	 19.811170	 14.809940	-6.821038	 19.211720	 10.901230	-5.646884	 19.246340	-70.619320	 18.518280	 10.425120	 21.110380	-3.898340	 9.395206	 9.518596	-0.473063	 9.966733	-72.614270	-51.617550	-12.041010	-7.588076	 16.022730	-0.540169	 0.139211	 14.789960	-0.368235	 3.437935	 0.665904	-1.794799	 90.402570	-92.778770	-2.512133	-79.741880	-179.744100	-1.061064	 102.482300	-0.813313	 0.122417	-8.559153	-23.478820	-28.091610	 9.073897	-89.074130	 7.411853	-9.342746	 16.484380	 8.380486	 1.551043	-10.923510	-3.945318	 50.067810	 2.466379	-1.146907	 52.631730	 2.514950	 0.950925	-45.501260	 1.905670	 2.997055	 39.079580	-0.234942	 3.159853	 23.363550	 2.952417	 4.126076	-73.377570	 49.170420	 23.681810	 11.443670	-6.691329	 19.243980	 17.982890	-6.048451	 19.346950	-91.006910	 24.577540	 13.631900	 22.777270	-3.788309	 9.426533	 22.321070	-0.476559	 10.016070	-71.484520	-36.566460	-2.615759	 27.758030	 15.786050	-0.539862	 0.137186	 17.931040	-0.378133	 3.464705	 0.000000	 90.000000	 0.000000	 177.122700	 6.342866	 168.451800	-170.775200	-17.693320	-34.036260
-0.051931	-0.092352	-0.009700	-169.190200	 4.103015	-91.006490	-6.625579	-0.921250	-6.629386	-6.307884	-3.513613	-6.034097	 2.170964	-8.658287	 110.482900	-0.813313	 0.122417	-8.559153	-35.792000	-25.287790	 27.041510	-39.164490	 27.187290	 2.571472	-14.783410	 29.923220	-40.461500	-11.582920	-4.601621	 9.666660	 2.503291	-1.126934	 4.548135	 3.270450	-0.643668	-80.071260	 3.951807	 3.167713	 11.900490	-0.275389	 3.148105	 9.181604	 2.909431	 4.319890	-70.580510	 37.441980	 19.811560	 14.809590	-6.821038	 19.211720	 10.901230	-5.646948	 19.246340	-70.622370	 18.519380	 10.425680	 21.110170	-3.898340	 9.395206	 9.518596	-0.473063	 9.966733	-72.614270	-51.617550	-12.041010	-7.588076	 16.022730	-0.540169	 0.139211	 14.789960	-0.368235	 3.437935	 0.656486	-1.724022	 90.393300	-92.763020	-2.573211	-79.997570	-179.795400	-0.801243	 102.823000	-0.813313	 0.122417	-8.559153	-20.705820	-26.973500	 11.395210	-92.853260	 6.767663	-9.433489	 17.402160	 7.092508	 1.208032	-10.916480	-3.939543	 50.005460	 2.466423	-1.146851	 52.552740	 2.516862	 0.948845	-45.555780	 1.948138	 3.027802	 39.028900	-0.235354	 3.159676	 23.213050	 2.955671	 4.109290	-73.618490	 49.596580	 23.794060	 11.175330	-6.693546	 19.243310	 17.860080	-6.053756	 19.349300	-91.293160	 24.789180	 13.730550	 22.591450	-3.789730	 9.425967	 22.151370	-0.476069	 10.008550	-71.658180	-36.582120	-2.620052	 27.764150	 15.784480	-0.539861	 0.137172	 17.832440	-0.377845	 3.463857	 0.000000	 90.000000	 0.000000	 177.146600	 6.361204	 168.813900	-170.725100	-17.704450	-33.793420
-0.052064	-0.090597	-0.009625	-169.201000	 3.954572	-90.980230	-6.569993	-1.004531	-6.557933	-6.260337	-3.691775	-5.980925	 2.147968	-8.568846	 110.487800	-0.813313	 0.122417	-8.559153	-35.748560	-25.214460	 27.208780	-38.974690	 27.276740	 2.605407	-14.790090	 29.974120	-40.568490	-11.582920	-4.601621	 9.666660	 2.503291	-1.126934	 4.548135	 3.270450	-0.643668	-80.071260	 3.953426	 3.168421	 11.900400	-0.275389	 3.148105	 9.181604	 2.909468	 4.319745	-70.582620	 37.443200	 19.812010	 14.809170	-6.821038	 19.211720	 10.901230	-5.647003	 19.246350	-70.625050	 18.521420	 10.426730	 21.109770	-3.898340	 9.395206	 9.518596	-0.473063	 9.966733	-72.614270	-51.617550	-12.041010	-7.588076	 16.022730	-0.540169	 0.139211	 14.789960	-0.368235	 3.437935	 0.649000	-1.672270	 90.385440	-92.757610	-2.618413	-80.289000	-179.841200	-0.574423	 103.098400	-0.813313	 0.122417	-8.559153	-18.150090	-25.653680	 13.242420	-96.278340	 6.281100	-9.390885	 18.241900	 6.012729	 0.884985	-10.910560	-3.934642	 49.956800	 2.466456	-1.146808	 52.492340	 2.518372	 0.947202	-45.598860	 1.982665	 3.052830	 38.989980	-0.235688	 3.159534	 23.090770	 2.958264	 4.095636	-73.814290	 49.940070	 23.883940	 10.968000	-6.695352	 19.242770	 17.760200	-6.058056	 19.351230	-91.525850	 24.971500	 13.816290	 22.451400	-3.790886	 9.425511	 22.013360	-0.475690	 10.002430	-71.799370	-36.595280	-2.623671	 27.769270	 15.782920	-0.539857	 0.137159	 17.749630	-0.377599	 3.463145	 0.000000	 90.000000	 0.000000	 177.159700	 6.379022	 169.113700	-170.696400	-17.704890	-33.574200
-0.052154	-0.088849	-0.009486	-169.193200	 3.814411	-90.966710	-6.521782	-1.085437	-6.485694	-6.217267	-3.876045	-5.930116	 2.122955	-8.472038	 110.491300	-0.813313	 0.122417	-8.559153	-35.722690	-25.152540	 27.360570	-38.766900	 27.359730	 2.637743	-14.786220	 30.019040	-40.700850	-11.582920	-4.601621	 9.666660	 2.503291	-1.126934	 4.548135	 3.270450	-0.643668	-80.071260	 3.955759	 3.169441	 11.900270	-0.275389	 3.148105	 9.181604	 2.909506	 4.319594	-70.584810	 37.444720	 19.812560	 14.808650	-6.821038	 19.211720	 10.901230	-5.647058	 19.246350	-70.627810	 18.524380	 10.428240	 21.109200	-3.898340	 9.395206	 9.518596	-0.473063	 9.966733	-72.614270	-51.617550	-12.041010	-7.588076	 16.022730	-0.540169	 0.139211	 14.789960	-0.368235	 3.437935	 0.641967	-1.623294	 90.377590	-92.758440	-2.661896	-80.627370	-179.922300	-0.179724	 103.483300	-0.813313	 0.122417	-8.559153	-15.543310	-24.107600	 15.088030	-99.956150	 5.868860	-9.243194	 19.000720	 4.964722	 0.594205	-10.904760	-3.929802	 49.912790	 2.466486	-1.146770	 52.437420	 2.519757	 0.945692	-45.638400	 2.016564	 3.077457	 38.954480	-0.236016	 3.159394	 22.970810	 2.960763	 4.082231	-74.006420	 50.175960	 23.943940	 10.815660	-6.697125	 19.242240	 17.662070	-6.062274	 19.353140	-91.754280	 25.096200	 13.873570	 22.341400	-3.792023	 9.425064	 21.877790	-0.475330	 9.996421	-71.938080	-36.608140	-2.627205	 27.774280	 15.781190	-0.539849	 0.137144	 17.668670	-0.377364	 3.462450	 0.000000	 90.000000	 0.000000	 177.168700	 6.397912	 169.404800	-170.680200	-17.696650	-33.349220
-0.052201	-0.086907	-0.009331	-169.237900	 3.658754	-90.939140	-6.469300	-1.176517	-6.399164	-6.168132	-4.060956	-5.872914	 2.094930	-8.363768	 110.494300	-0.813313	 0.122417	-8.559153	-35.709220	-25.090130	 27.522800	-38.508340	 27.450860	 2.674314	-14.775620	 30.076030	-40.942640	-11.582920	-4.601621	 9.666660	 2.503291	-1.126934	 4.548135	 3.270450	-0.643668	-80.071260	 3.959325	 3.170999	 11.900060	-0.275389	 3.148105	 9.181604	 2.909550	 4.319413	-70.587450	 37.446900	 19.813360	 14.807910	-6.821038	 19.211720	 10.901230	-5.647125	 19.246360	-70.631150	 18.528920	 10.430580	 21.108320	-3.898340	 9.395206	 9.518596	-0.473063	 9.966733	-72.614270	-51.617550	-12.041010	-7.588076	 16.022730	-0.540169	 0.139211	 14.789960	-0.368235	 3.437935	 0.634218	-1.570790	 90.368410	-92.765890	-2.717141	-81.060810	-179.999200	 0.197626	 103.679300	-0.813313	 0.122417	-8.559153	-12.516640	-22.114670	 17.525140	-104.225200	 5.408982	-8.969077	 19.820620	 3.794687	 0.339578	-10.898150	-3.924232	 49.867110	 2.466519	-1.146728	 52.378230	 2.521222	 0.944091	-45.680300	 2.057087	 3.106983	 38.915990	-0.236410	 3.159228	 22.827430	 2.963692	 4.066188	-74.236180	 50.438260	 24.010810	 10.654950	-6.699255	 19.241600	 17.544350	-6.067315	 19.355450	-92.027890	 25.234350	 13.937550	 22.231270	-3.793386	 9.424534	 21.715280	-0.474920	 9.989213	-72.104310	-36.622890	-2.631250	 27.780040	 15.778940	-0.539853	 0.137125	 17.575810	-0.377087	 3.461651	 0.000000	 90.000000	 0.000000	 177.177700	 6.420561	 169.738500	-170.676100	-17.675270	-33.081980
-0.052193	-0.085498	-0.009162	-169.301300	 3.565592	-90.919050	-6.423788	-1.248499	-6.323850	-6.123040	-4.144326	-5.825908	 2.079360	-8.303349	 110.497200	-0.813313	 0.122417	-8.559153	-35.707650	-25.042540	 27.649600	-38.284040	 27.524230	 2.704693	-14.783090	 30.131310	-41.192960	-11.582920	-4.601621	 9.666660	 2.503291	-1.126934	 4.548135	 3.270450	-0.643668	-80.071260	 3.963007	 3.172608	 11.899840	-0.275389	 3.148105	 9.181604	 2.909589	 4.319254	-70.589750	 37.449090	 19.814170	 14.807160	-6.821038	 19.211720	 10.901230	-5.647186	 19.246360	-70.634070	 18.533620	 10.432990	 21.107420	-3.898340	 9.395206	 9.518596	-0.473063	 9.966733	-72.614270	-51.617550	-12.041010	-7.588076	 16.022730	-0.540169	 0.139211	 14.789960	-0.368235	 3.437935	 0.628091	-1.539983	 90.360570	-92.776630	-2.773219	-81.438450	 179.964400	 0.368417	 103.827500	-0.813313	 0.122417	-8.559153	-10.297740	-20.481880	 19.357700	-107.215600	 4.944169	-8.713709	 20.481640	 2.875517	 0.240391	-10.892730	-3.919621	 49.833830	 2.466545	-1.146694	 52.331180	 2.522321	 0.942889	-45.711720	 2.088659	 3.129939	 38.885410	-0.236713	 3.159100	 22.716850	 2.965928	 4.053694	-74.415000	 50.657920	 24.067090	 10.528510	-6.700908	 19.241120	 17.453120	-6.071229	 19.357260	-92.241130	 25.349910	 13.991670	 22.150480	-3.794453	 9.424118	 21.588340	-0.474613	 9.983583	-72.234190	-36.635090	-2.634609	 27.784790	 15.776860	-0.539853	 0.137107	 17.499050	-0.376862	 3.460993	 0.000000	 90.000000	 0.000000	 177.187000	 6.439376	 170.016500	-170.684800	-17.646350	-32.856800
-0.052122	-0.084192	-0.008895	-169.329700	 3.501604	-90.913480	-6.374456	-1.314592	-6.248183	-6.078588	-4.182312	-5.781678	 2.070049	-8.266956	 110.500000	-0.813313	 0.122417	-8.559153	-35.710900	-24.997680	 27.765990	-38.067830	 27.593510	 2.734264	-14.802440	 30.189790	-41.461960	-11.582920	-4.601621	 9.666660	 2.503291	-1.126934	 4.548135	 3.270450	-0.643668	-80.071260	 3.967152	 3.174419	 11.899600	-0.275389	 3.148105	 9.181604	 2.909629	 4.319095	-70.592080	 37.451540	 19.815060	 14.806320	-6.821038	 19.211720	 10.901230	-5.647246	 19.246360	-70.637030	 18.538930	 10.435710	 21.106390	-3.898340	 9.395206	 9.518596	-0.473063	 9.966733	-72.614270	-51.617550	-12.041010	-7.588076	 16.022730	-0.540169	 0.139211	 14.789960	-0.368235	 3.437935	 0.622471	-1.521542	 90.352910	-92.788680	-2.902420	-81.838760	 179.908200	 0.626205	 104.063100	-0.813313	 0.122417	-8.559153	-8.328028	-18.780330	 21.056620	-109.772300	 4.236943	-8.367201	 21.117370	 1.851505	 0.176845	-10.887640	-3.915254	 49.806630	 2.466570	-1.146663	 52.286990	 2.523255	 0.941868	-45.738440	 2.111352	 3.146208	 38.857110	-0.236925	 3.159011	 22.639500	 2.967503	 4.044749	-74.542960	 50.791820	 24.100440	 10.444620	-6.702073	 19.240780	 17.388800	-6.074033	 19.358560	-92.393880	 25.420100	 14.023700	 22.091560	-3.795221	 9.423824	 21.496970	-0.474401	 9.979527	-72.327720	-36.646680	-2.637788	 27.789310	 15.774660	-0.539843	 0.137088	 17.426090	-0.376636	 3.460366	 0.000000	 90.000000	 0.000000	 177.200500	 6.456673	 170.284900	-170.704400	-17.597170	-32.587360
-0.051943	-0.082518	-0.008389	-169.330700	 3.417009	-90.914540	-6.306941	-1.385480	-6.158833	-6.033042	-4.203109	-5.733768	 2.064551	-8.245114	 110.503300	-0.813313	 0.122417	-8.559153	-35.755230	-24.977920	 27.880900	-37.739930	 27.674220	 2.762617	-14.835270	 30.259560	-41.778690	-11.582920	-4.601621	 9.666660	 2.503291	-1.126934	 4.548135	 3.270450	-0.643668	-80.071260	 3.972472	 3.176743	 11.899290	-0.275389	 3.148105	 9.181604	 2.909677	 4.318903	-70.594860	 37.454730	 19.816220	 14.805230	-6.821038	 19.211720	 10.901230	-5.647319	 19.246370	-70.640530	 18.545760	 10.439210	 21.105060	-3.898340	 9.395206	 9.518596	-0.473063	 9.966733	-72.614270	-51.617550	-12.041010	-7.588076	 16.022730	-0.540169	 0.139211	 14.789960	-0.368235	 3.437935	 0.616461	-1.513778	 90.344070	-92.804740	-3.204794	-82.401860	 179.821700	 1.020144	 104.369900	-0.813313	 0.122417	-8.559153	-5.695791	-16.028700	 23.681970	-112.521700	 2.797998	-7.742568	 21.867700	 0.194245	-0.068087	-10.882140	-3.910475	 49.781720	 2.466597	-1.146628	 52.237270	 2.524131	 0.940908	-45.763520	 2.129394	 3.158826	 38.825690	-0.237090	 3.158942	 22.579280	 2.968734	 4.037681	-74.644050	 50.907680	 24.128990	 10.370560	-6.702989	 19.240510	 17.338220	-6.076247	 19.359600	-92.514750	 25.480550	 14.051020	 22.038420	-3.795832	 9.423588	 21.424160	-0.474236	 9.976295	-72.402310	-36.659440	-2.641304	 27.794300	 15.771930	-0.539841	 0.137064	 17.345730	-0.376401	 3.459678	 0.000000	 90.000000	 0.000000	 177.225100	 6.474077	 170.588600	-170.744900	-17.499200	-32.159640
-0.051738	-0.081065	-0.007904	-169.325100	 3.336062	-90.913000	-6.249044	-1.440183	-6.091735	-6.003021	-4.211862	-5.696023	 2.062397	-8.236271	 110.505800	-0.813313	 0.122417	-8.559153	-35.878610	-25.031560	 27.948030	-37.286520	 27.748640	 2.774522	-14.868440	 30.318430	-42.034080	-11.582920	-4.601621	 9.666660	 2.503291	-1.126934	 4.548135	 3.270450	-0.643668	-80.071260	 3.977407	 3.178900	 11.899000	-0.275389	 3.148105	 9.181604	 2.909717	 4.318737	-70.597250	 37.457780	 19.817340	 14.804190	-6.821038	 19.211720	 10.901230	-5.647381	 19.246370	-70.643650	 18.552110	 10.442470	 21.103830	-3.898340	 9.395206	 9.518596	-0.473063	 9.966733	-72.614270	-51.617550	-12.041010	-7.588076	 16.022730	-0.540169	 0.139211	 14.789960	-0.368235	 3.437935	 0.611726	-1.517633	 90.336520	-92.824690	-3.483994	-82.944370	 179.735700	 1.412591	 104.594500	-0.813313	 0.122417	-8.559153	-3.234898	-13.148560	 26.285590	-114.806300	 1.299322	-7.150518	 22.559380	-1.433269	-0.409143	-10.877860	-3.906726	 49.764670	 2.466621	-1.146598	 52.194900	 2.524689	 0.940296	-45.779500	 2.139944	 3.165920	 38.799210	-0.237188	 3.158901	 22.543650	 2.969438	 4.033603	-74.702330	 51.031650	 24.160450	 10.301430	-6.703534	 19.240350	 17.308110	-6.077530	 19.360200	-92.584550	 25.545230	 14.081310	 21.996030	-3.796189	 9.423452	 21.381800	-0.474144	 9.974409	-72.445730	-36.669690	-2.644121	 27.798300	 15.769460	-0.539842	 0.137043	 17.281140	-0.376206	 3.459123	 0.000000	 90.000000	 0.000000	 177.257200	 6.485860	 170.842700	-170.800900	-17.391870	-31.784890
-0.051544	-0.079826	-0.007400	-169.344400	 3.290039	-90.904750	-6.209609	-1.486052	-6.048810	-5.980106	-4.200469	-5.662625	 2.061445	-8.232131	 110.507900	-0.813313	 0.122417	-8.559153	-36.064300	-25.138760	 27.988030	-36.740150	 27.825010	 2.777321	-14.898600	 30.375730	-42.278040	-11.582920	-4.601621	 9.666660	 2.503291	-1.126934	 4.548135	 3.270450	-0.643668	-80.071260	 3.982439	 3.181098	 11.898700	-0.275389	 3.148105	 9.181604	 2.909758	 4.318572	-70.599650	 37.461010	 19.818520	 14.803080	-6.821038	 19.211720	 10.901230	-5.647444	 19.246380	-70.646670	 18.558600	 10.445800	 21.102580	-3.898340	 9.395206	 9.518596	-0.473063	 9.966733	-72.614270	-51.617550	-12.041010	-7.588076	 16.022730	-0.540169	 0.139211	 14.789960	-0.368235	 3.437935	 0.607491	-1.529580	 90.329260	-92.849970	-3.729511	-83.500430	 179.648900	 1.817211	 104.719100	-0.813313	 0.122417	-8.559153	-0.823238	-9.953233	 28.911580	-117.093000	-0.185226	-6.515367	 23.177320	-3.013977	-0.848669	-10.874110	-3.903426	 49.751850	 2.466639	-1.146575	 52.161100	 2.525043	 0.939907	-45.789670	 2.147629	 3.171019	 38.778080	-0.237267	 3.158868	 22.514810	 2.969946	 4.030635	-74.744760	 51.136970	 24.187120	 10.243210	-6.703970	 19.240220	 17.283960	-6.078456	 19.360650	-92.635380	 25.600560	 14.107230	 21.960730	-3.796449	 9.423352	 21.350900	-0.474075	 9.973037	-72.477430	-36.678910	-2.646653	 27.801890	 15.766970	-0.539829	 0.137022	 17.223070	-0.376025	 3.458626	 0.000000	 90.000000	 0.000000	 177.299300	 6.494127	 171.083000	-170.860900	-17.277030	-31.419380
-0.051379	-0.078409	-0.006753	-169.401700	 3.254795	-90.888730	-6.182116	-1.532022	-6.020659	-5.960708	-4.167499	-5.630359	 2.062258	-8.234704	 110.510300	-0.813313	 0.122417	-8.559153	-36.355040	-25.325080	 28.007600	-36.019700	 27.920360	 2.773089	-14.919970	 30.450190	-42.615780	-11.582920	-4.601621	 9.666660	 2.503291	-1.126934	 4.548135	 3.270450	-0.643668	-80.071260	 3.988647	 3.183812	 11.898330	-0.275389	 3.148105	 9.181604	 2.909806	 4.318376	-70.602490	 37.465150	 19.820030	 14.801670	-6.821038	 19.211720	 10.901230	-5.647515	 19.246380	-70.650310	 18.566570	 10.449880	 21.101040	-3.898340	 9.395206	 9.518596	-0.473063	 9.966733	-72.614270	-51.617550	-12.041010	-7.588076	 16.022730	-0.540169	 0.139211	 14.789960	-0.368235	 3.437935	 0.602905	-1.552745	 90.320770	-92.884430	-4.065621	-84.176580	 179.562900	 2.221934	 104.796400	-0.813313	 0.122417	-8.559153	 1.809193	-5.636456	 31.923130	-119.437600	-1.935646	-5.586709	 23.692410	-4.697905	-1.513944	-10.870300	-3.900032	 49.741230	 2.466647	-1.146566	 52.148290	 2.525216	 0.939718	-45.794590	 2.155950	 3.177036	 38.769730	-0.237316	 3.158848	 22.497020	 2.970510	 4.027343	-74.791830	 51.176850	 24.196070	 10.210850	-6.704289	 19.240140	 17.266480	-6.079483	 19.361130	-92.691540	 25.621950	 14.116130	 21.932750	-3.796734	 9.423245	 21.317120	-0.474003	 9.971534	-72.512080	-36.688810	-2.649385	 27.805750	 15.763910	-0.539824	 0.136995	 17.160780	-0.375841	 3.458092	 0.000000	 90.000000	 0.000000	 177.360600	 6.500842	 171.360500	-170.899800	-17.137550	-30.882990
-0.051264	-0.077250	-0.006195	-169.445400	 3.224958	-90.875390	-6.173121	-1.564887	-6.011214	-5.950620	-4.127778	-5.612946	 2.064511	-8.242887	 110.512300	-0.813313	 0.122417	-8.559153	-36.653820	-25.526500	 28.004090	-35.394470	 28.005900	 2.766419	-14.947140	 30.525050	-42.930830	-11.582920	-4.601621	 9.666660	 2.503291	-1.126934	 4.548135	 3.270450	-0.643668	-80.071260	 3.994063	 3.186178	 11.898020	-0.275389	 3.148105	 9.181604	 2.909848	 4.318204	-70.604990	 37.468980	 19.821430	 14.800360	-6.821038	 19.211720	 10.901230	-5.647582	 19.246390	-70.653480	 18.573550	 10.453470	 21.099690	-3.898340	 9.395206	 9.518596	-0.473063	 9.966733	-72.614270	-51.617550	-12.041010	-7.588076	 16.022730	-0.540169	 0.139211	 14.789960	-0.368235	 3.437935	 0.599333	-1.579216	 90.313530	-92.917310	-4.387879	-84.749370	 179.512500	 2.460198	 104.829800	-0.813313	 0.122417	-8.559153	 3.848358	-1.686563	 34.276920	-120.775600	-3.426855	-4.760571	 23.780950	-5.984963	-2.153341	-10.867650	-3.897646	 49.735920	 2.466639	-1.146575	 52.162240	 2.525110	 0.939835	-45.791560	 2.154797	 3.176456	 38.778260	-0.237268	 3.158868	 22.514590	 2.970432	 4.027801	-74.785270	 51.153470	 24.190870	 10.230330	-6.704013	 19.240210	 17.281560	-6.079351	 19.361070	-92.684310	 25.609530	 14.110190	 21.939010	-3.796696	 9.423261	 21.321590	-0.474012	 9.971745	-72.507210	-36.696300	-2.651446	 27.808670	 15.761200	-0.539825	 0.136973	 17.113640	-0.375702	 3.457688	 0.000000	 90.000000	 0.000000	 177.421800	 6.504446	 171.592900	-170.938000	-17.007310	-30.386030
-0.051139	-0.076241	-0.005723	-169.487400	 3.190429	-90.862820	-6.175375	-1.591185	-6.010488	-5.946311	-4.084937	-5.604656	 2.067883	-8.255373	 110.514200	-0.813313	 0.122417	-8.559153	-36.971610	-25.746360	 27.986520	-34.840850	 28.082060	 2.760884	-15.010200	 30.605230	-43.234780	-11.582920	-4.601621	 9.666660	 2.503291	-1.126934	 4.548135	 3.270450	-0.643668	-80.071260	 3.999249	 3.188445	 11.897710	-0.275389	 3.148105	 9.181604	 2.909889	 4.318038	-70.607400	 37.472900	 19.822870	 14.799020	-6.821038	 19.211720	 10.901230	-5.647644	 19.246390	-70.656540	 18.580270	 10.456910	 21.098380	-3.898340	 9.395206	 9.518596	-0.473063	 9.966733	-72.614270	-51.617550	-12.041010	-7.588076	 16.022730	-0.540169	 0.139211	 14.789960	-0.368235	 3.437935	 0.596207	-1.609098	 90.306660	-92.950750	-4.719388	-85.270360	 179.481500	 2.614499	 104.806700	-0.813313	 0.122417	-8.559153	 5.633808	 2.107423	 36.206350	-121.740300	-4.823928	-3.997985	 23.520340	-7.136222	-2.739221	-10.865700	-3.895872	 49.734000	 2.466619	-1.146601	 52.198220	 2.524717	 0.940266	-45.780300	 2.135583	 3.162688	 38.801350	-0.237173	 3.158908	 22.549150	 2.969117	 4.035460	-74.675780	 51.039050	 24.166310	 10.334460	-6.703168	 19.240450	 17.328290	-6.076984	 19.359950	-92.554960	 25.549340	 14.083850	 22.001380	-3.796050	 9.423507	 21.398340	-0.474182	 9.975189	-72.427800	-36.702490	-2.653148	 27.811080	 15.758550	-0.539823	 0.136950	 17.074630	-0.375576	 3.457353	 0.000000	 90.000000	 0.000000	 177.486700	 6.506433	 171.810400	-171.028700	-16.857180	-29.929870
-0.051101	-0.075057	-0.005174	-169.559000	 3.137038	-90.851070	-6.189453	-1.616436	-6.014381	-5.947449	-4.034909	-5.604619	 2.073254	-8.275391	 110.516700	-0.813313	 0.122417	-8.559153	-37.373000	-26.028760	 27.952580	-34.174550	 28.150450	 2.750733	-15.115160	 30.690700	-43.599970	-11.582920	-4.601621	 9.666660	 2.503291	-1.126934	 4.548135	 3.270450	-0.643668	-80.071260	 4.005283	 3.191081	 11.897350	-0.275389	 3.148105	 9.181604	 2.909938	 4.317842	-70.610240	 37.477830	 19.824670	 14.797340	-6.821038	 19.211720	 10.901230	-5.647718	 19.246400	-70.660190	 18.588090	 10.460910	 21.096860	-3.898340	 9.395206	 9.518596	-0.473063	 9.966733	-72.614270	-51.617550	-12.041010	-7.588076	 16.022730	-0.540169	 0.139211	 14.789960	-0.368235	 3.437935	 0.592856	-1.648677	 90.298630	-92.994300	-5.128265	-85.897480	 179.473100	 2.662055	 104.773900	-0.813313	 0.122417	-8.559153	 7.455837	 6.388869	 37.634430	-122.163100	-6.591929	-3.077521	 23.628890	-8.503870	-3.678069	-10.861000	-3.891503	 49.735830	 2.466578	-1.146652	 52.270620	 2.523796	 0.941275	-45.753940	 2.095318	 3.133737	 38.848060	-0.236961	 3.158996	 22.626330	 2.966337	 4.051380	-74.448120	 50.725150	 24.093410	 10.577590	-6.701292	 19.241010	 17.431840	-6.072012	 19.357620	-92.283710	 25.384700	 14.008980	 22.140120	-3.794713	 9.424020	 21.557380	-0.474547	 9.982323	-72.263280	-36.708440	-2.654789	 27.813400	 15.755370	-0.539818	 0.136923	 17.037080	-0.375464	 3.457032	 0.000000	 90.000000	 0.000000	 177.569700	 6.507467	 172.061400	-171.145400	-16.627210	-29.283630
-0.050962	-0.074009	-0.004569	-169.625400	 3.096006	-90.849560	-6.209407	-1.633820	-6.016644	-5.953395	-3.998180	-5.612348	 2.078949	-8.296674	 110.519100	-0.813313	 0.122417	-8.559153	-37.729570	-26.282300	 27.916360	-33.453360	 28.196840	 2.728882	-15.219540	 30.754550	-43.919330	-11.582920	-4.601621	 9.666660	 2.503291	-1.126934	 4.548135	 3.270450	-0.643668	-80.071260	 4.010334	 3.193287	 11.897050	-0.275389	 3.148105	 9.181604	 2.909981	 4.317671	-70.612740	 37.482320	 19.826310	 14.795800	-6.821038	 19.211720	 10.901230	-5.647782	 19.246400	-70.663380	 18.594630	 10.464270	 21.095600	-3.898340	 9.395206	 9.518596	-0.473063	 9.966733	-72.614270	-51.617550	-12.041010	-7.588076	 16.022730	-0.540169	 0.139211	 14.789960	-0.368235	 3.437935	 0.590250	-1.685303	 90.291790	-93.038930	-5.484149	-86.527160	 179.475300	 2.662157	 104.718300	-0.813313	 0.122417	-8.559153	 8.669258	 10.542390	 39.879820	-122.185400	-7.827332	-2.111615	 23.951450	-9.380485	-5.253664	-10.850350	-3.881571	 49.741200	 2.466526	-1.146718	 52.365090	 2.522326	 0.942885	-45.711830	 2.003619	 3.066223	 38.911490	-0.236607	 3.159145	 22.755550	 2.960045	 4.086108	-73.950860	 50.185790	 23.958070	 10.925540	-6.698878	 19.241710	 17.565190	-6.060102	 19.352150	-91.636700	 25.046790	 13.855380	 22.447200	-3.793099	 9.424644	 21.749460	-0.475220	 9.994516	-71.981990	-36.712300	-2.655837	 27.814920	 15.752590	-0.539812	 0.136901	 17.012810	-0.375387	 3.456825	 0.000000	 90.000000	 0.000000	 177.645600	 6.507665	 172.273500	-171.213600	-16.376460	-28.538640
-0.050824	-0.072976	-0.003921	-169.691300	 3.056419	-90.855050	-6.233722	-1.646806	-6.019484	-5.963107	-3.973992	-5.625958	 2.085243	-8.320182	 110.521800	-0.813313	 0.122417	-8.559153	-38.069850	-26.525660	 27.879890	-32.693970	 28.230000	 2.700449	-15.320510	 30.805640	-44.229030	-11.582920	-4.601621	 9.666660	 2.503291	-1.126934	 4.548135	 3.270450	-0.643668	-80.071260	 4.014961	 3.195309	 11.896780	-0.275389	 3.148105	 9.181604	 2.910022	 4.317506	-70.615120	 37.486890	 19.827980	 14.794240	-6.821038	 19.211720	 10.901230	-5.647846	 19.246410	-70.666440	 18.600650	 10.467360	 21.094430	-3.898340	 9.395206	 9.518596	-0.473063	 9.966733	-72.614270	-51.617550	-12.041010	-7.588076	 16.022730	-0.540169	 0.139211	 14.789960	-0.368235	 3.437935	 0.587974	-1.721538	 90.285250	-93.086650	-5.823304	-87.178890	 179.491800	 2.595187	 104.650800	-0.813313	 0.122417	-8.559153	 9.517905	 14.502550	 42.289660	-121.715100	-8.784915	-1.173239	 24.480860	-10.009730	-7.007677	-10.834770	-3.867047	 49.749510	 2.466458	-1.146806	 52.488730	 2.520064	 0.945357	-45.647170	 1.871428	 2.968382	 38.995250	-0.236143	 3.159340	 22.924780	 2.950579	 4.135387	-73.243850	 49.286090	 23.717740	 11.427680	-6.696017	 19.242570	 17.723430	-6.042524	 19.344370	-90.687950	 24.574610	 13.637720	 22.887090	-3.791055	 9.425445	 21.993160	-0.476455	 10.014500	-71.520710	-36.714760	-2.656528	 27.815860	 15.749910	-0.539800	 0.136878	 16.997360	-0.375347	 3.456693	 0.000000	 90.000000	 0.000000	 177.721300	 6.507656	 172.474000	-171.261700	-16.017040	-27.631900
-0.050710	-0.071799	-0.003102	-169.747600	 3.015682	-90.870320	-6.267275	-1.656957	-6.034764	-5.979312	-3.967008	-5.649270	 2.093623	-8.351416	 110.525700	-0.813313	 0.122417	-8.559153	-38.455020	-26.803560	 27.841180	-31.796560	 28.253180	 2.662970	-15.425930	 30.850720	-44.599670	-11.582920	-4.601621	 9.666660	 2.503291	-1.126934	 4.548135	 3.270450	-0.643668	-80.071260	 4.020069	 3.197541	 11.896490	-0.275389	 3.148105	 9.181604	 2.910070	 4.317307	-70.618010	 37.492660	 19.830090	 14.792270	-6.821038	 19.211720	 10.901230	-5.647921	 19.246410	-70.670110	 18.607310	 10.470770	 21.093140	-3.898340	 9.395206	 9.518596	-0.473063	 9.966733	-72.614270	-51.617550	-12.041010	-7.588076	 16.022730	-0.540169	 0.139211	 14.789960	-0.368235	 3.437935	 0.585564	-1.764419	 90.277500	-93.146800	-6.215810	-87.967880	 179.511600	 2.513942	 104.568900	-0.813313	 0.122417	-8.559153	 10.034210	 18.146100	 44.504530	-120.940400	-9.572006	-0.218889	 25.064230	-10.620650	-9.424952	-10.810150	-3.844063	 49.763320	 2.466357	-1.146936	 52.672350	 2.516405	 0.949343	-45.542730	 1.722807	 2.858803	 39.116850	-0.235473	 3.159625	 23.169440	 2.940435	 4.184874	-72.532040	 48.047940	 23.373130	 12.110280	-6.692073	 19.243760	 17.941680	-6.022427	 19.335870	-89.611950	 23.828550	 13.273500	 23.395250	-3.788084	 9.426625	 22.348120	-0.478415	 10.041910	-70.887900	-36.715910	-2.656843	 27.816320	 15.746680	-0.539799	 0.136849	 16.990020	-0.375326	 3.456630	 0.000000	 90.000000	 0.000000	 177.813300	 6.507939	 172.708900	-171.358800	-15.338000	-26.263350
-0.050745	-0.070632	-0.002340	-169.765900	 2.990616	-90.891730	-6.296660	-1.661304	-6.056184	-5.995440	-3.978733	-5.673617	 2.101140	-8.379345	 110.529400	-0.813313	 0.122417	-8.559153	-38.741440	-27.013410	 27.819400	-31.140940	 28.257390	 2.634473	-15.474870	 30.869680	-44.911950	-11.582920	-4.601621	 9.666660	 2.503291	-1.126934	 4.548135	 3.270450	-0.643668	-80.071260	 4.023906	 3.199217	 11.896260	-0.275389	 3.148105	 9.181604	 2.910112	 4.317142	-70.620410	 37.497670	 19.831920	 14.790560	-6.821038	 19.211720	 10.901230	-5.647982	 19.246420	-70.673170	 18.612310	 10.473330	 21.092170	-3.898340	 9.395206	 9.518596	-0.473063	 9.966733	-72.614270	-51.617550	-12.041010	-7.588076	 16.022730	-0.540169	 0.139211	 14.789960	-0.368235	 3.437935	 0.583788	-1.798230	 90.271180	-93.196050	-6.524118	-88.589350	 179.518900	 2.488814	 104.514200	-0.813313	 0.122417	-8.559153	 10.268180	 20.271260	 45.909350	-120.175200	-10.386640	 0.323835	 25.623960	-11.445150	-11.228700	-10.785450	-3.820998	 49.777790	 2.466260	-1.147061	 52.848920	 2.512698	 0.953367	-45.437150	 1.547648	 2.728364	 39.235210	-0.234858	 3.159891	 23.394380	 2.928457	 4.239632	-71.742190	 47.168960	 23.123210	 12.648730	-6.688512	 19.244840	 18.139000	-5.998250	 19.326210	-88.329280	 23.427430	 13.084340	 23.853190	-3.785271	 9.427763	 22.684990	-0.479994	 10.061370	-70.438230	-36.995050	-3.017895	 26.870690	 15.744020	-0.539793	 0.136826	 17.694270	-0.377440	 3.462670	 0.000000	 90.000000	 0.000000	 177.889500	 6.508845	 172.900200	-171.342100	-14.377990	-24.648880
-0.050872	-0.069709	-0.001773	-169.769000	 2.971462	-90.918900	-6.324615	-1.662257	-6.083435	-6.011684	-3.997411	-5.700766	 2.108757	-8.407622	 110.533300	-0.813313	 0.122417	-8.559153	-38.983680	-27.192530	 27.807210	-30.615570	 28.249650	 2.612104	-15.481440	 30.870870	-45.215030	-11.582920	-4.601621	 9.666660	 2.503291	-1.126934	 4.548135	 3.270450	-0.643668	-80.071260	 4.027261	 3.200683	 11.896060	-0.275389	 3.148105	 9.181604	 2.910150	 4.316984	-70.622720	 37.502740	 19.833770	 14.788820	-6.821038	 19.211720	 10.901230	-5.648043	 19.246420	-70.676120	 18.616660	 10.475570	 21.091330	-3.898340	 9.395206	 9.518596	-0.473063	 9.966733	-72.614270	-51.617550	-12.041010	-7.588076	 16.022730	-0.540169	 0.139211	 14.789960	-0.368235	 3.437935	 0.582233	-1.828240	 90.265110	-93.240010	-6.789952	-89.134740	 179.521000	 2.482909	 104.492300	-0.813313	 0.122417	-8.559153	 10.629410	 22.244450	 47.152470	-119.351500	-11.405730	 0.724321	 26.331030	-12.500280	-12.564290	-10.758410	-3.795714	 49.794320	 2.466158	-1.147195	 53.036460	 2.508625	 0.957772	-45.321350	 1.365582	 2.592223	 39.360180	-0.234243	 3.160158	 23.619820	 2.913499	 4.303416	-70.818920	 46.345140	 22.883100	 13.182620	-6.684934	 19.245940	 18.337490	-5.972745	 19.316660	-86.988530	 22.724060	 12.732670	 24.442560	-3.782321	 9.428976	 23.039260	-0.481615	 10.079580	-70.017030	-37.838180	-4.019107	 24.191180	 15.741470	-0.539790	 0.136804	 19.700570	-0.383051	 3.480013	 0.000000	 90.000000	 0.000000	 177.962000	 6.510765	 173.082800	-171.179900	-13.138050	-23.423600
-0.051239	-0.069101	-0.001339	-169.758000	 2.953348	-90.957090	-6.354123	-1.659720	-6.122028	-6.030091	-4.027433	-5.736089	 2.117883	-8.441618	 110.537400	-0.813313	 0.122417	-8.559153	-39.233460	-27.377610	 27.794020	-30.080450	 28.230510	 2.588635	-15.472070	 30.857860	-45.532960	-11.582920	-4.601621	 9.666660	 2.503291	-1.126934	 4.548135	 3.270450	-0.643668	-80.071260	 4.030750	 3.202208	 11.895850	-0.275389	 3.148105	 9.181604	 2.910196	 4.316797	-70.625420	 37.508950	 19.836040	 14.786700	-6.821038	 19.211720	 10.901230	-5.648114	 19.246430	-70.679600	 18.621210	 10.477900	 21.090440	-3.898340	 9.395206	 9.518596	-0.473063	 9.966733	-72.614270	-51.617550	-12.041010	-7.588076	 16.022730	-0.540169	 0.139211	 14.789960	-0.368235	 3.437935	 0.580630	-1.858228	 90.258080	-93.284690	-7.042094	-89.708350	 179.518700	 2.492392	 104.500500	-0.813313	 0.122417	-8.559153	 10.905760	 24.007880	 48.164510	-118.313800	-12.778160	 1.139093	 26.670000	-13.833190	-13.544900	-10.723640	-3.763161	 49.816610	 2.466030	-1.147362	 53.270550	 2.503387	 0.963410	-45.172800	 1.183557	 2.456083	 39.513220	-0.233541	 3.160468	 23.877810	 2.891723	 4.388935	-69.575180	 44.940620	 22.449920	 13.999470	-6.680750	 19.247260	 18.569910	-5.946878	 19.307630	-85.640920	 22.148600	 12.447210	 25.147600	-3.778684	 9.430501	 23.477290	-0.484691	 10.110610	-69.298520	-39.862310	-6.057057	 18.319450	 15.738530	-0.539782	 0.136779	 24.060040	-0.393138	 3.518315	 0.000000	 90.000000	 0.000000	 178.039400	 6.513761	 173.285800	-170.981000	-12.291700	-22.639410
-0.051450	-0.068786	-0.001048	-169.739900	 2.939639	-90.992770	-6.374156	-1.654784	-6.159184	-6.043952	-4.058864	-5.768191	 2.125639	-8.470595	 110.540600	-0.813313	 0.122417	-8.559153	-39.423000	-27.518680	 27.782090	-29.678050	 28.208930	 2.570139	-15.479790	 30.842140	-45.743940	-11.582920	-4.601621	 9.666660	 2.503291	-1.126934	 4.548135	 3.270450	-0.643668	-80.071260	 4.033371	 3.203353	 11.895700	-0.275389	 3.148105	 9.181604	 2.910235	 4.316638	-70.627710	 37.514470	 19.838060	 14.784820	-6.821038	 19.211720	 10.901230	-5.648174	 19.246430	-70.682530	 18.624590	 10.479620	 21.089790	-3.898340	 9.395206	 9.518596	-0.473063	 9.966733	-72.614270	-51.617550	-12.041010	-7.588076	 16.022730	-0.540169	 0.139211	 14.789960	-0.368235	 3.437935	 0.579440	-1.877776	 90.252170	-93.316280	-7.221538	-90.150100	 179.514700	 2.508569	 104.519000	-0.813313	 0.122417	-8.559153	 11.066840	 25.326330	 49.049070	-117.400700	-13.936750	 1.439461	 26.606850	-14.922910	-14.078900	-10.692180	-3.733674	 49.837880	 2.465919	-1.147509	 53.475910	 2.498668	 0.968464	-45.039330	 0.971411	 2.295660	 39.649170	-0.232998	 3.160709	 24.077670	 2.869715	 4.468330	-68.413880	 43.573020	 22.006130	 14.767100	-6.677351	 19.248320	 18.758830	-5.915991	 19.297690	-84.046710	 21.420980	 12.066750	 25.847810	-3.775533	 9.431849	 23.857840	-0.488078	 10.140880	-68.596810	-43.813650	-8.901337	 8.754943	 15.736080	-0.539775	 0.136758	 30.403710	-0.402547	 3.575158	 0.000000	 90.000000	 0.000000	 178.092600	 6.515518	 173.438200	-170.903800	-11.812100	-22.319040
-0.051695	-0.068491	-0.000801	-169.716500	 2.926367	-91.030560	-6.387177	-1.647762	-6.198592	-6.054841	-4.094413	-5.801002	 2.133152	-8.498709	 110.543300	-0.813313	 0.122417	-8.559153	-39.596040	-27.648340	 27.767910	-29.312550	 28.185790	 2.552270	-15.527840	 30.832860	-45.897360	-11.582920	-4.601621	 9.666660	 2.503291	-1.126934	 4.548135	 3.270450	-0.643668	-80.071260	 4.035666	 3.204355	 11.895560	-0.275389	 3.148105	 9.181604	 2.910273	 4.316484	-70.629950	 37.520100	 19.840110	 14.782880	-6.821038	 19.211720	 10.901230	-5.648232	 19.246430	-70.685410	 18.627520	 10.481120	 21.089220	-3.898340	 9.395206	 9.518596	-0.473063	 9.966733	-72.614270	-51.617550	-12.041010	-7.588076	 16.022730	-0.540169	 0.139211	 14.789960	-0.368235	 3.437935	 0.578405	-1.890253	 90.246400	-93.341670	-7.382946	-90.555330	 179.508600	 2.529754	 104.563300	-0.813313	 0.122417	-8.559153	 11.244510	 26.632310	 49.921970	-116.500600	-14.939480	 1.715579	 25.953640	-15.846010	-14.595610	-10.660110	-3.703559	 49.860840	 2.465828	-1.147630	 53.644860	 2.493882	 0.973566	-44.904330	 0.781202	 2.151316	 39.782020	-0.232535	 3.160918	 24.248420	 2.849313	 4.536847	-67.406100	 42.562220	 21.667210	 15.397420	-6.674282	 19.249310	 18.929730	-5.887890	 19.289420	-82.608420	 20.842740	 11.757020	 26.442730	-3.772974	 9.432962	 24.167770	-0.491198	 10.166150	-68.010260	-44.760520	-10.121040	 2.558895	 15.639620	-0.539604	 0.135932	 30.963500	-0.403072	 3.580217	 0.000000	 90.000000	 0.000000	 178.135100	 6.516160	 173.572500	-170.816400	-11.524010	-22.077030
-0.052023	-0.068196	-0.000564	-169.684200	 2.909760	-91.076280	-6.390785	-1.637277	-6.246448	-6.062354	-4.140508	-5.839674	 2.141515	-8.530089	 110.546000	-0.813313	 0.122417	-8.559153	-39.788970	-27.794140	 27.745820	-28.904770	 28.160610	 2.530446	-15.673470	 30.845030	-46.004350	-11.582920	-4.601621	 9.666660	 2.503291	-1.126934	 4.548135	 3.270450	-0.643668	-80.071260	 4.037999	 3.205374	 11.895420	-0.275389	 3.148105	 9.181604	 2.910318	 4.316305	-70.632570	 37.526970	 19.842620	 14.780530	-6.821038	 19.211720	 10.901230	-5.648298	 19.246440	-70.688750	 18.630490	 10.482650	 21.088640	-3.898340	 9.395206	 9.518596	-0.473063	 9.966733	-72.614270	-51.617550	-12.041010	-7.588076	 16.022730	-0.540169	 0.139211	 14.789960	-0.368235	 3.437935	 0.577364	-1.894140	 90.239750	-93.364150	-7.572889	-91.003360	 179.498700	 2.563907	 104.638900	-0.813313	 0.122417	-8.559153	 11.549080	 27.898580	 50.461570	-115.664800	-15.638370	 1.974610	 24.720610	-16.441460	-15.082910	-10.622180	-3.667883	 49.889990	 2.465772	-1.147705	 53.749320	 2.488294	 0.979493	-44.747100	 0.649748	 2.051911	 39.928490	-0.232076	 3.161125	 24.417610	 2.834416	 4.584268	-66.705410	 41.778520	 21.398420	 15.983130	-6.671247	 19.250280	 19.098790	-5.868097	 19.284030	-81.602010	 20.397090	 11.512110	 26.868790	-3.771440	 9.433639	 24.353940	-0.493460	 10.183240	-67.612980	-44.891930	-9.844405	 4.320084	 15.307060	-0.539009	 0.133090	 28.690310	-0.400623	 3.559707	 0.000000	 90.000000	 0.000000	 178.174100	 6.515189	 173.711900	-170.694900	-11.186390	-21.893650
-0.052252	-0.067995	-0.000412	-169.656000	 2.893456	-91.113400	-6.384628	-1.627137	-6.285533	-6.063595	-4.180780	-5.870525	 2.147841	-8.553864	 110.547900	-0.813313	 0.122417	-8.559153	-39.946390	-27.914190	 27.721080	-28.569660	 28.144980	 2.510682	-15.860610	 30.877490	-46.049060	-11.582920	-4.601621	 9.666660	 2.503291	-1.126934	 4.548135	 3.270450	-0.643668	-80.071260	 4.039638	 3.206090	 11.895330	-0.275389	 3.148105	 9.181604	 2.910354	 4.316159	-70.634670	 37.532810	 19.844750	 14.778540	-6.821038	 19.211720	 10.901230	-5.648354	 19.246440	-70.691440	 18.632550	 10.483700	 21.088240	-3.898340	 9.395206	 9.518596	-0.473063	 9.966733	-72.614270	-51.617550	-12.041010	-7.588076	 16.022730	-0.540169	 0.139211	 14.789960	-0.368235	 3.437935	 0.576639	-1.888420	 90.234380	-93.376920	-7.747833	-91.347330	 179.489200	 2.595904	 104.711600	-0.813313	 0.122417	-8.559153	 11.780820	 28.687770	 50.841160	-115.289100	-15.943870	 2.081662	 23.619630	-16.722810	-15.572940	-10.591690	-3.639150	 49.915490	 2.465744	-1.147743	 53.801290	 2.483878	 0.984153	-44.623170	 0.569218	 1.991020	 40.039160	-0.231764	 3.161267	 24.532770	 2.825072	 4.613016	-66.279250	 41.345470	 21.247610	 16.377740	-6.669247	 19.250930	 19.210390	-5.855703	 19.280840	-80.974240	 20.151070	 11.375420	 27.126300	-3.770725	 9.433952	 24.440670	-0.494839	 10.193230	-67.380670	-45.241810	-9.516520	 6.617745	 15.012990	-0.538475	 0.130578	 26.352170	-0.397264	 3.538729	 0.000000	 90.000000	 0.000000	 178.199000	 6.512654	 173.813900	-170.645800	-11.057480	-21.822030
-0.052496	-0.067825	-0.000300	-169.628300	 2.874316	-91.149040	-6.373516	-1.615716	-6.322855	-6.060749	-4.222030	-5.899557	 2.153472	-8.575059	 110.549400	-0.813313	 0.122417	-8.559153	-40.109550	-28.039520	 27.688260	-28.218280	 28.137630	 2.488136	-16.073920	 30.926760	-46.084670	-11.582920	-4.601621	 9.666660	 2.503291	-1.126934	 4.548135	 3.270450	-0.643668	-80.071260	 4.041045	 3.206705	 11.895240	-0.275389	 3.148105	 9.181604	 2.910388	 4.316017	-70.636740	 37.538810	 19.846940	 14.776490	-6.821038	 19.211720	 10.901230	-5.648411	 19.246450	-70.694090	 18.634270	 10.484590	 21.087910	-3.898340	 9.395206	 9.518596	-0.473063	 9.966733	-72.614270	-51.617550	-12.041010	-7.588076	 16.022730	-0.540169	 0.139211	 14.789960	-0.368235	 3.437935	 0.576018	-1.876320	 90.229170	-93.383260	-7.920771	-91.655820	 179.479600	 2.627949	 104.785900	-0.813313	 0.122417	-8.559153	 12.111040	 29.425790	 51.030750	-115.004500	-16.004880	 2.142345	 22.711270	-16.773420	-15.983330	-10.562630	-3.611688	 49.942160	 2.465710	-1.147788	 53.864010	 2.479769	 0.988471	-44.508120	 0.469712	 1.915011	 40.138830	-0.231508	 3.161385	 24.627660	 2.813213	 4.648491	-65.751880	 40.642480	 20.993180	 16.854940	-6.667548	 19.251490	 19.305130	-5.840282	 19.277060	-80.195720	 19.750250	 11.148290	 27.465020	-3.769877	 9.434331	 24.543720	-0.496590	 10.205500	-67.095040	-46.366480	-9.764254	 6.197890	 13.920230	-0.536357	 0.121274	 18.221670	-0.378968	 3.467209	 0.000000	 90.000000	 0.000000	 178.218900	 6.508298	 173.906800	-170.614100	-11.048530	-21.800530
-0.052809	-0.067688	-0.000192	-169.596900	 2.850432	-91.187160	-6.354894	-1.601410	-6.361688	-6.052465	-4.269160	-5.929445	 2.158858	-8.595350	 110.550800	-0.813313	 0.122417	-8.559153	-40.312840	-28.196470	 27.637810	-27.773530	 28.141380	 2.457254	-16.305290	 30.996750	-46.154060	-11.582920	-4.601621	 9.666660	 2.503291	-1.126934	 4.548135	 3.270450	-0.643668	-80.071260	 4.042356	 3.207278	 11.895160	-0.275389	 3.148105	 9.181604	 2.910427	 4.315857	-70.639050	 37.545870	 19.849520	 14.774080	-6.821038	 19.211720	 10.901230	-5.648468	 19.246450	-70.697070	 18.635890	 10.485420	 21.087590	-3.898340	 9.395206	 9.518596	-0.473063	 9.966733	-72.614270	-51.617550	-12.041010	-7.588076	 16.022730	-0.540169	 0.139211	 14.789960	-0.368235	 3.437935	 0.575460	-1.855160	 90.223330	-93.380040	-8.054275	-91.968010	 179.467600	 2.670818	 104.862700	-0.813313	 0.122417	-8.559153	 12.469820	 29.998870	 50.931480	-114.648600	-16.004310	 2.196990	 22.079630	-16.755280	-16.251220	-10.533750	-3.584270	 49.973840	 2.465658	-1.147858	 53.960970	 2.475760	 0.992669	-44.396080	 0.368603	 1.837422	 40.233110	-0.231276	 3.161492	 24.713380	 2.798626	 4.690698	-65.122280	 40.472930	 20.933030	 17.130030	-6.665950	 19.252020	 19.394380	-5.836226	 19.276090	-79.991460	 19.654660	 11.096960	 27.786580	-3.768535	 9.434934	 24.707240	-0.498800	 10.220390	-66.748290	-46.662570	-9.830066	 6.073170	 13.632930	-0.535766	 0.118831	 16.085950	-0.372504	 3.448914	 0.000000	 90.000000	 0.000000	 178.237700	 6.500752	 174.005200	-170.593300	-11.144930	-21.812640
-0.053065	-0.067559	-0.000114	-169.569200	 2.830320	-91.216610	-6.334279	-1.588482	-6.389800	-6.041063	-4.307888	-5.950913	 2.162341	-8.608500	 110.551600	-0.813313	 0.122417	-8.559153	-40.482280	-28.327270	 27.590550	-27.409530	 28.152320	 2.430967	-16.453550	 31.055870	-46.246170	-11.582920	-4.601621	 9.666660	 2.503291	-1.126934	 4.548135	 3.270450	-0.643668	-80.071260	 4.043281	 3.207682	 11.895110	-0.275389	 3.148105	 9.181604	 2.910460	 4.315726	-70.640950	 37.552040	 19.851770	 14.771960	-6.821038	 19.211720	 10.901230	-5.648521	 19.246460	-70.699520	 18.637000	 10.485980	 21.087380	-3.898340	 9.395206	 9.518596	-0.473063	 9.966733	-72.614270	-51.617550	-12.041010	-7.588076	 16.022730	-0.540169	 0.139211	 14.789960	-0.368235	 3.437935	 0.575114	-1.831468	 90.218520	-93.369140	-8.119513	-92.204370	 179.454800	 2.722705	 104.912100	-0.813313	 0.122417	-8.559153	 12.734510	 30.355780	 50.815060	-114.390900	-15.879860	 2.215440	 21.719010	-16.629050	-16.416550	-10.515430	-3.566726	 50.001460	 2.465623	-1.147906	 54.027160	 2.473182	 0.995358	-44.324170	 0.365853	 1.835882	 40.292690	-0.231127	 3.161560	 24.768650	 2.794488	 4.702405	-64.947200	 40.191780	 20.828730	 17.358100	-6.664861	 19.252370	 19.455190	-5.828969	 19.274410	-79.626540	 19.494280	 11.004140	 27.900550	-3.767604	 9.435351	 24.820630	-0.499462	 10.224730	-66.647040	-49.512070	-10.385480	 5.202361	 10.921300	-0.529635	 0.095962	-3.230068	-0.284614	 3.297933	 0.000000	 90.000000	 0.000000	 178.252200	 6.491882	 174.084900	-170.584100	-11.280480	-21.831940
-0.053317	-0.067402	-0.000046	-169.543000	 2.811002	-91.242360	-6.309601	-1.575239	-6.411602	-6.025729	-4.343951	-5.967618	 2.164580	-8.616965	 110.552000	-0.813313	 0.122417	-8.559153	-40.614260	-28.428460	 27.552050	-27.145940	 28.166830	 2.411856	-16.548110	 31.105980	-46.342310	-11.582920	-4.601621	 9.666660	 2.503291	-1.126934	 4.548135	 3.270450	-0.643668	-80.071260	 4.044014	 3.208002	 11.895070	-0.275389	 3.148105	 9.181604	 2.910491	 4.315599	-70.642800	 37.558340	 19.854070	 14.769800	-6.821038	 19.211720	 10.901230	-5.648569	 19.246460	-70.701900	 18.637880	 10.486440	 21.087200	-3.898340	 9.395206	 9.518596	-0.473063	 9.966733	-72.614270	-51.617550	-12.041010	-7.588076	 16.022730	-0.540169	 0.139211	 14.789960	-0.368235	 3.437935	 0.574848	-1.803175	 90.213880	-93.351800	-8.146922	-92.417910	 179.440800	 2.783625	 104.946300	-0.813313	 0.122417	-8.559153	 12.992140	 30.612530	 50.605200	-114.174700	-15.677450	 2.219978	 21.494010	-16.419490	-16.459480	-10.502620	-3.554284	 50.029330	 2.465596	-1.147942	 54.077950	 2.471344	 0.997272	-44.272950	 0.380909	 1.848057	 40.336160	-0.231018	 3.161611	 24.808980	 2.795628	 4.699193	-64.995260	 39.979240	 20.748890	 17.514410	-6.664009	 19.252660	 19.502870	-5.824718	 19.273450	-79.412900	 19.396270	 10.946370	 27.892980	-3.766874	 9.435681	 24.909560	-0.499338	 10.223930	-66.665840	-51.364220	-10.735700	 4.497672	 9.158977	-0.525066	 0.081262	-15.836190	-0.202138	 3.218755	 0.000000	 90.000000	 0.000000	 178.266900	 6.480559	 174.162900	-170.578100	-11.428920	-21.838090
-0.053583	-0.067153	 0.000026	-169.516500	 2.790220	-91.267090	-6.276452	-1.559945	-6.427045	-6.003126	-4.380647	-5.979655	 2.165625	-8.620934	 110.552100	-0.813313	 0.122417	-8.559153	-40.724570	-28.511980	 27.517690	-26.940460	 28.187450	 2.397017	-16.627900	 31.160550	-46.445040	-11.582920	-4.601621	 9.666660	 2.503291	-1.126934	 4.548135	 3.270450	-0.643668	-80.071260	 4.044688	 3.208297	 11.895030	-0.275389	 3.148105	 9.181604	 2.910526	 4.315458	-70.644840	 37.565730	 19.856770	 14.767270	-6.821038	 19.211720	 10.901230	-5.648623	 19.246460	-70.704510	 18.638620	 10.486820	 21.087060	-3.898340	 9.395206	 9.518596	-0.473063	 9.966733	-72.614270	-51.617550	-12.041010	-7.588076	 16.022730	-0.540169	 0.139211	 14.789960	-0.368235	 3.437935	 0.574650	-1.765526	 90.208800	-93.325200	-8.141031	-92.643390	 179.423800	 2.858238	 104.981000	-0.813313	 0.122417	-8.559153	 13.278620	 30.861900	 50.321670	-113.970300	-15.398320	 2.225099	 21.370320	-16.092250	-16.213140	-10.494150	-3.545789	 50.061690	 2.465574	-1.147972	 54.119050	 2.470065	 0.998602	-44.237360	 0.378194	 1.846283	 40.369470	-0.230936	 3.161648	 24.839300	 2.799684	 4.687688	-65.167250	 40.007210	 20.759940	 17.546100	-6.663286	 19.252900	 19.543180	-5.826665	 19.273890	-79.510740	 19.424490	 10.961930	 27.798790	-3.766260	 9.435961	 24.984460	-0.498786	 10.220300	-66.750350	-51.332820	-10.752260	 4.305036	 9.163063	-0.525079	 0.081296	-16.266060	-0.199037	 3.216386	 0.000000	 90.000000	 0.000000	 178.286500	 6.464168	 174.254200	-170.568800	-11.570110	-21.801180
-0.053736	-0.066935	 0.000065	-169.499500	 2.774575	-91.280760	-6.244866	-1.547334	-6.430240	-5.979946	-4.406246	-5.982708	 2.165397	-8.620113	 110.551900	-0.813313	 0.122417	-8.559153	-40.786740	-28.557720	 27.496170	-26.826300	 28.207460	 2.388832	-16.674120	 31.203880	-46.528020	-11.582920	-4.601621	 9.666660	 2.503291	-1.126934	 4.548135	 3.270450	-0.643668	-80.071260	 4.045112	 3.208482	 11.895000	-0.275389	 3.148105	 9.181604	 2.910554	 4.315346	-70.646480	 37.572070	 19.859080	 14.765110	-6.821038	 19.211720	 10.901230	-5.648664	 19.246470	-70.706620	 18.639070	 10.487050	 21.086970	-3.898340	 9.395206	 9.518596	-0.473063	 9.966733	-72.614270	-51.617550	-12.041010	-7.588076	 16.022730	-0.540169	 0.139211	 14.789960	-0.368235	 3.437935	 0.574575	-1.730170	 90.204720	-93.296840	-8.082833	-92.820830	 179.410100	 2.918957	 105.007000	-0.813313	 0.122417	-8.559153	 13.542070	 31.064250	 49.994030	-113.830400	-15.168750	 2.244003	 21.346550	-15.791030	-15.826270	-10.491760	-3.543036	 50.088990	 2.465563	-1.147988	 54.140580	 2.469626	 0.999058	-44.225120	 0.381755	 1.849211	 40.384100	-0.230898	 3.161666	 24.853390	 2.802134	 4.680688	-65.271820	 40.075880	 20.786060	 17.520230	-6.662873	 19.253030	 19.566360	-5.827084	 19.273980	-79.531790	 19.423920	 10.960980	 27.743960	-3.765913	 9.436118	 25.026780	-0.498465	 10.218170	-66.799950	-51.724160	-10.815720	 4.220147	 8.756456	-0.523959	 0.077923	-19.345820	-0.176274	 3.200110	 0.000000	 90.000000	 0.000000	 178.298800	 6.449585	 174.335500	-170.566000	-11.629000	-21.802440
-0.053734	-0.066794	 0.000066	-169.488800	 2.761175	-91.284970	-6.210390	-1.535260	-6.424220	-5.953172	-4.426417	-5.977785	 2.164316	-8.616070	 110.551500	-0.813313	 0.122417	-8.559153	-40.824550	-28.583680	 27.480540	-26.744800	 28.229180	 2.383096	-16.703450	 31.244500	-46.610600	-11.582920	-4.601621	 9.666660	 2.503291	-1.126934	 4.548135	 3.270450	-0.643668	-80.071260	 4.045440	 3.208625	 11.894980	-0.275389	 3.148105	 9.181604	 2.910580	 4.315239	-70.648020	 37.578480	 19.861420	 14.762910	-6.821038	 19.211720	 10.901230	-5.648706	 19.246470	-70.708630	 18.639410	 10.487220	 21.086910	-3.898340	 9.395206	 9.518596	-0.473063	 9.966733	-72.614270	-51.617550	-12.041010	-7.588076	 16.022730	-0.540169	 0.139211	 14.789960	-0.368235	 3.437935	 0.574561	-1.692241	 90.200860	-93.262490	-7.953448	-92.990130	 179.398100	 2.971966	 105.030100	-0.813313	 0.122417	-8.559153	 13.802470	 31.276050	 49.627320	-113.715800	-14.986340	 2.289900	 21.365540	-15.511060	-15.343470	-10.493240	-3.543902	 50.116030	 2.465557	-1.147996	 54.151320	 2.469710	 0.998971	-44.227440	 0.389793	 1.855521	 40.387740	-0.230883	 3.161673	 24.858800	 2.802731	 4.678974	-65.297420	 40.096130	 20.793460	 17.484150	-6.662613	 19.253120	 19.580860	-5.828227	 19.274240	-79.589130	 19.442790	 10.971820	 27.723240	-3.765706	 9.436213	 25.052070	-0.498423	 10.217890	-66.806520	-51.840600	-10.826250	 4.273563	 8.593493	-0.523505	 0.076575	-20.552970	-0.167113	 3.194072	 0.000000	 90.000000	 0.000000	 178.297800	 6.437430	 174.407600	-170.652400	-11.877410	-21.920690
-0.053595	-0.066645	 0.000045	-169.484600	 2.747276	-91.278550	-6.164988	-1.521287	-6.407604	-5.916105	-4.445474	-5.960835	 2.162102	-8.607729	 110.551000	-0.813313	 0.122417	-8.559153	-40.843570	-28.592830	 27.467970	-26.658730	 28.257120	 2.377181	-16.720230	 31.290280	-46.715290	-11.582920	-4.601621	 9.666660	 2.503291	-1.126934	 4.548135	 3.270450	-0.643668	-80.071260	 4.045730	 3.208752	 11.894960	-0.275389	 3.148105	 9.181604	 2.910610	 4.315116	-70.649830	 37.586360	 19.864290	 14.760210	-6.821038	 19.211720	 10.901230	-5.648752	 19.246470	-70.710890	 18.639670	 10.487350	 21.086860	-3.898340	 9.395206	 9.518596	-0.473063	 9.966733	-72.614270	-51.617550	-12.041010	-7.588076	 16.022730	-0.540169	 0.139211	 14.789960	-0.368235	 3.437935	 0.574622	-1.643294	 90.196460	-93.216460	-7.746529	-93.196360	 179.387200	 3.018609	 105.054800	-0.813313	 0.122417	-8.559153	 14.038470	 31.509370	 49.224060	-113.606100	-14.797660	 2.385463	 21.396180	-15.184450	-14.749370	-10.499640	-3.549242	 50.148500	 2.465557	-1.147996	 54.151860	 2.470424	 0.998228	-44.247330	 0.403209	 1.865901	 40.379370	-0.230890	 3.161670	 24.856450	 2.804119	 4.674982	-65.357010	 40.148600	 20.812690	 17.401340	-6.662471	 19.253170	 19.588780	-5.830415	 19.274740	-79.699150	 19.470110	 10.987360	 27.681940	-3.765617	 9.436256	 25.063060	-0.498287	 10.216990	-66.827550	-52.019730	-10.839540	 4.386241	 8.354378	-0.522838	 0.074597	-22.313900	-0.153539	 3.185605	 0.000000	 90.000000	 0.000000	 178.284000	 6.425394	 174.453700	-170.719900	-11.987040	-22.054240
-0.053403	-0.066498	 0.000028	-169.488100	 2.738047	-91.265860	-6.126681	-1.510869	-6.388403	-5.883679	-4.456740	-5.940697	 2.159817	-8.599122	 110.550400	-0.813313	 0.122417	-8.559153	-40.842200	-28.585870	 27.461850	-26.576230	 28.279820	 2.371555	-16.721640	 31.323640	-46.805310	-11.582920	-4.601621	 9.666660	 2.503291	-1.126934	 4.548135	 3.270450	-0.643668	-80.071260	 4.045903	 3.208827	 11.894960	-0.275389	 3.148105	 9.181604	 2.910633	 4.315026	-70.651130	 37.592680	 19.866590	 14.758050	-6.821038	 19.211720	 10.901230	-5.648786	 19.246480	-70.712570	 18.639800	 10.487420	 21.086830	-3.898340	 9.395206	 9.518596	-0.473063	 9.966733	-72.614270	-51.617550	-12.041010	-7.588076	 16.022730	-0.540169	 0.139211	 14.789960	-0.368235	 3.437935	 0.574709	-1.602917	 90.193240	-93.179940	-7.581229	-93.368420	 179.382200	 3.039193	 105.072100	-0.813313	 0.122417	-8.559153	 14.167400	 31.682050	 48.968940	-113.541500	-14.601860	 2.476597	 21.383910	-14.888220	-14.386900	-10.507740	-3.556318	 50.173740	 2.465561	-1.147990	 54.143960	 2.471402	 0.997213	-44.274550	 0.414720	 1.874719	 40.364300	-0.230908	 3.161662	 24.849740	 2.805701	 4.670419	-65.425100	 40.207740	 20.834320	 17.313190	-6.662468	 19.253170	 19.588950	-5.832601	 19.275250	-79.809160	 19.494500	 11.001140	 27.637710	-3.765652	 9.436237	 25.058720	-0.498116	 10.215850	-66.854020	-52.025340	-10.829790	 4.488615	 8.292170	-0.522659	 0.074083	-22.731650	-0.150272	 3.183660	 0.000000	 90.000000	 0.000000	 178.264600	 6.417786	 174.465200	-170.751300	-11.984020	-22.097840
-0.053132	-0.066341	 0.000005	-169.496300	 2.730762	-91.247370	-6.085236	-1.500841	-6.364041	-5.847699	-4.465281	-5.915438	 2.157139	-8.589005	 110.549800	-0.813313	 0.122417	-8.559153	-40.829810	-28.568480	 27.457930	-26.454100	 28.303140	 2.363120	-16.714730	 31.355330	-46.908430	-11.582920	-4.601621	 9.666660	 2.503291	-1.126934	 4.548135	 3.270450	-0.643668	-80.071260	 4.046038	 3.208888	 11.894950	-0.275389	 3.148105	 9.181604	 2.910653	 4.314940	-70.652360	 37.599280	 19.869000	 14.755790	-6.821038	 19.211720	 10.901230	-5.648817	 19.246480	-70.714160	 18.639910	 10.487480	 21.086810	-3.898340	 9.395206	 9.518596	-0.473063	 9.966733	-72.614270	-51.617550	-12.041010	-7.588076	 16.022730	-0.540169	 0.139211	 14.789960	-0.368235	 3.437935	 0.574843	-1.560281	 90.190160	-93.144700	-7.445839	-93.549210	 179.379300	 3.049404	 105.088400	-0.813313	 0.122417	-8.559153	 14.245860	 31.857100	 48.785690	-113.491800	-14.389460	 2.581976	 21.305530	-14.587210	-14.155040	-10.518470	-3.565855	 50.199220	 2.465568	-1.147980	 54.129520	 2.472725	 0.995834	-44.311430	 0.425596	 1.882961	 40.342330	-0.230933	 3.161649	 24.840280	 2.807695	 4.664638	-65.511330	 40.279380	 20.860430	 17.209350	-6.662541	 19.253150	 19.584860	-5.835119	 19.275840	-79.935920	 19.535520	 11.024440	 27.580480	-3.765770	 9.436186	 25.044400	-0.497892	 10.214350	-66.889000	-52.034080	-10.826540	 4.532216	 8.200703	-0.522393	 0.073328	-23.353490	-0.145401	 3.180806	 0.000000	 90.000000	 0.000000	 178.238000	 6.411627	 174.461300	-170.779700	-11.943850	-22.126520
-0.052723	-0.066146	-0.000024	-169.511600	 2.726019	-91.219600	-6.032478	-1.489758	-6.329560	-5.800895	-4.472030	-5.880901	 2.152660	-8.572052	 110.549000	-0.813313	 0.122417	-8.559153	-40.805750	-28.537510	 27.454810	-26.219200	 28.330490	 2.346637	-16.698590	 31.390120	-47.053830	-11.582920	-4.601621	 9.666660	 2.503291	-1.126934	 4.548135	 3.270450	-0.643668	-80.071260	 4.046211	 3.208963	 11.894930	-0.275389	 3.148105	 9.181604	 2.910677	 4.314845	-70.653750	 37.607440	 19.871980	 14.752990	-6.821038	 19.211720	 10.901230	-5.648854	 19.246480	-70.715940	 18.640040	 10.487550	 21.086790	-3.898340	 9.395206	 9.518596	-0.473063	 9.966733	-72.614270	-51.617550	-12.041010	-7.588076	 16.022730	-0.540169	 0.139211	 14.789960	-0.368235	 3.437935	 0.575043	-1.507694	 90.186770	-93.097150	-7.348015	-93.751300	 179.378500	 3.049562	 105.106600	-0.813313	 0.122417	-8.559153	 14.279800	 32.060700	 48.647340	-113.452500	-14.030060	 2.718978	 21.017640	-14.141770	-14.084940	-10.534170	-3.579949	 50.229380	 2.465582	-1.147962	 54.105120	 2.474686	 0.993790	-44.366110	 0.443822	 1.896791	 40.308380	-0.230966	 3.161635	 24.828210	 2.810511	 4.656426	-65.633710	 40.373090	 20.894390	 17.076540	-6.662701	 19.253090	 19.575960	-5.838323	 19.276590	-80.097210	 19.595190	 11.058290	 27.499900	-3.765997	 9.436081	 25.016530	-0.497566	 10.212160	-66.940110	-51.959920	-10.819800	 4.496245	 8.158856	-0.522273	 0.072984	-23.553950	-0.143824	 3.179900	 0.000000	 90.000000	 0.000000	 178.198200	 6.406173	 174.446100	-170.822200	-11.898770	-22.145640
-0.052415	-0.065997	-0.000046	-169.525700	 2.726291	-91.197780	-5.993615	-1.482746	-6.302792	-5.765872	-4.474789	-5.855500	 2.147940	-8.554142	 110.548300	-0.813313	 0.122417	-8.559153	-40.786790	-28.511800	 27.452540	-26.066960	 28.346080	 2.336864	-16.689270	 31.407060	-47.134830	-11.582920	-4.601621	 9.666660	 2.503291	-1.126934	 4.548135	 3.270450	-0.643668	-80.071260	 4.046366	 3.209030	 11.894930	-0.275389	 3.148105	 9.181604	 2.910692	 4.314784	-70.654620	 37.613330	 19.874130	 14.750970	-6.821038	 19.211720	 10.901230	-5.648878	 19.246480	-70.717080	 18.640180	 10.487610	 21.086760	-3.898340	 9.395206	 9.518596	-0.473063	 9.966733	-72.614270	-51.617550	-12.041010	-7.588076	 16.022730	-0.540169	 0.139211	 14.789960	-0.368235	 3.437935	 0.575207	-1.470333	 90.184590	-93.052660	-7.300395	-93.885270	 179.379200	 3.043376	 105.118900	-0.813313	 0.122417	-8.559153	 14.270590	 32.196460	 48.592590	-113.439200	-13.610130	 2.816434	 20.668180	-13.679160	-14.194690	-10.546690	-3.591256	 50.250140	 2.465592	-1.147947	 54.084510	 2.476257	 0.992149	-44.409970	 0.465810	 1.913603	 40.280400	-0.230985	 3.161626	 24.821210	 2.812700	 4.650002	-65.729390	 40.438470	 20.917970	 16.985670	-6.662837	 19.253050	 19.568370	-5.840539	 19.277110	-80.208830	 19.635750	 11.081140	 27.438680	-3.766201	 9.435987	 24.991780	-0.497307	 10.210410	-66.980900	-51.871560	-10.812210	 4.449711	 8.158203	-0.522273	 0.072978	-23.458360	-0.144575	 3.180331	 0.000000	 90.000000	 0.000000	 178.166100	 6.403547	 174.435500	-170.786500	-11.636890	-22.136550
-0.052050	-0.065852	-0.000077	-169.542900	 2.730441	-91.173290	-5.949799	-1.476014	-6.272202	-5.725992	-4.476238	-5.828425	 2.141694	-8.530407	 110.547600	-0.813313	 0.122417	-8.559153	-40.768470	-28.482930	 27.448860	-26.014660	 28.355410	 2.336487	-16.689350	 31.412060	-47.159790	-11.582920	-4.601621	 9.666660	 2.503291	-1.126934	 4.548135	 3.270450	-0.643668	-80.071260	 4.046578	 3.209122	 11.894910	-0.275389	 3.148105	 9.181604	 2.910707	 4.314726	-70.655490	 37.619930	 19.876530	 14.748710	-6.821038	 19.211720	 10.901230	-5.648900	 19.246480	-70.718190	 18.640390	 10.487720	 21.086720	-3.898340	 9.395206	 9.518596	-0.473063	 9.966733	-72.614270	-51.617550	-12.041010	-7.588076	 16.022730	-0.540169	 0.139211	 14.789960	-0.368235	 3.437935	 0.575382	-1.429764	 90.182450	-92.997280	-7.264004	-94.028050	 179.381000	 3.032402	 105.132300	-0.813313	 0.122417	-8.559153	 14.236400	 32.334060	 48.561330	-113.434900	-13.038700	 2.921708	 20.243110	-13.072370	-14.404460	-10.561330	-3.604524	 50.272180	 2.465605	-1.147929	 54.059890	 2.478097	 0.990224	-44.461360	 0.493918	 1.935101	 40.247400	-0.230996	 3.161621	 24.817160	 2.815213	 4.642585	-65.839810	 40.552640	 20.959640	 16.879710	-6.662983	 19.253000	 19.560160	-5.843740	 19.277890	-80.370380	 19.701720	 11.118550	 27.364560	-3.766445	 9.435878	 24.961900	-0.497004	 10.208360	-67.028660	-51.763710	-10.803400	 4.389392	 8.165510	-0.522301	 0.073038	-23.277990	-0.146000	 3.181148	 0.000000	 90.000000	 0.000000	 178.128400	 6.401727	 174.431900	-170.870200	-11.756350	-22.144580
-0.051663	-0.065690	-0.000115	-169.563200	 2.740836	-91.146220	-5.897779	-1.469675	-6.236529	-5.678243	-4.476392	-5.800616	 2.133665	-8.499849	 110.546800	-0.813313	 0.122417	-8.559153	-40.756660	-28.452720	 27.441310	-26.049850	 28.385680	 2.345243	-16.708970	 31.431330	-47.120130	-11.582920	-4.601621	 9.666660	 2.503291	-1.126934	 4.548135	 3.270450	-0.643668	-80.071260	 4.046905	 3.209266	 11.894900	-0.275389	 3.148105	 9.181604	 2.910721	 4.314665	-70.656360	 37.627730	 19.879380	 14.746040	-6.821038	 19.211720	 10.901230	-5.648922	 19.246490	-70.719280	 18.640780	 10.487920	 21.086640	-3.898340	 9.395206	 9.518596	-0.473063	 9.966733	-72.614270	-51.617550	-12.041010	-7.588076	 16.022730	-0.540169	 0.139211	 14.789960	-0.368235	 3.437935	 0.575574	-1.384057	 90.180320	-92.930010	-7.236496	-94.195080	 179.383500	 3.016791	 105.148200	-0.813313	 0.122417	-8.559153	 14.176030	 32.474080	 48.544920	-113.437400	-12.302060	 3.039067	 19.711280	-12.301260	-14.707180	-10.578890	-3.620507	 50.296540	 2.465621	-1.147908	 54.030620	 2.480303	 0.987912	-44.523060	 0.524603	 1.958500	 40.208110	-0.230987	 3.161625	 24.820250	 2.818170	 4.633792	-65.970570	 40.735670	 21.026760	 16.759340	-6.663116	 19.252950	 19.552740	-5.850156	 19.279450	-80.693790	 19.807590	 11.178730	 27.271620	-3.766734	 9.435745	 24.926640	-0.496646	 10.205880	-67.086170	-51.657590	-10.795770	 4.321382	 8.156208	-0.522265	 0.072962	-23.187510	-0.146705	 3.181561	 0.000000	 90.000000	 0.000000	 178.084600	 6.400721	 174.428400	-170.862600	-11.548950	-22.127130
-0.051386	-0.065609	-0.000144	-169.577600	 2.755794	-91.128140	-5.856272	-1.466058	-6.209599	-5.639956	-4.475812	-5.783667	 2.127300	-8.475566	 110.546400	-0.813313	 0.122417	-8.559153	-40.759930	-28.435160	 27.431470	-26.102720	 28.451540	 2.355174	-16.779440	 31.493790	-47.032060	-11.582920	-4.601621	 9.666660	 2.503291	-1.126934	 4.548135	 3.270450	-0.643668	-80.071260	 4.047292	 3.209434	 11.894870	-0.275389	 3.148105	 9.181604	 2.910731	 4.314628	-70.656900	 37.617030	 19.875480	 14.749710	-6.821038	 19.211720	 10.901230	-5.648938	 19.246490	-70.719990	 18.641250	 10.488160	 21.086550	-3.898340	 9.395206	 9.518596	-0.473063	 9.966733	-72.614270	-51.617550	-12.041010	-7.588076	 16.022730	-0.540169	 0.139211	 14.789960	-0.368235	 3.437935	 0.575703	-1.349869	 90.178960	-92.877540	-7.222584	-94.296590	 179.385500	 3.004644	 105.161400	-0.813313	 0.122417	-8.559153	 14.122780	 32.565260	 48.531350	-113.439100	-11.729610	 3.125504	 19.207670	-11.698700	-14.956690	-10.592610	-3.633008	 50.314620	 2.465633	-1.147892	 54.008630	 2.482019	 0.986109	-44.571090	 0.555794	 1.982372	 40.177660	-0.230958	 3.161639	 24.831240	 2.821702	 4.623212	-66.127850	 41.051750	 21.142560	 16.599950	-6.663160	 19.252940	 19.550230	-5.856697	 19.281090	-81.024610	 19.990530	 11.282870	 27.149900	-3.766944	 9.435650	 24.901050	-0.496195	 10.202780	-67.158520	-50.648040	-10.731570	 3.654524	 7.810019	-0.521266	 0.070109	-22.494450	-0.152132	 3.184760	 0.000000	 90.000000	 0.000000	 178.054400	 6.400474	 174.405900	-170.855400	-11.392500	-22.111600
-0.051142	-0.065578	-0.000170	-169.589000	 2.776506	-91.114510	-5.814343	-1.463806	-6.184782	-5.601206	-4.475035	-5.773209	 2.121396	-8.452971	 110.546300	-0.813313	 0.122417	-8.559153	-40.779800	-28.426650	 27.416620	-26.129920	 28.536960	 2.364440	-16.920630	 31.588800	-46.908230	-11.582920	-4.601621	 9.666660	 2.503291	-1.126934	 4.548135	 3.270450	-0.643668	-80.071260	 4.046288	 3.208997	 11.894930	-0.275389	 3.148105	 9.181604	 2.910738	 4.314599	-70.657330	 37.578290	 19.861350	 14.762980	-6.821038	 19.211720	 10.901230	-5.648949	 19.246490	-70.720530	 18.639900	 10.487470	 21.086810	-3.898340	 9.395206	 9.518596	-0.473063	 9.966733	-72.614270	-51.617550	-12.041010	-7.588076	 16.022730	-0.540169	 0.139211	 14.789960	-0.368235	 3.437935	 0.575810	-1.317762	 90.177860	-92.827920	-7.211792	-94.342800	 179.386900	 2.994823	 105.176000	-0.813313	 0.122417	-8.559153	 14.073930	 32.636040	 48.501300	-113.434100	-11.222410	 3.205044	 18.708210	-11.155210	-15.156510	-10.605820	-3.645069	 50.331570	 2.465643	-1.147878	 53.989010	 2.483658	 0.984385	-44.617000	 0.604594	 2.019914	 40.148550	-0.230900	 3.161665	 24.852620	 2.827207	 4.606516	-66.375690	 41.296410	 21.230710	 16.440670	-6.663122	 19.252950	 19.552370	-5.864066	 19.282980	-81.397610	 20.131840	 11.361670	 26.990100	-3.767118	 9.435572	 24.879800	-0.495476	 10.197750	-67.275550	-48.654970	-10.633980	 2.373082	 7.139442	-0.519282	 0.064599	-20.936400	-0.164175	 3.192194	 0.000000	 90.000000	 0.000000	 178.029600	 6.400526	 174.369900	-170.896500	-11.414540	-22.106630
-0.050953	-0.065588	-0.000187	-169.596700	 2.794883	-91.105640	-5.766022	-1.463259	-6.160734	-5.603815	-4.472222	-5.772282	 2.115964	-8.432061	 110.546800	-0.813313	 0.122417	-8.559153	-40.831410	-28.433610	 27.391120	-26.059580	 28.632420	 2.369180	-17.103580	 31.699600	-46.793050	-11.582920	-4.601621	 9.666660	 2.503291	-1.126934	 4.548135	 3.270450	-0.643668	-80.071260	 4.041642	 3.206967	 11.895200	-0.275389	 3.148105	 9.181604	 2.910743	 4.314578	-70.657620	 37.525850	 19.842210	 14.780920	-6.821038	 19.211720	 10.901230	-5.648957	 19.246490	-70.720940	 18.633740	 10.484310	 21.088010	-3.898340	 9.395206	 9.518596	-0.473063	 9.966733	-72.614270	-51.617550	-12.041010	-7.588076	 16.022730	-0.540169	 0.139211	 14.789960	-0.368235	 3.437935	 0.575864	-1.284483	 90.177050	-92.783910	-7.193603	-94.376170	 179.387100	 2.989732	 105.195000	-0.813313	 0.122417	-8.559153	 14.115470	 32.645070	 48.379320	-113.406800	-10.864880	 3.216743	 18.264540	-10.774410	-15.213570	-10.619610	-3.657653	 50.349380	 2.465652	-1.147866	 53.971740	 2.485342	 0.982610	-44.664220	 0.664968	 2.066408	 40.119690	-0.230788	 3.161718	 24.894120	 2.833943	 4.585740	-66.683590	 41.457970	 21.287560	 16.294820	-6.662930	 19.253020	 19.563190	-5.872782	 19.285280	-81.839860	 20.225000	 11.411820	 26.810200	-3.767242	 9.435513	 24.864590	-0.494586	 10.191430	-67.422680	-42.868450	-10.405900	-0.294935	 5.328156	-0.513599	 0.049835	-15.518830	-0.204430	 3.220516	 0.000000	 90.000000	 0.000000	 178.010700	 6.400711	 174.318600	-170.944900	-11.476240	-22.106320
-0.038965	-0.071111	-0.004721	-170.594200	 3.978059	-90.423590	-6.301306	-1.464976	-5.710035	-6.066520	-4.699889	-5.318140	 1.749815	-7.051329	 110.423600	-0.813313	 0.122417	-8.559153	-33.175820	-23.534810	 29.847240	-38.717960	 27.755060	 2.619585	-9.491194	 29.302820	-44.014160	-11.582920	-4.601621	 9.666660	 2.503291	-1.126934	 4.548135	 3.270450	-0.643668	-80.071260	 3.985485	 3.182430	 11.898520	-0.275389	 3.148105	 9.181604	 2.910744	 4.314571	-70.657730	 37.502650	 19.833740	 14.788850	-6.821038	 19.211720	 10.901230	-5.648958	 19.246490	-70.721060	 18.563710	 10.448420	 21.101590	-3.898340	 9.395206	 9.518596	-0.473063	 9.966733	-72.614270	-51.617550	-12.041010	-7.588076	 16.022730	-0.540169	 0.139211	 14.789960	-0.368235	 3.437935	 0.569048	 0.990989	 90.168360	-90.622830	-6.106946	-83.171780	 179.418000	 2.918686	 104.825000	-0.813313	 0.122417	-8.559153	 13.222260	 29.744710	 46.098920	-116.079800	-11.102970	 3.163030	 27.464800	-10.903680	-12.447840	-5.190728	-1.403617	 17.128680	 2.497336	-1.127938	 11.294980	 3.271738	-0.652684	-80.243080	 7.972165	 5.118919	 13.974080	-0.255871	 3.152377	 15.888700	 3.002029	 3.805684	-77.946000	 44.473360	 22.113150	 10.507080	-6.752422	 19.227270	 14.628560	-5.892607	 19.290760	-82.849170	 23.707340	 12.780360	 15.747170	-3.860127	 9.403634	 13.949480	-0.471348	 9.884242	-74.523270	-48.150820	-10.381910	 3.760264	 8.560078	-0.523413	 0.076298	-22.750570	-0.150130	 3.183572	 0.000000	 90.000000	 0.000000	 175.241300	 7.803341	 172.190900	-172.880000	-15.657420	-30.441930
-0.038152	-0.071473	-0.005062	-170.659700	 4.053570	-90.378460	-6.336978	-1.465211	-5.681329	-6.096016	-4.714821	-5.288607	 1.726365	-6.962353	 110.416000	-0.813313	 0.122417	-8.559153	-32.697820	-23.208450	 29.972800	-39.532030	 27.700390	 2.617135	-8.983989	 29.154320	-43.831250	-11.582920	-4.601621	 9.666660	 2.503291	-1.126934	 4.548135	 3.270450	-0.643668	-80.071260	 3.981977	 3.180897	 11.898730	-0.275389	 3.148105	 9.181604	 2.910744	 4.314571	-70.657730	 37.502100	 19.833540	 14.789040	-6.821038	 19.211720	 10.901230	-5.648962	 19.246490	-70.721060	 18.559350	 10.446180	 21.102430	-3.898340	 9.395206	 9.518596	-0.473063	 9.966733	-72.614270	-51.617550	-12.041010	-7.588076	 16.022730	-0.540169	 0.139211	 14.789960	-0.368235	 3.437935	 0.568626	 1.137479	 90.167820	-90.492030	-6.013426	-82.449070	 179.420000	 2.914072	 104.800600	-0.813313	 0.122417	-8.559153	 13.157870	 29.558220	 45.954640	-116.253600	-11.126030	 3.161046	 28.067280	-10.903940	-12.268360	-4.814469	-1.374299	 14.980470	 2.499781	-1.127532	 8.535068	 3.285738	-0.771067	-82.542750	 8.469273	 5.191782	 12.278370	-0.257544	 3.151909	 15.305080	 3.007521	 3.754719	-78.667950	 44.664610	 22.154700	 10.134900	-6.758294	 19.225860	 14.309040	-5.893703	 19.291070	-82.905070	 23.935220	 12.843310	 15.032680	-3.866323	 9.402182	 13.243720	-0.471180	 9.864431	-74.979400	-48.644290	-10.404910	 4.090537	 8.815948	-0.524124	 0.078416	-23.359740	-0.145347	 3.180779	 0.000000	 90.000000	 0.000000	 175.063800	 7.897787	 172.055700	-173.044500	-15.910870	-30.994830
