HIERARCHY
ROOT root
{
	OFFSET	0.00	0.00	0.00
	CHANNELS 6 Xposition Yposition Zposition Zrotation Xrotation Yrotation
	JOINT back
	{
		OFFSET	 0.494660	-0.003134	-0.003216
		CHANNELS 3 Zrotation Xrotation Yrotation
		JOINT chest
		{
			OFFSET	 0.264817	 0.004177	 0.000000
			CHANNELS 3 Zrotation Xrotation Yrotation
			JOINT l_clavicle
			{
				OFFSET	 0.114550	 0.000716	-0.065320
				CHANNELS 3 Zrotation Xrotation Yrotation
				JOINT l_end_clavicle
				{
					OFFSET	 0.162817	-0.003802	 0.000069
					CHANNELS 3 Zrotation Xrotation Yrotation
					JOINT l_shoulder
					{
						OFFSET	 0.005323	-0.036419	 0.055886
						CHANNELS 3 Zrotation Xrotation Yrotation
						JOINT l_forearm
						{
							OFFSET	 0.293779	 0.004795	-0.037784
							CHANNELS 3 Zrotation Xrotation Yrotation
							JOINT l_end_wrist
							{
								OFFSET	 0.317021	-0.006522	 0.006333
								CHANNELS 3 Zrotation Xrotation Yrotation
								JOINT l_index1
								{
									OFFSET	 0.152748	-0.021000	-0.014320
									CHANNELS 3 Zrotation Xrotation Yrotation
									JOINT l_index2
									{
										OFFSET	 0.039283	 0.000000	 0.000000
										CHANNELS 3 Zrotation Xrotation Yrotation
										JOINT l_index3
										{
											OFFSET	 0.038151	 0.000000	 0.000000
											CHANNELS 3 Zrotation Xrotation Yrotation
											End Site
											{
												OFFSET	 0.038151	 0.000000	 0.000000
											}
										}
									}
								}
								JOINT l_middle1
								{
									OFFSET	 0.151723	 0.016194	-0.014667
									CHANNELS 3 Zrotation Xrotation Yrotation
									JOINT l_middle_2
									{
										OFFSET	 0.038269	 0.000000	 0.000000
										CHANNELS 3 Zrotation Xrotation Yrotation
										JOINT l_middle_3
										{
											OFFSET	 0.039743	 0.000000	 0.000000
											CHANNELS 3 Zrotation Xrotation Yrotation
											End Site
											{
												OFFSET	 0.039743	 0.000000	 0.000000
											}
										}
									}
								}
								JOINT l_pinky1
								{
									OFFSET	 0.117088	 0.077397	-0.013819
									CHANNELS 3 Zrotation Xrotation Yrotation
									JOINT l_pinky2
									{
										OFFSET	 0.028938	 0.000000	 0.000000
										CHANNELS 3 Zrotation Xrotation Yrotation
										JOINT l_pinky3
										{
											OFFSET	 0.027081	 0.000000	 0.000000
											CHANNELS 3 Zrotation Xrotation Yrotation
											End Site
											{
												OFFSET	 0.027081	 0.000000	 0.000000
											}
										}
									}
								}
								JOINT l_ring1
								{
									OFFSET	 0.137788	 0.047650	-0.014135
									CHANNELS 3 Zrotation Xrotation Yrotation
									JOINT l_ring2
									{
										OFFSET	 0.030749	 0.000000	 0.000000
										CHANNELS 3 Zrotation Xrotation Yrotation
										JOINT l_ring3
										{
											OFFSET	 0.032711	 0.000000	 0.000000
											CHANNELS 3 Zrotation Xrotation Yrotation
											End Site
											{
												OFFSET	 0.032711	 0.000000	 0.000000
											}
										}
									}
								}
								JOINT l_thumb1
								{
									OFFSET	 0.054053	-0.036728	-0.011261
									CHANNELS 3 Zrotation Xrotation Yrotation
									JOINT l_thumb_2
									{
										OFFSET	 0.051141	-0.005593	-0.001180
										CHANNELS 3 Zrotation Xrotation Yrotation
										JOINT l_thumb_3
										{
											OFFSET	 0.046421	-0.001905	 0.000191
											CHANNELS 3 Zrotation Xrotation Yrotation
											End Site
											{
												OFFSET	 0.046421	-0.001905	 0.000191
											}
										}
									}
								}
							}
						}
					}
				}
			}
			JOINT neck
			{
				OFFSET	 0.143918	 0.000470	 0.000000
				CHANNELS 3 Zrotation Xrotation Yrotation
				JOINT head
				{
					OFFSET	-0.005054	-0.004300	 0.061048
					CHANNELS 3 Zrotation Xrotation Yrotation
					End Site
					{
						OFFSET	-0.005054	-0.004300	 0.061048
					}
				}
			}
			JOINT r_clavicle
			{
				OFFSET	 0.114552	 0.000716	 0.065320
				CHANNELS 3 Zrotation Xrotation Yrotation
				JOINT r_end_clavicle
				{
					OFFSET	-0.162817	 0.003801	-0.000067
					CHANNELS 3 Zrotation Xrotation Yrotation
					JOINT r_shoulder
					{
						OFFSET	 0.002159	 0.026505	-0.022546
						CHANNELS 3 Zrotation Xrotation Yrotation
						JOINT r_forearm
						{
							OFFSET	-0.279888	-0.026947	 0.065446
							CHANNELS 3 Zrotation Xrotation Yrotation
							JOINT r_end_wrist
							{
								OFFSET	-0.317022	 0.006522	-0.006331
								CHANNELS 3 Zrotation Xrotation Yrotation
								JOINT r_index1
								{
									OFFSET	-0.152748	 0.021000	 0.014322
									CHANNELS 3 Zrotation Xrotation Yrotation
									JOINT r_index2
									{
										OFFSET	-0.039280	 0.000000	-0.000001
										CHANNELS 3 Zrotation Xrotation Yrotation
										JOINT r_index3
										{
											OFFSET	-0.038152	 0.000000	-0.000001
											CHANNELS 3 Zrotation Xrotation Yrotation
											End Site
											{
												OFFSET	-0.038152	 0.000000	-0.000001
											}
										}
									}
								}
								JOINT r_middle1
								{
									OFFSET	-0.151722	-0.016194	 0.014664
									CHANNELS 3 Zrotation Xrotation Yrotation
									JOINT r_middle_2
									{
										OFFSET	-0.038270	 0.000000	 0.000003
										CHANNELS 3 Zrotation Xrotation Yrotation
										JOINT r_middle_3
										{
											OFFSET	-0.039744	 0.000000	 0.000000
											CHANNELS 3 Zrotation Xrotation Yrotation
											End Site
											{
												OFFSET	-0.039744	 0.000000	 0.000000
											}
										}
									}
								}
								JOINT r_pinky1
								{
									OFFSET	-0.117090	-0.077397	 0.013818
									CHANNELS 3 Zrotation Xrotation Yrotation
									JOINT r_pinky2
									{
										OFFSET	-0.028938	 0.000000	 0.000000
										CHANNELS 3 Zrotation Xrotation Yrotation
										JOINT r_pinky3
										{
											OFFSET	-0.027078	-0.000001	 0.000000
											CHANNELS 3 Zrotation Xrotation Yrotation
											End Site
											{
												OFFSET	-0.027078	-0.000001	 0.000000
											}
										}
									}
								}
								JOINT r_ring1
								{
									OFFSET	-0.137790	-0.047650	 0.014136
									CHANNELS 3 Zrotation Xrotation Yrotation
									JOINT r_ring2
									{
										OFFSET	-0.030748	 0.000000	-0.000001
										CHANNELS 3 Zrotation Xrotation Yrotation
										JOINT r_ring3
										{
											OFFSET	-0.032707	-0.000001	 0.000003
											CHANNELS 3 Zrotation Xrotation Yrotation
											End Site
											{
												OFFSET	-0.032707	-0.000001	 0.000003
											}
										}
									}
								}
								JOINT r_thumb1
								{
									OFFSET	-0.054054	 0.036728	 0.011262
									CHANNELS 3 Zrotation Xrotation Yrotation
									JOINT r_thumb_2
									{
										OFFSET	-0.051140	 0.005594	 0.001177
										CHANNELS 3 Zrotation Xrotation Yrotation
										JOINT r_thumb_3
										{
											OFFSET	-0.046419	 0.001906	-0.000190
											CHANNELS 3 Zrotation Xrotation Yrotation
											End Site
											{
												OFFSET	-0.046419	 0.001906	-0.000190
											}
										}
									}
								}
							}
						}
					}
				}
			}
		}
	}
	JOINT Pelvis
	{
		OFFSET	 0.153809	-0.002934	-0.002618
		CHANNELS 3 Zrotation Xrotation Yrotation
		JOINT l_thigh
		{
			OFFSET	 0.145222	-0.127338	 0.003594
			CHANNELS 3 Zrotation Xrotation Yrotation
			End Site
			{
				OFFSET	 0.145222	-0.127338	 0.003594
			}
		}
		JOINT r_thigh
		{
			OFFSET	 0.143035	 0.137869	 0.004461
			CHANNELS 3 Zrotation Xrotation Yrotation
			End Site
			{
				OFFSET	 0.143035	 0.137869	 0.004461
			}
		}
	}
}
MOTION
Frames:    300
Frame Time: 0.01666667
-0.001963	 0.002454	-0.116118	 179.305400	 0.221747	-89.965800	-0.000021	 0.000000	 0.000000	-0.000021	 0.000000	 0.000000	-3.525149	 11.225090	 114.920700	-0.813313	 0.122417	-8.559153	-39.721840	-22.971270	 34.504040	-46.877240	 33.730030	 8.058828	-1.508344	 27.119350	 0.905986	-11.666870	-4.636808	 35.944750	 2.477603	-1.136251	 35.323120	 2.739605	 0.675539	-52.364350	-0.352786	 1.276010	 35.556880	-0.202301	 3.178486	 36.024460	 2.411832	 5.494030	-52.520410	 39.007590	 20.375220	 27.137650	-6.436097	 19.357820	 32.910680	-5.387433	 19.254410	-57.899170	 18.466570	 10.398590	 33.996140	-3.686892	 9.480865	 35.137450	-0.646625	 10.763470	-53.750010	-51.281710	-9.954659	 11.445530	 23.982090	-0.549087	 0.208112	 14.789960	-0.368235	 3.437935	-0.000006	 0.000001	 90.000000	-90.000000	 0.000000	-86.406780	 177.642400	 8.601227	 111.084700	-0.813313	 0.122417	-8.559153	 12.236280	 10.972310	 52.931600	-1.045101	 10.743230	-0.604093	-2.262662	 22.375880	-11.302420	-11.666870	-4.636809	 35.944760	 2.477604	-1.136251	 35.323130	 2.739605	 0.675539	-52.364380	-0.352786	 1.276010	 35.556880	-0.202300	 3.178487	 36.024460	 2.411833	 5.494030	-52.520430	 39.007590	 20.375220	 27.137660	-6.436093	 19.357820	 32.910680	-5.387434	 19.254410	-57.899150	 18.466580	 10.398590	 33.996150	-3.686890	 9.480865	 35.137440	-0.646626	 10.763470	-53.750010	-51.281720	-9.954665	 11.445540	 23.982080	-0.549088	 0.208112	 14.789960	-0.368242	 3.437935	 0.000000	 90.000000	 0.000000	 177.641500	 1.693646	 173.691800	-177.179200	-1.281514	-6.296279
-0.001963	 0.002454	-0.116118	 179.305400	 0.221747	-89.965800	-0.000021	 0.000000	 0.000000	-0.000021	 0.000000	 0.000000	-3.525149	 11.225090	 114.920700	-0.813313	 0.122417	-8.559153	-39.721840	-22.971270	 34.504040	-46.877240	 33.730030	 8.058828	-1.508344	 27.119350	 0.905986	-11.666870	-4.636808	 35.944750	 2.477603	-1.136251	 35.323120	 2.739605	 0.675539	-52.364350	-0.352786	 1.276010	 35.556880	-0.202301	 3.178486	 36.024460	 2.411832	 5.494030	-52.520410	 39.007590	 20.375220	 27.137650	-6.436097	 19.357820	 32.910680	-5.387433	 19.254410	-57.899170	 18.466570	 10.398590	 33.996140	-3.686892	 9.480865	 35.137450	-0.646625	 10.763470	-53.750010	-51.281710	-9.954659	 11.445530	 23.982090	-0.549087	 0.208112	 14.789960	-0.368235	 3.437935	-0.000006	 0.000001	 90.000000	-90.000000	 0.000000	-86.406780	 177.642400	 8.601227	 111.084700	-0.813313	 0.122417	-8.559153	 12.236280	 10.972310	 52.931600	-1.045101	 10.743230	-0.604093	-2.262662	 22.375880	-11.302420	-11.666870	-4.636809	 35.944760	 2.477604	-1.136251	 35.323130	 2.739605	 0.675539	-52.364380	-0.352786	 1.276010	 35.556880	-0.202300	 3.178487	 36.024460	 2.411833	 5.494030	-52.520430	 39.007590	 20.375220	 27.137660	-6.436093	 19.357820	 32.910680	-5.387434	 19.254410	-57.899150	 18.466580	 10.398590	 33.996150	-3.686890	 9.480865	 35.137440	-0.646626	 10.763470	-53.750010	-51.281720	-9.954665	 11.445540	 23.982080	-0.549088	 0.208112	 14.789960	-0.368242	 3.437935	 0.000000	 90.000000	 0.000000	 177.641500	 1.693646	 173.691800	-177.179200	-1.281514	-6.296279
-0.001963	 0.002454	-0.116118	 179.305400	 0.221747	-89.965800	-0.000021	 0.000000	 0.000000	-0.000021	 0.000000	 0.000000	-3.525149	 11.225090	 114.920700	-0.813313	 0.122417	-8.559153	-39.721840	-22.971270	 34.504040	-46.877240	 33.730030	 8.058828	-1.508344	 27.119350	 0.905986	-11.666870	-4.636808	 35.944750	 2.477603	-1.136251	 35.323120	 2.739605	 0.675539	-52.364350	-0.352786	 1.276010	 35.556880	-0.202301	 3.178486	 36.024460	 2.411832	 5.494030	-52.520410	 39.007590	 20.375220	 27.137650	-6.436097	 19.357820	 32.910680	-5.387433	 19.254410	-57.899170	 18.466570	 10.398590	 33.996140	-3.686892	 9.480865	 35.137450	-0.646625	 10.763470	-53.750010	-51.281710	-9.954659	 11.445530	 23.982090	-0.549087	 0.208112	 14.789960	-0.368235	 3.437935	-0.000006	 0.000001	 90.000000	-90.000000	 0.000000	-86.406780	 177.642400	 8.601227	 111.084700	-0.813313	 0.122417	-8.559153	 12.236280	 10.972310	 52.931600	-1.045101	 10.743230	-0.604093	-2.262662	 22.375880	-11.302420	-11.666870	-4.636809	 35.944760	 2.477604	-1.136251	 35.323130	 2.739605	 0.675539	-52.364380	-0.352786	 1.276010	 35.556880	-0.202300	 3.178487	 36.024460	 2.411833	 5.494030	-52.520430	 39.007590	 20.375220	 27.137660	-6.436093	 19.357820	 32.910680	-5.387434	 19.254410	-57.899150	 18.466580	 10.398590	 33.996150	-3.686890	 9.480865	 35.137440	-0.646626	 10.763470	-53.750010	-51.281720	-9.954665	 11.445540	 23.982080	-0.549088	 0.208112	 14.789960	-0.368242	 3.437935	 0.000000	 90.000000	 0.000000	 177.641500	 1.693646	 173.691800	-177.179200	-1.281514	-6.296279
-0.001963	 0.002454	-0.116118	 179.305400	 0.221747	-89.965800	-0.000021	 0.000000	 0.000000	-0.000021	 0.000000	 0.000000	-3.525149	 11.225090	 114.920700	-0.813313	 0.122417	-8.559153	-39.721840	-22.971270	 34.504040	-46.877240	 33.730030	 8.058828	-1.508344	 27.119350	 0.905986	-11.666870	-4.636808	 35.944750	 2.477603	-1.136251	 35.323120	 2.739605	 0.675539	-52.364350	-0.352786	 1.276010	 35.556880	-0.202301	 3.178486	 36.024460	 2.411832	 5.494030	-52.520410	 39.007590	 20.375220	 27.137650	-6.436097	 19.357820	 32.910680	-5.387433	 19.254410	-57.899170	 18.466570	 10.398590	 33.996140	-3.686892	 9.480865	 35.137450	-0.646625	 10.763470	-53.750010	-51.281710	-9.954659	 11.445530	 23.982090	-0.549087	 0.208112	 14.789960	-0.368235	 3.437935	-0.000006	 0.000001	 90.000000	-90.000000	 0.000000	-86.406780	 177.642400	 8.601227	 111.084700	-0.813313	 0.122417	-8.559153	 12.236280	 10.972310	 52.931600	-1.045101	 10.743230	-0.604093	-2.262662	 22.375880	-11.302420	-11.666870	-4.636809	 35.944760	 2.477604	-1.136251	 35.323130	 2.739605	 0.675539	-52.364380	-0.352786	 1.276010	 35.556880	-0.202300	 3.178487	 36.024460	 2.411833	 5.494030	-52.520430	 39.007590	 20.375220	 27.137660	-6.436093	 19.357820	 32.910680	-5.387434	 19.254410	-57.899150	 18.466580	 10.398590	 33.996150	-3.686890	 9.480865	 35.137440	-0.646626	 10.763470	-53.750010	-51.281720	-9.954665	 11.445540	 23.982080	-0.549088	 0.208112	 14.789960	-0.368242	 3.437935	 0.000000	 90.000000	 0.000000	 177.641500	 1.693646	 173.691800	-177.179200	-1.281514	-6.296279
-0.001963	 0.002454	-0.116118	 179.305400	 0.221747	-89.965800	-0.000021	 0.000000	 0.000000	-0.000021	 0.000000	 0.000000	-3.525149	 11.225090	 114.920700	-0.813313	 0.122417	-8.559153	-39.721840	-22.971270	 34.504040	-46.877240	 33.730030	 8.058828	-1.508344	 27.119350	 0.905986	-11.666870	-4.636808	 35.944750	 2.477603	-1.136251	 35.323120	 2.739605	 0.675539	-52.364350	-0.352786	 1.276010	 35.556880	-0.202301	 3.178486	 36.024460	 2.411832	 5.494030	-52.520410	 39.007590	 20.375220	 27.137650	-6.436097	 19.357820	 32.910680	-5.387433	 19.254410	-57.899170	 18.466570	 10.398590	 33.996140	-3.686892	 9.480865	 35.137450	-0.646625	 10.763470	-53.750010	-51.281710	-9.954659	 11.445530	 23.982090	-0.549087	 0.208112	 14.789960	-0.368235	 3.437935	-0.000006	 0.000001	 90.000000	-90.000000	 0.000000	-86.406780	 177.642400	 8.601227	 111.084700	-0.813313	 0.122417	-8.559153	 12.236280	 10.972310	 52.931600	-1.045101	 10.743230	-0.604093	-2.262662	 22.375880	-11.302420	-11.666870	-4.636809	 35.944760	 2.477604	-1.136251	 35.323130	 2.739605	 0.675539	-52.364380	-0.352786	 1.276010	 35.556880	-0.202300	 3.178487	 36.024460	 2.411833	 5.494030	-52.520430	 39.007590	 20.375220	 27.137660	-6.436093	 19.357820	 32.910680	-5.387434	 19.254410	-57.899150	 18.466580	 10.398590	 33.996150	-3.686890	 9.480865	 35.137440	-0.646626	 10.763470	-53.750010	-51.281720	-9.954665	 11.445540	 23.982080	-0.549088	 0.208112	 14.789960	-0.368242	 3.437935	 0.000000	 90.000000	 0.000000	 177.641500	 1.693646	 173.691800	-177.179200	-1.281514	-6.296279
-0.001963	 0.002454	-0.116118	 179.305400	 0.221747	-89.965800	-0.000021	 0.000000	 0.000000	-0.000021	 0.000000	 0.000000	-3.525149	 11.225090	 114.920700	-0.813313	 0.122417	-8.559153	-39.721840	-22.971270	 34.504040	-46.877240	 33.730030	 8.058828	-1.508344	 27.119350	 0.905986	-11.666870	-4.636808	 35.944750	 2.477603	-1.136251	 35.323120	 2.739605	 0.675539	-52.364350	-0.352786	 1.276010	 35.556880	-0.202301	 3.178486	 36.024460	 2.411832	 5.494030	-52.520410	 39.007590	 20.375220	 27.137650	-6.436097	 19.357820	 32.910680	-5.387433	 19.254410	-57.899170	 18.466570	 10.398590	 33.996140	-3.686892	 9.480865	 35.137450	-0.646625	 10.763470	-53.750010	-51.281710	-9.954659	 11.445530	 23.982090	-0.549087	 0.208112	 14.789960	-0.368235	 3.437935	-0.000006	 0.000001	 90.000000	-90.000000	 0.000000	-86.406780	 177.642400	 8.601227	 111.084700	-0.813313	 0.122417	-8.559153	 12.236280	 10.972310	 52.931600	-1.045101	 10.743230	-0.604093	-2.262662	 22.375880	-11.302420	-11.666870	-4.636809	 35.944760	 2.477604	-1.136251	 35.323130	 2.739605	 0.675539	-52.364380	-0.352786	 1.276010	 35.556880	-0.202300	 3.178487	 36.024460	 2.411833	 5.494030	-52.520430	 39.007590	 20.375220	 27.137660	-6.436093	 19.357820	 32.910680	-5.387434	 19.254410	-57.899150	 18.466580	 10.398590	 33.996150	-3.686890	 9.480865	 35.137440	-0.646626	 10.763470	-53.750010	-51.281720	-9.954665	 11.445540	 23.982080	-0.549088	 0.208112	 14.789960	-0.368242	 3.437935	 0.000000	 90.000000	 0.000000	 177.641500	 1.693646	 173.691800	-177.179200	-1.281514	-6.296279
-0.001963	 0.002454	-0.116118	 179.305400	 0.221747	-89.965800	-0.000021	 0.000000	 0.000000	-0.000021	 0.000000	 0.000000	-3.525149	 11.225090	 114.920700	-0.813313	 0.122417	-8.559153	-39.721840	-22.971270	 34.504040	-46.877240	 33.730030	 8.058828	-1.508344	 27.119350	 0.905986	-11.666870	-4.636808	 35.944750	 2.477603	-1.136251	 35.323120	 2.739605	 0.675539	-52.364350	-0.352786	 1.276010	 35.556880	-0.202301	 3.178486	 36.024460	 2.411832	 5.494030	-52.520410	 39.007590	 20.375220	 27.137650	-6.436097	 19.357820	 32.910680	-5.387433	 19.254410	-57.899170	 18.466570	 10.398590	 33.996140	-3.686892	 9.480865	 35.137450	-0.646625	 10.763470	-53.750010	-51.281710	-9.954659	 11.445530	 23.982090	-0.549087	 0.208112	 14.789960	-0.368235	 3.437935	-0.000006	 0.000001	 90.000000	-90.000000	 0.000000	-86.406780	 177.642400	 8.601227	 111.084700	-0.813313	 0.122417	-8.559153	 12.236280	 10.972310	 52.931600	-1.045101	 10.743230	-0.604093	-2.262662	 22.375880	-11.302420	-11.666870	-4.636809	 35.944760	 2.477604	-1.136251	 35.323130	 2.739605	 0.675539	-52.364380	-0.352786	 1.276010	 35.556880	-0.202300	 3.178487	 36.024460	 2.411833	 5.494030	-52.520430	 39.007590	 20.375220	 27.137660	-6.436093	 19.357820	 32.910680	-5.387434	 19.254410	-57.899150	 18.466580	 10.398590	 33.996150	-3.686890	 9.480865	 35.137440	-0.646626	 10.763470	-53.750010	-51.281720	-9.954665	 11.445540	 23.982080	-0.549088	 0.208112	 14.789960	-0.368242	 3.437935	 0.000000	 90.000000	 0.000000	 177.641500	 1.693646	 173.691800	-177.179200	-1.281514	-6.296279
-0.001963	 0.002454	-0.116118	 179.305400	 0.221747	-89.965800	-0.000021	 0.000000	 0.000000	-0.000021	 0.000000	 0.000000	-3.525149	 11.225090	 114.920700	-0.813313	 0.122417	-8.559153	-39.721840	-22.971270	 34.504040	-46.877240	 33.730030	 8.058828	-1.508344	 27.119350	 0.905986	-11.666870	-4.636808	 35.944750	 2.477603	-1.136251	 35.323120	 2.739605	 0.675539	-52.364350	-0.352786	 1.276010	 35.556880	-0.202301	 3.178486	 36.024460	 2.411832	 5.494030	-52.520410	 39.007590	 20.375220	 27.137650	-6.436097	 19.357820	 32.910680	-5.387433	 19.254410	-57.899170	 18.466570	 10.398590	 33.996140	-3.686892	 9.480865	 35.137450	-0.646625	 10.763470	-53.750010	-51.281710	-9.954659	 11.445530	 23.982090	-0.549087	 0.208112	 14.789960	-0.368235	 3.437935	-0.000006	 0.000001	 90.000000	-90.000000	 0.000000	-86.406780	 177.642400	 8.601227	 111.084700	-0.813313	 0.122417	-8.559153	 12.236280	 10.972310	 52.931600	-1.045101	 10.743230	-0.604093	-2.262662	 22.375880	-11.302420	-11.666870	-4.636809	 35.944760	 2.477604	-1.136251	 35.323130	 2.739605	 0.675539	-52.364380	-0.352786	 1.276010	 35.556880	-0.202300	 3.178487	 36.024460	 2.411833	 5.494030	-52.520430	 39.007590	 20.375220	 27.137660	-6.436093	 19.357820	 32.910680	-5.387434	 19.254410	-57.899150	 18.466580	 10.398590	 33.996150	-3.686890	 9.480865	 35.137440	-0.646626	 10.763470	-53.750010	-51.281720	-9.954665	 11.445540	 23.982080	-0.549088	 0.208112	 14.789960	-0.368242	 3.437935	 0.000000	 90.000000	 0.000000	 177.641500	 1.693646	 173.691800	-177.179200	-1.281514	-6.296279
-0.001963	 0.002454	-0.116118	 179.305400	 0.221747	-89.965800	-0.000021	 0.000000	 0.000000	-0.000021	 0.000000	 0.000000	-3.525149	 11.225090	 114.920700	-0.813313	 0.122417	-8.559153	-39.721840	-22.971270	 34.504040	-46.877240	 33.730030	 8.058828	-1.508344	 27.119350	 0.905986	-11.666870	-4.636808	 35.944750	 2.477603	-1.136251	 35.323120	 2.739605	 0.675539	-52.364350	-0.352786	 1.276010	 35.556880	-0.202301	 3.178486	 36.024460	 2.411832	 5.494030	-52.520410	 39.007590	 20.375220	 27.137650	-6.436097	 19.357820	 32.910680	-5.387433	 19.254410	-57.899170	 18.466570	 10.398590	 33.996140	-3.686892	 9.480865	 35.137450	-0.646625	 10.763470	-53.750010	-51.281710	-9.954659	 11.445530	 23.982090	-0.549087	 0.208112	 14.789960	-0.368235	 3.437935	-0.000006	 0.000001	 90.000000	-90.000000	 0.000000	-86.406780	 177.642400	 8.601227	 111.084700	-0.813313	 0.122417	-8.559153	 12.236280	 10.972310	 52.931600	-1.045101	 10.743230	-0.604093	-2.262662	 22.375880	-11.302420	-11.666870	-4.636809	 35.944760	 2.477604	-1.136251	 35.323130	 2.739605	 0.675539	-52.364380	-0.352786	 1.276010	 35.556880	-0.202300	 3.178487	 36.024460	 2.411833	 5.494030	-52.520430	 39.007590	 20.375220	 27.137660	-6.436093	 19.357820	 32.910680	-5.387434	 19.254410	-57.899150	 18.466580	 10.398590	 33.996150	-3.686890	 9.480865	 35.137440	-0.646626	 10.763470	-53.750010	-51.281720	-9.954665	 11.445540	 23.982080	-0.549088	 0.208112	 14.789960	-0.368242	 3.437935	 0.000000	 90.000000	 0.000000	 177.641500	 1.693646	 173.691800	-177.179200	-1.281514	-6.296279
-0.001963	 0.002454	-0.116118	 179.305400	 0.221747	-89.965800	-0.000021	 0.000000	 0.000000	-0.000021	 0.000000	 0.000000	-3.525149	 11.225090	 114.920700	-0.813313	 0.122417	-8.559153	-39.721840	-22.971270	 34.504040	-46.877240	 33.730030	 8.058828	-1.508344	 27.119350	 0.905986	-11.666870	-4.636808	 35.944750	 2.477603	-1.136251	 35.323120	 2.739605	 0.675539	-52.364350	-0.352786	 1.276010	 35.556880	-0.202301	 3.178486	 36.024460	 2.411832	 5.494030	-52.520410	 39.007590	 20.375220	 27.137650	-6.436097	 19.357820	 32.910680	-5.387433	 19.254410	-57.899170	 18.466570	 10.398590	 33.996140	-3.686892	 9.480865	 35.137450	-0.646625	 10.763470	-53.750010	-51.281710	-9.954659	 11.445530	 23.982090	-0.549087	 0.208112	 14.789960	-0.368235	 3.437935	-0.000006	 0.000001	 90.000000	-90.000000	 0.000000	-86.406780	 177.642400	 8.601227	 111.084700	-0.813313	 0.122417	-8.559153	 12.236280	 10.972310	 52.931600	-1.045101	 10.743230	-0.604093	-2.262662	 22.375880	-11.302420	-11.666870	-4.636809	 35.944760	 2.477604	-1.136251	 35.323130	 2.739605	 0.675539	-52.364380	-0.352786	 1.276010	 35.556880	-0.202300	 3.178487	 36.024460	 2.411833	 5.494030	-52.520430	 39.007590	 20.375220	 27.137660	-6.436093	 19.357820	 32.910680	-5.387434	 19.254410	-57.899150	 18.466580	 10.398590	 33.996150	-3.686890	 9.480865	 35.137440	-0.646626	 10.763470	-53.750010	-51.281720	-9.954665	 11.445540	 23.982080	-0.549088	 0.208112	 14.789960	-0.368242	 3.437935	 0.000000	 90.000000	 0.000000	 177.641500	 1.693646	 173.691800	-177.179200	-1.281514	-6.296279
-0.001963	 0.002454	-0.116118	 179.305400	 0.221747	-89.965800	-0.000021	 0.000000	 0.000000	-0.000021	 0.000000	 0.000000	-3.525149	 11.225090	 114.920700	-0.813313	 0.122417	-8.559153	-39.721840	-22.971270	 34.504040	-46.877240	 33.730030	 8.058828	-1.508344	 27.119350	 0.905986	-11.666870	-4.636808	 35.944750	 2.477603	-1.136251	 35.323120	 2.739605	 0.675539	-52.364350	-0.352786	 1.276010	 35.556880	-0.202301	 3.178486	 36.024460	 2.411832	 5.494030	-52.520410	 39.007590	 20.375220	 27.137650	-6.436097	 19.357820	 32.910680	-5.387433	 19.254410	-57.899170	 18.466570	 10.398590	 33.996140	-3.686892	 9.480865	 35.137450	-0.646625	 10.763470	-53.750010	-51.281710	-9.954659	 11.445530	 23.982090	-0.549087	 0.208112	 14.789960	-0.368235	 3.437935	-0.000006	 0.000001	 90.000000	-90.000000	 0.000000	-86.406780	 177.642400	 8.601227	 111.084700	-0.813313	 0.122417	-8.559153	 12.236280	 10.972310	 52.931600	-1.045101	 10.743230	-0.604093	-2.262662	 22.375880	-11.302420	-11.666870	-4.636809	 35.944760	 2.477604	-1.136251	 35.323130	 2.739605	 0.675539	-52.364380	-0.352786	 1.276010	 35.556880	-0.202300	 3.178487	 36.024460	 2.411833	 5.494030	-52.520430	 39.007590	 20.375220	 27.137660	-6.436093	 19.357820	 32.910680	-5.387434	 19.254410	-57.899150	 18.466580	 10.398590	 33.996150	-3.686890	 9.480865	 35.137440	-0.646626	 10.763470	-53.750010	-51.281720	-9.954665	 11.445540	 23.982080	-0.549088	 0.208112	 14.789960	-0.368242	 3.437935	 0.000000	 90.000000	 0.000000	 177.641500	 1.693646	 173.691800	-177.179200	-1.281514	-6.296279
-0.001963	 0.002454	-0.116118	 179.305400	 0.221747	-89.965800	-0.000021	 0.000000	 0.000000	-0.000021	 0.000000	 0.000000	-3.525149	 11.225090	 114.920700	-0.813313	 0.122417	-8.559153	-39.721840	-22.971270	 34.504040	-46.877240	 33.730030	 8.058828	-1.508344	 27.119350	 0.905986	-11.666870	-4.636808	 35.944750	 2.477603	-1.136251	 35.323120	 2.739605	 0.675539	-52.364350	-0.352786	 1.276010	 35.556880	-0.202301	 3.178486	 36.024460	 2.411832	 5.494030	-52.520410	 39.007590	 20.375220	 27.137650	-6.436097	 19.357820	 32.910680	-5.387433	 19.254410	-57.899170	 18.466570	 10.398590	 33.996140	-3.686892	 9.480865	 35.137450	-0.646625	 10.763470	-53.750010	-51.281710	-9.954659	 11.445530	 23.982090	-0.549087	 0.208112	 14.789960	-0.368235	 3.437935	-0.000006	 0.000001	 90.000000	-90.000000	 0.000000	-86.406780	 177.642400	 8.601227	 111.084700	-0.813313	 0.122417	-8.559153	 12.236280	 10.972310	 52.931600	-1.045101	 10.743230	-0.604093	-2.262662	 22.375880	-11.302420	-11.666870	-4.636809	 35.944760	 2.477604	-1.136251	 35.323130	 2.739605	 0.675539	-52.364380	-0.352786	 1.276010	 35.556880	-0.202300	 3.178487	 36.024460	 2.411833	 5.494030	-52.520430	 39.007590	 20.375220	 27.137660	-6.436093	 19.357820	 32.910680	-5.387434	 19.254410	-57.899150	 18.466580	 10.398590	 33.996150	-3.686890	 9.480865	 35.137440	-0.646626	 10.763470	-53.750010	-51.281720	-9.954665	 11.445540	 23.982080	-0.549088	 0.208112	 14.789960	-0.368242	 3.437935	 0.000000	 90.000000	 0.000000	 177.641500	 1.693646	 173.691800	-177.179200	-1.281514	-6.296279
-0.001963	 0.002454	-0.116118	 179.305400	 0.221747	-89.965800	-0.000021	 0.000000	 0.000000	-0.000021	 0.000000	 0.000000	-3.525149	 11.225090	 114.920700	-0.813313	 0.122417	-8.559153	-39.721840	-22.971270	 34.504040	-46.877240	 33.730030	 8.058828	-1.508344	 27.119350	 0.905986	-11.666870	-4.636808	 35.944750	 2.477603	-1.136251	 35.323120	 2.739605	 0.675539	-52.364350	-0.352786	 1.276010	 35.556880	-0.202301	 3.178486	 36.024460	 2.411832	 5.494030	-52.520410	 39.007590	 20.375220	 27.137650	-6.436097	 19.357820	 32.910680	-5.387433	 19.254410	-57.899170	 18.466570	 10.398590	 33.996140	-3.686892	 9.480865	 35.137450	-0.646625	 10.763470	-53.750010	-51.281710	-9.954659	 11.445530	 23.982090	-0.549087	 0.208112	 14.789960	-0.368235	 3.437935	-0.000006	 0.000001	 90.000000	-90.000000	 0.000000	-86.406780	 177.642400	 8.601227	 111.084700	-0.813313	 0.122417	-8.559153	 12.236280	 10.972310	 52.931600	-1.045101	 10.743230	-0.604093	-2.262662	 22.375880	-11.302420	-11.666870	-4.636809	 35.944760	 2.477604	-1.136251	 35.323130	 2.739605	 0.675539	-52.364380	-0.352786	 1.276010	 35.556880	-0.202300	 3.178487	 36.024460	 2.411833	 5.494030	-52.520430	 39.007590	 20.375220	 27.137660	-6.436093	 19.357820	 32.910680	-5.387434	 19.254410	-57.899150	 18.466580	 10.398590	 33.996150	-3.686890	 9.480865	 35.137440	-0.646626	 10.763470	-53.750010	-51.281720	-9.954665	 11.445540	 23.982080	-0.549088	 0.208112	 14.789960	-0.368242	 3.437935	 0.000000	 90.000000	 0.000000	 177.641500	 1.693646	 173.691800	-177.179200	-1.281514	-6.296279
-0.001963	 0.002454	-0.116118	 179.305400	 0.221747	-89.965800	-0.000021	 0.000000	 0.000000	-0.000021	 0.000000	 0.000000	-3.525149	 11.225090	 114.920700	-0.813313	 0.122417	-8.559153	-39.721840	-22.971270	 34.504040	-46.877240	 33.730030	 8.058828	-1.508344	 27.119350	 0.905986	-11.666870	-4.636808	 35.944750	 2.477603	-1.136251	 35.323120	 2.739605	 0.675539	-52.364350	-0.352786	 1.276010	 35.556880	-0.202301	 3.178486	 36.024460	 2.411832	 5.494030	-52.520410	 39.007590	 20.375220	 27.137650	-6.436097	 19.357820	 32.910680	-5.387433	 19.254410	-57.899170	 18.466570	 10.398590	 33.996140	-3.686892	 9.480865	 35.137450	-0.646625	 10.763470	-53.750010	-51.281710	-9.954659	 11.445530	 23.982090	-0.549087	 0.208112	 14.789960	-0.368235	 3.437935	-0.000006	 0.000001	 90.000000	-90.000000	 0.000000	-86.406780	 177.642400	 8.601227	 111.084700	-0.813313	 0.122417	-8.559153	 12.236280	 10.972310	 52.931600	-1.045101	 10.743230	-0.604093	-2.262662	 22.375880	-11.302420	-11.666870	-4.636809	 35.944760	 2.477604	-1.136251	 35.323130	 2.739605	 0.675539	-52.364380	-0.352786	 1.276010	 35.556880	-0.202300	 3.178487	 36.024460	 2.411833	 5.494030	-52.520430	 39.007590	 20.375220	 27.137660	-6.436093	 19.357820	 32.910680	-5.387434	 19.254410	-57.899150	 18.466580	 10.398590	 33.996150	-3.686890	 9.480865	 35.137440	-0.646626	 10.763470	-53.750010	-51.281720	-9.954665	 11.445540	 23.982080	-0.549088	 0.208112	 14.789960	-0.368242	 3.437935	 0.000000	 90.000000	 0.000000	 177.641500	 1.693646	 173.691800	-177.179200	-1.281514	-6.296279
-0.001963	 0.002454	-0.116118	 179.305400	 0.221747	-89.965800	-0.000021	 0.000000	 0.000000	-0.000021	 0.000000	 0.000000	-3.525149	 11.225090	 114.920700	-0.813313	 0.122417	-8.559153	-39.721840	-22.971270	 34.504040	-46.877240	 33.730030	 8.058828	-1.508344	 27.119350	 0.905986	-11.666870	-4.636808	 35.944750	 2.477603	-1.136251	 35.323120	 2.739605	 0.675539	-52.364350	-0.352786	 1.276010	 35.556880	-0.202301	 3.178486	 36.024460	 2.411832	 5.494030	-52.520410	 39.007590	 20.375220	 27.137650	-6.436097	 19.357820	 32.910680	-5.387433	 19.254410	-57.899170	 18.466570	 10.398590	 33.996140	-3.686892	 9.480865	 35.137450	-0.646625	 10.763470	-53.750010	-51.281710	-9.954659	 11.445530	 23.982090	-0.549087	 0.208112	 14.789960	-0.368235	 3.437935	-0.000006	 0.000001	 90.000000	-90.000000	 0.000000	-86.406780	 177.642400	 8.601227	 111.084700	-0.813313	 0.122417	-8.559153	 12.236280	 10.972310	 52.931600	-1.045101	 10.743230	-0.604093	-2.262662	 22.375880	-11.302420	-11.666870	-4.636809	 35.944760	 2.477604	-1.136251	 35.323130	 2.739605	 0.675539	-52.364380	-0.352786	 1.276010	 35.556880	-0.202300	 3.178487	 36.024460	 2.411833	 5.494030	-52.520430	 39.007590	 20.375220	 27.137660	-6.436093	 19.357820	 32.910680	-5.387434	 19.254410	-57.899150	 18.466580	 10.398590	 33.996150	-3.686890	 9.480865	 35.137440	-0.646626	 10.763470	-53.750010	-51.281720	-9.954665	 11.445540	 23.982080	-0.549088	 0.208112	 14.789960	-0.368242	 3.437935	 0.000000	 90.000000	 0.000000	 177.641500	 1.693646	 173.691800	-177.179200	-1.281514	-6.296279
-0.001963	 0.002454	-0.116118	 179.305400	 0.221747	-89.965800	-0.000021	 0.000000	 0.000000	-0.000021	 0.000000	 0.000000	-3.525149	 11.225090	 114.920700	-0.813313	 0.122417	-8.559153	-39.721840	-22.971270	 34.504040	-46.877240	 33.730030	 8.058828	-1.508344	 27.119350	 0.905986	-11.666870	-4.636808	 35.944750	 2.477603	-1.136251	 35.323120	 2.739605	 0.675539	-52.364350	-0.352786	 1.276010	 35.556880	-0.202301	 3.178486	 36.024460	 2.411832	 5.494030	-52.520410	 39.007590	 20.375220	 27.137650	-6.436097	 19.357820	 32.910680	-5.387433	 19.254410	-57.899170	 18.466570	 10.398590	 33.996140	-3.686892	 9.480865	 35.137450	-0.646625	 10.763470	-53.750010	-51.281710	-9.954659	 11.445530	 23.982090	-0.549087	 0.208112	 14.789960	-0.368235	 3.437935	-0.000006	 0.000001	 90.000000	-90.000000	 0.000000	-86.406780	 177.642400	 8.601227	 111.084700	-0.813313	 0.122417	-8.559153	 12.236280	 10.972310	 52.931600	-1.045101	 10.743230	-0.604093	-2.262662	 22.375880	-11.302420	-11.666870	-4.636809	 35.944760	 2.477604	-1.136251	 35.323130	 2.739605	 0.675539	-52.364380	-0.352786	 1.276010	 35.556880	-0.202300	 3.178487	 36.024460	 2.411833	 5.494030	-52.520430	 39.007590	 20.375220	 27.137660	-6.436093	 19.357820	 32.910680	-5.387434	 19.254410	-57.899150	 18.466580	 10.398590	 33.996150	-3.686890	 9.480865	 35.137440	-0.646626	 10.763470	-53.750010	-51.281720	-9.954665	 11.445540	 23.982080	-0.549088	 0.208112	 14.789960	-0.368242	 3.437935	 0.000000	 90.000000	 0.000000	 177.641500	 1.693646	 173.691800	-177.179200	-1.281514	-6.296279
-0.001963	 0.002454	-0.116118	 179.305400	 0.221747	-89.965800	-0.000021	 0.000000	 0.000000	-0.000021	 0.000000	 0.000000	-3.525149	 11.225090	 114.920700	-0.813313	 0.122417	-8.559153	-39.721840	-22.971270	 34.504040	-46.877240	 33.730030	 8.058828	-1.508344	 27.119350	 0.905986	-11.666870	-4.636808	 35.944750	 2.477603	-1.136251	 35.323120	 2.739605	 0.675539	-52.364350	-0.352786	 1.276010	 35.556880	-0.202301	 3.178486	 36.024460	 2.411832	 5.494030	-52.520410	 39.007590	 20.375220	 27.137650	-6.436097	 19.357820	 32.910680	-5.387433	 19.254410	-57.899170	 18.466570	 10.398590	 33.996140	-3.686892	 9.480865	 35.137450	-0.646625	 10.763470	-53.750010	-51.281710	-9.954659	 11.445530	 23.982090	-0.549087	 0.208112	 14.789960	-0.368235	 3.437935	-0.000006	 0.000001	 90.000000	-90.000000	 0.000000	-86.406780	 177.642400	 8.601227	 111.084700	-0.813313	 0.122417	-8.559153	 12.236280	 10.972310	 52.931600	-1.045101	 10.743230	-0.604093	-2.262662	 22.375880	-11.302420	-11.666870	-4.636809	 35.944760	 2.477604	-1.136251	 35.323130	 2.739605	 0.675539	-52.364380	-0.352786	 1.276010	 35.556880	-0.202300	 3.178487	 36.024460	 2.411833	 5.494030	-52.520430	 39.007590	 20.375220	 27.137660	-6.436093	 19.357820	 32.910680	-5.387434	 19.254410	-57.899150	 18.466580	 10.398590	 33.996150	-3.686890	 9.480865	 35.137440	-0.646626	 10.763470	-53.750010	-51.281720	-9.954665	 11.445540	 23.982080	-0.549088	 0.208112	 14.789960	-0.368242	 3.437935	 0.000000	 90.000000	 0.000000	 177.641500	 1.693646	 173.691800	-177.179200	-1.281514	-6.296279
-0.001963	 0.002454	-0.116118	 179.305400	 0.221747	-89.965800	-0.000021	 0.000000	 0.000000	-0.000021	 0.000000	 0.000000	-3.525149	 11.225090	 114.920700	-0.813313	 0.122417	-8.559153	-39.721840	-22.971270	 34.504040	-46.877240	 33.730030	 8.058828	-1.508344	 27.119350	 0.905986	-11.666870	-4.636808	 35.944750	 2.477603	-1.136251	 35.323120	 2.739605	 0.675539	-52.364350	-0.352786	 1.276010	 35.556880	-0.202301	 3.178486	 36.024460	 2.411832	 5.494030	-52.520410	 39.007590	 20.375220	 27.137650	-6.436097	 19.357820	 32.910680	-5.387433	 19.254410	-57.899170	 18.466570	 10.398590	 33.996140	-3.686892	 9.480865	 35.137450	-0.646625	 10.763470	-53.750010	-51.281710	-9.954659	 11.445530	 23.982090	-0.549087	 0.208112	 14.789960	-0.368235	 3.437935	-0.000006	 0.000001	 90.000000	-90.000000	 0.000000	-86.406780	 177.642400	 8.601227	 111.084700	-0.813313	 0.122417	-8.559153	 12.236280	 10.972310	 52.931600	-1.045101	 10.743230	-0.604093	-2.262662	 22.375880	-11.302420	-11.666870	-4.636809	 35.944760	 2.477604	-1.136251	 35.323130	 2.739605	 0.675539	-52.364380	-0.352786	 1.276010	 35.556880	-0.202300	 3.178487	 36.024460	 2.411833	 5.494030	-52.520430	 39.007590	 20.375220	 27.137660	-6.436093	 19.357820	 32.910680	-5.387434	 19.254410	-57.899150	 18.466580	 10.398590	 33.996150	-3.686890	 9.480865	 35.137440	-0.646626	 10.763470	-53.750010	-51.281720	-9.954665	 11.445540	 23.982080	-0.549088	 0.208112	 14.789960	-0.368242	 3.437935	 0.000000	 90.000000	 0.000000	 177.641500	 1.693646	 173.691800	-177.179200	-1.281514	-6.296279
-0.001963	 0.002454	-0.116118	 179.305400	 0.221747	-89.965800	-0.000021	 0.000000	 0.000000	-0.000021	 0.000000	 0.000000	-3.525149	 11.225090	 114.920700	-0.813313	 0.122417	-8.559153	-39.721840	-22.971270	 34.504040	-46.877240	 33.730030	 8.058828	-1.508344	 27.119350	 0.905986	-11.666870	-4.636808	 35.944750	 2.477603	-1.136251	 35.323120	 2.739605	 0.675539	-52.364350	-0.352786	 1.276010	 35.556880	-0.202301	 3.178486	 36.024460	 2.411832	 5.494030	-52.520410	 39.007590	 20.375220	 27.137650	-6.436097	 19.357820	 32.910680	-5.387433	 19.254410	-57.899170	 18.466570	 10.398590	 33.996140	-3.686892	 9.480865	 35.137450	-0.646625	 10.763470	-53.750010	-51.281710	-9.954659	 11.445530	 23.982090	-0.549087	 0.208112	 14.789960	-0.368235	 3.437935	-0.000006	 0.000001	 90.000000	-90.000000	 0.000000	-86.406780	 177.642400	 8.601227	 111.084700	-0.813313	 0.122417	-8.559153	 12.236280	 10.972310	 52.931600	-1.045101	 10.743230	-0.604093	-2.262662	 22.375880	-11.302420	-11.666870	-4.636809	 35.944760	 2.477604	-1.136251	 35.323130	 2.739605	 0.675539	-52.364380	-0.352786	 1.276010	 35.556880	-0.202300	 3.178487	 36.024460	 2.411833	 5.494030	-52.520430	 39.007590	 20.375220	 27.137660	-6.436093	 19.357820	 32.910680	-5.387434	 19.254410	-57.899150	 18.466580	 10.398590	 33.996150	-3.686890	 9.480865	 35.137440	-0.646626	 10.763470	-53.750010	-51.281720	-9.954665	 11.445540	 23.982080	-0.549088	 0.208112	 14.789960	-0.368242	 3.437935	 0.000000	 90.000000	 0.000000	 177.641500	 1.693646	 173.691800	-177.179200	-1.281514	-6.296279
-0.001963	 0.002454	-0.116118	 179.305400	 0.221747	-89.965800	-0.000021	 0.000000	 0.000000	-0.000021	 0.000000	 0.000000	-3.525149	 11.225090	 114.920700	-0.813313	 0.122417	-8.559153	-39.721840	-22.971270	 34.504040	-46.877240	 33.730030	 8.058828	-1.508344	 27.119350	 0.905986	-11.666870	-4.636808	 35.944750	 2.477603	-1.136251	 35.323120	 2.739605	 0.675539	-52.364350	-0.352786	 1.276010	 35.556880	-0.202301	 3.178486	 36.024460	 2.411832	 5.494030	-52.520410	 39.007590	 20.375220	 27.137650	-6.436097	 19.357820	 32.910680	-5.387433	 19.254410	-57.899170	 18.466570	 10.398590	 33.996140	-3.686892	 9.480865	 35.137450	-0.646625	 10.763470	-53.750010	-51.281710	-9.954659	 11.445530	 23.982090	-0.549087	 0.208112	 14.789960	-0.368235	 3.437935	-0.000006	 0.000001	 90.000000	-90.000000	 0.000000	-86.406780	 177.642400	 8.601227	 111.084700	-0.813313	 0.122417	-8.559153	 12.236280	 10.972310	 52.931600	-1.045101	 10.743230	-0.604093	-2.262662	 22.375880	-11.302420	-11.666870	-4.636809	 35.944760	 2.477604	-1.136251	 35.323130	 2.739605	 0.675539	-52.364380	-0.352786	 1.276010	 35.556880	-0.202300	 3.178487	 36.024460	 2.411833	 5.494030	-52.520430	 39.007590	 20.375220	 27.137660	-6.436093	 19.357820	 32.910680	-5.387434	 19.254410	-57.899150	 18.466580	 10.398590	 33.996150	-3.686890	 9.480865	 35.137440	-0.646626	 10.763470	-53.750010	-51.281720	-9.954665	 11.445540	 23.982080	-0.549088	 0.208112	 14.789960	-0.368242	 3.437935	 0.000000	 90.000000	 0.000000	 177.641500	 1.693646	 173.691800	-177.179200	-1.281514	-6.296279
-0.001963	 0.002454	-0.116118	 179.305400	 0.221747	-89.965800	-0.000021	 0.000000	 0.000000	-0.000021	 0.000000	 0.000000	-3.525149	 11.225090	 114.920700	-0.813313	 0.122417	-8.559153	-39.721840	-22.971270	 34.504040	-46.877240	 33.730030	 8.058828	-1.508344	 27.119350	 0.905986	-11.666870	-4.636808	 35.944750	 2.477603	-1.136251	 35.323120	 2.739605	 0.675539	-52.364350	-0.352786	 1.276010	 35.556880	-0.202301	 3.178486	 36.024460	 2.411832	 5.494030	-52.520410	 39.007590	 20.375220	 27.137650	-6.436097	 19.357820	 32.910680	-5.387433	 19.254410	-57.899170	 18.466570	 10.398590	 33.996140	-3.686892	 9.480865	 35.137450	-0.646625	 10.763470	-53.750010	-51.281710	-9.954659	 11.445530	 23.982090	-0.549087	 0.208112	 14.789960	-0.368235	 3.437935	-0.000006	 0.000001	 90.000000	-90.000000	 0.000000	-86.406780	 177.642400	 8.601227	 111.084700	-0.813313	 0.122417	-8.559153	 12.236280	 10.972310	 52.931600	-1.045101	 10.743230	-0.604093	-2.262662	 22.375880	-11.302420	-11.666870	-4.636809	 35.944760	 2.477604	-1.136251	 35.323130	 2.739605	 0.675539	-52.364380	-0.352786	 1.276010	 35.556880	-0.202300	 3.178487	 36.024460	 2.411833	 5.494030	-52.520430	 39.007590	 20.375220	 27.137660	-6.436093	 19.357820	 32.910680	-5.387434	 19.254410	-57.899150	 18.466580	 10.398590	 33.996150	-3.686890	 9.480865	 35.137440	-0.646626	 10.763470	-53.750010	-51.281720	-9.954665	 11.445540	 23.982080	-0.549088	 0.208112	 14.789960	-0.368242	 3.437935	 0.000000	 90.000000	 0.000000	 177.641500	 1.693646	 173.691800	-177.179200	-1.281514	-6.296279
-0.001963	 0.002454	-0.116118	 179.305400	 0.221747	-89.965800	-0.000021	 0.000000	 0.000000	-0.000021	 0.000000	 0.000000	-3.525149	 11.225090	 114.920700	-0.813313	 0.122417	-8.559153	-39.721840	-22.971270	 34.504040	-46.877240	 33.730030	 8.058828	-1.508344	 27.119350	 0.905986	-11.666870	-4.636808	 35.944750	 2.477603	-1.136251	 35.323120	 2.739605	 0.675539	-52.364350	-0.352786	 1.276010	 35.556880	-0.202301	 3.178486	 36.024460	 2.411832	 5.494030	-52.520410	 39.007590	 20.375220	 27.137650	-6.436097	 19.357820	 32.910680	-5.387433	 19.254410	-57.899170	 18.466570	 10.398590	 33.996140	-3.686892	 9.480865	 35.137450	-0.646625	 10.763470	-53.750010	-51.281710	-9.954659	 11.445530	 23.982090	-0.549087	 0.208112	 14.789960	-0.368235	 3.437935	-0.000006	 0.000001	 90.000000	-90.000000	 0.000000	-86.406780	 177.642400	 8.601227	 111.084700	-0.813313	 0.122417	-8.559153	 12.236280	 10.972310	 52.931600	-1.045101	 10.743230	-0.604093	-2.262662	 22.375880	-11.302420	-11.666870	-4.636809	 35.944760	 2.477604	-1.136251	 35.323130	 2.739605	 0.675539	-52.364380	-0.352786	 1.276010	 35.556880	-0.202300	 3.178487	 36.024460	 2.411833	 5.494030	-52.520430	 39.007590	 20.375220	 27.137660	-6.436093	 19.357820	 32.910680	-5.387434	 19.254410	-57.899150	 18.466580	 10.398590	 33.996150	-3.686890	 9.480865	 35.137440	-0.646626	 10.763470	-53.750010	-51.281720	-9.954665	 11.445540	 23.982080	-0.549088	 0.208112	 14.789960	-0.368242	 3.437935	 0.000000	 90.000000	 0.000000	 177.641500	 1.693646	 173.691800	-177.179200	-1.281514	-6.296279
-0.001963	 0.002454	-0.116118	 179.305400	 0.221747	-89.965800	-0.000021	 0.000000	 0.000000	-0.000021	 0.000000	 0.000000	-3.525149	 11.225090	 114.920700	-0.813313	 0.122417	-8.559153	-39.721840	-22.971270	 34.504040	-46.877240	 33.730030	 8.058828	-1.508344	 27.119350	 0.905986	-11.666870	-4.636808	 35.944750	 2.477603	-1.136251	 35.323120	 2.739605	 0.675539	-52.364350	-0.352786	 1.276010	 35.556880	-0.202301	 3.178486	 36.024460	 2.411832	 5.494030	-52.520410	 39.007590	 20.375220	 27.137650	-6.436097	 19.357820	 32.910680	-5.387433	 19.254410	-57.899170	 18.466570	 10.398590	 33.996140	-3.686892	 9.480865	 35.137450	-0.646625	 10.763470	-53.750010	-51.281710	-9.954659	 11.445530	 23.982090	-0.549087	 0.208112	 14.789960	-0.368235	 3.437935	-0.000006	 0.000001	 90.000000	-90.000000	 0.000000	-86.406780	 177.642400	 8.601227	 111.084700	-0.813313	 0.122417	-8.559153	 12.236280	 10.972310	 52.931600	-1.045101	 10.743230	-0.604093	-2.262662	 22.375880	-11.302420	-11.666870	-4.636809	 35.944760	 2.477604	-1.136251	 35.323130	 2.739605	 0.675539	-52.364380	-0.352786	 1.276010	 35.556880	-0.202300	 3.178487	 36.024460	 2.411833	 5.494030	-52.520430	 39.007590	 20.375220	 27.137660	-6.436093	 19.357820	 32.910680	-5.387434	 19.254410	-57.899150	 18.466580	 10.398590	 33.996150	-3.686890	 9.480865	 35.137440	-0.646626	 10.763470	-53.750010	-51.281720	-9.954665	 11.445540	 23.982080	-0.549088	 0.208112	 14.789960	-0.368242	 3.437935	 0.000000	 90.000000	 0.000000	 177.641500	 1.693646	 173.691800	-177.179200	-1.281514	-6.296279
-0.001963	 0.002454	-0.116118	 179.305400	 0.221747	-89.965800	-0.000021	 0.000000	 0.000000	-0.000021	 0.000000	 0.000000	-3.525149	 11.225090	 114.920700	-0.813313	 0.122417	-8.559153	-39.721840	-22.971270	 34.504040	-46.877240	 33.730030	 8.058828	-1.508344	 27.119350	 0.905986	-11.666870	-4.636808	 35.944750	 2.477603	-1.136251	 35.323120	 2.739605	 0.675539	-52.364350	-0.352786	 1.276010	 35.556880	-0.202301	 3.178486	 36.024460	 2.411832	 5.494030	-52.520410	 39.007590	 20.375220	 27.137650	-6.436097	 19.357820	 32.910680	-5.387433	 19.254410	-57.899170	 18.466570	 10.398590	 33.996140	-3.686892	 9.480865	 35.137450	-0.646625	 10.763470	-53.750010	-51.281710	-9.954659	 11.445530	 23.982090	-0.549087	 0.208112	 14.789960	-0.368235	 3.437935	-0.000006	 0.000001	 90.000000	-90.000000	 0.000000	-86.406780	 177.642400	 8.601227	 111.084700	-0.813313	 0.122417	-8.559153	 12.236280	 10.972310	 52.931600	-1.045101	 10.743230	-0.604093	-2.262662	 22.375880	-11.302420	-11.666870	-4.636809	 35.944760	 2.477604	-1.136251	 35.323130	 2.739605	 0.675539	-52.364380	-0.352786	 1.276010	 35.556880	-0.202300	 3.178487	 36.024460	 2.411833	 5.494030	-52.520430	 39.007590	 20.375220	 27.137660	-6.436093	 19.357820	 32.910680	-5.387434	 19.254410	-57.899150	 18.466580	 10.398590	 33.996150	-3.686890	 9.480865	 35.137440	-0.646626	 10.763470	-53.750010	-51.281720	-9.954665	 11.445540	 23.982080	-0.549088	 0.208112	 14.789960	-0.368242	 3.437935	 0.000000	 90.000000	 0.000000	 177.641500	 1.693646	 173.691800	-177.179200	-1.281514	-6.296279
-0.001963	 0.002454	-0.116118	 179.305400	 0.221747	-89.965800	-0.000021	 0.000000	 0.000000	-0.000021	 0.000000	 0.000000	-3.525149	 11.225090	 114.920700	-0.813313	 0.122417	-8.559153	-39.721840	-22.971270	 34.504040	-46.877240	 33.730030	 8.058828	-1.508344	 27.119350	 0.905986	-11.666870	-4.636808	 35.944750	 2.477603	-1.136251	 35.323120	 2.739605	 0.675539	-52.364350	-0.352786	 1.276010	 35.556880	-0.202301	 3.178486	 36.024460	 2.411832	 5.494030	-52.520410	 39.007590	 20.375220	 27.137650	-6.436097	 19.357820	 32.910680	-5.387433	 19.254410	-57.899170	 18.466570	 10.398590	 33.996140	-3.686892	 9.480865	 35.137450	-0.646625	 10.763470	-53.750010	-51.281710	-9.954659	 11.445530	 23.982090	-0.549087	 0.208112	 14.789960	-0.368235	 3.437935	-0.000006	 0.000001	 90.000000	-90.000000	 0.000000	-86.406780	 177.642400	 8.601227	 111.084700	-0.813313	 0.122417	-8.559153	 12.236280	 10.972310	 52.931600	-1.045101	 10.743230	-0.604093	-2.262662	 22.375880	-11.302420	-11.666870	-4.636809	 35.944760	 2.477604	-1.136251	 35.323130	 2.739605	 0.675539	-52.364380	-0.352786	 1.276010	 35.556880	-0.202300	 3.178487	 36.024460	 2.411833	 5.494030	-52.520430	 39.007590	 20.375220	 27.137660	-6.436093	 19.357820	 32.910680	-5.387434	 19.254410	-57.899150	 18.466580	 10.398590	 33.996150	-3.686890	 9.480865	 35.137440	-0.646626	 10.763470	-53.750010	-51.281720	-9.954665	 11.445540	 23.982080	-0.549088	 0.208112	 14.789960	-0.368242	 3.437935	 0.000000	 90.000000	 0.000000	 177.641500	 1.693646	 173.691800	-177.179200	-1.281514	-6.296279
-0.001963	 0.002454	-0.116118	 179.305400	 0.221747	-89.965800	-0.000021	 0.000000	 0.000000	-0.000021	 0.000000	 0.000000	-3.525149	 11.225090	 114.920700	-0.813313	 0.122417	-8.559153	-39.721840	-22.971270	 34.504040	-46.877240	 33.730030	 8.058828	-1.508344	 27.119350	 0.905986	-11.666870	-4.636808	 35.944750	 2.477603	-1.136251	 35.323120	 2.739605	 0.675539	-52.364350	-0.352786	 1.276010	 35.556880	-0.202301	 3.178486	 36.024460	 2.411832	 5.494030	-52.520410	 39.007590	 20.375220	 27.137650	-6.436097	 19.357820	 32.910680	-5.387433	 19.254410	-57.899170	 18.466570	 10.398590	 33.996140	-3.686892	 9.480865	 35.137450	-0.646625	 10.763470	-53.750010	-51.281710	-9.954659	 11.445530	 23.982090	-0.549087	 0.208112	 14.789960	-0.368235	 3.437935	-0.000006	 0.000001	 90.000000	-90.000000	 0.000000	-86.406780	 177.642400	 8.601227	 111.084700	-0.813313	 0.122417	-8.559153	 12.236280	 10.972310	 52.931600	-1.045101	 10.743230	-0.604093	-2.262662	 22.375880	-11.302420	-11.666870	-4.636809	 35.944760	 2.477604	-1.136251	 35.323130	 2.739605	 0.675539	-52.364380	-0.352786	 1.276010	 35.556880	-0.202300	 3.178487	 36.024460	 2.411833	 5.494030	-52.520430	 39.007590	 20.375220	 27.137660	-6.436093	 19.357820	 32.910680	-5.387434	 19.254410	-57.899150	 18.466580	 10.398590	 33.996150	-3.686890	 9.480865	 35.137440	-0.646626	 10.763470	-53.750010	-51.281720	-9.954665	 11.445540	 23.982080	-0.549088	 0.208112	 14.789960	-0.368242	 3.437935	 0.000000	 90.000000	 0.000000	 177.641500	 1.693646	 173.691800	-177.179200	-1.281514	-6.296279
-0.001963	 0.002454	-0.116118	 179.305400	 0.221747	-89.965800	-0.000021	 0.000000	 0.000000	-0.000021	 0.000000	 0.000000	-3.525149	 11.225090	 114.920700	-0.813313	 0.122417	-8.559153	-39.721840	-22.971270	 34.504040	-46.877240	 33.730030	 8.058828	-1.508344	 27.119350	 0.905986	-11.666870	-4.636808	 35.944750	 2.477603	-1.136251	 35.323120	 2.739605	 0.675539	-52.364350	-0.352786	 1.276010	 35.556880	-0.202301	 3.178486	 36.024460	 2.411832	 5.494030	-52.520410	 39.007590	 20.375220	 27.137650	-6.436097	 19.357820	 32.910680	-5.387433	 19.254410	-57.899170	 18.466570	 10.398590	 33.996140	-3.686892	 9.480865	 35.137450	-0.646625	 10.763470	-53.750010	-51.281710	-9.954659	 11.445530	 23.982090	-0.549087	 0.208112	 14.789960	-0.368235	 3.437935	-0.000006	 0.000001	 90.000000	-90.000000	 0.000000	-86.406780	 177.642400	 8.601227	 111.084700	-0.813313	 0.122417	-8.559153	 12.236280	 10.972310	 52.931600	-1.045101	 10.743230	-0.604093	-2.262662	 22.375880	-11.302420	-11.666870	-4.636809	 35.944760	 2.477604	-1.136251	 35.323130	 2.739605	 0.675539	-52.364380	-0.352786	 1.276010	 35.556880	-0.202300	 3.178487	 36.024460	 2.411833	 5.494030	-52.520430	 39.007590	 20.375220	 27.137660	-6.436093	 19.357820	 32.910680	-5.387434	 19.254410	-57.899150	 18.466580	 10.398590	 33.996150	-3.686890	 9.480865	 35.137440	-0.646626	 10.763470	-53.750010	-51.281720	-9.954665	 11.445540	 23.982080	-0.549088	 0.208112	 14.789960	-0.368242	 3.437935	 0.000000	 90.000000	 0.000000	 177.641500	 1.693646	 173.691800	-177.179200	-1.281514	-6.296279
-0.001963	 0.002454	-0.116118	 179.305400	 0.221747	-89.965800	-0.000021	 0.000000	 0.000000	-0.000021	 0.000000	 0.000000	-3.525149	 11.225090	 114.920700	-0.813313	 0.122417	-8.559153	-39.721840	-22.971270	 34.504040	-46.877240	 33.730030	 8.058828	-1.508344	 27.119350	 0.905986	-11.666870	-4.636808	 35.944750	 2.477603	-1.136251	 35.323120	 2.739605	 0.675539	-52.364350	-0.352786	 1.276010	 35.556880	-0.202301	 3.178486	 36.024460	 2.411832	 5.494030	-52.520410	 39.007590	 20.375220	 27.137650	-6.436097	 19.357820	 32.910680	-5.387433	 19.254410	-57.899170	 18.466570	 10.398590	 33.996140	-3.686892	 9.480865	 35.137450	-0.646625	 10.763470	-53.750010	-51.281710	-9.954659	 11.445530	 23.982090	-0.549087	 0.208112	 14.789960	-0.368235	 3.437935	-0.000006	 0.000001	 90.000000	-90.000000	 0.000000	-86.406780	 177.642400	 8.601227	 111.084700	-0.813313	 0.122417	-8.559153	 12.236280	 10.972310	 52.931600	-1.045101	 10.743230	-0.604093	-2.262662	 22.375880	-11.302420	-11.666870	-4.636809	 35.944760	 2.477604	-1.136251	 35.323130	 2.739605	 0.675539	-52.364380	-0.352786	 1.276010	 35.556880	-0.202300	 3.178487	 36.024460	 2.411833	 5.494030	-52.520430	 39.007590	 20.375220	 27.137660	-6.436093	 19.357820	 32.910680	-5.387434	 19.254410	-57.899150	 18.466580	 10.398590	 33.996150	-3.686890	 9.480865	 35.137440	-0.646626	 10.763470	-53.750010	-51.281720	-9.954665	 11.445540	 23.982080	-0.549088	 0.208112	 14.789960	-0.368242	 3.437935	 0.000000	 90.000000	 0.000000	 177.641500	 1.693646	 173.691800	-177.179200	-1.281514	-6.296279
-0.001963	 0.002454	-0.116118	 179.305400	 0.221747	-89.965800	-0.000021	 0.000000	 0.000000	-0.000021	 0.000000	 0.000000	-3.525149	 11.225090	 114.920700	-0.813313	 0.122417	-8.559153	-39.721840	-22.971270	 34.504040	-46.877240	 33.730030	 8.058828	-1.508344	 27.119350	 0.905986	-11.666870	-4.636808	 35.944750	 2.477603	-1.136251	 35.323120	 2.739605	 0.675539	-52.364350	-0.352786	 1.276010	 35.556880	-0.202301	 3.178486	 36.024460	 2.411832	 5.494030	-52.520410	 39.007590	 20.375220	 27.137650	-6.436097	 19.357820	 32.910680	-5.387433	 19.254410	-57.899170	 18.466570	 10.398590	 33.996140	-3.686892	 9.480865	 35.137450	-0.646625	 10.763470	-53.750010	-51.281710	-9.954659	 11.445530	 23.982090	-0.549087	 0.208112	 14.789960	-0.368235	 3.437935	-0.000006	 0.000001	 90.000000	-90.000000	 0.000000	-86.406780	 177.642400	 8.601227	 111.084700	-0.813313	 0.122417	-8.559153	 12.236280	 10.972310	 52.931600	-1.045101	 10.743230	-0.604093	-2.262662	 22.375880	-11.302420	-11.666870	-4.636809	 35.944760	 2.477604	-1.136251	 35.323130	 2.739605	 0.675539	-52.364380	-0.352786	 1.276010	 35.556880	-0.202300	 3.178487	 36.024460	 2.411833	 5.494030	-52.520430	 39.007590	 20.375220	 27.137660	-6.436093	 19.357820	 32.910680	-5.387434	 19.254410	-57.899150	 18.466580	 10.398590	 33.996150	-3.686890	 9.480865	 35.137440	-0.646626	 10.763470	-53.750010	-51.281720	-9.954665	 11.445540	 23.982080	-0.549088	 0.208112	 14.789960	-0.368242	 3.437935	 0.000000	 90.000000	 0.000000	 177.641500	 1.693646	 173.691800	-177.179200	-1.281514	-6.296279
-0.001963	 0.002454	-0.116118	 179.305400	 0.221747	-89.965800	-0.000021	 0.000000	 0.000000	-0.000021	 0.000000	 0.000000	-3.525149	 11.225090	 114.920700	-0.813313	 0.122417	-8.559153	-39.721840	-22.971270	 34.504040	-46.877240	 33.730030	 8.058828	-1.508344	 27.119350	 0.905986	-11.666870	-4.636808	 35.944750	 2.477603	-1.136251	 35.323120	 2.739605	 0.675539	-52.364350	-0.352786	 1.276010	 35.556880	-0.202301	 3.178486	 36.024460	 2.411832	 5.494030	-52.520410	 39.007590	 20.375220	 27.137650	-6.436097	 19.357820	 32.910680	-5.387433	 19.254410	-57.899170	 18.466570	 10.398590	 33.996140	-3.686892	 9.480865	 35.137450	-0.646625	 10.763470	-53.750010	-51.281710	-9.954659	 11.445530	 23.982090	-0.549087	 0.208112	 14.789960	-0.368235	 3.437935	-0.000006	 0.000001	 90.000000	-90.000000	 0.000000	-86.406780	 177.642400	 8.601227	 111.084700	-0.813313	 0.122417	-8.559153	 12.236280	 10.972310	 52.931600	-1.045101	 10.743230	-0.604093	-2.262662	 22.375880	-11.302420	-11.666870	-4.636809	 35.944760	 2.477604	-1.136251	 35.323130	 2.739605	 0.675539	-52.364380	-0.352786	 1.276010	 35.556880	-0.202300	 3.178487	 36.024460	 2.411833	 5.494030	-52.520430	 39.007590	 20.375220	 27.137660	-6.436093	 19.357820	 32.910680	-5.387434	 19.254410	-57.899150	 18.466580	 10.398590	 33.996150	-3.686890	 9.480865	 35.137440	-0.646626	 10.763470	-53.750010	-51.281720	-9.954665	 11.445540	 23.982080	-0.549088	 0.208112	 14.789960	-0.368242	 3.437935	 0.000000	 90.000000	 0.000000	 177.641500	 1.693646	 173.691800	-177.179200	-1.281514	-6.296279
-0.001963	 0.002454	-0.116118	 179.305400	 0.221747	-89.965800	-0.000021	 0.000000	 0.000000	-0.000021	 0.000000	 0.000000	-3.525149	 11.225090	 114.920700	-0.813313	 0.122417	-8.559153	-39.721840	-22.971270	 34.504040	-46.877240	 33.730030	 8.058828	-1.508344	 27.119350	 0.905986	-11.666870	-4.636808	 35.944750	 2.477603	-1.136251	 35.323120	 2.739605	 0.675539	-52.364350	-0.352786	 1.276010	 35.556880	-0.202301	 3.178486	 36.024460	 2.411832	 5.494030	-52.520410	 39.007590	 20.375220	 27.137650	-6.436097	 19.357820	 32.910680	-5.387433	 19.254410	-57.899170	 18.466570	 10.398590	 33.996140	-3.686892	 9.480865	 35.137450	-0.646625	 10.763470	-53.750010	-51.281710	-9.954659	 11.445530	 23.982090	-0.549087	 0.208112	 14.789960	-0.368235	 3.437935	-0.000006	 0.000001	 90.000000	-90.000000	 0.000000	-86.406780	 177.642400	 8.601227	 111.084700	-0.813313	 0.122417	-8.559153	 12.236280	 10.972310	 52.931600	-1.045101	 10.743230	-0.604093	-2.262662	 22.375880	-11.302420	-11.666870	-4.636809	 35.944760	 2.477604	-1.136251	 35.323130	 2.739605	 0.675539	-52.364380	-0.352786	 1.276010	 35.556880	-0.202300	 3.178487	 36.024460	 2.411833	 5.494030	-52.520430	 39.007590	 20.375220	 27.137660	-6.436093	 19.357820	 32.910680	-5.387434	 19.254410	-57.899150	 18.466580	 10.398590	 33.996150	-3.686890	 9.480865	 35.137440	-0.646626	 10.763470	-53.750010	-51.281720	-9.954665	 11.445540	 23.982080	-0.549088	 0.208112	 14.789960	-0.368242	 3.437935	 0.000000	 90.000000	 0.000000	 177.641500	 1.693646	 173.691800	-177.179200	-1.281514	-6.296279
-0.001963	 0.002454	-0.116118	 179.305400	 0.221747	-89.965800	-0.000021	 0.000000	 0.000000	-0.000021	 0.000000	 0.000000	-3.525149	 11.225090	 114.920700	-0.813313	 0.122417	-8.559153	-39.721840	-22.971270	 34.504040	-46.877240	 33.730030	 8.058828	-1.508344	 27.119350	 0.905986	-11.666870	-4.636808	 35.944750	 2.477603	-1.136251	 35.323120	 2.739605	 0.675539	-52.364350	-0.352786	 1.276010	 35.556880	-0.202301	 3.178486	 36.024460	 2.411832	 5.494030	-52.520410	 39.007590	 20.375220	 27.137650	-6.436097	 19.357820	 32.910680	-5.387433	 19.254410	-57.899170	 18.466570	 10.398590	 33.996140	-3.686892	 9.480865	 35.137450	-0.646625	 10.763470	-53.750010	-51.281710	-9.954659	 11.445530	 23.982090	-0.549087	 0.208112	 14.789960	-0.368235	 3.437935	-0.000006	 0.000001	 90.000000	-90.000000	 0.000000	-86.406780	 177.642400	 8.601227	 111.084700	-0.813313	 0.122417	-8.559153	 12.236280	 10.972310	 52.931600	-1.045101	 10.743230	-0.604093	-2.262662	 22.375880	-11.302420	-11.666870	-4.636809	 35.944760	 2.477604	-1.136251	 35.323130	 2.739605	 0.675539	-52.364380	-0.352786	 1.276010	 35.556880	-0.202300	 3.178487	 36.024460	 2.411833	 5.494030	-52.520430	 39.007590	 20.375220	 27.137660	-6.436093	 19.357820	 32.910680	-5.387434	 19.254410	-57.899150	 18.466580	 10.398590	 33.996150	-3.686890	 9.480865	 35.137440	-0.646626	 10.763470	-53.750010	-51.281720	-9.954665	 11.445540	 23.982080	-0.549088	 0.208112	 14.789960	-0.368242	 3.437935	 0.000000	 90.000000	 0.000000	 177.641500	 1.693646	 173.691800	-177.179200	-1.281514	-6.296279
-0.001963	 0.002454	-0.116118	 179.305400	 0.221747	-89.965800	-0.000021	 0.000000	 0.000000	-0.000021	 0.000000	 0.000000	-3.525149	 11.225090	 114.920700	-0.813313	 0.122417	-8.559153	-39.721840	-22.971270	 34.504040	-46.877240	 33.730030	 8.058828	-1.508344	 27.119350	 0.905986	-11.666870	-4.636808	 35.944750	 2.477603	-1.136251	 35.323120	 2.739605	 0.675539	-52.364350	-0.352786	 1.276010	 35.556880	-0.202301	 3.178486	 36.024460	 2.411832	 5.494030	-52.520410	 39.007590	 20.375220	 27.137650	-6.436097	 19.357820	 32.910680	-5.387433	 19.254410	-57.899170	 18.466570	 10.398590	 33.996140	-3.686892	 9.480865	 35.137450	-0.646625	 10.763470	-53.750010	-51.281710	-9.954659	 11.445530	 23.982090	-0.549087	 0.208112	 14.789960	-0.368235	 3.437935	-0.000006	 0.000001	 90.000000	-90.000000	 0.000000	-86.406780	 177.642400	 8.601227	 111.084700	-0.813313	 0.122417	-8.559153	 12.236280	 10.972310	 52.931600	-1.045101	 10.743230	-0.604093	-2.262662	 22.375880	-11.302420	-11.666870	-4.636809	 35.944760	 2.477604	-1.136251	 35.323130	 2.739605	 0.675539	-52.364380	-0.352786	 1.276010	 35.556880	-0.202300	 3.178487	 36.024460	 2.411833	 5.494030	-52.520430	 39.007590	 20.375220	 27.137660	-6.436093	 19.357820	 32.910680	-5.387434	 19.254410	-57.899150	 18.466580	 10.398590	 33.996150	-3.686890	 9.480865	 35.137440	-0.646626	 10.763470	-53.750010	-51.281720	-9.954665	 11.445540	 23.982080	-0.549088	 0.208112	 14.789960	-0.368242	 3.437935	 0.000000	 90.000000	 0.000000	 177.641500	 1.693646	 173.691800	-177.179200	-1.281514	-6.296279
-0.001963	 0.002454	-0.116118	 179.305400	 0.221747	-89.965800	-0.000021	 0.000000	 0.000000	-0.000021	 0.000000	 0.000000	-3.525149	 11.225090	 114.920700	-0.813313	 0.122417	-8.559153	-39.721840	-22.971270	 34.504040	-46.877240	 33.730030	 8.058828	-1.508344	 27.119350	 0.905986	-11.666870	-4.636808	 35.944750	 2.477603	-1.136251	 35.323120	 2.739605	 0.675539	-52.364350	-0.352786	 1.276010	 35.556880	-0.202301	 3.178486	 36.024460	 2.411832	 5.494030	-52.520410	 39.007590	 20.375220	 27.137650	-6.436097	 19.357820	 32.910680	-5.387433	 19.254410	-57.899170	 18.466570	 10.398590	 33.996140	-3.686892	 9.480865	 35.137450	-0.646625	 10.763470	-53.750010	-51.281710	-9.954659	 11.445530	 23.982090	-0.549087	 0.208112	 14.789960	-0.368235	 3.437935	-0.000006	 0.000001	 90.000000	-90.000000	 0.000000	-86.406780	 177.642400	 8.601227	 111.084700	-0.813313	 0.122417	-8.559153	 12.236280	 10.972310	 52.931600	-1.045101	 10.743230	-0.604093	-2.262662	 22.375880	-11.302420	-11.666870	-4.636809	 35.944760	 2.477604	-1.136251	 35.323130	 2.739605	 0.675539	-52.364380	-0.352786	 1.276010	 35.556880	-0.202300	 3.178487	 36.024460	 2.411833	 5.494030	-52.520430	 39.007590	 20.375220	 27.137660	-6.436093	 19.357820	 32.910680	-5.387434	 19.254410	-57.899150	 18.466580	 10.398590	 33.996150	-3.686890	 9.480865	 35.137440	-0.646626	 10.763470	-53.750010	-51.281720	-9.954665	 11.445540	 23.982080	-0.549088	 0.208112	 14.789960	-0.368242	 3.437935	 0.000000	 90.000000	 0.000000	 177.641500	 1.693646	 173.691800	-177.179200	-1.281514	-6.296279
-0.001963	 0.002454	-0.116118	 179.305400	 0.221747	-89.965800	-0.000021	 0.000000	 0.000000	-0.000021	 0.000000	 0.000000	-3.525149	 11.225090	 114.920700	-0.813313	 0.122417	-8.559153	-39.721840	-22.971270	 34.504040	-46.877240	 33.730030	 8.058828	-1.508344	 27.119350	 0.905986	-11.666870	-4.636808	 35.944750	 2.477603	-1.136251	 35.323120	 2.739605	 0.675539	-52.364350	-0.352786	 1.276010	 35.556880	-0.202301	 3.178486	 36.024460	 2.411832	 5.494030	-52.520410	 39.007590	 20.375220	 27.137650	-6.436097	 19.357820	 32.910680	-5.387433	 19.254410	-57.899170	 18.466570	 10.398590	 33.996140	-3.686892	 9.480865	 35.137450	-0.646625	 10.763470	-53.750010	-51.281710	-9.954659	 11.445530	 23.982090	-0.549087	 0.208112	 14.789960	-0.368235	 3.437935	-0.000006	 0.000001	 90.000000	-90.000000	 0.000000	-86.406780	 177.642400	 8.601227	 111.084700	-0.813313	 0.122417	-8.559153	 12.236280	 10.972310	 52.931600	-1.045101	 10.743230	-0.604093	-2.262662	 22.375880	-11.302420	-11.666870	-4.636809	 35.944760	 2.477604	-1.136251	 35.323130	 2.739605	 0.675539	-52.364380	-0.352786	 1.276010	 35.556880	-0.202300	 3.178487	 36.024460	 2.411833	 5.494030	-52.520430	 39.007590	 20.375220	 27.137660	-6.436093	 19.357820	 32.910680	-5.387434	 19.254410	-57.899150	 18.466580	 10.398590	 33.996150	-3.686890	 9.480865	 35.137440	-0.646626	 10.763470	-53.750010	-51.281720	-9.954665	 11.445540	 23.982080	-0.549088	 0.208112	 14.789960	-0.368242	 3.437935	 0.000000	 90.000000	 0.000000	 177.641500	 1.693646	 173.691800	-177.179200	-1.281514	-6.296279
-0.001963	 0.002454	-0.116118	 179.305400	 0.221747	-89.965800	-0.000021	 0.000000	 0.000000	-0.000021	 0.000000	 0.000000	-3.525149	 11.225090	 114.920700	-0.813313	 0.122417	-8.559153	-39.721840	-22.971270	 34.504040	-46.877240	 33.730030	 8.058828	-1.508344	 27.119350	 0.905986	-11.666870	-4.636808	 35.944750	 2.477603	-1.136251	 35.323120	 2.739605	 0.675539	-52.364350	-0.352786	 1.276010	 35.556880	-0.202301	 3.178486	 36.024460	 2.411832	 5.494030	-52.520410	 39.007590	 20.375220	 27.137650	-6.436097	 19.357820	 32.910680	-5.387433	 19.254410	-57.899170	 18.466570	 10.398590	 33.996140	-3.686892	 9.480865	 35.137450	-0.646625	 10.763470	-53.750010	-51.281710	-9.954659	 11.445530	 23.982090	-0.549087	 0.208112	 14.789960	-0.368235	 3.437935	-0.000006	 0.000001	 90.000000	-90.000000	 0.000000	-86.406780	 177.642400	 8.601227	 111.084700	-0.813313	 0.122417	-8.559153	 12.236280	 10.972310	 52.931600	-1.045101	 10.743230	-0.604093	-2.262662	 22.375880	-11.302420	-11.666870	-4.636809	 35.944760	 2.477604	-1.136251	 35.323130	 2.739605	 0.675539	-52.364380	-0.352786	 1.276010	 35.556880	-0.202300	 3.178487	 36.024460	 2.411833	 5.494030	-52.520430	 39.007590	 20.375220	 27.137660	-6.436093	 19.357820	 32.910680	-5.387434	 19.254410	-57.899150	 18.466580	 10.398590	 33.996150	-3.686890	 9.480865	 35.137440	-0.646626	 10.763470	-53.750010	-51.281720	-9.954665	 11.445540	 23.982080	-0.549088	 0.208112	 14.789960	-0.368242	 3.437935	 0.000000	 90.000000	 0.000000	 177.641500	 1.693646	 173.691800	-177.179200	-1.281514	-6.296279
-0.001963	 0.002454	-0.116118	 179.305400	 0.221747	-89.965800	-0.000021	 0.000000	 0.000000	-0.000021	 0.000000	 0.000000	-3.525149	 11.225090	 114.920700	-0.813313	 0.122417	-8.559153	-39.721840	-22.971270	 34.504040	-46.877240	 33.730030	 8.058828	-1.508344	 27.119350	 0.905986	-11.666870	-4.636808	 35.944750	 2.477603	-1.136251	 35.323120	 2.739605	 0.675539	-52.364350	-0.352786	 1.276010	 35.556880	-0.202301	 3.178486	 36.024460	 2.411832	 5.494030	-52.520410	 39.007590	 20.375220	 27.137650	-6.436097	 19.357820	 32.910680	-5.387433	 19.254410	-57.899170	 18.466570	 10.398590	 33.996140	-3.686892	 9.480865	 35.137450	-0.646625	 10.763470	-53.750010	-51.281710	-9.954659	 11.445530	 23.982090	-0.549087	 0.208112	 14.789960	-0.368235	 3.437935	-0.000006	 0.000001	 90.000000	-90.000000	 0.000000	-86.406780	 177.642400	 8.601227	 111.084700	-0.813313	 0.122417	-8.559153	 12.236280	 10.972310	 52.931600	-1.045101	 10.743230	-0.604093	-2.262662	 22.375880	-11.302420	-11.666870	-4.636809	 35.944760	 2.477604	-1.136251	 35.323130	 2.739605	 0.675539	-52.364380	-0.352786	 1.276010	 35.556880	-0.202300	 3.178487	 36.024460	 2.411833	 5.494030	-52.520430	 39.007590	 20.375220	 27.137660	-6.436093	 19.357820	 32.910680	-5.387434	 19.254410	-57.899150	 18.466580	 10.398590	 33.996150	-3.686890	 9.480865	 35.137440	-0.646626	 10.763470	-53.750010	-51.281720	-9.954665	 11.445540	 23.982080	-0.549088	 0.208112	 14.789960	-0.368242	 3.437935	 0.000000	 90.000000	 0.000000	 177.641500	 1.693646	 173.691800	-177.179200	-1.281514	-6.296279
-0.001963	 0.002454	-0.116118	 179.305400	 0.221747	-89.965800	-0.000021	 0.000000	 0.000000	-0.000021	 0.000000	 0.000000	-3.525149	 11.225090	 114.920700	-0.813313	 0.122417	-8.559153	-39.721840	-22.971270	 34.504040	-46.877240	 33.730030	 8.058828	-1.508344	 27.119350	 0.905986	-11.666870	-4.636808	 35.944750	 2.477603	-1.136251	 35.323120	 2.739605	 0.675539	-52.364350	-0.352786	 1.276010	 35.556880	-0.202301	 3.178486	 36.024460	 2.411832	 5.494030	-52.520410	 39.007590	 20.375220	 27.137650	-6.436097	 19.357820	 32.910680	-5.387433	 19.254410	-57.899170	 18.466570	 10.398590	 33.996140	-3.686892	 9.480865	 35.137450	-0.646625	 10.763470	-53.750010	-51.281710	-9.954659	 11.445530	 23.982090	-0.549087	 0.208112	 14.789960	-0.368235	 3.437935	-0.000006	 0.000001	 90.000000	-90.000000	 0.000000	-86.406780	 177.642400	 8.601227	 111.084700	-0.813313	 0.122417	-8.559153	 12.236280	 10.972310	 52.931600	-1.045101	 10.743230	-0.604093	-2.262662	 22.375880	-11.302420	-11.666870	-4.636809	 35.944760	 2.477604	-1.136251	 35.323130	 2.739605	 0.675539	-52.364380	-0.352786	 1.276010	 35.556880	-0.202300	 3.178487	 36.024460	 2.411833	 5.494030	-52.520430	 39.007590	 20.375220	 27.137660	-6.436093	 19.357820	 32.910680	-5.387434	 19.254410	-57.899150	 18.466580	 10.398590	 33.996150	-3.686890	 9.480865	 35.137440	-0.646626	 10.763470	-53.750010	-51.281720	-9.954665	 11.445540	 23.982080	-0.549088	 0.208112	 14.789960	-0.368242	 3.437935	 0.000000	 90.000000	 0.000000	 177.641500	 1.693646	 173.691800	-177.179200	-1.281514	-6.296279
-0.001963	 0.002454	-0.116118	 179.305400	 0.221747	-89.965800	-0.000021	 0.000000	 0.000000	-0.000021	 0.000000	 0.000000	-3.525149	 11.225090	 114.920700	-0.813313	 0.122417	-8.559153	-39.721840	-22.971270	 34.504040	-46.877240	 33.730030	 8.058828	-1.508344	 27.119350	 0.905986	-11.666870	-4.636808	 35.944750	 2.477603	-1.136251	 35.323120	 2.739605	 0.675539	-52.364350	-0.352786	 1.276010	 35.556880	-0.202301	 3.178486	 36.024460	 2.411832	 5.494030	-52.520410	 39.007590	 20.375220	 27.137650	-6.436097	 19.357820	 32.910680	-5.387433	 19.254410	-57.899170	 18.466570	 10.398590	 33.996140	-3.686892	 9.480865	 35.137450	-0.646625	 10.763470	-53.750010	-51.281710	-9.954659	 11.445530	 23.982090	-0.549087	 0.208112	 14.789960	-0.368235	 3.437935	-0.000006	 0.000001	 90.000000	-90.000000	 0.000000	-86.406780	 177.642400	 8.601227	 111.084700	-0.813313	 0.122417	-8.559153	 12.236280	 10.972310	 52.931600	-1.045101	 10.743230	-0.604093	-2.262662	 22.375880	-11.302420	-11.666870	-4.636809	 35.944760	 2.477604	-1.136251	 35.323130	 2.739605	 0.675539	-52.364380	-0.352786	 1.276010	 35.556880	-0.202300	 3.178487	 36.024460	 2.411833	 5.494030	-52.520430	 39.007590	 20.375220	 27.137660	-6.436093	 19.357820	 32.910680	-5.387434	 19.254410	-57.899150	 18.466580	 10.398590	 33.996150	-3.686890	 9.480865	 35.137440	-0.646626	 10.763470	-53.750010	-51.281720	-9.954665	 11.445540	 23.982080	-0.549088	 0.208112	 14.789960	-0.368242	 3.437935	 0.000000	 90.000000	 0.000000	 177.641500	 1.693646	 173.691800	-177.179200	-1.281514	-6.296279
-0.001963	 0.002454	-0.116118	 179.305400	 0.221747	-89.965800	-0.000021	 0.000000	 0.000000	-0.000021	 0.000000	 0.000000	-3.525149	 11.225090	 114.920700	-0.813313	 0.122417	-8.559153	-39.721840	-22.971270	 34.504040	-46.877240	 33.730030	 8.058828	-1.508344	 27.119350	 0.905986	-11.666870	-4.636808	 35.944750	 2.477603	-1.136251	 35.323120	 2.739605	 0.675539	-52.364350	-0.352786	 1.276010	 35.556880	-0.202301	 3.178486	 36.024460	 2.411832	 5.494030	-52.520410	 39.007590	 20.375220	 27.137650	-6.436097	 19.357820	 32.910680	-5.387433	 19.254410	-57.899170	 18.466570	 10.398590	 33.996140	-3.686892	 9.480865	 35.137450	-0.646625	 10.763470	-53.750010	-51.281710	-9.954659	 11.445530	 23.982090	-0.549087	 0.208112	 14.789960	-0.368235	 3.437935	-0.000006	 0.000001	 90.000000	-90.000000	 0.000000	-86.406780	 177.642400	 8.601227	 111.084700	-0.813313	 0.122417	-8.559153	 12.236280	 10.972310	 52.931600	-1.045101	 10.743230	-0.604093	-2.262662	 22.375880	-11.302420	-11.666870	-4.636809	 35.944760	 2.477604	-1.136251	 35.323130	 2.739605	 0.675539	-52.364380	-0.352786	 1.276010	 35.556880	-0.202300	 3.178487	 36.024460	 2.411833	 5.494030	-52.520430	 39.007590	 20.375220	 27.137660	-6.436093	 19.357820	 32.910680	-5.387434	 19.254410	-57.899150	 18.466580	 10.398590	 33.996150	-3.686890	 9.480865	 35.137440	-0.646626	 10.763470	-53.750010	-51.281720	-9.954665	 11.445540	 23.982080	-0.549088	 0.208112	 14.789960	-0.368242	 3.437935	 0.000000	 90.000000	 0.000000	 177.641500	 1.693646	 173.691800	-177.179200	-1.281514	-6.296279
-0.001963	 0.002454	-0.116118	 179.305400	 0.221747	-89.965800	-0.000021	 0.000000	 0.000000	-0.000021	 0.000000	 0.000000	-3.525149	 11.225090	 114.920700	-0.813313	 0.122417	-8.559153	-39.721840	-22.971270	 34.504040	-46.877240	 33.730030	 8.058828	-1.508344	 27.119350	 0.905986	-11.666870	-4.636808	 35.944750	 2.477603	-1.136251	 35.323120	 2.739605	 0.675539	-52.364350	-0.352786	 1.276010	 35.556880	-0.202301	 3.178486	 36.024460	 2.411832	 5.494030	-52.520410	 39.007590	 20.375220	 27.137650	-6.436097	 19.357820	 32.910680	-5.387433	 19.254410	-57.899170	 18.466570	 10.398590	 33.996140	-3.686892	 9.480865	 35.137450	-0.646625	 10.763470	-53.750010	-51.281710	-9.954659	 11.445530	 23.982090	-0.549087	 0.208112	 14.789960	-0.368235	 3.437935	-0.000006	 0.000001	 90.000000	-90.000000	 0.000000	-86.406780	 177.642400	 8.601227	 111.084700	-0.813313	 0.122417	-8.559153	 12.236280	 10.972310	 52.931600	-1.045101	 10.743230	-0.604093	-2.262662	 22.375880	-11.302420	-11.666870	-4.636809	 35.944760	 2.477604	-1.136251	 35.323130	 2.739605	 0.675539	-52.364380	-0.352786	 1.276010	 35.556880	-0.202300	 3.178487	 36.024460	 2.411833	 5.494030	-52.520430	 39.007590	 20.375220	 27.137660	-6.436093	 19.357820	 32.910680	-5.387434	 19.254410	-57.899150	 18.466580	 10.398590	 33.996150	-3.686890	 9.480865	 35.137440	-0.646626	 10.763470	-53.750010	-51.281720	-9.954665	 11.445540	 23.982080	-0.549088	 0.208112	 14.789960	-0.368242	 3.437935	 0.000000	 90.000000	 0.000000	 177.641500	 1.693646	 173.691800	-177.179200	-1.281514	-6.296279
-0.001963	 0.002454	-0.116118	 179.305400	 0.221747	-89.965800	-0.000021	 0.000000	 0.000000	-0.000021	 0.000000	 0.000000	-3.525149	 11.225090	 114.920700	-0.813313	 0.122417	-8.559153	-39.721840	-22.971270	 34.504040	-46.877240	 33.730030	 8.058828	-1.508344	 27.119350	 0.905986	-11.666870	-4.636808	 35.944750	 2.477603	-1.136251	 35.323120	 2.739605	 0.675539	-52.364350	-0.352786	 1.276010	 35.556880	-0.202301	 3.178486	 36.024460	 2.411832	 5.494030	-52.520410	 39.007590	 20.375220	 27.137650	-6.436097	 19.357820	 32.910680	-5.387433	 19.254410	-57.899170	 18.466570	 10.398590	 33.996140	-3.686892	 9.480865	 35.137450	-0.646625	 10.763470	-53.750010	-51.281710	-9.954659	 11.445530	 23.982090	-0.549087	 0.208112	 14.789960	-0.368235	 3.437935	-0.000006	 0.000001	 90.000000	-90.000000	 0.000000	-86.406780	 177.642400	 8.601227	 111.084700	-0.813313	 0.122417	-8.559153	 12.236280	 10.972310	 52.931600	-1.045101	 10.743230	-0.604093	-2.262662	 22.375880	-11.302420	-11.666870	-4.636809	 35.944760	 2.477604	-1.136251	 35.323130	 2.739605	 0.675539	-52.364380	-0.352786	 1.276010	 35.556880	-0.202300	 3.178487	 36.024460	 2.411833	 5.494030	-52.520430	 39.007590	 20.375220	 27.137660	-6.436093	 19.357820	 32.910680	-5.387434	 19.254410	-57.899150	 18.466580	 10.398590	 33.996150	-3.686890	 9.480865	 35.137440	-0.646626	 10.763470	-53.750010	-51.281720	-9.954665	 11.445540	 23.982080	-0.549088	 0.208112	 14.789960	-0.368242	 3.437935	 0.000000	 90.000000	 0.000000	 177.641500	 1.693646	 173.691800	-177.179200	-1.281514	-6.296279
-0.001963	 0.002454	-0.116118	 179.305400	 0.221747	-89.965800	-0.000021	 0.000000	 0.000000	-0.000021	 0.000000	 0.000000	-3.525149	 11.225090	 114.920700	-0.813313	 0.122417	-8.559153	-39.721840	-22.971270	 34.504040	-46.877240	 33.730030	 8.058828	-1.508344	 27.119350	 0.905986	-11.666870	-4.636808	 35.944750	 2.477603	-1.136251	 35.323120	 2.739605	 0.675539	-52.364350	-0.352786	 1.276010	 35.556880	-0.202301	 3.178486	 36.024460	 2.411832	 5.494030	-52.520410	 39.007590	 20.375220	 27.137650	-6.436097	 19.357820	 32.910680	-5.387433	 19.254410	-57.899170	 18.466570	 10.398590	 33.996140	-3.686892	 9.480865	 35.137450	-0.646625	 10.763470	-53.750010	-51.281710	-9.954659	 11.445530	 23.982090	-0.549087	 0.208112	 14.789960	-0.368235	 3.437935	-0.000006	 0.000001	 90.000000	-90.000000	 0.000000	-86.406780	 177.642400	 8.601227	 111.084700	-0.813313	 0.122417	-8.559153	 12.236280	 10.972310	 52.931600	-1.045101	 10.743230	-0.604093	-2.262662	 22.375880	-11.302420	-11.666870	-4.636809	 35.944760	 2.477604	-1.136251	 35.323130	 2.739605	 0.675539	-52.364380	-0.352786	 1.276010	 35.556880	-0.202300	 3.178487	 36.024460	 2.411833	 5.494030	-52.520430	 39.007590	 20.375220	 27.137660	-6.436093	 19.357820	 32.910680	-5.387434	 19.254410	-57.899150	 18.466580	 10.398590	 33.996150	-3.686890	 9.480865	 35.137440	-0.646626	 10.763470	-53.750010	-51.281720	-9.954665	 11.445540	 23.982080	-0.549088	 0.208112	 14.789960	-0.368242	 3.437935	 0.000000	 90.000000	 0.000000	 177.641500	 1.693646	 173.691800	-177.179200	-1.281514	-6.296279
-0.001963	 0.002454	-0.116118	 179.305400	 0.221747	-89.965800	-0.000021	 0.000000	 0.000000	-0.000021	 0.000000	 0.000000	-3.525149	 11.225090	 114.920700	-0.813313	 0.122417	-8.559153	-39.721840	-22.971270	 34.504040	-46.877240	 33.730030	 8.058828	-1.508344	 27.119350	 0.905986	-11.666870	-4.636808	 35.944750	 2.477603	-1.136251	 35.323120	 2.739605	 0.675539	-52.364350	-0.352786	 1.276010	 35.556880	-0.202301	 3.178486	 36.024460	 2.411832	 5.494030	-52.520410	 39.007590	 20.375220	 27.137650	-6.436097	 19.357820	 32.910680	-5.387433	 19.254410	-57.899170	 18.466570	 10.398590	 33.996140	-3.686892	 9.480865	 35.137450	-0.646625	 10.763470	-53.750010	-51.281710	-9.954659	 11.445530	 23.982090	-0.549087	 0.208112	 14.789960	-0.368235	 3.437935	-0.000006	 0.000001	 90.000000	-90.000000	 0.000000	-86.406780	 177.642400	 8.601227	 111.084700	-0.813313	 0.122417	-8.559153	 12.236280	 10.972310	 52.931600	-1.045101	 10.743230	-0.604093	-2.262662	 22.375880	-11.302420	-11.666870	-4.636809	 35.944760	 2.477604	-1.136251	 35.323130	 2.739605	 0.675539	-52.364380	-0.352786	 1.276010	 35.556880	-0.202300	 3.178487	 36.024460	 2.411833	 5.494030	-52.520430	 39.007590	 20.375220	 27.137660	-6.436093	 19.357820	 32.910680	-5.387434	 19.254410	-57.899150	 18.466580	 10.398590	 33.996150	-3.686890	 9.480865	 35.137440	-0.646626	 10.763470	-53.750010	-51.281720	-9.954665	 11.445540	 23.982080	-0.549088	 0.208112	 14.789960	-0.368242	 3.437935	 0.000000	 90.000000	 0.000000	 177.641500	 1.693646	 173.691800	-177.179200	-1.281514	-6.296279
-0.001963	 0.002454	-0.116118	 179.305400	 0.221747	-89.965800	-0.000021	 0.000000	 0.000000	-0.000021	 0.000000	 0.000000	-3.525149	 11.225090	 114.920700	-0.813313	 0.122417	-8.559153	-39.721840	-22.971270	 34.504040	-46.877240	 33.730030	 8.058828	-1.508344	 27.119350	 0.905986	-11.666870	-4.636808	 35.944750	 2.477603	-1.136251	 35.323120	 2.739605	 0.675539	-52.364350	-0.352786	 1.276010	 35.556880	-0.202301	 3.178486	 36.024460	 2.411832	 5.494030	-52.520410	 39.007590	 20.375220	 27.137650	-6.436097	 19.357820	 32.910680	-5.387433	 19.254410	-57.899170	 18.466570	 10.398590	 33.996140	-3.686892	 9.480865	 35.137450	-0.646625	 10.763470	-53.750010	-51.281710	-9.954659	 11.445530	 23.982090	-0.549087	 0.208112	 14.789960	-0.368235	 3.437935	-0.000006	 0.000001	 90.000000	-90.000000	 0.000000	-86.406780	 177.642400	 8.601227	 111.084700	-0.813313	 0.122417	-8.559153	 12.236280	 10.972310	 52.931600	-1.045101	 10.743230	-0.604093	-2.262662	 22.375880	-11.302420	-11.666870	-4.636809	 35.944760	 2.477604	-1.136251	 35.323130	 2.739605	 0.675539	-52.364380	-0.352786	 1.276010	 35.556880	-0.202300	 3.178487	 36.024460	 2.411833	 5.494030	-52.520430	 39.007590	 20.375220	 27.137660	-6.436093	 19.357820	 32.910680	-5.387434	 19.254410	-57.899150	 18.466580	 10.398590	 33.996150	-3.686890	 9.480865	 35.137440	-0.646626	 10.763470	-53.750010	-51.281720	-9.954665	 11.445540	 23.982080	-0.549088	 0.208112	 14.789960	-0.368242	 3.437935	 0.000000	 90.000000	 0.000000	 177.641500	 1.693646	 173.691800	-177.179200	-1.281514	-6.296279
-0.001963	 0.002454	-0.116118	 179.305400	 0.221747	-89.965800	-0.000021	 0.000000	 0.000000	-0.000021	 0.000000	 0.000000	-3.525149	 11.225090	 114.920700	-0.813313	 0.122417	-8.559153	-39.721840	-22.971270	 34.504040	-46.877240	 33.730030	 8.058828	-1.508344	 27.119350	 0.905986	-11.666870	-4.636808	 35.944750	 2.477603	-1.136251	 35.323120	 2.739605	 0.675539	-52.364350	-0.352786	 1.276010	 35.556880	-0.202301	 3.178486	 36.024460	 2.411832	 5.494030	-52.520410	 39.007590	 20.375220	 27.137650	-6.436097	 19.357820	 32.910680	-5.387433	 19.254410	-57.899170	 18.466570	 10.398590	 33.996140	-3.686892	 9.480865	 35.137450	-0.646625	 10.763470	-53.750010	-51.281710	-9.954659	 11.445530	 23.982090	-0.549087	 0.208112	 14.789960	-0.368235	 3.437935	-0.000006	 0.000001	 90.000000	-90.000000	 0.000000	-86.406780	 177.642400	 8.601227	 111.084700	-0.813313	 0.122417	-8.559153	 12.236280	 10.972310	 52.931600	-1.045101	 10.743230	-0.604093	-2.262662	 22.375880	-11.302420	-11.666870	-4.636809	 35.944760	 2.477604	-1.136251	 35.323130	 2.739605	 0.675539	-52.364380	-0.352786	 1.276010	 35.556880	-0.202300	 3.178487	 36.024460	 2.411833	 5.494030	-52.520430	 39.007590	 20.375220	 27.137660	-6.436093	 19.357820	 32.910680	-5.387434	 19.254410	-57.899150	 18.466580	 10.398590	 33.996150	-3.686890	 9.480865	 35.137440	-0.646626	 10.763470	-53.750010	-51.281720	-9.954665	 11.445540	 23.982080	-0.549088	 0.208112	 14.789960	-0.368242	 3.437935	 0.000000	 90.000000	 0.000000	 177.641500	 1.693646	 173.691800	-177.179200	-1.281514	-6.296279
-0.001963	 0.002454	-0.116118	 179.305400	 0.221747	-89.965800	-0.000021	 0.000000	 0.000000	-0.000021	 0.000000	 0.000000	-3.525149	 11.225090	 114.920700	-0.813313	 0.122417	-8.559153	-39.721840	-22.971270	 34.504040	-46.877240	 33.730030	 8.058828	-1.508344	 27.119350	 0.905986	-11.666870	-4.636808	 35.944750	 2.477603	-1.136251	 35.323120	 2.739605	 0.675539	-52.364350	-0.352786	 1.276010	 35.556880	-0.202301	 3.178486	 36.024460	 2.411832	 5.494030	-52.520410	 39.007590	 20.375220	 27.137650	-6.436097	 19.357820	 32.910680	-5.387433	 19.254410	-57.899170	 18.466570	 10.398590	 33.996140	-3.686892	 9.480865	 35.137450	-0.646625	 10.763470	-53.750010	-51.281710	-9.954659	 11.445530	 23.982090	-0.549087	 0.208112	 14.789960	-0.368235	 3.437935	-0.000006	 0.000001	 90.000000	-90.000000	 0.000000	-86.406780	 177.642400	 8.601227	 111.084700	-0.813313	 0.122417	-8.559153	 12.236280	 10.972310	 52.931600	-1.045101	 10.743230	-0.604093	-2.262662	 22.375880	-11.302420	-11.666870	-4.636809	 35.944760	 2.477604	-1.136251	 35.323130	 2.739605	 0.675539	-52.364380	-0.352786	 1.276010	 35.556880	-0.202300	 3.178487	 36.024460	 2.411833	 5.494030	-52.520430	 39.007590	 20.375220	 27.137660	-6.436093	 19.357820	 32.910680	-5.387434	 19.254410	-57.899150	 18.466580	 10.398590	 33.996150	-3.686890	 9.480865	 35.137440	-0.646626	 10.763470	-53.750010	-51.281720	-9.954665	 11.445540	 23.982080	-0.549088	 0.208112	 14.789960	-0.368242	 3.437935	 0.000000	 90.000000	 0.000000	 177.641500	 1.693646	 173.691800	-177.179200	-1.281514	-6.296279
-0.001963	 0.002454	-0.116118	 179.305400	 0.221747	-89.965800	-0.000021	 0.000000	 0.000000	-0.000021	 0.000000	 0.000000	-3.525149	 11.225090	 114.920700	-0.813313	 0.122417	-8.559153	-39.721840	-22.971270	 34.504040	-46.877240	 33.730030	 8.058828	-1.508344	 27.119350	 0.905986	-11.666870	-4.636808	 35.944750	 2.477603	-1.136251	 35.323120	 2.739605	 0.675539	-52.364350	-0.352786	 1.276010	 35.556880	-0.202301	 3.178486	 36.024460	 2.411832	 5.494030	-52.520410	 39.007590	 20.375220	 27.137650	-6.436097	 19.357820	 32.910680	-5.387433	 19.254410	-57.899170	 18.466570	 10.398590	 33.996140	-3.686892	 9.480865	 35.137450	-0.646625	 10.763470	-53.750010	-51.281710	-9.954659	 11.445530	 23.982090	-0.549087	 0.208112	 14.789960	-0.368235	 3.437935	-0.000006	 0.000001	 90.000000	-90.000000	 0.000000	-86.406780	 177.642400	 8.601227	 111.084700	-0.813313	 0.122417	-8.559153	 12.236280	 10.972310	 52.931600	-1.045101	 10.743230	-0.604093	-2.262662	 22.375880	-11.302420	-11.666870	-4.636809	 35.944760	 2.477604	-1.136251	 35.323130	 2.739605	 0.675539	-52.364380	-0.352786	 1.276010	 35.556880	-0.202300	 3.178487	 36.024460	 2.411833	 5.494030	-52.520430	 39.007590	 20.375220	 27.137660	-6.436093	 19.357820	 32.910680	-5.387434	 19.254410	-57.899150	 18.466580	 10.398590	 33.996150	-3.686890	 9.480865	 35.137440	-0.646626	 10.763470	-53.750010	-51.281720	-9.954665	 11.445540	 23.982080	-0.549088	 0.208112	 14.789960	-0.368242	 3.437935	 0.000000	 90.000000	 0.000000	 177.641500	 1.693646	 173.691800	-177.179200	-1.281514	-6.296279
-0.001963	 0.002454	-0.116118	 179.305400	 0.221747	-89.965800	-0.000021	 0.000000	 0.000000	-0.000021	 0.000000	 0.000000	-3.525149	 11.225090	 114.920700	-0.813313	 0.122417	-8.559153	-39.721840	-22.971270	 34.504040	-46.877240	 33.730030	 8.058828	-1.508344	 27.119350	 0.905986	-11.666870	-4.636808	 35.944750	 2.477603	-1.136251	 35.323120	 2.739605	 0.675539	-52.364350	-0.352786	 1.276010	 35.556880	-0.202301	 3.178486	 36.024460	 2.411832	 5.494030	-52.520410	 39.007590	 20.375220	 27.137650	-6.436097	 19.357820	 32.910680	-5.387433	 19.254410	-57.899170	 18.466570	 10.398590	 33.996140	-3.686892	 9.480865	 35.137450	-0.646625	 10.763470	-53.750010	-51.281710	-9.954659	 11.445530	 23.982090	-0.549087	 0.208112	 14.789960	-0.368235	 3.437935	-0.000006	 0.000001	 90.000000	-90.000000	 0.000000	-86.406780	 177.642400	 8.601227	 111.084700	-0.813313	 0.122417	-8.559153	 12.236280	 10.972310	 52.931600	-1.045101	 10.743230	-0.604093	-2.262662	 22.375880	-11.302420	-11.666870	-4.636809	 35.944760	 2.477604	-1.136251	 35.323130	 2.739605	 0.675539	-52.364380	-0.352786	 1.276010	 35.556880	-0.202300	 3.178487	 36.024460	 2.411833	 5.494030	-52.520430	 39.007590	 20.375220	 27.137660	-6.436093	 19.357820	 32.910680	-5.387434	 19.254410	-57.899150	 18.466580	 10.398590	 33.996150	-3.686890	 9.480865	 35.137440	-0.646626	 10.763470	-53.750010	-51.281720	-9.954665	 11.445540	 23.982080	-0.549088	 0.208112	 14.789960	-0.368242	 3.437935	 0.000000	 90.000000	 0.000000	 177.641500	 1.693646	 173.691800	-177.179200	-1.281514	-6.296279
-0.001963	 0.002454	-0.116118	 179.305400	 0.221747	-89.965800	-0.000021	 0.000000	 0.000000	-0.000021	 0.000000	 0.000000	-3.525149	 11.225090	 114.920700	-0.813313	 0.122417	-8.559153	-39.721840	-22.971270	 34.504040	-46.877240	 33.730030	 8.058828	-1.508344	 27.119350	 0.905986	-11.666870	-4.636808	 35.944750	 2.477603	-1.136251	 35.323120	 2.739605	 0.675539	-52.364350	-0.352786	 1.276010	 35.556880	-0.202301	 3.178486	 36.024460	 2.411832	 5.494030	-52.520410	 39.007590	 20.375220	 27.137650	-6.436097	 19.357820	 32.910680	-5.387433	 19.254410	-57.899170	 18.466570	 10.398590	 33.996140	-3.686892	 9.480865	 35.137450	-0.646625	 10.763470	-53.750010	-51.281710	-9.954659	 11.445530	 23.982090	-0.549087	 0.208112	 14.789960	-0.368235	 3.437935	-0.000006	 0.000001	 90.000000	-90.000000	 0.000000	-86.406780	 177.642400	 8.601227	 111.084700	-0.813313	 0.122417	-8.559153	 12.236280	 10.972310	 52.931600	-1.045101	 10.743230	-0.604093	-2.262662	 22.375880	-11.302420	-11.666870	-4.636809	 35.944760	 2.477604	-1.136251	 35.323130	 2.739605	 0.675539	-52.364380	-0.352786	 1.276010	 35.556880	-0.202300	 3.178487	 36.024460	 2.411833	 5.494030	-52.520430	 39.007590	 20.375220	 27.137660	-6.436093	 19.357820	 32.910680	-5.387434	 19.254410	-57.899150	 18.466580	 10.398590	 33.996150	-3.686890	 9.480865	 35.137440	-0.646626	 10.763470	-53.750010	-51.281720	-9.954665	 11.445540	 23.982080	-0.549088	 0.208112	 14.789960	-0.368242	 3.437935	 0.000000	 90.000000	 0.000000	 177.641500	 1.693646	 173.691800	-177.179200	-1.281514	-6.296279
-0.001963	 0.002454	-0.116118	 179.305400	 0.221747	-89.965800	-0.000021	 0.000000	 0.000000	-0.000021	 0.000000	 0.000000	-3.525149	 11.225090	 114.920700	-0.813313	 0.122417	-8.559153	-39.721840	-22.971270	 34.504040	-46.877240	 33.730030	 8.058828	-1.508344	 27.119350	 0.905986	-11.666870	-4.636808	 35.944750	 2.477603	-1.136251	 35.323120	 2.739605	 0.675539	-52.364350	-0.352786	 1.276010	 35.556880	-0.202301	 3.178486	 36.024460	 2.411832	 5.494030	-52.520410	 39.007590	 20.375220	 27.137650	-6.436097	 19.357820	 32.910680	-5.387433	 19.254410	-57.899170	 18.466570	 10.398590	 33.996140	-3.686892	 9.480865	 35.137450	-0.646625	 10.763470	-53.750010	-51.281710	-9.954659	 11.445530	 23.982090	-0.549087	 0.208112	 14.789960	-0.368235	 3.437935	-0.000006	 0.000001	 90.000000	-90.000000	 0.000000	-86.406780	 177.642400	 8.601227	 111.084700	-0.813313	 0.122417	-8.559153	 12.236280	 10.972310	 52.931600	-1.045101	 10.743230	-0.604093	-2.262662	 22.375880	-11.302420	-11.666870	-4.636809	 35.944760	 2.477604	-1.136251	 35.323130	 2.739605	 0.675539	-52.364380	-0.352786	 1.276010	 35.556880	-0.202300	 3.178487	 36.024460	 2.411833	 5.494030	-52.520430	 39.007590	 20.375220	 27.137660	-6.436093	 19.357820	 32.910680	-5.387434	 19.254410	-57.899150	 18.466580	 10.398590	 33.996150	-3.686890	 9.480865	 35.137440	-0.646626	 10.763470	-53.750010	-51.281720	-9.954665	 11.445540	 23.982080	-0.549088	 0.208112	 14.789960	-0.368242	 3.437935	 0.000000	 90.000000	 0.000000	 177.641500	 1.693646	 173.691800	-177.179200	-1.281514	-6.296279
-0.001963	 0.002454	-0.116118	 179.305400	 0.221747	-89.965800	-0.000021	 0.000000	 0.000000	-0.000021	 0.000000	 0.000000	-3.525149	 11.225090	 114.920700	-0.813313	 0.122417	-8.559153	-39.721840	-22.971270	 34.504040	-46.877240	 33.730030	 8.058828	-1.508344	 27.119350	 0.905986	-11.666870	-4.636808	 35.944750	 2.477603	-1.136251	 35.323120	 2.739605	 0.675539	-52.364350	-0.352786	 1.276010	 35.556880	-0.202301	 3.178486	 36.024460	 2.411832	 5.494030	-52.520410	 39.007590	 20.375220	 27.137650	-6.436097	 19.357820	 32.910680	-5.387433	 19.254410	-57.899170	 18.466570	 10.398590	 33.996140	-3.686892	 9.480865	 35.137450	-0.646625	 10.763470	-53.750010	-51.281710	-9.954659	 11.445530	 23.982090	-0.549087	 0.208112	 14.789960	-0.368235	 3.437935	-0.000006	 0.000001	 90.000000	-90.000000	 0.000000	-86.406780	 177.642400	 8.601227	 111.084700	-0.813313	 0.122417	-8.559153	 12.236280	 10.972310	 52.931600	-1.045101	 10.743230	-0.604093	-2.262662	 22.375880	-11.302420	-11.666870	-4.636809	 35.944760	 2.477604	-1.136251	 35.323130	 2.739605	 0.675539	-52.364380	-0.352786	 1.276010	 35.556880	-0.202300	 3.178487	 36.024460	 2.411833	 5.494030	-52.520430	 39.007590	 20.375220	 27.137660	-6.436093	 19.357820	 32.910680	-5.387434	 19.254410	-57.899150	 18.466580	 10.398590	 33.996150	-3.686890	 9.480865	 35.137440	-0.646626	 10.763470	-53.750010	-51.281720	-9.954665	 11.445540	 23.982080	-0.549088	 0.208112	 14.789960	-0.368242	 3.437935	 0.000000	 90.000000	 0.000000	 177.641500	 1.693646	 173.691800	-177.179200	-1.281514	-6.296279
-0.001963	 0.002454	-0.116118	 179.305400	 0.221747	-89.965800	-0.000021	 0.000000	 0.000000	-0.000021	 0.000000	 0.000000	-3.525149	 11.225090	 114.920700	-0.813313	 0.122417	-8.559153	-39.721840	-22.971270	 34.504040	-46.877240	 33.730030	 8.058828	-1.508344	 27.119350	 0.905986	-11.666870	-4.636808	 35.944750	 2.477603	-1.136251	 35.323120	 2.739605	 0.675539	-52.364350	-0.352786	 1.276010	 35.556880	-0.202301	 3.178486	 36.024460	 2.411832	 5.494030	-52.520410	 39.007590	 20.375220	 27.137650	-6.436097	 19.357820	 32.910680	-5.387433	 19.254410	-57.899170	 18.466570	 10.398590	 33.996140	-3.686892	 9.480865	 35.137450	-0.646625	 10.763470	-53.750010	-51.281710	-9.954659	 11.445530	 23.982090	-0.549087	 0.208112	 14.789960	-0.368235	 3.437935	-0.000006	 0.000001	 90.000000	-90.000000	 0.000000	-86.406780	 177.642400	 8.601227	 111.084700	-0.813313	 0.122417	-8.559153	 12.236280	 10.972310	 52.931600	-1.045101	 10.743230	-0.604093	-2.262662	 22.375880	-11.302420	-11.666870	-4.636809	 35.944760	 2.477604	-1.136251	 35.323130	 2.739605	 0.675539	-52.364380	-0.352786	 1.276010	 35.556880	-0.202300	 3.178487	 36.024460	 2.411833	 5.494030	-52.520430	 39.007590	 20.375220	 27.137660	-6.436093	 19.357820	 32.910680	-5.387434	 19.254410	-57.899150	 18.466580	 10.398590	 33.996150	-3.686890	 9.480865	 35.137440	-0.646626	 10.763470	-53.750010	-51.281720	-9.954665	 11.445540	 23.982080	-0.549088	 0.208112	 14.789960	-0.368242	 3.437935	 0.000000	 90.000000	 0.000000	 177.641500	 1.693646	 173.691800	-177.179200	-1.281514	-6.296279
-0.001963	 0.002454	-0.116118	 179.305400	 0.221747	-89.965800	-0.000021	 0.000000	 0.000000	-0.000021	 0.000000	 0.000000	-3.525149	 11.225090	 114.920700	-0.813313	 0.122417	-8.559153	-39.721840	-22.971270	 34.504040	-46.877240	 33.730030	 8.058828	-1.508344	 27.119350	 0.905986	-11.666870	-4.636808	 35.944750	 2.477603	-1.136251	 35.323120	 2.739605	 0.675539	-52.364350	-0.352786	 1.276010	 35.556880	-0.202301	 3.178486	 36.024460	 2.411832	 5.494030	-52.520410	 39.007590	 20.375220	 27.137650	-6.436097	 19.357820	 32.910680	-5.387433	 19.254410	-57.899170	 18.466570	 10.398590	 33.996140	-3.686892	 9.480865	 35.137450	-0.646625	 10.763470	-53.750010	-51.281710	-9.954659	 11.445530	 23.982090	-0.549087	 0.208112	 14.789960	-0.368235	 3.437935	-0.000006	 0.000001	 90.000000	-90.000000	 0.000000	-86.406780	 177.642400	 8.601227	 111.084700	-0.813313	 0.122417	-8.559153	 12.236280	 10.972310	 52.931600	-1.045101	 10.743230	-0.604093	-2.262662	 22.375880	-11.302420	-11.666870	-4.636809	 35.944760	 2.477604	-1.136251	 35.323130	 2.739605	 0.675539	-52.364380	-0.352786	 1.276010	 35.556880	-0.202300	 3.178487	 36.024460	 2.411833	 5.494030	-52.520430	 39.007590	 20.375220	 27.137660	-6.436093	 19.357820	 32.910680	-5.387434	 19.254410	-57.899150	 18.466580	 10.398590	 33.996150	-3.686890	 9.480865	 35.137440	-0.646626	 10.763470	-53.750010	-51.281720	-9.954665	 11.445540	 23.982080	-0.549088	 0.208112	 14.789960	-0.368242	 3.437935	 0.000000	 90.000000	 0.000000	 177.641500	 1.693646	 173.691800	-177.179200	-1.281514	-6.296279
-0.001963	 0.002454	-0.116118	 179.305400	 0.221747	-89.965800	-0.000021	 0.000000	 0.000000	-0.000021	 0.000000	 0.000000	-3.525149	 11.225090	 114.920700	-0.813313	 0.122417	-8.559153	-39.721840	-22.971270	 34.504040	-46.877240	 33.730030	 8.058828	-1.508344	 27.119350	 0.905986	-11.666870	-4.636808	 35.944750	 2.477603	-1.136251	 35.323120	 2.739605	 0.675539	-52.364350	-0.352786	 1.276010	 35.556880	-0.202301	 3.178486	 36.024460	 2.411832	 5.494030	-52.520410	 39.007590	 20.375220	 27.137650	-6.436097	 19.357820	 32.910680	-5.387433	 19.254410	-57.899170	 18.466570	 10.398590	 33.996140	-3.686892	 9.480865	 35.137450	-0.646625	 10.763470	-53.750010	-51.281710	-9.954659	 11.445530	 23.982090	-0.549087	 0.208112	 14.789960	-0.368235	 3.437935	-0.000006	 0.000001	 90.000000	-90.000000	 0.000000	-86.406780	 177.642400	 8.601227	 111.084700	-0.813313	 0.122417	-8.559153	 12.236280	 10.972310	 52.931600	-1.045101	 10.743230	-0.604093	-2.262662	 22.375880	-11.302420	-11.666870	-4.636809	 35.944760	 2.477604	-1.136251	 35.323130	 2.739605	 0.675539	-52.364380	-0.352786	 1.276010	 35.556880	-0.202300	 3.178487	 36.024460	 2.411833	 5.494030	-52.520430	 39.007590	 20.375220	 27.137660	-6.436093	 19.357820	 32.910680	-5.387434	 19.254410	-57.899150	 18.466580	 10.398590	 33.996150	-3.686890	 9.480865	 35.137440	-0.646626	 10.763470	-53.750010	-51.281720	-9.954665	 11.445540	 23.982080	-0.549088	 0.208112	 14.789960	-0.368242	 3.437935	 0.000000	 90.000000	 0.000000	 177.641500	 1.693646	 173.691800	-177.179200	-1.281514	-6.296279
-0.001963	 0.002454	-0.116118	 179.305400	 0.221747	-89.965800	-0.000021	 0.000000	 0.000000	-0.000021	 0.000000	 0.000000	-3.525149	 11.225090	 114.920700	-0.813313	 0.122417	-8.559153	-39.721840	-22.971270	 34.504040	-46.877240	 33.730030	 8.058828	-1.508344	 27.119350	 0.905986	-11.666870	-4.636808	 35.944750	 2.477603	-1.136251	 35.323120	 2.739605	 0.675539	-52.364350	-0.352786	 1.276010	 35.556880	-0.202301	 3.178486	 36.024460	 2.411832	 5.494030	-52.520410	 39.007590	 20.375220	 27.137650	-6.436097	 19.357820	 32.910680	-5.387433	 19.254410	-57.899170	 18.466570	 10.398590	 33.996140	-3.686892	 9.480865	 35.137450	-0.646625	 10.763470	-53.750010	-51.281710	-9.954659	 11.445530	 23.982090	-0.549087	 0.208112	 14.789960	-0.368235	 3.437935	-0.000006	 0.000001	 90.000000	-90.000000	 0.000000	-86.406780	 177.642400	 8.601227	 111.084700	-0.813313	 0.122417	-8.559153	 12.236280	 10.972310	 52.931600	-1.045101	 10.743230	-0.604093	-2.262662	 22.375880	-11.302420	-11.666870	-4.636809	 35.944760	 2.477604	-1.136251	 35.323130	 2.739605	 0.675539	-52.364380	-0.352786	 1.276010	 35.556880	-0.202300	 3.178487	 36.024460	 2.411833	 5.494030	-52.520430	 39.007590	 20.375220	 27.137660	-6.436093	 19.357820	 32.910680	-5.387434	 19.254410	-57.899150	 18.466580	 10.398590	 33.996150	-3.686890	 9.480865	 35.137440	-0.646626	 10.763470	-53.750010	-51.281720	-9.954665	 11.445540	 23.982080	-0.549088	 0.208112	 14.789960	-0.368242	 3.437935	 0.000000	 90.000000	 0.000000	 177.641500	 1.693646	 173.691800	-177.179200	-1.281514	-6.296279
-0.001963	 0.002454	-0.116118	 179.305400	 0.221747	-89.965800	-0.000021	 0.000000	 0.000000	-0.000021	 0.000000	 0.000000	-3.525149	 11.225090	 114.920700	-0.813313	 0.122417	-8.559153	-39.721840	-22.971270	 34.504040	-46.877240	 33.730030	 8.058828	-1.508344	 27.119350	 0.905986	-11.666870	-4.636808	 35.944750	 2.477603	-1.136251	 35.323120	 2.739605	 0.675539	-52.364350	-0.352786	 1.276010	 35.556880	-0.202301	 3.178486	 36.024460	 2.411832	 5.494030	-52.520410	 39.007590	 20.375220	 27.137650	-6.436097	 19.357820	 32.910680	-5.387433	 19.254410	-57.899170	 18.466570	 10.398590	 33.996140	-3.686892	 9.480865	 35.137450	-0.646625	 10.763470	-53.750010	-51.281710	-9.954659	 11.445530	 23.982090	-0.549087	 0.208112	 14.789960	-0.368235	 3.437935	-0.000006	 0.000001	 90.000000	-90.000000	 0.000000	-86.406780	 177.642400	 8.601227	 111.084700	-0.813313	 0.122417	-8.559153	 12.236280	 10.972310	 52.931600	-1.045101	 10.743230	-0.604093	-2.262662	 22.375880	-11.302420	-11.666870	-4.636809	 35.944760	 2.477604	-1.136251	 35.323130	 2.739605	 0.675539	-52.364380	-0.352786	 1.276010	 35.556880	-0.202300	 3.178487	 36.024460	 2.411833	 5.494030	-52.520430	 39.007590	 20.375220	 27.137660	-6.436093	 19.357820	 32.910680	-5.387434	 19.254410	-57.899150	 18.466580	 10.398590	 33.996150	-3.686890	 9.480865	 35.137440	-0.646626	 10.763470	-53.750010	-51.281720	-9.954665	 11.445540	 23.982080	-0.549088	 0.208112	 14.789960	-0.368242	 3.437935	 0.000000	 90.000000	 0.000000	 177.641500	 1.693646	 173.691800	-177.179200	-1.281514	-6.296279
-0.001963	 0.002454	-0.116118	 179.305400	 0.221747	-89.965800	-0.000021	 0.000000	 0.000000	-0.000021	 0.000000	 0.000000	-3.525149	 11.225090	 114.920700	-0.813313	 0.122417	-8.559153	-39.721840	-22.971270	 34.504040	-46.877240	 33.730030	 8.058828	-1.508344	 27.119350	 0.905986	-11.666870	-4.636808	 35.944750	 2.477603	-1.136251	 35.323120	 2.739605	 0.675539	-52.364350	-0.352786	 1.276010	 35.556880	-0.202301	 3.178486	 36.024460	 2.411832	 5.494030	-52.520410	 39.007590	 20.375220	 27.137650	-6.436097	 19.357820	 32.910680	-5.387433	 19.254410	-57.899170	 18.466570	 10.398590	 33.996140	-3.686892	 9.480865	 35.137450	-0.646625	 10.763470	-53.750010	-51.281710	-9.954659	 11.445530	 23.982090	-0.549087	 0.208112	 14.789960	-0.368235	 3.437935	-0.000006	 0.000001	 90.000000	-90.000000	 0.000000	-86.406780	 177.642400	 8.601227	 111.084700	-0.813313	 0.122417	-8.559153	 12.236280	 10.972310	 52.931600	-1.045101	 10.743230	-0.604093	-2.262662	 22.375880	-11.302420	-11.666870	-4.636809	 35.944760	 2.477604	-1.136251	 35.323130	 2.739605	 0.675539	-52.364380	-0.352786	 1.276010	 35.556880	-0.202300	 3.178487	 36.024460	 2.411833	 5.494030	-52.520430	 39.007590	 20.375220	 27.137660	-6.436093	 19.357820	 32.910680	-5.387434	 19.254410	-57.899150	 18.466580	 10.398590	 33.996150	-3.686890	 9.480865	 35.137440	-0.646626	 10.763470	-53.750010	-51.281720	-9.954665	 11.445540	 23.982080	-0.549088	 0.208112	 14.789960	-0.368242	 3.437935	 0.000000	 90.000000	 0.000000	 177.641500	 1.693646	 173.691800	-177.179200	-1.281514	-6.296279
-0.001963	 0.002454	-0.116118	 179.305400	 0.221747	-89.965800	-0.000021	 0.000000	 0.000000	-0.000021	 0.000000	 0.000000	-3.525149	 11.225090	 114.920700	-0.813313	 0.122417	-8.559153	-39.721840	-22.971270	 34.504040	-46.877240	 33.730030	 8.058828	-1.508344	 27.119350	 0.905986	-11.666870	-4.636808	 35.944750	 2.477603	-1.136251	 35.323120	 2.739605	 0.675539	-52.364350	-0.352786	 1.276010	 35.556880	-0.202301	 3.178486	 36.024460	 2.411832	 5.494030	-52.520410	 39.007590	 20.375220	 27.137650	-6.436097	 19.357820	 32.910680	-5.387433	 19.254410	-57.899170	 18.466570	 10.398590	 33.996140	-3.686892	 9.480865	 35.137450	-0.646625	 10.763470	-53.750010	-51.281710	-9.954659	 11.445530	 23.982090	-0.549087	 0.208112	 14.789960	-0.368235	 3.437935	-0.000006	 0.000001	 90.000000	-90.000000	 0.000000	-86.406780	 177.642400	 8.601227	 111.084700	-0.813313	 0.122417	-8.559153	 12.236280	 10.972310	 52.931600	-1.045101	 10.743230	-0.604093	-2.262662	 22.375880	-11.302420	-11.666870	-4.636809	 35.944760	 2.477604	-1.136251	 35.323130	 2.739605	 0.675539	-52.364380	-0.352786	 1.276010	 35.556880	-0.202300	 3.178487	 36.024460	 2.411833	 5.494030	-52.520430	 39.007590	 20.375220	 27.137660	-6.436093	 19.357820	 32.910680	-5.387434	 19.254410	-57.899150	 18.466580	 10.398590	 33.996150	-3.686890	 9.480865	 35.137440	-0.646626	 10.763470	-53.750010	-51.281720	-9.954665	 11.445540	 23.982080	-0.549088	 0.208112	 14.789960	-0.368242	 3.437935	 0.000000	 90.000000	 0.000000	 177.641500	 1.693646	 173.691800	-177.179200	-1.281514	-6.296279
-0.001963	 0.002454	-0.116118	 179.305400	 0.221747	-89.965800	-0.000021	 0.000000	 0.000000	-0.000021	 0.000000	 0.000000	-3.525149	 11.225090	 114.920700	-0.813313	 0.122417	-8.559153	-39.721840	-22.971270	 34.504040	-46.877240	 33.730030	 8.058828	-1.508344	 27.119350	 0.905986	-11.666870	-4.636808	 35.944750	 2.477603	-1.136251	 35.323120	 2.739605	 0.675539	-52.364350	-0.352786	 1.276010	 35.556880	-0.202301	 3.178486	 36.024460	 2.411832	 5.494030	-52.520410	 39.007590	 20.375220	 27.137650	-6.436097	 19.357820	 32.910680	-5.387433	 19.254410	-57.899170	 18.466570	 10.398590	 33.996140	-3.686892	 9.480865	 35.137450	-0.646625	 10.763470	-53.750010	-51.281710	-9.954659	 11.445530	 23.982090	-0.549087	 0.208112	 14.789960	-0.368235	 3.437935	-0.000006	 0.000001	 90.000000	-90.000000	 0.000000	-86.406780	 177.642400	 8.601227	 111.084700	-0.813313	 0.122417	-8.559153	 12.236280	 10.972310	 52.931600	-1.045101	 10.743230	-0.604093	-2.262662	 22.375880	-11.302420	-11.666870	-4.636809	 35.944760	 2.477604	-1.136251	 35.323130	 2.739605	 0.675539	-52.364380	-0.352786	 1.276010	 35.556880	-0.202300	 3.178487	 36.024460	 2.411833	 5.494030	-52.520430	 39.007590	 20.375220	 27.137660	-6.436093	 19.357820	 32.910680	-5.387434	 19.254410	-57.899150	 18.466580	 10.398590	 33.996150	-3.686890	 9.480865	 35.137440	-0.646626	 10.763470	-53.750010	-51.281720	-9.954665	 11.445540	 23.982080	-0.549088	 0.208112	 14.789960	-0.368242	 3.437935	 0.000000	 90.000000	 0.000000	 177.641500	 1.693646	 173.691800	-177.179200	-1.281514	-6.296279
-0.001963	 0.002454	-0.116118	 179.305400	 0.221747	-89.965800	-0.000021	 0.000000	 0.000000	-0.000021	 0.000000	 0.000000	-3.525149	 11.225090	 114.920700	-0.813313	 0.122417	-8.559153	-39.721840	-22.971270	 34.504040	-46.877240	 33.730030	 8.058828	-1.508344	 27.119350	 0.905986	-11.666870	-4.636808	 35.944750	 2.477603	-1.136251	 35.323120	 2.739605	 0.675539	-52.364350	-0.352786	 1.276010	 35.556880	-0.202301	 3.178486	 36.024460	 2.411832	 5.494030	-52.520410	 39.007590	 20.375220	 27.137650	-6.436097	 19.357820	 32.910680	-5.387433	 19.254410	-57.899170	 18.466570	 10.398590	 33.996140	-3.686892	 9.480865	 35.137450	-0.646625	 10.763470	-53.750010	-51.281710	-9.954659	 11.445530	 23.982090	-0.549087	 0.208112	 14.789960	-0.368235	 3.437935	-0.000006	 0.000001	 90.000000	-90.000000	 0.000000	-86.406780	 177.642400	 8.601227	 111.084700	-0.813313	 0.122417	-8.559153	 12.236280	 10.972310	 52.931600	-1.045101	 10.743230	-0.604093	-2.262662	 22.375880	-11.302420	-11.666870	-4.636809	 35.944760	 2.477604	-1.136251	 35.323130	 2.739605	 0.675539	-52.364380	-0.352786	 1.276010	 35.556880	-0.202300	 3.178487	 36.024460	 2.411833	 5.494030	-52.520430	 39.007590	 20.375220	 27.137660	-6.436093	 19.357820	 32.910680	-5.387434	 19.254410	-57.899150	 18.466580	 10.398590	 33.996150	-3.686890	 9.480865	 35.137440	-0.646626	 10.763470	-53.750010	-51.281720	-9.954665	 11.445540	 23.982080	-0.549088	 0.208112	 14.789960	-0.368242	 3.437935	 0.000000	 90.000000	 0.000000	 177.641500	 1.693646	 173.691800	-177.179200	-1.281514	-6.296279
-0.001963	 0.002454	-0.116118	 179.305400	 0.221747	-89.965800	-0.000021	 0.000000	 0.000000	-0.000021	 0.000000	 0.000000	-3.525149	 11.225090	 114.920700	-0.813313	 0.122417	-8.559153	-39.721840	-22.971270	 34.504040	-46.877240	 33.730030	 8.058828	-1.508344	 27.119350	 0.905986	-11.666870	-4.636808	 35.944750	 2.477603	-1.136251	 35.323120	 2.739605	 0.675539	-52.364350	-0.352786	 1.276010	 35.556880	-0.202301	 3.178486	 36.024460	 2.411832	 5.494030	-52.520410	 39.007590	 20.375220	 27.137650	-6.436097	 19.357820	 32.910680	-5.387433	 19.254410	-57.899170	 18.466570	 10.398590	 33.996140	-3.686892	 9.480865	 35.137450	-0.646625	 10.763470	-53.750010	-51.281710	-9.954659	 11.445530	 23.982090	-0.549087	 0.208112	 14.789960	-0.368235	 3.437935	-0.000006	 0.000001	 90.000000	-90.000000	 0.000000	-86.406780	 177.642400	 8.601227	 111.084700	-0.813313	 0.122417	-8.559153	 12.236280	 10.972310	 52.931600	-1.045101	 10.743230	-0.604093	-2.262662	 22.375880	-11.302420	-11.666870	-4.636809	 35.944760	 2.477604	-1.136251	 35.323130	 2.739605	 0.675539	-52.364380	-0.352786	 1.276010	 35.556880	-0.202300	 3.178487	 36.024460	 2.411833	 5.494030	-52.520430	 39.007590	 20.375220	 27.137660	-6.436093	 19.357820	 32.910680	-5.387434	 19.254410	-57.899150	 18.466580	 10.398590	 33.996150	-3.686890	 9.480865	 35.137440	-0.646626	 10.763470	-53.750010	-51.281720	-9.954665	 11.445540	 23.982080	-0.549088	 0.208112	 14.789960	-0.368242	 3.437935	 0.000000	 90.000000	 0.000000	 177.641500	 1.693646	 173.691800	-177.179200	-1.281514	-6.296279
-0.001963	 0.002454	-0.116118	 179.305400	 0.221747	-89.965800	-0.000021	 0.000000	 0.000000	-0.000021	 0.000000	 0.000000	-3.525149	 11.225090	 114.920700	-0.813313	 0.122417	-8.559153	-39.721840	-22.971270	 34.504040	-46.877240	 33.730030	 8.058828	-1.508344	 27.119350	 0.905986	-11.666870	-4.636808	 35.944750	 2.477603	-1.136251	 35.323120	 2.739605	 0.675539	-52.364350	-0.352786	 1.276010	 35.556880	-0.202301	 3.178486	 36.024460	 2.411832	 5.494030	-52.520410	 39.007590	 20.375220	 27.137650	-6.436097	 19.357820	 32.910680	-5.387433	 19.254410	-57.899170	 18.466570	 10.398590	 33.996140	-3.686892	 9.480865	 35.137450	-0.646625	 10.763470	-53.750010	-51.281710	-9.954659	 11.445530	 23.982090	-0.549087	 0.208112	 14.789960	-0.368235	 3.437935	-0.000006	 0.000001	 90.000000	-90.000000	 0.000000	-86.406780	 177.642400	 8.601227	 111.084700	-0.813313	 0.122417	-8.559153	 12.236280	 10.972310	 52.931600	-1.045101	 10.743230	-0.604093	-2.262662	 22.375880	-11.302420	-11.666870	-4.636809	 35.944760	 2.477604	-1.136251	 35.323130	 2.739605	 0.675539	-52.364380	-0.352786	 1.276010	 35.556880	-0.202300	 3.178487	 36.024460	 2.411833	 5.494030	-52.520430	 39.007590	 20.375220	 27.137660	-6.436093	 19.357820	 32.910680	-5.387434	 19.254410	-57.899150	 18.466580	 10.398590	 33.996150	-3.686890	 9.480865	 35.137440	-0.646626	 10.763470	-53.750010	-51.281720	-9.954665	 11.445540	 23.982080	-0.549088	 0.208112	 14.789960	-0.368242	 3.437935	 0.000000	 90.000000	 0.000000	 177.641500	 1.693646	 173.691800	-177.179200	-1.281514	-6.296279
-0.001963	 0.002454	-0.116118	 179.305400	 0.221747	-89.965800	-0.000021	 0.000000	 0.000000	-0.000021	 0.000000	 0.000000	-3.525149	 11.225090	 114.920700	-0.813313	 0.122417	-8.559153	-39.721840	-22.971270	 34.504040	-46.877240	 33.730030	 8.058828	-1.508344	 27.119350	 0.905986	-11.666870	-4.636808	 35.944750	 2.477603	-1.136251	 35.323120	 2.739605	 0.675539	-52.364350	-0.352786	 1.276010	 35.556880	-0.202301	 3.178486	 36.024460	 2.411832	 5.494030	-52.520410	 39.007590	 20.375220	 27.137650	-6.436097	 19.357820	 32.910680	-5.387433	 19.254410	-57.899170	 18.466570	 10.398590	 33.996140	-3.686892	 9.480865	 35.137450	-0.646625	 10.763470	-53.750010	-51.281710	-9.954659	 11.445530	 23.982090	-0.549087	 0.208112	 14.789960	-0.368235	 3.437935	-0.000006	 0.000001	 90.000000	-90.000000	 0.000000	-86.406780	 177.642400	 8.601227	 111.084700	-0.813313	 0.122417	-8.559153	 12.236280	 10.972310	 52.931600	-1.045101	 10.743230	-0.604093	-2.262662	 22.375880	-11.302420	-11.666870	-4.636809	 35.944760	 2.477604	-1.136251	 35.323130	 2.739605	 0.675539	-52.364380	-0.352786	 1.276010	 35.556880	-0.202300	 3.178487	 36.024460	 2.411833	 5.494030	-52.520430	 39.007590	 20.375220	 27.137660	-6.436093	 19.357820	 32.910680	-5.387434	 19.254410	-57.899150	 18.466580	 10.398590	 33.996150	-3.686890	 9.480865	 35.137440	-0.646626	 10.763470	-53.750010	-51.281720	-9.954665	 11.445540	 23.982080	-0.549088	 0.208112	 14.789960	-0.368242	 3.437935	 0.000000	 90.000000	 0.000000	 177.641500	 1.693646	 173.691800	-177.179200	-1.281514	-6.296279
-0.001963	 0.002454	-0.116118	 179.305400	 0.221747	-89.965800	-0.000021	 0.000000	 0.000000	-0.000021	 0.000000	 0.000000	-3.525149	 11.225090	 114.920700	-0.813313	 0.122417	-8.559153	-39.721840	-22.971270	 34.504040	-46.877240	 33.730030	 8.058828	-1.508344	 27.119350	 0.905986	-11.666870	-4.636808	 35.944750	 2.477603	-1.136251	 35.323120	 2.739605	 0.675539	-52.364350	-0.352786	 1.276010	 35.556880	-0.202301	 3.178486	 36.024460	 2.411832	 5.494030	-52.520410	 39.007590	 20.375220	 27.137650	-6.436097	 19.357820	 32.910680	-5.387433	 19.254410	-57.899170	 18.466570	 10.398590	 33.996140	-3.686892	 9.480865	 35.137450	-0.646625	 10.763470	-53.750010	-51.281710	-9.954659	 11.445530	 23.982090	-0.549087	 0.208112	 14.789960	-0.368235	 3.437935	-0.000006	 0.000001	 90.000000	-90.000000	 0.000000	-86.406780	 177.642400	 8.601227	 111.084700	-0.813313	 0.122417	-8.559153	 12.236280	 10.972310	 52.931600	-1.045101	 10.743230	-0.604093	-2.262662	 22.375880	-11.302420	-11.666870	-4.636809	 35.944760	 2.477604	-1.136251	 35.323130	 2.739605	 0.675539	-52.364380	-0.352786	 1.276010	 35.556880	-0.202300	 3.178487	 36.024460	 2.411833	 5.494030	-52.520430	 39.007590	 20.375220	 27.137660	-6.436093	 19.357820	 32.910680	-5.387434	 19.254410	-57.899150	 18.466580	 10.398590	 33.996150	-3.686890	 9.480865	 35.137440	-0.646626	 10.763470	-53.750010	-51.281720	-9.954665	 11.445540	 23.982080	-0.549088	 0.208112	 14.789960	-0.368242	 3.437935	 0.000000	 90.000000	 0.000000	 177.641500	 1.693646	 173.691800	-177.179200	-1.281514	-6.296279
-0.001963	 0.002454	-0.116118	 179.305400	 0.221747	-89.965800	-0.000021	 0.000000	 0.000000	-0.000021	 0.000000	 0.000000	-3.525149	 11.225090	 114.920700	-0.813313	 0.122417	-8.559153	-39.721840	-22.971270	 34.504040	-46.877240	 33.730030	 8.058828	-1.508344	 27.119350	 0.905986	-11.666870	-4.636808	 35.944750	 2.477603	-1.136251	 35.323120	 2.739605	 0.675539	-52.364350	-0.352786	 1.276010	 35.556880	-0.202301	 3.178486	 36.024460	 2.411832	 5.494030	-52.520410	 39.007590	 20.375220	 27.137650	-6.436097	 19.357820	 32.910680	-5.387433	 19.254410	-57.899170	 18.466570	 10.398590	 33.996140	-3.686892	 9.480865	 35.137450	-0.646625	 10.763470	-53.750010	-51.281710	-9.954659	 11.445530	 23.982090	-0.549087	 0.208112	 14.789960	-0.368235	 3.437935	-0.000006	 0.000001	 90.000000	-90.000000	 0.000000	-86.406780	 177.642400	 8.601227	 111.084700	-0.813313	 0.122417	-8.559153	 12.236280	 10.972310	 52.931600	-1.045101	 10.743230	-0.604093	-2.262662	 22.375880	-11.302420	-11.666870	-4.636809	 35.944760	 2.477604	-1.136251	 35.323130	 2.739605	 0.675539	-52.364380	-0.352786	 1.276010	 35.556880	-0.202300	 3.178487	 36.024460	 2.411833	 5.494030	-52.520430	 39.007590	 20.375220	 27.137660	-6.436093	 19.357820	 32.910680	-5.387434	 19.254410	-57.899150	 18.466580	 10.398590	 33.996150	-3.686890	 9.480865	 35.137440	-0.646626	 10.763470	-53.750010	-51.281720	-9.954665	 11.445540	 23.982080	-0.549088	 0.208112	 14.789960	-0.368242	 3.437935	 0.000000	 90.000000	 0.000000	 177.641500	 1.693646	 173.691800	-177.179200	-1.281514	-6.296279
-0.001963	 0.002454	-0.116118	 179.305400	 0.221747	-89.965800	-0.000021	 0.000000	 0.000000	-0.000021	 0.000000	 0.000000	-3.525149	 11.225090	 114.920700	-0.813313	 0.122417	-8.559153	-39.721840	-22.971270	 34.504040	-46.877240	 33.730030	 8.058828	-1.508344	 27.119350	 0.905986	-11.666870	-4.636808	 35.944750	 2.477603	-1.136251	 35.323120	 2.739605	 0.675539	-52.364350	-0.352786	 1.276010	 35.556880	-0.202301	 3.178486	 36.024460	 2.411832	 5.494030	-52.520410	 39.007590	 20.375220	 27.137650	-6.436097	 19.357820	 32.910680	-5.387433	 19.254410	-57.899170	 18.466570	 10.398590	 33.996140	-3.686892	 9.480865	 35.137450	-0.646625	 10.763470	-53.750010	-51.281710	-9.954659	 11.445530	 23.982090	-0.549087	 0.208112	 14.789960	-0.368235	 3.437935	-0.000006	 0.000001	 90.000000	-90.000000	 0.000000	-86.406780	 177.642400	 8.601227	 111.084700	-0.813313	 0.122417	-8.559153	 12.236280	 10.972310	 52.931600	-1.045101	 10.743230	-0.604093	-2.262662	 22.375880	-11.302420	-11.666870	-4.636809	 35.944760	 2.477604	-1.136251	 35.323130	 2.739605	 0.675539	-52.364380	-0.352786	 1.276010	 35.556880	-0.202300	 3.178487	 36.024460	 2.411833	 5.494030	-52.520430	 39.007590	 20.375220	 27.137660	-6.436093	 19.357820	 32.910680	-5.387434	 19.254410	-57.899150	 18.466580	 10.398590	 33.996150	-3.686890	 9.480865	 35.137440	-0.646626	 10.763470	-53.750010	-51.281720	-9.954665	 11.445540	 23.982080	-0.549088	 0.208112	 14.789960	-0.368242	 3.437935	 0.000000	 90.000000	 0.000000	 177.641500	 1.693646	 173.691800	-177.179200	-1.281514	-6.296279
-0.001963	 0.002454	-0.116118	 179.305400	 0.221747	-89.965800	-0.000021	 0.000000	 0.000000	-0.000021	 0.000000	 0.000000	-3.525149	 11.225090	 114.920700	-0.813313	 0.122417	-8.559153	-39.721840	-22.971270	 34.504040	-46.877240	 33.730030	 8.058828	-1.508344	 27.119350	 0.905986	-11.666870	-4.636808	 35.944750	 2.477603	-1.136251	 35.323120	 2.739605	 0.675539	-52.364350	-0.352786	 1.276010	 35.556880	-0.202301	 3.178486	 36.024460	 2.411832	 5.494030	-52.520410	 39.007590	 20.375220	 27.137650	-6.436097	 19.357820	 32.910680	-5.387433	 19.254410	-57.899170	 18.466570	 10.398590	 33.996140	-3.686892	 9.480865	 35.137450	-0.646625	 10.763470	-53.750010	-51.281710	-9.954659	 11.445530	 23.982090	-0.549087	 0.208112	 14.789960	-0.368235	 3.437935	-0.000006	 0.000001	 90.000000	-90.000000	 0.000000	-86.406780	 177.642400	 8.601227	 111.084700	-0.813313	 0.122417	-8.559153	 12.236280	 10.972310	 52.931600	-1.045101	 10.743230	-0.604093	-2.262662	 22.375880	-11.302420	-11.666870	-4.636809	 35.944760	 2.477604	-1.136251	 35.323130	 2.739605	 0.675539	-52.364380	-0.352786	 1.276010	 35.556880	-0.202300	 3.178487	 36.024460	 2.411833	 5.494030	-52.520430	 39.007590	 20.375220	 27.137660	-6.436093	 19.357820	 32.910680	-5.387434	 19.254410	-57.899150	 18.466580	 10.398590	 33.996150	-3.686890	 9.480865	 35.137440	-0.646626	 10.763470	-53.750010	-51.281720	-9.954665	 11.445540	 23.982080	-0.549088	 0.208112	 14.789960	-0.368242	 3.437935	 0.000000	 90.000000	 0.000000	 177.641500	 1.693646	 173.691800	-177.179200	-1.281514	-6.296279
-0.001963	 0.002454	-0.116118	 179.305400	 0.221747	-89.965800	-0.000021	 0.000000	 0.000000	-0.000021	 0.000000	 0.000000	-3.525149	 11.225090	 114.920700	-0.813313	 0.122417	-8.559153	-39.721840	-22.971270	 34.504040	-46.877240	 33.730030	 8.058828	-1.508344	 27.119350	 0.905986	-11.666870	-4.636808	 35.944750	 2.477603	-1.136251	 35.323120	 2.739605	 0.675539	-52.364350	-0.352786	 1.276010	 35.556880	-0.202301	 3.178486	 36.024460	 2.411832	 5.494030	-52.520410	 39.007590	 20.375220	 27.137650	-6.436097	 19.357820	 32.910680	-5.387433	 19.254410	-57.899170	 18.466570	 10.398590	 33.996140	-3.686892	 9.480865	 35.137450	-0.646625	 10.763470	-53.750010	-51.281710	-9.954659	 11.445530	 23.982090	-0.549087	 0.208112	 14.789960	-0.368235	 3.437935	-0.000006	 0.000001	 90.000000	-90.000000	 0.000000	-86.406780	 177.642400	 8.601227	 111.084700	-0.813313	 0.122417	-8.559153	 12.236280	 10.972310	 52.931600	-1.045101	 10.743230	-0.604093	-2.262662	 22.375880	-11.302420	-11.666870	-4.636809	 35.944760	 2.477604	-1.136251	 35.323130	 2.739605	 0.675539	-52.364380	-0.352786	 1.276010	 35.556880	-0.202300	 3.178487	 36.024460	 2.411833	 5.494030	-52.520430	 39.007590	 20.375220	 27.137660	-6.436093	 19.357820	 32.910680	-5.387434	 19.254410	-57.899150	 18.466580	 10.398590	 33.996150	-3.686890	 9.480865	 35.137440	-0.646626	 10.763470	-53.750010	-51.281720	-9.954665	 11.445540	 23.982080	-0.549088	 0.208112	 14.789960	-0.368242	 3.437935	 0.000000	 90.000000	 0.000000	 177.641500	 1.693646	 173.691800	-177.179200	-1.281514	-6.296279
-0.001963	 0.002454	-0.116118	 179.305400	 0.221747	-89.965800	-0.000021	 0.000000	 0.000000	-0.000021	 0.000000	 0.000000	-3.525149	 11.225090	 114.920700	-0.813313	 0.122417	-8.559153	-39.721840	-22.971270	 34.504040	-46.877240	 33.730030	 8.058828	-1.508344	 27.119350	 0.905986	-11.666870	-4.636808	 35.944750	 2.477603	-1.136251	 35.323120	 2.739605	 0.675539	-52.364350	-0.352786	 1.276010	 35.556880	-0.202301	 3.178486	 36.024460	 2.411832	 5.494030	-52.520410	 39.007590	 20.375220	 27.137650	-6.436097	 19.357820	 32.910680	-5.387433	 19.254410	-57.899170	 18.466570	 10.398590	 33.996140	-3.686892	 9.480865	 35.137450	-0.646625	 10.763470	-53.750010	-51.281710	-9.954659	 11.445530	 23.982090	-0.549087	 0.208112	 14.789960	-0.368235	 3.437935	-0.000006	 0.000001	 90.000000	-90.000000	 0.000000	-86.406780	 177.642400	 8.601227	 111.084700	-0.813313	 0.122417	-8.559153	 12.236280	 10.972310	 52.931600	-1.045101	 10.743230	-0.604093	-2.262662	 22.375880	-11.302420	-11.666870	-4.636809	 35.944760	 2.477604	-1.136251	 35.323130	 2.739605	 0.675539	-52.364380	-0.352786	 1.276010	 35.556880	-0.202300	 3.178487	 36.024460	 2.411833	 5.494030	-52.520430	 39.007590	 20.375220	 27.137660	-6.436093	 19.357820	 32.910680	-5.387434	 19.254410	-57.899150	 18.466580	 10.398590	 33.996150	-3.686890	 9.480865	 35.137440	-0.646626	 10.763470	-53.750010	-51.281720	-9.954665	 11.445540	 23.982080	-0.549088	 0.208112	 14.789960	-0.368242	 3.437935	 0.000000	 90.000000	 0.000000	 177.641500	 1.693646	 173.691800	-177.179200	-1.281514	-6.296279
-0.001963	 0.002454	-0.116118	 179.305400	 0.221747	-89.965800	-0.000021	 0.000000	 0.000000	-0.000021	 0.000000	 0.000000	-3.525149	 11.225090	 114.920700	-0.813313	 0.122417	-8.559153	-39.721840	-22.971270	 34.504040	-46.877240	 33.730030	 8.058828	-1.508344	 27.119350	 0.905986	-11.666870	-4.636808	 35.944750	 2.477603	-1.136251	 35.323120	 2.739605	 0.675539	-52.364350	-0.352786	 1.276010	 35.556880	-0.202301	 3.178486	 36.024460	 2.411832	 5.494030	-52.520410	 39.007590	 20.375220	 27.137650	-6.436097	 19.357820	 32.910680	-5.387433	 19.254410	-57.899170	 18.466570	 10.398590	 33.996140	-3.686892	 9.480865	 35.137450	-0.646625	 10.763470	-53.750010	-51.281710	-9.954659	 11.445530	 23.982090	-0.549087	 0.208112	 14.789960	-0.368235	 3.437935	-0.000006	 0.000001	 90.000000	-90.000000	 0.000000	-86.406780	 177.642400	 8.601227	 111.084700	-0.813313	 0.122417	-8.559153	 12.236280	 10.972310	 52.931600	-1.045101	 10.743230	-0.604093	-2.262662	 22.375880	-11.302420	-11.666870	-4.636809	 35.944760	 2.477604	-1.136251	 35.323130	 2.739605	 0.675539	-52.364380	-0.352786	 1.276010	 35.556880	-0.202300	 3.178487	 36.024460	 2.411833	 5.494030	-52.520430	 39.007590	 20.375220	 27.137660	-6.436093	 19.357820	 32.910680	-5.387434	 19.254410	-57.899150	 18.466580	 10.398590	 33.996150	-3.686890	 9.480865	 35.137440	-0.646626	 10.763470	-53.750010	-51.281720	-9.954665	 11.445540	 23.982080	-0.549088	 0.208112	 14.789960	-0.368242	 3.437935	 0.000000	 90.000000	 0.000000	 177.641500	 1.693646	 173.691800	-177.179200	-1.281514	-6.296279
-0.001963	 0.002454	-0.116118	 179.305400	 0.221747	-89.965800	-0.000021	 0.000000	 0.000000	-0.000021	 0.000000	 0.000000	-3.525149	 11.225090	 114.920700	-0.813313	 0.122417	-8.559153	-39.721840	-22.971270	 34.504040	-46.877240	 33.730030	 8.058828	-1.508344	 27.119350	 0.905986	-11.666870	-4.636808	 35.944750	 2.477603	-1.136251	 35.323120	 2.739605	 0.675539	-52.364350	-0.352786	 1.276010	 35.556880	-0.202301	 3.178486	 36.024460	 2.411832	 5.494030	-52.520410	 39.007590	 20.375220	 27.137650	-6.436097	 19.357820	 32.910680	-5.387433	 19.254410	-57.899170	 18.466570	 10.398590	 33.996140	-3.686892	 9.480865	 35.137450	-0.646625	 10.763470	-53.750010	-51.281710	-9.954659	 11.445530	 23.982090	-0.549087	 0.208112	 14.789960	-0.368235	 3.437935	-0.000006	 0.000001	 90.000000	-90.000000	 0.000000	-86.406780	 177.642400	 8.601227	 111.084700	-0.813313	 0.122417	-8.559153	 12.236280	 10.972310	 52.931600	-1.045101	 10.743230	-0.604093	-2.262662	 22.375880	-11.302420	-11.666870	-4.636809	 35.944760	 2.477604	-1.136251	 35.323130	 2.739605	 0.675539	-52.364380	-0.352786	 1.276010	 35.556880	-0.202300	 3.178487	 36.024460	 2.411833	 5.494030	-52.520430	 39.007590	 20.375220	 27.137660	-6.436093	 19.357820	 32.910680	-5.387434	 19.254410	-57.899150	 18.466580	 10.398590	 33.996150	-3.686890	 9.480865	 35.137440	-0.646626	 10.763470	-53.750010	-51.281720	-9.954665	 11.445540	 23.982080	-0.549088	 0.208112	 14.789960	-0.368242	 3.437935	 0.000000	 90.000000	 0.000000	 177.641500	 1.693646	 173.691800	-177.179200	-1.281514	-6.296279
-0.001963	 0.002454	-0.116118	 179.305400	 0.221747	-89.965800	-0.000021	 0.000000	 0.000000	-0.000021	 0.000000	 0.000000	-3.525149	 11.225090	 114.920700	-0.813313	 0.122417	-8.559153	-39.721840	-22.971270	 34.504040	-46.877240	 33.730030	 8.058828	-1.508344	 27.119350	 0.905986	-11.666870	-4.636808	 35.944750	 2.477603	-1.136251	 35.323120	 2.739605	 0.675539	-52.364350	-0.352786	 1.276010	 35.556880	-0.202301	 3.178486	 36.024460	 2.411832	 5.494030	-52.520410	 39.007590	 20.375220	 27.137650	-6.436097	 19.357820	 32.910680	-5.387433	 19.254410	-57.899170	 18.466570	 10.398590	 33.996140	-3.686892	 9.480865	 35.137450	-0.646625	 10.763470	-53.750010	-51.281710	-9.954659	 11.445530	 23.982090	-0.549087	 0.208112	 14.789960	-0.368235	 3.437935	-0.000006	 0.000001	 90.000000	-90.000000	 0.000000	-86.406780	 177.642400	 8.601227	 111.084700	-0.813313	 0.122417	-8.559153	 12.236280	 10.972310	 52.931600	-1.045101	 10.743230	-0.604093	-2.262662	 22.375880	-11.302420	-11.666870	-4.636809	 35.944760	 2.477604	-1.136251	 35.323130	 2.739605	 0.675539	-52.364380	-0.352786	 1.276010	 35.556880	-0.202300	 3.178487	 36.024460	 2.411833	 5.494030	-52.520430	 39.007590	 20.375220	 27.137660	-6.436093	 19.357820	 32.910680	-5.387434	 19.254410	-57.899150	 18.466580	 10.398590	 33.996150	-3.686890	 9.480865	 35.137440	-0.646626	 10.763470	-53.750010	-51.281720	-9.954665	 11.445540	 23.982080	-0.549088	 0.208112	 14.789960	-0.368242	 3.437935	 0.000000	 90.000000	 0.000000	 177.641500	 1.693646	 173.691800	-177.179200	-1.281514	-6.296279
-0.001963	 0.002454	-0.116118	 179.305400	 0.221747	-89.965800	-0.000021	 0.000000	 0.000000	-0.000021	 0.000000	 0.000000	-3.525149	 11.225090	 114.920700	-0.813313	 0.122417	-8.559153	-39.721840	-22.971270	 34.504040	-46.877240	 33.730030	 8.058828	-1.508344	 27.119350	 0.905986	-11.666870	-4.636808	 35.944750	 2.477603	-1.136251	 35.323120	 2.739605	 0.675539	-52.364350	-0.352786	 1.276010	 35.556880	-0.202301	 3.178486	 36.024460	 2.411832	 5.494030	-52.520410	 39.007590	 20.375220	 27.137650	-6.436097	 19.357820	 32.910680	-5.387433	 19.254410	-57.899170	 18.466570	 10.398590	 33.996140	-3.686892	 9.480865	 35.137450	-0.646625	 10.763470	-53.750010	-51.281710	-9.954659	 11.445530	 23.982090	-0.549087	 0.208112	 14.789960	-0.368235	 3.437935	-0.000006	 0.000001	 90.000000	-90.000000	 0.000000	-86.406780	 177.642400	 8.601227	 111.084700	-0.813313	 0.122417	-8.559153	 12.236280	 10.972310	 52.931600	-1.045101	 10.743230	-0.604093	-2.262662	 22.375880	-11.302420	-11.666870	-4.636809	 35.944760	 2.477604	-1.136251	 35.323130	 2.739605	 0.675539	-52.364380	-0.352786	 1.276010	 35.556880	-0.202300	 3.178487	 36.024460	 2.411833	 5.494030	-52.520430	 39.007590	 20.375220	 27.137660	-6.436093	 19.357820	 32.910680	-5.387434	 19.254410	-57.899150	 18.466580	 10.398590	 33.996150	-3.686890	 9.480865	 35.137440	-0.646626	 10.763470	-53.750010	-51.281720	-9.954665	 11.445540	 23.982080	-0.549088	 0.208112	 14.789960	-0.368242	 3.437935	 0.000000	 90.000000	 0.000000	 177.641500	 1.693646	 173.691800	-177.179200	-1.281514	-6.296279
-0.001963	 0.002454	-0.116118	 179.305400	 0.221747	-89.965800	-0.000021	 0.000000	 0.000000	-0.000021	 0.000000	 0.000000	-3.525149	 11.225090	 114.920700	-0.813313	 0.122417	-8.559153	-39.721840	-22.971270	 34.504040	-46.877240	 33.730030	 8.058828	-1.508344	 27.119350	 0.905986	-11.666870	-4.636808	 35.944750	 2.477603	-1.136251	 35.323120	 2.739605	 0.675539	-52.364350	-0.352786	 1.276010	 35.556880	-0.202301	 3.178486	 36.024460	 2.411832	 5.494030	-52.520410	 39.007590	 20.375220	 27.137650	-6.436097	 19.357820	 32.910680	-5.387433	 19.254410	-57.899170	 18.466570	 10.398590	 33.996140	-3.686892	 9.480865	 35.137450	-0.646625	 10.763470	-53.750010	-51.281710	-9.954659	 11.445530	 23.982090	-0.549087	 0.208112	 14.789960	-0.368235	 3.437935	-0.000006	 0.000001	 90.000000	-90.000000	 0.000000	-86.406780	 177.642400	 8.601227	 111.084700	-0.813313	 0.122417	-8.559153	 12.236280	 10.972310	 52.931600	-1.045101	 10.743230	-0.604093	-2.262662	 22.375880	-11.302420	-11.666870	-4.636809	 35.944760	 2.477604	-1.136251	 35.323130	 2.739605	 0.675539	-52.364380	-0.352786	 1.276010	 35.556880	-0.202300	 3.178487	 36.024460	 2.411833	 5.494030	-52.520430	 39.007590	 20.375220	 27.137660	-6.436093	 19.357820	 32.910680	-5.387434	 19.254410	-57.899150	 18.466580	 10.398590	 33.996150	-3.686890	 9.480865	 35.137440	-0.646626	 10.763470	-53.750010	-51.281720	-9.954665	 11.445540	 23.982080	-0.549088	 0.208112	 14.789960	-0.368242	 3.437935	 0.000000	 90.000000	 0.000000	 177.641500	 1.693646	 173.691800	-177.179200	-1.281514	-6.296279
-0.001963	 0.002454	-0.116118	 179.305400	 0.221747	-89.965800	-0.000021	 0.000000	 0.000000	-0.000021	 0.000000	 0.000000	-3.525149	 11.225090	 114.920700	-0.813313	 0.122417	-8.559153	-39.721840	-22.971270	 34.504040	-46.877240	 33.730030	 8.058828	-1.508344	 27.119350	 0.905986	-11.666870	-4.636808	 35.944750	 2.477603	-1.136251	 35.323120	 2.739605	 0.675539	-52.364350	-0.352786	 1.276010	 35.556880	-0.202301	 3.178486	 36.024460	 2.411832	 5.494030	-52.520410	 39.007590	 20.375220	 27.137650	-6.436097	 19.357820	 32.910680	-5.387433	 19.254410	-57.899170	 18.466570	 10.398590	 33.996140	-3.686892	 9.480865	 35.137450	-0.646625	 10.763470	-53.750010	-51.281710	-9.954659	 11.445530	 23.982090	-0.549087	 0.208112	 14.789960	-0.368235	 3.437935	-0.000006	 0.000001	 90.000000	-90.000000	 0.000000	-86.406780	 177.642400	 8.601227	 111.084700	-0.813313	 0.122417	-8.559153	 12.236280	 10.972310	 52.931600	-1.045101	 10.743230	-0.604093	-2.262662	 22.375880	-11.302420	-11.666870	-4.636809	 35.944760	 2.477604	-1.136251	 35.323130	 2.739605	 0.675539	-52.364380	-0.352786	 1.276010	 35.556880	-0.202300	 3.178487	 36.024460	 2.411833	 5.494030	-52.520430	 39.007590	 20.375220	 27.137660	-6.436093	 19.357820	 32.910680	-5.387434	 19.254410	-57.899150	 18.466580	 10.398590	 33.996150	-3.686890	 9.480865	 35.137440	-0.646626	 10.763470	-53.750010	-51.281720	-9.954665	 11.445540	 23.982080	-0.549088	 0.208112	 14.789960	-0.368242	 3.437935	 0.000000	 90.000000	 0.000000	 177.641500	 1.693646	 173.691800	-177.179200	-1.281514	-6.296279
-0.001963	 0.002454	-0.116118	 179.305400	 0.221747	-89.965800	-0.000021	 0.000000	 0.000000	-0.000021	 0.000000	 0.000000	-3.525149	 11.225090	 114.920700	-0.813313	 0.122417	-8.559153	-39.721840	-22.971270	 34.504040	-46.877240	 33.730030	 8.058828	-1.508344	 27.119350	 0.905986	-11.666870	-4.636808	 35.944750	 2.477603	-1.136251	 35.323120	 2.739605	 0.675539	-52.364350	-0.352786	 1.276010	 35.556880	-0.202301	 3.178486	 36.024460	 2.411832	 5.494030	-52.520410	 39.007590	 20.375220	 27.137650	-6.436097	 19.357820	 32.910680	-5.387433	 19.254410	-57.899170	 18.466570	 10.398590	 33.996140	-3.686892	 9.480865	 35.137450	-0.646625	 10.763470	-53.750010	-51.281710	-9.954659	 11.445530	 23.982090	-0.549087	 0.208112	 14.789960	-0.368235	 3.437935	-0.000006	 0.000001	 90.000000	-90.000000	 0.000000	-86.406780	 177.642400	 8.601227	 111.084700	-0.813313	 0.122417	-8.559153	 12.236280	 10.972310	 52.931600	-1.045101	 10.743230	-0.604093	-2.262662	 22.375880	-11.302420	-11.666870	-4.636809	 35.944760	 2.477604	-1.136251	 35.323130	 2.739605	 0.675539	-52.364380	-0.352786	 1.276010	 35.556880	-0.202300	 3.178487	 36.024460	 2.411833	 5.494030	-52.520430	 39.007590	 20.375220	 27.137660	-6.436093	 19.357820	 32.910680	-5.387434	 19.254410	-57.899150	 18.466580	 10.398590	 33.996150	-3.686890	 9.480865	 35.137440	-0.646626	 10.763470	-53.750010	-51.281720	-9.954665	 11.445540	 23.982080	-0.549088	 0.208112	 14.789960	-0.368242	 3.437935	 0.000000	 90.000000	 0.000000	 177.641500	 1.693646	 173.691800	-177.179200	-1.281514	-6.296279
-0.001963	 0.002454	-0.116118	 179.305400	 0.221747	-89.965800	-0.000021	 0.000000	 0.000000	-0.000021	 0.000000	 0.000000	-3.525149	 11.225090	 114.920700	-0.813313	 0.122417	-8.559153	-39.721840	-22.971270	 34.504040	-46.877240	 33.730030	 8.058828	-1.508344	 27.119350	 0.905986	-11.666870	-4.636808	 35.944750	 2.477603	-1.136251	 35.323120	 2.739605	 0.675539	-52.364350	-0.352786	 1.276010	 35.556880	-0.202301	 3.178486	 36.024460	 2.411832	 5.494030	-52.520410	 39.007590	 20.375220	 27.137650	-6.436097	 19.357820	 32.910680	-5.387433	 19.254410	-57.899170	 18.466570	 10.398590	 33.996140	-3.686892	 9.480865	 35.137450	-0.646625	 10.763470	-53.750010	-51.281710	-9.954659	 11.445530	 23.982090	-0.549087	 0.208112	 14.789960	-0.368235	 3.437935	-0.000006	 0.000001	 90.000000	-90.000000	 0.000000	-86.406780	 177.642400	 8.601227	 111.084700	-0.813313	 0.122417	-8.559153	 12.236280	 10.972310	 52.931600	-1.045101	 10.743230	-0.604093	-2.262662	 22.375880	-11.302420	-11.666870	-4.636809	 35.944760	 2.477604	-1.136251	 35.323130	 2.739605	 0.675539	-52.364380	-0.352786	 1.276010	 35.556880	-0.202300	 3.178487	 36.024460	 2.411833	 5.494030	-52.520430	 39.007590	 20.375220	 27.137660	-6.436093	 19.357820	 32.910680	-5.387434	 19.254410	-57.899150	 18.466580	 10.398590	 33.996150	-3.686890	 9.480865	 35.137440	-0.646626	 10.763470	-53.750010	-51.281720	-9.954665	 11.445540	 23.982080	-0.549088	 0.208112	 14.789960	-0.368242	 3.437935	 0.000000	 90.000000	 0.000000	 177.641500	 1.693646	 173.691800	-177.179200	-1.281514	-6.296279
-0.001963	 0.002454	-0.116118	 179.305400	 0.221747	-89.965800	-0.000021	 0.000000	 0.000000	-0.000021	 0.000000	 0.000000	-3.525149	 11.225090	 114.920700	-0.813313	 0.122417	-8.559153	-39.721840	-22.971270	 34.504040	-46.877240	 33.730030	 8.058828	-1.508344	 27.119350	 0.905986	-11.666870	-4.636808	 35.944750	 2.477603	-1.136251	 35.323120	 2.739605	 0.675539	-52.364350	-0.352786	 1.276010	 35.556880	-0.202301	 3.178486	 36.024460	 2.411832	 5.494030	-52.520410	 39.007590	 20.375220	 27.137650	-6.436097	 19.357820	 32.910680	-5.387433	 19.254410	-57.899170	 18.466570	 10.398590	 33.996140	-3.686892	 9.480865	 35.137450	-0.646625	 10.763470	-53.750010	-51.281710	-9.954659	 11.445530	 23.982090	-0.549087	 0.208112	 14.789960	-0.368235	 3.437935	-0.000006	 0.000001	 90.000000	-90.000000	 0.000000	-86.406780	 177.642400	 8.601227	 111.084700	-0.813313	 0.122417	-8.559153	 12.236280	 10.972310	 52.931600	-1.045101	 10.743230	-0.604093	-2.262662	 22.375880	-11.302420	-11.666870	-4.636809	 35.944760	 2.477604	-1.136251	 35.323130	 2.739605	 0.675539	-52.364380	-0.352786	 1.276010	 35.556880	-0.202300	 3.178487	 36.024460	 2.411833	 5.494030	-52.520430	 39.007590	 20.375220	 27.137660	-6.436093	 19.357820	 32.910680	-5.387434	 19.254410	-57.899150	 18.466580	 10.398590	 33.996150	-3.686890	 9.480865	 35.137440	-0.646626	 10.763470	-53.750010	-51.281720	-9.954665	 11.445540	 23.982080	-0.549088	 0.208112	 14.789960	-0.368242	 3.437935	 0.000000	 90.000000	 0.000000	 177.641500	 1.693646	 173.691800	-177.179200	-1.281514	-6.296279
-0.001963	 0.002454	-0.116118	 179.305400	 0.221747	-89.965800	-0.000021	 0.000000	 0.000000	-0.000021	 0.000000	 0.000000	-3.525149	 11.225090	 114.920700	-0.813313	 0.122417	-8.559153	-39.721840	-22.971270	 34.504040	-46.877240	 33.730030	 8.058828	-1.508344	 27.119350	 0.905986	-11.666870	-4.636808	 35.944750	 2.477603	-1.136251	 35.323120	 2.739605	 0.675539	-52.364350	-0.352786	 1.276010	 35.556880	-0.202301	 3.178486	 36.024460	 2.411832	 5.494030	-52.520410	 39.007590	 20.375220	 27.137650	-6.436097	 19.357820	 32.910680	-5.387433	 19.254410	-57.899170	 18.466570	 10.398590	 33.996140	-3.686892	 9.480865	 35.137450	-0.646625	 10.763470	-53.750010	-51.281710	-9.954659	 11.445530	 23.982090	-0.549087	 0.208112	 14.789960	-0.368235	 3.437935	-0.000006	 0.000001	 90.000000	-90.000000	 0.000000	-86.406780	 177.642400	 8.601227	 111.084700	-0.813313	 0.122417	-8.559153	 12.236280	 10.972310	 52.931600	-1.045101	 10.743230	-0.604093	-2.262662	 22.375880	-11.302420	-11.666870	-4.636809	 35.944760	 2.477604	-1.136251	 35.323130	 2.739605	 0.675539	-52.364380	-0.352786	 1.276010	 35.556880	-0.202300	 3.178487	 36.024460	 2.411833	 5.494030	-52.520430	 39.007590	 20.375220	 27.137660	-6.436093	 19.357820	 32.910680	-5.387434	 19.254410	-57.899150	 18.466580	 10.398590	 33.996150	-3.686890	 9.480865	 35.137440	-0.646626	 10.763470	-53.750010	-51.281720	-9.954665	 11.445540	 23.982080	-0.549088	 0.208112	 14.789960	-0.368242	 3.437935	 0.000000	 90.000000	 0.000000	 177.641500	 1.693646	 173.691800	-177.179200	-1.281514	-6.296279
-0.001963	 0.002454	-0.116118	 179.305400	 0.221747	-89.965800	-0.000021	 0.000000	 0.000000	-0.000021	 0.000000	 0.000000	-3.525149	 11.225090	 114.920700	-0.813313	 0.122417	-8.559153	-39.721840	-22.971270	 34.504040	-46.877240	 33.730030	 8.058828	-1.508344	 27.119350	 0.905986	-11.666870	-4.636808	 35.944750	 2.477603	-1.136251	 35.323120	 2.739605	 0.675539	-52.364350	-0.352786	 1.276010	 35.556880	-0.202301	 3.178486	 36.024460	 2.411832	 5.494030	-52.520410	 39.007590	 20.375220	 27.137650	-6.436097	 19.357820	 32.910680	-5.387433	 19.254410	-57.899170	 18.466570	 10.398590	 33.996140	-3.686892	 9.480865	 35.137450	-0.646625	 10.763470	-53.750010	-51.281710	-9.954659	 11.445530	 23.982090	-0.549087	 0.208112	 14.789960	-0.368235	 3.437935	-0.000006	 0.000001	 90.000000	-90.000000	 0.000000	-86.406780	 177.642400	 8.601227	 111.084700	-0.813313	 0.122417	-8.559153	 12.236280	 10.972310	 52.931600	-1.045101	 10.743230	-0.604093	-2.262662	 22.375880	-11.302420	-11.666870	-4.636809	 35.944760	 2.477604	-1.136251	 35.323130	 2.739605	 0.675539	-52.364380	-0.352786	 1.276010	 35.556880	-0.202300	 3.178487	 36.024460	 2.411833	 5.494030	-52.520430	 39.007590	 20.375220	 27.137660	-6.436093	 19.357820	 32.910680	-5.387434	 19.254410	-57.899150	 18.466580	 10.398590	 33.996150	-3.686890	 9.480865	 35.137440	-0.646626	 10.763470	-53.750010	-51.281720	-9.954665	 11.445540	 23.982080	-0.549088	 0.208112	 14.789960	-0.368242	 3.437935	 0.000000	 90.000000	 0.000000	 177.641500	 1.693646	 173.691800	-177.179200	-1.281514	-6.296279
-0.001963	 0.002454	-0.116118	 179.305400	 0.221747	-89.965800	-0.000021	 0.000000	 0.000000	-0.000021	 0.000000	 0.000000	-3.525149	 11.225090	 114.920700	-0.813313	 0.122417	-8.559153	-39.721840	-22.971270	 34.504040	-46.877240	 33.730030	 8.058828	-1.508344	 27.119350	 0.905986	-11.666870	-4.636808	 35.944750	 2.477603	-1.136251	 35.323120	 2.739605	 0.675539	-52.364350	-0.352786	 1.276010	 35.556880	-0.202301	 3.178486	 36.024460	 2.411832	 5.494030	-52.520410	 39.007590	 20.375220	 27.137650	-6.436097	 19.357820	 32.910680	-5.387433	 19.254410	-57.899170	 18.466570	 10.398590	 33.996140	-3.686892	 9.480865	 35.137450	-0.646625	 10.763470	-53.750010	-51.281710	-9.954659	 11.445530	 23.982090	-0.549087	 0.208112	 14.789960	-0.368235	 3.437935	-0.000006	 0.000001	 90.000000	-90.000000	 0.000000	-86.406780	 177.642400	 8.601227	 111.084700	-0.813313	 0.122417	-8.559153	 12.236280	 10.972310	 52.931600	-1.045101	 10.743230	-0.604093	-2.262662	 22.375880	-11.302420	-11.666870	-4.636809	 35.944760	 2.477604	-1.136251	 35.323130	 2.739605	 0.675539	-52.364380	-0.352786	 1.276010	 35.556880	-0.202300	 3.178487	 36.024460	 2.411833	 5.494030	-52.520430	 39.007590	 20.375220	 27.137660	-6.436093	 19.357820	 32.910680	-5.387434	 19.254410	-57.899150	 18.466580	 10.398590	 33.996150	-3.686890	 9.480865	 35.137440	-0.646626	 10.763470	-53.750010	-51.281720	-9.954665	 11.445540	 23.982080	-0.549088	 0.208112	 14.789960	-0.368242	 3.437935	 0.000000	 90.000000	 0.000000	 177.641500	 1.693646	 173.691800	-177.179200	-1.281514	-6.296279
-0.001963	 0.002454	-0.116118	 179.305400	 0.221747	-89.965800	-0.000021	 0.000000	 0.000000	-0.000021	 0.000000	 0.000000	-3.525149	 11.225090	 114.920700	-0.813313	 0.122417	-8.559153	-39.721840	-22.971270	 34.504040	-46.877240	 33.730030	 8.058828	-1.508344	 27.119350	 0.905986	-11.666870	-4.636808	 35.944750	 2.477603	-1.136251	 35.323120	 2.739605	 0.675539	-52.364350	-0.352786	 1.276010	 35.556880	-0.202301	 3.178486	 36.024460	 2.411832	 5.494030	-52.520410	 39.007590	 20.375220	 27.137650	-6.436097	 19.357820	 32.910680	-5.387433	 19.254410	-57.899170	 18.466570	 10.398590	 33.996140	-3.686892	 9.480865	 35.137450	-0.646625	 10.763470	-53.750010	-51.281710	-9.954659	 11.445530	 23.982090	-0.549087	 0.208112	 14.789960	-0.368235	 3.437935	-0.000006	 0.000001	 90.000000	-90.000000	 0.000000	-86.406780	 177.642400	 8.601227	 111.084700	-0.813313	 0.122417	-8.559153	 12.236280	 10.972310	 52.931600	-1.045101	 10.743230	-0.604093	-2.262662	 22.375880	-11.302420	-11.666870	-4.636809	 35.944760	 2.477604	-1.136251	 35.323130	 2.739605	 0.675539	-52.364380	-0.352786	 1.276010	 35.556880	-0.202300	 3.178487	 36.024460	 2.411833	 5.494030	-52.520430	 39.007590	 20.375220	 27.137660	-6.436093	 19.357820	 32.910680	-5.387434	 19.254410	-57.899150	 18.466580	 10.398590	 33.996150	-3.686890	 9.480865	 35.137440	-0.646626	 10.763470	-53.750010	-51.281720	-9.954665	 11.445540	 23.982080	-0.549088	 0.208112	 14.789960	-0.368242	 3.437935	 0.000000	 90.000000	 0.000000	 177.641500	 1.693646	 173.691800	-177.179200	-1.281514	-6.296279
-0.001963	 0.002454	-0.116118	 179.305400	 0.221747	-89.965800	-0.000021	 0.000000	 0.000000	-0.000021	 0.000000	 0.000000	-3.525149	 11.225090	 114.920700	-0.813313	 0.122417	-8.559153	-39.721840	-22.971270	 34.504040	-46.877240	 33.730030	 8.058828	-1.508344	 27.119350	 0.905986	-11.666870	-4.636808	 35.944750	 2.477603	-1.136251	 35.323120	 2.739605	 0.675539	-52.364350	-0.352786	 1.276010	 35.556880	-0.202301	 3.178486	 36.024460	 2.411832	 5.494030	-52.520410	 39.007590	 20.375220	 27.137650	-6.436097	 19.357820	 32.910680	-5.387433	 19.254410	-57.899170	 18.466570	 10.398590	 33.996140	-3.686892	 9.480865	 35.137450	-0.646625	 10.763470	-53.750010	-51.281710	-9.954659	 11.445530	 23.982090	-0.549087	 0.208112	 14.789960	-0.368235	 3.437935	-0.000006	 0.000001	 90.000000	-90.000000	 0.000000	-86.406780	 177.642400	 8.601227	 111.084700	-0.813313	 0.122417	-8.559153	 12.236280	 10.972310	 52.931600	-1.045101	 10.743230	-0.604093	-2.262662	 22.375880	-11.302420	-11.666870	-4.636809	 35.944760	 2.477604	-1.136251	 35.323130	 2.739605	 0.675539	-52.364380	-0.352786	 1.276010	 35.556880	-0.202300	 3.178487	 36.024460	 2.411833	 5.494030	-52.520430	 39.007590	 20.375220	 27.137660	-6.436093	 19.357820	 32.910680	-5.387434	 19.254410	-57.899150	 18.466580	 10.398590	 33.996150	-3.686890	 9.480865	 35.137440	-0.646626	 10.763470	-53.750010	-51.281720	-9.954665	 11.445540	 23.982080	-0.549088	 0.208112	 14.789960	-0.368242	 3.437935	 0.000000	 90.000000	 0.000000	 177.641500	 1.693646	 173.691800	-177.179200	-1.281514	-6.296279
-0.001963	 0.002454	-0.116118	 179.305400	 0.221747	-89.965800	-0.000021	 0.000000	 0.000000	-0.000021	 0.000000	 0.000000	-3.525149	 11.225090	 114.920700	-0.813313	 0.122417	-8.559153	-39.721840	-22.971270	 34.504040	-46.877240	 33.730030	 8.058828	-1.508344	 27.119350	 0.905986	-11.666870	-4.636808	 35.944750	 2.477603	-1.136251	 35.323120	 2.739605	 0.675539	-52.364350	-0.352786	 1.276010	 35.556880	-0.202301	 3.178486	 36.024460	 2.411832	 5.494030	-52.520410	 39.007590	 20.375220	 27.137650	-6.436097	 19.357820	 32.910680	-5.387433	 19.254410	-57.899170	 18.466570	 10.398590	 33.996140	-3.686892	 9.480865	 35.137450	-0.646625	 10.763470	-53.750010	-51.281710	-9.954659	 11.445530	 23.982090	-0.549087	 0.208112	 14.789960	-0.368235	 3.437935	-0.000006	 0.000001	 90.000000	-90.000000	 0.000000	-86.406780	 177.642400	 8.601227	 111.084700	-0.813313	 0.122417	-8.559153	 12.236280	 10.972310	 52.931600	-1.045101	 10.743230	-0.604093	-2.262662	 22.375880	-11.302420	-11.666870	-4.636809	 35.944760	 2.477604	-1.136251	 35.323130	 2.739605	 0.675539	-52.364380	-0.352786	 1.276010	 35.556880	-0.202300	 3.178487	 36.024460	 2.411833	 5.494030	-52.520430	 39.007590	 20.375220	 27.137660	-6.436093	 19.357820	 32.910680	-5.387434	 19.254410	-57.899150	 18.466580	 10.398590	 33.996150	-3.686890	 9.480865	 35.137440	-0.646626	 10.763470	-53.750010	-51.281720	-9.954665	 11.445540	 23.982080	-0.549088	 0.208112	 14.789960	-0.368242	 3.437935	 0.000000	 90.000000	 0.000000	 177.641500	 1.693646	 173.691800	-177.179200	-1.281514	-6.296279
-0.001963	 0.002454	-0.116118	 179.305400	 0.221747	-89.965800	-0.000021	 0.000000	 0.000000	-0.000021	 0.000000	 0.000000	-3.525149	 11.225090	 114.920700	-0.813313	 0.122417	-8.559153	-39.721840	-22.971270	 34.504040	-46.877240	 33.730030	 8.058828	-1.508344	 27.119350	 0.905986	-11.666870	-4.636808	 35.944750	 2.477603	-1.136251	 35.323120	 2.739605	 0.675539	-52.364350	-0.352786	 1.276010	 35.556880	-0.202301	 3.178486	 36.024460	 2.411832	 5.494030	-52.520410	 39.007590	 20.375220	 27.137650	-6.436097	 19.357820	 32.910680	-5.387433	 19.254410	-57.899170	 18.466570	 10.398590	 33.996140	-3.686892	 9.480865	 35.137450	-0.646625	 10.763470	-53.750010	-51.281710	-9.954659	 11.445530	 23.982090	-0.549087	 0.208112	 14.789960	-0.368235	 3.437935	-0.000006	 0.000001	 90.000000	-90.000000	 0.000000	-86.406780	 177.642400	 8.601227	 111.084700	-0.813313	 0.122417	-8.559153	 12.236280	 10.972310	 52.931600	-1.045101	 10.743230	-0.604093	-2.262662	 22.375880	-11.302420	-11.666870	-4.636809	 35.944760	 2.477604	-1.136251	 35.323130	 2.739605	 0.675539	-52.364380	-0.352786	 1.276010	 35.556880	-0.202300	 3.178487	 36.024460	 2.411833	 5.494030	-52.520430	 39.007590	 20.375220	 27.137660	-6.436093	 19.357820	 32.910680	-5.387434	 19.254410	-57.899150	 18.466580	 10.398590	 33.996150	-3.686890	 9.480865	 35.137440	-0.646626	 10.763470	-53.750010	-51.281720	-9.954665	 11.445540	 23.982080	-0.549088	 0.208112	 14.789960	-0.368242	 3.437935	 0.000000	 90.000000	 0.000000	 177.641500	 1.693646	 173.691800	-177.179200	-1.281514	-6.296279
-0.001963	 0.002454	-0.116118	 179.305400	 0.221747	-89.965800	-0.000021	 0.000000	 0.000000	-0.000021	 0.000000	 0.000000	-3.525149	 11.225090	 114.920700	-0.813313	 0.122417	-8.559153	-39.721840	-22.971270	 34.504040	-46.877240	 33.730030	 8.058828	-1.508344	 27.119350	 0.905986	-11.666870	-4.636808	 35.944750	 2.477603	-1.136251	 35.323120	 2.739605	 0.675539	-52.364350	-0.352786	 1.276010	 35.556880	-0.202301	 3.178486	 36.024460	 2.411832	 5.494030	-52.520410	 39.007590	 20.375220	 27.137650	-6.436097	 19.357820	 32.910680	-5.387433	 19.254410	-57.899170	 18.466570	 10.398590	 33.996140	-3.686892	 9.480865	 35.137450	-0.646625	 10.763470	-53.750010	-51.281710	-9.954659	 11.445530	 23.982090	-0.549087	 0.208112	 14.789960	-0.368235	 3.437935	-0.000006	 0.000001	 90.000000	-90.000000	 0.000000	-86.406780	 177.642400	 8.601227	 111.084700	-0.813313	 0.122417	-8.559153	 12.236280	 10.972310	 52.931600	-1.045101	 10.743230	-0.604093	-2.262662	 22.375880	-11.302420	-11.666870	-4.636809	 35.944760	 2.477604	-1.136251	 35.323130	 2.739605	 0.675539	-52.364380	-0.352786	 1.276010	 35.556880	-0.202300	 3.178487	 36.024460	 2.411833	 5.494030	-52.520430	 39.007590	 20.375220	 27.137660	-6.436093	 19.357820	 32.910680	-5.387434	 19.254410	-57.899150	 18.466580	 10.398590	 33.996150	-3.686890	 9.480865	 35.137440	-0.646626	 10.763470	-53.750010	-51.281720	-9.954665	 11.445540	 23.982080	-0.549088	 0.208112	 14.789960	-0.368242	 3.437935	 0.000000	 90.000000	 0.000000	 177.641500	 1.693646	 173.691800	-177.179200	-1.281514	-6.296279
-0.001963	 0.002454	-0.116118	 179.305400	 0.221747	-89.965800	-0.000021	 0.000000	 0.000000	-0.000021	 0.000000	 0.000000	-3.525149	 11.225090	 114.920700	-0.813313	 0.122417	-8.559153	-39.721840	-22.971270	 34.504040	-46.877240	 33.730030	 8.058828	-1.508344	 27.119350	 0.905986	-11.666870	-4.636808	 35.944750	 2.477603	-1.136251	 35.323120	 2.739605	 0.675539	-52.364350	-0.352786	 1.276010	 35.556880	-0.202301	 3.178486	 36.024460	 2.411832	 5.494030	-52.520410	 39.007590	 20.375220	 27.137650	-6.436097	 19.357820	 32.910680	-5.387433	 19.254410	-57.899170	 18.466570	 10.398590	 33.996140	-3.686892	 9.480865	 35.137450	-0.646625	 10.763470	-53.750010	-51.281710	-9.954659	 11.445530	 23.982090	-0.549087	 0.208112	 14.789960	-0.368235	 3.437935	-0.000006	 0.000001	 90.000000	-90.000000	 0.000000	-86.406780	 177.642400	 8.601227	 111.084700	-0.813313	 0.122417	-8.559153	 12.236280	 10.972310	 52.931600	-1.045101	 10.743230	-0.604093	-2.262662	 22.375880	-11.302420	-11.666870	-4.636809	 35.944760	 2.477604	-1.136251	 35.323130	 2.739605	 0.675539	-52.364380	-0.352786	 1.276010	 35.556880	-0.202300	 3.178487	 36.024460	 2.411833	 5.494030	-52.520430	 39.007590	 20.375220	 27.137660	-6.436093	 19.357820	 32.910680	-5.387434	 19.254410	-57.899150	 18.466580	 10.398590	 33.996150	-3.686890	 9.480865	 35.137440	-0.646626	 10.763470	-53.750010	-51.281720	-9.954665	 11.445540	 23.982080	-0.549088	 0.208112	 14.789960	-0.368242	 3.437935	 0.000000	 90.000000	 0.000000	 177.641500	 1.693646	 173.691800	-177.179200	-1.281514	-6.296279
-0.001963	 0.002454	-0.116118	 179.305400	 0.221747	-89.965800	-0.000021	 0.000000	 0.000000	-0.000021	 0.000000	 0.000000	-3.525149	 11.225090	 114.920700	-0.813313	 0.122417	-8.559153	-39.721840	-22.971270	 34.504040	-46.877240	 33.730030	 8.058828	-1.508344	 27.119350	 0.905986	-11.666870	-4.636808	 35.944750	 2.477603	-1.136251	 35.323120	 2.739605	 0.675539	-52.364350	-0.352786	 1.276010	 35.556880	-0.202301	 3.178486	 36.024460	 2.411832	 5.494030	-52.520410	 39.007590	 20.375220	 27.137650	-6.436097	 19.357820	 32.910680	-5.387433	 19.254410	-57.899170	 18.466570	 10.398590	 33.996140	-3.686892	 9.480865	 35.137450	-0.646625	 10.763470	-53.750010	-51.281710	-9.954659	 11.445530	 23.982090	-0.549087	 0.208112	 14.789960	-0.368235	 3.437935	-0.000006	 0.000001	 90.000000	-90.000000	 0.000000	-86.406780	 177.642400	 8.601227	 111.084700	-0.813313	 0.122417	-8.559153	 12.236280	 10.972310	 52.931600	-1.045101	 10.743230	-0.604093	-2.262662	 22.375880	-11.302420	-11.666870	-4.636809	 35.944760	 2.477604	-1.136251	 35.323130	 2.739605	 0.675539	-52.364380	-0.352786	 1.276010	 35.556880	-0.202300	 3.178487	 36.024460	 2.411833	 5.494030	-52.520430	 39.007590	 20.375220	 27.137660	-6.436093	 19.357820	 32.910680	-5.387434	 19.254410	-57.899150	 18.466580	 10.398590	 33.996150	-3.686890	 9.480865	 35.137440	-0.646626	 10.763470	-53.750010	-51.281720	-9.954665	 11.445540	 23.982080	-0.549088	 0.208112	 14.789960	-0.368242	 3.437935	 0.000000	 90.000000	 0.000000	 177.641500	 1.693646	 173.691800	-177.179200	-1.281514	-6.296279
-0.001963	 0.002454	-0.116118	 179.305400	 0.221747	-89.965800	-0.000021	 0.000000	 0.000000	-0.000021	 0.000000	 0.000000	-3.525149	 11.225090	 114.920700	-0.813313	 0.122417	-8.559153	-39.721840	-22.971270	 34.504040	-46.877240	 33.730030	 8.058828	-1.508344	 27.119350	 0.905986	-11.666870	-4.636808	 35.944750	 2.477603	-1.136251	 35.323120	 2.739605	 0.675539	-52.364350	-0.352786	 1.276010	 35.556880	-0.202301	 3.178486	 36.024460	 2.411832	 5.494030	-52.520410	 39.007590	 20.375220	 27.137650	-6.436097	 19.357820	 32.910680	-5.387433	 19.254410	-57.899170	 18.466570	 10.398590	 33.996140	-3.686892	 9.480865	 35.137450	-0.646625	 10.763470	-53.750010	-51.281710	-9.954659	 11.445530	 23.982090	-0.549087	 0.208112	 14.789960	-0.368235	 3.437935	-0.000006	 0.000001	 90.000000	-90.000000	 0.000000	-86.406780	 177.642400	 8.601227	 111.084700	-0.813313	 0.122417	-8.559153	 12.236280	 10.972310	 52.931600	-1.045101	 10.743230	-0.604093	-2.262662	 22.375880	-11.302420	-11.666870	-4.636809	 35.944760	 2.477604	-1.136251	 35.323130	 2.739605	 0.675539	-52.364380	-0.352786	 1.276010	 35.556880	-0.202300	 3.178487	 36.024460	 2.411833	 5.494030	-52.520430	 39.007590	 20.375220	 27.137660	-6.436093	 19.357820	 32.910680	-5.387434	 19.254410	-57.899150	 18.466580	 10.398590	 33.996150	-3.686890	 9.480865	 35.137440	-0.646626	 10.763470	-53.750010	-51.281720	-9.954665	 11.445540	 23.982080	-0.549088	 0.208112	 14.789960	-0.368242	 3.437935	 0.000000	 90.000000	 0.000000	 177.641500	 1.693646	 173.691800	-177.179200	-1.281514	-6.296279
-0.001963	 0.002454	-0.116118	 179.305400	 0.221747	-89.965800	-0.000021	 0.000000	 0.000000	-0.000021	 0.000000	 0.000000	-3.525149	 11.225090	 114.920700	-0.813313	 0.122417	-8.559153	-39.721840	-22.971270	 34.504040	-46.877240	 33.730030	 8.058828	-1.508344	 27.119350	 0.905986	-11.666870	-4.636808	 35.944750	 2.477603	-1.136251	 35.323120	 2.739605	 0.675539	-52.364350	-0.352786	 1.276010	 35.556880	-0.202301	 3.178486	 36.024460	 2.411832	 5.494030	-52.520410	 39.007590	 20.375220	 27.137650	-6.436097	 19.357820	 32.910680	-5.387433	 19.254410	-57.899170	 18.466570	 10.398590	 33.996140	-3.686892	 9.480865	 35.137450	-0.646625	 10.763470	-53.750010	-51.281710	-9.954659	 11.445530	 23.982090	-0.549087	 0.208112	 14.789960	-0.368235	 3.437935	-0.000006	 0.000001	 90.000000	-90.000000	 0.000000	-86.406780	 177.642400	 8.601227	 111.084700	-0.813313	 0.122417	-8.559153	 12.236280	 10.972310	 52.931600	-1.045101	 10.743230	-0.604093	-2.262662	 22.375880	-11.302420	-11.666870	-4.636809	 35.944760	 2.477604	-1.136251	 35.323130	 2.739605	 0.675539	-52.364380	-0.352786	 1.276010	 35.556880	-0.202300	 3.178487	 36.024460	 2.411833	 5.494030	-52.520430	 39.007590	 20.375220	 27.137660	-6.436093	 19.357820	 32.910680	-5.387434	 19.254410	-57.899150	 18.466580	 10.398590	 33.996150	-3.686890	 9.480865	 35.137440	-0.646626	 10.763470	-53.750010	-51.281720	-9.954665	 11.445540	 23.982080	-0.549088	 0.208112	 14.789960	-0.368242	 3.437935	 0.000000	 90.000000	 0.000000	 177.641500	 1.693646	 173.691800	-177.179200	-1.281514	-6.296279
-0.001963	 0.002454	-0.116118	 179.305400	 0.221747	-89.965800	-0.000021	 0.000000	 0.000000	-0.000021	 0.000000	 0.000000	-3.525149	 11.225090	 114.920700	-0.813313	 0.122417	-8.559153	-39.721840	-22.971270	 34.504040	-46.877240	 33.730030	 8.058828	-1.508344	 27.119350	 0.905986	-11.666870	-4.636808	 35.944750	 2.477603	-1.136251	 35.323120	 2.739605	 0.675539	-52.364350	-0.352786	 1.276010	 35.556880	-0.202301	 3.178486	 36.024460	 2.411832	 5.494030	-52.520410	 39.007590	 20.375220	 27.137650	-6.436097	 19.357820	 32.910680	-5.387433	 19.254410	-57.899170	 18.466570	 10.398590	 33.996140	-3.686892	 9.480865	 35.137450	-0.646625	 10.763470	-53.750010	-51.281710	-9.954659	 11.445530	 23.982090	-0.549087	 0.208112	 14.789960	-0.368235	 3.437935	-0.000006	 0.000001	 90.000000	-90.000000	 0.000000	-86.406780	 177.642400	 8.601227	 111.084700	-0.813313	 0.122417	-8.559153	 12.236280	 10.972310	 52.931600	-1.045101	 10.743230	-0.604093	-2.262662	 22.375880	-11.302420	-11.666870	-4.636809	 35.944760	 2.477604	-1.136251	 35.323130	 2.739605	 0.675539	-52.364380	-0.352786	 1.276010	 35.556880	-0.202300	 3.178487	 36.024460	 2.411833	 5.494030	-52.520430	 39.007590	 20.375220	 27.137660	-6.436093	 19.357820	 32.910680	-5.387434	 19.254410	-57.899150	 18.466580	 10.398590	 33.996150	-3.686890	 9.480865	 35.137440	-0.646626	 10.763470	-53.750010	-51.281720	-9.954665	 11.445540	 23.982080	-0.549088	 0.208112	 14.789960	-0.368242	 3.437935	 0.000000	 90.000000	 0.000000	 177.641500	 1.693646	 173.691800	-177.179200	-1.281514	-6.296279
-0.001963	 0.002454	-0.116118	 179.305400	 0.221747	-89.965800	-0.000021	 0.000000	 0.000000	-0.000021	 0.000000	 0.000000	-3.525149	 11.225090	 114.920700	-0.813313	 0.122417	-8.559153	-39.721840	-22.971270	 34.504040	-46.877240	 33.730030	 8.058828	-1.508344	 27.119350	 0.905986	-11.666870	-4.636808	 35.944750	 2.477603	-1.136251	 35.323120	 2.739605	 0.675539	-52.364350	-0.352786	 1.276010	 35.556880	-0.202301	 3.178486	 36.024460	 2.411832	 5.494030	-52.520410	 39.007590	 20.375220	 27.137650	-6.436097	 19.357820	 32.910680	-5.387433	 19.254410	-57.899170	 18.466570	 10.398590	 33.996140	-3.686892	 9.480865	 35.137450	-0.646625	 10.763470	-53.750010	-51.281710	-9.954659	 11.445530	 23.982090	-0.549087	 0.208112	 14.789960	-0.368235	 3.437935	-0.000006	 0.000001	 90.000000	-90.000000	 0.000000	-86.406780	 177.642400	 8.601227	 111.084700	-0.813313	 0.122417	-8.559153	 12.236280	 10.972310	 52.931600	-1.045101	 10.743230	-0.604093	-2.262662	 22.375880	-11.302420	-11.666870	-4.636809	 35.944760	 2.477604	-1.136251	 35.323130	 2.739605	 0.675539	-52.364380	-0.352786	 1.276010	 35.556880	-0.202300	 3.178487	 36.024460	 2.411833	 5.494030	-52.520430	 39.007590	 20.375220	 27.137660	-6.436093	 19.357820	 32.910680	-5.387434	 19.254410	-57.899150	 18.466580	 10.398590	 33.996150	-3.686890	 9.480865	 35.137440	-0.646626	 10.763470	-53.750010	-51.281720	-9.954665	 11.445540	 23.982080	-0.549088	 0.208112	 14.789960	-0.368242	 3.437935	 0.000000	 90.000000	 0.000000	 177.641500	 1.693646	 173.691800	-177.179200	-1.281514	-6.296279
-0.001963	 0.002454	-0.116118	 179.305400	 0.221747	-89.965800	-0.000021	 0.000000	 0.000000	-0.000021	 0.000000	 0.000000	-3.525149	 11.225090	 114.920700	-0.813313	 0.122417	-8.559153	-39.721840	-22.971270	 34.504040	-46.877240	 33.730030	 8.058828	-1.508344	 27.119350	 0.905986	-11.666870	-4.636808	 35.944750	 2.477603	-1.136251	 35.323120	 2.739605	 0.675539	-52.364350	-0.352786	 1.276010	 35.556880	-0.202301	 3.178486	 36.024460	 2.411832	 5.494030	-52.520410	 39.007590	 20.375220	 27.137650	-6.436097	 19.357820	 32.910680	-5.387433	 19.254410	-57.899170	 18.466570	 10.398590	 33.996140	-3.686892	 9.480865	 35.137450	-0.646625	 10.763470	-53.750010	-51.281710	-9.954659	 11.445530	 23.982090	-0.549087	 0.208112	 14.789960	-0.368235	 3.437935	-0.000006	 0.000001	 90.000000	-90.000000	 0.000000	-86.406780	 177.642400	 8.601227	 111.084700	-0.813313	 0.122417	-8.559153	 12.236280	 10.972310	 52.931600	-1.045101	 10.743230	-0.604093	-2.262662	 22.375880	-11.302420	-11.666870	-4.636809	 35.944760	 2.477604	-1.136251	 35.323130	 2.739605	 0.675539	-52.364380	-0.352786	 1.276010	 35.556880	-0.202300	 3.178487	 36.024460	 2.411833	 5.494030	-52.520430	 39.007590	 20.375220	 27.137660	-6.436093	 19.357820	 32.910680	-5.387434	 19.254410	-57.899150	 18.466580	 10.398590	 33.996150	-3.686890	 9.480865	 35.137440	-0.646626	 10.763470	-53.750010	-51.281720	-9.954665	 11.445540	 23.982080	-0.549088	 0.208112	 14.789960	-0.368242	 3.437935	 0.000000	 90.000000	 0.000000	 177.641500	 1.693646	 173.691800	-177.179200	-1.281514	-6.296279
-0.001963	 0.002454	-0.116118	 179.305400	 0.221747	-89.965800	-0.000021	 0.000000	 0.000000	-0.000021	 0.000000	 0.000000	-3.525149	 11.225090	 114.920700	-0.813313	 0.122417	-8.559153	-39.721840	-22.971270	 34.504040	-46.877240	 33.730030	 8.058828	-1.508344	 27.119350	 0.905986	-11.666870	-4.636808	 35.944750	 2.477603	-1.136251	 35.323120	 2.739605	 0.675539	-52.364350	-0.352786	 1.276010	 35.556880	-0.202301	 3.178486	 36.024460	 2.411832	 5.494030	-52.520410	 39.007590	 20.375220	 27.137650	-6.436097	 19.357820	 32.910680	-5.387433	 19.254410	-57.899170	 18.466570	 10.398590	 33.996140	-3.686892	 9.480865	 35.137450	-0.646625	 10.763470	-53.750010	-51.281710	-9.954659	 11.445530	 23.982090	-0.549087	 0.208112	 14.789960	-0.368235	 3.437935	-0.000006	 0.000001	 90.000000	-90.000000	 0.000000	-86.406780	 177.642400	 8.601227	 111.084700	-0.813313	 0.122417	-8.559153	 12.236280	 10.972310	 52.931600	-1.045101	 10.743230	-0.604093	-2.262662	 22.375880	-11.302420	-11.666870	-4.636809	 35.944760	 2.477604	-1.136251	 35.323130	 2.739605	 0.675539	-52.364380	-0.352786	 1.276010	 35.556880	-0.202300	 3.178487	 36.024460	 2.411833	 5.494030	-52.520430	 39.007590	 20.375220	 27.137660	-6.436093	 19.357820	 32.910680	-5.387434	 19.254410	-57.899150	 18.466580	 10.398590	 33.996150	-3.686890	 9.480865	 35.137440	-0.646626	 10.763470	-53.750010	-51.281720	-9.954665	 11.445540	 23.982080	-0.549088	 0.208112	 14.789960	-0.368242	 3.437935	 0.000000	 90.000000	 0.000000	 177.641500	 1.693646	 173.691800	-177.179200	-1.281514	-6.296279
-0.001963	 0.002454	-0.116118	 179.305400	 0.221747	-89.965800	-0.000021	 0.000000	 0.000000	-0.000021	 0.000000	 0.000000	-3.525149	 11.225090	 114.920700	-0.813313	 0.122417	-8.559153	-39.721840	-22.971270	 34.504040	-46.877240	 33.730030	 8.058828	-1.508344	 27.119350	 0.905986	-11.666870	-4.636808	 35.944750	 2.477603	-1.136251	 35.323120	 2.739605	 0.675539	-52.364350	-0.352786	 1.276010	 35.556880	-0.202301	 3.178486	 36.024460	 2.411832	 5.494030	-52.520410	 39.007590	 20.375220	 27.137650	-6.436097	 19.357820	 32.910680	-5.387433	 19.254410	-57.899170	 18.466570	 10.398590	 33.996140	-3.686892	 9.480865	 35.137450	-0.646625	 10.763470	-53.750010	-51.281710	-9.954659	 11.445530	 23.982090	-0.549087	 0.208112	 14.789960	-0.368235	 3.437935	-0.000006	 0.000001	 90.000000	-90.000000	 0.000000	-86.406780	 177.642400	 8.601227	 111.084700	-0.813313	 0.122417	-8.559153	 12.236280	 10.972310	 52.931600	-1.045101	 10.743230	-0.604093	-2.262662	 22.375880	-11.302420	-11.666870	-4.636809	 35.944760	 2.477604	-1.136251	 35.323130	 2.739605	 0.675539	-52.364380	-0.352786	 1.276010	 35.556880	-0.202300	 3.178487	 36.024460	 2.411833	 5.494030	-52.520430	 39.007590	 20.375220	 27.137660	-6.436093	 19.357820	 32.910680	-5.387434	 19.254410	-57.899150	 18.466580	 10.398590	 33.996150	-3.686890	 9.480865	 35.137440	-0.646626	 10.763470	-53.750010	-51.281720	-9.954665	 11.445540	 23.982080	-0.549088	 0.208112	 14.789960	-0.368242	 3.437935	 0.000000	 90.000000	 0.000000	 177.641500	 1.693646	 173.691800	-177.179200	-1.281514	-6.296279
-0.001963	 0.002454	-0.116118	 179.305400	 0.221747	-89.965800	-0.000021	 0.000000	 0.000000	-0.000021	 0.000000	 0.000000	-3.525149	 11.225090	 114.920700	-0.813313	 0.122417	-8.559153	-39.721840	-22.971270	 34.504040	-46.877240	 33.730030	 8.058828	-1.508344	 27.119350	 0.905986	-11.666870	-4.636808	 35.944750	 2.477603	-1.136251	 35.323120	 2.739605	 0.675539	-52.364350	-0.352786	 1.276010	 35.556880	-0.202301	 3.178486	 36.024460	 2.411832	 5.494030	-52.520410	 39.007590	 20.375220	 27.137650	-6.436097	 19.357820	 32.910680	-5.387433	 19.254410	-57.899170	 18.466570	 10.398590	 33.996140	-3.686892	 9.480865	 35.137450	-0.646625	 10.763470	-53.750010	-51.281710	-9.954659	 11.445530	 23.982090	-0.549087	 0.208112	 14.789960	-0.368235	 3.437935	-0.000006	 0.000001	 90.000000	-90.000000	 0.000000	-86.406780	 177.642400	 8.601227	 111.084700	-0.813313	 0.122417	-8.559153	 12.236280	 10.972310	 52.931600	-1.045101	 10.743230	-0.604093	-2.262662	 22.375880	-11.302420	-11.666870	-4.636809	 35.944760	 2.477604	-1.136251	 35.323130	 2.739605	 0.675539	-52.364380	-0.352786	 1.276010	 35.556880	-0.202300	 3.178487	 36.024460	 2.411833	 5.494030	-52.520430	 39.007590	 20.375220	 27.137660	-6.436093	 19.357820	 32.910680	-5.387434	 19.254410	-57.899150	 18.466580	 10.398590	 33.996150	-3.686890	 9.480865	 35.137440	-0.646626	 10.763470	-53.750010	-51.281720	-9.954665	 11.445540	 23.982080	-0.549088	 0.208112	 14.789960	-0.368242	 3.437935	 0.000000	 90.000000	 0.000000	 177.641500	 1.693646	 173.691800	-177.179200	-1.281514	-6.296279
-0.001963	 0.002454	-0.116118	 179.305400	 0.221747	-89.965800	-0.000021	 0.000000	 0.000000	-0.000021	 0.000000	 0.000000	-3.525149	 11.225090	 114.920700	-0.813313	 0.122417	-8.559153	-39.721840	-22.971270	 34.504040	-46.877240	 33.730030	 8.058828	-1.508344	 27.119350	 0.905986	-11.666870	-4.636808	 35.944750	 2.477603	-1.136251	 35.323120	 2.739605	 0.675539	-52.364350	-0.352786	 1.276010	 35.556880	-0.202301	 3.178486	 36.024460	 2.411832	 5.494030	-52.520410	 39.007590	 20.375220	 27.137650	-6.436097	 19.357820	 32.910680	-5.387433	 19.254410	-57.899170	 18.466570	 10.398590	 33.996140	-3.686892	 9.480865	 35.137450	-0.646625	 10.763470	-53.750010	-51.281710	-9.954659	 11.445530	 23.982090	-0.549087	 0.208112	 14.789960	-0.368235	 3.437935	-0.000006	 0.000001	 90.000000	-90.000000	 0.000000	-86.406780	 177.642400	 8.601227	 111.084700	-0.813313	 0.122417	-8.559153	 12.236280	 10.972310	 52.931600	-1.045101	 10.743230	-0.604093	-2.262662	 22.375880	-11.302420	-11.666870	-4.636809	 35.944760	 2.477604	-1.136251	 35.323130	 2.739605	 0.675539	-52.364380	-0.352786	 1.276010	 35.556880	-0.202300	 3.178487	 36.024460	 2.411833	 5.494030	-52.520430	 39.007590	 20.375220	 27.137660	-6.436093	 19.357820	 32.910680	-5.387434	 19.254410	-57.899150	 18.466580	 10.398590	 33.996150	-3.686890	 9.480865	 35.137440	-0.646626	 10.763470	-53.750010	-51.281720	-9.954665	 11.445540	 23.982080	-0.549088	 0.208112	 14.789960	-0.368242	 3.437935	 0.000000	 90.000000	 0.000000	 177.641500	 1.693646	 173.691800	-177.179200	-1.281514	-6.296279
-0.001963	 0.002454	-0.116118	 179.305400	 0.221747	-89.965800	-0.000021	 0.000000	 0.000000	-0.000021	 0.000000	 0.000000	-3.525149	 11.225090	 114.920700	-0.813313	 0.122417	-8.559153	-39.721840	-22.971270	 34.504040	-46.877240	 33.730030	 8.058828	-1.508344	 27.119350	 0.905986	-11.666870	-4.636808	 35.944750	 2.477603	-1.136251	 35.323120	 2.739605	 0.675539	-52.364350	-0.352786	 1.276010	 35.556880	-0.202301	 3.178486	 36.024460	 2.411832	 5.494030	-52.520410	 39.007590	 20.375220	 27.137650	-6.436097	 19.357820	 32.910680	-5.387433	 19.254410	-57.899170	 18.466570	 10.398590	 33.996140	-3.686892	 9.480865	 35.137450	-0.646625	 10.763470	-53.750010	-51.281710	-9.954659	 11.445530	 23.982090	-0.549087	 0.208112	 14.789960	-0.368235	 3.437935	-0.000006	 0.000001	 90.000000	-90.000000	 0.000000	-86.406780	 177.642400	 8.601227	 111.084700	-0.813313	 0.122417	-8.559153	 12.236280	 10.972310	 52.931600	-1.045101	 10.743230	-0.604093	-2.262662	 22.375880	-11.302420	-11.666870	-4.636809	 35.944760	 2.477604	-1.136251	 35.323130	 2.739605	 0.675539	-52.364380	-0.352786	 1.276010	 35.556880	-0.202300	 3.178487	 36.024460	 2.411833	 5.494030	-52.520430	 39.007590	 20.375220	 27.137660	-6.436093	 19.357820	 32.910680	-5.387434	 19.254410	-57.899150	 18.466580	 10.398590	 33.996150	-3.686890	 9.480865	 35.137440	-0.646626	 10.763470	-53.750010	-51.281720	-9.954665	 11.445540	 23.982080	-0.549088	 0.208112	 14.789960	-0.368242	 3.437935	 0.000000	 90.000000	 0.000000	 177.641500	 1.693646	 173.691800	-177.179200	-1.281514	-6.296279
-0.001963	 0.002454	-0.116118	 179.305400	 0.221747	-89.965800	-0.000021	 0.000000	 0.000000	-0.000021	 0.000000	 0.000000	-3.525149	 11.225090	 114.920700	-0.813313	 0.122417	-8.559153	-39.721840	-22.971270	 34.504040	-46.877240	 33.730030	 8.058828	-1.508344	 27.119350	 0.905986	-11.666870	-4.636808	 35.944750	 2.477603	-1.136251	 35.323120	 2.739605	 0.675539	-52.364350	-0.352786	 1.276010	 35.556880	-0.202301	 3.178486	 36.024460	 2.411832	 5.494030	-52.520410	 39.007590	 20.375220	 27.137650	-6.436097	 19.357820	 32.910680	-5.387433	 19.254410	-57.899170	 18.466570	 10.398590	 33.996140	-3.686892	 9.480865	 35.137450	-0.646625	 10.763470	-53.750010	-51.281710	-9.954659	 11.445530	 23.982090	-0.549087	 0.208112	 14.789960	-0.368235	 3.437935	-0.000006	 0.000001	 90.000000	-90.000000	 0.000000	-86.406780	 177.642400	 8.601227	 111.084700	-0.813313	 0.122417	-8.559153	 12.236280	 10.972310	 52.931600	-1.045101	 10.743230	-0.604093	-2.262662	 22.375880	-11.302420	-11.666870	-4.636809	 35.944760	 2.477604	-1.136251	 35.323130	 2.739605	 0.675539	-52.364380	-0.352786	 1.276010	 35.556880	-0.202300	 3.178487	 36.024460	 2.411833	 5.494030	-52.520430	 39.007590	 20.375220	 27.137660	-6.436093	 19.357820	 32.910680	-5.387434	 19.254410	-57.899150	 18.466580	 10.398590	 33.996150	-3.686890	 9.480865	 35.137440	-0.646626	 10.763470	-53.750010	-51.281720	-9.954665	 11.445540	 23.982080	-0.549088	 0.208112	 14.789960	-0.368242	 3.437935	 0.000000	 90.000000	 0.000000	 177.641500	 1.693646	 173.691800	-177.179200	-1.281514	-6.296279
-0.001963	 0.002454	-0.116118	 179.305400	 0.221747	-89.965800	-0.000021	 0.000000	 0.000000	-0.000021	 0.000000	 0.000000	-3.525149	 11.225090	 114.920700	-0.813313	 0.122417	-8.559153	-39.721840	-22.971270	 34.504040	-46.877240	 33.730030	 8.058828	-1.508344	 27.119350	 0.905986	-11.666870	-4.636808	 35.944750	 2.477603	-1.136251	 35.323120	 2.739605	 0.675539	-52.364350	-0.352786	 1.276010	 35.556880	-0.202301	 3.178486	 36.024460	 2.411832	 5.494030	-52.520410	 39.007590	 20.375220	 27.137650	-6.436097	 19.357820	 32.910680	-5.387433	 19.254410	-57.899170	 18.466570	 10.398590	 33.996140	-3.686892	 9.480865	 35.137450	-0.646625	 10.763470	-53.750010	-51.281710	-9.954659	 11.445530	 23.982090	-0.549087	 0.208112	 14.789960	-0.368235	 3.437935	-0.000006	 0.000001	 90.000000	-90.000000	 0.000000	-86.406780	 177.642400	 8.601227	 111.084700	-0.813313	 0.122417	-8.559153	 12.236280	 10.972310	 52.931600	-1.045101	 10.743230	-0.604093	-2.262662	 22.375880	-11.302420	-11.666870	-4.636809	 35.944760	 2.477604	-1.136251	 35.323130	 2.739605	 0.675539	-52.364380	-0.352786	 1.276010	 35.556880	-0.202300	 3.178487	 36.024460	 2.411833	 5.494030	-52.520430	 39.007590	 20.375220	 27.137660	-6.436093	 19.357820	 32.910680	-5.387434	 19.254410	-57.899150	 18.466580	 10.398590	 33.996150	-3.686890	 9.480865	 35.137440	-0.646626	 10.763470	-53.750010	-51.281720	-9.954665	 11.445540	 23.982080	-0.549088	 0.208112	 14.789960	-0.368242	 3.437935	 0.000000	 90.000000	 0.000000	 177.641500	 1.693646	 173.691800	-177.179200	-1.281514	-6.296279
-0.001963	 0.002454	-0.116118	 179.305400	 0.221747	-89.965800	-0.000021	 0.000000	 0.000000	-0.000021	 0.000000	 0.000000	-3.525149	 11.225090	 114.920700	-0.813313	 0.122417	-8.559153	-39.721840	-22.971270	 34.504040	-46.877240	 33.730030	 8.058828	-1.508344	 27.119350	 0.905986	-11.666870	-4.636808	 35.944750	 2.477603	-1.136251	 35.323120	 2.739605	 0.675539	-52.364350	-0.352786	 1.276010	 35.556880	-0.202301	 3.178486	 36.024460	 2.411832	 5.494030	-52.520410	 39.007590	 20.375220	 27.137650	-6.436097	 19.357820	 32.910680	-5.387433	 19.254410	-57.899170	 18.466570	 10.398590	 33.996140	-3.686892	 9.480865	 35.137450	-0.646625	 10.763470	-53.750010	-51.281710	-9.954659	 11.445530	 23.982090	-0.549087	 0.208112	 14.789960	-0.368235	 3.437935	-0.000006	 0.000001	 90.000000	-90.000000	 0.000000	-86.406780	 177.642400	 8.601227	 111.084700	-0.813313	 0.122417	-8.559153	 12.236280	 10.972310	 52.931600	-1.045101	 10.743230	-0.604093	-2.262662	 22.375880	-11.302420	-11.666870	-4.636809	 35.944760	 2.477604	-1.136251	 35.323130	 2.739605	 0.675539	-52.364380	-0.352786	 1.276010	 35.556880	-0.202300	 3.178487	 36.024460	 2.411833	 5.494030	-52.520430	 39.007590	 20.375220	 27.137660	-6.436093	 19.357820	 32.910680	-5.387434	 19.254410	-57.899150	 18.466580	 10.398590	 33.996150	-3.686890	 9.480865	 35.137440	-0.646626	 10.763470	-53.750010	-51.281720	-9.954665	 11.445540	 23.982080	-0.549088	 0.208112	 14.789960	-0.368242	 3.437935	 0.000000	 90.000000	 0.000000	 177.641500	 1.693646	 173.691800	-177.179200	-1.281514	-6.296279
-0.001963	 0.002454	-0.116118	 179.305400	 0.221747	-89.965800	-0.000021	 0.000000	 0.000000	-0.000021	 0.000000	 0.000000	-3.525149	 11.225090	 114.920700	-0.813313	 0.122417	-8.559153	-39.721840	-22.971270	 34.504040	-46.877240	 33.730030	 8.058828	-1.508344	 27.119350	 0.905986	-11.666870	-4.636808	 35.944750	 2.477603	-1.136251	 35.323120	 2.739605	 0.675539	-52.364350	-0.352786	 1.276010	 35.556880	-0.202301	 3.178486	 36.024460	 2.411832	 5.494030	-52.520410	 39.007590	 20.375220	 27.137650	-6.436097	 19.357820	 32.910680	-5.387433	 19.254410	-57.899170	 18.466570	 10.398590	 33.996140	-3.686892	 9.480865	 35.137450	-0.646625	 10.763470	-53.750010	-51.281710	-9.954659	 11.445530	 23.982090	-0.549087	 0.208112	 14.789960	-0.368235	 3.437935	-0.000006	 0.000001	 90.000000	-90.000000	 0.000000	-86.406780	 177.642400	 8.601227	 111.084700	-0.813313	 0.122417	-8.559153	 12.236280	 10.972310	 52.931600	-1.045101	 10.743230	-0.604093	-2.262662	 22.375880	-11.302420	-11.666870	-4.636809	 35.944760	 2.477604	-1.136251	 35.323130	 2.739605	 0.675539	-52.364380	-0.352786	 1.276010	 35.556880	-0.202300	 3.178487	 36.024460	 2.411833	 5.494030	-52.520430	 39.007590	 20.375220	 27.137660	-6.436093	 19.357820	 32.910680	-5.387434	 19.254410	-57.899150	 18.466580	 10.398590	 33.996150	-3.686890	 9.480865	 35.137440	-0.646626	 10.763470	-53.750010	-51.281720	-9.954665	 11.445540	 23.982080	-0.549088	 0.208112	 14.789960	-0.368242	 3.437935	 0.000000	 90.000000	 0.000000	 177.641500	 1.693646	 173.691800	-177.179200	-1.281514	-6.296279
-0.001963	 0.002454	-0.116118	 179.305400	 0.221747	-89.965800	-0.000021	 0.000000	 0.000000	-0.000021	 0.000000	 0.000000	-3.525149	 11.225090	 114.920700	-0.813313	 0.122417	-8.559153	-39.721840	-22.971270	 34.504040	-46.877240	 33.730030	 8.058828	-1.508344	 27.119350	 0.905986	-11.666870	-4.636808	 35.944750	 2.477603	-1.136251	 35.323120	 2.739605	 0.675539	-52.364350	-0.352786	 1.276010	 35.556880	-0.202301	 3.178486	 36.024460	 2.411832	 5.494030	-52.520410	 39.007590	 20.375220	 27.137650	-6.436097	 19.357820	 32.910680	-5.387433	 19.254410	-57.899170	 18.466570	 10.398590	 33.996140	-3.686892	 9.480865	 35.137450	-0.646625	 10.763470	-53.750010	-51.281710	-9.954659	 11.445530	 23.982090	-0.549087	 0.208112	 14.789960	-0.368235	 3.437935	-0.000006	 0.000001	 90.000000	-90.000000	 0.000000	-86.406780	 177.642400	 8.601227	 111.084700	-0.813313	 0.122417	-8.559153	 12.236280	 10.972310	 52.931600	-1.045101	 10.743230	-0.604093	-2.262662	 22.375880	-11.302420	-11.666870	-4.636809	 35.944760	 2.477604	-1.136251	 35.323130	 2.739605	 0.675539	-52.364380	-0.352786	 1.276010	 35.556880	-0.202300	 3.178487	 36.024460	 2.411833	 5.494030	-52.520430	 39.007590	 20.375220	 27.137660	-6.436093	 19.357820	 32.910680	-5.387434	 19.254410	-57.899150	 18.466580	 10.398590	 33.996150	-3.686890	 9.480865	 35.137440	-0.646626	 10.763470	-53.750010	-51.281720	-9.954665	 11.445540	 23.982080	-0.549088	 0.208112	 14.789960	-0.368242	 3.437935	 0.000000	 90.000000	 0.000000	 177.641500	 1.693646	 173.691800	-177.179200	-1.281514	-6.296279
-0.001963	 0.002454	-0.116118	 179.305400	 0.221747	-89.965800	-0.000021	 0.000000	 0.000000	-0.000021	 0.000000	 0.000000	-3.525149	 11.225090	 114.920700	-0.813313	 0.122417	-8.559153	-39.721840	-22.971270	 34.504040	-46.877240	 33.730030	 8.058828	-1.508344	 27.119350	 0.905986	-11.666870	-4.636808	 35.944750	 2.477603	-1.136251	 35.323120	 2.739605	 0.675539	-52.364350	-0.352786	 1.276010	 35.556880	-0.202301	 3.178486	 36.024460	 2.411832	 5.494030	-52.520410	 39.007590	 20.375220	 27.137650	-6.436097	 19.357820	 32.910680	-5.387433	 19.254410	-57.899170	 18.466570	 10.398590	 33.996140	-3.686892	 9.480865	 35.137450	-0.646625	 10.763470	-53.750010	-51.281710	-9.954659	 11.445530	 23.982090	-0.549087	 0.208112	 14.789960	-0.368235	 3.437935	-0.000006	 0.000001	 90.000000	-90.000000	 0.000000	-86.406780	 177.642400	 8.601227	 111.084700	-0.813313	 0.122417	-8.559153	 12.236280	 10.972310	 52.931600	-1.045101	 10.743230	-0.604093	-2.262662	 22.375880	-11.302420	-11.666870	-4.636809	 35.944760	 2.477604	-1.136251	 35.323130	 2.739605	 0.675539	-52.364380	-0.352786	 1.276010	 35.556880	-0.202300	 3.178487	 36.024460	 2.411833	 5.494030	-52.520430	 39.007590	 20.375220	 27.137660	-6.436093	 19.357820	 32.910680	-5.387434	 19.254410	-57.899150	 18.466580	 10.398590	 33.996150	-3.686890	 9.480865	 35.137440	-0.646626	 10.763470	-53.750010	-51.281720	-9.954665	 11.445540	 23.982080	-0.549088	 0.208112	 14.789960	-0.368242	 3.437935	 0.000000	 90.000000	 0.000000	 177.641500	 1.693646	 173.691800	-177.179200	-1.281514	-6.296279
-0.001963	 0.002454	-0.116118	 179.305400	 0.221747	-89.965800	-0.000021	 0.000000	 0.000000	-0.000021	 0.000000	 0.000000	-3.525149	 11.225090	 114.920700	-0.813313	 0.122417	-8.559153	-39.721840	-22.971270	 34.504040	-46.877240	 33.730030	 8.058828	-1.508344	 27.119350	 0.905986	-11.666870	-4.636808	 35.944750	 2.477603	-1.136251	 35.323120	 2.739605	 0.675539	-52.364350	-0.352786	 1.276010	 35.556880	-0.202301	 3.178486	 36.024460	 2.411832	 5.494030	-52.520410	 39.007590	 20.375220	 27.137650	-6.436097	 19.357820	 32.910680	-5.387433	 19.254410	-57.899170	 18.466570	 10.398590	 33.996140	-3.686892	 9.480865	 35.137450	-0.646625	 10.763470	-53.750010	-51.281710	-9.954659	 11.445530	 23.982090	-0.549087	 0.208112	 14.789960	-0.368235	 3.437935	-0.000006	 0.000001	 90.000000	-90.000000	 0.000000	-86.406780	 177.642400	 8.601227	 111.084700	-0.813313	 0.122417	-8.559153	 12.236280	 10.972310	 52.931600	-1.045101	 10.743230	-0.604093	-2.262662	 22.375880	-11.302420	-11.666870	-4.636809	 35.944760	 2.477604	-1.136251	 35.323130	 2.739605	 0.675539	-52.364380	-0.352786	 1.276010	 35.556880	-0.202300	 3.178487	 36.024460	 2.411833	 5.494030	-52.520430	 39.007590	 20.375220	 27.137660	-6.436093	 19.357820	 32.910680	-5.387434	 19.254410	-57.899150	 18.466580	 10.398590	 33.996150	-3.686890	 9.480865	 35.137440	-0.646626	 10.763470	-53.750010	-51.281720	-9.954665	 11.445540	 23.982080	-0.549088	 0.208112	 14.789960	-0.368242	 3.437935	 0.000000	 90.000000	 0.000000	 177.641500	 1.693646	 173.691800	-177.179200	-1.281514	-6.296279
-0.001963	 0.002454	-0.116118	 179.305400	 0.221747	-89.965800	-0.000021	 0.000000	 0.000000	-0.000021	 0.000000	 0.000000	-3.525149	 11.225090	 114.920700	-0.813313	 0.122417	-8.559153	-39.721840	-22.971270	 34.504040	-46.877240	 33.730030	 8.058828	-1.508344	 27.119350	 0.905986	-11.666870	-4.636808	 35.944750	 2.477603	-1.136251	 35.323120	 2.739605	 0.675539	-52.364350	-0.352786	 1.276010	 35.556880	-0.202301	 3.178486	 36.024460	 2.411832	 5.494030	-52.520410	 39.007590	 20.375220	 27.137650	-6.436097	 19.357820	 32.910680	-5.387433	 19.254410	-57.899170	 18.466570	 10.398590	 33.996140	-3.686892	 9.480865	 35.137450	-0.646625	 10.763470	-53.750010	-51.281710	-9.954659	 11.445530	 23.982090	-0.549087	 0.208112	 14.789960	-0.368235	 3.437935	-0.000006	 0.000001	 90.000000	-90.000000	 0.000000	-86.406780	 177.642400	 8.601227	 111.084700	-0.813313	 0.122417	-8.559153	 12.236280	 10.972310	 52.931600	-1.045101	 10.743230	-0.604093	-2.262662	 22.375880	-11.302420	-11.666870	-4.636809	 35.944760	 2.477604	-1.136251	 35.323130	 2.739605	 0.675539	-52.364380	-0.352786	 1.276010	 35.556880	-0.202300	 3.178487	 36.024460	 2.411833	 5.494030	-52.520430	 39.007590	 20.375220	 27.137660	-6.436093	 19.357820	 32.910680	-5.387434	 19.254410	-57.899150	 18.466580	 10.398590	 33.996150	-3.686890	 9.480865	 35.137440	-0.646626	 10.763470	-53.750010	-51.281720	-9.954665	 11.445540	 23.982080	-0.549088	 0.208112	 14.789960	-0.368242	 3.437935	 0.000000	 90.000000	 0.000000	 177.641500	 1.693646	 173.691800	-177.179200	-1.281514	-6.296279
-0.001963	 0.002454	-0.116118	 179.305400	 0.221747	-89.965800	-0.000021	 0.000000	 0.000000	-0.000021	 0.000000	 0.000000	-3.525149	 11.225090	 114.920700	-0.813313	 0.122417	-8.559153	-39.721840	-22.971270	 34.504040	-46.877240	 33.730030	 8.058828	-1.508344	 27.119350	 0.905986	-11.666870	-4.636808	 35.944750	 2.477603	-1.136251	 35.323120	 2.739605	 0.675539	-52.364350	-0.352786	 1.276010	 35.556880	-0.202301	 3.178486	 36.024460	 2.411832	 5.494030	-52.520410	 39.007590	 20.375220	 27.137650	-6.436097	 19.357820	 32.910680	-5.387433	 19.254410	-57.899170	 18.466570	 10.398590	 33.996140	-3.686892	 9.480865	 35.137450	-0.646625	 10.763470	-53.750010	-51.281710	-9.954659	 11.445530	 23.982090	-0.549087	 0.208112	 14.789960	-0.368235	 3.437935	-0.000006	 0.000001	 90.000000	-90.000000	 0.000000	-86.406780	 177.642400	 8.601227	 111.084700	-0.813313	 0.122417	-8.559153	 12.236280	 10.972310	 52.931600	-1.045101	 10.743230	-0.604093	-2.262662	 22.375880	-11.302420	-11.666870	-4.636809	 35.944760	 2.477604	-1.136251	 35.323130	 2.739605	 0.675539	-52.364380	-0.352786	 1.276010	 35.556880	-0.202300	 3.178487	 36.024460	 2.411833	 5.494030	-52.520430	 39.007590	 20.375220	 27.137660	-6.436093	 19.357820	 32.910680	-5.387434	 19.254410	-57.899150	 18.466580	 10.398590	 33.996150	-3.686890	 9.480865	 35.137440	-0.646626	 10.763470	-53.750010	-51.281720	-9.954665	 11.445540	 23.982080	-0.549088	 0.208112	 14.789960	-0.368242	 3.437935	 0.000000	 90.000000	 0.000000	 177.641500	 1.693646	 173.691800	-177.179200	-1.281514	-6.296279
-0.001963	 0.002454	-0.116118	 179.305400	 0.221747	-89.965800	-0.000021	 0.000000	 0.000000	-0.000021	 0.000000	 0.000000	-3.525149	 11.225090	 114.920700	-0.813313	 0.122417	-8.559153	-39.721840	-22.971270	 34.504040	-46.877240	 33.730030	 8.058828	-1.508344	 27.119350	 0.905986	-11.666870	-4.636808	 35.944750	 2.477603	-1.136251	 35.323120	 2.739605	 0.675539	-52.364350	-0.352786	 1.276010	 35.556880	-0.202301	 3.178486	 36.024460	 2.411832	 5.494030	-52.520410	 39.007590	 20.375220	 27.137650	-6.436097	 19.357820	 32.910680	-5.387433	 19.254410	-57.899170	 18.466570	 10.398590	 33.996140	-3.686892	 9.480865	 35.137450	-0.646625	 10.763470	-53.750010	-51.281710	-9.954659	 11.445530	 23.982090	-0.549087	 0.208112	 14.789960	-0.368235	 3.437935	-0.000006	 0.000001	 90.000000	-90.000000	 0.000000	-86.406780	 177.642400	 8.601227	 111.084700	-0.813313	 0.122417	-8.559153	 12.236280	 10.972310	 52.931600	-1.045101	 10.743230	-0.604093	-2.262662	 22.375880	-11.302420	-11.666870	-4.636809	 35.944760	 2.477604	-1.136251	 35.323130	 2.739605	 0.675539	-52.364380	-0.352786	 1.276010	 35.556880	-0.202300	 3.178487	 36.024460	 2.411833	 5.494030	-52.520430	 39.007590	 20.375220	 27.137660	-6.436093	 19.357820	 32.910680	-5.387434	 19.254410	-57.899150	 18.466580	 10.398590	 33.996150	-3.686890	 9.480865	 35.137440	-0.646626	 10.763470	-53.750010	-51.281720	-9.954665	 11.445540	 23.982080	-0.549088	 0.208112	 14.789960	-0.368242	 3.437935	 0.000000	 90.000000	 0.000000	 177.641500	 1.693646	 173.691800	-177.179200	-1.281514	-6.296279
-0.001963	 0.002454	-0.116118	 179.305400	 0.221747	-89.965800	-0.000021	 0.000000	 0.000000	-0.000021	 0.000000	 0.000000	-3.525149	 11.225090	 114.920700	-0.813313	 0.122417	-8.559153	-39.721840	-22.971270	 34.504040	-46.877240	 33.730030	 8.058828	-1.508344	 27.119350	 0.905986	-11.666870	-4.636808	 35.944750	 2.477603	-1.136251	 35.323120	 2.739605	 0.675539	-52.364350	-0.352786	 1.276010	 35.556880	-0.202301	 3.178486	 36.024460	 2.411832	 5.494030	-52.520410	 39.007590	 20.375220	 27.137650	-6.436097	 19.357820	 32.910680	-5.387433	 19.254410	-57.899170	 18.466570	 10.398590	 33.996140	-3.686892	 9.480865	 35.137450	-0.646625	 10.763470	-53.750010	-51.281710	-9.954659	 11.445530	 23.982090	-0.549087	 0.208112	 14.789960	-0.368235	 3.437935	-0.000006	 0.000001	 90.000000	-90.000000	 0.000000	-86.406780	 177.642400	 8.601227	 111.084700	-0.813313	 0.122417	-8.559153	 12.236280	 10.972310	 52.931600	-1.045101	 10.743230	-0.604093	-2.262662	 22.375880	-11.302420	-11.666870	-4.636809	 35.944760	 2.477604	-1.136251	 35.323130	 2.739605	 0.675539	-52.364380	-0.352786	 1.276010	 35.556880	-0.202300	 3.178487	 36.024460	 2.411833	 5.494030	-52.520430	 39.007590	 20.375220	 27.137660	-6.436093	 19.357820	 32.910680	-5.387434	 19.254410	-57.899150	 18.466580	 10.398590	 33.996150	-3.686890	 9.480865	 35.137440	-0.646626	 10.763470	-53.750010	-51.281720	-9.954665	 11.445540	 23.982080	-0.549088	 0.208112	 14.789960	-0.368242	 3.437935	 0.000000	 90.000000	 0.000000	 177.641500	 1.693646	 173.691800	-177.179200	-1.281514	-6.296279
-0.001963	 0.002454	-0.116118	 179.305400	 0.221747	-89.965800	-0.000021	 0.000000	 0.000000	-0.000021	 0.000000	 0.000000	-3.525149	 11.225090	 114.920700	-0.813313	 0.122417	-8.559153	-39.721840	-22.971270	 34.504040	-46.877240	 33.730030	 8.058828	-1.508344	 27.119350	 0.905986	-11.666870	-4.636808	 35.944750	 2.477603	-1.136251	 35.323120	 2.739605	 0.675539	-52.364350	-0.352786	 1.276010	 35.556880	-0.202301	 3.178486	 36.024460	 2.411832	 5.494030	-52.520410	 39.007590	 20.375220	 27.137650	-6.436097	 19.357820	 32.910680	-5.387433	 19.254410	-57.899170	 18.466570	 10.398590	 33.996140	-3.686892	 9.480865	 35.137450	-0.646625	 10.763470	-53.750010	-51.281710	-9.954659	 11.445530	 23.982090	-0.549087	 0.208112	 14.789960	-0.368235	 3.437935	-0.000006	 0.000001	 90.000000	-90.000000	 0.000000	-86.406780	 177.642400	 8.601227	 111.084700	-0.813313	 0.122417	-8.559153	 12.236280	 10.972310	 52.931600	-1.045101	 10.743230	-0.604093	-2.262662	 22.375880	-11.302420	-11.666870	-4.636809	 35.944760	 2.477604	-1.136251	 35.323130	 2.739605	 0.675539	-52.364380	-0.352786	 1.276010	 35.556880	-0.202300	 3.178487	 36.024460	 2.411833	 5.494030	-52.520430	 39.007590	 20.375220	 27.137660	-6.436093	 19.357820	 32.910680	-5.387434	 19.254410	-57.899150	 18.466580	 10.398590	 33.996150	-3.686890	 9.480865	 35.137440	-0.646626	 10.763470	-53.750010	-51.281720	-9.954665	 11.445540	 23.982080	-0.549088	 0.208112	 14.789960	-0.368242	 3.437935	 0.000000	 90.000000	 0.000000	 177.641500	 1.693646	 173.691800	-177.179200	-1.281514	-6.296279
-0.001963	 0.002454	-0.116118	 179.305400	 0.221747	-89.965800	-0.000021	 0.000000	 0.000000	-0.000021	 0.000000	 0.000000	-3.525149	 11.225090	 114.920700	-0.813313	 0.122417	-8.559153	-39.721840	-22.971270	 34.504040	-46.877240	 33.730030	 8.058828	-1.508344	 27.119350	 0.905986	-11.666870	-4.636808	 35.944750	 2.477603	-1.136251	 35.323120	 2.739605	 0.675539	-52.364350	-0.352786	 1.276010	 35.556880	-0.202301	 3.178486	 36.024460	 2.411832	 5.494030	-52.520410	 39.007590	 20.375220	 27.137650	-6.436097	 19.357820	 32.910680	-5.387433	 19.254410	-57.899170	 18.466570	 10.398590	 33.996140	-3.686892	 9.480865	 35.137450	-0.646625	 10.763470	-53.750010	-51.281710	-9.954659	 11.445530	 23.982090	-0.549087	 0.208112	 14.789960	-0.368235	 3.437935	-0.000006	 0.000001	 90.000000	-90.000000	 0.000000	-86.406780	 177.642400	 8.601227	 111.084700	-0.813313	 0.122417	-8.559153	 12.236280	 10.972310	 52.931600	-1.045101	 10.743230	-0.604093	-2.262662	 22.375880	-11.302420	-11.666870	-4.636809	 35.944760	 2.477604	-1.136251	 35.323130	 2.739605	 0.675539	-52.364380	-0.352786	 1.276010	 35.556880	-0.202300	 3.178487	 36.024460	 2.411833	 5.494030	-52.520430	 39.007590	 20.375220	 27.137660	-6.436093	 19.357820	 32.910680	-5.387434	 19.254410	-57.899150	 18.466580	 10.398590	 33.996150	-3.686890	 9.480865	 35.137440	-0.646626	 10.763470	-53.750010	-51.281720	-9.954665	 11.445540	 23.982080	-0.549088	 0.208112	 14.789960	-0.368242	 3.437935	 0.000000	 90.000000	 0.000000	 177.641500	 1.693646	 173.691800	-177.179200	-1.281514	-6.296279
-0.001963	 0.002454	-0.116118	 179.305400	 0.221747	-89.965800	-0.000021	 0.000000	 0.000000	-0.000021	 0.000000	 0.000000	-3.525149	 11.225090	 114.920700	-0.813313	 0.122417	-8.559153	-39.721840	-22.971270	 34.504040	-46.877240	 33.730030	 8.058828	-1.508344	 27.119350	 0.905986	-11.666870	-4.636808	 35.944750	 2.477603	-1.136251	 35.323120	 2.739605	 0.675539	-52.364350	-0.352786	 1.276010	 35.556880	-0.202301	 3.178486	 36.024460	 2.411832	 5.494030	-52.520410	 39.007590	 20.375220	 27.137650	-6.436097	 19.357820	 32.910680	-5.387433	 19.254410	-57.899170	 18.466570	 10.398590	 33.996140	-3.686892	 9.480865	 35.137450	-0.646625	 10.763470	-53.750010	-51.281710	-9.954659	 11.445530	 23.982090	-0.549087	 0.208112	 14.789960	-0.368235	 3.437935	-0.000006	 0.000001	 90.000000	-90.000000	 0.000000	-86.406780	 177.642400	 8.601227	 111.084700	-0.813313	 0.122417	-8.559153	 12.236280	 10.972310	 52.931600	-1.045101	 10.743230	-0.604093	-2.262662	 22.375880	-11.302420	-11.666870	-4.636809	 35.944760	 2.477604	-1.136251	 35.323130	 2.739605	 0.675539	-52.364380	-0.352786	 1.276010	 35.556880	-0.202300	 3.178487	 36.024460	 2.411833	 5.494030	-52.520430	 39.007590	 20.375220	 27.137660	-6.436093	 19.357820	 32.910680	-5.387434	 19.254410	-57.899150	 18.466580	 10.398590	 33.996150	-3.686890	 9.480865	 35.137440	-0.646626	 10.763470	-53.750010	-51.281720	-9.954665	 11.445540	 23.982080	-0.549088	 0.208112	 14.789960	-0.368242	 3.437935	 0.000000	 90.000000	 0.000000	 177.641500	 1.693646	 173.691800	-177.179200	-1.281514	-6.296279
-0.001963	 0.002454	-0.116118	 179.305400	 0.221747	-89.965800	-0.000021	 0.000000	 0.000000	-0.000021	 0.000000	 0.000000	-3.525149	 11.225090	 114.920700	-0.813313	 0.122417	-8.559153	-39.721840	-22.971270	 34.504040	-46.877240	 33.730030	 8.058828	-1.508344	 27.119350	 0.905986	-11.666870	-4.636808	 35.944750	 2.477603	-1.136251	 35.323120	 2.739605	 0.675539	-52.364350	-0.352786	 1.276010	 35.556880	-0.202301	 3.178486	 36.024460	 2.411832	 5.494030	-52.520410	 39.007590	 20.375220	 27.137650	-6.436097	 19.357820	 32.910680	-5.387433	 19.254410	-57.899170	 18.466570	 10.398590	 33.996140	-3.686892	 9.480865	 35.137450	-0.646625	 10.763470	-53.750010	-51.281710	-9.954659	 11.445530	 23.982090	-0.549087	 0.208112	 14.789960	-0.368235	 3.437935	-0.000006	 0.000001	 90.000000	-90.000000	 0.000000	-86.406780	 177.642400	 8.601227	 111.084700	-0.813313	 0.122417	-8.559153	 12.236280	 10.972310	 52.931600	-1.045101	 10.743230	-0.604093	-2.262662	 22.375880	-11.302420	-11.666870	-4.636809	 35.944760	 2.477604	-1.136251	 35.323130	 2.739605	 0.675539	-52.364380	-0.352786	 1.276010	 35.556880	-0.202300	 3.178487	 36.024460	 2.411833	 5.494030	-52.520430	 39.007590	 20.375220	 27.137660	-6.436093	 19.357820	 32.910680	-5.387434	 19.254410	-57.899150	 18.466580	 10.398590	 33.996150	-3.686890	 9.480865	 35.137440	-0.646626	 10.763470	-53.750010	-51.281720	-9.954665	 11.445540	 23.982080	-0.549088	 0.208112	 14.789960	-0.368242	 3.437935	 0.000000	 90.000000	 0.000000	 177.641500	 1.693646	 173.691800	-177.179200	-1.281514	-6.296279
-0.001963	 0.002454	-0.116118	 179.305400	 0.221747	-89.965800	-0.000021	 0.000000	 0.000000	-0.000021	 0.000000	 0.000000	-3.525149	 11.225090	 114.920700	-0.813313	 0.122417	-8.559153	-39.721840	-22.971270	 34.504040	-46.877240	 33.730030	 8.058828	-1.508344	 27.119350	 0.905986	-11.666870	-4.636808	 35.944750	 2.477603	-1.136251	 35.323120	 2.739605	 0.675539	-52.364350	-0.352786	 1.276010	 35.556880	-0.202301	 3.178486	 36.024460	 2.411832	 5.494030	-52.520410	 39.007590	 20.375220	 27.137650	-6.436097	 19.357820	 32.910680	-5.387433	 19.254410	-57.899170	 18.466570	 10.398590	 33.996140	-3.686892	 9.480865	 35.137450	-0.646625	 10.763470	-53.750010	-51.281710	-9.954659	 11.445530	 23.982090	-0.549087	 0.208112	 14.789960	-0.368235	 3.437935	-0.000006	 0.000001	 90.000000	-90.000000	 0.000000	-86.406780	 177.642400	 8.601227	 111.084700	-0.813313	 0.122417	-8.559153	 12.236280	 10.972310	 52.931600	-1.045101	 10.743230	-0.604093	-2.262662	 22.375880	-11.302420	-11.666870	-4.636809	 35.944760	 2.477604	-1.136251	 35.323130	 2.739605	 0.675539	-52.364380	-0.352786	 1.276010	 35.556880	-0.202300	 3.178487	 36.024460	 2.411833	 5.494030	-52.520430	 39.007590	 20.375220	 27.137660	-6.436093	 19.357820	 32.910680	-5.387434	 19.254410	-57.899150	 18.466580	 10.398590	 33.996150	-3.686890	 9.480865	 35.137440	-0.646626	 10.763470	-53.750010	-51.281720	-9.954665	 11.445540	 23.982080	-0.549088	 0.208112	 14.789960	-0.368242	 3.437935	 0.000000	 90.000000	 0.000000	 177.641500	 1.693646	 173.691800	-177.179200	-1.281514	-6.296279
-0.001963	 0.002454	-0.116118	 179.305400	 0.221747	-89.965800	-0.000021	 0.000000	 0.000000	-0.000021	 0.000000	 0.000000	-3.525149	 11.225090	 114.920700	-0.813313	 0.122417	-8.559153	-39.721840	-22.971270	 34.504040	-46.877240	 33.730030	 8.058828	-1.508344	 27.119350	 0.905986	-11.666870	-4.636808	 35.944750	 2.477603	-1.136251	 35.323120	 2.739605	 0.675539	-52.364350	-0.352786	 1.276010	 35.556880	-0.202301	 3.178486	 36.024460	 2.411832	 5.494030	-52.520410	 39.007590	 20.375220	 27.137650	-6.436097	 19.357820	 32.910680	-5.387433	 19.254410	-57.899170	 18.466570	 10.398590	 33.996140	-3.686892	 9.480865	 35.137450	-0.646625	 10.763470	-53.750010	-51.281710	-9.954659	 11.445530	 23.982090	-0.549087	 0.208112	 14.789960	-0.368235	 3.437935	-0.000006	 0.000001	 90.000000	-90.000000	 0.000000	-86.406780	 177.642400	 8.601227	 111.084700	-0.813313	 0.122417	-8.559153	 12.236280	 10.972310	 52.931600	-1.045101	 10.743230	-0.604093	-2.262662	 22.375880	-11.302420	-11.666870	-4.636809	 35.944760	 2.477604	-1.136251	 35.323130	 2.739605	 0.675539	-52.364380	-0.352786	 1.276010	 35.556880	-0.202300	 3.178487	 36.024460	 2.411833	 5.494030	-52.520430	 39.007590	 20.375220	 27.137660	-6.436093	 19.357820	 32.910680	-5.387434	 19.254410	-57.899150	 18.466580	 10.398590	 33.996150	-3.686890	 9.480865	 35.137440	-0.646626	 10.763470	-53.750010	-51.281720	-9.954665	 11.445540	 23.982080	-0.549088	 0.208112	 14.789960	-0.368242	 3.437935	 0.000000	 90.000000	 0.000000	 177.641500	 1.693646	 173.691800	-177.179200	-1.281514	-6.296279
-0.001963	 0.002454	-0.116118	 179.305400	 0.221747	-89.965800	-0.000021	 0.000000	 0.000000	-0.000021	 0.000000	 0.000000	-3.525149	 11.225090	 114.920700	-0.813313	 0.122417	-8.559153	-39.721840	-22.971270	 34.504040	-46.877240	 33.730030	 8.058828	-1.508344	 27.119350	 0.905986	-11.666870	-4.636808	 35.944750	 2.477603	-1.136251	 35.323120	 2.739605	 0.675539	-52.364350	-0.352786	 1.276010	 35.556880	-0.202301	 3.178486	 36.024460	 2.411832	 5.494030	-52.520410	 39.007590	 20.375220	 27.137650	-6.436097	 19.357820	 32.910680	-5.387433	 19.254410	-57.899170	 18.466570	 10.398590	 33.996140	-3.686892	 9.480865	 35.137450	-0.646625	 10.763470	-53.750010	-51.281710	-9.954659	 11.445530	 23.982090	-0.549087	 0.208112	 14.789960	-0.368235	 3.437935	-0.000006	 0.000001	 90.000000	-90.000000	 0.000000	-86.406780	 177.642400	 8.601227	 111.084700	-0.813313	 0.122417	-8.559153	 12.236280	 10.972310	 52.931600	-1.045101	 10.743230	-0.604093	-2.262662	 22.375880	-11.302420	-11.666870	-4.636809	 35.944760	 2.477604	-1.136251	 35.323130	 2.739605	 0.675539	-52.364380	-0.352786	 1.276010	 35.556880	-0.202300	 3.178487	 36.024460	 2.411833	 5.494030	-52.520430	 39.007590	 20.375220	 27.137660	-6.436093	 19.357820	 32.910680	-5.387434	 19.254410	-57.899150	 18.466580	 10.398590	 33.996150	-3.686890	 9.480865	 35.137440	-0.646626	 10.763470	-53.750010	-51.281720	-9.954665	 11.445540	 23.982080	-0.549088	 0.208112	 14.789960	-0.368242	 3.437935	 0.000000	 90.000000	 0.000000	 177.641500	 1.693646	 173.691800	-177.179200	-1.281514	-6.296279
-0.001963	 0.002454	-0.116118	 179.305400	 0.221747	-89.965800	-0.000021	 0.000000	 0.000000	-0.000021	 0.000000	 0.000000	-3.525149	 11.225090	 114.920700	-0.813313	 0.122417	-8.559153	-39.721840	-22.971270	 34.504040	-46.877240	 33.730030	 8.058828	-1.508344	 27.119350	 0.905986	-11.666870	-4.636808	 35.944750	 2.477603	-1.136251	 35.323120	 2.739605	 0.675539	-52.364350	-0.352786	 1.276010	 35.556880	-0.202301	 3.178486	 36.024460	 2.411832	 5.494030	-52.520410	 39.007590	 20.375220	 27.137650	-6.436097	 19.357820	 32.910680	-5.387433	 19.254410	-57.899170	 18.466570	 10.398590	 33.996140	-3.686892	 9.480865	 35.137450	-0.646625	 10.763470	-53.750010	-51.281710	-9.954659	 11.445530	 23.982090	-0.549087	 0.208112	 14.789960	-0.368235	 3.437935	-0.000006	 0.000001	 90.000000	-90.000000	 0.000000	-86.406780	 177.642400	 8.601227	 111.084700	-0.813313	 0.122417	-8.559153	 12.236280	 10.972310	 52.931600	-1.045101	 10.743230	-0.604093	-2.262662	 22.375880	-11.302420	-11.666870	-4.636809	 35.944760	 2.477604	-1.136251	 35.323130	 2.739605	 0.675539	-52.364380	-0.352786	 1.276010	 35.556880	-0.202300	 3.178487	 36.024460	 2.411833	 5.494030	-52.520430	 39.007590	 20.375220	 27.137660	-6.436093	 19.357820	 32.910680	-5.387434	 19.254410	-57.899150	 18.466580	 10.398590	 33.996150	-3.686890	 9.480865	 35.137440	-0.646626	 10.763470	-53.750010	-51.281720	-9.954665	 11.445540	 23.982080	-0.549088	 0.208112	 14.789960	-0.368242	 3.437935	 0.000000	 90.000000	 0.000000	 177.641500	 1.693646	 173.691800	-177.179200	-1.281514	-6.296279
-0.001963	 0.002454	-0.116118	 179.305400	 0.221747	-89.965800	-0.000021	 0.000000	 0.000000	-0.000021	 0.000000	 0.000000	-3.525149	 11.225090	 114.920700	-0.813313	 0.122417	-8.559153	-39.721840	-22.971270	 34.504040	-46.877240	 33.730030	 8.058828	-1.508344	 27.119350	 0.905986	-11.666870	-4.636808	 35.944750	 2.477603	-1.136251	 35.323120	 2.739605	 0.675539	-52.364350	-0.352786	 1.276010	 35.556880	-0.202301	 3.178486	 36.024460	 2.411832	 5.494030	-52.520410	 39.007590	 20.375220	 27.137650	-6.436097	 19.357820	 32.910680	-5.387433	 19.254410	-57.899170	 18.466570	 10.398590	 33.996140	-3.686892	 9.480865	 35.137450	-0.646625	 10.763470	-53.750010	-51.281710	-9.954659	 11.445530	 23.982090	-0.549087	 0.208112	 14.789960	-0.368235	 3.437935	-0.000006	 0.000001	 90.000000	-90.000000	 0.000000	-86.406780	 177.642400	 8.601227	 111.084700	-0.813313	 0.122417	-8.559153	 12.236280	 10.972310	 52.931600	-1.045101	 10.743230	-0.604093	-2.262662	 22.375880	-11.302420	-11.666870	-4.636809	 35.944760	 2.477604	-1.136251	 35.323130	 2.739605	 0.675539	-52.364380	-0.352786	 1.276010	 35.556880	-0.202300	 3.178487	 36.024460	 2.411833	 5.494030	-52.520430	 39.007590	 20.375220	 27.137660	-6.436093	 19.357820	 32.910680	-5.387434	 19.254410	-57.899150	 18.466580	 10.398590	 33.996150	-3.686890	 9.480865	 35.137440	-0.646626	 10.763470	-53.750010	-51.281720	-9.954665	 11.445540	 23.982080	-0.549088	 0.208112	 14.789960	-0.368242	 3.437935	 0.000000	 90.000000	 0.000000	 177.641500	 1.693646	 173.691800	-177.179200	-1.281514	-6.296279
-0.001963	 0.002454	-0.116118	 179.305400	 0.221747	-89.965800	-0.000021	 0.000000	 0.000000	-0.000021	 0.000000	 0.000000	-3.525149	 11.225090	 114.920700	-0.813313	 0.122417	-8.559153	-39.721840	-22.971270	 34.504040	-46.877240	 33.730030	 8.058828	-1.508344	 27.119350	 0.905986	-11.666870	-4.636808	 35.944750	 2.477603	-1.136251	 35.323120	 2.739605	 0.675539	-52.364350	-0.352786	 1.276010	 35.556880	-0.202301	 3.178486	 36.024460	 2.411832	 5.494030	-52.520410	 39.007590	 20.375220	 27.137650	-6.436097	 19.357820	 32.910680	-5.387433	 19.254410	-57.899170	 18.466570	 10.398590	 33.996140	-3.686892	 9.480865	 35.137450	-0.646625	 10.763470	-53.750010	-51.281710	-9.954659	 11.445530	 23.982090	-0.549087	 0.208112	 14.789960	-0.368235	 3.437935	-0.000006	 0.000001	 90.000000	-90.000000	 0.000000	-86.406780	 177.642400	 8.601227	 111.084700	-0.813313	 0.122417	-8.559153	 12.236280	 10.972310	 52.931600	-1.045101	 10.743230	-0.604093	-2.262662	 22.375880	-11.302420	-11.666870	-4.636809	 35.944760	 2.477604	-1.136251	 35.323130	 2.739605	 0.675539	-52.364380	-0.352786	 1.276010	 35.556880	-0.202300	 3.178487	 36.024460	 2.411833	 5.494030	-52.520430	 39.007590	 20.375220	 27.137660	-6.436093	 19.357820	 32.910680	-5.387434	 19.254410	-57.899150	 18.466580	 10.398590	 33.996150	-3.686890	 9.480865	 35.137440	-0.646626	 10.763470	-53.750010	-51.281720	-9.954665	 11.445540	 23.982080	-0.549088	 0.208112	 14.789960	-0.368242	 3.437935	 0.000000	 90.000000	 0.000000	 177.641500	 1.693646	 173.691800	-177.179200	-1.281514	-6.296279
-0.001963	 0.002454	-0.116118	 179.305400	 0.221747	-89.965800	-0.000021	 0.000000	 0.000000	-0.000021	 0.000000	 0.000000	-3.525149	 11.225090	 114.920700	-0.813313	 0.122417	-8.559153	-39.721840	-22.971270	 34.504040	-46.877240	 33.730030	 8.058828	-1.508344	 27.119350	 0.905986	-11.666870	-4.636808	 35.944750	 2.477603	-1.136251	 35.323120	 2.739605	 0.675539	-52.364350	-0.352786	 1.276010	 35.556880	-0.202301	 3.178486	 36.024460	 2.411832	 5.494030	-52.520410	 39.007590	 20.375220	 27.137650	-6.436097	 19.357820	 32.910680	-5.387433	 19.254410	-57.899170	 18.466570	 10.398590	 33.996140	-3.686892	 9.480865	 35.137450	-0.646625	 10.763470	-53.750010	-51.281710	-9.954659	 11.445530	 23.982090	-0.549087	 0.208112	 14.789960	-0.368235	 3.437935	-0.000006	 0.000001	 90.000000	-90.000000	 0.000000	-86.406780	 177.642400	 8.601227	 111.084700	-0.813313	 0.122417	-8.559153	 12.236280	 10.972310	 52.931600	-1.045101	 10.743230	-0.604093	-2.262662	 22.375880	-11.302420	-11.666870	-4.636809	 35.944760	 2.477604	-1.136251	 35.323130	 2.739605	 0.675539	-52.364380	-0.352786	 1.276010	 35.556880	-0.202300	 3.178487	 36.024460	 2.411833	 5.494030	-52.520430	 39.007590	 20.375220	 27.137660	-6.436093	 19.357820	 32.910680	-5.387434	 19.254410	-57.899150	 18.466580	 10.398590	 33.996150	-3.686890	 9.480865	 35.137440	-0.646626	 10.763470	-53.750010	-51.281720	-9.954665	 11.445540	 23.982080	-0.549088	 0.208112	 14.789960	-0.368242	 3.437935	 0.000000	 90.000000	 0.000000	 177.641500	 1.693646	 173.691800	-177.179200	-1.281514	-6.296279
-0.001963	 0.002454	-0.116118	 179.305400	 0.221747	-89.965800	-0.000021	 0.000000	 0.000000	-0.000021	 0.000000	 0.000000	-3.525149	 11.225090	 114.920700	-0.813313	 0.122417	-8.559153	-39.721840	-22.971270	 34.504040	-46.877240	 33.730030	 8.058828	-1.508344	 27.119350	 0.905986	-11.666870	-4.636808	 35.944750	 2.477603	-1.136251	 35.323120	 2.739605	 0.675539	-52.364350	-0.352786	 1.276010	 35.556880	-0.202301	 3.178486	 36.024460	 2.411832	 5.494030	-52.520410	 39.007590	 20.375220	 27.137650	-6.436097	 19.357820	 32.910680	-5.387433	 19.254410	-57.899170	 18.466570	 10.398590	 33.996140	-3.686892	 9.480865	 35.137450	-0.646625	 10.763470	-53.750010	-51.281710	-9.954659	 11.445530	 23.982090	-0.549087	 0.208112	 14.789960	-0.368235	 3.437935	-0.000006	 0.000001	 90.000000	-90.000000	 0.000000	-86.406780	 177.642400	 8.601227	 111.084700	-0.813313	 0.122417	-8.559153	 12.236280	 10.972310	 52.931600	-1.045101	 10.743230	-0.604093	-2.262662	 22.375880	-11.302420	-11.666870	-4.636809	 35.944760	 2.477604	-1.136251	 35.323130	 2.739605	 0.675539	-52.364380	-0.352786	 1.276010	 35.556880	-0.202300	 3.178487	 36.024460	 2.411833	 5.494030	-52.520430	 39.007590	 20.375220	 27.137660	-6.436093	 19.357820	 32.910680	-5.387434	 19.254410	-57.899150	 18.466580	 10.398590	 33.996150	-3.686890	 9.480865	 35.137440	-0.646626	 10.763470	-53.750010	-51.281720	-9.954665	 11.445540	 23.982080	-0.549088	 0.208112	 14.789960	-0.368242	 3.437935	 0.000000	 90.000000	 0.000000	 177.641500	 1.693646	 173.691800	-177.179200	-1.281514	-6.296279
-0.001963	 0.002454	-0.116118	 179.305400	 0.221747	-89.965800	-0.000021	 0.000000	 0.000000	-0.000021	 0.000000	 0.000000	-3.525149	 11.225090	 114.920700	-0.813313	 0.122417	-8.559153	-39.721840	-22.971270	 34.504040	-46.877240	 33.730030	 8.058828	-1.508344	 27.119350	 0.905986	-11.666870	-4.636808	 35.944750	 2.477603	-1.136251	 35.323120	 2.739605	 0.675539	-52.364350	-0.352786	 1.276010	 35.556880	-0.202301	 3.178486	 36.024460	 2.411832	 5.494030	-52.520410	 39.007590	 20.375220	 27.137650	-6.436097	 19.357820	 32.910680	-5.387433	 19.254410	-57.899170	 18.466570	 10.398590	 33.996140	-3.686892	 9.480865	 35.137450	-0.646625	 10.763470	-53.750010	-51.281710	-9.954659	 11.445530	 23.982090	-0.549087	 0.208112	 14.789960	-0.368235	 3.437935	-0.000006	 0.000001	 90.000000	-90.000000	 0.000000	-86.406780	 177.642400	 8.601227	 111.084700	-0.813313	 0.122417	-8.559153	 12.236280	 10.972310	 52.931600	-1.045101	 10.743230	-0.604093	-2.262662	 22.375880	-11.302420	-11.666870	-4.636809	 35.944760	 2.477604	-1.136251	 35.323130	 2.739605	 0.675539	-52.364380	-0.352786	 1.276010	 35.556880	-0.202300	 3.178487	 36.024460	 2.411833	 5.494030	-52.520430	 39.007590	 20.375220	 27.137660	-6.436093	 19.357820	 32.910680	-5.387434	 19.254410	-57.899150	 18.466580	 10.398590	 33.996150	-3.686890	 9.480865	 35.137440	-0.646626	 10.763470	-53.750010	-51.281720	-9.954665	 11.445540	 23.982080	-0.549088	 0.208112	 14.789960	-0.368242	 3.437935	 0.000000	 90.000000	 0.000000	 177.641500	 1.693646	 173.691800	-177.179200	-1.281514	-6.296279
-0.001963	 0.002454	-0.116118	 179.305400	 0.221747	-89.965800	-0.000021	 0.000000	 0.000000	-0.000021	 0.000000	 0.000000	-3.525149	 11.225090	 114.920700	-0.813313	 0.122417	-8.559153	-39.721840	-22.971270	 34.504040	-46.877240	 33.730030	 8.058828	-1.508344	 27.119350	 0.905986	-11.666870	-4.636808	 35.944750	 2.477603	-1.136251	 35.323120	 2.739605	 0.675539	-52.364350	-0.352786	 1.276010	 35.556880	-0.202301	 3.178486	 36.024460	 2.411832	 5.494030	-52.520410	 39.007590	 20.375220	 27.137650	-6.436097	 19.357820	 32.910680	-5.387433	 19.254410	-57.899170	 18.466570	 10.398590	 33.996140	-3.686892	 9.480865	 35.137450	-0.646625	 10.763470	-53.750010	-51.281710	-9.954659	 11.445530	 23.982090	-0.549087	 0.208112	 14.789960	-0.368235	 3.437935	-0.000006	 0.000001	 90.000000	-90.000000	 0.000000	-86.406780	 177.642400	 8.601227	 111.084700	-0.813313	 0.122417	-8.559153	 12.236280	 10.972310	 52.931600	-1.045101	 10.743230	-0.604093	-2.262662	 22.375880	-11.302420	-11.666870	-4.636809	 35.944760	 2.477604	-1.136251	 35.323130	 2.739605	 0.675539	-52.364380	-0.352786	 1.276010	 35.556880	-0.202300	 3.178487	 36.024460	 2.411833	 5.494030	-52.520430	 39.007590	 20.375220	 27.137660	-6.436093	 19.357820	 32.910680	-5.387434	 19.254410	-57.899150	 18.466580	 10.398590	 33.996150	-3.686890	 9.480865	 35.137440	-0.646626	 10.763470	-53.750010	-51.281720	-9.954665	 11.445540	 23.982080	-0.549088	 0.208112	 14.789960	-0.368242	 3.437935	 0.000000	 90.000000	 0.000000	 177.641500	 1.693646	 173.691800	-177.179200	-1.281514	-6.296279
-0.001963	 0.002454	-0.116118	 179.305400	 0.221747	-89.965800	-0.000021	 0.000000	 0.000000	-0.000021	 0.000000	 0.000000	-3.525149	 11.225090	 114.920700	-0.813313	 0.122417	-8.559153	-39.721840	-22.971270	 34.504040	-46.877240	 33.730030	 8.058828	-1.508344	 27.119350	 0.905986	-11.666870	-4.636808	 35.944750	 2.477603	-1.136251	 35.323120	 2.739605	 0.675539	-52.364350	-0.352786	 1.276010	 35.556880	-0.202301	 3.178486	 36.024460	 2.411832	 5.494030	-52.520410	 39.007590	 20.375220	 27.137650	-6.436097	 19.357820	 32.910680	-5.387433	 19.254410	-57.899170	 18.466570	 10.398590	 33.996140	-3.686892	 9.480865	 35.137450	-0.646625	 10.763470	-53.750010	-51.281710	-9.954659	 11.445530	 23.982090	-0.549087	 0.208112	 14.789960	-0.368235	 3.437935	-0.000006	 0.000001	 90.000000	-90.000000	 0.000000	-86.406780	 177.642400	 8.601227	 111.084700	-0.813313	 0.122417	-8.559153	 12.236280	 10.972310	 52.931600	-1.045101	 10.743230	-0.604093	-2.262662	 22.375880	-11.302420	-11.666870	-4.636809	 35.944760	 2.477604	-1.136251	 35.323130	 2.739605	 0.675539	-52.364380	-0.352786	 1.276010	 35.556880	-0.202300	 3.178487	 36.024460	 2.411833	 5.494030	-52.520430	 39.007590	 20.375220	 27.137660	-6.436093	 19.357820	 32.910680	-5.387434	 19.254410	-57.899150	 18.466580	 10.398590	 33.996150	-3.686890	 9.480865	 35.137440	-0.646626	 10.763470	-53.750010	-51.281720	-9.954665	 11.445540	 23.982080	-0.549088	 0.208112	 14.789960	-0.368242	 3.437935	 0.000000	 90.000000	 0.000000	 177.641500	 1.693646	 173.691800	-177.179200	-1.281514	-6.296279
-0.001963	 0.002454	-0.116118	 179.305400	 0.221747	-89.965800	-0.000021	 0.000000	 0.000000	-0.000021	 0.000000	 0.000000	-3.525149	 11.225090	 114.920700	-0.813313	 0.122417	-8.559153	-39.721840	-22.971270	 34.504040	-46.877240	 33.730030	 8.058828	-1.508344	 27.119350	 0.905986	-11.666870	-4.636808	 35.944750	 2.477603	-1.136251	 35.323120	 2.739605	 0.675539	-52.364350	-0.352786	 1.276010	 35.556880	-0.202301	 3.178486	 36.024460	 2.411832	 5.494030	-52.520410	 39.007590	 20.375220	 27.137650	-6.436097	 19.357820	 32.910680	-5.387433	 19.254410	-57.899170	 18.466570	 10.398590	 33.996140	-3.686892	 9.480865	 35.137450	-0.646625	 10.763470	-53.750010	-51.281710	-9.954659	 11.445530	 23.982090	-0.549087	 0.208112	 14.789960	-0.368235	 3.437935	-0.000006	 0.000001	 90.000000	-90.000000	 0.000000	-86.406780	 177.642400	 8.601227	 111.084700	-0.813313	 0.122417	-8.559153	 12.236280	 10.972310	 52.931600	-1.045101	 10.743230	-0.604093	-2.262662	 22.375880	-11.302420	-11.666870	-4.636809	 35.944760	 2.477604	-1.136251	 35.323130	 2.739605	 0.675539	-52.364380	-0.352786	 1.276010	 35.556880	-0.202300	 3.178487	 36.024460	 2.411833	 5.494030	-52.520430	 39.007590	 20.375220	 27.137660	-6.436093	 19.357820	 32.910680	-5.387434	 19.254410	-57.899150	 18.466580	 10.398590	 33.996150	-3.686890	 9.480865	 35.137440	-0.646626	 10.763470	-53.750010	-51.281720	-9.954665	 11.445540	 23.982080	-0.549088	 0.208112	 14.789960	-0.368242	 3.437935	 0.000000	 90.000000	 0.000000	 177.641500	 1.693646	 173.691800	-177.179200	-1.281514	-6.296279
-0.001963	 0.002454	-0.116118	 179.305400	 0.221747	-89.965800	-0.000021	 0.000000	 0.000000	-0.000021	 0.000000	 0.000000	-3.525149	 11.225090	 114.920700	-0.813313	 0.122417	-8.559153	-39.721840	-22.971270	 34.504040	-46.877240	 33.730030	 8.058828	-1.508344	 27.119350	 0.905986	-11.666870	-4.636808	 35.944750	 2.477603	-1.136251	 35.323120	 2.739605	 0.675539	-52.364350	-0.352786	 1.276010	 35.556880	-0.202301	 3.178486	 36.024460	 2.411832	 5.494030	-52.520410	 39.007590	 20.375220	 27.137650	-6.436097	 19.357820	 32.910680	-5.387433	 19.254410	-57.899170	 18.466570	 10.398590	 33.996140	-3.686892	 9.480865	 35.137450	-0.646625	 10.763470	-53.750010	-51.281710	-9.954659	 11.445530	 23.982090	-0.549087	 0.208112	 14.789960	-0.368235	 3.437935	-0.000006	 0.000001	 90.000000	-90.000000	 0.000000	-86.406780	 177.642400	 8.601227	 111.084700	-0.813313	 0.122417	-8.559153	 12.236280	 10.972310	 52.931600	-1.045101	 10.743230	-0.604093	-2.262662	 22.375880	-11.302420	-11.666870	-4.636809	 35.944760	 2.477604	-1.136251	 35.323130	 2.739605	 0.675539	-52.364380	-0.352786	 1.276010	 35.556880	-0.202300	 3.178487	 36.024460	 2.411833	 5.494030	-52.520430	 39.007590	 20.375220	 27.137660	-6.436093	 19.357820	 32.910680	-5.387434	 19.254410	-57.899150	 18.466580	 10.398590	 33.996150	-3.686890	 9.480865	 35.137440	-0.646626	 10.763470	-53.750010	-51.281720	-9.954665	 11.445540	 23.982080	-0.549088	 0.208112	 14.789960	-0.368242	 3.437935	 0.000000	 90.000000	 0.000000	 177.641500	 1.693646	 173.691800	-177.179200	-1.281514	-6.296279
-0.001963	 0.002454	-0.116118	 179.305400	 0.221747	-89.965800	-0.000021	 0.000000	 0.000000	-0.000021	 0.000000	 0.000000	-3.525149	 11.225090	 114.920700	-0.813313	 0.122417	-8.559153	-39.721840	-22.971270	 34.504040	-46.877240	 33.730030	 8.058828	-1.508344	 27.119350	 0.905986	-11.666870	-4.636808	 35.944750	 2.477603	-1.136251	 35.323120	 2.739605	 0.675539	-52.364350	-0.352786	 1.276010	 35.556880	-0.202301	 3.178486	 36.024460	 2.411832	 5.494030	-52.520410	 39.007590	 20.375220	 27.137650	-6.436097	 19.357820	 32.910680	-5.387433	 19.254410	-57.899170	 18.466570	 10.398590	 33.996140	-3.686892	 9.480865	 35.137450	-0.646625	 10.763470	-53.750010	-51.281710	-9.954659	 11.445530	 23.982090	-0.549087	 0.208112	 14.789960	-0.368235	 3.437935	-0.000006	 0.000001	 90.000000	-90.000000	 0.000000	-86.406780	 177.642400	 8.601227	 111.084700	-0.813313	 0.122417	-8.559153	 12.236280	 10.972310	 52.931600	-1.045101	 10.743230	-0.604093	-2.262662	 22.375880	-11.302420	-11.666870	-4.636809	 35.944760	 2.477604	-1.136251	 35.323130	 2.739605	 0.675539	-52.364380	-0.352786	 1.276010	 35.556880	-0.202300	 3.178487	 36.024460	 2.411833	 5.494030	-52.520430	 39.007590	 20.375220	 27.137660	-6.436093	 19.357820	 32.910680	-5.387434	 19.254410	-57.899150	 18.466580	 10.398590	 33.996150	-3.686890	 9.480865	 35.137440	-0.646626	 10.763470	-53.750010	-51.281720	-9.954665	 11.445540	 23.982080	-0.549088	 0.208112	 14.789960	-0.368242	 3.437935	 0.000000	 90.000000	 0.000000	 177.641500	 1.693646	 173.691800	-177.179200	-1.281514	-6.296279
-0.001963	 0.002454	-0.116118	 179.305400	 0.221747	-89.965800	-0.000021	 0.000000	 0.000000	-0.000021	 0.000000	 0.000000	-3.525149	 11.225090	 114.920700	-0.813313	 0.122417	-8.559153	-39.721840	-22.971270	 34.504040	-46.877240	 33.730030	 8.058828	-1.508344	 27.119350	 0.905986	-11.666870	-4.636808	 35.944750	 2.477603	-1.136251	 35.323120	 2.739605	 0.675539	-52.364350	-0.352786	 1.276010	 35.556880	-0.202301	 3.178486	 36.024460	 2.411832	 5.494030	-52.520410	 39.007590	 20.375220	 27.137650	-6.436097	 19.357820	 32.910680	-5.387433	 19.254410	-57.899170	 18.466570	 10.398590	 33.996140	-3.686892	 9.480865	 35.137450	-0.646625	 10.763470	-53.750010	-51.281710	-9.954659	 11.445530	 23.982090	-0.549087	 0.208112	 14.789960	-0.368235	 3.437935	-0.000006	 0.000001	 90.000000	-90.000000	 0.000000	-86.406780	 177.642400	 8.601227	 111.084700	-0.813313	 0.122417	-8.559153	 12.236280	 10.972310	 52.931600	-1.045101	 10.743230	-0.604093	-2.262662	 22.375880	-11.302420	-11.666870	-4.636809	 35.944760	 2.477604	-1.136251	 35.323130	 2.739605	 0.675539	-52.364380	-0.352786	 1.276010	 35.556880	-0.202300	 3.178487	 36.024460	 2.411833	 5.494030	-52.520430	 39.007590	 20.375220	 27.137660	-6.436093	 19.357820	 32.910680	-5.387434	 19.254410	-57.899150	 18.466580	 10.398590	 33.996150	-3.686890	 9.480865	 35.137440	-0.646626	 10.763470	-53.750010	-51.281720	-9.954665	 11.445540	 23.982080	-0.549088	 0.208112	 14.789960	-0.368242	 3.437935	 0.000000	 90.000000	 0.000000	 177.641500	 1.693646	 173.691800	-177.179200	-1.281514	-6.296279
-0.001963	 0.002454	-0.116118	 179.305400	 0.221747	-89.965800	-0.000021	 0.000000	 0.000000	-0.000021	 0.000000	 0.000000	-3.525149	 11.225090	 114.920700	-0.813313	 0.122417	-8.559153	-39.721840	-22.971270	 34.504040	-46.877240	 33.730030	 8.058828	-1.508344	 27.119350	 0.905986	-11.666870	-4.636808	 35.944750	 2.477603	-1.136251	 35.323120	 2.739605	 0.675539	-52.364350	-0.352786	 1.276010	 35.556880	-0.202301	 3.178486	 36.024460	 2.411832	 5.494030	-52.520410	 39.007590	 20.375220	 27.137650	-6.436097	 19.357820	 32.910680	-5.387433	 19.254410	-57.899170	 18.466570	 10.398590	 33.996140	-3.686892	 9.480865	 35.137450	-0.646625	 10.763470	-53.750010	-51.281710	-9.954659	 11.445530	 23.982090	-0.549087	 0.208112	 14.789960	-0.368235	 3.437935	-0.000006	 0.000001	 90.000000	-90.000000	 0.000000	-86.406780	 177.642400	 8.601227	 111.084700	-0.813313	 0.122417	-8.559153	 12.236280	 10.972310	 52.931600	-1.045101	 10.743230	-0.604093	-2.262662	 22.375880	-11.302420	-11.666870	-4.636809	 35.944760	 2.477604	-1.136251	 35.323130	 2.739605	 0.675539	-52.364380	-0.352786	 1.276010	 35.556880	-0.202300	 3.178487	 36.024460	 2.411833	 5.494030	-52.520430	 39.007590	 20.375220	 27.137660	-6.436093	 19.357820	 32.910680	-5.387434	 19.254410	-57.899150	 18.466580	 10.398590	 33.996150	-3.686890	 9.480865	 35.137440	-0.646626	 10.763470	-53.750010	-51.281720	-9.954665	 11.445540	 23.982080	-0.549088	 0.208112	 14.789960	-0.368242	 3.437935	 0.000000	 90.000000	 0.000000	 177.641500	 1.693646	 173.691800	-177.179200	-1.281514	-6.296279
-0.001963	 0.002454	-0.116118	 179.305400	 0.221747	-89.965800	-0.000021	 0.000000	 0.000000	-0.000021	 0.000000	 0.000000	-3.525149	 11.225090	 114.920700	-0.813313	 0.122417	-8.559153	-39.721840	-22.971270	 34.504040	-46.877240	 33.730030	 8.058828	-1.508344	 27.119350	 0.905986	-11.666870	-4.636808	 35.944750	 2.477603	-1.136251	 35.323120	 2.739605	 0.675539	-52.364350	-0.352786	 1.276010	 35.556880	-0.202301	 3.178486	 36.024460	 2.411832	 5.494030	-52.520410	 39.007590	 20.375220	 27.137650	-6.436097	 19.357820	 32.910680	-5.387433	 19.254410	-57.899170	 18.466570	 10.398590	 33.996140	-3.686892	 9.480865	 35.137450	-0.646625	 10.763470	-53.750010	-51.281710	-9.954659	 11.445530	 23.982090	-0.549087	 0.208112	 14.789960	-0.368235	 3.437935	-0.000006	 0.000001	 90.000000	-90.000000	 0.000000	-86.406780	 177.642400	 8.601227	 111.084700	-0.813313	 0.122417	-8.559153	 12.236280	 10.972310	 52.931600	-1.045101	 10.743230	-0.604093	-2.262662	 22.375880	-11.302420	-11.666870	-4.636809	 35.944760	 2.477604	-1.136251	 35.323130	 2.739605	 0.675539	-52.364380	-0.352786	 1.276010	 35.556880	-0.202300	 3.178487	 36.024460	 2.411833	 5.494030	-52.520430	 39.007590	 20.375220	 27.137660	-6.436093	 19.357820	 32.910680	-5.387434	 19.254410	-57.899150	 18.466580	 10.398590	 33.996150	-3.686890	 9.480865	 35.137440	-0.646626	 10.763470	-53.750010	-51.281720	-9.954665	 11.445540	 23.982080	-0.549088	 0.208112	 14.789960	-0.368242	 3.437935	 0.000000	 90.000000	 0.000000	 177.641500	 1.693646	 173.691800	-177.179200	-1.281514	-6.296279
-0.001963	 0.002454	-0.116118	 179.305400	 0.221747	-89.965800	-0.000021	 0.000000	 0.000000	-0.000021	 0.000000	 0.000000	-3.525149	 11.225090	 114.920700	-0.813313	 0.122417	-8.559153	-39.721840	-22.971270	 34.504040	-46.877240	 33.730030	 8.058828	-1.508344	 27.119350	 0.905986	-11.666870	-4.636808	 35.944750	 2.477603	-1.136251	 35.323120	 2.739605	 0.675539	-52.364350	-0.352786	 1.276010	 35.556880	-0.202301	 3.178486	 36.024460	 2.411832	 5.494030	-52.520410	 39.007590	 20.375220	 27.137650	-6.436097	 19.357820	 32.910680	-5.387433	 19.254410	-57.899170	 18.466570	 10.398590	 33.996140	-3.686892	 9.480865	 35.137450	-0.646625	 10.763470	-53.750010	-51.281710	-9.954659	 11.445530	 23.982090	-0.549087	 0.208112	 14.789960	-0.368235	 3.437935	-0.000006	 0.000001	 90.000000	-90.000000	 0.000000	-86.406780	 177.642400	 8.601227	 111.084700	-0.813313	 0.122417	-8.559153	 12.236280	 10.972310	 52.931600	-1.045101	 10.743230	-0.604093	-2.262662	 22.375880	-11.302420	-11.666870	-4.636809	 35.944760	 2.477604	-1.136251	 35.323130	 2.739605	 0.675539	-52.364380	-0.352786	 1.276010	 35.556880	-0.202300	 3.178487	 36.024460	 2.411833	 5.494030	-52.520430	 39.007590	 20.375220	 27.137660	-6.436093	 19.357820	 32.910680	-5.387434	 19.254410	-57.899150	 18.466580	 10.398590	 33.996150	-3.686890	 9.480865	 35.137440	-0.646626	 10.763470	-53.750010	-51.281720	-9.954665	 11.445540	 23.982080	-0.549088	 0.208112	 14.789960	-0.368242	 3.437935	 0.000000	 90.000000	 0.000000	 177.641500	 1.693646	 173.691800	-177.179200	-1.281514	-6.296279
-0.001963	 0.002454	-0.116118	 179.305400	 0.221747	-89.965800	-0.000021	 0.000000	 0.000000	-0.000021	 0.000000	 0.000000	-3.525149	 11.225090	 114.920700	-0.813313	 0.122417	-8.559153	-39.721840	-22.971270	 34.504040	-46.877240	 33.730030	 8.058828	-1.508344	 27.119350	 0.905986	-11.666870	-4.636808	 35.944750	 2.477603	-1.136251	 35.323120	 2.739605	 0.675539	-52.364350	-0.352786	 1.276010	 35.556880	-0.202301	 3.178486	 36.024460	 2.411832	 5.494030	-52.520410	 39.007590	 20.375220	 27.137650	-6.436097	 19.357820	 32.910680	-5.387433	 19.254410	-57.899170	 18.466570	 10.398590	 33.996140	-3.686892	 9.480865	 35.137450	-0.646625	 10.763470	-53.750010	-51.281710	-9.954659	 11.445530	 23.982090	-0.549087	 0.208112	 14.789960	-0.368235	 3.437935	-0.000006	 0.000001	 90.000000	-90.000000	 0.000000	-86.406780	 177.642400	 8.601227	 111.084700	-0.813313	 0.122417	-8.559153	 12.236280	 10.972310	 52.931600	-1.045101	 10.743230	-0.604093	-2.262662	 22.375880	-11.302420	-11.666870	-4.636809	 35.944760	 2.477604	-1.136251	 35.323130	 2.739605	 0.675539	-52.364380	-0.352786	 1.276010	 35.556880	-0.202300	 3.178487	 36.024460	 2.411833	 5.494030	-52.520430	 39.007590	 20.375220	 27.137660	-6.436093	 19.357820	 32.910680	-5.387434	 19.254410	-57.899150	 18.466580	 10.398590	 33.996150	-3.686890	 9.480865	 35.137440	-0.646626	 10.763470	-53.750010	-51.281720	-9.954665	 11.445540	 23.982080	-0.549088	 0.208112	 14.789960	-0.368242	 3.437935	 0.000000	 90.000000	 0.000000	 177.641500	 1.693646	 173.691800	-177.179200	-1.281514	-6.296279
-0.001963	 0.002454	-0.116118	 179.305400	 0.221747	-89.965800	-0.000021	 0.000000	 0.000000	-0.000021	 0.000000	 0.000000	-3.525149	 11.225090	 114.920700	-0.813313	 0.122417	-8.559153	-39.721840	-22.971270	 34.504040	-46.877240	 33.730030	 8.058828	-1.508344	 27.119350	 0.905986	-11.666870	-4.636808	 35.944750	 2.477603	-1.136251	 35.323120	 2.739605	 0.675539	-52.364350	-0.352786	 1.276010	 35.556880	-0.202301	 3.178486	 36.024460	 2.411832	 5.494030	-52.520410	 39.007590	 20.375220	 27.137650	-6.436097	 19.357820	 32.910680	-5.387433	 19.254410	-57.899170	 18.466570	 10.398590	 33.996140	-3.686892	 9.480865	 35.137450	-0.646625	 10.763470	-53.750010	-51.281710	-9.954659	 11.445530	 23.982090	-0.549087	 0.208112	 14.789960	-0.368235	 3.437935	-0.000006	 0.000001	 90.000000	-90.000000	 0.000000	-86.406780	 177.642400	 8.601227	 111.084700	-0.813313	 0.122417	-8.559153	 12.236280	 10.972310	 52.931600	-1.045101	 10.743230	-0.604093	-2.262662	 22.375880	-11.302420	-11.666870	-4.636809	 35.944760	 2.477604	-1.136251	 35.323130	 2.739605	 0.675539	-52.364380	-0.352786	 1.276010	 35.556880	-0.202300	 3.178487	 36.024460	 2.411833	 5.494030	-52.520430	 39.007590	 20.375220	 27.137660	-6.436093	 19.357820	 32.910680	-5.387434	 19.254410	-57.899150	 18.466580	 10.398590	 33.996150	-3.686890	 9.480865	 35.137440	-0.646626	 10.763470	-53.750010	-51.281720	-9.954665	 11.445540	 23.982080	-0.549088	 0.208112	 14.789960	-0.368242	 3.437935	 0.000000	 90.000000	 0.000000	 177.641500	 1.693646	 173.691800	-177.179200	-1.281514	-6.296279
-0.001963	 0.002454	-0.116118	 179.305400	 0.221747	-89.965800	-0.000021	 0.000000	 0.000000	-0.000021	 0.000000	 0.000000	-3.525149	 11.225090	 114.920700	-0.813313	 0.122417	-8.559153	-39.721840	-22.971270	 34.504040	-46.877240	 33.730030	 8.058828	-1.508344	 27.119350	 0.905986	-11.666870	-4.636808	 35.944750	 2.477603	-1.136251	 35.323120	 2.739605	 0.675539	-52.364350	-0.352786	 1.276010	 35.556880	-0.202301	 3.178486	 36.024460	 2.411832	 5.494030	-52.520410	 39.007590	 20.375220	 27.137650	-6.436097	 19.357820	 32.910680	-5.387433	 19.254410	-57.899170	 18.466570	 10.398590	 33.996140	-3.686892	 9.480865	 35.137450	-0.646625	 10.763470	-53.750010	-51.281710	-9.954659	 11.445530	 23.982090	-0.549087	 0.208112	 14.789960	-0.368235	 3.437935	-0.000006	 0.000001	 90.000000	-90.000000	 0.000000	-86.406780	 177.642400	 8.601227	 111.084700	-0.813313	 0.122417	-8.559153	 12.236280	 10.972310	 52.931600	-1.045101	 10.743230	-0.604093	-2.262662	 22.375880	-11.302420	-11.666870	-4.636809	 35.944760	 2.477604	-1.136251	 35.323130	 2.739605	 0.675539	-52.364380	-0.352786	 1.276010	 35.556880	-0.202300	 3.178487	 36.024460	 2.411833	 5.494030	-52.520430	 39.007590	 20.375220	 27.137660	-6.436093	 19.357820	 32.910680	-5.387434	 19.254410	-57.899150	 18.466580	 10.398590	 33.996150	-3.686890	 9.480865	 35.137440	-0.646626	 10.763470	-53.750010	-51.281720	-9.954665	 11.445540	 23.982080	-0.549088	 0.208112	 14.789960	-0.368242	 3.437935	 0.000000	 90.000000	 0.000000	 177.641500	 1.693646	 173.691800	-177.179200	-1.281514	-6.296279
-0.001963	 0.002454	-0.116118	 179.305400	 0.221747	-89.965800	-0.000021	 0.000000	 0.000000	-0.000021	 0.000000	 0.000000	-3.525149	 11.225090	 114.920700	-0.813313	 0.122417	-8.559153	-39.721840	-22.971270	 34.504040	-46.877240	 33.730030	 8.058828	-1.508344	 27.119350	 0.905986	-11.666870	-4.636808	 35.944750	 2.477603	-1.136251	 35.323120	 2.739605	 0.675539	-52.364350	-0.352786	 1.276010	 35.556880	-0.202301	 3.178486	 36.024460	 2.411832	 5.494030	-52.520410	 39.007590	 20.375220	 27.137650	-6.436097	 19.357820	 32.910680	-5.387433	 19.254410	-57.899170	 18.466570	 10.398590	 33.996140	-3.686892	 9.480865	 35.137450	-0.646625	 10.763470	-53.750010	-51.281710	-9.954659	 11.445530	 23.982090	-0.549087	 0.208112	 14.789960	-0.368235	 3.437935	-0.000006	 0.000001	 90.000000	-90.000000	 0.000000	-86.406780	 177.642400	 8.601227	 111.084700	-0.813313	 0.122417	-8.559153	 12.236280	 10.972310	 52.931600	-1.045101	 10.743230	-0.604093	-2.262662	 22.375880	-11.302420	-11.666870	-4.636809	 35.944760	 2.477604	-1.136251	 35.323130	 2.739605	 0.675539	-52.364380	-0.352786	 1.276010	 35.556880	-0.202300	 3.178487	 36.024460	 2.411833	 5.494030	-52.520430	 39.007590	 20.375220	 27.137660	-6.436093	 19.357820	 32.910680	-5.387434	 19.254410	-57.899150	 18.466580	 10.398590	 33.996150	-3.686890	 9.480865	 35.137440	-0.646626	 10.763470	-53.750010	-51.281720	-9.954665	 11.445540	 23.982080	-0.549088	 0.208112	 14.789960	-0.368242	 3.437935	 0.000000	 90.000000	 0.000000	 177.641500	 1.693646	 173.691800	-177.179200	-1.281514	-6.296279
-0.001963	 0.002454	-0.116118	 179.305400	 0.221747	-89.965800	-0.000021	 0.000000	 0.000000	-0.000021	 0.000000	 0.000000	-3.525149	 11.225090	 114.920700	-0.813313	 0.122417	-8.559153	-39.721840	-22.971270	 34.504040	-46.877240	 33.730030	 8.058828	-1.508344	 27.119350	 0.905986	-11.666870	-4.636808	 35.944750	 2.477603	-1.136251	 35.323120	 2.739605	 0.675539	-52.364350	-0.352786	 1.276010	 35.556880	-0.202301	 3.178486	 36.024460	 2.411832	 5.494030	-52.520410	 39.007590	 20.375220	 27.137650	-6.436097	 19.357820	 32.910680	-5.387433	 19.254410	-57.899170	 18.466570	 10.398590	 33.996140	-3.686892	 9.480865	 35.137450	-0.646625	 10.763470	-53.750010	-51.281710	-9.954659	 11.445530	 23.982090	-0.549087	 0.208112	 14.789960	-0.368235	 3.437935	-0.000006	 0.000001	 90.000000	-90.000000	 0.000000	-86.406780	 177.642400	 8.601227	 111.084700	-0.813313	 0.122417	-8.559153	 12.236280	 10.972310	 52.931600	-1.045101	 10.743230	-0.604093	-2.262662	 22.375880	-11.302420	-11.666870	-4.636809	 35.944760	 2.477604	-1.136251	 35.323130	 2.739605	 0.675539	-52.364380	-0.352786	 1.276010	 35.556880	-0.202300	 3.178487	 36.024460	 2.411833	 5.494030	-52.520430	 39.007590	 20.375220	 27.137660	-6.436093	 19.357820	 32.910680	-5.387434	 19.254410	-57.899150	 18.466580	 10.398590	 33.996150	-3.686890	 9.480865	 35.137440	-0.646626	 10.763470	-53.750010	-51.281720	-9.954665	 11.445540	 23.982080	-0.549088	 0.208112	 14.789960	-0.368242	 3.437935	 0.000000	 90.000000	 0.000000	 177.641500	 1.693646	 173.691800	-177.179200	-1.281514	-6.296279
-0.001963	 0.002454	-0.116118	 179.305400	 0.221747	-89.965800	-0.000021	 0.000000	 0.000000	-0.000021	 0.000000	 0.000000	-3.525149	 11.225090	 114.920700	-0.813313	 0.122417	-8.559153	-39.721840	-22.971270	 34.504040	-46.877240	 33.730030	 8.058828	-1.508344	 27.119350	 0.905986	-11.666870	-4.636808	 35.944750	 2.477603	-1.136251	 35.323120	 2.739605	 0.675539	-52.364350	-0.352786	 1.276010	 35.556880	-0.202301	 3.178486	 36.024460	 2.411832	 5.494030	-52.520410	 39.007590	 20.375220	 27.137650	-6.436097	 19.357820	 32.910680	-5.387433	 19.254410	-57.899170	 18.466570	 10.398590	 33.996140	-3.686892	 9.480865	 35.137450	-0.646625	 10.763470	-53.750010	-51.281710	-9.954659	 11.445530	 23.982090	-0.549087	 0.208112	 14.789960	-0.368235	 3.437935	-0.000006	 0.000001	 90.000000	-90.000000	 0.000000	-86.406780	 177.642400	 8.601227	 111.084700	-0.813313	 0.122417	-8.559153	 12.236280	 10.972310	 52.931600	-1.045101	 10.743230	-0.604093	-2.262662	 22.375880	-11.302420	-11.666870	-4.636809	 35.944760	 2.477604	-1.136251	 35.323130	 2.739605	 0.675539	-52.364380	-0.352786	 1.276010	 35.556880	-0.202300	 3.178487	 36.024460	 2.411833	 5.494030	-52.520430	 39.007590	 20.375220	 27.137660	-6.436093	 19.357820	 32.910680	-5.387434	 19.254410	-57.899150	 18.466580	 10.398590	 33.996150	-3.686890	 9.480865	 35.137440	-0.646626	 10.763470	-53.750010	-51.281720	-9.954665	 11.445540	 23.982080	-0.549088	 0.208112	 14.789960	-0.368242	 3.437935	 0.000000	 90.000000	 0.000000	 177.641500	 1.693646	 173.691800	-177.179200	-1.281514	-6.296279
-0.001963	 0.002454	-0.116118	 179.305400	 0.221747	-89.965800	-0.000021	 0.000000	 0.000000	-0.000021	 0.000000	 0.000000	-3.525149	 11.225090	 114.920700	-0.813313	 0.122417	-8.559153	-39.721840	-22.971270	 34.504040	-46.877240	 33.730030	 8.058828	-1.508344	 27.119350	 0.905986	-11.666870	-4.636808	 35.944750	 2.477603	-1.136251	 35.323120	 2.739605	 0.675539	-52.364350	-0.352786	 1.276010	 35.556880	-0.202301	 3.178486	 36.024460	 2.411832	 5.494030	-52.520410	 39.007590	 20.375220	 27.137650	-6.436097	 19.357820	 32.910680	-5.387433	 19.254410	-57.899170	 18.466570	 10.398590	 33.996140	-3.686892	 9.480865	 35.137450	-0.646625	 10.763470	-53.750010	-51.281710	-9.954659	 11.445530	 23.982090	-0.549087	 0.208112	 14.789960	-0.368235	 3.437935	-0.000006	 0.000001	 90.000000	-90.000000	 0.000000	-86.406780	 177.642400	 8.601227	 111.084700	-0.813313	 0.122417	-8.559153	 12.236280	 10.972310	 52.931600	-1.045101	 10.743230	-0.604093	-2.262662	 22.375880	-11.302420	-11.666870	-4.636809	 35.944760	 2.477604	-1.136251	 35.323130	 2.739605	 0.675539	-52.364380	-0.352786	 1.276010	 35.556880	-0.202300	 3.178487	 36.024460	 2.411833	 5.494030	-52.520430	 39.007590	 20.375220	 27.137660	-6.436093	 19.357820	 32.910680	-5.387434	 19.254410	-57.899150	 18.466580	 10.398590	 33.996150	-3.686890	 9.480865	 35.137440	-0.646626	 10.763470	-53.750010	-51.281720	-9.954665	 11.445540	 23.982080	-0.549088	 0.208112	 14.789960	-0.368242	 3.437935	 0.000000	 90.000000	 0.000000	 177.641500	 1.693646	 173.691800	-177.179200	-1.281514	-6.296279
-0.001963	 0.002454	-0.116118	 179.305400	 0.221747	-89.965800	-0.000021	 0.000000	 0.000000	-0.000021	 0.000000	 0.000000	-3.525149	 11.225090	 114.920700	-0.813313	 0.122417	-8.559153	-39.721840	-22.971270	 34.504040	-46.877240	 33.730030	 8.058828	-1.508344	 27.119350	 0.905986	-11.666870	-4.636808	 35.944750	 2.477603	-1.136251	 35.323120	 2.739605	 0.675539	-52.364350	-0.352786	 1.276010	 35.556880	-0.202301	 3.178486	 36.024460	 2.411832	 5.494030	-52.520410	 39.007590	 20.375220	 27.137650	-6.436097	 19.357820	 32.910680	-5.387433	 19.254410	-57.899170	 18.466570	 10.398590	 33.996140	-3.686892	 9.480865	 35.137450	-0.646625	 10.763470	-53.750010	-51.281710	-9.954659	 11.445530	 23.982090	-0.549087	 0.208112	 14.789960	-0.368235	 3.437935	-0.000006	 0.000001	 90.000000	-90.000000	 0.000000	-86.406780	 177.642400	 8.601227	 111.084700	-0.813313	 0.122417	-8.559153	 12.236280	 10.972310	 52.931600	-1.045101	 10.743230	-0.604093	-2.262662	 22.375880	-11.302420	-11.666870	-4.636809	 35.944760	 2.477604	-1.136251	 35.323130	 2.739605	 0.675539	-52.364380	-0.352786	 1.276010	 35.556880	-0.202300	 3.178487	 36.024460	 2.411833	 5.494030	-52.520430	 39.007590	 20.375220	 27.137660	-6.436093	 19.357820	 32.910680	-5.387434	 19.254410	-57.899150	 18.466580	 10.398590	 33.996150	-3.686890	 9.480865	 35.137440	-0.646626	 10.763470	-53.750010	-51.281720	-9.954665	 11.445540	 23.982080	-0.549088	 0.208112	 14.789960	-0.368242	 3.437935	 0.000000	 90.000000	 0.000000	 177.641500	 1.693646	 173.691800	-177.179200	-1.281514	-6.296279
-0.001963	 0.002454	-0.116118	 179.305400	 0.221747	-89.965800	-0.000021	 0.000000	 0.000000	-0.000021	 0.000000	 0.000000	-3.525149	 11.225090	 114.920700	-0.813313	 0.122417	-8.559153	-39.721840	-22.971270	 34.504040	-46.877240	 33.730030	 8.058828	-1.508344	 27.119350	 0.905986	-11.666870	-4.636808	 35.944750	 2.477603	-1.136251	 35.323120	 2.739605	 0.675539	-52.364350	-0.352786	 1.276010	 35.556880	-0.202301	 3.178486	 36.024460	 2.411832	 5.494030	-52.520410	 39.007590	 20.375220	 27.137650	-6.436097	 19.357820	 32.910680	-5.387433	 19.254410	-57.899170	 18.466570	 10.398590	 33.996140	-3.686892	 9.480865	 35.137450	-0.646625	 10.763470	-53.750010	-51.281710	-9.954659	 11.445530	 23.982090	-0.549087	 0.208112	 14.789960	-0.368235	 3.437935	-0.000006	 0.000001	 90.000000	-90.000000	 0.000000	-86.406780	 177.642400	 8.601227	 111.084700	-0.813313	 0.122417	-8.559153	 12.236280	 10.972310	 52.931600	-1.045101	 10.743230	-0.604093	-2.262662	 22.375880	-11.302420	-11.666870	-4.636809	 35.944760	 2.477604	-1.136251	 35.323130	 2.739605	 0.675539	-52.364380	-0.352786	 1.276010	 35.556880	-0.202300	 3.178487	 36.024460	 2.411833	 5.494030	-52.520430	 39.007590	 20.375220	 27.137660	-6.436093	 19.357820	 32.910680	-5.387434	 19.254410	-57.899150	 18.466580	 10.398590	 33.996150	-3.686890	 9.480865	 35.137440	-0.646626	 10.763470	-53.750010	-51.281720	-9.954665	 11.445540	 23.982080	-0.549088	 0.208112	 14.789960	-0.368242	 3.437935	 0.000000	 90.000000	 0.000000	 177.641500	 1.693646	 173.691800	-177.179200	-1.281514	-6.296279
-0.001963	 0.002454	-0.116118	 179.305400	 0.221747	-89.965800	-0.000021	 0.000000	 0.000000	-0.000021	 0.000000	 0.000000	-3.525149	 11.225090	 114.920700	-0.813313	 0.122417	-8.559153	-39.721840	-22.971270	 34.504040	-46.877240	 33.730030	 8.058828	-1.508344	 27.119350	 0.905986	-11.666870	-4.636808	 35.944750	 2.477603	-1.136251	 35.323120	 2.739605	 0.675539	-52.364350	-0.352786	 1.276010	 35.556880	-0.202301	 3.178486	 36.024460	 2.411832	 5.494030	-52.520410	 39.007590	 20.375220	 27.137650	-6.436097	 19.357820	 32.910680	-5.387433	 19.254410	-57.899170	 18.466570	 10.398590	 33.996140	-3.686892	 9.480865	 35.137450	-0.646625	 10.763470	-53.750010	-51.281710	-9.954659	 11.445530	 23.982090	-0.549087	 0.208112	 14.789960	-0.368235	 3.437935	-0.000006	 0.000001	 90.000000	-90.000000	 0.000000	-86.406780	 177.642400	 8.601227	 111.084700	-0.813313	 0.122417	-8.559153	 12.236280	 10.972310	 52.931600	-1.045101	 10.743230	-0.604093	-2.262662	 22.375880	-11.302420	-11.666870	-4.636809	 35.944760	 2.477604	-1.136251	 35.323130	 2.739605	 0.675539	-52.364380	-0.352786	 1.276010	 35.556880	-0.202300	 3.178487	 36.024460	 2.411833	 5.494030	-52.520430	 39.007590	 20.375220	 27.137660	-6.436093	 19.357820	 32.910680	-5.387434	 19.254410	-57.899150	 18.466580	 10.398590	 33.996150	-3.686890	 9.480865	 35.137440	-0.646626	 10.763470	-53.750010	-51.281720	-9.954665	 11.445540	 23.982080	-0.549088	 0.208112	 14.789960	-0.368242	 3.437935	 0.000000	 90.000000	 0.000000	 177.641500	 1.693646	 173.691800	-177.179200	-1.281514	-6.296279
-0.001963	 0.002454	-0.116118	 179.305400	 0.221747	-89.965800	-0.000021	 0.000000	 0.000000	-0.000021	 0.000000	 0.000000	-3.525149	 11.225090	 114.920700	-0.813313	 0.122417	-8.559153	-39.721840	-22.971270	 34.504040	-46.877240	 33.730030	 8.058828	-1.508344	 27.119350	 0.905986	-11.666870	-4.636808	 35.944750	 2.477603	-1.136251	 35.323120	 2.739605	 0.675539	-52.364350	-0.352786	 1.276010	 35.556880	-0.202301	 3.178486	 36.024460	 2.411832	 5.494030	-52.520410	 39.007590	 20.375220	 27.137650	-6.436097	 19.357820	 32.910680	-5.387433	 19.254410	-57.899170	 18.466570	 10.398590	 33.996140	-3.686892	 9.480865	 35.137450	-0.646625	 10.763470	-53.750010	-51.281710	-9.954659	 11.445530	 23.982090	-0.549087	 0.208112	 14.789960	-0.368235	 3.437935	-0.000006	 0.000001	 90.000000	-90.000000	 0.000000	-86.406780	 177.642400	 8.601227	 111.084700	-0.813313	 0.122417	-8.559153	 12.236280	 10.972310	 52.931600	-1.045101	 10.743230	-0.604093	-2.262662	 22.375880	-11.302420	-11.666870	-4.636809	 35.944760	 2.477604	-1.136251	 35.323130	 2.739605	 0.675539	-52.364380	-0.352786	 1.276010	 35.556880	-0.202300	 3.178487	 36.024460	 2.411833	 5.494030	-52.520430	 39.007590	 20.375220	 27.137660	-6.436093	 19.357820	 32.910680	-5.387434	 19.254410	-57.899150	 18.466580	 10.398590	 33.996150	-3.686890	 9.480865	 35.137440	-0.646626	 10.763470	-53.750010	-51.281720	-9.954665	 11.445540	 23.982080	-0.549088	 0.208112	 14.789960	-0.368242	 3.437935	 0.000000	 90.000000	 0.000000	 177.641500	 1.693646	 173.691800	-177.179200	-1.281514	-6.296279
-0.001963	 0.002454	-0.116118	 179.305400	 0.221747	-89.965800	-0.000021	 0.000000	 0.000000	-0.000021	 0.000000	 0.000000	-3.525149	 11.225090	 114.920700	-0.813313	 0.122417	-8.559153	-39.721840	-22.971270	 34.504040	-46.877240	 33.730030	 8.058828	-1.508344	 27.119350	 0.905986	-11.666870	-4.636808	 35.944750	 2.477603	-1.136251	 35.323120	 2.739605	 0.675539	-52.364350	-0.352786	 1.276010	 35.556880	-0.202301	 3.178486	 36.024460	 2.411832	 5.494030	-52.520410	 39.007590	 20.375220	 27.137650	-6.436097	 19.357820	 32.910680	-5.387433	 19.254410	-57.899170	 18.466570	 10.398590	 33.996140	-3.686892	 9.480865	 35.137450	-0.646625	 10.763470	-53.750010	-51.281710	-9.954659	 11.445530	 23.982090	-0.549087	 0.208112	 14.789960	-0.368235	 3.437935	-0.000006	 0.000001	 90.000000	-90.000000	 0.000000	-86.406780	 177.642400	 8.601227	 111.084700	-0.813313	 0.122417	-8.559153	 12.236280	 10.972310	 52.931600	-1.045101	 10.743230	-0.604093	-2.262662	 22.375880	-11.302420	-11.666870	-4.636809	 35.944760	 2.477604	-1.136251	 35.323130	 2.739605	 0.675539	-52.364380	-0.352786	 1.276010	 35.556880	-0.202300	 3.178487	 36.024460	 2.411833	 5.494030	-52.520430	 39.007590	 20.375220	 27.137660	-6.436093	 19.357820	 32.910680	-5.387434	 19.254410	-57.899150	 18.466580	 10.398590	 33.996150	-3.686890	 9.480865	 35.137440	-0.646626	 10.763470	-53.750010	-51.281720	-9.954665	 11.445540	 23.982080	-0.549088	 0.208112	 14.789960	-0.368242	 3.437935	 0.000000	 90.000000	 0.000000	 177.641500	 1.693646	 173.691800	-177.179200	-1.281514	-6.296279
-0.001963	 0.002454	-0.116118	 179.305400	 0.221747	-89.965800	-0.000021	 0.000000	 0.000000	-0.000021	 0.000000	 0.000000	-3.525149	 11.225090	 114.920700	-0.813313	 0.122417	-8.559153	-39.721840	-22.971270	 34.504040	-46.877240	 33.730030	 8.058828	-1.508344	 27.119350	 0.905986	-11.666870	-4.636808	 35.944750	 2.477603	-1.136251	 35.323120	 2.739605	 0.675539	-52.364350	-0.352786	 1.276010	 35.556880	-0.202301	 3.178486	 36.024460	 2.411832	 5.494030	-52.520410	 39.007590	 20.375220	 27.137650	-6.436097	 19.357820	 32.910680	-5.387433	 19.254410	-57.899170	 18.466570	 10.398590	 33.996140	-3.686892	 9.480865	 35.137450	-0.646625	 10.763470	-53.750010	-51.281710	-9.954659	 11.445530	 23.982090	-0.549087	 0.208112	 14.789960	-0.368235	 3.437935	-0.000006	 0.000001	 90.000000	-90.000000	 0.000000	-86.406780	 177.642400	 8.601227	 111.084700	-0.813313	 0.122417	-8.559153	 12.236280	 10.972310	 52.931600	-1.045101	 10.743230	-0.604093	-2.262662	 22.375880	-11.302420	-11.666870	-4.636809	 35.944760	 2.477604	-1.136251	 35.323130	 2.739605	 0.675539	-52.364380	-0.352786	 1.276010	 35.556880	-0.202300	 3.178487	 36.024460	 2.411833	 5.494030	-52.520430	 39.007590	 20.375220	 27.137660	-6.436093	 19.357820	 32.910680	-5.387434	 19.254410	-57.899150	 18.466580	 10.398590	 33.996150	-3.686890	 9.480865	 35.137440	-0.646626	 10.763470	-53.750010	-51.281720	-9.954665	 11.445540	 23.982080	-0.549088	 0.208112	 14.789960	-0.368242	 3.437935	 0.000000	 90.000000	 0.000000	 177.641500	 1.693646	 173.691800	-177.179200	-1.281514	-6.296279
-0.001963	 0.002454	-0.116118	 179.305400	 0.221747	-89.965800	-0.000021	 0.000000	 0.000000	-0.000021	 0.000000	 0.000000	-3.525149	 11.225090	 114.920700	-0.813313	 0.122417	-8.559153	-39.721840	-22.971270	 34.504040	-46.877240	 33.730030	 8.058828	-1.508344	 27.119350	 0.905986	-11.666870	-4.636808	 35.944750	 2.477603	-1.136251	 35.323120	 2.739605	 0.675539	-52.364350	-0.352786	 1.276010	 35.556880	-0.202301	 3.178486	 36.024460	 2.411832	 5.494030	-52.520410	 39.007590	 20.375220	 27.137650	-6.436097	 19.357820	 32.910680	-5.387433	 19.254410	-57.899170	 18.466570	 10.398590	 33.996140	-3.686892	 9.480865	 35.137450	-0.646625	 10.763470	-53.750010	-51.281710	-9.954659	 11.445530	 23.982090	-0.549087	 0.208112	 14.789960	-0.368235	 3.437935	-0.000006	 0.000001	 90.000000	-90.000000	 0.000000	-86.406780	 177.642400	 8.601227	 111.084700	-0.813313	 0.122417	-8.559153	 12.236280	 10.972310	 52.931600	-1.045101	 10.743230	-0.604093	-2.262662	 22.375880	-11.302420	-11.666870	-4.636809	 35.944760	 2.477604	-1.136251	 35.323130	 2.739605	 0.675539	-52.364380	-0.352786	 1.276010	 35.556880	-0.202300	 3.178487	 36.024460	 2.411833	 5.494030	-52.520430	 39.007590	 20.375220	 27.137660	-6.436093	 19.357820	 32.910680	-5.387434	 19.254410	-57.899150	 18.466580	 10.398590	 33.996150	-3.686890	 9.480865	 35.137440	-0.646626	 10.763470	-53.750010	-51.281720	-9.954665	 11.445540	 23.982080	-0.549088	 0.208112	 14.789960	-0.368242	 3.437935	 0.000000	 90.000000	 0.000000	 177.641500	 1.693646	 173.691800	-177.179200	-1.281514	-6.296279
-0.001963	 0.002454	-0.116118	 179.305400	 0.221747	-89.965800	-0.000021	 0.000000	 0.000000	-0.000021	 0.000000	 0.000000	-3.525149	 11.225090	 114.920700	-0.813313	 0.122417	-8.559153	-39.721840	-22.971270	 34.504040	-46.877240	 33.730030	 8.058828	-1.508344	 27.119350	 0.905986	-11.666870	-4.636808	 35.944750	 2.477603	-1.136251	 35.323120	 2.739605	 0.675539	-52.364350	-0.352786	 1.276010	 35.556880	-0.202301	 3.178486	 36.024460	 2.411832	 5.494030	-52.520410	 39.007590	 20.375220	 27.137650	-6.436097	 19.357820	 32.910680	-5.387433	 19.254410	-57.899170	 18.466570	 10.398590	 33.996140	-3.686892	 9.480865	 35.137450	-0.646625	 10.763470	-53.750010	-51.281710	-9.954659	 11.445530	 23.982090	-0.549087	 0.208112	 14.789960	-0.368235	 3.437935	-0.000006	 0.000001	 90.000000	-90.000000	 0.000000	-86.406780	 177.642400	 8.601227	 111.084700	-0.813313	 0.122417	-8.559153	 12.236280	 10.972310	 52.931600	-1.045101	 10.743230	-0.604093	-2.262662	 22.375880	-11.302420	-11.666870	-4.636809	 35.944760	 2.477604	-1.136251	 35.323130	 2.739605	 0.675539	-52.364380	-0.352786	 1.276010	 35.556880	-0.202300	 3.178487	 36.024460	 2.411833	 5.494030	-52.520430	 39.007590	 20.375220	 27.137660	-6.436093	 19.357820	 32.910680	-5.387434	 19.254410	-57.899150	 18.466580	 10.398590	 33.996150	-3.686890	 9.480865	 35.137440	-0.646626	 10.763470	-53.750010	-51.281720	-9.954665	 11.445540	 23.982080	-0.549088	 0.208112	 14.789960	-0.368242	 3.437935	 0.000000	 90.000000	 0.000000	 177.641500	 1.693646	 173.691800	-177.179200	-1.281514	-6.296279
-0.001963	 0.002454	-0.116118	 179.305400	 0.221747	-89.965800	-0.000021	 0.000000	 0.000000	-0.000021	 0.000000	 0.000000	-3.525149	 11.225090	 114.920700	-0.813313	 0.122417	-8.559153	-39.721840	-22.971270	 34.504040	-46.877240	 33.730030	 8.058828	-1.508344	 27.119350	 0.905986	-11.666870	-4.636808	 35.944750	 2.477603	-1.136251	 35.323120	 2.739605	 0.675539	-52.364350	-0.352786	 1.276010	 35.556880	-0.202301	 3.178486	 36.024460	 2.411832	 5.494030	-52.520410	 39.007590	 20.375220	 27.137650	-6.436097	 19.357820	 32.910680	-5.387433	 19.254410	-57.899170	 18.466570	 10.398590	 33.996140	-3.686892	 9.480865	 35.137450	-0.646625	 10.763470	-53.750010	-51.281710	-9.954659	 11.445530	 23.982090	-0.549087	 0.208112	 14.789960	-0.368235	 3.437935	-0.000006	 0.000001	 90.000000	-90.000000	 0.000000	-86.406780	 177.642400	 8.601227	 111.084700	-0.813313	 0.122417	-8.559153	 12.236280	 10.972310	 52.931600	-1.045101	 10.743230	-0.604093	-2.262662	 22.375880	-11.302420	-11.666870	-4.636809	 35.944760	 2.477604	-1.136251	 35.323130	 2.739605	 0.675539	-52.364380	-0.352786	 1.276010	 35.556880	-0.202300	 3.178487	 36.024460	 2.411833	 5.494030	-52.520430	 39.007590	 20.375220	 27.137660	-6.436093	 19.357820	 32.910680	-5.387434	 19.254410	-57.899150	 18.466580	 10.398590	 33.996150	-3.686890	 9.480865	 35.137440	-0.646626	 10.763470	-53.750010	-51.281720	-9.954665	 11.445540	 23.982080	-0.549088	 0.208112	 14.789960	-0.368242	 3.437935	 0.000000	 90.000000	 0.000000	 177.641500	 1.693646	 173.691800	-177.179200	-1.281514	-6.296279
-0.001963	 0.002454	-0.116118	 179.305400	 0.221747	-89.965800	-0.000021	 0.000000	 0.000000	-0.000021	 0.000000	 0.000000	-3.525149	 11.225090	 114.920700	-0.813313	 0.122417	-8.559153	-39.721840	-22.971270	 34.504040	-46.877240	 33.730030	 8.058828	-1.508344	 27.119350	 0.905986	-11.666870	-4.636808	 35.944750	 2.477603	-1.136251	 35.323120	 2.739605	 0.675539	-52.364350	-0.352786	 1.276010	 35.556880	-0.202301	 3.178486	 36.024460	 2.411832	 5.494030	-52.520410	 39.007590	 20.375220	 27.137650	-6.436097	 19.357820	 32.910680	-5.387433	 19.254410	-57.899170	 18.466570	 10.398590	 33.996140	-3.686892	 9.480865	 35.137450	-0.646625	 10.763470	-53.750010	-51.281710	-9.954659	 11.445530	 23.982090	-0.549087	 0.208112	 14.789960	-0.368235	 3.437935	-0.000006	 0.000001	 90.000000	-90.000000	 0.000000	-86.406780	 177.642400	 8.601227	 111.084700	-0.813313	 0.122417	-8.559153	 12.236280	 10.972310	 52.931600	-1.045101	 10.743230	-0.604093	-2.262662	 22.375880	-11.302420	-11.666870	-4.636809	 35.944760	 2.477604	-1.136251	 35.323130	 2.739605	 0.675539	-52.364380	-0.352786	 1.276010	 35.556880	-0.202300	 3.178487	 36.024460	 2.411833	 5.494030	-52.520430	 39.007590	 20.375220	 27.137660	-6.436093	 19.357820	 32.910680	-5.387434	 19.254410	-57.899150	 18.466580	 10.398590	 33.996150	-3.686890	 9.480865	 35.137440	-0.646626	 10.763470	-53.750010	-51.281720	-9.954665	 11.445540	 23.982080	-0.549088	 0.208112	 14.789960	-0.368242	 3.437935	 0.000000	 90.000000	 0.000000	 177.641500	 1.693646	 173.691800	-177.179200	-1.281514	-6.296279
-0.001963	 0.002454	-0.116118	 179.305400	 0.221747	-89.965800	-0.000021	 0.000000	 0.000000	-0.000021	 0.000000	 0.000000	-3.525149	 11.225090	 114.920700	-0.813313	 0.122417	-8.559153	-39.721840	-22.971270	 34.504040	-46.877240	 33.730030	 8.058828	-1.508344	 27.119350	 0.905986	-11.666870	-4.636808	 35.944750	 2.477603	-1.136251	 35.323120	 2.739605	 0.675539	-52.364350	-0.352786	 1.276010	 35.556880	-0.202301	 3.178486	 36.024460	 2.411832	 5.494030	-52.520410	 39.007590	 20.375220	 27.137650	-6.436097	 19.357820	 32.910680	-5.387433	 19.254410	-57.899170	 18.466570	 10.398590	 33.996140	-3.686892	 9.480865	 35.137450	-0.646625	 10.763470	-53.750010	-51.281710	-9.954659	 11.445530	 23.982090	-0.549087	 0.208112	 14.789960	-0.368235	 3.437935	-0.000006	 0.000001	 90.000000	-90.000000	 0.000000	-86.406780	 177.642400	 8.601227	 111.084700	-0.813313	 0.122417	-8.559153	 12.236280	 10.972310	 52.931600	-1.045101	 10.743230	-0.604093	-2.262662	 22.375880	-11.302420	-11.666870	-4.636809	 35.944760	 2.477604	-1.136251	 35.323130	 2.739605	 0.675539	-52.364380	-0.352786	 1.276010	 35.556880	-0.202300	 3.178487	 36.024460	 2.411833	 5.494030	-52.520430	 39.007590	 20.375220	 27.137660	-6.436093	 19.357820	 32.910680	-5.387434	 19.254410	-57.899150	 18.466580	 10.398590	 33.996150	-3.686890	 9.480865	 35.137440	-0.646626	 10.763470	-53.750010	-51.281720	-9.954665	 11.445540	 23.982080	-0.549088	 0.208112	 14.789960	-0.368242	 3.437935	 0.000000	 90.000000	 0.000000	 177.641500	 1.693646	 173.691800	-177.179200	-1.281514	-6.296279
-0.001963	 0.002454	-0.116118	 179.305400	 0.221747	-89.965800	-0.000021	 0.000000	 0.000000	-0.000021	 0.000000	 0.000000	-3.525149	 11.225090	 114.920700	-0.813313	 0.122417	-8.559153	-39.721840	-22.971270	 34.504040	-46.877240	 33.730030	 8.058828	-1.508344	 27.119350	 0.905986	-11.666870	-4.636808	 35.944750	 2.477603	-1.136251	 35.323120	 2.739605	 0.675539	-52.364350	-0.352786	 1.276010	 35.556880	-0.202301	 3.178486	 36.024460	 2.411832	 5.494030	-52.520410	 39.007590	 20.375220	 27.137650	-6.436097	 19.357820	 32.910680	-5.387433	 19.254410	-57.899170	 18.466570	 10.398590	 33.996140	-3.686892	 9.480865	 35.137450	-0.646625	 10.763470	-53.750010	-51.281710	-9.954659	 11.445530	 23.982090	-0.549087	 0.208112	 14.789960	-0.368235	 3.437935	-0.000006	 0.000001	 90.000000	-90.000000	 0.000000	-86.406780	 177.642400	 8.601227	 111.084700	-0.813313	 0.122417	-8.559153	 12.236280	 10.972310	 52.931600	-1.045101	 10.743230	-0.604093	-2.262662	 22.375880	-11.302420	-11.666870	-4.636809	 35.944760	 2.477604	-1.136251	 35.323130	 2.739605	 0.675539	-52.364380	-0.352786	 1.276010	 35.556880	-0.202300	 3.178487	 36.024460	 2.411833	 5.494030	-52.520430	 39.007590	 20.375220	 27.137660	-6.436093	 19.357820	 32.910680	-5.387434	 19.254410	-57.899150	 18.466580	 10.398590	 33.996150	-3.686890	 9.480865	 35.137440	-0.646626	 10.763470	-53.750010	-51.281720	-9.954665	 11.445540	 23.982080	-0.549088	 0.208112	 14.789960	-0.368242	 3.437935	 0.000000	 90.000000	 0.000000	 177.641500	 1.693646	 173.691800	-177.179200	-1.281514	-6.296279
-0.001963	 0.002454	-0.116118	 179.305400	 0.221747	-89.965800	-0.000021	 0.000000	 0.000000	-0.000021	 0.000000	 0.000000	-3.525149	 11.225090	 114.920700	-0.813313	 0.122417	-8.559153	-39.721840	-22.971270	 34.504040	-46.877240	 33.730030	 8.058828	-1.508344	 27.119350	 0.905986	-11.666870	-4.636808	 35.944750	 2.477603	-1.136251	 35.323120	 2.739605	 0.675539	-52.364350	-0.352786	 1.276010	 35.556880	-0.202301	 3.178486	 36.024460	 2.411832	 5.494030	-52.520410	 39.007590	 20.375220	 27.137650	-6.436097	 19.357820	 32.910680	-5.387433	 19.254410	-57.899170	 18.466570	 10.398590	 33.996140	-3.686892	 9.480865	 35.137450	-0.646625	 10.763470	-53.750010	-51.281710	-9.954659	 11.445530	 23.982090	-0.549087	 0.208112	 14.789960	-0.368235	 3.437935	-0.000006	 0.000001	 90.000000	-90.000000	 0.000000	-86.406780	 177.642400	 8.601227	 111.084700	-0.813313	 0.122417	-8.559153	 12.236280	 10.972310	 52.931600	-1.045101	 10.743230	-0.604093	-2.262662	 22.375880	-11.302420	-11.666870	-4.636809	 35.944760	 2.477604	-1.136251	 35.323130	 2.739605	 0.675539	-52.364380	-0.352786	 1.276010	 35.556880	-0.202300	 3.178487	 36.024460	 2.411833	 5.494030	-52.520430	 39.007590	 20.375220	 27.137660	-6.436093	 19.357820	 32.910680	-5.387434	 19.254410	-57.899150	 18.466580	 10.398590	 33.996150	-3.686890	 9.480865	 35.137440	-0.646626	 10.763470	-53.750010	-51.281720	-9.954665	 11.445540	 23.982080	-0.549088	 0.208112	 14.789960	-0.368242	 3.437935	 0.000000	 90.000000	 0.000000	 177.641500	 1.693646	 173.691800	-177.179200	-1.281514	-6.296279
-0.001963	 0.002454	-0.116118	 179.305400	 0.221747	-89.965800	-0.000021	 0.000000	 0.000000	-0.000021	 0.000000	 0.000000	-3.525149	 11.225090	 114.920700	-0.813313	 0.122417	-8.559153	-39.721840	-22.971270	 34.504040	-46.877240	 33.730030	 8.058828	-1.508344	 27.119350	 0.905986	-11.666870	-4.636808	 35.944750	 2.477603	-1.136251	 35.323120	 2.739605	 0.675539	-52.364350	-0.352786	 1.276010	 35.556880	-0.202301	 3.178486	 36.024460	 2.411832	 5.494030	-52.520410	 39.007590	 20.375220	 27.137650	-6.436097	 19.357820	 32.910680	-5.387433	 19.254410	-57.899170	 18.466570	 10.398590	 33.996140	-3.686892	 9.480865	 35.137450	-0.646625	 10.763470	-53.750010	-51.281710	-9.954659	 11.445530	 23.982090	-0.549087	 0.208112	 14.789960	-0.368235	 3.437935	-0.000006	 0.000001	 90.000000	-90.000000	 0.000000	-86.406780	 177.642400	 8.601227	 111.084700	-0.813313	 0.122417	-8.559153	 12.236280	 10.972310	 52.931600	-1.045101	 10.743230	-0.604093	-2.262662	 22.375880	-11.302420	-11.666870	-4.636809	 35.944760	 2.477604	-1.136251	 35.323130	 2.739605	 0.675539	-52.364380	-0.352786	 1.276010	 35.556880	-0.202300	 3.178487	 36.024460	 2.411833	 5.494030	-52.520430	 39.007590	 20.375220	 27.137660	-6.436093	 19.357820	 32.910680	-5.387434	 19.254410	-57.899150	 18.466580	 10.398590	 33.996150	-3.686890	 9.480865	 35.137440	-0.646626	 10.763470	-53.750010	-51.281720	-9.954665	 11.445540	 23.982080	-0.549088	 0.208112	 14.789960	-0.368242	 3.437935	 0.000000	 90.000000	 0.000000	 177.641500	 1.693646	 173.691800	-177.179200	-1.281514	-6.296279
-0.001963	 0.002454	-0.116118	 179.305400	 0.221747	-89.965800	-0.000021	 0.000000	 0.000000	-0.000021	 0.000000	 0.000000	-3.525149	 11.225090	 114.920700	-0.813313	 0.122417	-8.559153	-39.721840	-22.971270	 34.504040	-46.877240	 33.730030	 8.058828	-1.508344	 27.119350	 0.905986	-11.666870	-4.636808	 35.944750	 2.477603	-1.136251	 35.323120	 2.739605	 0.675539	-52.364350	-0.352786	 1.276010	 35.556880	-0.202301	 3.178486	 36.024460	 2.411832	 5.494030	-52.520410	 39.007590	 20.375220	 27.137650	-6.436097	 19.357820	 32.910680	-5.387433	 19.254410	-57.899170	 18.466570	 10.398590	 33.996140	-3.686892	 9.480865	 35.137450	-0.646625	 10.763470	-53.750010	-51.281710	-9.954659	 11.445530	 23.982090	-0.549087	 0.208112	 14.789960	-0.368235	 3.437935	-0.000006	 0.000001	 90.000000	-90.000000	 0.000000	-86.406780	 177.642400	 8.601227	 111.084700	-0.813313	 0.122417	-8.559153	 12.236280	 10.972310	 52.931600	-1.045101	 10.743230	-0.604093	-2.262662	 22.375880	-11.302420	-11.666870	-4.636809	 35.944760	 2.477604	-1.136251	 35.323130	 2.739605	 0.675539	-52.364380	-0.352786	 1.276010	 35.556880	-0.202300	 3.178487	 36.024460	 2.411833	 5.494030	-52.520430	 39.007590	 20.375220	 27.137660	-6.436093	 19.357820	 32.910680	-5.387434	 19.254410	-57.899150	 18.466580	 10.398590	 33.996150	-3.686890	 9.480865	 35.137440	-0.646626	 10.763470	-53.750010	-51.281720	-9.954665	 11.445540	 23.982080	-0.549088	 0.208112	 14.789960	-0.368242	 3.437935	 0.000000	 90.000000	 0.000000	 177.641500	 1.693646	 173.691800	-177.179200	-1.281514	-6.296279
-0.001963	 0.002454	-0.116118	 179.305400	 0.221747	-89.965800	-0.000021	 0.000000	 0.000000	-0.000021	 0.000000	 0.000000	-3.525149	 11.225090	 114.920700	-0.813313	 0.122417	-8.559153	-39.721840	-22.971270	 34.504040	-46.877240	 33.730030	 8.058828	-1.508344	 27.119350	 0.905986	-11.666870	-4.636808	 35.944750	 2.477603	-1.136251	 35.323120	 2.739605	 0.675539	-52.364350	-0.352786	 1.276010	 35.556880	-0.202301	 3.178486	 36.024460	 2.411832	 5.494030	-52.520410	 39.007590	 20.375220	 27.137650	-6.436097	 19.357820	 32.910680	-5.387433	 19.254410	-57.899170	 18.466570	 10.398590	 33.996140	-3.686892	 9.480865	 35.137450	-0.646625	 10.763470	-53.750010	-51.281710	-9.954659	 11.445530	 23.982090	-0.549087	 0.208112	 14.789960	-0.368235	 3.437935	-0.000006	 0.000001	 90.000000	-90.000000	 0.000000	-86.406780	 177.642400	 8.601227	 111.084700	-0.813313	 0.122417	-8.559153	 12.236280	 10.972310	 52.931600	-1.045101	 10.743230	-0.604093	-2.262662	 22.375880	-11.302420	-11.666870	-4.636809	 35.944760	 2.477604	-1.136251	 35.323130	 2.739605	 0.675539	-52.364380	-0.352786	 1.276010	 35.556880	-0.202300	 3.178487	 36.024460	 2.411833	 5.494030	-52.520430	 39.007590	 20.375220	 27.137660	-6.436093	 19.357820	 32.910680	-5.387434	 19.254410	-57.899150	 18.466580	 10.398590	 33.996150	-3.686890	 9.480865	 35.137440	-0.646626	 10.763470	-53.750010	-51.281720	-9.954665	 11.445540	 23.982080	-0.549088	 0.208112	 14.789960	-0.368242	 3.437935	 0.000000	 90.000000	 0.000000	 177.641500	 1.693646	 173.691800	-177.179200	-1.281514	-6.296279
-0.001963	 0.002454	-0.116118	 179.305400	 0.221747	-89.965800	-0.000021	 0.000000	 0.000000	-0.000021	 0.000000	 0.000000	-3.525149	 11.225090	 114.920700	-0.813313	 0.122417	-8.559153	-39.721840	-22.971270	 34.504040	-46.877240	 33.730030	 8.058828	-1.508344	 27.119350	 0.905986	-11.666870	-4.636808	 35.944750	 2.477603	-1.136251	 35.323120	 2.739605	 0.675539	-52.364350	-0.352786	 1.276010	 35.556880	-0.202301	 3.178486	 36.024460	 2.411832	 5.494030	-52.520410	 39.007590	 20.375220	 27.137650	-6.436097	 19.357820	 32.910680	-5.387433	 19.254410	-57.899170	 18.466570	 10.398590	 33.996140	-3.686892	 9.480865	 35.137450	-0.646625	 10.763470	-53.750010	-51.281710	-9.954659	 11.445530	 23.982090	-0.549087	 0.208112	 14.789960	-0.368235	 3.437935	-0.000006	 0.000001	 90.000000	-90.000000	 0.000000	-86.406780	 177.642400	 8.601227	 111.084700	-0.813313	 0.122417	-8.559153	 12.236280	 10.972310	 52.931600	-1.045101	 10.743230	-0.604093	-2.262662	 22.375880	-11.302420	-11.666870	-4.636809	 35.944760	 2.477604	-1.136251	 35.323130	 2.739605	 0.675539	-52.364380	-0.352786	 1.276010	 35.556880	-0.202300	 3.178487	 36.024460	 2.411833	 5.494030	-52.520430	 39.007590	 20.375220	 27.137660	-6.436093	 19.357820	 32.910680	-5.387434	 19.254410	-57.899150	 18.466580	 10.398590	 33.996150	-3.686890	 9.480865	 35.137440	-0.646626	 10.763470	-53.750010	-51.281720	-9.954665	 11.445540	 23.982080	-0.549088	 0.208112	 14.789960	-0.368242	 3.437935	 0.000000	 90.000000	 0.000000	 177.641500	 1.693646	 173.691800	-177.179200	-1.281514	-6.296279
-0.001963	 0.002454	-0.116118	 179.305400	 0.221747	-89.965800	-0.000021	 0.000000	 0.000000	-0.000021	 0.000000	 0.000000	-3.525149	 11.225090	 114.920700	-0.813313	 0.122417	-8.559153	-39.721840	-22.971270	 34.504040	-46.877240	 33.730030	 8.058828	-1.508344	 27.119350	 0.905986	-11.666870	-4.636808	 35.944750	 2.477603	-1.136251	 35.323120	 2.739605	 0.675539	-52.364350	-0.352786	 1.276010	 35.556880	-0.202301	 3.178486	 36.024460	 2.411832	 5.494030	-52.520410	 39.007590	 20.375220	 27.137650	-6.436097	 19.357820	 32.910680	-5.387433	 19.254410	-57.899170	 18.466570	 10.398590	 33.996140	-3.686892	 9.480865	 35.137450	-0.646625	 10.763470	-53.750010	-51.281710	-9.954659	 11.445530	 23.982090	-0.549087	 0.208112	 14.789960	-0.368235	 3.437935	-0.000006	 0.000001	 90.000000	-90.000000	 0.000000	-86.406780	 177.642400	 8.601227	 111.084700	-0.813313	 0.122417	-8.559153	 12.236280	 10.972310	 52.931600	-1.045101	 10.743230	-0.604093	-2.262662	 22.375880	-11.302420	-11.666870	-4.636809	 35.944760	 2.477604	-1.136251	 35.323130	 2.739605	 0.675539	-52.364380	-0.352786	 1.276010	 35.556880	-0.202300	 3.178487	 36.024460	 2.411833	 5.494030	-52.520430	 39.007590	 20.375220	 27.137660	-6.436093	 19.357820	 32.910680	-5.387434	 19.254410	-57.899150	 18.466580	 10.398590	 33.996150	-3.686890	 9.480865	 35.137440	-0.646626	 10.763470	-53.750010	-51.281720	-9.954665	 11.445540	 23.982080	-0.549088	 0.208112	 14.789960	-0.368242	 3.437935	 0.000000	 90.000000	 0.000000	 177.641500	 1.693646	 173.691800	-177.179200	-1.281514	-6.296279
-0.001963	 0.002454	-0.116118	 179.305400	 0.221747	-89.965800	-0.000021	 0.000000	 0.000000	-0.000021	 0.000000	 0.000000	-3.525149	 11.225090	 114.920700	-0.813313	 0.122417	-8.559153	-39.721840	-22.971270	 34.504040	-46.877240	 33.730030	 8.058828	-1.508344	 27.119350	 0.905986	-11.666870	-4.636808	 35.944750	 2.477603	-1.136251	 35.323120	 2.739605	 0.675539	-52.364350	-0.352786	 1.276010	 35.556880	-0.202301	 3.178486	 36.024460	 2.411832	 5.494030	-52.520410	 39.007590	 20.375220	 27.137650	-6.436097	 19.357820	 32.910680	-5.387433	 19.254410	-57.899170	 18.466570	 10.398590	 33.996140	-3.686892	 9.480865	 35.137450	-0.646625	 10.763470	-53.750010	-51.281710	-9.954659	 11.445530	 23.982090	-0.549087	 0.208112	 14.789960	-0.368235	 3.437935	-0.000006	 0.000001	 90.000000	-90.000000	 0.000000	-86.406780	 177.642400	 8.601227	 111.084700	-0.813313	 0.122417	-8.559153	 12.236280	 10.972310	 52.931600	-1.045101	 10.743230	-0.604093	-2.262662	 22.375880	-11.302420	-11.666870	-4.636809	 35.944760	 2.477604	-1.136251	 35.323130	 2.739605	 0.675539	-52.364380	-0.352786	 1.276010	 35.556880	-0.202300	 3.178487	 36.024460	 2.411833	 5.494030	-52.520430	 39.007590	 20.375220	 27.137660	-6.436093	 19.357820	 32.910680	-5.387434	 19.254410	-57.899150	 18.466580	 10.398590	 33.996150	-3.686890	 9.480865	 35.137440	-0.646626	 10.763470	-53.750010	-51.281720	-9.954665	 11.445540	 23.982080	-0.549088	 0.208112	 14.789960	-0.368242	 3.437935	 0.000000	 90.000000	 0.000000	 177.641500	 1.693646	 173.691800	-177.179200	-1.281514	-6.296279
-0.001963	 0.002454	-0.116118	 179.305400	 0.221747	-89.965800	-0.000021	 0.000000	 0.000000	-0.000021	 0.000000	 0.000000	-3.525149	 11.225090	 114.920700	-0.813313	 0.122417	-8.559153	-39.721840	-22.971270	 34.504040	-46.877240	 33.730030	 8.058828	-1.508344	 27.119350	 0.905986	-11.666870	-4.636808	 35.944750	 2.477603	-1.136251	 35.323120	 2.739605	 0.675539	-52.364350	-0.352786	 1.276010	 35.556880	-0.202301	 3.178486	 36.024460	 2.411832	 5.494030	-52.520410	 39.007590	 20.375220	 27.137650	-6.436097	 19.357820	 32.910680	-5.387433	 19.254410	-57.899170	 18.466570	 10.398590	 33.996140	-3.686892	 9.480865	 35.137450	-0.646625	 10.763470	-53.750010	-51.281710	-9.954659	 11.445530	 23.982090	-0.549087	 0.208112	 14.789960	-0.368235	 3.437935	-0.000006	 0.000001	 90.000000	-90.000000	 0.000000	-86.406780	 177.642400	 8.601227	 111.084700	-0.813313	 0.122417	-8.559153	 12.236280	 10.972310	 52.931600	-1.045101	 10.743230	-0.604093	-2.262662	 22.375880	-11.302420	-11.666870	-4.636809	 35.944760	 2.477604	-1.136251	 35.323130	 2.739605	 0.675539	-52.364380	-0.352786	 1.276010	 35.556880	-0.202300	 3.178487	 36.024460	 2.411833	 5.494030	-52.520430	 39.007590	 20.375220	 27.137660	-6.436093	 19.357820	 32.910680	-5.387434	 19.254410	-57.899150	 18.466580	 10.398590	 33.996150	-3.686890	 9.480865	 35.137440	-0.646626	 10.763470	-53.750010	-51.281720	-9.954665	 11.445540	 23.982080	-0.549088	 0.208112	 14.789960	-0.368242	 3.437935	 0.000000	 90.000000	 0.000000	 177.641500	 1.693646	 173.691800	-177.179200	-1.281514	-6.296279
-0.001963	 0.002454	-0.116118	 179.305400	 0.221747	-89.965800	-0.000021	 0.000000	 0.000000	-0.000021	 0.000000	 0.000000	-3.525149	 11.225090	 114.920700	-0.813313	 0.122417	-8.559153	-39.721840	-22.971270	 34.504040	-46.877240	 33.730030	 8.058828	-1.508344	 27.119350	 0.905986	-11.666870	-4.636808	 35.944750	 2.477603	-1.136251	 35.323120	 2.739605	 0.675539	-52.364350	-0.352786	 1.276010	 35.556880	-0.202301	 3.178486	 36.024460	 2.411832	 5.494030	-52.520410	 39.007590	 20.375220	 27.137650	-6.436097	 19.357820	 32.910680	-5.387433	 19.254410	-57.899170	 18.466570	 10.398590	 33.996140	-3.686892	 9.480865	 35.137450	-0.646625	 10.763470	-53.750010	-51.281710	-9.954659	 11.445530	 23.982090	-0.549087	 0.208112	 14.789960	-0.368235	 3.437935	-0.000006	 0.000001	 90.000000	-90.000000	 0.000000	-86.406780	 177.642400	 8.601227	 111.084700	-0.813313	 0.122417	-8.559153	 12.236280	 10.972310	 52.931600	-1.045101	 10.743230	-0.604093	-2.262662	 22.375880	-11.302420	-11.666870	-4.636809	 35.944760	 2.477604	-1.136251	 35.323130	 2.739605	 0.675539	-52.364380	-0.352786	 1.276010	 35.556880	-0.202300	 3.178487	 36.024460	 2.411833	 5.494030	-52.520430	 39.007590	 20.375220	 27.137660	-6.436093	 19.357820	 32.910680	-5.387434	 19.254410	-57.899150	 18.466580	 10.398590	 33.996150	-3.686890	 9.480865	 35.137440	-0.646626	 10.763470	-53.750010	-51.281720	-9.954665	 11.445540	 23.982080	-0.549088	 0.208112	 14.789960	-0.368242	 3.437935	 0.000000	 90.000000	 0.000000	 177.641500	 1.693646	 173.691800	-177.179200	-1.281514	-6.296279
-0.001963	 0.002454	-0.116118	 179.305400	 0.221747	-89.965800	-0.000021	 0.000000	 0.000000	-0.000021	 0.000000	 0.000000	-3.525149	 11.225090	 114.920700	-0.813313	 0.122417	-8.559153	-39.721840	-22.971270	 34.504040	-46.877240	 33.730030	 8.058828	-1.508344	 27.119350	 0.905986	-11.666870	-4.636808	 35.944750	 2.477603	-1.136251	 35.323120	 2.739605	 0.675539	-52.364350	-0.352786	 1.276010	 35.556880	-0.202301	 3.178486	 36.024460	 2.411832	 5.494030	-52.520410	 39.007590	 20.375220	 27.137650	-6.436097	 19.357820	 32.910680	-5.387433	 19.254410	-57.899170	 18.466570	 10.398590	 33.996140	-3.686892	 9.480865	 35.137450	-0.646625	 10.763470	-53.750010	-51.281710	-9.954659	 11.445530	 23.982090	-0.549087	 0.208112	 14.789960	-0.368235	 3.437935	-0.000006	 0.000001	 90.000000	-90.000000	 0.000000	-86.406780	 177.642400	 8.601227	 111.084700	-0.813313	 0.122417	-8.559153	 12.236280	 10.972310	 52.931600	-1.045101	 10.743230	-0.604093	-2.262662	 22.375880	-11.302420	-11.666870	-4.636809	 35.944760	 2.477604	-1.136251	 35.323130	 2.739605	 0.675539	-52.364380	-0.352786	 1.276010	 35.556880	-0.202300	 3.178487	 36.024460	 2.411833	 5.494030	-52.520430	 39.007590	 20.375220	 27.137660	-6.436093	 19.357820	 32.910680	-5.387434	 19.254410	-57.899150	 18.466580	 10.398590	 33.996150	-3.686890	 9.480865	 35.137440	-0.646626	 10.763470	-53.750010	-51.281720	-9.954665	 11.445540	 23.982080	-0.549088	 0.208112	 14.789960	-0.368242	 3.437935	 0.000000	 90.000000	 0.000000	 177.641500	 1.693646	 173.691800	-177.179200	-1.281514	-6.296279
-0.001963	 0.002454	-0.116118	 179.305400	 0.221747	-89.965800	-0.000021	 0.000000	 0.000000	-0.000021	 0.000000	 0.000000	-3.525149	 11.225090	 114.920700	-0.813313	 0.122417	-8.559153	-39.721840	-22.971270	 34.504040	-46.877240	 33.730030	 8.058828	-1.508344	 27.119350	 0.905986	-11.666870	-4.636808	 35.944750	 2.477603	-1.136251	 35.323120	 2.739605	 0.675539	-52.364350	-0.352786	 1.276010	 35.556880	-0.202301	 3.178486	 36.024460	 2.411832	 5.494030	-52.520410	 39.007590	 20.375220	 27.137650	-6.436097	 19.357820	 32.910680	-5.387433	 19.254410	-57.899170	 18.466570	 10.398590	 33.996140	-3.686892	 9.480865	 35.137450	-0.646625	 10.763470	-53.750010	-51.281710	-9.954659	 11.445530	 23.982090	-0.549087	 0.208112	 14.789960	-0.368235	 3.437935	-0.000006	 0.000001	 90.000000	-90.000000	 0.000000	-86.406780	 177.642400	 8.601227	 111.084700	-0.813313	 0.122417	-8.559153	 12.236280	 10.972310	 52.931600	-1.045101	 10.743230	-0.604093	-2.262662	 22.375880	-11.302420	-11.666870	-4.636809	 35.944760	 2.477604	-1.136251	 35.323130	 2.739605	 0.675539	-52.364380	-0.352786	 1.276010	 35.556880	-0.202300	 3.178487	 36.024460	 2.411833	 5.494030	-52.520430	 39.007590	 20.375220	 27.137660	-6.436093	 19.357820	 32.910680	-5.387434	 19.254410	-57.899150	 18.466580	 10.398590	 33.996150	-3.686890	 9.480865	 35.137440	-0.646626	 10.763470	-53.750010	-51.281720	-9.954665	 11.445540	 23.982080	-0.549088	 0.208112	 14.789960	-0.368242	 3.437935	 0.000000	 90.000000	 0.000000	 177.641500	 1.693646	 173.691800	-177.179200	-1.281514	-6.296279
-0.001963	 0.002454	-0.116118	 179.305400	 0.221747	-89.965800	-0.000021	 0.000000	 0.000000	-0.000021	 0.000000	 0.000000	-3.525149	 11.225090	 114.920700	-0.813313	 0.122417	-8.559153	-39.721840	-22.971270	 34.504040	-46.877240	 33.730030	 8.058828	-1.508344	 27.119350	 0.905986	-11.666870	-4.636808	 35.944750	 2.477603	-1.136251	 35.323120	 2.739605	 0.675539	-52.364350	-0.352786	 1.276010	 35.556880	-0.202301	 3.178486	 36.024460	 2.411832	 5.494030	-52.520410	 39.007590	 20.375220	 27.137650	-6.436097	 19.357820	 32.910680	-5.387433	 19.254410	-57.899170	 18.466570	 10.398590	 33.996140	-3.686892	 9.480865	 35.137450	-0.646625	 10.763470	-53.750010	-51.281710	-9.954659	 11.445530	 23.982090	-0.549087	 0.208112	 14.789960	-0.368235	 3.437935	-0.000006	 0.000001	 90.000000	-90.000000	 0.000000	-86.406780	 177.642400	 8.601227	 111.084700	-0.813313	 0.122417	-8.559153	 12.236280	 10.972310	 52.931600	-1.045101	 10.743230	-0.604093	-2.262662	 22.375880	-11.302420	-11.666870	-4.636809	 35.944760	 2.477604	-1.136251	 35.323130	 2.739605	 0.675539	-52.364380	-0.352786	 1.276010	 35.556880	-0.202300	 3.178487	 36.024460	 2.411833	 5.494030	-52.520430	 39.007590	 20.375220	 27.137660	-6.436093	 19.357820	 32.910680	-5.387434	 19.254410	-57.899150	 18.466580	 10.398590	 33.996150	-3.686890	 9.480865	 35.137440	-0.646626	 10.763470	-53.750010	-51.281720	-9.954665	 11.445540	 23.982080	-0.549088	 0.208112	 14.789960	-0.368242	 3.437935	 0.000000	 90.000000	 0.000000	 177.641500	 1.693646	 173.691800	-177.179200	-1.281514	-6.296279
-0.001963	 0.002454	-0.116118	 179.305400	 0.221747	-89.965800	-0.000021	 0.000000	 0.000000	-0.000021	 0.000000	 0.000000	-3.525149	 11.225090	 114.920700	-0.813313	 0.122417	-8.559153	-39.721840	-22.971270	 34.504040	-46.877240	 33.730030	 8.058828	-1.508344	 27.119350	 0.905986	-11.666870	-4.636808	 35.944750	 2.477603	-1.136251	 35.323120	 2.739605	 0.675539	-52.364350	-0.352786	 1.276010	 35.556880	-0.202301	 3.178486	 36.024460	 2.411832	 5.494030	-52.520410	 39.007590	 20.375220	 27.137650	-6.436097	 19.357820	 32.910680	-5.387433	 19.254410	-57.899170	 18.466570	 10.398590	 33.996140	-3.686892	 9.480865	 35.137450	-0.646625	 10.763470	-53.750010	-51.281710	-9.954659	 11.445530	 23.982090	-0.549087	 0.208112	 14.789960	-0.368235	 3.437935	-0.000006	 0.000001	 90.000000	-90.000000	 0.000000	-86.406780	 177.642400	 8.601227	 111.084700	-0.813313	 0.122417	-8.559153	 12.236280	 10.972310	 52.931600	-1.045101	 10.743230	-0.604093	-2.262662	 22.375880	-11.302420	-11.666870	-4.636809	 35.944760	 2.477604	-1.136251	 35.323130	 2.739605	 0.675539	-52.364380	-0.352786	 1.276010	 35.556880	-0.202300	 3.178487	 36.024460	 2.411833	 5.494030	-52.520430	 39.007590	 20.375220	 27.137660	-6.436093	 19.357820	 32.910680	-5.387434	 19.254410	-57.899150	 18.466580	 10.398590	 33.996150	-3.686890	 9.480865	 35.137440	-0.646626	 10.763470	-53.750010	-51.281720	-9.954665	 11.445540	 23.982080	-0.549088	 0.208112	 14.789960	-0.368242	 3.437935	 0.000000	 90.000000	 0.000000	 177.641500	 1.693646	 173.691800	-177.179200	-1.281514	-6.296279
-0.001963	 0.002454	-0.116118	 179.305400	 0.221747	-89.965800	-0.000021	 0.000000	 0.000000	-0.000021	 0.000000	 0.000000	-3.525149	 11.225090	 114.920700	-0.813313	 0.122417	-8.559153	-39.721840	-22.971270	 34.504040	-46.877240	 33.730030	 8.058828	-1.508344	 27.119350	 0.905986	-11.666870	-4.636808	 35.944750	 2.477603	-1.136251	 35.323120	 2.739605	 0.675539	-52.364350	-0.352786	 1.276010	 35.556880	-0.202301	 3.178486	 36.024460	 2.411832	 5.494030	-52.520410	 39.007590	 20.375220	 27.137650	-6.436097	 19.357820	 32.910680	-5.387433	 19.254410	-57.899170	 18.466570	 10.398590	 33.996140	-3.686892	 9.480865	 35.137450	-0.646625	 10.763470	-53.750010	-51.281710	-9.954659	 11.445530	 23.982090	-0.549087	 0.208112	 14.789960	-0.368235	 3.437935	-0.000006	 0.000001	 90.000000	-90.000000	 0.000000	-86.406780	 177.642400	 8.601227	 111.084700	-0.813313	 0.122417	-8.559153	 12.236280	 10.972310	 52.931600	-1.045101	 10.743230	-0.604093	-2.262662	 22.375880	-11.302420	-11.666870	-4.636809	 35.944760	 2.477604	-1.136251	 35.323130	 2.739605	 0.675539	-52.364380	-0.352786	 1.276010	 35.556880	-0.202300	 3.178487	 36.024460	 2.411833	 5.494030	-52.520430	 39.007590	 20.375220	 27.137660	-6.436093	 19.357820	 32.910680	-5.387434	 19.254410	-57.899150	 18.466580	 10.398590	 33.996150	-3.686890	 9.480865	 35.137440	-0.646626	 10.763470	-53.750010	-51.281720	-9.954665	 11.445540	 23.982080	-0.549088	 0.208112	 14.789960	-0.368242	 3.437935	 0.000000	 90.000000	 0.000000	 177.641500	 1.693646	 173.691800	-177.179200	-1.281514	-6.296279
-0.001963	 0.002454	-0.116118	 179.305400	 0.221747	-89.965800	-0.000021	 0.000000	 0.000000	-0.000021	 0.000000	 0.000000	-3.525149	 11.225090	 114.920700	-0.813313	 0.122417	-8.559153	-39.721840	-22.971270	 34.504040	-46.877240	 33.730030	 8.058828	-1.508344	 27.119350	 0.905986	-11.666870	-4.636808	 35.944750	 2.477603	-1.136251	 35.323120	 2.739605	 0.675539	-52.364350	-0.352786	 1.276010	 35.556880	-0.202301	 3.178486	 36.024460	 2.411832	 5.494030	-52.520410	 39.007590	 20.375220	 27.137650	-6.436097	 19.357820	 32.910680	-5.387433	 19.254410	-57.899170	 18.466570	 10.398590	 33.996140	-3.686892	 9.480865	 35.137450	-0.646625	 10.763470	-53.750010	-51.281710	-9.954659	 11.445530	 23.982090	-0.549087	 0.208112	 14.789960	-0.368235	 3.437935	-0.000006	 0.000001	 90.000000	-90.000000	 0.000000	-86.406780	 177.642400	 8.601227	 111.084700	-0.813313	 0.122417	-8.559153	 12.236280	 10.972310	 52.931600	-1.045101	 10.743230	-0.604093	-2.262662	 22.375880	-11.302420	-11.666870	-4.636809	 35.944760	 2.477604	-1.136251	 35.323130	 2.739605	 0.675539	-52.364380	-0.352786	 1.276010	 35.556880	-0.202300	 3.178487	 36.024460	 2.411833	 5.494030	-52.520430	 39.007590	 20.375220	 27.137660	-6.436093	 19.357820	 32.910680	-5.387434	 19.254410	-57.899150	 18.466580	 10.398590	 33.996150	-3.686890	 9.480865	 35.137440	-0.646626	 10.763470	-53.750010	-51.281720	-9.954665	 11.445540	 23.982080	-0.549088	 0.208112	 14.789960	-0.368242	 3.437935	 0.000000	 90.000000	 0.000000	 177.641500	 1.693646	 173.691800	-177.179200	-1.281514	-6.296279
-0.001963	 0.002454	-0.116118	 179.305400	 0.221747	-89.965800	-0.000021	 0.000000	 0.000000	-0.000021	 0.000000	 0.000000	-3.525149	 11.225090	 114.920700	-0.813313	 0.122417	-8.559153	-39.721840	-22.971270	 34.504040	-46.877240	 33.730030	 8.058828	-1.508344	 27.119350	 0.905986	-11.666870	-4.636808	 35.944750	 2.477603	-1.136251	 35.323120	 2.739605	 0.675539	-52.364350	-0.352786	 1.276010	 35.556880	-0.202301	 3.178486	 36.024460	 2.411832	 5.494030	-52.520410	 39.007590	 20.375220	 27.137650	-6.436097	 19.357820	 32.910680	-5.387433	 19.254410	-57.899170	 18.466570	 10.398590	 33.996140	-3.686892	 9.480865	 35.137450	-0.646625	 10.763470	-53.750010	-51.281710	-9.954659	 11.445530	 23.982090	-0.549087	 0.208112	 14.789960	-0.368235	 3.437935	-0.000006	 0.000001	 90.000000	-90.000000	 0.000000	-86.406780	 177.642400	 8.601227	 111.084700	-0.813313	 0.122417	-8.559153	 12.236280	 10.972310	 52.931600	-1.045101	 10.743230	-0.604093	-2.262662	 22.375880	-11.302420	-11.666870	-4.636809	 35.944760	 2.477604	-1.136251	 35.323130	 2.739605	 0.675539	-52.364380	-0.352786	 1.276010	 35.556880	-0.202300	 3.178487	 36.024460	 2.411833	 5.494030	-52.520430	 39.007590	 20.375220	 27.137660	-6.436093	 19.357820	 32.910680	-5.387434	 19.254410	-57.899150	 18.466580	 10.398590	 33.996150	-3.686890	 9.480865	 35.137440	-0.646626	 10.763470	-53.750010	-51.281720	-9.954665	 11.445540	 23.982080	-0.549088	 0.208112	 14.789960	-0.368242	 3.437935	 0.000000	 90.000000	 0.000000	 177.641500	 1.693646	 173.691800	-177.179200	-1.281514	-6.296279
-0.001963	 0.002454	-0.116118	 179.305400	 0.221747	-89.965800	-0.000021	 0.000000	 0.000000	-0.000021	 0.000000	 0.000000	-3.525149	 11.225090	 114.920700	-0.813313	 0.122417	-8.559153	-39.721840	-22.971270	 34.504040	-46.877240	 33.730030	 8.058828	-1.508344	 27.119350	 0.905986	-11.666870	-4.636808	 35.944750	 2.477603	-1.136251	 35.323120	 2.739605	 0.675539	-52.364350	-0.352786	 1.276010	 35.556880	-0.202301	 3.178486	 36.024460	 2.411832	 5.494030	-52.520410	 39.007590	 20.375220	 27.137650	-6.436097	 19.357820	 32.910680	-5.387433	 19.254410	-57.899170	 18.466570	 10.398590	 33.996140	-3.686892	 9.480865	 35.137450	-0.646625	 10.763470	-53.750010	-51.281710	-9.954659	 11.445530	 23.982090	-0.549087	 0.208112	 14.789960	-0.368235	 3.437935	-0.000006	 0.000001	 90.000000	-90.000000	 0.000000	-86.406780	 177.642400	 8.601227	 111.084700	-0.813313	 0.122417	-8.559153	 12.236280	 10.972310	 52.931600	-1.045101	 10.743230	-0.604093	-2.262662	 22.375880	-11.302420	-11.666870	-4.636809	 35.944760	 2.477604	-1.136251	 35.323130	 2.739605	 0.675539	-52.364380	-0.352786	 1.276010	 35.556880	-0.202300	 3.178487	 36.024460	 2.411833	 5.494030	-52.520430	 39.007590	 20.375220	 27.137660	-6.436093	 19.357820	 32.910680	-5.387434	 19.254410	-57.899150	 18.466580	 10.398590	 33.996150	-3.686890	 9.480865	 35.137440	-0.646626	 10.763470	-53.750010	-51.281720	-9.954665	 11.445540	 23.982080	-0.549088	 0.208112	 14.789960	-0.368242	 3.437935	 0.000000	 90.000000	 0.000000	 177.641500	 1.693646	 173.691800	-177.179200	-1.281514	-6.296279
-0.001963	 0.002454	-0.116118	 179.305400	 0.221747	-89.965800	-0.000021	 0.000000	 0.000000	-0.000021	 0.000000	 0.000000	-3.525149	 11.225090	 114.920700	-0.813313	 0.122417	-8.559153	-39.721840	-22.971270	 34.504040	-46.877240	 33.730030	 8.058828	-1.508344	 27.119350	 0.905986	-11.666870	-4.636808	 35.944750	 2.477603	-1.136251	 35.323120	 2.739605	 0.675539	-52.364350	-0.352786	 1.276010	 35.556880	-0.202301	 3.178486	 36.024460	 2.411832	 5.494030	-52.520410	 39.007590	 20.375220	 27.137650	-6.436097	 19.357820	 32.910680	-5.387433	 19.254410	-57.899170	 18.466570	 10.398590	 33.996140	-3.686892	 9.480865	 35.137450	-0.646625	 10.763470	-53.750010	-51.281710	-9.954659	 11.445530	 23.982090	-0.549087	 0.208112	 14.789960	-0.368235	 3.437935	-0.000006	 0.000001	 90.000000	-90.000000	 0.000000	-86.406780	 177.642400	 8.601227	 111.084700	-0.813313	 0.122417	-8.559153	 12.236280	 10.972310	 52.931600	-1.045101	 10.743230	-0.604093	-2.262662	 22.375880	-11.302420	-11.666870	-4.636809	 35.944760	 2.477604	-1.136251	 35.323130	 2.739605	 0.675539	-52.364380	-0.352786	 1.276010	 35.556880	-0.202300	 3.178487	 36.024460	 2.411833	 5.494030	-52.520430	 39.007590	 20.375220	 27.137660	-6.436093	 19.357820	 32.910680	-5.387434	 19.254410	-57.899150	 18.466580	 10.398590	 33.996150	-3.686890	 9.480865	 35.137440	-0.646626	 10.763470	-53.750010	-51.281720	-9.954665	 11.445540	 23.982080	-0.549088	 0.208112	 14.789960	-0.368242	 3.437935	 0.000000	 90.000000	 0.000000	 177.641500	 1.693646	 173.691800	-177.179200	-1.281514	-6.296279
-0.001963	 0.002454	-0.116118	 179.305400	 0.221747	-89.965800	-0.000021	 0.000000	 0.000000	-0.000021	 0.000000	 0.000000	-3.525149	 11.225090	 114.920700	-0.813313	 0.122417	-8.559153	-39.721840	-22.971270	 34.504040	-46.877240	 33.730030	 8.058828	-1.508344	 27.119350	 0.905986	-11.666870	-4.636808	 35.944750	 2.477603	-1.136251	 35.323120	 2.739605	 0.675539	-52.364350	-0.352786	 1.276010	 35.556880	-0.202301	 3.178486	 36.024460	 2.411832	 5.494030	-52.520410	 39.007590	 20.375220	 27.137650	-6.436097	 19.357820	 32.910680	-5.387433	 19.254410	-57.899170	 18.466570	 10.398590	 33.996140	-3.686892	 9.480865	 35.137450	-0.646625	 10.763470	-53.750010	-51.281710	-9.954659	 11.445530	 23.982090	-0.549087	 0.208112	 14.789960	-0.368235	 3.437935	-0.000006	 0.000001	 90.000000	-90.000000	 0.000000	-86.406780	 177.642400	 8.601227	 111.084700	-0.813313	 0.122417	-8.559153	 12.236280	 10.972310	 52.931600	-1.045101	 10.743230	-0.604093	-2.262662	 22.375880	-11.302420	-11.666870	-4.636809	 35.944760	 2.477604	-1.136251	 35.323130	 2.739605	 0.675539	-52.364380	-0.352786	 1.276010	 35.556880	-0.202300	 3.178487	 36.024460	 2.411833	 5.494030	-52.520430	 39.007590	 20.375220	 27.137660	-6.436093	 19.357820	 32.910680	-5.387434	 19.254410	-57.899150	 18.466580	 10.398590	 33.996150	-3.686890	 9.480865	 35.137440	-0.646626	 10.763470	-53.750010	-51.281720	-9.954665	 11.445540	 23.982080	-0.549088	 0.208112	 14.789960	-0.368242	 3.437935	 0.000000	 90.000000	 0.000000	 177.641500	 1.693646	 173.691800	-177.179200	-1.281514	-6.296279
-0.001963	 0.002454	-0.116118	 179.305400	 0.221747	-89.965800	-0.000021	 0.000000	 0.000000	-0.000021	 0.000000	 0.000000	-3.525149	 11.225090	 114.920700	-0.813313	 0.122417	-8.559153	-39.721840	-22.971270	 34.504040	-46.877240	 33.730030	 8.058828	-1.508344	 27.119350	 0.905986	-11.666870	-4.636808	 35.944750	 2.477603	-1.136251	 35.323120	 2.739605	 0.675539	-52.364350	-0.352786	 1.276010	 35.556880	-0.202301	 3.178486	 36.024460	 2.411832	 5.494030	-52.520410	 39.007590	 20.375220	 27.137650	-6.436097	 19.357820	 32.910680	-5.387433	 19.254410	-57.899170	 18.466570	 10.398590	 33.996140	-3.686892	 9.480865	 35.137450	-0.646625	 10.763470	-53.750010	-51.281710	-9.954659	 11.445530	 23.982090	-0.549087	 0.208112	 14.789960	-0.368235	 3.437935	-0.000006	 0.000001	 90.000000	-90.000000	 0.000000	-86.406780	 177.642400	 8.601227	 111.084700	-0.813313	 0.122417	-8.559153	 12.236280	 10.972310	 52.931600	-1.045101	 10.743230	-0.604093	-2.262662	 22.375880	-11.302420	-11.666870	-4.636809	 35.944760	 2.477604	-1.136251	 35.323130	 2.739605	 0.675539	-52.364380	-0.352786	 1.276010	 35.556880	-0.202300	 3.178487	 36.024460	 2.411833	 5.494030	-52.520430	 39.007590	 20.375220	 27.137660	-6.436093	 19.357820	 32.910680	-5.387434	 19.254410	-57.899150	 18.466580	 10.398590	 33.996150	-3.686890	 9.480865	 35.137440	-0.646626	 10.763470	-53.750010	-51.281720	-9.954665	 11.445540	 23.982080	-0.549088	 0.208112	 14.789960	-0.368242	 3.437935	 0.000000	 90.000000	 0.000000	 177.641500	 1.693646	 173.691800	-177.179200	-1.281514	-6.296279
-0.001963	 0.002454	-0.116118	 179.305400	 0.221747	-89.965800	-0.000021	 0.000000	 0.000000	-0.000021	 0.000000	 0.000000	-3.525149	 11.225090	 114.920700	-0.813313	 0.122417	-8.559153	-39.721840	-22.971270	 34.504040	-46.877240	 33.730030	 8.058828	-1.508344	 27.119350	 0.905986	-11.666870	-4.636808	 35.944750	 2.477603	-1.136251	 35.323120	 2.739605	 0.675539	-52.364350	-0.352786	 1.276010	 35.556880	-0.202301	 3.178486	 36.024460	 2.411832	 5.494030	-52.520410	 39.007590	 20.375220	 27.137650	-6.436097	 19.357820	 32.910680	-5.387433	 19.254410	-57.899170	 18.466570	 10.398590	 33.996140	-3.686892	 9.480865	 35.137450	-0.646625	 10.763470	-53.750010	-51.281710	-9.954659	 11.445530	 23.982090	-0.549087	 0.208112	 14.789960	-0.368235	 3.437935	-0.000006	 0.000001	 90.000000	-90.000000	 0.000000	-86.406780	 177.642400	 8.601227	 111.084700	-0.813313	 0.122417	-8.559153	 12.236280	 10.972310	 52.931600	-1.045101	 10.743230	-0.604093	-2.262662	 22.375880	-11.302420	-11.666870	-4.636809	 35.944760	 2.477604	-1.136251	 35.323130	 2.739605	 0.675539	-52.364380	-0.352786	 1.276010	 35.556880	-0.202300	 3.178487	 36.024460	 2.411833	 5.494030	-52.520430	 39.007590	 20.375220	 27.137660	-6.436093	 19.357820	 32.910680	-5.387434	 19.254410	-57.899150	 18.466580	 10.398590	 33.996150	-3.686890	 9.480865	 35.137440	-0.646626	 10.763470	-53.750010	-51.281720	-9.954665	 11.445540	 23.982080	-0.549088	 0.208112	 14.789960	-0.368242	 3.437935	 0.000000	 90.000000	 0.000000	 177.641500	 1.693646	 173.691800	-177.179200	-1.281514	-6.296279
-0.001963	 0.002454	-0.116118	 179.305400	 0.221747	-89.965800	-0.000021	 0.000000	 0.000000	-0.000021	 0.000000	 0.000000	-3.525149	 11.225090	 114.920700	-0.813313	 0.122417	-8.559153	-39.721840	-22.971270	 34.504040	-46.877240	 33.730030	 8.058828	-1.508344	 27.119350	 0.905986	-11.666870	-4.636808	 35.944750	 2.477603	-1.136251	 35.323120	 2.739605	 0.675539	-52.364350	-0.352786	 1.276010	 35.556880	-0.202301	 3.178486	 36.024460	 2.411832	 5.494030	-52.520410	 39.007590	 20.375220	 27.137650	-6.436097	 19.357820	 32.910680	-5.387433	 19.254410	-57.899170	 18.466570	 10.398590	 33.996140	-3.686892	 9.480865	 35.137450	-0.646625	 10.763470	-53.750010	-51.281710	-9.954659	 11.445530	 23.982090	-0.549087	 0.208112	 14.789960	-0.368235	 3.437935	-0.000006	 0.000001	 90.000000	-90.000000	 0.000000	-86.406780	 177.642400	 8.601227	 111.084700	-0.813313	 0.122417	-8.559153	 12.236280	 10.972310	 52.931600	-1.045101	 10.743230	-0.604093	-2.262662	 22.375880	-11.302420	-11.666870	-4.636809	 35.944760	 2.477604	-1.136251	 35.323130	 2.739605	 0.675539	-52.364380	-0.352786	 1.276010	 35.556880	-0.202300	 3.178487	 36.024460	 2.411833	 5.494030	-52.520430	 39.007590	 20.375220	 27.137660	-6.436093	 19.357820	 32.910680	-5.387434	 19.254410	-57.899150	 18.466580	 10.398590	 33.996150	-3.686890	 9.480865	 35.137440	-0.646626	 10.763470	-53.750010	-51.281720	-9.954665	 11.445540	 23.982080	-0.549088	 0.208112	 14.789960	-0.368242	 3.437935	 0.000000	 90.000000	 0.000000	 177.641500	 1.693646	 173.691800	-177.179200	-1.281514	-6.296279
-0.001963	 0.002454	-0.116118	 179.305400	 0.221747	-89.965800	-0.000021	 0.000000	 0.000000	-0.000021	 0.000000	 0.000000	-3.525149	 11.225090	 114.920700	-0.813313	 0.122417	-8.559153	-39.721840	-22.971270	 34.504040	-46.877240	 33.730030	 8.058828	-1.508344	 27.119350	 0.905986	-11.666870	-4.636808	 35.944750	 2.477603	-1.136251	 35.323120	 2.739605	 0.675539	-52.364350	-0.352786	 1.276010	 35.556880	-0.202301	 3.178486	 36.024460	 2.411832	 5.494030	-52.520410	 39.007590	 20.375220	 27.137650	-6.436097	 19.357820	 32.910680	-5.387433	 19.254410	-57.899170	 18.466570	 10.398590	 33.996140	-3.686892	 9.480865	 35.137450	-0.646625	 10.763470	-53.750010	-51.281710	-9.954659	 11.445530	 23.982090	-0.549087	 0.208112	 14.789960	-0.368235	 3.437935	-0.000006	 0.000001	 90.000000	-90.000000	 0.000000	-86.406780	 177.642400	 8.601227	 111.084700	-0.813313	 0.122417	-8.559153	 12.236280	 10.972310	 52.931600	-1.045101	 10.743230	-0.604093	-2.262662	 22.375880	-11.302420	-11.666870	-4.636809	 35.944760	 2.477604	-1.136251	 35.323130	 2.739605	 0.675539	-52.364380	-0.352786	 1.276010	 35.556880	-0.202300	 3.178487	 36.024460	 2.411833	 5.494030	-52.520430	 39.007590	 20.375220	 27.137660	-6.436093	 19.357820	 32.910680	-5.387434	 19.254410	-57.899150	 18.466580	 10.398590	 33.996150	-3.686890	 9.480865	 35.137440	-0.646626	 10.763470	-53.750010	-51.281720	-9.954665	 11.445540	 23.982080	-0.549088	 0.208112	 14.789960	-0.368242	 3.437935	 0.000000	 90.000000	 0.000000	 177.641500	 1.693646	 173.691800	-177.179200	-1.281514	-6.296279
-0.001963	 0.002454	-0.116118	 179.305400	 0.221747	-89.965800	-0.000021	 0.000000	 0.000000	-0.000021	 0.000000	 0.000000	-3.525149	 11.225090	 114.920700	-0.813313	 0.122417	-8.559153	-39.721840	-22.971270	 34.504040	-46.877240	 33.730030	 8.058828	-1.508344	 27.119350	 0.905986	-11.666870	-4.636808	 35.944750	 2.477603	-1.136251	 35.323120	 2.739605	 0.675539	-52.364350	-0.352786	 1.276010	 35.556880	-0.202301	 3.178486	 36.024460	 2.411832	 5.494030	-52.520410	 39.007590	 20.375220	 27.137650	-6.436097	 19.357820	 32.910680	-5.387433	 19.254410	-57.899170	 18.466570	 10.398590	 33.996140	-3.686892	 9.480865	 35.137450	-0.646625	 10.763470	-53.750010	-51.281710	-9.954659	 11.445530	 23.982090	-0.549087	 0.208112	 14.789960	-0.368235	 3.437935	-0.000006	 0.000001	 90.000000	-90.000000	 0.000000	-86.406780	 177.642400	 8.601227	 111.084700	-0.813313	 0.122417	-8.559153	 12.236280	 10.972310	 52.931600	-1.045101	 10.743230	-0.604093	-2.262662	 22.375880	-11.302420	-11.666870	-4.636809	 35.944760	 2.477604	-1.136251	 35.323130	 2.739605	 0.675539	-52.364380	-0.352786	 1.276010	 35.556880	-0.202300	 3.178487	 36.024460	 2.411833	 5.494030	-52.520430	 39.007590	 20.375220	 27.137660	-6.436093	 19.357820	 32.910680	-5.387434	 19.254410	-57.899150	 18.466580	 10.398590	 33.996150	-3.686890	 9.480865	 35.137440	-0.646626	 10.763470	-53.750010	-51.281720	-9.954665	 11.445540	 23.982080	-0.549088	 0.208112	 14.789960	-0.368242	 3.437935	 0.000000	 90.000000	 0.000000	 177.641500	 1.693646	 173.691800	-177.179200	-1.281514	-6.296279
-0.001963	 0.002454	-0.116118	 179.305400	 0.221747	-89.965800	-0.000021	 0.000000	 0.000000	-0.000021	 0.000000	 0.000000	-3.525149	 11.225090	 114.920700	-0.813313	 0.122417	-8.559153	-39.721840	-22.971270	 34.504040	-46.877240	 33.730030	 8.058828	-1.508344	 27.119350	 0.905986	-11.666870	-4.636808	 35.944750	 2.477603	-1.136251	 35.323120	 2.739605	 0.675539	-52.364350	-0.352786	 1.276010	 35.556880	-0.202301	 3.178486	 36.024460	 2.411832	 5.494030	-52.520410	 39.007590	 20.375220	 27.137650	-6.436097	 19.357820	 32.910680	-5.387433	 19.254410	-57.899170	 18.466570	 10.398590	 33.996140	-3.686892	 9.480865	 35.137450	-0.646625	 10.763470	-53.750010	-51.281710	-9.954659	 11.445530	 23.982090	-0.549087	 0.208112	 14.789960	-0.368235	 3.437935	-0.000006	 0.000001	 90.000000	-90.000000	 0.000000	-86.406780	 177.642400	 8.601227	 111.084700	-0.813313	 0.122417	-8.559153	 12.236280	 10.972310	 52.931600	-1.045101	 10.743230	-0.604093	-2.262662	 22.375880	-11.302420	-11.666870	-4.636809	 35.944760	 2.477604	-1.136251	 35.323130	 2.739605	 0.675539	-52.364380	-0.352786	 1.276010	 35.556880	-0.202300	 3.178487	 36.024460	 2.411833	 5.494030	-52.520430	 39.007590	 20.375220	 27.137660	-6.436093	 19.357820	 32.910680	-5.387434	 19.254410	-57.899150	 18.466580	 10.398590	 33.996150	-3.686890	 9.480865	 35.137440	-0.646626	 10.763470	-53.750010	-51.281720	-9.954665	 11.445540	 23.982080	-0.549088	 0.208112	 14.789960	-0.368242	 3.437935	 0.000000	 90.000000	 0.000000	 177.641500	 1.693646	 173.691800	-177.179200	-1.281514	-6.296279
-0.001963	 0.002454	-0.116118	 179.305400	 0.221747	-89.965800	-0.000021	 0.000000	 0.000000	-0.000021	 0.000000	 0.000000	-3.525149	 11.225090	 114.920700	-0.813313	 0.122417	-8.559153	-39.721840	-22.971270	 34.504040	-46.877240	 33.730030	 8.058828	-1.508344	 27.119350	 0.905986	-11.666870	-4.636808	 35.944750	 2.477603	-1.136251	 35.323120	 2.739605	 0.675539	-52.364350	-0.352786	 1.276010	 35.556880	-0.202301	 3.178486	 36.024460	 2.411832	 5.494030	-52.520410	 39.007590	 20.375220	 27.137650	-6.436097	 19.357820	 32.910680	-5.387433	 19.254410	-57.899170	 18.466570	 10.398590	 33.996140	-3.686892	 9.480865	 35.137450	-0.646625	 10.763470	-53.750010	-51.281710	-9.954659	 11.445530	 23.982090	-0.549087	 0.208112	 14.789960	-0.368235	 3.437935	-0.000006	 0.000001	 90.000000	-90.000000	 0.000000	-86.406780	 177.642400	 8.601227	 111.084700	-0.813313	 0.122417	-8.559153	 12.236280	 10.972310	 52.931600	-1.045101	 10.743230	-0.604093	-2.262662	 22.375880	-11.302420	-11.666870	-4.636809	 35.944760	 2.477604	-1.136251	 35.323130	 2.739605	 0.675539	-52.364380	-0.352786	 1.276010	 35.556880	-0.202300	 3.178487	 36.024460	 2.411833	 5.494030	-52.520430	 39.007590	 20.375220	 27.137660	-6.436093	 19.357820	 32.910680	-5.387434	 19.254410	-57.899150	 18.466580	 10.398590	 33.996150	-3.686890	 9.480865	 35.137440	-0.646626	 10.763470	-53.750010	-51.281720	-9.954665	 11.445540	 23.982080	-0.549088	 0.208112	 14.789960	-0.368242	 3.437935	 0.000000	 90.000000	 0.000000	 177.641500	 1.693646	 173.691800	-177.179200	-1.281514	-6.296279
-0.001963	 0.002454	-0.116118	 179.305400	 0.221747	-89.965800	-0.000021	 0.000000	 0.000000	-0.000021	 0.000000	 0.000000	-3.525149	 11.225090	 114.920700	-0.813313	 0.122417	-8.559153	-39.721840	-22.971270	 34.504040	-46.877240	 33.730030	 8.058828	-1.508344	 27.119350	 0.905986	-11.666870	-4.636808	 35.944750	 2.477603	-1.136251	 35.323120	 2.739605	 0.675539	-52.364350	-0.352786	 1.276010	 35.556880	-0.202301	 3.178486	 36.024460	 2.411832	 5.494030	-52.520410	 39.007590	 20.375220	 27.137650	-6.436097	 19.357820	 32.910680	-5.387433	 19.254410	-57.899170	 18.466570	 10.398590	 33.996140	-3.686892	 9.480865	 35.137450	-0.646625	 10.763470	-53.750010	-51.281710	-9.954659	 11.445530	 23.982090	-0.549087	 0.208112	 14.789960	-0.368235	 3.437935	-0.000006	 0.000001	 90.000000	-90.000000	 0.000000	-86.406780	 177.642400	 8.601227	 111.084700	-0.813313	 0.122417	-8.559153	 12.236280	 10.972310	 52.931600	-1.045101	 10.743230	-0.604093	-2.262662	 22.375880	-11.302420	-11.666870	-4.636809	 35.944760	 2.477604	-1.136251	 35.323130	 2.739605	 0.675539	-52.364380	-0.352786	 1.276010	 35.556880	-0.202300	 3.178487	 36.024460	 2.411833	 5.494030	-52.520430	 39.007590	 20.375220	 27.137660	-6.436093	 19.357820	 32.910680	-5.387434	 19.254410	-57.899150	 18.466580	 10.398590	 33.996150	-3.686890	 9.480865	 35.137440	-0.646626	 10.763470	-53.750010	-51.281720	-9.954665	 11.445540	 23.982080	-0.549088	 0.208112	 14.789960	-0.368242	 3.437935	 0.000000	 90.000000	 0.000000	 177.641500	 1.693646	 173.691800	-177.179200	-1.281514	-6.296279
-0.001963	 0.002454	-0.116118	 179.305400	 0.221747	-89.965800	-0.000021	 0.000000	 0.000000	-0.000021	 0.000000	 0.000000	-3.525149	 11.225090	 114.920700	-0.813313	 0.122417	-8.559153	-39.721840	-22.971270	 34.504040	-46.877240	 33.730030	 8.058828	-1.508344	 27.119350	 0.905986	-11.666870	-4.636808	 35.944750	 2.477603	-1.136251	 35.323120	 2.739605	 0.675539	-52.364350	-0.352786	 1.276010	 35.556880	-0.202301	 3.178486	 36.024460	 2.411832	 5.494030	-52.520410	 39.007590	 20.375220	 27.137650	-6.436097	 19.357820	 32.910680	-5.387433	 19.254410	-57.899170	 18.466570	 10.398590	 33.996140	-3.686892	 9.480865	 35.137450	-0.646625	 10.763470	-53.750010	-51.281710	-9.954659	 11.445530	 23.982090	-0.549087	 0.208112	 14.789960	-0.368235	 3.437935	-0.000006	 0.000001	 90.000000	-90.000000	 0.000000	-86.406780	 177.642400	 8.601227	 111.084700	-0.813313	 0.122417	-8.559153	 12.236280	 10.972310	 52.931600	-1.045101	 10.743230	-0.604093	-2.262662	 22.375880	-11.302420	-11.666870	-4.636809	 35.944760	 2.477604	-1.136251	 35.323130	 2.739605	 0.675539	-52.364380	-0.352786	 1.276010	 35.556880	-0.202300	 3.178487	 36.024460	 2.411833	 5.494030	-52.520430	 39.007590	 20.375220	 27.137660	-6.436093	 19.357820	 32.910680	-5.387434	 19.254410	-57.899150	 18.466580	 10.398590	 33.996150	-3.686890	 9.480865	 35.137440	-0.646626	 10.763470	-53.750010	-51.281720	-9.954665	 11.445540	 23.982080	-0.549088	 0.208112	 14.789960	-0.368242	 3.437935	 0.000000	 90.000000	 0.000000	 177.641500	 1.693646	 173.691800	-177.179200	-1.281514	-6.296279
-0.001963	 0.002454	-0.116118	 179.305400	 0.221747	-89.965800	-0.000021	 0.000000	 0.000000	-0.000021	 0.000000	 0.000000	-3.525149	 11.225090	 114.920700	-0.813313	 0.122417	-8.559153	-39.721840	-22.971270	 34.504040	-46.877240	 33.730030	 8.058828	-1.508344	 27.119350	 0.905986	-11.666870	-4.636808	 35.944750	 2.477603	-1.136251	 35.323120	 2.739605	 0.675539	-52.364350	-0.352786	 1.276010	 35.556880	-0.202301	 3.178486	 36.024460	 2.411832	 5.494030	-52.520410	 39.007590	 20.375220	 27.137650	-6.436097	 19.357820	 32.910680	-5.387433	 19.254410	-57.899170	 18.466570	 10.398590	 33.996140	-3.686892	 9.480865	 35.137450	-0.646625	 10.763470	-53.750010	-51.281710	-9.954659	 11.445530	 23.982090	-0.549087	 0.208112	 14.789960	-0.368235	 3.437935	-0.000006	 0.000001	 90.000000	-90.000000	 0.000000	-86.406780	 177.642400	 8.601227	 111.084700	-0.813313	 0.122417	-8.559153	 12.236280	 10.972310	 52.931600	-1.045101	 10.743230	-0.604093	-2.262662	 22.375880	-11.302420	-11.666870	-4.636809	 35.944760	 2.477604	-1.136251	 35.323130	 2.739605	 0.675539	-52.364380	-0.352786	 1.276010	 35.556880	-0.202300	 3.178487	 36.024460	 2.411833	 5.494030	-52.520430	 39.007590	 20.375220	 27.137660	-6.436093	 19.357820	 32.910680	-5.387434	 19.254410	-57.899150	 18.466580	 10.398590	 33.996150	-3.686890	 9.480865	 35.137440	-0.646626	 10.763470	-53.750010	-51.281720	-9.954665	 11.445540	 23.982080	-0.549088	 0.208112	 14.789960	-0.368242	 3.437935	 0.000000	 90.000000	 0.000000	 177.641500	 1.693646	 173.691800	-177.179200	-1.281514	-6.296279
-0.001963	 0.002454	-0.116118	 179.305400	 0.221747	-89.965800	-0.000021	 0.000000	 0.000000	-0.000021	 0.000000	 0.000000	-3.525149	 11.225090	 114.920700	-0.813313	 0.122417	-8.559153	-39.721840	-22.971270	 34.504040	-46.877240	 33.730030	 8.058828	-1.508344	 27.119350	 0.905986	-11.666870	-4.636808	 35.944750	 2.477603	-1.136251	 35.323120	 2.739605	 0.675539	-52.364350	-0.352786	 1.276010	 35.556880	-0.202301	 3.178486	 36.024460	 2.411832	 5.494030	-52.520410	 39.007590	 20.375220	 27.137650	-6.436097	 19.357820	 32.910680	-5.387433	 19.254410	-57.899170	 18.466570	 10.398590	 33.996140	-3.686892	 9.480865	 35.137450	-0.646625	 10.763470	-53.750010	-51.281710	-9.954659	 11.445530	 23.982090	-0.549087	 0.208112	 14.789960	-0.368235	 3.437935	-0.000006	 0.000001	 90.000000	-90.000000	 0.000000	-86.406780	 177.642400	 8.601227	 111.084700	-0.813313	 0.122417	-8.559153	 12.236280	 10.972310	 52.931600	-1.045101	 10.743230	-0.604093	-2.262662	 22.375880	-11.302420	-11.666870	-4.636809	 35.944760	 2.477604	-1.136251	 35.323130	 2.739605	 0.675539	-52.364380	-0.352786	 1.276010	 35.556880	-0.202300	 3.178487	 36.024460	 2.411833	 5.494030	-52.520430	 39.007590	 20.375220	 27.137660	-6.436093	 19.357820	 32.910680	-5.387434	 19.254410	-57.899150	 18.466580	 10.398590	 33.996150	-3.686890	 9.480865	 35.137440	-0.646626	 10.763470	-53.750010	-51.281720	-9.954665	 11.445540	 23.982080	-0.549088	 0.208112	 14.789960	-0.368242	 3.437935	 0.000000	 90.000000	 0.000000	 177.641500	 1.693646	 173.691800	-177.179200	-1.281514	-6.296279
-0.001963	 0.002454	-0.116118	 179.305400	 0.221747	-89.965800	-0.000021	 0.000000	 0.000000	-0.000021	 0.000000	 0.000000	-3.525149	 11.225090	 114.920700	-0.813313	 0.122417	-8.559153	-39.721840	-22.971270	 34.504040	-46.877240	 33.730030	 8.058828	-1.508344	 27.119350	 0.905986	-11.666870	-4.636808	 35.944750	 2.477603	-1.136251	 35.323120	 2.739605	 0.675539	-52.364350	-0.352786	 1.276010	 35.556880	-0.202301	 3.178486	 36.024460	 2.411832	 5.494030	-52.520410	 39.007590	 20.375220	 27.137650	-6.436097	 19.357820	 32.910680	-5.387433	 19.254410	-57.899170	 18.466570	 10.398590	 33.996140	-3.686892	 9.480865	 35.137450	-0.646625	 10.763470	-53.750010	-51.281710	-9.954659	 11.445530	 23.982090	-0.549087	 0.208112	 14.789960	-0.368235	 3.437935	-0.000006	 0.000001	 90.000000	-90.000000	 0.000000	-86.406780	 177.642400	 8.601227	 111.084700	-0.813313	 0.122417	-8.559153	 12.236280	 10.972310	 52.931600	-1.045101	 10.743230	-0.604093	-2.262662	 22.375880	-11.302420	-11.666870	-4.636809	 35.944760	 2.477604	-1.136251	 35.323130	 2.739605	 0.675539	-52.364380	-0.352786	 1.276010	 35.556880	-0.202300	 3.178487	 36.024460	 2.411833	 5.494030	-52.520430	 39.007590	 20.375220	 27.137660	-6.436093	 19.357820	 32.910680	-5.387434	 19.254410	-57.899150	 18.466580	 10.398590	 33.996150	-3.686890	 9.480865	 35.137440	-0.646626	 10.763470	-53.750010	-51.281720	-9.954665	 11.445540	 23.982080	-0.549088	 0.208112	 14.789960	-0.368242	 3.437935	 0.000000	 90.000000	 0.000000	 177.641500	 1.693646	 173.691800	-177.179200	-1.281514	-6.296279
-0.001963	 0.002454	-0.116118	 179.305400	 0.221747	-89.965800	-0.000021	 0.000000	 0.000000	-0.000021	 0.000000	 0.000000	-3.525149	 11.225090	 114.920700	-0.813313	 0.122417	-8.559153	-39.721840	-22.971270	 34.504040	-46.877240	 33.730030	 8.058828	-1.508344	 27.119350	 0.905986	-11.666870	-4.636808	 35.944750	 2.477603	-1.136251	 35.323120	 2.739605	 0.675539	-52.364350	-0.352786	 1.276010	 35.556880	-0.202301	 3.178486	 36.024460	 2.411832	 5.494030	-52.520410	 39.007590	 20.375220	 27.137650	-6.436097	 19.357820	 32.910680	-5.387433	 19.254410	-57.899170	 18.466570	 10.398590	 33.996140	-3.686892	 9.480865	 35.137450	-0.646625	 10.763470	-53.750010	-51.281710	-9.954659	 11.445530	 23.982090	-0.549087	 0.208112	 14.789960	-0.368235	 3.437935	-0.000006	 0.000001	 90.000000	-90.000000	 0.000000	-86.406780	 177.642400	 8.601227	 111.084700	-0.813313	 0.122417	-8.559153	 12.236280	 10.972310	 52.931600	-1.045101	 10.743230	-0.604093	-2.262662	 22.375880	-11.302420	-11.666870	-4.636809	 35.944760	 2.477604	-1.136251	 35.323130	 2.739605	 0.675539	-52.364380	-0.352786	 1.276010	 35.556880	-0.202300	 3.178487	 36.024460	 2.411833	 5.494030	-52.520430	 39.007590	 20.375220	 27.137660	-6.436093	 19.357820	 32.910680	-5.387434	 19.254410	-57.899150	 18.466580	 10.398590	 33.996150	-3.686890	 9.480865	 35.137440	-0.646626	 10.763470	-53.750010	-51.281720	-9.954665	 11.445540	 23.982080	-0.549088	 0.208112	 14.789960	-0.368242	 3.437935	 0.000000	 90.000000	 0.000000	 177.641500	 1.693646	 173.691800	-177.179200	-1.281514	-6.296279
-0.001963	 0.002454	-0.116118	 179.305400	 0.221747	-89.965800	-0.000021	 0.000000	 0.000000	-0.000021	 0.000000	 0.000000	-3.525149	 11.225090	 114.920700	-0.813313	 0.122417	-8.559153	-39.721840	-22.971270	 34.504040	-46.877240	 33.730030	 8.058828	-1.508344	 27.119350	 0.905986	-11.666870	-4.636808	 35.944750	 2.477603	-1.136251	 35.323120	 2.739605	 0.675539	-52.364350	-0.352786	 1.276010	 35.556880	-0.202301	 3.178486	 36.024460	 2.411832	 5.494030	-52.520410	 39.007590	 20.375220	 27.137650	-6.436097	 19.357820	 32.910680	-5.387433	 19.254410	-57.899170	 18.466570	 10.398590	 33.996140	-3.686892	 9.480865	 35.137450	-0.646625	 10.763470	-53.750010	-51.281710	-9.954659	 11.445530	 23.982090	-0.549087	 0.208112	 14.789960	-0.368235	 3.437935	-0.000006	 0.000001	 90.000000	-90.000000	 0.000000	-86.406780	 177.642400	 8.601227	 111.084700	-0.813313	 0.122417	-8.559153	 12.236280	 10.972310	 52.931600	-1.045101	 10.743230	-0.604093	-2.262662	 22.375880	-11.302420	-11.666870	-4.636809	 35.944760	 2.477604	-1.136251	 35.323130	 2.739605	 0.675539	-52.364380	-0.352786	 1.276010	 35.556880	-0.202300	 3.178487	 36.024460	 2.411833	 5.494030	-52.520430	 39.007590	 20.375220	 27.137660	-6.436093	 19.357820	 32.910680	-5.387434	 19.254410	-57.899150	 18.466580	 10.398590	 33.996150	-3.686890	 9.480865	 35.137440	-0.646626	 10.763470	-53.750010	-51.281720	-9.954665	 11.445540	 23.982080	-0.549088	 0.208112	 14.789960	-0.368242	 3.437935	 0.000000	 90.000000	 0.000000	 177.641500	 1.693646	 173.691800	-177.179200	-1.281514	-6.296279
-0.001963	 0.002454	-0.116118	 179.305400	 0.221747	-89.965800	-0.000021	 0.000000	 0.000000	-0.000021	 0.000000	 0.000000	-3.525149	 11.225090	 114.920700	-0.813313	 0.122417	-8.559153	-39.721840	-22.971270	 34.504040	-46.877240	 33.730030	 8.058828	-1.508344	 27.119350	 0.905986	-11.666870	-4.636808	 35.944750	 2.477603	-1.136251	 35.323120	 2.739605	 0.675539	-52.364350	-0.352786	 1.276010	 35.556880	-0.202301	 3.178486	 36.024460	 2.411832	 5.494030	-52.520410	 39.007590	 20.375220	 27.137650	-6.436097	 19.357820	 32.910680	-5.387433	 19.254410	-57.899170	 18.466570	 10.398590	 33.996140	-3.686892	 9.480865	 35.137450	-0.646625	 10.763470	-53.750010	-51.281710	-9.954659	 11.445530	 23.982090	-0.549087	 0.208112	 14.789960	-0.368235	 3.437935	-0.000006	 0.000001	 90.000000	-90.000000	 0.000000	-86.406780	 177.642400	 8.601227	 111.084700	-0.813313	 0.122417	-8.559153	 12.236280	 10.972310	 52.931600	-1.045101	 10.743230	-0.604093	-2.262662	 22.375880	-11.302420	-11.666870	-4.636809	 35.944760	 2.477604	-1.136251	 35.323130	 2.739605	 0.675539	-52.364380	-0.352786	 1.276010	 35.556880	-0.202300	 3.178487	 36.024460	 2.411833	 5.494030	-52.520430	 39.007590	 20.375220	 27.137660	-6.436093	 19.357820	 32.910680	-5.387434	 19.254410	-57.899150	 18.466580	 10.398590	 33.996150	-3.686890	 9.480865	 35.137440	-0.646626	 10.763470	-53.750010	-51.281720	-9.954665	 11.445540	 23.982080	-0.549088	 0.208112	 14.789960	-0.368242	 3.437935	 0.000000	 90.000000	 0.000000	 177.641500	 1.693646	 173.691800	-177.179200	-1.281514	-6.296279
-0.001963	 0.002454	-0.116118	 179.305400	 0.221747	-89.965800	-0.000021	 0.000000	 0.000000	-0.000021	 0.000000	 0.000000	-3.525149	 11.225090	 114.920700	-0.813313	 0.122417	-8.559153	-39.721840	-22.971270	 34.504040	-46.877240	 33.730030	 8.058828	-1.508344	 27.119350	 0.905986	-11.666870	-4.636808	 35.944750	 2.477603	-1.136251	 35.323120	 2.739605	 0.675539	-52.364350	-0.352786	 1.276010	 35.556880	-0.202301	 3.178486	 36.024460	 2.411832	 5.494030	-52.520410	 39.007590	 20.375220	 27.137650	-6.436097	 19.357820	 32.910680	-5.387433	 19.254410	-57.899170	 18.466570	 10.398590	 33.996140	-3.686892	 9.480865	 35.137450	-0.646625	 10.763470	-53.750010	-51.281710	-9.954659	 11.445530	 23.982090	-0.549087	 0.208112	 14.789960	-0.368235	 3.437935	-0.000006	 0.000001	 90.000000	-90.000000	 0.000000	-86.406780	 177.642400	 8.601227	 111.084700	-0.813313	 0.122417	-8.559153	 12.236280	 10.972310	 52.931600	-1.045101	 10.743230	-0.604093	-2.262662	 22.375880	-11.302420	-11.666870	-4.636809	 35.944760	 2.477604	-1.136251	 35.323130	 2.739605	 0.675539	-52.364380	-0.352786	 1.276010	 35.556880	-0.202300	 3.178487	 36.024460	 2.411833	 5.494030	-52.520430	 39.007590	 20.375220	 27.137660	-6.436093	 19.357820	 32.910680	-5.387434	 19.254410	-57.899150	 18.466580	 10.398590	 33.996150	-3.686890	 9.480865	 35.137440	-0.646626	 10.763470	-53.750010	-51.281720	-9.954665	 11.445540	 23.982080	-0.549088	 0.208112	 14.789960	-0.368242	 3.437935	 0.000000	 90.000000	 0.000000	 177.641500	 1.693646	 173.691800	-177.179200	-1.281514	-6.296279
-0.001963	 0.002454	-0.116118	 179.305400	 0.221747	-89.965800	-0.000021	 0.000000	 0.000000	-0.000021	 0.000000	 0.000000	-3.525149	 11.225090	 114.920700	-0.813313	 0.122417	-8.559153	-39.721840	-22.971270	 34.504040	-46.877240	 33.730030	 8.058828	-1.508344	 27.119350	 0.905986	-11.666870	-4.636808	 35.944750	 2.477603	-1.136251	 35.323120	 2.739605	 0.675539	-52.364350	-0.352786	 1.276010	 35.556880	-0.202301	 3.178486	 36.024460	 2.411832	 5.494030	-52.520410	 39.007590	 20.375220	 27.137650	-6.436097	 19.357820	 32.910680	-5.387433	 19.254410	-57.899170	 18.466570	 10.398590	 33.996140	-3.686892	 9.480865	 35.137450	-0.646625	 10.763470	-53.750010	-51.281710	-9.954659	 11.445530	 23.982090	-0.549087	 0.208112	 14.789960	-0.368235	 3.437935	-0.000006	 0.000001	 90.000000	-90.000000	 0.000000	-86.406780	 177.642400	 8.601227	 111.084700	-0.813313	 0.122417	-8.559153	 12.236280	 10.972310	 52.931600	-1.045101	 10.743230	-0.604093	-2.262662	 22.375880	-11.302420	-11.666870	-4.636809	 35.944760	 2.477604	-1.136251	 35.323130	 2.739605	 0.675539	-52.364380	-0.352786	 1.276010	 35.556880	-0.202300	 3.178487	 36.024460	 2.411833	 5.494030	-52.520430	 39.007590	 20.375220	 27.137660	-6.436093	 19.357820	 32.910680	-5.387434	 19.254410	-57.899150	 18.466580	 10.398590	 33.996150	-3.686890	 9.480865	 35.137440	-0.646626	 10.763470	-53.750010	-51.281720	-9.954665	 11.445540	 23.982080	-0.549088	 0.208112	 14.789960	-0.368242	 3.437935	 0.000000	 90.000000	 0.000000	 177.641500	 1.693646	 173.691800	-177.179200	-1.281514	-6.296279
-0.001963	 0.002454	-0.116118	 179.305400	 0.221747	-89.965800	-0.000021	 0.000000	 0.000000	-0.000021	 0.000000	 0.000000	-3.525149	 11.225090	 114.920700	-0.813313	 0.122417	-8.559153	-39.721840	-22.971270	 34.504040	-46.877240	 33.730030	 8.058828	-1.508344	 27.119350	 0.905986	-11.666870	-4.636808	 35.944750	 2.477603	-1.136251	 35.323120	 2.739605	 0.675539	-52.364350	-0.352786	 1.276010	 35.556880	-0.202301	 3.178486	 36.024460	 2.411832	 5.494030	-52.520410	 39.007590	 20.375220	 27.137650	-6.436097	 19.357820	 32.910680	-5.387433	 19.254410	-57.899170	 18.466570	 10.398590	 33.996140	-3.686892	 9.480865	 35.137450	-0.646625	 10.763470	-53.750010	-51.281710	-9.954659	 11.445530	 23.982090	-0.549087	 0.208112	 14.789960	-0.368235	 3.437935	-0.000006	 0.000001	 90.000000	-90.000000	 0.000000	-86.406780	 177.642400	 8.601227	 111.084700	-0.813313	 0.122417	-8.559153	 12.236280	 10.972310	 52.931600	-1.045101	 10.743230	-0.604093	-2.262662	 22.375880	-11.302420	-11.666870	-4.636809	 35.944760	 2.477604	-1.136251	 35.323130	 2.739605	 0.675539	-52.364380	-0.352786	 1.276010	 35.556880	-0.202300	 3.178487	 36.024460	 2.411833	 5.494030	-52.520430	 39.007590	 20.375220	 27.137660	-6.436093	 19.357820	 32.910680	-5.387434	 19.254410	-57.899150	 18.466580	 10.398590	 33.996150	-3.686890	 9.480865	 35.137440	-0.646626	 10.763470	-53.750010	-51.281720	-9.954665	 11.445540	 23.982080	-0.549088	 0.208112	 14.789960	-0.368242	 3.437935	 0.000000	 90.000000	 0.000000	 177.641500	 1.693646	 173.691800	-177.179200	-1.281514	-6.296279
-0.001963	 0.002454	-0.116118	 179.305400	 0.221747	-89.965800	-0.000021	 0.000000	 0.000000	-0.000021	 0.000000	 0.000000	-3.525149	 11.225090	 114.920700	-0.813313	 0.122417	-8.559153	-39.721840	-22.971270	 34.504040	-46.877240	 33.730030	 8.058828	-1.508344	 27.119350	 0.905986	-11.666870	-4.636808	 35.944750	 2.477603	-1.136251	 35.323120	 2.739605	 0.675539	-52.364350	-0.352786	 1.276010	 35.556880	-0.202301	 3.178486	 36.024460	 2.411832	 5.494030	-52.520410	 39.007590	 20.375220	 27.137650	-6.436097	 19.357820	 32.910680	-5.387433	 19.254410	-57.899170	 18.466570	 10.398590	 33.996140	-3.686892	 9.480865	 35.137450	-0.646625	 10.763470	-53.750010	-51.281710	-9.954659	 11.445530	 23.982090	-0.549087	 0.208112	 14.789960	-0.368235	 3.437935	-0.000006	 0.000001	 90.000000	-90.000000	 0.000000	-86.406780	 177.642400	 8.601227	 111.084700	-0.813313	 0.122417	-8.559153	 12.236280	 10.972310	 52.931600	-1.045101	 10.743230	-0.604093	-2.262662	 22.375880	-11.302420	-11.666870	-4.636809	 35.944760	 2.477604	-1.136251	 35.323130	 2.739605	 0.675539	-52.364380	-0.352786	 1.276010	 35.556880	-0.202300	 3.178487	 36.024460	 2.411833	 5.494030	-52.520430	 39.007590	 20.375220	 27.137660	-6.436093	 19.357820	 32.910680	-5.387434	 19.254410	-57.899150	 18.466580	 10.398590	 33.996150	-3.686890	 9.480865	 35.137440	-0.646626	 10.763470	-53.750010	-51.281720	-9.954665	 11.445540	 23.982080	-0.549088	 0.208112	 14.789960	-0.368242	 3.437935	 0.000000	 90.000000	 0.000000	 177.641500	 1.693646	 173.691800	-177.179200	-1.281514	-6.296279
-0.001963	 0.002454	-0.116118	 179.305400	 0.221747	-89.965800	-0.000021	 0.000000	 0.000000	-0.000021	 0.000000	 0.000000	-3.525149	 11.225090	 114.920700	-0.813313	 0.122417	-8.559153	-39.721840	-22.971270	 34.504040	-46.877240	 33.730030	 8.058828	-1.508344	 27.119350	 0.905986	-11.666870	-4.636808	 35.944750	 2.477603	-1.136251	 35.323120	 2.739605	 0.675539	-52.364350	-0.352786	 1.276010	 35.556880	-0.202301	 3.178486	 36.024460	 2.411832	 5.494030	-52.520410	 39.007590	 20.375220	 27.137650	-6.436097	 19.357820	 32.910680	-5.387433	 19.254410	-57.899170	 18.466570	 10.398590	 33.996140	-3.686892	 9.480865	 35.137450	-0.646625	 10.763470	-53.750010	-51.281710	-9.954659	 11.445530	 23.982090	-0.549087	 0.208112	 14.789960	-0.368235	 3.437935	-0.000006	 0.000001	 90.000000	-90.000000	 0.000000	-86.406780	 177.642400	 8.601227	 111.084700	-0.813313	 0.122417	-8.559153	 12.236280	 10.972310	 52.931600	-1.045101	 10.743230	-0.604093	-2.262662	 22.375880	-11.302420	-11.666870	-4.636809	 35.944760	 2.477604	-1.136251	 35.323130	 2.739605	 0.675539	-52.364380	-0.352786	 1.276010	 35.556880	-0.202300	 3.178487	 36.024460	 2.411833	 5.494030	-52.520430	 39.007590	 20.375220	 27.137660	-6.436093	 19.357820	 32.910680	-5.387434	 19.254410	-57.899150	 18.466580	 10.398590	 33.996150	-3.686890	 9.480865	 35.137440	-0.646626	 10.763470	-53.750010	-51.281720	-9.954665	 11.445540	 23.982080	-0.549088	 0.208112	 14.789960	-0.368242	 3.437935	 0.000000	 90.000000	 0.000000	 177.641500	 1.693646	 173.691800	-177.179200	-1.281514	-6.296279
-0.001963	 0.002454	-0.116118	 179.305400	 0.221747	-89.965800	-0.000021	 0.000000	 0.000000	-0.000021	 0.000000	 0.000000	-3.525149	 11.225090	 114.920700	-0.813313	 0.122417	-8.559153	-39.721840	-22.971270	 34.504040	-46.877240	 33.730030	 8.058828	-1.508344	 27.119350	 0.905986	-11.666870	-4.636808	 35.944750	 2.477603	-1.136251	 35.323120	 2.739605	 0.675539	-52.364350	-0.352786	 1.276010	 35.556880	-0.202301	 3.178486	 36.024460	 2.411832	 5.494030	-52.520410	 39.007590	 20.375220	 27.137650	-6.436097	 19.357820	 32.910680	-5.387433	 19.254410	-57.899170	 18.466570	 10.398590	 33.996140	-3.686892	 9.480865	 35.137450	-0.646625	 10.763470	-53.750010	-51.281710	-9.954659	 11.445530	 23.982090	-0.549087	 0.208112	 14.789960	-0.368235	 3.437935	-0.000006	 0.000001	 90.000000	-90.000000	 0.000000	-86.406780	 177.642400	 8.601227	 111.084700	-0.813313	 0.122417	-8.559153	 12.236280	 10.972310	 52.931600	-1.045101	 10.743230	-0.604093	-2.262662	 22.375880	-11.302420	-11.666870	-4.636809	 35.944760	 2.477604	-1.136251	 35.323130	 2.739605	 0.675539	-52.364380	-0.352786	 1.276010	 35.556880	-0.202300	 3.178487	 36.024460	 2.411833	 5.494030	-52.520430	 39.007590	 20.375220	 27.137660	-6.436093	 19.357820	 32.910680	-5.387434	 19.254410	-57.899150	 18.466580	 10.398590	 33.996150	-3.686890	 9.480865	 35.137440	-0.646626	 10.763470	-53.750010	-51.281720	-9.954665	 11.445540	 23.982080	-0.549088	 0.208112	 14.789960	-0.368242	 3.437935	 0.000000	 90.000000	 0.000000	 177.641500	 1.693646	 173.691800	-177.179200	-1.281514	-6.296279
-0.001963	 0.002454	-0.116118	 179.305400	 0.221747	-89.965800	-0.000021	 0.000000	 0.000000	-0.000021	 0.000000	 0.000000	-3.525149	 11.225090	 114.920700	-0.813313	 0.122417	-8.559153	-39.721840	-22.971270	 34.504040	-46.877240	 33.730030	 8.058828	-1.508344	 27.119350	 0.905986	-11.666870	-4.636808	 35.944750	 2.477603	-1.136251	 35.323120	 2.739605	 0.675539	-52.364350	-0.352786	 1.276010	 35.556880	-0.202301	 3.178486	 36.024460	 2.411832	 5.494030	-52.520410	 39.007590	 20.375220	 27.137650	-6.436097	 19.357820	 32.910680	-5.387433	 19.254410	-57.899170	 18.466570	 10.398590	 33.996140	-3.686892	 9.480865	 35.137450	-0.646625	 10.763470	-53.750010	-51.281710	-9.954659	 11.445530	 23.982090	-0.549087	 0.208112	 14.789960	-0.368235	 3.437935	-0.000006	 0.000001	 90.000000	-90.000000	 0.000000	-86.406780	 177.642400	 8.601227	 111.084700	-0.813313	 0.122417	-8.559153	 12.236280	 10.972310	 52.931600	-1.045101	 10.743230	-0.604093	-2.262662	 22.375880	-11.302420	-11.666870	-4.636809	 35.944760	 2.477604	-1.136251	 35.323130	 2.739605	 0.675539	-52.364380	-0.352786	 1.276010	 35.556880	-0.202300	 3.178487	 36.024460	 2.411833	 5.494030	-52.520430	 39.007590	 20.375220	 27.137660	-6.436093	 19.357820	 32.910680	-5.387434	 19.254410	-57.899150	 18.466580	 10.398590	 33.996150	-3.686890	 9.480865	 35.137440	-0.646626	 10.763470	-53.750010	-51.281720	-9.954665	 11.445540	 23.982080	-0.549088	 0.208112	 14.789960	-0.368242	 3.437935	 0.000000	 90.000000	 0.000000	 177.641500	 1.693646	 173.691800	-177.179200	-1.281514	-6.296279
-0.001963	 0.002454	-0.116118	 179.305400	 0.221747	-89.965800	-0.000021	 0.000000	 0.000000	-0.000021	 0.000000	 0.000000	-3.525149	 11.225090	 114.920700	-0.813313	 0.122417	-8.559153	-39.721840	-22.971270	 34.504040	-46.877240	 33.730030	 8.058828	-1.508344	 27.119350	 0.905986	-11.666870	-4.636808	 35.944750	 2.477603	-1.136251	 35.323120	 2.739605	 0.675539	-52.364350	-0.352786	 1.276010	 35.556880	-0.202301	 3.178486	 36.024460	 2.411832	 5.494030	-52.520410	 39.007590	 20.375220	 27.137650	-6.436097	 19.357820	 32.910680	-5.387433	 19.254410	-57.899170	 18.466570	 10.398590	 33.996140	-3.686892	 9.480865	 35.137450	-0.646625	 10.763470	-53.750010	-51.281710	-9.954659	 11.445530	 23.982090	-0.549087	 0.208112	 14.789960	-0.368235	 3.437935	-0.000006	 0.000001	 90.000000	-90.000000	 0.000000	-86.406780	 177.642400	 8.601227	 111.084700	-0.813313	 0.122417	-8.559153	 12.236280	 10.972310	 52.931600	-1.045101	 10.743230	-0.604093	-2.262662	 22.375880	-11.302420	-11.666870	-4.636809	 35.944760	 2.477604	-1.136251	 35.323130	 2.739605	 0.675539	-52.364380	-0.352786	 1.276010	 35.556880	-0.202300	 3.178487	 36.024460	 2.411833	 5.494030	-52.520430	 39.007590	 20.375220	 27.137660	-6.436093	 19.357820	 32.910680	-5.387434	 19.254410	-57.899150	 18.466580	 10.398590	 33.996150	-3.686890	 9.480865	 35.137440	-0.646626	 10.763470	-53.750010	-51.281720	-9.954665	 11.445540	 23.982080	-0.549088	 0.208112	 14.789960	-0.368242	 3.437935	 0.000000	 90.000000	 0.000000	 177.641500	 1.693646	 173.691800	-177.179200	-1.281514	-6.296279
-0.001963	 0.002454	-0.116118	 179.305400	 0.221747	-89.965800	-0.000021	 0.000000	 0.000000	-0.000021	 0.000000	 0.000000	-3.525149	 11.225090	 114.920700	-0.813313	 0.122417	-8.559153	-39.721840	-22.971270	 34.504040	-46.877240	 33.730030	 8.058828	-1.508344	 27.119350	 0.905986	-11.666870	-4.636808	 35.944750	 2.477603	-1.136251	 35.323120	 2.739605	 0.675539	-52.364350	-0.352786	 1.276010	 35.556880	-0.202301	 3.178486	 36.024460	 2.411832	 5.494030	-52.520410	 39.007590	 20.375220	 27.137650	-6.436097	 19.357820	 32.910680	-5.387433	 19.254410	-57.899170	 18.466570	 10.398590	 33.996140	-3.686892	 9.480865	 35.137450	-0.646625	 10.763470	-53.750010	-51.281710	-9.954659	 11.445530	 23.982090	-0.549087	 0.208112	 14.789960	-0.368235	 3.437935	-0.000006	 0.000001	 90.000000	-90.000000	 0.000000	-86.406780	 177.642400	 8.601227	 111.084700	-0.813313	 0.122417	-8.559153	 12.236280	 10.972310	 52.931600	-1.045101	 10.743230	-0.604093	-2.262662	 22.375880	-11.302420	-11.666870	-4.636809	 35.944760	 2.477604	-1.136251	 35.323130	 2.739605	 0.675539	-52.364380	-0.352786	 1.276010	 35.556880	-0.202300	 3.178487	 36.024460	 2.411833	 5.494030	-52.520430	 39.007590	 20.375220	 27.137660	-6.436093	 19.357820	 32.910680	-5.387434	 19.254410	-57.899150	 18.466580	 10.398590	 33.996150	-3.686890	 9.480865	 35.137440	-0.646626	 10.763470	-53.750010	-51.281720	-9.954665	 11.445540	 23.982080	-0.549088	 0.208112	 14.789960	-0.368242	 3.437935	 0.000000	 90.000000	 0.000000	 177.641500	 1.693646	 173.691800	-177.179200	-1.281514	-6.296279
-0.001963	 0.002454	-0.116118	 179.305400	 0.221747	-89.965800	-0.000021	 0.000000	 0.000000	-0.000021	 0.000000	 0.000000	-3.525149	 11.225090	 114.920700	-0.813313	 0.122417	-8.559153	-39.721840	-22.971270	 34.504040	-46.877240	 33.730030	 8.058828	-1.508344	 27.119350	 0.905986	-11.666870	-4.636808	 35.944750	 2.477603	-1.136251	 35.323120	 2.739605	 0.675539	-52.364350	-0.352786	 1.276010	 35.556880	-0.202301	 3.178486	 36.024460	 2.411832	 5.494030	-52.520410	 39.007590	 20.375220	 27.137650	-6.436097	 19.357820	 32.910680	-5.387433	 19.254410	-57.899170	 18.466570	 10.398590	 33.996140	-3.686892	 9.480865	 35.137450	-0.646625	 10.763470	-53.750010	-51.281710	-9.954659	 11.445530	 23.982090	-0.549087	 0.208112	 14.789960	-0.368235	 3.437935	-0.000006	 0.000001	 90.000000	-90.000000	 0.000000	-86.406780	 177.642400	 8.601227	 111.084700	-0.813313	 0.122417	-8.559153	 12.236280	 10.972310	 52.931600	-1.045101	 10.743230	-0.604093	-2.262662	 22.375880	-11.302420	-11.666870	-4.636809	 35.944760	 2.477604	-1.136251	 35.323130	 2.739605	 0.675539	-52.364380	-0.352786	 1.276010	 35.556880	-0.202300	 3.178487	 36.024460	 2.411833	 5.494030	-52.520430	 39.007590	 20.375220	 27.137660	-6.436093	 19.357820	 32.910680	-5.387434	 19.254410	-57.899150	 18.466580	 10.398590	 33.996150	-3.686890	 9.480865	 35.137440	-0.646626	 10.763470	-53.750010	-51.281720	-9.954665	 11.445540	 23.982080	-0.549088	 0.208112	 14.789960	-0.368242	 3.437935	 0.000000	 90.000000	 0.000000	 177.641500	 1.693646	 173.691800	-177.179200	-1.281514	-6.296279
-0.001963	 0.002454	-0.116118	 179.305400	 0.221747	-89.965800	-0.000021	 0.000000	 0.000000	-0.000021	 0.000000	 0.000000	-3.525149	 11.225090	 114.920700	-0.813313	 0.122417	-8.559153	-39.721840	-22.971270	 34.504040	-46.877240	 33.730030	 8.058828	-1.508344	 27.119350	 0.905986	-11.666870	-4.636808	 35.944750	 2.477603	-1.136251	 35.323120	 2.739605	 0.675539	-52.364350	-0.352786	 1.276010	 35.556880	-0.202301	 3.178486	 36.024460	 2.411832	 5.494030	-52.520410	 39.007590	 20.375220	 27.137650	-6.436097	 19.357820	 32.910680	-5.387433	 19.254410	-57.899170	 18.466570	 10.398590	 33.996140	-3.686892	 9.480865	 35.137450	-0.646625	 10.763470	-53.750010	-51.281710	-9.954659	 11.445530	 23.982090	-0.549087	 0.208112	 14.789960	-0.368235	 3.437935	-0.000006	 0.000001	 90.000000	-90.000000	 0.000000	-86.406780	 177.642400	 8.601227	 111.084700	-0.813313	 0.122417	-8.559153	 12.236280	 10.972310	 52.931600	-1.045101	 10.743230	-0.604093	-2.262662	 22.375880	-11.302420	-11.666870	-4.636809	 35.944760	 2.477604	-1.136251	 35.323130	 2.739605	 0.675539	-52.364380	-0.352786	 1.276010	 35.556880	-0.202300	 3.178487	 36.024460	 2.411833	 5.494030	-52.520430	 39.007590	 20.375220	 27.137660	-6.436093	 19.357820	 32.910680	-5.387434	 19.254410	-57.899150	 18.466580	 10.398590	 33.996150	-3.686890	 9.480865	 35.137440	-0.646626	 10.763470	-53.750010	-51.281720	-9.954665	 11.445540	 23.982080	-0.549088	 0.208112	 14.789960	-0.368242	 3.437935	 0.000000	 90.000000	 0.000000	 177.641500	 1.693646	 173.691800	-177.179200	-1.281514	-6.296279
-0.001963	 0.002454	-0.116118	 179.305400	 0.221747	-89.965800	-0.000021	 0.000000	 0.000000	-0.000021	 0.000000	 0.000000	-3.525149	 11.225090	 114.920700	-0.813313	 0.122417	-8.559153	-39.721840	-22.971270	 34.504040	-46.877240	 33.730030	 8.058828	-1.508344	 27.119350	 0.905986	-11.666870	-4.636808	 35.944750	 2.477603	-1.136251	 35.323120	 2.739605	 0.675539	-52.364350	-0.352786	 1.276010	 35.556880	-0.202301	 3.178486	 36.024460	 2.411832	 5.494030	-52.520410	 39.007590	 20.375220	 27.137650	-6.436097	 19.357820	 32.910680	-5.387433	 19.254410	-57.899170	 18.466570	 10.398590	 33.996140	-3.686892	 9.480865	 35.137450	-0.646625	 10.763470	-53.750010	-51.281710	-9.954659	 11.445530	 23.982090	-0.549087	 0.208112	 14.789960	-0.368235	 3.437935	-0.000006	 0.000001	 90.000000	-90.000000	 0.000000	-86.406780	 177.642400	 8.601227	 111.084700	-0.813313	 0.122417	-8.559153	 12.236280	 10.972310	 52.931600	-1.045101	 10.743230	-0.604093	-2.262662	 22.375880	-11.302420	-11.666870	-4.636809	 35.944760	 2.477604	-1.136251	 35.323130	 2.739605	 0.675539	-52.364380	-0.352786	 1.276010	 35.556880	-0.202300	 3.178487	 36.024460	 2.411833	 5.494030	-52.520430	 39.007590	 20.375220	 27.137660	-6.436093	 19.357820	 32.910680	-5.387434	 19.254410	-57.899150	 18.466580	 10.398590	 33.996150	-3.686890	 9.480865	 35.137440	-0.646626	 10.763470	-53.750010	-51.281720	-9.954665	 11.445540	 23.982080	-0.549088	 0.208112	 14.789960	-0.368242	 3.437935	 0.000000	 90.000000	 0.000000	 177.641500	 1.693646	 173.691800	-177.179200	-1.281514	-6.296279
-0.001963	 0.002454	-0.116118	 179.305400	 0.221747	-89.965800	-0.000021	 0.000000	 0.000000	-0.000021	 0.000000	 0.000000	-3.525149	 11.225090	 114.920700	-0.813313	 0.122417	-8.559153	-39.721840	-22.971270	 34.504040	-46.877240	 33.730030	 8.058828	-1.508344	 27.119350	 0.905986	-11.666870	-4.636808	 35.944750	 2.477603	-1.136251	 35.323120	 2.739605	 0.675539	-52.364350	-0.352786	 1.276010	 35.556880	-0.202301	 3.178486	 36.024460	 2.411832	 5.494030	-52.520410	 39.007590	 20.375220	 27.137650	-6.436097	 19.357820	 32.910680	-5.387433	 19.254410	-57.899170	 18.466570	 10.398590	 33.996140	-3.686892	 9.480865	 35.137450	-0.646625	 10.763470	-53.750010	-51.281710	-9.954659	 11.445530	 23.982090	-0.549087	 0.208112	 14.789960	-0.368235	 3.437935	-0.000006	 0.000001	 90.000000	-90.000000	 0.000000	-86.406780	 177.642400	 8.601227	 111.084700	-0.813313	 0.122417	-8.559153	 12.236280	 10.972310	 52.931600	-1.045101	 10.743230	-0.604093	-2.262662	 22.375880	-11.302420	-11.666870	-4.636809	 35.944760	 2.477604	-1.136251	 35.323130	 2.739605	 0.675539	-52.364380	-0.352786	 1.276010	 35.556880	-0.202300	 3.178487	 36.024460	 2.411833	 5.494030	-52.520430	 39.007590	 20.375220	 27.137660	-6.436093	 19.357820	 32.910680	-5.387434	 19.254410	-57.899150	 18.466580	 10.398590	 33.996150	-3.686890	 9.480865	 35.137440	-0.646626	 10.763470	-53.750010	-51.281720	-9.954665	 11.445540	 23.982080	-0.549088	 0.208112	 14.789960	-0.368242	 3.437935	 0.000000	 90.000000	 0.000000	 177.641500	 1.693646	 173.691800	-177.179200	-1.281514	-6.296279
-0.001963	 0.002454	-0.116118	 179.305400	 0.221747	-89.965800	-0.000021	 0.000000	 0.000000	-0.000021	 0.000000	 0.000000	-3.525149	 11.225090	 114.920700	-0.813313	 0.122417	-8.559153	-39.721840	-22.971270	 34.504040	-46.877240	 33.730030	 8.058828	-1.508344	 27.119350	 0.905986	-11.666870	-4.636808	 35.944750	 2.477603	-1.136251	 35.323120	 2.739605	 0.675539	-52.364350	-0.352786	 1.276010	 35.556880	-0.202301	 3.178486	 36.024460	 2.411832	 5.494030	-52.520410	 39.007590	 20.375220	 27.137650	-6.436097	 19.357820	 32.910680	-5.387433	 19.254410	-57.899170	 18.466570	 10.398590	 33.996140	-3.686892	 9.480865	 35.137450	-0.646625	 10.763470	-53.750010	-51.281710	-9.954659	 11.445530	 23.982090	-0.549087	 0.208112	 14.789960	-0.368235	 3.437935	-0.000006	 0.000001	 90.000000	-90.000000	 0.000000	-86.406780	 177.642400	 8.601227	 111.084700	-0.813313	 0.122417	-8.559153	 12.236280	 10.972310	 52.931600	-1.045101	 10.743230	-0.604093	-2.262662	 22.375880	-11.302420	-11.666870	-4.636809	 35.944760	 2.477604	-1.136251	 35.323130	 2.739605	 0.675539	-52.364380	-0.352786	 1.276010	 35.556880	-0.202300	 3.178487	 36.024460	 2.411833	 5.494030	-52.520430	 39.007590	 20.375220	 27.137660	-6.436093	 19.357820	 32.910680	-5.387434	 19.254410	-57.899150	 18.466580	 10.398590	 33.996150	-3.686890	 9.480865	 35.137440	-0.646626	 10.763470	-53.750010	-51.281720	-9.954665	 11.445540	 23.982080	-0.549088	 0.208112	 14.789960	-0.368242	 3.437935	 0.000000	 90.000000	 0.000000	 177.641500	 1.693646	 173.691800	-177.179200	-1.281514	-6.296279
-0.001963	 0.002454	-0.116118	 179.305400	 0.221747	-89.965800	-0.000021	 0.000000	 0.000000	-0.000021	 0.000000	 0.000000	-3.525149	 11.225090	 114.920700	-0.813313	 0.122417	-8.559153	-39.721840	-22.971270	 34.504040	-46.877240	 33.730030	 8.058828	-1.508344	 27.119350	 0.905986	-11.666870	-4.636808	 35.944750	 2.477603	-1.136251	 35.323120	 2.739605	 0.675539	-52.364350	-0.352786	 1.276010	 35.556880	-0.202301	 3.178486	 36.024460	 2.411832	 5.494030	-52.520410	 39.007590	 20.375220	 27.137650	-6.436097	 19.357820	 32.910680	-5.387433	 19.254410	-57.899170	 18.466570	 10.398590	 33.996140	-3.686892	 9.480865	 35.137450	-0.646625	 10.763470	-53.750010	-51.281710	-9.954659	 11.445530	 23.982090	-0.549087	 0.208112	 14.789960	-0.368235	 3.437935	-0.000006	 0.000001	 90.000000	-90.000000	 0.000000	-86.406780	 177.642400	 8.601227	 111.084700	-0.813313	 0.122417	-8.559153	 12.236280	 10.972310	 52.931600	-1.045101	 10.743230	-0.604093	-2.262662	 22.375880	-11.302420	-11.666870	-4.636809	 35.944760	 2.477604	-1.136251	 35.323130	 2.739605	 0.675539	-52.364380	-0.352786	 1.276010	 35.556880	-0.202300	 3.178487	 36.024460	 2.411833	 5.494030	-52.520430	 39.007590	 20.375220	 27.137660	-6.436093	 19.357820	 32.910680	-5.387434	 19.254410	-57.899150	 18.466580	 10.398590	 33.996150	-3.686890	 9.480865	 35.137440	-0.646626	 10.763470	-53.750010	-51.281720	-9.954665	 11.445540	 23.982080	-0.549088	 0.208112	 14.789960	-0.368242	 3.437935	 0.000000	 90.000000	 0.000000	 177.641500	 1.693646	 173.691800	-177.179200	-1.281514	-6.296279
-0.001963	 0.002454	-0.116118	 179.305400	 0.221747	-89.965800	-0.000021	 0.000000	 0.000000	-0.000021	 0.000000	 0.000000	-3.525149	 11.225090	 114.920700	-0.813313	 0.122417	-8.559153	-39.721840	-22.971270	 34.504040	-46.877240	 33.730030	 8.058828	-1.508344	 27.119350	 0.905986	-11.666870	-4.636808	 35.944750	 2.477603	-1.136251	 35.323120	 2.739605	 0.675539	-52.364350	-0.352786	 1.276010	 35.556880	-0.202301	 3.178486	 36.024460	 2.411832	 5.494030	-52.520410	 39.007590	 20.375220	 27.137650	-6.436097	 19.357820	 32.910680	-5.387433	 19.254410	-57.899170	 18.466570	 10.398590	 33.996140	-3.686892	 9.480865	 35.137450	-0.646625	 10.763470	-53.750010	-51.281710	-9.954659	 11.445530	 23.982090	-0.549087	 0.208112	 14.789960	-0.368235	 3.437935	-0.000006	 0.000001	 90.000000	-90.000000	 0.000000	-86.406780	 177.642400	 8.601227	 111.084700	-0.813313	 0.122417	-8.559153	 12.236280	 10.972310	 52.931600	-1.045101	 10.743230	-0.604093	-2.262662	 22.375880	-11.302420	-11.666870	-4.636809	 35.944760	 2.477604	-1.136251	 35.323130	 2.739605	 0.675539	-52.364380	-0.352786	 1.276010	 35.556880	-0.202300	 3.178487	 36.024460	 2.411833	 5.494030	-52.520430	 39.007590	 20.375220	 27.137660	-6.436093	 19.357820	 32.910680	-5.387434	 19.254410	-57.899150	 18.466580	 10.398590	 33.996150	-3.686890	 9.480865	 35.137440	-0.646626	 10.763470	-53.750010	-51.281720	-9.954665	 11.445540	 23.982080	-0.549088	 0.208112	 14.789960	-0.368242	 3.437935	 0.000000	 90.000000	 0.000000	 177.641500	 1.693646	 173.691800	-177.179200	-1.281514	-6.296279
-0.001963	 0.002454	-0.116118	 179.305400	 0.221747	-89.965800	-0.000021	 0.000000	 0.000000	-0.000021	 0.000000	 0.000000	-3.525149	 11.225090	 114.920700	-0.813313	 0.122417	-8.559153	-39.721840	-22.971270	 34.504040	-46.877240	 33.730030	 8.058828	-1.508344	 27.119350	 0.905986	-11.666870	-4.636808	 35.944750	 2.477603	-1.136251	 35.323120	 2.739605	 0.675539	-52.364350	-0.352786	 1.276010	 35.556880	-0.202301	 3.178486	 36.024460	 2.411832	 5.494030	-52.520410	 39.007590	 20.375220	 27.137650	-6.436097	 19.357820	 32.910680	-5.387433	 19.254410	-57.899170	 18.466570	 10.398590	 33.996140	-3.686892	 9.480865	 35.137450	-0.646625	 10.763470	-53.750010	-51.281710	-9.954659	 11.445530	 23.982090	-0.549087	 0.208112	 14.789960	-0.368235	 3.437935	-0.000006	 0.000001	 90.000000	-90.000000	 0.000000	-86.406780	 177.642400	 8.601227	 111.084700	-0.813313	 0.122417	-8.559153	 12.236280	 10.972310	 52.931600	-1.045101	 10.743230	-0.604093	-2.262662	 22.375880	-11.302420	-11.666870	-4.636809	 35.944760	 2.477604	-1.136251	 35.323130	 2.739605	 0.675539	-52.364380	-0.352786	 1.276010	 35.556880	-0.202300	 3.178487	 36.024460	 2.411833	 5.494030	-52.520430	 39.007590	 20.375220	 27.137660	-6.436093	 19.357820	 32.910680	-5.387434	 19.254410	-57.899150	 18.466580	 10.398590	 33.996150	-3.686890	 9.480865	 35.137440	-0.646626	 10.763470	-53.750010	-51.281720	-9.954665	 11.445540	 23.982080	-0.549088	 0.208112	 14.789960	-0.368242	 3.437935	 0.000000	 90.000000	 0.000000	 177.641500	 1.693646	 173.691800	-177.179200	-1.281514	-6.296279
-0.001963	 0.002454	-0.116118	 179.305400	 0.221747	-89.965800	-0.000021	 0.000000	 0.000000	-0.000021	 0.000000	 0.000000	-3.525149	 11.225090	 114.920700	-0.813313	 0.122417	-8.559153	-39.721840	-22.971270	 34.504040	-46.877240	 33.730030	 8.058828	-1.508344	 27.119350	 0.905986	-11.666870	-4.636808	 35.944750	 2.477603	-1.136251	 35.323120	 2.739605	 0.675539	-52.364350	-0.352786	 1.276010	 35.556880	-0.202301	 3.178486	 36.024460	 2.411832	 5.494030	-52.520410	 39.007590	 20.375220	 27.137650	-6.436097	 19.357820	 32.910680	-5.387433	 19.254410	-57.899170	 18.466570	 10.398590	 33.996140	-3.686892	 9.480865	 35.137450	-0.646625	 10.763470	-53.750010	-51.281710	-9.954659	 11.445530	 23.982090	-0.549087	 0.208112	 14.789960	-0.368235	 3.437935	-0.000006	 0.000001	 90.000000	-90.000000	 0.000000	-86.406780	 177.642400	 8.601227	 111.084700	-0.813313	 0.122417	-8.559153	 12.236280	 10.972310	 52.931600	-1.045101	 10.743230	-0.604093	-2.262662	 22.375880	-11.302420	-11.666870	-4.636809	 35.944760	 2.477604	-1.136251	 35.323130	 2.739605	 0.675539	-52.364380	-0.352786	 1.276010	 35.556880	-0.202300	 3.178487	 36.024460	 2.411833	 5.494030	-52.520430	 39.007590	 20.375220	 27.137660	-6.436093	 19.357820	 32.910680	-5.387434	 19.254410	-57.899150	 18.466580	 10.398590	 33.996150	-3.686890	 9.480865	 35.137440	-0.646626	 10.763470	-53.750010	-51.281720	-9.954665	 11.445540	 23.982080	-0.549088	 0.208112	 14.789960	-0.368242	 3.437935	 0.000000	 90.000000	 0.000000	 177.641500	 1.693646	 173.691800	-177.179200	-1.281514	-6.296279
-0.001963	 0.002454	-0.116118	 179.305400	 0.221747	-89.965800	-0.000021	 0.000000	 0.000000	-0.000021	 0.000000	 0.000000	-3.525149	 11.225090	 114.920700	-0.813313	 0.122417	-8.559153	-39.721840	-22.971270	 34.504040	-46.877240	 33.730030	 8.058828	-1.508344	 27.119350	 0.905986	-11.666870	-4.636808	 35.944750	 2.477603	-1.136251	 35.323120	 2.739605	 0.675539	-52.364350	-0.352786	 1.276010	 35.556880	-0.202301	 3.178486	 36.024460	 2.411832	 5.494030	-52.520410	 39.007590	 20.375220	 27.137650	-6.436097	 19.357820	 32.910680	-5.387433	 19.254410	-57.899170	 18.466570	 10.398590	 33.996140	-3.686892	 9.480865	 35.137450	-0.646625	 10.763470	-53.750010	-51.281710	-9.954659	 11.445530	 23.982090	-0.549087	 0.208112	 14.789960	-0.368235	 3.437935	-0.000006	 0.000001	 90.000000	-90.000000	 0.000000	-86.406780	 177.642400	 8.601227	 111.084700	-0.813313	 0.122417	-8.559153	 12.236280	 10.972310	 52.931600	-1.045101	 10.743230	-0.604093	-2.262662	 22.375880	-11.302420	-11.666870	-4.636809	 35.944760	 2.477604	-1.136251	 35.323130	 2.739605	 0.675539	-52.364380	-0.352786	 1.276010	 35.556880	-0.202300	 3.178487	 36.024460	 2.411833	 5.494030	-52.520430	 39.007590	 20.375220	 27.137660	-6.436093	 19.357820	 32.910680	-5.387434	 19.254410	-57.899150	 18.466580	 10.398590	 33.996150	-3.686890	 9.480865	 35.137440	-0.646626	 10.763470	-53.750010	-51.281720	-9.954665	 11.445540	 23.982080	-0.549088	 0.208112	 14.789960	-0.368242	 3.437935	 0.000000	 90.000000	 0.000000	 177.641500	 1.693646	 173.691800	-177.179200	-1.281514	-6.296279
-0.001963	 0.002454	-0.116118	 179.305400	 0.221747	-89.965800	-0.000021	 0.000000	 0.000000	-0.000021	 0.000000	 0.000000	-3.525149	 11.225090	 114.920700	-0.813313	 0.122417	-8.559153	-39.721840	-22.971270	 34.504040	-46.877240	 33.730030	 8.058828	-1.508344	 27.119350	 0.905986	-11.666870	-4.636808	 35.944750	 2.477603	-1.136251	 35.323120	 2.739605	 0.675539	-52.364350	-0.352786	 1.276010	 35.556880	-0.202301	 3.178486	 36.024460	 2.411832	 5.494030	-52.520410	 39.007590	 20.375220	 27.137650	-6.436097	 19.357820	 32.910680	-5.387433	 19.254410	-57.899170	 18.466570	 10.398590	 33.996140	-3.686892	 9.480865	 35.137450	-0.646625	 10.763470	-53.750010	-51.281710	-9.954659	 11.445530	 23.982090	-0.549087	 0.208112	 14.789960	-0.368235	 3.437935	-0.000006	 0.000001	 90.000000	-90.000000	 0.000000	-86.406780	 177.642400	 8.601227	 111.084700	-0.813313	 0.122417	-8.559153	 12.236280	 10.972310	 52.931600	-1.045101	 10.743230	-0.604093	-2.262662	 22.375880	-11.302420	-11.666870	-4.636809	 35.944760	 2.477604	-1.136251	 35.323130	 2.739605	 0.675539	-52.364380	-0.352786	 1.276010	 35.556880	-0.202300	 3.178487	 36.024460	 2.411833	 5.494030	-52.520430	 39.007590	 20.375220	 27.137660	-6.436093	 19.357820	 32.910680	-5.387434	 19.254410	-57.899150	 18.466580	 10.398590	 33.996150	-3.686890	 9.480865	 35.137440	-0.646626	 10.763470	-53.750010	-51.281720	-9.954665	 11.445540	 23.982080	-0.549088	 0.208112	 14.789960	-0.368242	 3.437935	 0.000000	 90.000000	 0.000000	 177.641500	 1.693646	 173.691800	-177.179200	-1.281514	-6.296279
-0.001963	 0.002454	-0.116118	 179.305400	 0.221747	-89.965800	-0.000021	 0.000000	 0.000000	-0.000021	 0.000000	 0.000000	-3.525149	 11.225090	 114.920700	-0.813313	 0.122417	-8.559153	-39.721840	-22.971270	 34.504040	-46.877240	 33.730030	 8.058828	-1.508344	 27.119350	 0.905986	-11.666870	-4.636808	 35.944750	 2.477603	-1.136251	 35.323120	 2.739605	 0.675539	-52.364350	-0.352786	 1.276010	 35.556880	-0.202301	 3.178486	 36.024460	 2.411832	 5.494030	-52.520410	 39.007590	 20.375220	 27.137650	-6.436097	 19.357820	 32.910680	-5.387433	 19.254410	-57.899170	 18.466570	 10.398590	 33.996140	-3.686892	 9.480865	 35.137450	-0.646625	 10.763470	-53.750010	-51.281710	-9.954659	 11.445530	 23.982090	-0.549087	 0.208112	 14.789960	-0.368235	 3.437935	-0.000006	 0.000001	 90.000000	-90.000000	 0.000000	-86.406780	 177.642400	 8.601227	 111.084700	-0.813313	 0.122417	-8.559153	 12.236280	 10.972310	 52.931600	-1.045101	 10.743230	-0.604093	-2.262662	 22.375880	-11.302420	-11.666870	-4.636809	 35.944760	 2.477604	-1.136251	 35.323130	 2.739605	 0.675539	-52.364380	-0.352786	 1.276010	 35.556880	-0.202300	 3.178487	 36.024460	 2.411833	 5.494030	-52.520430	 39.007590	 20.375220	 27.137660	-6.436093	 19.357820	 32.910680	-5.387434	 19.254410	-57.899150	 18.466580	 10.398590	 33.996150	-3.686890	 9.480865	 35.137440	-0.646626	 10.763470	-53.750010	-51.281720	-9.954665	 11.445540	 23.982080	-0.549088	 0.208112	 14.789960	-0.368242	 3.437935	 0.000000	 90.000000	 0.000000	 177.641500	 1.693646	 173.691800	-177.179200	-1.281514	-6.296279
-0.001963	 0.002454	-0.116118	 179.305400	 0.221747	-89.965800	-0.000021	 0.000000	 0.000000	-0.000021	 0.000000	 0.000000	-3.525149	 11.225090	 114.920700	-0.813313	 0.122417	-8.559153	-39.721840	-22.971270	 34.504040	-46.877240	 33.730030	 8.058828	-1.508344	 27.119350	 0.905986	-11.666870	-4.636808	 35.944750	 2.477603	-1.136251	 35.323120	 2.739605	 0.675539	-52.364350	-0.352786	 1.276010	 35.556880	-0.202301	 3.178486	 36.024460	 2.411832	 5.494030	-52.520410	 39.007590	 20.375220	 27.137650	-6.436097	 19.357820	 32.910680	-5.387433	 19.254410	-57.899170	 18.466570	 10.398590	 33.996140	-3.686892	 9.480865	 35.137450	-0.646625	 10.763470	-53.750010	-51.281710	-9.954659	 11.445530	 23.982090	-0.549087	 0.208112	 14.789960	-0.368235	 3.437935	-0.000006	 0.000001	 90.000000	-90.000000	 0.000000	-86.406780	 177.642400	 8.601227	 111.084700	-0.813313	 0.122417	-8.559153	 12.236280	 10.972310	 52.931600	-1.045101	 10.743230	-0.604093	-2.262662	 22.375880	-11.302420	-11.666870	-4.636809	 35.944760	 2.477604	-1.136251	 35.323130	 2.739605	 0.675539	-52.364380	-0.352786	 1.276010	 35.556880	-0.202300	 3.178487	 36.024460	 2.411833	 5.494030	-52.520430	 39.007590	 20.375220	 27.137660	-6.436093	 19.357820	 32.910680	-5.387434	 19.254410	-57.899150	 18.466580	 10.398590	 33.996150	-3.686890	 9.480865	 35.137440	-0.646626	 10.763470	-53.750010	-51.281720	-9.954665	 11.445540	 23.982080	-0.549088	 0.208112	 14.789960	-0.368242	 3.437935	 0.000000	 90.000000	 0.000000	 177.641500	 1.693646	 173.691800	-177.179200	-1.281514	-6.296279
-0.001963	 0.002454	-0.116118	 179.305400	 0.221747	-89.965800	-0.000021	 0.000000	 0.000000	-0.000021	 0.000000	 0.000000	-3.525149	 11.225090	 114.920700	-0.813313	 0.122417	-8.559153	-39.721840	-22.971270	 34.504040	-46.877240	 33.730030	 8.058828	-1.508344	 27.119350	 0.905986	-11.666870	-4.636808	 35.944750	 2.477603	-1.136251	 35.323120	 2.739605	 0.675539	-52.364350	-0.352786	 1.276010	 35.556880	-0.202301	 3.178486	 36.024460	 2.411832	 5.494030	-52.520410	 39.007590	 20.375220	 27.137650	-6.436097	 19.357820	 32.910680	-5.387433	 19.254410	-57.899170	 18.466570	 10.398590	 33.996140	-3.686892	 9.480865	 35.137450	-0.646625	 10.763470	-53.750010	-51.281710	-9.954659	 11.445530	 23.982090	-0.549087	 0.208112	 14.789960	-0.368235	 3.437935	-0.000006	 0.000001	 90.000000	-90.000000	 0.000000	-86.406780	 177.642400	 8.601227	 111.084700	-0.813313	 0.122417	-8.559153	 12.236280	 10.972310	 52.931600	-1.045101	 10.743230	-0.604093	-2.262662	 22.375880	-11.302420	-11.666870	-4.636809	 35.944760	 2.477604	-1.136251	 35.323130	 2.739605	 0.675539	-52.364380	-0.352786	 1.276010	 35.556880	-0.202300	 3.178487	 36.024460	 2.411833	 5.494030	-52.520430	 39.007590	 20.375220	 27.137660	-6.436093	 19.357820	 32.910680	-5.387434	 19.254410	-57.899150	 18.466580	 10.398590	 33.996150	-3.686890	 9.480865	 35.137440	-0.646626	 10.763470	-53.750010	-51.281720	-9.954665	 11.445540	 23.982080	-0.549088	 0.208112	 14.789960	-0.368242	 3.437935	 0.000000	 90.000000	 0.000000	 177.641500	 1.693646	 173.691800	-177.179200	-1.281514	-6.296279
-0.001963	 0.002454	-0.116118	 179.305400	 0.221747	-89.965800	-0.000021	 0.000000	 0.000000	-0.000021	 0.000000	 0.000000	-3.525149	 11.225090	 114.920700	-0.813313	 0.122417	-8.559153	-39.721840	-22.971270	 34.504040	-46.877240	 33.730030	 8.058828	-1.508344	 27.119350	 0.905986	-11.666870	-4.636808	 35.944750	 2.477603	-1.136251	 35.323120	 2.739605	 0.675539	-52.364350	-0.352786	 1.276010	 35.556880	-0.202301	 3.178486	 36.024460	 2.411832	 5.494030	-52.520410	 39.007590	 20.375220	 27.137650	-6.436097	 19.357820	 32.910680	-5.387433	 19.254410	-57.899170	 18.466570	 10.398590	 33.996140	-3.686892	 9.480865	 35.137450	-0.646625	 10.763470	-53.750010	-51.281710	-9.954659	 11.445530	 23.982090	-0.549087	 0.208112	 14.789960	-0.368235	 3.437935	-0.000006	 0.000001	 90.000000	-90.000000	 0.000000	-86.406780	 177.642400	 8.601227	 111.084700	-0.813313	 0.122417	-8.559153	 12.236280	 10.972310	 52.931600	-1.045101	 10.743230	-0.604093	-2.262662	 22.375880	-11.302420	-11.666870	-4.636809	 35.944760	 2.477604	-1.136251	 35.323130	 2.739605	 0.675539	-52.364380	-0.352786	 1.276010	 35.556880	-0.202300	 3.178487	 36.024460	 2.411833	 5.494030	-52.520430	 39.007590	 20.375220	 27.137660	-6.436093	 19.357820	 32.910680	-5.387434	 19.254410	-57.899150	 18.466580	 10.398590	 33.996150	-3.686890	 9.480865	 35.137440	-0.646626	 10.763470	-53.750010	-51.281720	-9.954665	 11.445540	 23.982080	-0.549088	 0.208112	 14.789960	-0.368242	 3.437935	 0.000000	 90.000000	 0.000000	 177.641500	 1.693646	 173.691800	-177.179200	-1.281514	-6.296279
-0.001963	 0.002454	-0.116118	 179.305400	 0.221747	-89.965800	-0.000021	 0.000000	 0.000000	-0.000021	 0.000000	 0.000000	-3.525149	 11.225090	 114.920700	-0.813313	 0.122417	-8.559153	-39.721840	-22.971270	 34.504040	-46.877240	 33.730030	 8.058828	-1.508344	 27.119350	 0.905986	-11.666870	-4.636808	 35.944750	 2.477603	-1.136251	 35.323120	 2.739605	 0.675539	-52.364350	-0.352786	 1.276010	 35.556880	-0.202301	 3.178486	 36.024460	 2.411832	 5.494030	-52.520410	 39.007590	 20.375220	 27.137650	-6.436097	 19.357820	 32.910680	-5.387433	 19.254410	-57.899170	 18.466570	 10.398590	 33.996140	-3.686892	 9.480865	 35.137450	-0.646625	 10.763470	-53.750010	-51.281710	-9.954659	 11.445530	 23.982090	-0.549087	 0.208112	 14.789960	-0.368235	 3.437935	-0.000006	 0.000001	 90.000000	-90.000000	 0.000000	-86.406780	 177.642400	 8.601227	 111.084700	-0.813313	 0.122417	-8.559153	 12.236280	 10.972310	 52.931600	-1.045101	 10.743230	-0.604093	-2.262662	 22.375880	-11.302420	-11.666870	-4.636809	 35.944760	 2.477604	-1.136251	 35.323130	 2.739605	 0.675539	-52.364380	-0.352786	 1.276010	 35.556880	-0.202300	 3.178487	 36.024460	 2.411833	 5.494030	-52.520430	 39.007590	 20.375220	 27.137660	-6.436093	 19.357820	 32.910680	-5.387434	 19.254410	-57.899150	 18.466580	 10.398590	 33.996150	-3.686890	 9.480865	 35.137440	-0.646626	 10.763470	-53.750010	-51.281720	-9.954665	 11.445540	 23.982080	-0.549088	 0.208112	 14.789960	-0.368242	 3.437935	 0.000000	 90.000000	 0.000000	 177.641500	 1.693646	 173.691800	-177.179200	-1.281514	-6.296279
-0.001963	 0.002454	-0.116118	 179.305400	 0.221747	-89.965800	-0.000021	 0.000000	 0.000000	-0.000021	 0.000000	 0.000000	-3.525149	 11.225090	 114.920700	-0.813313	 0.122417	-8.559153	-39.721840	-22.971270	 34.504040	-46.877240	 33.730030	 8.058828	-1.508344	 27.119350	 0.905986	-11.666870	-4.636808	 35.944750	 2.477603	-1.136251	 35.323120	 2.739605	 0.675539	-52.364350	-0.352786	 1.276010	 35.556880	-0.202301	 3.178486	 36.024460	 2.411832	 5.494030	-52.520410	 39.007590	 20.375220	 27.137650	-6.436097	 19.357820	 32.910680	-5.387433	 19.254410	-57.899170	 18.466570	 10.398590	 33.996140	-3.686892	 9.480865	 35.137450	-0.646625	 10.763470	-53.750010	-51.281710	-9.954659	 11.445530	 23.982090	-0.549087	 0.208112	 14.789960	-0.368235	 3.437935	-0.000006	 0.000001	 90.000000	-90.000000	 0.000000	-86.406780	 177.642400	 8.601227	 111.084700	-0.813313	 0.122417	-8.559153	 12.236280	 10.972310	 52.931600	-1.045101	 10.743230	-0.604093	-2.262662	 22.375880	-11.302420	-11.666870	-4.636809	 35.944760	 2.477604	-1.136251	 35.323130	 2.739605	 0.675539	-52.364380	-0.352786	 1.276010	 35.556880	-0.202300	 3.178487	 36.024460	 2.411833	 5.494030	-52.520430	 39.007590	 20.375220	 27.137660	-6.436093	 19.357820	 32.910680	-5.387434	 19.254410	-57.899150	 18.466580	 10.398590	 33.996150	-3.686890	 9.480865	 35.137440	-0.646626	 10.763470	-53.750010	-51.281720	-9.954665	 11.445540	 23.982080	-0.549088	 0.208112	 14.789960	-0.368242	 3.437935	 0.000000	 90.000000	 0.000000	 177.641500	 1.693646	 173.691800	-177.179200	-1.281514	-6.296279
-0.001963	 0.002454	-0.116118	 179.305400	 0.221747	-89.965800	-0.000021	 0.000000	 0.000000	-0.000021	 0.000000	 0.000000	-3.525149	 11.225090	 114.920700	-0.813313	 0.122417	-8.559153	-39.721840	-22.971270	 34.504040	-46.877240	 33.730030	 8.058828	-1.508344	 27.119350	 0.905986	-11.666870	-4.636808	 35.944750	 2.477603	-1.136251	 35.323120	 2.739605	 0.675539	-52.364350	-0.352786	 1.276010	 35.556880	-0.202301	 3.178486	 36.024460	 2.411832	 5.494030	-52.520410	 39.007590	 20.375220	 27.137650	-6.436097	 19.357820	 32.910680	-5.387433	 19.254410	-57.899170	 18.466570	 10.398590	 33.996140	-3.686892	 9.480865	 35.137450	-0.646625	 10.763470	-53.750010	-51.281710	-9.954659	 11.445530	 23.982090	-0.549087	 0.208112	 14.789960	-0.368235	 3.437935	-0.000006	 0.000001	 90.000000	-90.000000	 0.000000	-86.406780	 177.642400	 8.601227	 111.084700	-0.813313	 0.122417	-8.559153	 12.236280	 10.972310	 52.931600	-1.045101	 10.743230	-0.604093	-2.262662	 22.375880	-11.302420	-11.666870	-4.636809	 35.944760	 2.477604	-1.136251	 35.323130	 2.739605	 0.675539	-52.364380	-0.352786	 1.276010	 35.556880	-0.202300	 3.178487	 36.024460	 2.411833	 5.494030	-52.520430	 39.007590	 20.375220	 27.137660	-6.436093	 19.357820	 32.910680	-5.387434	 19.254410	-57.899150	 18.466580	 10.398590	 33.996150	-3.686890	 9.480865	 35.137440	-0.646626	 10.763470	-53.750010	-51.281720	-9.954665	 11.445540	 23.982080	-0.549088	 0.208112	 14.789960	-0.368242	 3.437935	 0.000000	 90.000000	 0.000000	 177.641500	 1.693646	 173.691800	-177.179200	-1.281514	-6.296279
-0.001963	 0.002454	-0.116118	 179.305400	 0.221747	-89.965800	-0.000021	 0.000000	 0.000000	-0.000021	 0.000000	 0.000000	-3.525149	 11.225090	 114.920700	-0.813313	 0.122417	-8.559153	-39.721840	-22.971270	 34.504040	-46.877240	 33.730030	 8.058828	-1.508344	 27.119350	 0.905986	-11.666870	-4.636808	 35.944750	 2.477603	-1.136251	 35.323120	 2.739605	 0.675539	-52.364350	-0.352786	 1.276010	 35.556880	-0.202301	 3.178486	 36.024460	 2.411832	 5.494030	-52.520410	 39.007590	 20.375220	 27.137650	-6.436097	 19.357820	 32.910680	-5.387433	 19.254410	-57.899170	 18.466570	 10.398590	 33.996140	-3.686892	 9.480865	 35.137450	-0.646625	 10.763470	-53.750010	-51.281710	-9.954659	 11.445530	 23.982090	-0.549087	 0.208112	 14.789960	-0.368235	 3.437935	-0.000006	 0.000001	 90.000000	-90.000000	 0.000000	-86.406780	 177.642400	 8.601227	 111.084700	-0.813313	 0.122417	-8.559153	 12.236280	 10.972310	 52.931600	-1.045101	 10.743230	-0.604093	-2.262662	 22.375880	-11.302420	-11.666870	-4.636809	 35.944760	 2.477604	-1.136251	 35.323130	 2.739605	 0.675539	-52.364380	-0.352786	 1.276010	 35.556880	-0.202300	 3.178487	 36.024460	 2.411833	 5.494030	-52.520430	 39.007590	 20.375220	 27.137660	-6.436093	 19.357820	 32.910680	-5.387434	 19.254410	-57.899150	 18.466580	 10.398590	 33.996150	-3.686890	 9.480865	 35.137440	-0.646626	 10.763470	-53.750010	-51.281720	-9.954665	 11.445540	 23.982080	-0.549088	 0.208112	 14.789960	-0.368242	 3.437935	 0.000000	 90.000000	 0.000000	 177.641500	 1.693646	 173.691800	-177.179200	-1.281514	-6.296279
-0.001963	 0.002454	-0.116118	 179.305400	 0.221747	-89.965800	-0.000021	 0.000000	 0.000000	-0.000021	 0.000000	 0.000000	-3.525149	 11.225090	 114.920700	-0.813313	 0.122417	-8.559153	-39.721840	-22.971270	 34.504040	-46.877240	 33.730030	 8.058828	-1.508344	 27.119350	 0.905986	-11.666870	-4.636808	 35.944750	 2.477603	-1.136251	 35.323120	 2.739605	 0.675539	-52.364350	-0.352786	 1.276010	 35.556880	-0.202301	 3.178486	 36.024460	 2.411832	 5.494030	-52.520410	 39.007590	 20.375220	 27.137650	-6.436097	 19.357820	 32.910680	-5.387433	 19.254410	-57.899170	 18.466570	 10.398590	 33.996140	-3.686892	 9.480865	 35.137450	-0.646625	 10.763470	-53.750010	-51.281710	-9.954659	 11.445530	 23.982090	-0.549087	 0.208112	 14.789960	-0.368235	 3.437935	-0.000006	 0.000001	 90.000000	-90.000000	 0.000000	-86.406780	 177.642400	 8.601227	 111.084700	-0.813313	 0.122417	-8.559153	 12.236280	 10.972310	 52.931600	-1.045101	 10.743230	-0.604093	-2.262662	 22.375880	-11.302420	-11.666870	-4.636809	 35.944760	 2.477604	-1.136251	 35.323130	 2.739605	 0.675539	-52.364380	-0.352786	 1.276010	 35.556880	-0.202300	 3.178487	 36.024460	 2.411833	 5.494030	-52.520430	 39.007590	 20.375220	 27.137660	-6.436093	 19.357820	 32.910680	-5.387434	 19.254410	-57.899150	 18.466580	 10.398590	 33.996150	-3.686890	 9.480865	 35.137440	-0.646626	 10.763470	-53.750010	-51.281720	-9.954665	 11.445540	 23.982080	-0.549088	 0.208112	 14.789960	-0.368242	 3.437935	 0.000000	 90.000000	 0.000000	 177.641500	 1.693646	 173.691800	-177.179200	-1.281514	-6.296279
-0.001963	 0.002454	-0.116118	 179.305400	 0.221747	-89.965800	-0.000021	 0.000000	 0.000000	-0.000021	 0.000000	 0.000000	-3.525149	 11.225090	 114.920700	-0.813313	 0.122417	-8.559153	-39.721840	-22.971270	 34.504040	-46.877240	 33.730030	 8.058828	-1.508344	 27.119350	 0.905986	-11.666870	-4.636808	 35.944750	 2.477603	-1.136251	 35.323120	 2.739605	 0.675539	-52.364350	-0.352786	 1.276010	 35.556880	-0.202301	 3.178486	 36.024460	 2.411832	 5.494030	-52.520410	 39.007590	 20.375220	 27.137650	-6.436097	 19.357820	 32.910680	-5.387433	 19.254410	-57.899170	 18.466570	 10.398590	 33.996140	-3.686892	 9.480865	 35.137450	-0.646625	 10.763470	-53.750010	-51.281710	-9.954659	 11.445530	 23.982090	-0.549087	 0.208112	 14.789960	-0.368235	 3.437935	-0.000006	 0.000001	 90.000000	-90.000000	 0.000000	-86.406780	 177.642400	 8.601227	 111.084700	-0.813313	 0.122417	-8.559153	 12.236280	 10.972310	 52.931600	-1.045101	 10.743230	-0.604093	-2.262662	 22.375880	-11.302420	-11.666870	-4.636809	 35.944760	 2.477604	-1.136251	 35.323130	 2.739605	 0.675539	-52.364380	-0.352786	 1.276010	 35.556880	-0.202300	 3.178487	 36.024460	 2.411833	 5.494030	-52.520430	 39.007590	 20.375220	 27.137660	-6.436093	 19.357820	 32.910680	-5.387434	 19.254410	-57.899150	 18.466580	 10.398590	 33.996150	-3.686890	 9.480865	 35.137440	-0.646626	 10.763470	-53.750010	-51.281720	-9.954665	 11.445540	 23.982080	-0.549088	 0.208112	 14.789960	-0.368242	 3.437935	 0.000000	 90.000000	 0.000000	 177.641500	 1.693646	 173.691800	-177.179200	-1.281514	-6.296279
-0.001963	 0.002454	-0.116118	 179.305400	 0.221747	-89.965800	-0.000021	 0.000000	 0.000000	-0.000021	 0.000000	 0.000000	-3.525149	 11.225090	 114.920700	-0.813313	 0.122417	-8.559153	-39.721840	-22.971270	 34.504040	-46.877240	 33.730030	 8.058828	-1.508344	 27.119350	 0.905986	-11.666870	-4.636808	 35.944750	 2.477603	-1.136251	 35.323120	 2.739605	 0.675539	-52.364350	-0.352786	 1.276010	 35.556880	-0.202301	 3.178486	 36.024460	 2.411832	 5.494030	-52.520410	 39.007590	 20.375220	 27.137650	-6.436097	 19.357820	 32.910680	-5.387433	 19.254410	-57.899170	 18.466570	 10.398590	 33.996140	-3.686892	 9.480865	 35.137450	-0.646625	 10.763470	-53.750010	-51.281710	-9.954659	 11.445530	 23.982090	-0.549087	 0.208112	 14.789960	-0.368235	 3.437935	-0.000006	 0.000001	 90.000000	-90.000000	 0.000000	-86.406780	 177.642400	 8.601227	 111.084700	-0.813313	 0.122417	-8.559153	 12.236280	 10.972310	 52.931600	-1.045101	 10.743230	-0.604093	-2.262662	 22.375880	-11.302420	-11.666870	-4.636809	 35.944760	 2.477604	-1.136251	 35.323130	 2.739605	 0.675539	-52.364380	-0.352786	 1.276010	 35.556880	-0.202300	 3.178487	 36.024460	 2.411833	 5.494030	-52.520430	 39.007590	 20.375220	 27.137660	-6.436093	 19.357820	 32.910680	-5.387434	 19.254410	-57.899150	 18.466580	 10.398590	 33.996150	-3.686890	 9.480865	 35.137440	-0.646626	 10.763470	-53.750010	-51.281720	-9.954665	 11.445540	 23.982080	-0.549088	 0.208112	 14.789960	-0.368242	 3.437935	 0.000000	 90.000000	 0.000000	 177.641500	 1.693646	 173.691800	-177.179200	-1.281514	-6.296279
-0.001963	 0.002454	-0.116118	 179.305400	 0.221747	-89.965800	-0.000021	 0.000000	 0.000000	-0.000021	 0.000000	 0.000000	-3.525149	 11.225090	 114.920700	-0.813313	 0.122417	-8.559153	-39.721840	-22.971270	 34.504040	-46.877240	 33.730030	 8.058828	-1.508344	 27.119350	 0.905986	-11.666870	-4.636808	 35.944750	 2.477603	-1.136251	 35.323120	 2.739605	 0.675539	-52.364350	-0.352786	 1.276010	 35.556880	-0.202301	 3.178486	 36.024460	 2.411832	 5.494030	-52.520410	 39.007590	 20.375220	 27.137650	-6.436097	 19.357820	 32.910680	-5.387433	 19.254410	-57.899170	 18.466570	 10.398590	 33.996140	-3.686892	 9.480865	 35.137450	-0.646625	 10.763470	-53.750010	-51.281710	-9.954659	 11.445530	 23.982090	-0.549087	 0.208112	 14.789960	-0.368235	 3.437935	-0.000006	 0.000001	 90.000000	-90.000000	 0.000000	-86.406780	 177.642400	 8.601227	 111.084700	-0.813313	 0.122417	-8.559153	 12.236280	 10.972310	 52.931600	-1.045101	 10.743230	-0.604093	-2.262662	 22.375880	-11.302420	-11.666870	-4.636809	 35.944760	 2.477604	-1.136251	 35.323130	 2.739605	 0.675539	-52.364380	-0.352786	 1.276010	 35.556880	-0.202300	 3.178487	 36.024460	 2.411833	 5.494030	-52.520430	 39.007590	 20.375220	 27.137660	-6.436093	 19.357820	 32.910680	-5.387434	 19.254410	-57.899150	 18.466580	 10.398590	 33.996150	-3.686890	 9.480865	 35.137440	-0.646626	 10.763470	-53.750010	-51.281720	-9.954665	 11.445540	 23.982080	-0.549088	 0.208112	 14.789960	-0.368242	 3.437935	 0.000000	 90.000000	 0.000000	 177.641500	 1.693646	 173.691800	-177.179200	-1.281514	-6.296279
-0.001963	 0.002454	-0.116118	 179.305400	 0.221747	-89.965800	-0.000021	 0.000000	 0.000000	-0.000021	 0.000000	 0.000000	-3.525149	 11.225090	 114.920700	-0.813313	 0.122417	-8.559153	-39.721840	-22.971270	 34.504040	-46.877240	 33.730030	 8.058828	-1.508344	 27.119350	 0.905986	-11.666870	-4.636808	 35.944750	 2.477603	-1.136251	 35.323120	 2.739605	 0.675539	-52.364350	-0.352786	 1.276010	 35.556880	-0.202301	 3.178486	 36.024460	 2.411832	 5.494030	-52.520410	 39.007590	 20.375220	 27.137650	-6.436097	 19.357820	 32.910680	-5.387433	 19.254410	-57.899170	 18.466570	 10.398590	 33.996140	-3.686892	 9.480865	 35.137450	-0.646625	 10.763470	-53.750010	-51.281710	-9.954659	 11.445530	 23.982090	-0.549087	 0.208112	 14.789960	-0.368235	 3.437935	-0.000006	 0.000001	 90.000000	-90.000000	 0.000000	-86.406780	 177.642400	 8.601227	 111.084700	-0.813313	 0.122417	-8.559153	 12.236280	 10.972310	 52.931600	-1.045101	 10.743230	-0.604093	-2.262662	 22.375880	-11.302420	-11.666870	-4.636809	 35.944760	 2.477604	-1.136251	 35.323130	 2.739605	 0.675539	-52.364380	-0.352786	 1.276010	 35.556880	-0.202300	 3.178487	 36.024460	 2.411833	 5.494030	-52.520430	 39.007590	 20.375220	 27.137660	-6.436093	 19.357820	 32.910680	-5.387434	 19.254410	-57.899150	 18.466580	 10.398590	 33.996150	-3.686890	 9.480865	 35.137440	-0.646626	 10.763470	-53.750010	-51.281720	-9.954665	 11.445540	 23.982080	-0.549088	 0.208112	 14.789960	-0.368242	 3.437935	 0.000000	 90.000000	 0.000000	 177.641500	 1.693646	 173.691800	-177.179200	-1.281514	-6.296279
-0.001963	 0.002454	-0.116118	 179.305400	 0.221747	-89.965800	-0.000021	 0.000000	 0.000000	-0.000021	 0.000000	 0.000000	-3.525149	 11.225090	 114.920700	-0.813313	 0.122417	-8.559153	-39.721840	-22.971270	 34.504040	-46.877240	 33.730030	 8.058828	-1.508344	 27.119350	 0.905986	-11.666870	-4.636808	 35.944750	 2.477603	-1.136251	 35.323120	 2.739605	 0.675539	-52.364350	-0.352786	 1.276010	 35.556880	-0.202301	 3.178486	 36.024460	 2.411832	 5.494030	-52.520410	 39.007590	 20.375220	 27.137650	-6.436097	 19.357820	 32.910680	-5.387433	 19.254410	-57.899170	 18.466570	 10.398590	 33.996140	-3.686892	 9.480865	 35.137450	-0.646625	 10.763470	-53.750010	-51.281710	-9.954659	 11.445530	 23.982090	-0.549087	 0.208112	 14.789960	-0.368235	 3.437935	-0.000006	 0.000001	 90.000000	-90.000000	 0.000000	-86.406780	 177.642400	 8.601227	 111.084700	-0.813313	 0.122417	-8.559153	 12.236280	 10.972310	 52.931600	-1.045101	 10.743230	-0.604093	-2.262662	 22.375880	-11.302420	-11.666870	-4.636809	 35.944760	 2.477604	-1.136251	 35.323130	 2.739605	 0.675539	-52.364380	-0.352786	 1.276010	 35.556880	-0.202300	 3.178487	 36.024460	 2.411833	 5.494030	-52.520430	 39.007590	 20.375220	 27.137660	-6.436093	 19.357820	 32.910680	-5.387434	 19.254410	-57.899150	 18.466580	 10.398590	 33.996150	-3.686890	 9.480865	 35.137440	-0.646626	 10.763470	-53.750010	-51.281720	-9.954665	 11.445540	 23.982080	-0.549088	 0.208112	 14.789960	-0.368242	 3.437935	 0.000000	 90.000000	 0.000000	 177.641500	 1.693646	 173.691800	-177.179200	-1.281514	-6.296279
-0.001963	 0.002454	-0.116118	 179.305400	 0.221747	-89.965800	-0.000021	 0.000000	 0.000000	-0.000021	 0.000000	 0.000000	-3.525149	 11.225090	 114.920700	-0.813313	 0.122417	-8.559153	-39.721840	-22.971270	 34.504040	-46.877240	 33.730030	 8.058828	-1.508344	 27.119350	 0.905986	-11.666870	-4.636808	 35.944750	 2.477603	-1.136251	 35.323120	 2.739605	 0.675539	-52.364350	-0.352786	 1.276010	 35.556880	-0.202301	 3.178486	 36.024460	 2.411832	 5.494030	-52.520410	 39.007590	 20.375220	 27.137650	-6.436097	 19.357820	 32.910680	-5.387433	 19.254410	-57.899170	 18.466570	 10.398590	 33.996140	-3.686892	 9.480865	 35.137450	-0.646625	 10.763470	-53.750010	-51.281710	-9.954659	 11.445530	 23.982090	-0.549087	 0.208112	 14.789960	-0.368235	 3.437935	-0.000006	 0.000001	 90.000000	-90.000000	 0.000000	-86.406780	 177.642400	 8.601227	 111.084700	-0.813313	 0.122417	-8.559153	 12.236280	 10.972310	 52.931600	-1.045101	 10.743230	-0.604093	-2.262662	 22.375880	-11.302420	-11.666870	-4.636809	 35.944760	 2.477604	-1.136251	 35.323130	 2.739605	 0.675539	-52.364380	-0.352786	 1.276010	 35.556880	-0.202300	 3.178487	 36.024460	 2.411833	 5.494030	-52.520430	 39.007590	 20.375220	 27.137660	-6.436093	 19.357820	 32.910680	-5.387434	 19.254410	-57.899150	 18.466580	 10.398590	 33.996150	-3.686890	 9.480865	 35.137440	-0.646626	 10.763470	-53.750010	-51.281720	-9.954665	 11.445540	 23.982080	-0.549088	 0.208112	 14.789960	-0.368242	 3.437935	 0.000000	 90.000000	 0.000000	 177.641500	 1.693646	 173.691800	-177.179200	-1.281514	-6.296279
-0.001963	 0.002454	-0.116118	 179.305400	 0.221747	-89.965800	-0.000021	 0.000000	 0.000000	-0.000021	 0.000000	 0.000000	-3.525149	 11.225090	 114.920700	-0.813313	 0.122417	-8.559153	-39.721840	-22.971270	 34.504040	-46.877240	 33.730030	 8.058828	-1.508344	 27.119350	 0.905986	-11.666870	-4.636808	 35.944750	 2.477603	-1.136251	 35.323120	 2.739605	 0.675539	-52.364350	-0.352786	 1.276010	 35.556880	-0.202301	 3.178486	 36.024460	 2.411832	 5.494030	-52.520410	 39.007590	 20.375220	 27.137650	-6.436097	 19.357820	 32.910680	-5.387433	 19.254410	-57.899170	 18.466570	 10.398590	 33.996140	-3.686892	 9.480865	 35.137450	-0.646625	 10.763470	-53.750010	-51.281710	-9.954659	 11.445530	 23.982090	-0.549087	 0.208112	 14.789960	-0.368235	 3.437935	-0.000006	 0.000001	 90.000000	-90.000000	 0.000000	-86.406780	 177.642400	 8.601227	 111.084700	-0.813313	 0.122417	-8.559153	 12.236280	 10.972310	 52.931600	-1.045101	 10.743230	-0.604093	-2.262662	 22.375880	-11.302420	-11.666870	-4.636809	 35.944760	 2.477604	-1.136251	 35.323130	 2.739605	 0.675539	-52.364380	-0.352786	 1.276010	 35.556880	-0.202300	 3.178487	 36.024460	 2.411833	 5.494030	-52.520430	 39.007590	 20.375220	 27.137660	-6.436093	 19.357820	 32.910680	-5.387434	 19.254410	-57.899150	 18.466580	 10.398590	 33.996150	-3.686890	 9.480865	 35.137440	-0.646626	 10.763470	-53.750010	-51.281720	-9.954665	 11.445540	 23.982080	-0.549088	 0.208112	 14.789960	-0.368242	 3.437935	 0.000000	 90.000000	 0.000000	 177.641500	 1.693646	 173.691800	-177.179200	-1.281514	-6.296279
-0.001963	 0.002454	-0.116118	 179.305400	 0.221747	-89.965800	-0.000021	 0.000000	 0.000000	-0.000021	 0.000000	 0.000000	-3.525149	 11.225090	 114.920700	-0.813313	 0.122417	-8.559153	-39.721840	-22.971270	 34.504040	-46.877240	 33.730030	 8.058828	-1.508344	 27.119350	 0.905986	-11.666870	-4.636808	 35.944750	 2.477603	-1.136251	 35.323120	 2.739605	 0.675539	-52.364350	-0.352786	 1.276010	 35.556880	-0.202301	 3.178486	 36.024460	 2.411832	 5.494030	-52.520410	 39.007590	 20.375220	 27.137650	-6.436097	 19.357820	 32.910680	-5.387433	 19.254410	-57.899170	 18.466570	 10.398590	 33.996140	-3.686892	 9.480865	 35.137450	-0.646625	 10.763470	-53.750010	-51.281710	-9.954659	 11.445530	 23.982090	-0.549087	 0.208112	 14.789960	-0.368235	 3.437935	-0.000006	 0.000001	 90.000000	-90.000000	 0.000000	-86.406780	 177.642400	 8.601227	 111.084700	-0.813313	 0.122417	-8.559153	 12.236280	 10.972310	 52.931600	-1.045101	 10.743230	-0.604093	-2.262662	 22.375880	-11.302420	-11.666870	-4.636809	 35.944760	 2.477604	-1.136251	 35.323130	 2.739605	 0.675539	-52.364380	-0.352786	 1.276010	 35.556880	-0.202300	 3.178487	 36.024460	 2.411833	 5.494030	-52.520430	 39.007590	 20.375220	 27.137660	-6.436093	 19.357820	 32.910680	-5.387434	 19.254410	-57.899150	 18.466580	 10.398590	 33.996150	-3.686890	 9.480865	 35.137440	-0.646626	 10.763470	-53.750010	-51.281720	-9.954665	 11.445540	 23.982080	-0.549088	 0.208112	 14.789960	-0.368242	 3.437935	 0.000000	 90.000000	 0.000000	 177.641500	 1.693646	 173.691800	-177.179200	-1.281514	-6.296279
-0.001963	 0.002454	-0.116118	 179.305400	 0.221747	-89.965800	-0.000021	 0.000000	 0.000000	-0.000021	 0.000000	 0.000000	-3.525149	 11.225090	 114.920700	-0.813313	 0.122417	-8.559153	-39.721840	-22.971270	 34.504040	-46.877240	 33.730030	 8.058828	-1.508344	 27.119350	 0.905986	-11.666870	-4.636808	 35.944750	 2.477603	-1.136251	 35.323120	 2.739605	 0.675539	-52.364350	-0.352786	 1.276010	 35.556880	-0.202301	 3.178486	 36.024460	 2.411832	 5.494030	-52.520410	 39.007590	 20.375220	 27.137650	-6.436097	 19.357820	 32.910680	-5.387433	 19.254410	-57.899170	 18.466570	 10.398590	 33.996140	-3.686892	 9.480865	 35.137450	-0.646625	 10.763470	-53.750010	-51.281710	-9.954659	 11.445530	 23.982090	-0.549087	 0.208112	 14.789960	-0.368235	 3.437935	-0.000006	 0.000001	 90.000000	-90.000000	 0.000000	-86.406780	 177.642400	 8.601227	 111.084700	-0.813313	 0.122417	-8.559153	 12.236280	 10.972310	 52.931600	-1.045101	 10.743230	-0.604093	-2.262662	 22.375880	-11.302420	-11.666870	-4.636809	 35.944760	 2.477604	-1.136251	 35.323130	 2.739605	 0.675539	-52.364380	-0.352786	 1.276010	 35.556880	-0.202300	 3.178487	 36.024460	 2.411833	 5.494030	-52.520430	 39.007590	 20.375220	 27.137660	-6.436093	 19.357820	 32.910680	-5.387434	 19.254410	-57.899150	 18.466580	 10.398590	 33.996150	-3.686890	 9.480865	 35.137440	-0.646626	 10.763470	-53.750010	-51.281720	-9.954665	 11.445540	 23.982080	-0.549088	 0.208112	 14.789960	-0.368242	 3.437935	 0.000000	 90.000000	 0.000000	 177.641500	 1.693646	 173.691800	-177.179200	-1.281514	-6.296279
-0.001963	 0.002454	-0.116118	 179.305400	 0.221747	-89.965800	-0.000021	 0.000000	 0.000000	-0.000021	 0.000000	 0.000000	-3.525149	 11.225090	 114.920700	-0.813313	 0.122417	-8.559153	-39.721840	-22.971270	 34.504040	-46.877240	 33.730030	 8.058828	-1.508344	 27.119350	 0.905986	-11.666870	-4.636808	 35.944750	 2.477603	-1.136251	 35.323120	 2.739605	 0.675539	-52.364350	-0.352786	 1.276010	 35.556880	-0.202301	 3.178486	 36.024460	 2.411832	 5.494030	-52.520410	 39.007590	 20.375220	 27.137650	-6.436097	 19.357820	 32.910680	-5.387433	 19.254410	-57.899170	 18.466570	 10.398590	 33.996140	-3.686892	 9.480865	 35.137450	-0.646625	 10.763470	-53.750010	-51.281710	-9.954659	 11.445530	 23.982090	-0.549087	 0.208112	 14.789960	-0.368235	 3.437935	-0.000006	 0.000001	 90.000000	-90.000000	 0.000000	-86.406780	 177.642400	 8.601227	 111.084700	-0.813313	 0.122417	-8.559153	 12.236280	 10.972310	 52.931600	-1.045101	 10.743230	-0.604093	-2.262662	 22.375880	-11.302420	-11.666870	-4.636809	 35.944760	 2.477604	-1.136251	 35.323130	 2.739605	 0.675539	-52.364380	-0.352786	 1.276010	 35.556880	-0.202300	 3.178487	 36.024460	 2.411833	 5.494030	-52.520430	 39.007590	 20.375220	 27.137660	-6.436093	 19.357820	 32.910680	-5.387434	 19.254410	-57.899150	 18.466580	 10.398590	 33.996150	-3.686890	 9.480865	 35.137440	-0.646626	 10.763470	-53.750010	-51.281720	-9.954665	 11.445540	 23.982080	-0.549088	 0.208112	 14.789960	-0.368242	 3.437935	 0.000000	 90.000000	 0.000000	 177.641500	 1.693646	 173.691800	-177.179200	-1.281514	-6.296279
-0.001963	 0.002454	-0.116118	 179.305400	 0.221747	-89.965800	-0.000021	 0.000000	 0.000000	-0.000021	 0.000000	 0.000000	-3.525149	 11.225090	 114.920700	-0.813313	 0.122417	-8.559153	-39.721840	-22.971270	 34.504040	-46.877240	 33.730030	 8.058828	-1.508344	 27.119350	 0.905986	-11.666870	-4.636808	 35.944750	 2.477603	-1.136251	 35.323120	 2.739605	 0.675539	-52.364350	-0.352786	 1.276010	 35.556880	-0.202301	 3.178486	 36.024460	 2.411832	 5.494030	-52.520410	 39.007590	 20.375220	 27.137650	-6.436097	 19.357820	 32.910680	-5.387433	 19.254410	-57.899170	 18.466570	 10.398590	 33.996140	-3.686892	 9.480865	 35.137450	-0.646625	 10.763470	-53.750010	-51.281710	-9.954659	 11.445530	 23.982090	-0.549087	 0.208112	 14.789960	-0.368235	 3.437935	-0.000006	 0.000001	 90.000000	-90.000000	 0.000000	-86.406780	 177.642400	 8.601227	 111.084700	-0.813313	 0.122417	-8.559153	 12.236280	 10.972310	 52.931600	-1.045101	 10.743230	-0.604093	-2.262662	 22.375880	-11.302420	-11.666870	-4.636809	 35.944760	 2.477604	-1.136251	 35.323130	 2.739605	 0.675539	-52.364380	-0.352786	 1.276010	 35.556880	-0.202300	 3.178487	 36.024460	 2.411833	 5.494030	-52.520430	 39.007590	 20.375220	 27.137660	-6.436093	 19.357820	 32.910680	-5.387434	 19.254410	-57.899150	 18.466580	 10.398590	 33.996150	-3.686890	 9.480865	 35.137440	-0.646626	 10.763470	-53.750010	-51.281720	-9.954665	 11.445540	 23.982080	-0.549088	 0.208112	 14.789960	-0.368242	 3.437935	 0.000000	 90.000000	 0.000000	 177.641500	 1.693646	 173.691800	-177.179200	-1.281514	-6.296279
-0.001963	 0.002454	-0.116118	 179.305400	 0.221747	-89.965800	-0.000021	 0.000000	 0.000000	-0.000021	 0.000000	 0.000000	-3.525149	 11.225090	 114.920700	-0.813313	 0.122417	-8.559153	-39.721840	-22.971270	 34.504040	-46.877240	 33.730030	 8.058828	-1.508344	 27.119350	 0.905986	-11.666870	-4.636808	 35.944750	 2.477603	-1.136251	 35.323120	 2.739605	 0.675539	-52.364350	-0.352786	 1.276010	 35.556880	-0.202301	 3.178486	 36.024460	 2.411832	 5.494030	-52.520410	 39.007590	 20.375220	 27.137650	-6.436097	 19.357820	 32.910680	-5.387433	 19.254410	-57.899170	 18.466570	 10.398590	 33.996140	-3.686892	 9.480865	 35.137450	-0.646625	 10.763470	-53.750010	-51.281710	-9.954659	 11.445530	 23.982090	-0.549087	 0.208112	 14.789960	-0.368235	 3.437935	-0.000006	 0.000001	 90.000000	-90.000000	 0.000000	-86.406780	 177.642400	 8.601227	 111.084700	-0.813313	 0.122417	-8.559153	 12.236280	 10.972310	 52.931600	-1.045101	 10.743230	-0.604093	-2.262662	 22.375880	-11.302420	-11.666870	-4.636809	 35.944760	 2.477604	-1.136251	 35.323130	 2.739605	 0.675539	-52.364380	-0.352786	 1.276010	 35.556880	-0.202300	 3.178487	 36.024460	 2.411833	 5.494030	-52.520430	 39.007590	 20.375220	 27.137660	-6.436093	 19.357820	 32.910680	-5.387434	 19.254410	-57.899150	 18.466580	 10.398590	 33.996150	-3.686890	 9.480865	 35.137440	-0.646626	 10.763470	-53.750010	-51.281720	-9.954665	 11.445540	 23.982080	-0.549088	 0.208112	 14.789960	-0.368242	 3.437935	 0.000000	 90.000000	 0.000000	 177.641500	 1.693646	 173.691800	-177.179200	-1.281514	-6.296279
-0.001963	 0.002454	-0.116118	 179.305400	 0.221747	-89.965800	-0.000021	 0.000000	 0.000000	-0.000021	 0.000000	 0.000000	-3.525149	 11.225090	 114.920700	-0.813313	 0.122417	-8.559153	-39.721840	-22.971270	 34.504040	-46.877240	 33.730030	 8.058828	-1.508344	 27.119350	 0.905986	-11.666870	-4.636808	 35.944750	 2.477603	-1.136251	 35.323120	 2.739605	 0.675539	-52.364350	-0.352786	 1.276010	 35.556880	-0.202301	 3.178486	 36.024460	 2.411832	 5.494030	-52.520410	 39.007590	 20.375220	 27.137650	-6.436097	 19.357820	 32.910680	-5.387433	 19.254410	-57.899170	 18.466570	 10.398590	 33.996140	-3.686892	 9.480865	 35.137450	-0.646625	 10.763470	-53.750010	-51.281710	-9.954659	 11.445530	 23.982090	-0.549087	 0.208112	 14.789960	-0.368235	 3.437935	-0.000006	 0.000001	 90.000000	-90.000000	 0.000000	-86.406780	 177.642400	 8.601227	 111.084700	-0.813313	 0.122417	-8.559153	 12.236280	 10.972310	 52.931600	-1.045101	 10.743230	-0.604093	-2.262662	 22.375880	-11.302420	-11.666870	-4.636809	 35.944760	 2.477604	-1.136251	 35.323130	 2.739605	 0.675539	-52.364380	-0.352786	 1.276010	 35.556880	-0.202300	 3.178487	 36.024460	 2.411833	 5.494030	-52.520430	 39.007590	 20.375220	 27.137660	-6.436093	 19.357820	 32.910680	-5.387434	 19.254410	-57.899150	 18.466580	 10.398590	 33.996150	-3.686890	 9.480865	 35.137440	-0.646626	 10.763470	-53.750010	-51.281720	-9.954665	 11.445540	 23.982080	-0.549088	 0.208112	 14.789960	-0.368242	 3.437935	 0.000000	 90.000000	 0.000000	 177.641500	 1.693646	 173.691800	-177.179200	-1.281514	-6.296279
-0.001963	 0.002454	-0.116118	 179.305400	 0.221747	-89.965800	-0.000021	 0.000000	 0.000000	-0.000021	 0.000000	 0.000000	-3.525149	 11.225090	 114.920700	-0.813313	 0.122417	-8.559153	-39.721840	-22.971270	 34.504040	-46.877240	 33.730030	 8.058828	-1.508344	 27.119350	 0.905986	-11.666870	-4.636808	 35.944750	 2.477603	-1.136251	 35.323120	 2.739605	 0.675539	-52.364350	-0.352786	 1.276010	 35.556880	-0.202301	 3.178486	 36.024460	 2.411832	 5.494030	-52.520410	 39.007590	 20.375220	 27.137650	-6.436097	 19.357820	 32.910680	-5.387433	 19.254410	-57.899170	 18.466570	 10.398590	 33.996140	-3.686892	 9.480865	 35.137450	-0.646625	 10.763470	-53.750010	-51.281710	-9.954659	 11.445530	 23.982090	-0.549087	 0.208112	 14.789960	-0.368235	 3.437935	-0.000006	 0.000001	 90.000000	-90.000000	 0.000000	-86.406780	 177.642400	 8.601227	 111.084700	-0.813313	 0.122417	-8.559153	 12.236280	 10.972310	 52.931600	-1.045101	 10.743230	-0.604093	-2.262662	 22.375880	-11.302420	-11.666870	-4.636809	 35.944760	 2.477604	-1.136251	 35.323130	 2.739605	 0.675539	-52.364380	-0.352786	 1.276010	 35.556880	-0.202300	 3.178487	 36.024460	 2.411833	 5.494030	-52.520430	 39.007590	 20.375220	 27.137660	-6.436093	 19.357820	 32.910680	-5.387434	 19.254410	-57.899150	 18.466580	 10.398590	 33.996150	-3.686890	 9.480865	 35.137440	-0.646626	 10.763470	-53.750010	-51.281720	-9.954665	 11.445540	 23.982080	-0.549088	 0.208112	 14.789960	-0.368242	 3.437935	 0.000000	 90.000000	 0.000000	 177.641500	 1.693646	 173.691800	-177.179200	-1.281514	-6.296279
-0.001963	 0.002454	-0.116118	 179.305400	 0.221747	-89.965800	-0.000021	 0.000000	 0.000000	-0.000021	 0.000000	 0.000000	-3.525149	 11.225090	 114.920700	-0.813313	 0.122417	-8.559153	-39.721840	-22.971270	 34.504040	-46.877240	 33.730030	 8.058828	-1.508344	 27.119350	 0.905986	-11.666870	-4.636808	 35.944750	 2.477603	-1.136251	 35.323120	 2.739605	 0.675539	-52.364350	-0.352786	 1.276010	 35.556880	-0.202301	 3.178486	 36.024460	 2.411832	 5.494030	-52.520410	 39.007590	 20.375220	 27.137650	-6.436097	 19.357820	 32.910680	-5.387433	 19.254410	-57.899170	 18.466570	 10.398590	 33.996140	-3.686892	 9.480865	 35.137450	-0.646625	 10.763470	-53.750010	-51.281710	-9.954659	 11.445530	 23.982090	-0.549087	 0.208112	 14.789960	-0.368235	 3.437935	-0.000006	 0.000001	 90.000000	-90.000000	 0.000000	-86.406780	 177.642400	 8.601227	 111.084700	-0.813313	 0.122417	-8.559153	 12.236280	 10.972310	 52.931600	-1.045101	 10.743230	-0.604093	-2.262662	 22.375880	-11.302420	-11.666870	-4.636809	 35.944760	 2.477604	-1.136251	 35.323130	 2.739605	 0.675539	-52.364380	-0.352786	 1.276010	 35.556880	-0.202300	 3.178487	 36.024460	 2.411833	 5.494030	-52.520430	 39.007590	 20.375220	 27.137660	-6.436093	 19.357820	 32.910680	-5.387434	 19.254410	-57.899150	 18.466580	 10.398590	 33.996150	-3.686890	 9.480865	 35.137440	-0.646626	 10.763470	-53.750010	-51.281720	-9.954665	 11.445540	 23.982080	-0.549088	 0.208112	 14.789960	-0.368242	 3.437935	 0.000000	 90.000000	 0.000000	 177.641500	 1.693646	 173.691800	-177.179200	-1.281514	-6.296279
-0.001963	 0.002454	-0.116118	 179.305400	 0.221747	-89.965800	-0.000021	 0.000000	 0.000000	-0.000021	 0.000000	 0.000000	-3.525149	 11.225090	 114.920700	-0.813313	 0.122417	-8.559153	-39.721840	-22.971270	 34.504040	-46.877240	 33.730030	 8.058828	-1.508344	 27.119350	 0.905986	-11.666870	-4.636808	 35.944750	 2.477603	-1.136251	 35.323120	 2.739605	 0.675539	-52.364350	-0.352786	 1.276010	 35.556880	-0.202301	 3.178486	 36.024460	 2.411832	 5.494030	-52.520410	 39.007590	 20.375220	 27.137650	-6.436097	 19.357820	 32.910680	-5.387433	 19.254410	-57.899170	 18.466570	 10.398590	 33.996140	-3.686892	 9.480865	 35.137450	-0.646625	 10.763470	-53.750010	-51.281710	-9.954659	 11.445530	 23.982090	-0.549087	 0.208112	 14.789960	-0.368235	 3.437935	-0.000006	 0.000001	 90.000000	-90.000000	 0.000000	-86.406780	 177.642400	 8.601227	 111.084700	-0.813313	 0.122417	-8.559153	 12.236280	 10.972310	 52.931600	-1.045101	 10.743230	-0.604093	-2.262662	 22.375880	-11.302420	-11.666870	-4.636809	 35.944760	 2.477604	-1.136251	 35.323130	 2.739605	 0.675539	-52.364380	-0.352786	 1.276010	 35.556880	-0.202300	 3.178487	 36.024460	 2.411833	 5.494030	-52.520430	 39.007590	 20.375220	 27.137660	-6.436093	 19.357820	 32.910680	-5.387434	 19.254410	-57.899150	 18.466580	 10.398590	 33.996150	-3.686890	 9.480865	 35.137440	-0.646626	 10.763470	-53.750010	-51.281720	-9.954665	 11.445540	 23.982080	-0.549088	 0.208112	 14.789960	-0.368242	 3.437935	 0.000000	 90.000000	 0.000000	 177.641500	 1.693646	 173.691800	-177.179200	-1.281514	-6.296279
-0.001963	 0.002454	-0.116118	 179.305400	 0.221747	-89.965800	-0.000021	 0.000000	 0.000000	-0.000021	 0.000000	 0.000000	-3.525149	 11.225090	 114.920700	-0.813313	 0.122417	-8.559153	-39.721840	-22.971270	 34.504040	-46.877240	 33.730030	 8.058828	-1.508344	 27.119350	 0.905986	-11.666870	-4.636808	 35.944750	 2.477603	-1.136251	 35.323120	 2.739605	 0.675539	-52.364350	-0.352786	 1.276010	 35.556880	-0.202301	 3.178486	 36.024460	 2.411832	 5.494030	-52.520410	 39.007590	 20.375220	 27.137650	-6.436097	 19.357820	 32.910680	-5.387433	 19.254410	-57.899170	 18.466570	 10.398590	 33.996140	-3.686892	 9.480865	 35.137450	-0.646625	 10.763470	-53.750010	-51.281710	-9.954659	 11.445530	 23.982090	-0.549087	 0.208112	 14.789960	-0.368235	 3.437935	-0.000006	 0.000001	 90.000000	-90.000000	 0.000000	-86.406780	 177.642400	 8.601227	 111.084700	-0.813313	 0.122417	-8.559153	 12.236280	 10.972310	 52.931600	-1.045101	 10.743230	-0.604093	-2.262662	 22.375880	-11.302420	-11.666870	-4.636809	 35.944760	 2.477604	-1.136251	 35.323130	 2.739605	 0.675539	-52.364380	-0.352786	 1.276010	 35.556880	-0.202300	 3.178487	 36.024460	 2.411833	 5.494030	-52.520430	 39.007590	 20.375220	 27.137660	-6.436093	 19.357820	 32.910680	-5.387434	 19.254410	-57.899150	 18.466580	 10.398590	 33.996150	-3.686890	 9.480865	 35.137440	-0.646626	 10.763470	-53.750010	-51.281720	-9.954665	 11.445540	 23.982080	-0.549088	 0.208112	 14.789960	-0.368242	 3.437935	 0.000000	 90.000000	 0.000000	 177.641500	 1.693646	 173.691800	-177.179200	-1.281514	-6.296279
-0.001963	 0.002454	-0.116118	 179.305400	 0.221747	-89.965800	-0.000021	 0.000000	 0.000000	-0.000021	 0.000000	 0.000000	-3.525149	 11.225090	 114.920700	-0.813313	 0.122417	-8.559153	-39.721840	-22.971270	 34.504040	-46.877240	 33.730030	 8.058828	-1.508344	 27.119350	 0.905986	-11.666870	-4.636808	 35.944750	 2.477603	-1.136251	 35.323120	 2.739605	 0.675539	-52.364350	-0.352786	 1.276010	 35.556880	-0.202301	 3.178486	 36.024460	 2.411832	 5.494030	-52.520410	 39.007590	 20.375220	 27.137650	-6.436097	 19.357820	 32.910680	-5.387433	 19.254410	-57.899170	 18.466570	 10.398590	 33.996140	-3.686892	 9.480865	 35.137450	-0.646625	 10.763470	-53.750010	-51.281710	-9.954659	 11.445530	 23.982090	-0.549087	 0.208112	 14.789960	-0.368235	 3.437935	-0.000006	 0.000001	 90.000000	-90.000000	 0.000000	-86.406780	 177.642400	 8.601227	 111.084700	-0.813313	 0.122417	-8.559153	 12.236280	 10.972310	 52.931600	-1.045101	 10.743230	-0.604093	-2.262662	 22.375880	-11.302420	-11.666870	-4.636809	 35.944760	 2.477604	-1.136251	 35.323130	 2.739605	 0.675539	-52.364380	-0.352786	 1.276010	 35.556880	-0.202300	 3.178487	 36.024460	 2.411833	 5.494030	-52.520430	 39.007590	 20.375220	 27.137660	-6.436093	 19.357820	 32.910680	-5.387434	 19.254410	-57.899150	 18.466580	 10.398590	 33.996150	-3.686890	 9.480865	 35.137440	-0.646626	 10.763470	-53.750010	-51.281720	-9.954665	 11.445540	 23.982080	-0.549088	 0.208112	 14.789960	-0.368242	 3.437935	 0.000000	 90.000000	 0.000000	 177.641500	 1.693646	 173.691800	-177.179200	-1.281514	-6.296279
-0.001963	 0.002454	-0.116118	 179.305400	 0.221747	-89.965800	-0.000021	 0.000000	 0.000000	-0.000021	 0.000000	 0.000000	-3.525149	 11.225090	 114.920700	-0.813313	 0.122417	-8.559153	-39.721840	-22.971270	 34.504040	-46.877240	 33.730030	 8.058828	-1.508344	 27.119350	 0.905986	-11.666870	-4.636808	 35.944750	 2.477603	-1.136251	 35.323120	 2.739605	 0.675539	-52.364350	-0.352786	 1.276010	 35.556880	-0.202301	 3.178486	 36.024460	 2.411832	 5.494030	-52.520410	 39.007590	 20.375220	 27.137650	-6.436097	 19.357820	 32.910680	-5.387433	 19.254410	-57.899170	 18.466570	 10.398590	 33.996140	-3.686892	 9.480865	 35.137450	-0.646625	 10.763470	-53.750010	-51.281710	-9.954659	 11.445530	 23.982090	-0.549087	 0.208112	 14.789960	-0.368235	 3.437935	-0.000006	 0.000001	 90.000000	-90.000000	 0.000000	-86.406780	 177.642400	 8.601227	 111.084700	-0.813313	 0.122417	-8.559153	 12.236280	 10.972310	 52.931600	-1.045101	 10.743230	-0.604093	-2.262662	 22.375880	-11.302420	-11.666870	-4.636809	 35.944760	 2.477604	-1.136251	 35.323130	 2.739605	 0.675539	-52.364380	-0.352786	 1.276010	 35.556880	-0.202300	 3.178487	 36.024460	 2.411833	 5.494030	-52.520430	 39.007590	 20.375220	 27.137660	-6.436093	 19.357820	 32.910680	-5.387434	 19.254410	-57.899150	 18.466580	 10.398590	 33.996150	-3.686890	 9.480865	 35.137440	-0.646626	 10.763470	-53.750010	-51.281720	-9.954665	 11.445540	 23.982080	-0.549088	 0.208112	 14.789960	-0.368242	 3.437935	 0.000000	 90.000000	 0.000000	 177.641500	 1.693646	 173.691800	-177.179200	-1.281514	-6.296279
-0.001963	 0.002454	-0.116118	 179.305400	 0.221747	-89.965800	-0.000021	 0.000000	 0.000000	-0.000021	 0.000000	 0.000000	-3.525149	 11.225090	 114.920700	-0.813313	 0.122417	-8.559153	-39.721840	-22.971270	 34.504040	-46.877240	 33.730030	 8.058828	-1.508344	 27.119350	 0.905986	-11.666870	-4.636808	 35.944750	 2.477603	-1.136251	 35.323120	 2.739605	 0.675539	-52.364350	-0.352786	 1.276010	 35.556880	-0.202301	 3.178486	 36.024460	 2.411832	 5.494030	-52.520410	 39.007590	 20.375220	 27.137650	-6.436097	 19.357820	 32.910680	-5.387433	 19.254410	-57.899170	 18.466570	 10.398590	 33.996140	-3.686892	 9.480865	 35.137450	-0.646625	 10.763470	-53.750010	-51.281710	-9.954659	 11.445530	 23.982090	-0.549087	 0.208112	 14.789960	-0.368235	 3.437935	-0.000006	 0.000001	 90.000000	-90.000000	 0.000000	-86.406780	 177.642400	 8.601227	 111.084700	-0.813313	 0.122417	-8.559153	 12.236280	 10.972310	 52.931600	-1.045101	 10.743230	-0.604093	-2.262662	 22.375880	-11.302420	-11.666870	-4.636809	 35.944760	 2.477604	-1.136251	 35.323130	 2.739605	 0.675539	-52.364380	-0.352786	 1.276010	 35.556880	-0.202300	 3.178487	 36.024460	 2.411833	 5.494030	-52.520430	 39.007590	 20.375220	 27.137660	-6.436093	 19.357820	 32.910680	-5.387434	 19.254410	-57.899150	 18.466580	 10.398590	 33.996150	-3.686890	 9.480865	 35.137440	-0.646626	 10.763470	-53.750010	-51.281720	-9.954665	 11.445540	 23.982080	-0.549088	 0.208112	 14.789960	-0.368242	 3.437935	 0.000000	 90.000000	 0.000000	 177.641500	 1.693646	 173.691800	-177.179200	-1.281514	-6.296279
-0.001963	 0.002454	-0.116118	 179.305400	 0.221747	-89.965800	-0.000021	 0.000000	 0.000000	-0.000021	 0.000000	 0.000000	-3.525149	 11.225090	 114.920700	-0.813313	 0.122417	-8.559153	-39.721840	-22.971270	 34.504040	-46.877240	 33.730030	 8.058828	-1.508344	 27.119350	 0.905986	-11.666870	-4.636808	 35.944750	 2.477603	-1.136251	 35.323120	 2.739605	 0.675539	-52.364350	-0.352786	 1.276010	 35.556880	-0.202301	 3.178486	 36.024460	 2.411832	 5.494030	-52.520410	 39.007590	 20.375220	 27.137650	-6.436097	 19.357820	 32.910680	-5.387433	 19.254410	-57.899170	 18.466570	 10.398590	 33.996140	-3.686892	 9.480865	 35.137450	-0.646625	 10.763470	-53.750010	-51.281710	-9.954659	 11.445530	 23.982090	-0.549087	 0.208112	 14.789960	-0.368235	 3.437935	-0.000006	 0.000001	 90.000000	-90.000000	 0.000000	-86.406780	 177.642400	 8.601227	 111.084700	-0.813313	 0.122417	-8.559153	 12.236280	 10.972310	 52.931600	-1.045101	 10.743230	-0.604093	-2.262662	 22.375880	-11.302420	-11.666870	-4.636809	 35.944760	 2.477604	-1.136251	 35.323130	 2.739605	 0.675539	-52.364380	-0.352786	 1.276010	 35.556880	-0.202300	 3.178487	 36.024460	 2.411833	 5.494030	-52.520430	 39.007590	 20.375220	 27.137660	-6.436093	 19.357820	 32.910680	-5.387434	 19.254410	-57.899150	 18.466580	 10.398590	 33.996150	-3.686890	 9.480865	 35.137440	-0.646626	 10.763470	-53.750010	-51.281720	-9.954665	 11.445540	 23.982080	-0.549088	 0.208112	 14.789960	-0.368242	 3.437935	 0.000000	 90.000000	 0.000000	 177.641500	 1.693646	 173.691800	-177.179200	-1.281514	-6.296279
-0.001963	 0.002454	-0.116118	 179.305400	 0.221747	-89.965800	-0.000021	 0.000000	 0.000000	-0.000021	 0.000000	 0.000000	-3.525149	 11.225090	 114.920700	-0.813313	 0.122417	-8.559153	-39.721840	-22.971270	 34.504040	-46.877240	 33.730030	 8.058828	-1.508344	 27.119350	 0.905986	-11.666870	-4.636808	 35.944750	 2.477603	-1.136251	 35.323120	 2.739605	 0.675539	-52.364350	-0.352786	 1.276010	 35.556880	-0.202301	 3.178486	 36.024460	 2.411832	 5.494030	-52.520410	 39.007590	 20.375220	 27.137650	-6.436097	 19.357820	 32.910680	-5.387433	 19.254410	-57.899170	 18.466570	 10.398590	 33.996140	-3.686892	 9.480865	 35.137450	-0.646625	 10.763470	-53.750010	-51.281710	-9.954659	 11.445530	 23.982090	-0.549087	 0.208112	 14.789960	-0.368235	 3.437935	-0.000006	 0.000001	 90.000000	-90.000000	 0.000000	-86.406780	 177.642400	 8.601227	 111.084700	-0.813313	 0.122417	-8.559153	 12.236280	 10.972310	 52.931600	-1.045101	 10.743230	-0.604093	-2.262662	 22.375880	-11.302420	-11.666870	-4.636809	 35.944760	 2.477604	-1.136251	 35.323130	 2.739605	 0.675539	-52.364380	-0.352786	 1.276010	 35.556880	-0.202300	 3.178487	 36.024460	 2.411833	 5.494030	-52.520430	 39.007590	 20.375220	 27.137660	-6.436093	 19.357820	 32.910680	-5.387434	 19.254410	-57.899150	 18.466580	 10.398590	 33.996150	-3.686890	 9.480865	 35.137440	-0.646626	 10.763470	-53.750010	-51.281720	-9.954665	 11.445540	 23.982080	-0.549088	 0.208112	 14.789960	-0.368242	 3.437935	 0.000000	 90.000000	 0.000000	 177.641500	 1.693646	 173.691800	-177.179200	-1.281514	-6.296279
-0.001963	 0.002454	-0.116118	 179.305400	 0.221747	-89.965800	-0.000021	 0.000000	 0.000000	-0.000021	 0.000000	 0.000000	-3.525149	 11.225090	 114.920700	-0.813313	 0.122417	-8.559153	-39.721840	-22.971270	 34.504040	-46.877240	 33.730030	 8.058828	-1.508344	 27.119350	 0.905986	-11.666870	-4.636808	 35.944750	 2.477603	-1.136251	 35.323120	 2.739605	 0.675539	-52.364350	-0.352786	 1.276010	 35.556880	-0.202301	 3.178486	 36.024460	 2.411832	 5.494030	-52.520410	 39.007590	 20.375220	 27.137650	-6.436097	 19.357820	 32.910680	-5.387433	 19.254410	-57.899170	 18.466570	 10.398590	 33.996140	-3.686892	 9.480865	 35.137450	-0.646625	 10.763470	-53.750010	-51.281710	-9.954659	 11.445530	 23.982090	-0.549087	 0.208112	 14.789960	-0.368235	 3.437935	-0.000006	 0.000001	 90.000000	-90.000000	 0.000000	-86.406780	 177.642400	 8.601227	 111.084700	-0.813313	 0.122417	-8.559153	 12.236280	 10.972310	 52.931600	-1.045101	 10.743230	-0.604093	-2.262662	 22.375880	-11.302420	-11.666870	-4.636809	 35.944760	 2.477604	-1.136251	 35.323130	 2.739605	 0.675539	-52.364380	-0.352786	 1.276010	 35.556880	-0.202300	 3.178487	 36.024460	 2.411833	 5.494030	-52.520430	 39.007590	 20.375220	 27.137660	-6.436093	 19.357820	 32.910680	-5.387434	 19.254410	-57.899150	 18.466580	 10.398590	 33.996150	-3.686890	 9.480865	 35.137440	-0.646626	 10.763470	-53.750010	-51.281720	-9.954665	 11.445540	 23.982080	-0.549088	 0.208112	 14.789960	-0.368242	 3.437935	 0.000000	 90.000000	 0.000000	 177.641500	 1.693646	 173.691800	-177.179200	-1.281514	-6.296279
-0.001963	 0.002454	-0.116118	 179.305400	 0.221747	-89.965800	-0.000021	 0.000000	 0.000000	-0.000021	 0.000000	 0.000000	-3.525149	 11.225090	 114.920700	-0.813313	 0.122417	-8.559153	-39.721840	-22.971270	 34.504040	-46.877240	 33.730030	 8.058828	-1.508344	 27.119350	 0.905986	-11.666870	-4.636808	 35.944750	 2.477603	-1.136251	 35.323120	 2.739605	 0.675539	-52.364350	-0.352786	 1.276010	 35.556880	-0.202301	 3.178486	 36.024460	 2.411832	 5.494030	-52.520410	 39.007590	 20.375220	 27.137650	-6.436097	 19.357820	 32.910680	-5.387433	 19.254410	-57.899170	 18.466570	 10.398590	 33.996140	-3.686892	 9.480865	 35.137450	-0.646625	 10.763470	-53.750010	-51.281710	-9.954659	 11.445530	 23.982090	-0.549087	 0.208112	 14.789960	-0.368235	 3.437935	-0.000006	 0.000001	 90.000000	-90.000000	 0.000000	-86.406780	 177.642400	 8.601227	 111.084700	-0.813313	 0.122417	-8.559153	 12.236280	 10.972310	 52.931600	-1.045101	 10.743230	-0.604093	-2.262662	 22.375880	-11.302420	-11.666870	-4.636809	 35.944760	 2.477604	-1.136251	 35.323130	 2.739605	 0.675539	-52.364380	-0.352786	 1.276010	 35.556880	-0.202300	 3.178487	 36.024460	 2.411833	 5.494030	-52.520430	 39.007590	 20.375220	 27.137660	-6.436093	 19.357820	 32.910680	-5.387434	 19.254410	-57.899150	 18.466580	 10.398590	 33.996150	-3.686890	 9.480865	 35.137440	-0.646626	 10.763470	-53.750010	-51.281720	-9.954665	 11.445540	 23.982080	-0.549088	 0.208112	 14.789960	-0.368242	 3.437935	 0.000000	 90.000000	 0.000000	 177.641500	 1.693646	 173.691800	-177.179200	-1.281514	-6.296279
-0.001963	 0.002454	-0.116118	 179.305400	 0.221747	-89.965800	-0.000021	 0.000000	 0.000000	-0.000021	 0.000000	 0.000000	-3.525149	 11.225090	 114.920700	-0.813313	 0.122417	-8.559153	-39.721840	-22.971270	 34.504040	-46.877240	 33.730030	 8.058828	-1.508344	 27.119350	 0.905986	-11.666870	-4.636808	 35.944750	 2.477603	-1.136251	 35.323120	 2.739605	 0.675539	-52.364350	-0.352786	 1.276010	 35.556880	-0.202301	 3.178486	 36.024460	 2.411832	 5.494030	-52.520410	 39.007590	 20.375220	 27.137650	-6.436097	 19.357820	 32.910680	-5.387433	 19.254410	-57.899170	 18.466570	 10.398590	 33.996140	-3.686892	 9.480865	 35.137450	-0.646625	 10.763470	-53.750010	-51.281710	-9.954659	 11.445530	 23.982090	-0.549087	 0.208112	 14.789960	-0.368235	 3.437935	-0.000006	 0.000001	 90.000000	-90.000000	 0.000000	-86.406780	 177.642400	 8.601227	 111.084700	-0.813313	 0.122417	-8.559153	 12.236280	 10.972310	 52.931600	-1.045101	 10.743230	-0.604093	-2.262662	 22.375880	-11.302420	-11.666870	-4.636809	 35.944760	 2.477604	-1.136251	 35.323130	 2.739605	 0.675539	-52.364380	-0.352786	 1.276010	 35.556880	-0.202300	 3.178487	 36.024460	 2.411833	 5.494030	-52.520430	 39.007590	 20.375220	 27.137660	-6.436093	 19.357820	 32.910680	-5.387434	 19.254410	-57.899150	 18.466580	 10.398590	 33.996150	-3.686890	 9.480865	 35.137440	-0.646626	 10.763470	-53.750010	-51.281720	-9.954665	 11.445540	 23.982080	-0.549088	 0.208112	 14.789960	-0.368242	 3.437935	 0.000000	 90.000000	 0.000000	 177.641500	 1.693646	 173.691800	-177.179200	-1.281514	-6.296279
-0.001963	 0.002454	-0.116118	 179.305400	 0.221747	-89.965800	-0.000021	 0.000000	 0.000000	-0.000021	 0.000000	 0.000000	-3.525149	 11.225090	 114.920700	-0.813313	 0.122417	-8.559153	-39.721840	-22.971270	 34.504040	-46.877240	 33.730030	 8.058828	-1.508344	 27.119350	 0.905986	-11.666870	-4.636808	 35.944750	 2.477603	-1.136251	 35.323120	 2.739605	 0.675539	-52.364350	-0.352786	 1.276010	 35.556880	-0.202301	 3.178486	 36.024460	 2.411832	 5.494030	-52.520410	 39.007590	 20.375220	 27.137650	-6.436097	 19.357820	 32.910680	-5.387433	 19.254410	-57.899170	 18.466570	 10.398590	 33.996140	-3.686892	 9.480865	 35.137450	-0.646625	 10.763470	-53.750010	-51.281710	-9.954659	 11.445530	 23.982090	-0.549087	 0.208112	 14.789960	-0.368235	 3.437935	-0.000006	 0.000001	 90.000000	-90.000000	 0.000000	-86.406780	 177.642400	 8.601227	 111.084700	-0.813313	 0.122417	-8.559153	 12.236280	 10.972310	 52.931600	-1.045101	 10.743230	-0.604093	-2.262662	 22.375880	-11.302420	-11.666870	-4.636809	 35.944760	 2.477604	-1.136251	 35.323130	 2.739605	 0.675539	-52.364380	-0.352786	 1.276010	 35.556880	-0.202300	 3.178487	 36.024460	 2.411833	 5.494030	-52.520430	 39.007590	 20.375220	 27.137660	-6.436093	 19.357820	 32.910680	-5.387434	 19.254410	-57.899150	 18.466580	 10.398590	 33.996150	-3.686890	 9.480865	 35.137440	-0.646626	 10.763470	-53.750010	-51.281720	-9.954665	 11.445540	 23.982080	-0.549088	 0.208112	 14.789960	-0.368242	 3.437935	 0.000000	 90.000000	 0.000000	 177.641500	 1.693646	 173.691800	-177.179200	-1.281514	-6.296279
-0.001963	 0.002454	-0.116118	 179.305400	 0.221747	-89.965800	-0.000021	 0.000000	 0.000000	-0.000021	 0.000000	 0.000000	-3.525149	 11.225090	 114.920700	-0.813313	 0.122417	-8.559153	-39.721840	-22.971270	 34.504040	-46.877240	 33.730030	 8.058828	-1.508344	 27.119350	 0.905986	-11.666870	-4.636808	 35.944750	 2.477603	-1.136251	 35.323120	 2.739605	 0.675539	-52.364350	-0.352786	 1.276010	 35.556880	-0.202301	 3.178486	 36.024460	 2.411832	 5.494030	-52.520410	 39.007590	 20.375220	 27.137650	-6.436097	 19.357820	 32.910680	-5.387433	 19.254410	-57.899170	 18.466570	 10.398590	 33.996140	-3.686892	 9.480865	 35.137450	-0.646625	 10.763470	-53.750010	-51.281710	-9.954659	 11.445530	 23.982090	-0.549087	 0.208112	 14.789960	-0.368235	 3.437935	-0.000006	 0.000001	 90.000000	-90.000000	 0.000000	-86.406780	 177.642400	 8.601227	 111.084700	-0.813313	 0.122417	-8.559153	 12.236280	 10.972310	 52.931600	-1.045101	 10.743230	-0.604093	-2.262662	 22.375880	-11.302420	-11.666870	-4.636809	 35.944760	 2.477604	-1.136251	 35.323130	 2.739605	 0.675539	-52.364380	-0.352786	 1.276010	 35.556880	-0.202300	 3.178487	 36.024460	 2.411833	 5.494030	-52.520430	 39.007590	 20.375220	 27.137660	-6.436093	 19.357820	 32.910680	-5.387434	 19.254410	-57.899150	 18.466580	 10.398590	 33.996150	-3.686890	 9.480865	 35.137440	-0.646626	 10.763470	-53.750010	-51.281720	-9.954665	 11.445540	 23.982080	-0.549088	 0.208112	 14.789960	-0.368242	 3.437935	 0.000000	 90.000000	 0.000000	 177.641500	 1.693646	 173.691800	-177.179200	-1.281514	-6.296279
-0.001963	 0.002454	-0.116118	 179.305400	 0.221747	-89.965800	-0.000021	 0.000000	 0.000000	-0.000021	 0.000000	 0.000000	-3.525149	 11.225090	 114.920700	-0.813313	 0.122417	-8.559153	-39.721840	-22.971270	 34.504040	-46.877240	 33.730030	 8.058828	-1.508344	 27.119350	 0.905986	-11.666870	-4.636808	 35.944750	 2.477603	-1.136251	 35.323120	 2.739605	 0.675539	-52.364350	-0.352786	 1.276010	 35.556880	-0.202301	 3.178486	 36.024460	 2.411832	 5.494030	-52.520410	 39.007590	 20.375220	 27.137650	-6.436097	 19.357820	 32.910680	-5.387433	 19.254410	-57.899170	 18.466570	 10.398590	 33.996140	-3.686892	 9.480865	 35.137450	-0.646625	 10.763470	-53.750010	-51.281710	-9.954659	 11.445530	 23.982090	-0.549087	 0.208112	 14.789960	-0.368235	 3.437935	-0.000006	 0.000001	 90.000000	-90.000000	 0.000000	-86.406780	 177.642400	 8.601227	 111.084700	-0.813313	 0.122417	-8.559153	 12.236280	 10.972310	 52.931600	-1.045101	 10.743230	-0.604093	-2.262662	 22.375880	-11.302420	-11.666870	-4.636809	 35.944760	 2.477604	-1.136251	 35.323130	 2.739605	 0.675539	-52.364380	-0.352786	 1.276010	 35.556880	-0.202300	 3.178487	 36.024460	 2.411833	 5.494030	-52.520430	 39.007590	 20.375220	 27.137660	-6.436093	 19.357820	 32.910680	-5.387434	 19.254410	-57.899150	 18.466580	 10.398590	 33.996150	-3.686890	 9.480865	 35.137440	-0.646626	 10.763470	-53.750010	-51.281720	-9.954665	 11.445540	 23.982080	-0.549088	 0.208112	 14.789960	-0.368242	 3.437935	 0.000000	 90.000000	 0.000000	 177.641500	 1.693646	 173.691800	-177.179200	-1.281514	-6.296279
-0.001963	 0.002454	-0.116118	 179.305400	 0.221747	-89.965800	-0.000021	 0.000000	 0.000000	-0.000021	 0.000000	 0.000000	-3.525149	 11.225090	 114.920700	-0.813313	 0.122417	-8.559153	-39.721840	-22.971270	 34.504040	-46.877240	 33.730030	 8.058828	-1.508344	 27.119350	 0.905986	-11.666870	-4.636808	 35.944750	 2.477603	-1.136251	 35.323120	 2.739605	 0.675539	-52.364350	-0.352786	 1.276010	 35.556880	-0.202301	 3.178486	 36.024460	 2.411832	 5.494030	-52.520410	 39.007590	 20.375220	 27.137650	-6.436097	 19.357820	 32.910680	-5.387433	 19.254410	-57.899170	 18.466570	 10.398590	 33.996140	-3.686892	 9.480865	 35.137450	-0.646625	 10.763470	-53.750010	-51.281710	-9.954659	 11.445530	 23.982090	-0.549087	 0.208112	 14.789960	-0.368235	 3.437935	-0.000006	 0.000001	 90.000000	-90.000000	 0.000000	-86.406780	 177.642400	 8.601227	 111.084700	-0.813313	 0.122417	-8.559153	 12.236280	 10.972310	 52.931600	-1.045101	 10.743230	-0.604093	-2.262662	 22.375880	-11.302420	-11.666870	-4.636809	 35.944760	 2.477604	-1.136251	 35.323130	 2.739605	 0.675539	-52.364380	-0.352786	 1.276010	 35.556880	-0.202300	 3.178487	 36.024460	 2.411833	 5.494030	-52.520430	 39.007590	 20.375220	 27.137660	-6.436093	 19.357820	 32.910680	-5.387434	 19.254410	-57.899150	 18.466580	 10.398590	 33.996150	-3.686890	 9.480865	 35.137440	-0.646626	 10.763470	-53.750010	-51.281720	-9.954665	 11.445540	 23.982080	-0.549088	 0.208112	 14.789960	-0.368242	 3.437935	 0.000000	 90.000000	 0.000000	 177.641500	 1.693646	 173.691800	-177.179200	-1.281514	-6.296279
-0.001963	 0.002454	-0.116118	 179.305400	 0.221747	-89.965800	-0.000021	 0.000000	 0.000000	-0.000021	 0.000000	 0.000000	-3.525149	 11.225090	 114.920700	-0.813313	 0.122417	-8.559153	-39.721840	-22.971270	 34.504040	-46.877240	 33.730030	 8.058828	-1.508344	 27.119350	 0.905986	-11.666870	-4.636808	 35.944750	 2.477603	-1.136251	 35.323120	 2.739605	 0.675539	-52.364350	-0.352786	 1.276010	 35.556880	-0.202301	 3.178486	 36.024460	 2.411832	 5.494030	-52.520410	 39.007590	 20.375220	 27.137650	-6.436097	 19.357820	 32.910680	-5.387433	 19.254410	-57.899170	 18.466570	 10.398590	 33.996140	-3.686892	 9.480865	 35.137450	-0.646625	 10.763470	-53.750010	-51.281710	-9.954659	 11.445530	 23.982090	-0.549087	 0.208112	 14.789960	-0.368235	 3.437935	-0.000006	 0.000001	 90.000000	-90.000000	 0.000000	-86.406780	 177.642400	 8.601227	 111.084700	-0.813313	 0.122417	-8.559153	 12.236280	 10.972310	 52.931600	-1.045101	 10.743230	-0.604093	-2.262662	 22.375880	-11.302420	-11.666870	-4.636809	 35.944760	 2.477604	-1.136251	 35.323130	 2.739605	 0.675539	-52.364380	-0.352786	 1.276010	 35.556880	-0.202300	 3.178487	 36.024460	 2.411833	 5.494030	-52.520430	 39.007590	 20.375220	 27.137660	-6.436093	 19.357820	 32.910680	-5.387434	 19.254410	-57.899150	 18.466580	 10.398590	 33.996150	-3.686890	 9.480865	 35.137440	-0.646626	 10.763470	-53.750010	-51.281720	-9.954665	 11.445540	 23.982080	-0.549088	 0.208112	 14.789960	-0.368242	 3.437935	 0.000000	 90.000000	 0.000000	 177.641500	 1.693646	 173.691800	-177.179200	-1.281514	-6.296279
-0.001963	 0.002454	-0.116118	 179.305400	 0.221747	-89.965800	-0.000021	 0.000000	 0.000000	-0.000021	 0.000000	 0.000000	-3.525149	 11.225090	 114.920700	-0.813313	 0.122417	-8.559153	-39.721840	-22.971270	 34.504040	-46.877240	 33.730030	 8.058828	-1.508344	 27.119350	 0.905986	-11.666870	-4.636808	 35.944750	 2.477603	-1.136251	 35.323120	 2.739605	 0.675539	-52.364350	-0.352786	 1.276010	 35.556880	-0.202301	 3.178486	 36.024460	 2.411832	 5.494030	-52.520410	 39.007590	 20.375220	 27.137650	-6.436097	 19.357820	 32.910680	-5.387433	 19.254410	-57.899170	 18.466570	 10.398590	 33.996140	-3.686892	 9.480865	 35.137450	-0.646625	 10.763470	-53.750010	-51.281710	-9.954659	 11.445530	 23.982090	-0.549087	 0.208112	 14.789960	-0.368235	 3.437935	-0.000006	 0.000001	 90.000000	-90.000000	 0.000000	-86.406780	 177.642400	 8.601227	 111.084700	-0.813313	 0.122417	-8.559153	 12.236280	 10.972310	 52.931600	-1.045101	 10.743230	-0.604093	-2.262662	 22.375880	-11.302420	-11.666870	-4.636809	 35.944760	 2.477604	-1.136251	 35.323130	 2.739605	 0.675539	-52.364380	-0.352786	 1.276010	 35.556880	-0.202300	 3.178487	 36.024460	 2.411833	 5.494030	-52.520430	 39.007590	 20.375220	 27.137660	-6.436093	 19.357820	 32.910680	-5.387434	 19.254410	-57.899150	 18.466580	 10.398590	 33.996150	-3.686890	 9.480865	 35.137440	-0.646626	 10.763470	-53.750010	-51.281720	-9.954665	 11.445540	 23.982080	-0.549088	 0.208112	 14.789960	-0.368242	 3.437935	 0.000000	 90.000000	 0.000000	 177.641500	 1.693646	 173.691800	-177.179200	-1.281514	-6.296279
-0.001963	 0.002454	-0.116118	 179.305400	 0.221747	-89.965800	-0.000021	 0.000000	 0.000000	-0.000021	 0.000000	 0.000000	-3.525149	 11.225090	 114.920700	-0.813313	 0.122417	-8.559153	-39.721840	-22.971270	 34.504040	-46.877240	 33.730030	 8.058828	-1.508344	 27.119350	 0.905986	-11.666870	-4.636808	 35.944750	 2.477603	-1.136251	 35.323120	 2.739605	 0.675539	-52.364350	-0.352786	 1.276010	 35.556880	-0.202301	 3.178486	 36.024460	 2.411832	 5.494030	-52.520410	 39.007590	 20.375220	 27.137650	-6.436097	 19.357820	 32.910680	-5.387433	 19.254410	-57.899170	 18.466570	 10.398590	 33.996140	-3.686892	 9.480865	 35.137450	-0.646625	 10.763470	-53.750010	-51.281710	-9.954659	 11.445530	 23.982090	-0.549087	 0.208112	 14.789960	-0.368235	 3.437935	-0.000006	 0.000001	 90.000000	-90.000000	 0.000000	-86.406780	 177.642400	 8.601227	 111.084700	-0.813313	 0.122417	-8.559153	 12.236280	 10.972310	 52.931600	-1.045101	 10.743230	-0.604093	-2.262662	 22.375880	-11.302420	-11.666870	-4.636809	 35.944760	 2.477604	-1.136251	 35.323130	 2.739605	 0.675539	-52.364380	-0.352786	 1.276010	 35.556880	-0.202300	 3.178487	 36.024460	 2.411833	 5.494030	-52.520430	 39.007590	 20.375220	 27.137660	-6.436093	 19.357820	 32.910680	-5.387434	 19.254410	-57.899150	 18.466580	 10.398590	 33.996150	-3.686890	 9.480865	 35.137440	-0.646626	 10.763470	-53.750010	-51.281720	-9.954665	 11.445540	 23.982080	-0.549088	 0.208112	 14.789960	-0.368242	 3.437935	 0.000000	 90.000000	 0.000000	 177.641500	 1.693646	 173.691800	-177.179200	-1.281514	-6.296279
-0.001963	 0.002454	-0.116118	 179.305400	 0.221747	-89.965800	-0.000021	 0.000000	 0.000000	-0.000021	 0.000000	 0.000000	-3.525149	 11.225090	 114.920700	-0.813313	 0.122417	-8.559153	-39.721840	-22.971270	 34.504040	-46.877240	 33.730030	 8.058828	-1.508344	 27.119350	 0.905986	-11.666870	-4.636808	 35.944750	 2.477603	-1.136251	 35.323120	 2.739605	 0.675539	-52.364350	-0.352786	 1.276010	 35.556880	-0.202301	 3.178486	 36.024460	 2.411832	 5.494030	-52.520410	 39.007590	 20.375220	 27.137650	-6.436097	 19.357820	 32.910680	-5.387433	 19.254410	-57.899170	 18.466570	 10.398590	 33.996140	-3.686892	 9.480865	 35.137450	-0.646625	 10.763470	-53.750010	-51.281710	-9.954659	 11.445530	 23.982090	-0.549087	 0.208112	 14.789960	-0.368235	 3.437935	-0.000006	 0.000001	 90.000000	-90.000000	 0.000000	-86.406780	 177.642400	 8.601227	 111.084700	-0.813313	 0.122417	-8.559153	 12.236280	 10.972310	 52.931600	-1.045101	 10.743230	-0.604093	-2.262662	 22.375880	-11.302420	-11.666870	-4.636809	 35.944760	 2.477604	-1.136251	 35.323130	 2.739605	 0.675539	-52.364380	-0.352786	 1.276010	 35.556880	-0.202300	 3.178487	 36.024460	 2.411833	 5.494030	-52.520430	 39.007590	 20.375220	 27.137660	-6.436093	 19.357820	 32.910680	-5.387434	 19.254410	-57.899150	 18.466580	 10.398590	 33.996150	-3.686890	 9.480865	 35.137440	-0.646626	 10.763470	-53.750010	-51.281720	-9.954665	 11.445540	 23.982080	-0.549088	 0.208112	 14.789960	-0.368242	 3.437935	 0.000000	 90.000000	 0.000000	 177.641500	 1.693646	 173.691800	-177.179200	-1.281514	-6.296279
-0.001963	 0.002454	-0.116118	 179.305400	 0.221747	-89.965800	-0.000021	 0.000000	 0.000000	-0.000021	 0.000000	 0.000000	-3.525149	 11.225090	 114.920700	-0.813313	 0.122417	-8.559153	-39.721840	-22.971270	 34.504040	-46.877240	 33.730030	 8.058828	-1.508344	 27.119350	 0.905986	-11.666870	-4.636808	 35.944750	 2.477603	-1.136251	 35.323120	 2.739605	 0.675539	-52.364350	-0.352786	 1.276010	 35.556880	-0.202301	 3.178486	 36.024460	 2.411832	 5.494030	-52.520410	 39.007590	 20.375220	 27.137650	-6.436097	 19.357820	 32.910680	-5.387433	 19.254410	-57.899170	 18.466570	 10.398590	 33.996140	-3.686892	 9.480865	 35.137450	-0.646625	 10.763470	-53.750010	-51.281710	-9.954659	 11.445530	 23.982090	-0.549087	 0.208112	 14.789960	-0.368235	 3.437935	-0.000006	 0.000001	 90.000000	-90.000000	 0.000000	-86.406780	 177.642400	 8.601227	 111.084700	-0.813313	 0.122417	-8.559153	 12.236280	 10.972310	 52.931600	-1.045101	 10.743230	-0.604093	-2.262662	 22.375880	-11.302420	-11.666870	-4.636809	 35.944760	 2.477604	-1.136251	 35.323130	 2.739605	 0.675539	-52.364380	-0.352786	 1.276010	 35.556880	-0.202300	 3.178487	 36.024460	 2.411833	 5.494030	-52.520430	 39.007590	 20.375220	 27.137660	-6.436093	 19.357820	 32.910680	-5.387434	 19.254410	-57.899150	 18.466580	 10.398590	 33.996150	-3.686890	 9.480865	 35.137440	-0.646626	 10.763470	-53.750010	-51.281720	-9.954665	 11.445540	 23.982080	-0.549088	 0.208112	 14.789960	-0.368242	 3.437935	 0.000000	 90.000000	 0.000000	 177.641500	 1.693646	 173.691800	-177.179200	-1.281514	-6.296279
-0.001963	 0.002454	-0.116118	 179.305400	 0.221747	-89.965800	-0.000021	 0.000000	 0.000000	-0.000021	 0.000000	 0.000000	-3.525149	 11.225090	 114.920700	-0.813313	 0.122417	-8.559153	-39.721840	-22.971270	 34.504040	-46.877240	 33.730030	 8.058828	-1.508344	 27.119350	 0.905986	-11.666870	-4.636808	 35.944750	 2.477603	-1.136251	 35.323120	 2.739605	 0.675539	-52.364350	-0.352786	 1.276010	 35.556880	-0.202301	 3.178486	 36.024460	 2.411832	 5.494030	-52.520410	 39.007590	 20.375220	 27.137650	-6.436097	 19.357820	 32.910680	-5.387433	 19.254410	-57.899170	 18.466570	 10.398590	 33.996140	-3.686892	 9.480865	 35.137450	-0.646625	 10.763470	-53.750010	-51.281710	-9.954659	 11.445530	 23.982090	-0.549087	 0.208112	 14.789960	-0.368235	 3.437935	-0.000006	 0.000001	 90.000000	-90.000000	 0.000000	-86.406780	 177.642400	 8.601227	 111.084700	-0.813313	 0.122417	-8.559153	 12.236280	 10.972310	 52.931600	-1.045101	 10.743230	-0.604093	-2.262662	 22.375880	-11.302420	-11.666870	-4.636809	 35.944760	 2.477604	-1.136251	 35.323130	 2.739605	 0.675539	-52.364380	-0.352786	 1.276010	 35.556880	-0.202300	 3.178487	 36.024460	 2.411833	 5.494030	-52.520430	 39.007590	 20.375220	 27.137660	-6.436093	 19.357820	 32.910680	-5.387434	 19.254410	-57.899150	 18.466580	 10.398590	 33.996150	-3.686890	 9.480865	 35.137440	-0.646626	 10.763470	-53.750010	-51.281720	-9.954665	 11.445540	 23.982080	-0.549088	 0.208112	 14.789960	-0.368242	 3.437935	 0.000000	 90.000000	 0.000000	 177.641500	 1.693646	 173.691800	-177.179200	-1.281514	-6.296279
-0.001963	 0.002454	-0.116118	 179.305400	 0.221747	-89.965800	-0.000021	 0.000000	 0.000000	-0.000021	 0.000000	 0.000000	-3.525149	 11.225090	 114.920700	-0.813313	 0.122417	-8.559153	-39.721840	-22.971270	 34.504040	-46.877240	 33.730030	 8.058828	-1.508344	 27.119350	 0.905986	-11.666870	-4.636808	 35.944750	 2.477603	-1.136251	 35.323120	 2.739605	 0.675539	-52.364350	-0.352786	 1.276010	 35.556880	-0.202301	 3.178486	 36.024460	 2.411832	 5.494030	-52.520410	 39.007590	 20.375220	 27.137650	-6.436097	 19.357820	 32.910680	-5.387433	 19.254410	-57.899170	 18.466570	 10.398590	 33.996140	-3.686892	 9.480865	 35.137450	-0.646625	 10.763470	-53.750010	-51.281710	-9.954659	 11.445530	 23.982090	-0.549087	 0.208112	 14.789960	-0.368235	 3.437935	-0.000006	 0.000001	 90.000000	-90.000000	 0.000000	-86.406780	 177.642400	 8.601227	 111.084700	-0.813313	 0.122417	-8.559153	 12.236280	 10.972310	 52.931600	-1.045101	 10.743230	-0.604093	-2.262662	 22.375880	-11.302420	-11.666870	-4.636809	 35.944760	 2.477604	-1.136251	 35.323130	 2.739605	 0.675539	-52.364380	-0.352786	 1.276010	 35.556880	-0.202300	 3.178487	 36.024460	 2.411833	 5.494030	-52.520430	 39.007590	 20.375220	 27.137660	-6.436093	 19.357820	 32.910680	-5.387434	 19.254410	-57.899150	 18.466580	 10.398590	 33.996150	-3.686890	 9.480865	 35.137440	-0.646626	 10.763470	-53.750010	-51.281720	-9.954665	 11.445540	 23.982080	-0.549088	 0.208112	 14.789960	-0.368242	 3.437935	 0.000000	 90.000000	 0.000000	 177.641500	 1.693646	 173.691800	-177.179200	-1.281514	-6.296279
-0.001963	 0.002454	-0.116118	 179.305400	 0.221747	-89.965800	-0.000021	 0.000000	 0.000000	-0.000021	 0.000000	 0.000000	-3.525149	 11.225090	 114.920700	-0.813313	 0.122417	-8.559153	-39.721840	-22.971270	 34.504040	-46.877240	 33.730030	 8.058828	-1.508344	 27.119350	 0.905986	-11.666870	-4.636808	 35.944750	 2.477603	-1.136251	 35.323120	 2.739605	 0.675539	-52.364350	-0.352786	 1.276010	 35.556880	-0.202301	 3.178486	 36.024460	 2.411832	 5.494030	-52.520410	 39.007590	 20.375220	 27.137650	-6.436097	 19.357820	 32.910680	-5.387433	 19.254410	-57.899170	 18.466570	 10.398590	 33.996140	-3.686892	 9.480865	 35.137450	-0.646625	 10.763470	-53.750010	-51.281710	-9.954659	 11.445530	 23.982090	-0.549087	 0.208112	 14.789960	-0.368235	 3.437935	-0.000006	 0.000001	 90.000000	-90.000000	 0.000000	-86.406780	 177.642400	 8.601227	 111.084700	-0.813313	 0.122417	-8.559153	 12.236280	 10.972310	 52.931600	-1.045101	 10.743230	-0.604093	-2.262662	 22.375880	-11.302420	-11.666870	-4.636809	 35.944760	 2.477604	-1.136251	 35.323130	 2.739605	 0.675539	-52.364380	-0.352786	 1.276010	 35.556880	-0.202300	 3.178487	 36.024460	 2.411833	 5.494030	-52.520430	 39.007590	 20.375220	 27.137660	-6.436093	 19.357820	 32.910680	-5.387434	 19.254410	-57.899150	 18.466580	 10.398590	 33.996150	-3.686890	 9.480865	 35.137440	-0.646626	 10.763470	-53.750010	-51.281720	-9.954665	 11.445540	 23.982080	-0.549088	 0.208112	 14.789960	-0.368242	 3.437935	 0.000000	 90.000000	 0.000000	 177.641500	 1.693646	 173.691800	-177.179200	-1.281514	-6.296279
-0.001963	 0.002454	-0.116118	 179.305400	 0.221747	-89.965800	-0.000021	 0.000000	 0.000000	-0.000021	 0.000000	 0.000000	-3.525149	 11.225090	 114.920700	-0.813313	 0.122417	-8.559153	-39.721840	-22.971270	 34.504040	-46.877240	 33.730030	 8.058828	-1.508344	 27.119350	 0.905986	-11.666870	-4.636808	 35.944750	 2.477603	-1.136251	 35.323120	 2.739605	 0.675539	-52.364350	-0.352786	 1.276010	 35.556880	-0.202301	 3.178486	 36.024460	 2.411832	 5.494030	-52.520410	 39.007590	 20.375220	 27.137650	-6.436097	 19.357820	 32.910680	-5.387433	 19.254410	-57.899170	 18.466570	 10.398590	 33.996140	-3.686892	 9.480865	 35.137450	-0.646625	 10.763470	-53.750010	-51.281710	-9.954659	 11.445530	 23.982090	-0.549087	 0.208112	 14.789960	-0.368235	 3.437935	-0.000006	 0.000001	 90.000000	-90.000000	 0.000000	-86.406780	 177.642400	 8.601227	 111.084700	-0.813313	 0.122417	-8.559153	 12.236280	 10.972310	 52.931600	-1.045101	 10.743230	-0.604093	-2.262662	 22.375880	-11.302420	-11.666870	-4.636809	 35.944760	 2.477604	-1.136251	 35.323130	 2.739605	 0.675539	-52.364380	-0.352786	 1.276010	 35.556880	-0.202300	 3.178487	 36.024460	 2.411833	 5.494030	-52.520430	 39.007590	 20.375220	 27.137660	-6.436093	 19.357820	 32.910680	-5.387434	 19.254410	-57.899150	 18.466580	 10.398590	 33.996150	-3.686890	 9.480865	 35.137440	-0.646626	 10.763470	-53.750010	-51.281720	-9.954665	 11.445540	 23.982080	-0.549088	 0.208112	 14.789960	-0.368242	 3.437935	 0.000000	 90.000000	 0.000000	 177.641500	 1.693646	 173.691800	-177.179200	-1.281514	-6.296279
-0.001963	 0.002454	-0.116118	 179.305400	 0.221747	-89.965800	-0.000021	 0.000000	 0.000000	-0.000021	 0.000000	 0.000000	-3.525149	 11.225090	 114.920700	-0.813313	 0.122417	-8.559153	-39.721840	-22.971270	 34.504040	-46.877240	 33.730030	 8.058828	-1.508344	 27.119350	 0.905986	-11.666870	-4.636808	 35.944750	 2.477603	-1.136251	 35.323120	 2.739605	 0.675539	-52.364350	-0.352786	 1.276010	 35.556880	-0.202301	 3.178486	 36.024460	 2.411832	 5.494030	-52.520410	 39.007590	 20.375220	 27.137650	-6.436097	 19.357820	 32.910680	-5.387433	 19.254410	-57.899170	 18.466570	 10.398590	 33.996140	-3.686892	 9.480865	 35.137450	-0.646625	 10.763470	-53.750010	-51.281710	-9.954659	 11.445530	 23.982090	-0.549087	 0.208112	 14.789960	-0.368235	 3.437935	-0.000006	 0.000001	 90.000000	-90.000000	 0.000000	-86.406780	 177.642400	 8.601227	 111.084700	-0.813313	 0.122417	-8.559153	 12.236280	 10.972310	 52.931600	-1.045101	 10.743230	-0.604093	-2.262662	 22.375880	-11.302420	-11.666870	-4.636809	 35.944760	 2.477604	-1.136251	 35.323130	 2.739605	 0.675539	-52.364380	-0.352786	 1.276010	 35.556880	-0.202300	 3.178487	 36.024460	 2.411833	 5.494030	-52.520430	 39.007590	 20.375220	 27.137660	-6.436093	 19.357820	 32.910680	-5.387434	 19.254410	-57.899150	 18.466580	 10.398590	 33.996150	-3.686890	 9.480865	 35.137440	-0.646626	 10.763470	-53.750010	-51.281720	-9.954665	 11.445540	 23.982080	-0.549088	 0.208112	 14.789960	-0.368242	 3.437935	 0.000000	 90.000000	 0.000000	 177.641500	 1.693646	 173.691800	-177.179200	-1.281514	-6.296279
-0.001963	 0.002454	-0.116118	 179.305400	 0.221747	-89.965800	-0.000021	 0.000000	 0.000000	-0.000021	 0.000000	 0.000000	-3.525149	 11.225090	 114.920700	-0.813313	 0.122417	-8.559153	-39.721840	-22.971270	 34.504040	-46.877240	 33.730030	 8.058828	-1.508344	 27.119350	 0.905986	-11.666870	-4.636808	 35.944750	 2.477603	-1.136251	 35.323120	 2.739605	 0.675539	-52.364350	-0.352786	 1.276010	 35.556880	-0.202301	 3.178486	 36.024460	 2.411832	 5.494030	-52.520410	 39.007590	 20.375220	 27.137650	-6.436097	 19.357820	 32.910680	-5.387433	 19.254410	-57.899170	 18.466570	 10.398590	 33.996140	-3.686892	 9.480865	 35.137450	-0.646625	 10.763470	-53.750010	-51.281710	-9.954659	 11.445530	 23.982090	-0.549087	 0.208112	 14.789960	-0.368235	 3.437935	-0.000006	 0.000001	 90.000000	-90.000000	 0.000000	-86.406780	 177.642400	 8.601227	 111.084700	-0.813313	 0.122417	-8.559153	 12.236280	 10.972310	 52.931600	-1.045101	 10.743230	-0.604093	-2.262662	 22.375880	-11.302420	-11.666870	-4.636809	 35.944760	 2.477604	-1.136251	 35.323130	 2.739605	 0.675539	-52.364380	-0.352786	 1.276010	 35.556880	-0.202300	 3.178487	 36.024460	 2.411833	 5.494030	-52.520430	 39.007590	 20.375220	 27.137660	-6.436093	 19.357820	 32.910680	-5.387434	 19.254410	-57.899150	 18.466580	 10.398590	 33.996150	-3.686890	 9.480865	 35.137440	-0.646626	 10.763470	-53.750010	-51.281720	-9.954665	 11.445540	 23.982080	-0.549088	 0.208112	 14.789960	-0.368242	 3.437935	 0.000000	 90.000000	 0.000000	 177.641500	 1.693646	 173.691800	-177.179200	-1.281514	-6.296279
-0.001963	 0.002454	-0.116118	 179.305400	 0.221747	-89.965800	-0.000021	 0.000000	 0.000000	-0.000021	 0.000000	 0.000000	-3.525149	 11.225090	 114.920700	-0.813313	 0.122417	-8.559153	-39.721840	-22.971270	 34.504040	-46.877240	 33.730030	 8.058828	-1.508344	 27.119350	 0.905986	-11.666870	-4.636808	 35.944750	 2.477603	-1.136251	 35.323120	 2.739605	 0.675539	-52.364350	-0.352786	 1.276010	 35.556880	-0.202301	 3.178486	 36.024460	 2.411832	 5.494030	-52.520410	 39.007590	 20.375220	 27.137650	-6.436097	 19.357820	 32.910680	-5.387433	 19.254410	-57.899170	 18.466570	 10.398590	 33.996140	-3.686892	 9.480865	 35.137450	-0.646625	 10.763470	-53.750010	-51.281710	-9.954659	 11.445530	 23.982090	-0.549087	 0.208112	 14.789960	-0.368235	 3.437935	-0.000006	 0.000001	 90.000000	-90.000000	 0.000000	-86.406780	 177.642400	 8.601227	 111.084700	-0.813313	 0.122417	-8.559153	 12.236280	 10.972310	 52.931600	-1.045101	 10.743230	-0.604093	-2.262662	 22.375880	-11.302420	-11.666870	-4.636809	 35.944760	 2.477604	-1.136251	 35.323130	 2.739605	 0.675539	-52.364380	-0.352786	 1.276010	 35.556880	-0.202300	 3.178487	 36.024460	 2.411833	 5.494030	-52.520430	 39.007590	 20.375220	 27.137660	-6.436093	 19.357820	 32.910680	-5.387434	 19.254410	-57.899150	 18.466580	 10.398590	 33.996150	-3.686890	 9.480865	 35.137440	-0.646626	 10.763470	-53.750010	-51.281720	-9.954665	 11.445540	 23.982080	-0.549088	 0.208112	 14.789960	-0.368242	 3.437935	 0.000000	 90.000000	 0.000000	 177.641500	 1.693646	 173.691800	-177.179200	-1.281514	-6.296279
-0.001963	 0.002454	-0.116118	 179.305400	 0.221747	-89.965800	-0.000021	 0.000000	 0.000000	-0.000021	 0.000000	 0.000000	-3.525149	 11.225090	 114.920700	-0.813313	 0.122417	-8.559153	-39.721840	-22.971270	 34.504040	-46.877240	 33.730030	 8.058828	-1.508344	 27.119350	 0.905986	-11.666870	-4.636808	 35.944750	 2.477603	-1.136251	 35.323120	 2.739605	 0.675539	-52.364350	-0.352786	 1.276010	 35.556880	-0.202301	 3.178486	 36.024460	 2.411832	 5.494030	-52.520410	 39.007590	 20.375220	 27.137650	-6.436097	 19.357820	 32.910680	-5.387433	 19.254410	-57.899170	 18.466570	 10.398590	 33.996140	-3.686892	 9.480865	 35.137450	-0.646625	 10.763470	-53.750010	-51.281710	-9.954659	 11.445530	 23.982090	-0.549087	 0.208112	 14.789960	-0.368235	 3.437935	-0.000006	 0.000001	 90.000000	-90.000000	 0.000000	-86.406780	 177.642400	 8.601227	 111.084700	-0.813313	 0.122417	-8.559153	 12.236280	 10.972310	 52.931600	-1.045101	 10.743230	-0.604093	-2.262662	 22.375880	-11.302420	-11.666870	-4.636809	 35.944760	 2.477604	-1.136251	 35.323130	 2.739605	 0.675539	-52.364380	-0.352786	 1.276010	 35.556880	-0.202300	 3.178487	 36.024460	 2.411833	 5.494030	-52.520430	 39.007590	 20.375220	 27.137660	-6.436093	 19.357820	 32.910680	-5.387434	 19.254410	-57.899150	 18.466580	 10.398590	 33.996150	-3.686890	 9.480865	 35.137440	-0.646626	 10.763470	-53.750010	-51.281720	-9.954665	 11.445540	 23.982080	-0.549088	 0.208112	 14.789960	-0.368242	 3.437935	 0.000000	 90.000000	 0.000000	 177.641500	 1.693646	 173.691800	-177.179200	-1.281514	-6.296279
-0.001963	 0.002454	-0.116118	 179.305400	 0.221747	-89.965800	-0.000021	 0.000000	 0.000000	-0.000021	 0.000000	 0.000000	-3.525149	 11.225090	 114.920700	-0.813313	 0.122417	-8.559153	-39.721840	-22.971270	 34.504040	-46.877240	 33.730030	 8.058828	-1.508344	 27.119350	 0.905986	-11.666870	-4.636808	 35.944750	 2.477603	-1.136251	 35.323120	 2.739605	 0.675539	-52.364350	-0.352786	 1.276010	 35.556880	-0.202301	 3.178486	 36.024460	 2.411832	 5.494030	-52.520410	 39.007590	 20.375220	 27.137650	-6.436097	 19.357820	 32.910680	-5.387433	 19.254410	-57.899170	 18.466570	 10.398590	 33.996140	-3.686892	 9.480865	 35.137450	-0.646625	 10.763470	-53.750010	-51.281710	-9.954659	 11.445530	 23.982090	-0.549087	 0.208112	 14.789960	-0.368235	 3.437935	-0.000006	 0.000001	 90.000000	-90.000000	 0.000000	-86.406780	 177.642400	 8.601227	 111.084700	-0.813313	 0.122417	-8.559153	 12.236280	 10.972310	 52.931600	-1.045101	 10.743230	-0.604093	-2.262662	 22.375880	-11.302420	-11.666870	-4.636809	 35.944760	 2.477604	-1.136251	 35.323130	 2.739605	 0.675539	-52.364380	-0.352786	 1.276010	 35.556880	-0.202300	 3.178487	 36.024460	 2.411833	 5.494030	-52.520430	 39.007590	 20.375220	 27.137660	-6.436093	 19.357820	 32.910680	-5.387434	 19.254410	-57.899150	 18.466580	 10.398590	 33.996150	-3.686890	 9.480865	 35.137440	-0.646626	 10.763470	-53.750010	-51.281720	-9.954665	 11.445540	 23.982080	-0.549088	 0.208112	 14.789960	-0.368242	 3.437935	 0.000000	 90.000000	 0.000000	 177.641500	 1.693646	 173.691800	-177.179200	-1.281514	-6.296279
-0.001963	 0.002454	-0.116118	 179.305400	 0.221747	-89.965800	-0.000021	 0.000000	 0.000000	-0.000021	 0.000000	 0.000000	-3.525149	 11.225090	 114.920700	-0.813313	 0.122417	-8.559153	-39.721840	-22.971270	 34.504040	-46.877240	 33.730030	 8.058828	-1.508344	 27.119350	 0.905986	-11.666870	-4.636808	 35.944750	 2.477603	-1.136251	 35.323120	 2.739605	 0.675539	-52.364350	-0.352786	 1.276010	 35.556880	-0.202301	 3.178486	 36.024460	 2.411832	 5.494030	-52.520410	 39.007590	 20.375220	 27.137650	-6.436097	 19.357820	 32.910680	-5.387433	 19.254410	-57.899170	 18.466570	 10.398590	 33.996140	-3.686892	 9.480865	 35.137450	-0.646625	 10.763470	-53.750010	-51.281710	-9.954659	 11.445530	 23.982090	-0.549087	 0.208112	 14.789960	-0.368235	 3.437935	-0.000006	 0.000001	 90.000000	-90.000000	 0.000000	-86.406780	 177.642400	 8.601227	 111.084700	-0.813313	 0.122417	-8.559153	 12.236280	 10.972310	 52.931600	-1.045101	 10.743230	-0.604093	-2.262662	 22.375880	-11.302420	-11.666870	-4.636809	 35.944760	 2.477604	-1.136251	 35.323130	 2.739605	 0.675539	-52.364380	-0.352786	 1.276010	 35.556880	-0.202300	 3.178487	 36.024460	 2.411833	 5.494030	-52.520430	 39.007590	 20.375220	 27.137660	-6.436093	 19.357820	 32.910680	-5.387434	 19.254410	-57.899150	 18.466580	 10.398590	 33.996150	-3.686890	 9.480865	 35.137440	-0.646626	 10.763470	-53.750010	-51.281720	-9.954665	 11.445540	 23.982080	-0.549088	 0.208112	 14.789960	-0.368242	 3.437935	 0.000000	 90.000000	 0.000000	 177.641500	 1.693646	 173.691800	-177.179200	-1.281514	-6.296279
-0.001963	 0.002454	-0.116118	 179.305400	 0.221747	-89.965800	-0.000021	 0.000000	 0.000000	-0.000021	 0.000000	 0.000000	-3.525149	 11.225090	 114.920700	-0.813313	 0.122417	-8.559153	-39.721840	-22.971270	 34.504040	-46.877240	 33.730030	 8.058828	-1.508344	 27.119350	 0.905986	-11.666870	-4.636808	 35.944750	 2.477603	-1.136251	 35.323120	 2.739605	 0.675539	-52.364350	-0.352786	 1.276010	 35.556880	-0.202301	 3.178486	 36.024460	 2.411832	 5.494030	-52.520410	 39.007590	 20.375220	 27.137650	-6.436097	 19.357820	 32.910680	-5.387433	 19.254410	-57.899170	 18.466570	 10.398590	 33.996140	-3.686892	 9.480865	 35.137450	-0.646625	 10.763470	-53.750010	-51.281710	-9.954659	 11.445530	 23.982090	-0.549087	 0.208112	 14.789960	-0.368235	 3.437935	-0.000006	 0.000001	 90.000000	-90.000000	 0.000000	-86.406780	 177.642400	 8.601227	 111.084700	-0.813313	 0.122417	-8.559153	 12.236280	 10.972310	 52.931600	-1.045101	 10.743230	-0.604093	-2.262662	 22.375880	-11.302420	-11.666870	-4.636809	 35.944760	 2.477604	-1.136251	 35.323130	 2.739605	 0.675539	-52.364380	-0.352786	 1.276010	 35.556880	-0.202300	 3.178487	 36.024460	 2.411833	 5.494030	-52.520430	 39.007590	 20.375220	 27.137660	-6.436093	 19.357820	 32.910680	-5.387434	 19.254410	-57.899150	 18.466580	 10.398590	 33.996150	-3.686890	 9.480865	 35.137440	-0.646626	 10.763470	-53.750010	-51.281720	-9.954665	 11.445540	 23.982080	-0.549088	 0.208112	 14.789960	-0.368242	 3.437935	 0.000000	 90.000000	 0.000000	 177.641500	 1.693646	 173.691800	-177.179200	-1.281514	-6.296279
-0.001963	 0.002454	-0.116118	 179.305400	 0.221747	-89.965800	-0.000021	 0.000000	 0.000000	-0.000021	 0.000000	 0.000000	-3.525149	 11.225090	 114.920700	-0.813313	 0.122417	-8.559153	-39.721840	-22.971270	 34.504040	-46.877240	 33.730030	 8.058828	-1.508344	 27.119350	 0.905986	-11.666870	-4.636808	 35.944750	 2.477603	-1.136251	 35.323120	 2.739605	 0.675539	-52.364350	-0.352786	 1.276010	 35.556880	-0.202301	 3.178486	 36.024460	 2.411832	 5.494030	-52.520410	 39.007590	 20.375220	 27.137650	-6.436097	 19.357820	 32.910680	-5.387433	 19.254410	-57.899170	 18.466570	 10.398590	 33.996140	-3.686892	 9.480865	 35.137450	-0.646625	 10.763470	-53.750010	-51.281710	-9.954659	 11.445530	 23.982090	-0.549087	 0.208112	 14.789960	-0.368235	 3.437935	-0.000006	 0.000001	 90.000000	-90.000000	 0.000000	-86.406780	 177.642400	 8.601227	 111.084700	-0.813313	 0.122417	-8.559153	 12.236280	 10.972310	 52.931600	-1.045101	 10.743230	-0.604093	-2.262662	 22.375880	-11.302420	-11.666870	-4.636809	 35.944760	 2.477604	-1.136251	 35.323130	 2.739605	 0.675539	-52.364380	-0.352786	 1.276010	 35.556880	-0.202300	 3.178487	 36.024460	 2.411833	 5.494030	-52.520430	 39.007590	 20.375220	 27.137660	-6.436093	 19.357820	 32.910680	-5.387434	 19.254410	-57.899150	 18.466580	 10.398590	 33.996150	-3.686890	 9.480865	 35.137440	-0.646626	 10.763470	-53.750010	-51.281720	-9.954665	 11.445540	 23.982080	-0.549088	 0.208112	 14.789960	-0.368242	 3.437935	 0.000000	 90.000000	 0.000000	 177.641500	 1.693646	 173.691800	-177.179200	-1.281514	-6.296279
-0.001963	 0.002454	-0.116118	 179.305400	 0.221747	-89.965800	-0.000021	 0.000000	 0.000000	-0.000021	 0.000000	 0.000000	-3.525149	 11.225090	 114.920700	-0.813313	 0.122417	-8.559153	-39.721840	-22.971270	 34.504040	-46.877240	 33.730030	 8.058828	-1.508344	 27.119350	 0.905986	-11.666870	-4.636808	 35.944750	 2.477603	-1.136251	 35.323120	 2.739605	 0.675539	-52.364350	-0.352786	 1.276010	 35.556880	-0.202301	 3.178486	 36.024460	 2.411832	 5.494030	-52.520410	 39.007590	 20.375220	 27.137650	-6.436097	 19.357820	 32.910680	-5.387433	 19.254410	-57.899170	 18.466570	 10.398590	 33.996140	-3.686892	 9.480865	 35.137450	-0.646625	 10.763470	-53.750010	-51.281710	-9.954659	 11.445530	 23.982090	-0.549087	 0.208112	 14.789960	-0.368235	 3.437935	-0.000006	 0.000001	 90.000000	-90.000000	 0.000000	-86.406780	 177.642400	 8.601227	 111.084700	-0.813313	 0.122417	-8.559153	 12.236280	 10.972310	 52.931600	-1.045101	 10.743230	-0.604093	-2.262662	 22.375880	-11.302420	-11.666870	-4.636809	 35.944760	 2.477604	-1.136251	 35.323130	 2.739605	 0.675539	-52.364380	-0.352786	 1.276010	 35.556880	-0.202300	 3.178487	 36.024460	 2.411833	 5.494030	-52.520430	 39.007590	 20.375220	 27.137660	-6.436093	 19.357820	 32.910680	-5.387434	 19.254410	-57.899150	 18.466580	 10.398590	 33.996150	-3.686890	 9.480865	 35.137440	-0.646626	 10.763470	-53.750010	-51.281720	-9.954665	 11.445540	 23.982080	-0.549088	 0.208112	 14.789960	-0.368242	 3.437935	 0.000000	 90.000000	 0.000000	 177.641500	 1.693646	 173.691800	-177.179200	-1.281514	-6.296279
-0.001963	 0.002454	-0.116118	 179.305400	 0.221747	-89.965800	-0.000021	 0.000000	 0.000000	-0.000021	 0.000000	 0.000000	-3.525149	 11.225090	 114.920700	-0.813313	 0.122417	-8.559153	-39.721840	-22.971270	 34.504040	-46.877240	 33.730030	 8.058828	-1.508344	 27.119350	 0.905986	-11.666870	-4.636808	 35.944750	 2.477603	-1.136251	 35.323120	 2.739605	 0.675539	-52.364350	-0.352786	 1.276010	 35.556880	-0.202301	 3.178486	 36.024460	 2.411832	 5.494030	-52.520410	 39.007590	 20.375220	 27.137650	-6.436097	 19.357820	 32.910680	-5.387433	 19.254410	-57.899170	 18.466570	 10.398590	 33.996140	-3.686892	 9.480865	 35.137450	-0.646625	 10.763470	-53.750010	-51.281710	-9.954659	 11.445530	 23.982090	-0.549087	 0.208112	 14.789960	-0.368235	 3.437935	-0.000006	 0.000001	 90.000000	-90.000000	 0.000000	-86.406780	 177.642400	 8.601227	 111.084700	-0.813313	 0.122417	-8.559153	 12.236280	 10.972310	 52.931600	-1.045101	 10.743230	-0.604093	-2.262662	 22.375880	-11.302420	-11.666870	-4.636809	 35.944760	 2.477604	-1.136251	 35.323130	 2.739605	 0.675539	-52.364380	-0.352786	 1.276010	 35.556880	-0.202300	 3.178487	 36.024460	 2.411833	 5.494030	-52.520430	 39.007590	 20.375220	 27.137660	-6.436093	 19.357820	 32.910680	-5.387434	 19.254410	-57.899150	 18.466580	 10.398590	 33.996150	-3.686890	 9.480865	 35.137440	-0.646626	 10.763470	-53.750010	-51.281720	-9.954665	 11.445540	 23.982080	-0.549088	 0.208112	 14.789960	-0.368242	 3.437935	 0.000000	 90.000000	 0.000000	 177.641500	 1.693646	 173.691800	-177.179200	-1.281514	-6.296279
-0.001963	 0.002454	-0.116118	 179.305400	 0.221747	-89.965800	-0.000021	 0.000000	 0.000000	-0.000021	 0.000000	 0.000000	-3.525149	 11.225090	 114.920700	-0.813313	 0.122417	-8.559153	-39.721840	-22.971270	 34.504040	-46.877240	 33.730030	 8.058828	-1.508344	 27.119350	 0.905986	-11.666870	-4.636808	 35.944750	 2.477603	-1.136251	 35.323120	 2.739605	 0.675539	-52.364350	-0.352786	 1.276010	 35.556880	-0.202301	 3.178486	 36.024460	 2.411832	 5.494030	-52.520410	 39.007590	 20.375220	 27.137650	-6.436097	 19.357820	 32.910680	-5.387433	 19.254410	-57.899170	 18.466570	 10.398590	 33.996140	-3.686892	 9.480865	 35.137450	-0.646625	 10.763470	-53.750010	-51.281710	-9.954659	 11.445530	 23.982090	-0.549087	 0.208112	 14.789960	-0.368235	 3.437935	-0.000006	 0.000001	 90.000000	-90.000000	 0.000000	-86.406780	 177.642400	 8.601227	 111.084700	-0.813313	 0.122417	-8.559153	 12.236280	 10.972310	 52.931600	-1.045101	 10.743230	-0.604093	-2.262662	 22.375880	-11.302420	-11.666870	-4.636809	 35.944760	 2.477604	-1.136251	 35.323130	 2.739605	 0.675539	-52.364380	-0.352786	 1.276010	 35.556880	-0.202300	 3.178487	 36.024460	 2.411833	 5.494030	-52.520430	 39.007590	 20.375220	 27.137660	-6.436093	 19.357820	 32.910680	-5.387434	 19.254410	-57.899150	 18.466580	 10.398590	 33.996150	-3.686890	 9.480865	 35.137440	-0.646626	 10.763470	-53.750010	-51.281720	-9.954665	 11.445540	 23.982080	-0.549088	 0.208112	 14.789960	-0.368242	 3.437935	 0.000000	 90.000000	 0.000000	 177.641500	 1.693646	 173.691800	-177.179200	-1.281514	-6.296279
-0.001963	 0.002454	-0.116118	 179.305400	 0.221747	-89.965800	-0.000021	 0.000000	 0.000000	-0.000021	 0.000000	 0.000000	-3.525149	 11.225090	 114.920700	-0.813313	 0.122417	-8.559153	-39.721840	-22.971270	 34.504040	-46.877240	 33.730030	 8.058828	-1.508344	 27.119350	 0.905986	-11.666870	-4.636808	 35.944750	 2.477603	-1.136251	 35.323120	 2.739605	 0.675539	-52.364350	-0.352786	 1.276010	 35.556880	-0.202301	 3.178486	 36.024460	 2.411832	 5.494030	-52.520410	 39.007590	 20.375220	 27.137650	-6.436097	 19.357820	 32.910680	-5.387433	 19.254410	-57.899170	 18.466570	 10.398590	 33.996140	-3.686892	 9.480865	 35.137450	-0.646625	 10.763470	-53.750010	-51.281710	-9.954659	 11.445530	 23.982090	-0.549087	 0.208112	 14.789960	-0.368235	 3.437935	-0.000006	 0.000001	 90.000000	-90.000000	 0.000000	-86.406780	 177.642400	 8.601227	 111.084700	-0.813313	 0.122417	-8.559153	 12.236280	 10.972310	 52.931600	-1.045101	 10.743230	-0.604093	-2.262662	 22.375880	-11.302420	-11.666870	-4.636809	 35.944760	 2.477604	-1.136251	 35.323130	 2.739605	 0.675539	-52.364380	-0.352786	 1.276010	 35.556880	-0.202300	 3.178487	 36.024460	 2.411833	 5.494030	-52.520430	 39.007590	 20.375220	 27.137660	-6.436093	 19.357820	 32.910680	-5.387434	 19.254410	-57.899150	 18.466580	 10.398590	 33.996150	-3.686890	 9.480865	 35.137440	-0.646626	 10.763470	-53.750010	-51.281720	-9.954665	 11.445540	 23.982080	-0.549088	 0.208112	 14.789960	-0.368242	 3.437935	 0.000000	 90.000000	 0.000000	 177.641500	 1.693646	 173.691800	-177.179200	-1.281514	-6.296279
-0.001963	 0.002454	-0.116118	 179.305400	 0.221747	-89.965800	-0.000021	 0.000000	 0.000000	-0.000021	 0.000000	 0.000000	-3.525149	 11.225090	 114.920700	-0.813313	 0.122417	-8.559153	-39.721840	-22.971270	 34.504040	-46.877240	 33.730030	 8.058828	-1.508344	 27.119350	 0.905986	-11.666870	-4.636808	 35.944750	 2.477603	-1.136251	 35.323120	 2.739605	 0.675539	-52.364350	-0.352786	 1.276010	 35.556880	-0.202301	 3.178486	 36.024460	 2.411832	 5.494030	-52.520410	 39.007590	 20.375220	 27.137650	-6.436097	 19.357820	 32.910680	-5.387433	 19.254410	-57.899170	 18.466570	 10.398590	 33.996140	-3.686892	 9.480865	 35.137450	-0.646625	 10.763470	-53.750010	-51.281710	-9.954659	 11.445530	 23.982090	-0.549087	 0.208112	 14.789960	-0.368235	 3.437935	-0.000006	 0.000001	 90.000000	-90.000000	 0.000000	-86.406780	 177.642400	 8.601227	 111.084700	-0.813313	 0.122417	-8.559153	 12.236280	 10.972310	 52.931600	-1.045101	 10.743230	-0.604093	-2.262662	 22.375880	-11.302420	-11.666870	-4.636809	 35.944760	 2.477604	-1.136251	 35.323130	 2.739605	 0.675539	-52.364380	-0.352786	 1.276010	 35.556880	-0.202300	 3.178487	 36.024460	 2.411833	 5.494030	-52.520430	 39.007590	 20.375220	 27.137660	-6.436093	 19.357820	 32.910680	-5.387434	 19.254410	-57.899150	 18.466580	 10.398590	 33.996150	-3.686890	 9.480865	 35.137440	-0.646626	 10.763470	-53.750010	-51.281720	-9.954665	 11.445540	 23.982080	-0.549088	 0.208112	 14.789960	-0.368242	 3.437935	 0.000000	 90.000000	 0.000000	 177.641500	 1.693646	 173.691800	-177.179200	-1.281514	-6.296279
-0.001963	 0.002454	-0.116118	 179.305400	 0.221747	-89.965800	-0.000021	 0.000000	 0.000000	-0.000021	 0.000000	 0.000000	-3.525149	 11.225090	 114.920700	-0.813313	 0.122417	-8.559153	-39.721840	-22.971270	 34.504040	-46.877240	 33.730030	 8.058828	-1.508344	 27.119350	 0.905986	-11.666870	-4.636808	 35.944750	 2.477603	-1.136251	 35.323120	 2.739605	 0.675539	-52.364350	-0.352786	 1.276010	 35.556880	-0.202301	 3.178486	 36.024460	 2.411832	 5.494030	-52.520410	 39.007590	 20.375220	 27.137650	-6.436097	 19.357820	 32.910680	-5.387433	 19.254410	-57.899170	 18.466570	 10.398590	 33.996140	-3.686892	 9.480865	 35.137450	-0.646625	 10.763470	-53.750010	-51.281710	-9.954659	 11.445530	 23.982090	-0.549087	 0.208112	 14.789960	-0.368235	 3.437935	-0.000006	 0.000001	 90.000000	-90.000000	 0.000000	-86.406780	 177.642400	 8.601227	 111.084700	-0.813313	 0.122417	-8.559153	 12.236280	 10.972310	 52.931600	-1.045101	 10.743230	-0.604093	-2.262662	 22.375880	-11.302420	-11.666870	-4.636809	 35.944760	 2.477604	-1.136251	 35.323130	 2.739605	 0.675539	-52.364380	-0.352786	 1.276010	 35.556880	-0.202300	 3.178487	 36.024460	 2.411833	 5.494030	-52.520430	 39.007590	 20.375220	 27.137660	-6.436093	 19.357820	 32.910680	-5.387434	 19.254410	-57.899150	 18.466580	 10.398590	 33.996150	-3.686890	 9.480865	 35.137440	-0.646626	 10.763470	-53.750010	-51.281720	-9.954665	 11.445540	 23.982080	-0.549088	 0.208112	 14.789960	-0.368242	 3.437935	 0.000000	 90.000000	 0.000000	 177.641500	 1.693646	 173.691800	-177.179200	-1.281514	-6.296279
-0.001963	 0.002454	-0.116118	 179.305400	 0.221747	-89.965800	-0.000021	 0.000000	 0.000000	-0.000021	 0.000000	 0.000000	-3.525149	 11.225090	 114.920700	-0.813313	 0.122417	-8.559153	-39.721840	-22.971270	 34.504040	-46.877240	 33.730030	 8.058828	-1.508344	 27.119350	 0.905986	-11.666870	-4.636808	 35.944750	 2.477603	-1.136251	 35.323120	 2.739605	 0.675539	-52.364350	-0.352786	 1.276010	 35.556880	-0.202301	 3.178486	 36.024460	 2.411832	 5.494030	-52.520410	 39.007590	 20.375220	 27.137650	-6.436097	 19.357820	 32.910680	-5.387433	 19.254410	-57.899170	 18.466570	 10.398590	 33.996140	-3.686892	 9.480865	 35.137450	-0.646625	 10.763470	-53.750010	-51.281710	-9.954659	 11.445530	 23.982090	-0.549087	 0.208112	 14.789960	-0.368235	 3.437935	-0.000006	 0.000001	 90.000000	-90.000000	 0.000000	-86.406780	 177.642400	 8.601227	 111.084700	-0.813313	 0.122417	-8.559153	 12.236280	 10.972310	 52.931600	-1.045101	 10.743230	-0.604093	-2.262662	 22.375880	-11.302420	-11.666870	-4.636809	 35.944760	 2.477604	-1.136251	 35.323130	 2.739605	 0.675539	-52.364380	-0.352786	 1.276010	 35.556880	-0.202300	 3.178487	 36.024460	 2.411833	 5.494030	-52.520430	 39.007590	 20.375220	 27.137660	-6.436093	 19.357820	 32.910680	-5.387434	 19.254410	-57.899150	 18.466580	 10.398590	 33.996150	-3.686890	 9.480865	 35.137440	-0.646626	 10.763470	-53.750010	-51.281720	-9.954665	 11.445540	 23.982080	-0.549088	 0.208112	 14.789960	-0.368242	 3.437935	 0.000000	 90.000000	 0.000000	 177.641500	 1.693646	 173.691800	-177.179200	-1.281514	-6.296279
-0.001963	 0.002454	-0.116118	 179.305400	 0.221747	-89.965800	-0.000021	 0.000000	 0.000000	-0.000021	 0.000000	 0.000000	-3.525149	 11.225090	 114.920700	-0.813313	 0.122417	-8.559153	-39.721840	-22.971270	 34.504040	-46.877240	 33.730030	 8.058828	-1.508344	 27.119350	 0.905986	-11.666870	-4.636808	 35.944750	 2.477603	-1.136251	 35.323120	 2.739605	 0.675539	-52.364350	-0.352786	 1.276010	 35.556880	-0.202301	 3.178486	 36.024460	 2.411832	 5.494030	-52.520410	 39.007590	 20.375220	 27.137650	-6.436097	 19.357820	 32.910680	-5.387433	 19.254410	-57.899170	 18.466570	 10.398590	 33.996140	-3.686892	 9.480865	 35.137450	-0.646625	 10.763470	-53.750010	-51.281710	-9.954659	 11.445530	 23.982090	-0.549087	 0.208112	 14.789960	-0.368235	 3.437935	-0.000006	 0.000001	 90.000000	-90.000000	 0.000000	-86.406780	 177.642400	 8.601227	 111.084700	-0.813313	 0.122417	-8.559153	 12.236280	 10.972310	 52.931600	-1.045101	 10.743230	-0.604093	-2.262662	 22.375880	-11.302420	-11.666870	-4.636809	 35.944760	 2.477604	-1.136251	 35.323130	 2.739605	 0.675539	-52.364380	-0.352786	 1.276010	 35.556880	-0.202300	 3.178487	 36.024460	 2.411833	 5.494030	-52.520430	 39.007590	 20.375220	 27.137660	-6.436093	 19.357820	 32.910680	-5.387434	 19.254410	-57.899150	 18.466580	 10.398590	 33.996150	-3.686890	 9.480865	 35.137440	-0.646626	 10.763470	-53.750010	-51.281720	-9.954665	 11.445540	 23.982080	-0.549088	 0.208112	 14.789960	-0.368242	 3.437935	 0.000000	 90.000000	 0.000000	 177.641500	 1.693646	 173.691800	-177.179200	-1.281514	-6.296279
-0.001963	 0.002454	-0.116118	 179.305400	 0.221747	-89.965800	-0.000021	 0.000000	 0.000000	-0.000021	 0.000000	 0.000000	-3.525149	 11.225090	 114.920700	-0.813313	 0.122417	-8.559153	-39.721840	-22.971270	 34.504040	-46.877240	 33.730030	 8.058828	-1.508344	 27.119350	 0.905986	-11.666870	-4.636808	 35.944750	 2.477603	-1.136251	 35.323120	 2.739605	 0.675539	-52.364350	-0.352786	 1.276010	 35.556880	-0.202301	 3.178486	 36.024460	 2.411832	 5.494030	-52.520410	 39.007590	 20.375220	 27.137650	-6.436097	 19.357820	 32.910680	-5.387433	 19.254410	-57.899170	 18.466570	 10.398590	 33.996140	-3.686892	 9.480865	 35.137450	-0.646625	 10.763470	-53.750010	-51.281710	-9.954659	 11.445530	 23.982090	-0.549087	 0.208112	 14.789960	-0.368235	 3.437935	-0.000006	 0.000001	 90.000000	-90.000000	 0.000000	-86.406780	 177.642400	 8.601227	 111.084700	-0.813313	 0.122417	-8.559153	 12.236280	 10.972310	 52.931600	-1.045101	 10.743230	-0.604093	-2.262662	 22.375880	-11.302420	-11.666870	-4.636809	 35.944760	 2.477604	-1.136251	 35.323130	 2.739605	 0.675539	-52.364380	-0.352786	 1.276010	 35.556880	-0.202300	 3.178487	 36.024460	 2.411833	 5.494030	-52.520430	 39.007590	 20.375220	 27.137660	-6.436093	 19.357820	 32.910680	-5.387434	 19.254410	-57.899150	 18.466580	 10.398590	 33.996150	-3.686890	 9.480865	 35.137440	-0.646626	 10.763470	-53.750010	-51.281720	-9.954665	 11.445540	 23.982080	-0.549088	 0.208112	 14.789960	-0.368242	 3.437935	 0.000000	 90.000000	 0.000000	 177.641500	 1.693646	 173.691800	-177.179200	-1.281514	-6.296279
-0.001963	 0.002454	-0.116118	 179.305400	 0.221747	-89.965800	-0.000021	 0.000000	 0.000000	-0.000021	 0.000000	 0.000000	-3.525149	 11.225090	 114.920700	-0.813313	 0.122417	-8.559153	-39.721840	-22.971270	 34.504040	-46.877240	 33.730030	 8.058828	-1.508344	 27.119350	 0.905986	-11.666870	-4.636808	 35.944750	 2.477603	-1.136251	 35.323120	 2.739605	 0.675539	-52.364350	-0.352786	 1.276010	 35.556880	-0.202301	 3.178486	 36.024460	 2.411832	 5.494030	-52.520410	 39.007590	 20.375220	 27.137650	-6.436097	 19.357820	 32.910680	-5.387433	 19.254410	-57.899170	 18.466570	 10.398590	 33.996140	-3.686892	 9.480865	 35.137450	-0.646625	 10.763470	-53.750010	-51.281710	-9.954659	 11.445530	 23.982090	-0.549087	 0.208112	 14.789960	-0.368235	 3.437935	-0.000006	 0.000001	 90.000000	-90.000000	 0.000000	-86.406780	 177.642400	 8.601227	 111.084700	-0.813313	 0.122417	-8.559153	 12.236280	 10.972310	 52.931600	-1.045101	 10.743230	-0.604093	-2.262662	 22.375880	-11.302420	-11.666870	-4.636809	 35.944760	 2.477604	-1.136251	 35.323130	 2.739605	 0.675539	-52.364380	-0.352786	 1.276010	 35.556880	-0.202300	 3.178487	 36.024460	 2.411833	 5.494030	-52.520430	 39.007590	 20.375220	 27.137660	-6.436093	 19.357820	 32.910680	-5.387434	 19.254410	-57.899150	 18.466580	 10.398590	 33.996150	-3.686890	 9.480865	 35.137440	-0.646626	 10.763470	-53.750010	-51.281720	-9.954665	 11.445540	 23.982080	-0.549088	 0.208112	 14.789960	-0.368242	 3.437935	 0.000000	 90.000000	 0.000000	 177.641500	 1.693646	 173.691800	-177.179200	-1.281514	-6.296279
-0.001963	 0.002454	-0.116118	 179.305400	 0.221747	-89.965800	-0.000021	 0.000000	 0.000000	-0.000021	 0.000000	 0.000000	-3.525149	 11.225090	 114.920700	-0.813313	 0.122417	-8.559153	-39.721840	-22.971270	 34.504040	-46.877240	 33.730030	 8.058828	-1.508344	 27.119350	 0.905986	-11.666870	-4.636808	 35.944750	 2.477603	-1.136251	 35.323120	 2.739605	 0.675539	-52.364350	-0.352786	 1.276010	 35.556880	-0.202301	 3.178486	 36.024460	 2.411832	 5.494030	-52.520410	 39.007590	 20.375220	 27.137650	-6.436097	 19.357820	 32.910680	-5.387433	 19.254410	-57.899170	 18.466570	 10.398590	 33.996140	-3.686892	 9.480865	 35.137450	-0.646625	 10.763470	-53.750010	-51.281710	-9.954659	 11.445530	 23.982090	-0.549087	 0.208112	 14.789960	-0.368235	 3.437935	-0.000006	 0.000001	 90.000000	-90.000000	 0.000000	-86.406780	 177.642400	 8.601227	 111.084700	-0.813313	 0.122417	-8.559153	 12.236280	 10.972310	 52.931600	-1.045101	 10.743230	-0.604093	-2.262662	 22.375880	-11.302420	-11.666870	-4.636809	 35.944760	 2.477604	-1.136251	 35.323130	 2.739605	 0.675539	-52.364380	-0.352786	 1.276010	 35.556880	-0.202300	 3.178487	 36.024460	 2.411833	 5.494030	-52.520430	 39.007590	 20.375220	 27.137660	-6.436093	 19.357820	 32.910680	-5.387434	 19.254410	-57.899150	 18.466580	 10.398590	 33.996150	-3.686890	 9.480865	 35.137440	-0.646626	 10.763470	-53.750010	-51.281720	-9.954665	 11.445540	 23.982080	-0.549088	 0.208112	 14.789960	-0.368242	 3.437935	 0.000000	 90.000000	 0.000000	 177.641500	 1.693646	 173.691800	-177.179200	-1.281514	-6.296279
-0.001963	 0.002454	-0.116118	 179.305400	 0.221747	-89.965800	-0.000021	 0.000000	 0.000000	-0.000021	 0.000000	 0.000000	-3.525149	 11.225090	 114.920700	-0.813313	 0.122417	-8.559153	-39.721840	-22.971270	 34.504040	-46.877240	 33.730030	 8.058828	-1.508344	 27.119350	 0.905986	-11.666870	-4.636808	 35.944750	 2.477603	-1.136251	 35.323120	 2.739605	 0.675539	-52.364350	-0.352786	 1.276010	 35.556880	-0.202301	 3.178486	 36.024460	 2.411832	 5.494030	-52.520410	 39.007590	 20.375220	 27.137650	-6.436097	 19.357820	 32.910680	-5.387433	 19.254410	-57.899170	 18.466570	 10.398590	 33.996140	-3.686892	 9.480865	 35.137450	-0.646625	 10.763470	-53.750010	-51.281710	-9.954659	 11.445530	 23.982090	-0.549087	 0.208112	 14.789960	-0.368235	 3.437935	-0.000006	 0.000001	 90.000000	-90.000000	 0.000000	-86.406780	 177.642400	 8.601227	 111.084700	-0.813313	 0.122417	-8.559153	 12.236280	 10.972310	 52.931600	-1.045101	 10.743230	-0.604093	-2.262662	 22.375880	-11.302420	-11.666870	-4.636809	 35.944760	 2.477604	-1.136251	 35.323130	 2.739605	 0.675539	-52.364380	-0.352786	 1.276010	 35.556880	-0.202300	 3.178487	 36.024460	 2.411833	 5.494030	-52.520430	 39.007590	 20.375220	 27.137660	-6.436093	 19.357820	 32.910680	-5.387434	 19.254410	-57.899150	 18.466580	 10.398590	 33.996150	-3.686890	 9.480865	 35.137440	-0.646626	 10.763470	-53.750010	-51.281720	-9.954665	 11.445540	 23.982080	-0.549088	 0.208112	 14.789960	-0.368242	 3.437935	 0.000000	 90.000000	 0.000000	 177.641500	 1.693646	 173.691800	-177.179200	-1.281514	-6.296279
-0.001963	 0.002454	-0.116118	 179.305400	 0.221747	-89.965800	-0.000021	 0.000000	 0.000000	-0.000021	 0.000000	 0.000000	-3.525149	 11.225090	 114.920700	-0.813313	 0.122417	-8.559153	-39.721840	-22.971270	 34.504040	-46.877240	 33.730030	 8.058828	-1.508344	 27.119350	 0.905986	-11.666870	-4.636808	 35.944750	 2.477603	-1.136251	 35.323120	 2.739605	 0.675539	-52.364350	-0.352786	 1.276010	 35.556880	-0.202301	 3.178486	 36.024460	 2.411832	 5.494030	-52.520410	 39.007590	 20.375220	 27.137650	-6.436097	 19.357820	 32.910680	-5.387433	 19.254410	-57.899170	 18.466570	 10.398590	 33.996140	-3.686892	 9.480865	 35.137450	-0.646625	 10.763470	-53.750010	-51.281710	-9.954659	 11.445530	 23.982090	-0.549087	 0.208112	 14.789960	-0.368235	 3.437935	-0.000006	 0.000001	 90.000000	-90.000000	 0.000000	-86.406780	 177.642400	 8.601227	 111.084700	-0.813313	 0.122417	-8.559153	 12.236280	 10.972310	 52.931600	-1.045101	 10.743230	-0.604093	-2.262662	 22.375880	-11.302420	-11.666870	-4.636809	 35.944760	 2.477604	-1.136251	 35.323130	 2.739605	 0.675539	-52.364380	-0.352786	 1.276010	 35.556880	-0.202300	 3.178487	 36.024460	 2.411833	 5.494030	-52.520430	 39.007590	 20.375220	 27.137660	-6.436093	 19.357820	 32.910680	-5.387434	 19.254410	-57.899150	 18.466580	 10.398590	 33.996150	-3.686890	 9.480865	 35.137440	-0.646626	 10.763470	-53.750010	-51.281720	-9.954665	 11.445540	 23.982080	-0.549088	 0.208112	 14.789960	-0.368242	 3.437935	 0.000000	 90.000000	 0.000000	 177.641500	 1.693646	 173.691800	-177.179200	-1.281514	-6.296279
-0.001963	 0.002454	-0.116118	 179.305400	 0.221747	-89.965800	-0.000021	 0.000000	 0.000000	-0.000021	 0.000000	 0.000000	-3.525149	 11.225090	 114.920700	-0.813313	 0.122417	-8.559153	-39.721840	-22.971270	 34.504040	-46.877240	 33.730030	 8.058828	-1.508344	 27.119350	 0.905986	-11.666870	-4.636808	 35.944750	 2.477603	-1.136251	 35.323120	 2.739605	 0.675539	-52.364350	-0.352786	 1.276010	 35.556880	-0.202301	 3.178486	 36.024460	 2.411832	 5.494030	-52.520410	 39.007590	 20.375220	 27.137650	-6.436097	 19.357820	 32.910680	-5.387433	 19.254410	-57.899170	 18.466570	 10.398590	 33.996140	-3.686892	 9.480865	 35.137450	-0.646625	 10.763470	-53.750010	-51.281710	-9.954659	 11.445530	 23.982090	-0.549087	 0.208112	 14.789960	-0.368235	 3.437935	-0.000006	 0.000001	 90.000000	-90.000000	 0.000000	-86.406780	 177.642400	 8.601227	 111.084700	-0.813313	 0.122417	-8.559153	 12.236280	 10.972310	 52.931600	-1.045101	 10.743230	-0.604093	-2.262662	 22.375880	-11.302420	-11.666870	-4.636809	 35.944760	 2.477604	-1.136251	 35.323130	 2.739605	 0.675539	-52.364380	-0.352786	 1.276010	 35.556880	-0.202300	 3.178487	 36.024460	 2.411833	 5.494030	-52.520430	 39.007590	 20.375220	 27.137660	-6.436093	 19.357820	 32.910680	-5.387434	 19.254410	-57.899150	 18.466580	 10.398590	 33.996150	-3.686890	 9.480865	 35.137440	-0.646626	 10.763470	-53.750010	-51.281720	-9.954665	 11.445540	 23.982080	-0.549088	 0.208112	 14.789960	-0.368242	 3.437935	 0.000000	 90.000000	 0.000000	 177.641500	 1.693646	 173.691800	-177.179200	-1.281514	-6.296279
-0.001963	 0.002454	-0.116118	 179.305400	 0.221747	-89.965800	-0.000021	 0.000000	 0.000000	-0.000021	 0.000000	 0.000000	-3.525149	 11.225090	 114.920700	-0.813313	 0.122417	-8.559153	-39.721840	-22.971270	 34.504040	-46.877240	 33.730030	 8.058828	-1.508344	 27.119350	 0.905986	-11.666870	-4.636808	 35.944750	 2.477603	-1.136251	 35.323120	 2.739605	 0.675539	-52.364350	-0.352786	 1.276010	 35.556880	-0.202301	 3.178486	 36.024460	 2.411832	 5.494030	-52.520410	 39.007590	 20.375220	 27.137650	-6.436097	 19.357820	 32.910680	-5.387433	 19.254410	-57.899170	 18.466570	 10.398590	 33.996140	-3.686892	 9.480865	 35.137450	-0.646625	 10.763470	-53.750010	-51.281710	-9.954659	 11.445530	 23.982090	-0.549087	 0.208112	 14.789960	-0.368235	 3.437935	-0.000006	 0.000001	 90.000000	-90.000000	 0.000000	-86.406780	 177.642400	 8.601227	 111.084700	-0.813313	 0.122417	-8.559153	 12.236280	 10.972310	 52.931600	-1.045101	 10.743230	-0.604093	-2.262662	 22.375880	-11.302420	-11.666870	-4.636809	 35.944760	 2.477604	-1.136251	 35.323130	 2.739605	 0.675539	-52.364380	-0.352786	 1.276010	 35.556880	-0.202300	 3.178487	 36.024460	 2.411833	 5.494030	-52.520430	 39.007590	 20.375220	 27.137660	-6.436093	 19.357820	 32.910680	-5.387434	 19.254410	-57.899150	 18.466580	 10.398590	 33.996150	-3.686890	 9.480865	 35.137440	-0.646626	 10.763470	-53.750010	-51.281720	-9.954665	 11.445540	 23.982080	-0.549088	 0.208112	 14.789960	-0.368242	 3.437935	 0.000000	 90.000000	 0.000000	 177.641500	 1.693646	 173.691800	-177.179200	-1.281514	-6.296279
-0.001963	 0.002454	-0.116118	 179.305400	 0.221747	-89.965800	-0.000021	 0.000000	 0.000000	-0.000021	 0.000000	 0.000000	-3.525149	 11.225090	 114.920700	-0.813313	 0.122417	-8.559153	-39.721840	-22.971270	 34.504040	-46.877240	 33.730030	 8.058828	-1.508344	 27.119350	 0.905986	-11.666870	-4.636808	 35.944750	 2.477603	-1.136251	 35.323120	 2.739605	 0.675539	-52.364350	-0.352786	 1.276010	 35.556880	-0.202301	 3.178486	 36.024460	 2.411832	 5.494030	-52.520410	 39.007590	 20.375220	 27.137650	-6.436097	 19.357820	 32.910680	-5.387433	 19.254410	-57.899170	 18.466570	 10.398590	 33.996140	-3.686892	 9.480865	 35.137450	-0.646625	 10.763470	-53.750010	-51.281710	-9.954659	 11.445530	 23.982090	-0.549087	 0.208112	 14.789960	-0.368235	 3.437935	-0.000006	 0.000001	 90.000000	-90.000000	 0.000000	-86.406780	 177.642400	 8.601227	 111.084700	-0.813313	 0.122417	-8.559153	 12.236280	 10.972310	 52.931600	-1.045101	 10.743230	-0.604093	-2.262662	 22.375880	-11.302420	-11.666870	-4.636809	 35.944760	 2.477604	-1.136251	 35.323130	 2.739605	 0.675539	-52.364380	-0.352786	 1.276010	 35.556880	-0.202300	 3.178487	 36.024460	 2.411833	 5.494030	-52.520430	 39.007590	 20.375220	 27.137660	-6.436093	 19.357820	 32.910680	-5.387434	 19.254410	-57.899150	 18.466580	 10.398590	 33.996150	-3.686890	 9.480865	 35.137440	-0.646626	 10.763470	-53.750010	-51.281720	-9.954665	 11.445540	 23.982080	-0.549088	 0.208112	 14.789960	-0.368242	 3.437935	 0.000000	 90.000000	 0.000000	 177.641500	 1.693646	 173.691800	-177.179200	-1.281514	-6.296279
-0.001963	 0.002454	-0.116118	 179.305400	 0.221747	-89.965800	-0.000021	 0.000000	 0.000000	-0.000021	 0.000000	 0.000000	-3.525149	 11.225090	 114.920700	-0.813313	 0.122417	-8.559153	-39.721840	-22.971270	 34.504040	-46.877240	 33.730030	 8.058828	-1.508344	 27.119350	 0.905986	-11.666870	-4.636808	 35.944750	 2.477603	-1.136251	 35.323120	 2.739605	 0.675539	-52.364350	-0.352786	 1.276010	 35.556880	-0.202301	 3.178486	 36.024460	 2.411832	 5.494030	-52.520410	 39.007590	 20.375220	 27.137650	-6.436097	 19.357820	 32.910680	-5.387433	 19.254410	-57.899170	 18.466570	 10.398590	 33.996140	-3.686892	 9.480865	 35.137450	-0.646625	 10.763470	-53.750010	-51.281710	-9.954659	 11.445530	 23.982090	-0.549087	 0.208112	 14.789960	-0.368235	 3.437935	-0.000006	 0.000001	 90.000000	-90.000000	 0.000000	-86.406780	 177.642400	 8.601227	 111.084700	-0.813313	 0.122417	-8.559153	 12.236280	 10.972310	 52.931600	-1.045101	 10.743230	-0.604093	-2.262662	 22.375880	-11.302420	-11.666870	-4.636809	 35.944760	 2.477604	-1.136251	 35.323130	 2.739605	 0.675539	-52.364380	-0.352786	 1.276010	 35.556880	-0.202300	 3.178487	 36.024460	 2.411833	 5.494030	-52.520430	 39.007590	 20.375220	 27.137660	-6.436093	 19.357820	 32.910680	-5.387434	 19.254410	-57.899150	 18.466580	 10.398590	 33.996150	-3.686890	 9.480865	 35.137440	-0.646626	 10.763470	-53.750010	-51.281720	-9.954665	 11.445540	 23.982080	-0.549088	 0.208112	 14.789960	-0.368242	 3.437935	 0.000000	 90.000000	 0.000000	 177.641500	 1.693646	 173.691800	-177.179200	-1.281514	-6.296279
-0.001963	 0.002454	-0.116118	 179.305400	 0.221747	-89.965800	-0.000021	 0.000000	 0.000000	-0.000021	 0.000000	 0.000000	-3.525149	 11.225090	 114.920700	-0.813313	 0.122417	-8.559153	-39.721840	-22.971270	 34.504040	-46.877240	 33.730030	 8.058828	-1.508344	 27.119350	 0.905986	-11.666870	-4.636808	 35.944750	 2.477603	-1.136251	 35.323120	 2.739605	 0.675539	-52.364350	-0.352786	 1.276010	 35.556880	-0.202301	 3.178486	 36.024460	 2.411832	 5.494030	-52.520410	 39.007590	 20.375220	 27.137650	-6.436097	 19.357820	 32.910680	-5.387433	 19.254410	-57.899170	 18.466570	 10.398590	 33.996140	-3.686892	 9.480865	 35.137450	-0.646625	 10.763470	-53.750010	-51.281710	-9.954659	 11.445530	 23.982090	-0.549087	 0.208112	 14.789960	-0.368235	 3.437935	-0.000006	 0.000001	 90.000000	-90.000000	 0.000000	-86.406780	 177.642400	 8.601227	 111.084700	-0.813313	 0.122417	-8.559153	 12.236280	 10.972310	 52.931600	-1.045101	 10.743230	-0.604093	-2.262662	 22.375880	-11.302420	-11.666870	-4.636809	 35.944760	 2.477604	-1.136251	 35.323130	 2.739605	 0.675539	-52.364380	-0.352786	 1.276010	 35.556880	-0.202300	 3.178487	 36.024460	 2.411833	 5.494030	-52.520430	 39.007590	 20.375220	 27.137660	-6.436093	 19.357820	 32.910680	-5.387434	 19.254410	-57.899150	 18.466580	 10.398590	 33.996150	-3.686890	 9.480865	 35.137440	-0.646626	 10.763470	-53.750010	-51.281720	-9.954665	 11.445540	 23.982080	-0.549088	 0.208112	 14.789960	-0.368242	 3.437935	 0.000000	 90.000000	 0.000000	 177.641500	 1.693646	 173.691800	-177.179200	-1.281514	-6.296279
-0.001963	 0.002454	-0.116118	 179.305400	 0.221747	-89.965800	-0.000021	 0.000000	 0.000000	-0.000021	 0.000000	 0.000000	-3.525149	 11.225090	 114.920700	-0.813313	 0.122417	-8.559153	-39.721840	-22.971270	 34.504040	-46.877240	 33.730030	 8.058828	-1.508344	 27.119350	 0.905986	-11.666870	-4.636808	 35.944750	 2.477603	-1.136251	 35.323120	 2.739605	 0.675539	-52.364350	-0.352786	 1.276010	 35.556880	-0.202301	 3.178486	 36.024460	 2.411832	 5.494030	-52.520410	 39.007590	 20.375220	 27.137650	-6.436097	 19.357820	 32.910680	-5.387433	 19.254410	-57.899170	 18.466570	 10.398590	 33.996140	-3.686892	 9.480865	 35.137450	-0.646625	 10.763470	-53.750010	-51.281710	-9.954659	 11.445530	 23.982090	-0.549087	 0.208112	 14.789960	-0.368235	 3.437935	-0.000006	 0.000001	 90.000000	-90.000000	 0.000000	-86.406780	 177.642400	 8.601227	 111.084700	-0.813313	 0.122417	-8.559153	 12.236280	 10.972310	 52.931600	-1.045101	 10.743230	-0.604093	-2.262662	 22.375880	-11.302420	-11.666870	-4.636809	 35.944760	 2.477604	-1.136251	 35.323130	 2.739605	 0.675539	-52.364380	-0.352786	 1.276010	 35.556880	-0.202300	 3.178487	 36.024460	 2.411833	 5.494030	-52.520430	 39.007590	 20.375220	 27.137660	-6.436093	 19.357820	 32.910680	-5.387434	 19.254410	-57.899150	 18.466580	 10.398590	 33.996150	-3.686890	 9.480865	 35.137440	-0.646626	 10.763470	-53.750010	-51.281720	-9.954665	 11.445540	 23.982080	-0.549088	 0.208112	 14.789960	-0.368242	 3.437935	 0.000000	 90.000000	 0.000000	 177.641500	 1.693646	 173.691800	-177.179200	-1.281514	-6.296279
-0.001963	 0.002454	-0.116118	 179.305400	 0.221747	-89.965800	-0.000021	 0.000000	 0.000000	-0.000021	 0.000000	 0.000000	-3.525149	 11.225090	 114.920700	-0.813313	 0.122417	-8.559153	-39.721840	-22.971270	 34.504040	-46.877240	 33.730030	 8.058828	-1.508344	 27.119350	 0.905986	-11.666870	-4.636808	 35.944750	 2.477603	-1.136251	 35.323120	 2.739605	 0.675539	-52.364350	-0.352786	 1.276010	 35.556880	-0.202301	 3.178486	 36.024460	 2.411832	 5.494030	-52.520410	 39.007590	 20.375220	 27.137650	-6.436097	 19.357820	 32.910680	-5.387433	 19.254410	-57.899170	 18.466570	 10.398590	 33.996140	-3.686892	 9.480865	 35.137450	-0.646625	 10.763470	-53.750010	-51.281710	-9.954659	 11.445530	 23.982090	-0.549087	 0.208112	 14.789960	-0.368235	 3.437935	-0.000006	 0.000001	 90.000000	-90.000000	 0.000000	-86.406780	 177.642400	 8.601227	 111.084700	-0.813313	 0.122417	-8.559153	 12.236280	 10.972310	 52.931600	-1.045101	 10.743230	-0.604093	-2.262662	 22.375880	-11.302420	-11.666870	-4.636809	 35.944760	 2.477604	-1.136251	 35.323130	 2.739605	 0.675539	-52.364380	-0.352786	 1.276010	 35.556880	-0.202300	 3.178487	 36.024460	 2.411833	 5.494030	-52.520430	 39.007590	 20.375220	 27.137660	-6.436093	 19.357820	 32.910680	-5.387434	 19.254410	-57.899150	 18.466580	 10.398590	 33.996150	-3.686890	 9.480865	 35.137440	-0.646626	 10.763470	-53.750010	-51.281720	-9.954665	 11.445540	 23.982080	-0.549088	 0.208112	 14.789960	-0.368242	 3.437935	 0.000000	 90.000000	 0.000000	 177.641500	 1.693646	 173.691800	-177.179200	-1.281514	-6.296279
-0.001963	 0.002454	-0.116118	 179.305400	 0.221747	-89.965800	-0.000021	 0.000000	 0.000000	-0.000021	 0.000000	 0.000000	-3.525149	 11.225090	 114.920700	-0.813313	 0.122417	-8.559153	-39.721840	-22.971270	 34.504040	-46.877240	 33.730030	 8.058828	-1.508344	 27.119350	 0.905986	-11.666870	-4.636808	 35.944750	 2.477603	-1.136251	 35.323120	 2.739605	 0.675539	-52.364350	-0.352786	 1.276010	 35.556880	-0.202301	 3.178486	 36.024460	 2.411832	 5.494030	-52.520410	 39.007590	 20.375220	 27.137650	-6.436097	 19.357820	 32.910680	-5.387433	 19.254410	-57.899170	 18.466570	 10.398590	 33.996140	-3.686892	 9.480865	 35.137450	-0.646625	 10.763470	-53.750010	-51.281710	-9.954659	 11.445530	 23.982090	-0.549087	 0.208112	 14.789960	-0.368235	 3.437935	-0.000006	 0.000001	 90.000000	-90.000000	 0.000000	-86.406780	 177.642400	 8.601227	 111.084700	-0.813313	 0.122417	-8.559153	 12.236280	 10.972310	 52.931600	-1.045101	 10.743230	-0.604093	-2.262662	 22.375880	-11.302420	-11.666870	-4.636809	 35.944760	 2.477604	-1.136251	 35.323130	 2.739605	 0.675539	-52.364380	-0.352786	 1.276010	 35.556880	-0.202300	 3.178487	 36.024460	 2.411833	 5.494030	-52.520430	 39.007590	 20.375220	 27.137660	-6.436093	 19.357820	 32.910680	-5.387434	 19.254410	-57.899150	 18.466580	 10.398590	 33.996150	-3.686890	 9.480865	 35.137440	-0.646626	 10.763470	-53.750010	-51.281720	-9.954665	 11.445540	 23.982080	-0.549088	 0.208112	 14.789960	-0.368242	 3.437935	 0.000000	 90.000000	 0.000000	 177.641500	 1.693646	 173.691800	-177.179200	-1.281514	-6.296279
-0.001963	 0.002454	-0.116118	 179.305400	 0.221747	-89.965800	-0.000021	 0.000000	 0.000000	-0.000021	 0.000000	 0.000000	-3.525149	 11.225090	 114.920700	-0.813313	 0.122417	-8.559153	-39.721840	-22.971270	 34.504040	-46.877240	 33.730030	 8.058828	-1.508344	 27.119350	 0.905986	-11.666870	-4.636808	 35.944750	 2.477603	-1.136251	 35.323120	 2.739605	 0.675539	-52.364350	-0.352786	 1.276010	 35.556880	-0.202301	 3.178486	 36.024460	 2.411832	 5.494030	-52.520410	 39.007590	 20.375220	 27.137650	-6.436097	 19.357820	 32.910680	-5.387433	 19.254410	-57.899170	 18.466570	 10.398590	 33.996140	-3.686892	 9.480865	 35.137450	-0.646625	 10.763470	-53.750010	-51.281710	-9.954659	 11.445530	 23.982090	-0.549087	 0.208112	 14.789960	-0.368235	 3.437935	-0.000006	 0.000001	 90.000000	-90.000000	 0.000000	-86.406780	 177.642400	 8.601227	 111.084700	-0.813313	 0.122417	-8.559153	 12.236280	 10.972310	 52.931600	-1.045101	 10.743230	-0.604093	-2.262662	 22.375880	-11.302420	-11.666870	-4.636809	 35.944760	 2.477604	-1.136251	 35.323130	 2.739605	 0.675539	-52.364380	-0.352786	 1.276010	 35.556880	-0.202300	 3.178487	 36.024460	 2.411833	 5.494030	-52.520430	 39.007590	 20.375220	 27.137660	-6.436093	 19.357820	 32.910680	-5.387434	 19.254410	-57.899150	 18.466580	 10.398590	 33.996150	-3.686890	 9.480865	 35.137440	-0.646626	 10.763470	-53.750010	-51.281720	-9.954665	 11.445540	 23.982080	-0.549088	 0.208112	 14.789960	-0.368242	 3.437935	 0.000000	 90.000000	 0.000000	 177.641500	 1.693646	 173.691800	-177.179200	-1.281514	-6.296279
-0.001963	 0.002454	-0.116118	 179.305400	 0.221747	-89.965800	-0.000021	 0.000000	 0.000000	-0.000021	 0.000000	 0.000000	-3.525149	 11.225090	 114.920700	-0.813313	 0.122417	-8.559153	-39.721840	-22.971270	 34.504040	-46.877240	 33.730030	 8.058828	-1.508344	 27.119350	 0.905986	-11.666870	-4.636808	 35.944750	 2.477603	-1.136251	 35.323120	 2.739605	 0.675539	-52.364350	-0.352786	 1.276010	 35.556880	-0.202301	 3.178486	 36.024460	 2.411832	 5.494030	-52.520410	 39.007590	 20.375220	 27.137650	-6.436097	 19.357820	 32.910680	-5.387433	 19.254410	-57.899170	 18.466570	 10.398590	 33.996140	-3.686892	 9.480865	 35.137450	-0.646625	 10.763470	-53.750010	-51.281710	-9.954659	 11.445530	 23.982090	-0.549087	 0.208112	 14.789960	-0.368235	 3.437935	-0.000006	 0.000001	 90.000000	-90.000000	 0.000000	-86.406780	 177.642400	 8.601227	 111.084700	-0.813313	 0.122417	-8.559153	 12.236280	 10.972310	 52.931600	-1.045101	 10.743230	-0.604093	-2.262662	 22.375880	-11.302420	-11.666870	-4.636809	 35.944760	 2.477604	-1.136251	 35.323130	 2.739605	 0.675539	-52.364380	-0.352786	 1.276010	 35.556880	-0.202300	 3.178487	 36.024460	 2.411833	 5.494030	-52.520430	 39.007590	 20.375220	 27.137660	-6.436093	 19.357820	 32.910680	-5.387434	 19.254410	-57.899150	 18.466580	 10.398590	 33.996150	-3.686890	 9.480865	 35.137440	-0.646626	 10.763470	-53.750010	-51.281720	-9.954665	 11.445540	 23.982080	-0.549088	 0.208112	 14.789960	-0.368242	 3.437935	 0.000000	 90.000000	 0.000000	 177.641500	 1.693646	 173.691800	-177.179200	-1.281514	-6.296279
-0.001963	 0.002454	-0.116118	 179.305400	 0.221747	-89.965800	-0.000021	 0.000000	 0.000000	-0.000021	 0.000000	 0.000000	-3.525149	 11.225090	 114.920700	-0.813313	 0.122417	-8.559153	-39.721840	-22.971270	 34.504040	-46.877240	 33.730030	 8.058828	-1.508344	 27.119350	 0.905986	-11.666870	-4.636808	 35.944750	 2.477603	-1.136251	 35.323120	 2.739605	 0.675539	-52.364350	-0.352786	 1.276010	 35.556880	-0.202301	 3.178486	 36.024460	 2.411832	 5.494030	-52.520410	 39.007590	 20.375220	 27.137650	-6.436097	 19.357820	 32.910680	-5.387433	 19.254410	-57.899170	 18.466570	 10.398590	 33.996140	-3.686892	 9.480865	 35.137450	-0.646625	 10.763470	-53.750010	-51.281710	-9.954659	 11.445530	 23.982090	-0.549087	 0.208112	 14.789960	-0.368235	 3.437935	-0.000006	 0.000001	 90.000000	-90.000000	 0.000000	-86.406780	 177.642400	 8.601227	 111.084700	-0.813313	 0.122417	-8.559153	 12.236280	 10.972310	 52.931600	-1.045101	 10.743230	-0.604093	-2.262662	 22.375880	-11.302420	-11.666870	-4.636809	 35.944760	 2.477604	-1.136251	 35.323130	 2.739605	 0.675539	-52.364380	-0.352786	 1.276010	 35.556880	-0.202300	 3.178487	 36.024460	 2.411833	 5.494030	-52.520430	 39.007590	 20.375220	 27.137660	-6.436093	 19.357820	 32.910680	-5.387434	 19.254410	-57.899150	 18.466580	 10.398590	 33.996150	-3.686890	 9.480865	 35.137440	-0.646626	 10.763470	-53.750010	-51.281720	-9.954665	 11.445540	 23.982080	-0.549088	 0.208112	 14.789960	-0.368242	 3.437935	 0.000000	 90.000000	 0.000000	 177.641500	 1.693646	 173.691800	-177.179200	-1.281514	-6.296279
-0.001963	 0.002454	-0.116118	 179.305400	 0.221747	-89.965800	-0.000021	 0.000000	 0.000000	-0.000021	 0.000000	 0.000000	-3.525149	 11.225090	 114.920700	-0.813313	 0.122417	-8.559153	-39.721840	-22.971270	 34.504040	-46.877240	 33.730030	 8.058828	-1.508344	 27.119350	 0.905986	-11.666870	-4.636808	 35.944750	 2.477603	-1.136251	 35.323120	 2.739605	 0.675539	-52.364350	-0.352786	 1.276010	 35.556880	-0.202301	 3.178486	 36.024460	 2.411832	 5.494030	-52.520410	 39.007590	 20.375220	 27.137650	-6.436097	 19.357820	 32.910680	-5.387433	 19.254410	-57.899170	 18.466570	 10.398590	 33.996140	-3.686892	 9.480865	 35.137450	-0.646625	 10.763470	-53.750010	-51.281710	-9.954659	 11.445530	 23.982090	-0.549087	 0.208112	 14.789960	-0.368235	 3.437935	-0.000006	 0.000001	 90.000000	-90.000000	 0.000000	-86.406780	 177.642400	 8.601227	 111.084700	-0.813313	 0.122417	-8.559153	 12.236280	 10.972310	 52.931600	-1.045101	 10.743230	-0.604093	-2.262662	 22.375880	-11.302420	-11.666870	-4.636809	 35.944760	 2.477604	-1.136251	 35.323130	 2.739605	 0.675539	-52.364380	-0.352786	 1.276010	 35.556880	-0.202300	 3.178487	 36.024460	 2.411833	 5.494030	-52.520430	 39.007590	 20.375220	 27.137660	-6.436093	 19.357820	 32.910680	-5.387434	 19.254410	-57.899150	 18.466580	 10.398590	 33.996150	-3.686890	 9.480865	 35.137440	-0.646626	 10.763470	-53.750010	-51.281720	-9.954665	 11.445540	 23.982080	-0.549088	 0.208112	 14.789960	-0.368242	 3.437935	 0.000000	 90.000000	 0.000000	 177.641500	 1.693646	 173.691800	-177.179200	-1.281514	-6.296279
-0.001963	 0.002454	-0.116118	 179.305400	 0.221747	-89.965800	-0.000021	 0.000000	 0.000000	-0.000021	 0.000000	 0.000000	-3.525149	 11.225090	 114.920700	-0.813313	 0.122417	-8.559153	-39.721840	-22.971270	 34.504040	-46.877240	 33.730030	 8.058828	-1.508344	 27.119350	 0.905986	-11.666870	-4.636808	 35.944750	 2.477603	-1.136251	 35.323120	 2.739605	 0.675539	-52.364350	-0.352786	 1.276010	 35.556880	-0.202301	 3.178486	 36.024460	 2.411832	 5.494030	-52.520410	 39.007590	 20.375220	 27.137650	-6.436097	 19.357820	 32.910680	-5.387433	 19.254410	-57.899170	 18.466570	 10.398590	 33.996140	-3.686892	 9.480865	 35.137450	-0.646625	 10.763470	-53.750010	-51.281710	-9.954659	 11.445530	 23.982090	-0.549087	 0.208112	 14.789960	-0.368235	 3.437935	-0.000006	 0.000001	 90.000000	-90.000000	 0.000000	-86.406780	 177.642400	 8.601227	 111.084700	-0.813313	 0.122417	-8.559153	 12.236280	 10.972310	 52.931600	-1.045101	 10.743230	-0.604093	-2.262662	 22.375880	-11.302420	-11.666870	-4.636809	 35.944760	 2.477604	-1.136251	 35.323130	 2.739605	 0.675539	-52.364380	-0.352786	 1.276010	 35.556880	-0.202300	 3.178487	 36.024460	 2.411833	 5.494030	-52.520430	 39.007590	 20.375220	 27.137660	-6.436093	 19.357820	 32.910680	-5.387434	 19.254410	-57.899150	 18.466580	 10.398590	 33.996150	-3.686890	 9.480865	 35.137440	-0.646626	 10.763470	-53.750010	-51.281720	-9.954665	 11.445540	 23.982080	-0.549088	 0.208112	 14.789960	-0.368242	 3.437935	 0.000000	 90.000000	 0.000000	 177.641500	 1.693646	 173.691800	-177.179200	-1.281514	-6.296279
-0.001963	 0.002454	-0.116118	 179.305400	 0.221747	-89.965800	-0.000021	 0.000000	 0.000000	-0.000021	 0.000000	 0.000000	-3.525149	 11.225090	 114.920700	-0.813313	 0.122417	-8.559153	-39.721840	-22.971270	 34.504040	-46.877240	 33.730030	 8.058828	-1.508344	 27.119350	 0.905986	-11.666870	-4.636808	 35.944750	 2.477603	-1.136251	 35.323120	 2.739605	 0.675539	-52.364350	-0.352786	 1.276010	 35.556880	-0.202301	 3.178486	 36.024460	 2.411832	 5.494030	-52.520410	 39.007590	 20.375220	 27.137650	-6.436097	 19.357820	 32.910680	-5.387433	 19.254410	-57.899170	 18.466570	 10.398590	 33.996140	-3.686892	 9.480865	 35.137450	-0.646625	 10.763470	-53.750010	-51.281710	-9.954659	 11.445530	 23.982090	-0.549087	 0.208112	 14.789960	-0.368235	 3.437935	-0.000006	 0.000001	 90.000000	-90.000000	 0.000000	-86.406780	 177.642400	 8.601227	 111.084700	-0.813313	 0.122417	-8.559153	 12.236280	 10.972310	 52.931600	-1.045101	 10.743230	-0.604093	-2.262662	 22.375880	-11.302420	-11.666870	-4.636809	 35.944760	 2.477604	-1.136251	 35.323130	 2.739605	 0.675539	-52.364380	-0.352786	 1.276010	 35.556880	-0.202300	 3.178487	 36.024460	 2.411833	 5.494030	-52.520430	 39.007590	 20.375220	 27.137660	-6.436093	 19.357820	 32.910680	-5.387434	 19.254410	-57.899150	 18.466580	 10.398590	 33.996150	-3.686890	 9.480865	 35.137440	-0.646626	 10.763470	-53.750010	-51.281720	-9.954665	 11.445540	 23.982080	-0.549088	 0.208112	 14.789960	-0.368242	 3.437935	 0.000000	 90.000000	 0.000000	 177.641500	 1.693646	 173.691800	-177.179200	-1.281514	-6.296279
-0.001963	 0.002454	-0.116118	 179.305400	 0.221747	-89.965800	-0.000021	 0.000000	 0.000000	-0.000021	 0.000000	 0.000000	-3.525149	 11.225090	 114.920700	-0.813313	 0.122417	-8.559153	-39.721840	-22.971270	 34.504040	-46.877240	 33.730030	 8.058828	-1.508344	 27.119350	 0.905986	-11.666870	-4.636808	 35.944750	 2.477603	-1.136251	 35.323120	 2.739605	 0.675539	-52.364350	-0.352786	 1.276010	 35.556880	-0.202301	 3.178486	 36.024460	 2.411832	 5.494030	-52.520410	 39.007590	 20.375220	 27.137650	-6.436097	 19.357820	 32.910680	-5.387433	 19.254410	-57.899170	 18.466570	 10.398590	 33.996140	-3.686892	 9.480865	 35.137450	-0.646625	 10.763470	-53.750010	-51.281710	-9.954659	 11.445530	 23.982090	-0.549087	 0.208112	 14.789960	-0.368235	 3.437935	-0.000006	 0.000001	 90.000000	-90.000000	 0.000000	-86.406780	 177.642400	 8.601227	 111.084700	-0.813313	 0.122417	-8.559153	 12.236280	 10.972310	 52.931600	-1.045101	 10.743230	-0.604093	-2.262662	 22.375880	-11.302420	-11.666870	-4.636809	 35.944760	 2.477604	-1.136251	 35.323130	 2.739605	 0.675539	-52.364380	-0.352786	 1.276010	 35.556880	-0.202300	 3.178487	 36.024460	 2.411833	 5.494030	-52.520430	 39.007590	 20.375220	 27.137660	-6.436093	 19.357820	 32.910680	-5.387434	 19.254410	-57.899150	 18.466580	 10.398590	 33.996150	-3.686890	 9.480865	 35.137440	-0.646626	 10.763470	-53.750010	-51.281720	-9.954665	 11.445540	 23.982080	-0.549088	 0.208112	 14.789960	-0.368242	 3.437935	 0.000000	 90.000000	 0.000000	 177.641500	 1.693646	 173.691800	-177.179200	-1.281514	-6.296279
-0.001963	 0.002454	-0.116118	 179.305400	 0.221747	-89.965800	-0.000021	 0.000000	 0.000000	-0.000021	 0.000000	 0.000000	-3.525149	 11.225090	 114.920700	-0.813313	 0.122417	-8.559153	-39.721840	-22.971270	 34.504040	-46.877240	 33.730030	 8.058828	-1.508344	 27.119350	 0.905986	-11.666870	-4.636808	 35.944750	 2.477603	-1.136251	 35.323120	 2.739605	 0.675539	-52.364350	-0.352786	 1.276010	 35.556880	-0.202301	 3.178486	 36.024460	 2.411832	 5.494030	-52.520410	 39.007590	 20.375220	 27.137650	-6.436097	 19.357820	 32.910680	-5.387433	 19.254410	-57.899170	 18.466570	 10.398590	 33.996140	-3.686892	 9.480865	 35.137450	-0.646625	 10.763470	-53.750010	-51.281710	-9.954659	 11.445530	 23.982090	-0.549087	 0.208112	 14.789960	-0.368235	 3.437935	-0.000006	 0.000001	 90.000000	-90.000000	 0.000000	-86.406780	 177.642400	 8.601227	 111.084700	-0.813313	 0.122417	-8.559153	 12.236280	 10.972310	 52.931600	-1.045101	 10.743230	-0.604093	-2.262662	 22.375880	-11.302420	-11.666870	-4.636809	 35.944760	 2.477604	-1.136251	 35.323130	 2.739605	 0.675539	-52.364380	-0.352786	 1.276010	 35.556880	-0.202300	 3.178487	 36.024460	 2.411833	 5.494030	-52.520430	 39.007590	 20.375220	 27.137660	-6.436093	 19.357820	 32.910680	-5.387434	 19.254410	-57.899150	 18.466580	 10.398590	 33.996150	-3.686890	 9.480865	 35.137440	-0.646626	 10.763470	-53.750010	-51.281720	-9.954665	 11.445540	 23.982080	-0.549088	 0.208112	 14.789960	-0.368242	 3.437935	 0.000000	 90.000000	 0.000000	 177.641500	 1.693646	 173.691800	-177.179200	-1.281514	-6.296279
-0.001963	 0.002454	-0.116118	 179.305400	 0.221747	-89.965800	-0.000021	 0.000000	 0.000000	-0.000021	 0.000000	 0.000000	-3.525149	 11.225090	 114.920700	-0.813313	 0.122417	-8.559153	-39.721840	-22.971270	 34.504040	-46.877240	 33.730030	 8.058828	-1.508344	 27.119350	 0.905986	-11.666870	-4.636808	 35.944750	 2.477603	-1.136251	 35.323120	 2.739605	 0.675539	-52.364350	-0.352786	 1.276010	 35.556880	-0.202301	 3.178486	 36.024460	 2.411832	 5.494030	-52.520410	 39.007590	 20.375220	 27.137650	-6.436097	 19.357820	 32.910680	-5.387433	 19.254410	-57.899170	 18.466570	 10.398590	 33.996140	-3.686892	 9.480865	 35.137450	-0.646625	 10.763470	-53.750010	-51.281710	-9.954659	 11.445530	 23.982090	-0.549087	 0.208112	 14.789960	-0.368235	 3.437935	-0.000006	 0.000001	 90.000000	-90.000000	 0.000000	-86.406780	 177.642400	 8.601227	 111.084700	-0.813313	 0.122417	-8.559153	 12.236280	 10.972310	 52.931600	-1.045101	 10.743230	-0.604093	-2.262662	 22.375880	-11.302420	-11.666870	-4.636809	 35.944760	 2.477604	-1.136251	 35.323130	 2.739605	 0.675539	-52.364380	-0.352786	 1.276010	 35.556880	-0.202300	 3.178487	 36.024460	 2.411833	 5.494030	-52.520430	 39.007590	 20.375220	 27.137660	-6.436093	 19.357820	 32.910680	-5.387434	 19.254410	-57.899150	 18.466580	 10.398590	 33.996150	-3.686890	 9.480865	 35.137440	-0.646626	 10.763470	-53.750010	-51.281720	-9.954665	 11.445540	 23.982080	-0.549088	 0.208112	 14.789960	-0.368242	 3.437935	 0.000000	 90.000000	 0.000000	 177.641500	 1.693646	 173.691800	-177.179200	-1.281514	-6.296279
-0.001963	 0.002454	-0.116118	 179.305400	 0.221747	-89.965800	-0.000021	 0.000000	 0.000000	-0.000021	 0.000000	 0.000000	-3.525149	 11.225090	 114.920700	-0.813313	 0.122417	-8.559153	-39.721840	-22.971270	 34.504040	-46.877240	 33.730030	 8.058828	-1.508344	 27.119350	 0.905986	-11.666870	-4.636808	 35.944750	 2.477603	-1.136251	 35.323120	 2.739605	 0.675539	-52.364350	-0.352786	 1.276010	 35.556880	-0.202301	 3.178486	 36.024460	 2.411832	 5.494030	-52.520410	 39.007590	 20.375220	 27.137650	-6.436097	 19.357820	 32.910680	-5.387433	 19.254410	-57.899170	 18.466570	 10.398590	 33.996140	-3.686892	 9.480865	 35.137450	-0.646625	 10.763470	-53.750010	-51.281710	-9.954659	 11.445530	 23.982090	-0.549087	 0.208112	 14.789960	-0.368235	 3.437935	-0.000006	 0.000001	 90.000000	-90.000000	 0.000000	-86.406780	 177.642400	 8.601227	 111.084700	-0.813313	 0.122417	-8.559153	 12.236280	 10.972310	 52.931600	-1.045101	 10.743230	-0.604093	-2.262662	 22.375880	-11.302420	-11.666870	-4.636809	 35.944760	 2.477604	-1.136251	 35.323130	 2.739605	 0.675539	-52.364380	-0.352786	 1.276010	 35.556880	-0.202300	 3.178487	 36.024460	 2.411833	 5.494030	-52.520430	 39.007590	 20.375220	 27.137660	-6.436093	 19.357820	 32.910680	-5.387434	 19.254410	-57.899150	 18.466580	 10.398590	 33.996150	-3.686890	 9.480865	 35.137440	-0.646626	 10.763470	-53.750010	-51.281720	-9.954665	 11.445540	 23.982080	-0.549088	 0.208112	 14.789960	-0.368242	 3.437935	 0.000000	 90.000000	 0.000000	 177.641500	 1.693646	 173.691800	-177.179200	-1.281514	-6.296279
-0.001963	 0.002454	-0.116118	 179.305400	 0.221747	-89.965800	-0.000021	 0.000000	 0.000000	-0.000021	 0.000000	 0.000000	-3.525149	 11.225090	 114.920700	-0.813313	 0.122417	-8.559153	-39.721840	-22.971270	 34.504040	-46.877240	 33.730030	 8.058828	-1.508344	 27.119350	 0.905986	-11.666870	-4.636808	 35.944750	 2.477603	-1.136251	 35.323120	 2.739605	 0.675539	-52.364350	-0.352786	 1.276010	 35.556880	-0.202301	 3.178486	 36.024460	 2.411832	 5.494030	-52.520410	 39.007590	 20.375220	 27.137650	-6.436097	 19.357820	 32.910680	-5.387433	 19.254410	-57.899170	 18.466570	 10.398590	 33.996140	-3.686892	 9.480865	 35.137450	-0.646625	 10.763470	-53.750010	-51.281710	-9.954659	 11.445530	 23.982090	-0.549087	 0.208112	 14.789960	-0.368235	 3.437935	-0.000006	 0.000001	 90.000000	-90.000000	 0.000000	-86.406780	 177.642400	 8.601227	 111.084700	-0.813313	 0.122417	-8.559153	 12.236280	 10.972310	 52.931600	-1.045101	 10.743230	-0.604093	-2.262662	 22.375880	-11.302420	-11.666870	-4.636809	 35.944760	 2.477604	-1.136251	 35.323130	 2.739605	 0.675539	-52.364380	-0.352786	 1.276010	 35.556880	-0.202300	 3.178487	 36.024460	 2.411833	 5.494030	-52.520430	 39.007590	 20.375220	 27.137660	-6.436093	 19.357820	 32.910680	-5.387434	 19.254410	-57.899150	 18.466580	 10.398590	 33.996150	-3.686890	 9.480865	 35.137440	-0.646626	 10.763470	-53.750010	-51.281720	-9.954665	 11.445540	 23.982080	-0.549088	 0.208112	 14.789960	-0.368242	 3.437935	 0.000000	 90.000000	 0.000000	 177.641500	 1.693646	 173.691800	-177.179200	-1.281514	-6.296279
-0.001963	 0.002454	-0.116118	 179.305400	 0.221747	-89.965800	-0.000021	 0.000000	 0.000000	-0.000021	 0.000000	 0.000000	-3.525149	 11.225090	 114.920700	-0.813313	 0.122417	-8.559153	-39.721840	-22.971270	 34.504040	-46.877240	 33.730030	 8.058828	-1.508344	 27.119350	 0.905986	-11.666870	-4.636808	 35.944750	 2.477603	-1.136251	 35.323120	 2.739605	 0.675539	-52.364350	-0.352786	 1.276010	 35.556880	-0.202301	 3.178486	 36.024460	 2.411832	 5.494030	-52.520410	 39.007590	 20.375220	 27.137650	-6.436097	 19.357820	 32.910680	-5.387433	 19.254410	-57.899170	 18.466570	 10.398590	 33.996140	-3.686892	 9.480865	 35.137450	-0.646625	 10.763470	-53.750010	-51.281710	-9.954659	 11.445530	 23.982090	-0.549087	 0.208112	 14.789960	-0.368235	 3.437935	-0.000006	 0.000001	 90.000000	-90.000000	 0.000000	-86.406780	 177.642400	 8.601227	 111.084700	-0.813313	 0.122417	-8.559153	 12.236280	 10.972310	 52.931600	-1.045101	 10.743230	-0.604093	-2.262662	 22.375880	-11.302420	-11.666870	-4.636809	 35.944760	 2.477604	-1.136251	 35.323130	 2.739605	 0.675539	-52.364380	-0.352786	 1.276010	 35.556880	-0.202300	 3.178487	 36.024460	 2.411833	 5.494030	-52.520430	 39.007590	 20.375220	 27.137660	-6.436093	 19.357820	 32.910680	-5.387434	 19.254410	-57.899150	 18.466580	 10.398590	 33.996150	-3.686890	 9.480865	 35.137440	-0.646626	 10.763470	-53.750010	-51.281720	-9.954665	 11.445540	 23.982080	-0.549088	 0.208112	 14.789960	-0.368242	 3.437935	 0.000000	 90.000000	 0.000000	 177.641500	 1.693646	 173.691800	-177.179200	-1.281514	-6.296279
-0.001963	 0.002454	-0.116118	 179.305400	 0.221747	-89.965800	-0.000021	 0.000000	 0.000000	-0.000021	 0.000000	 0.000000	-3.525149	 11.225090	 114.920700	-0.813313	 0.122417	-8.559153	-39.721840	-22.971270	 34.504040	-46.877240	 33.730030	 8.058828	-1.508344	 27.119350	 0.905986	-11.666870	-4.636808	 35.944750	 2.477603	-1.136251	 35.323120	 2.739605	 0.675539	-52.364350	-0.352786	 1.276010	 35.556880	-0.202301	 3.178486	 36.024460	 2.411832	 5.494030	-52.520410	 39.007590	 20.375220	 27.137650	-6.436097	 19.357820	 32.910680	-5.387433	 19.254410	-57.899170	 18.466570	 10.398590	 33.996140	-3.686892	 9.480865	 35.137450	-0.646625	 10.763470	-53.750010	-51.281710	-9.954659	 11.445530	 23.982090	-0.549087	 0.208112	 14.789960	-0.368235	 3.437935	-0.000006	 0.000001	 90.000000	-90.000000	 0.000000	-86.406780	 177.642400	 8.601227	 111.084700	-0.813313	 0.122417	-8.559153	 12.236280	 10.972310	 52.931600	-1.045101	 10.743230	-0.604093	-2.262662	 22.375880	-11.302420	-11.666870	-4.636809	 35.944760	 2.477604	-1.136251	 35.323130	 2.739605	 0.675539	-52.364380	-0.352786	 1.276010	 35.556880	-0.202300	 3.178487	 36.024460	 2.411833	 5.494030	-52.520430	 39.007590	 20.375220	 27.137660	-6.436093	 19.357820	 32.910680	-5.387434	 19.254410	-57.899150	 18.466580	 10.398590	 33.996150	-3.686890	 9.480865	 35.137440	-0.646626	 10.763470	-53.750010	-51.281720	-9.954665	 11.445540	 23.982080	-0.549088	 0.208112	 14.789960	-0.368242	 3.437935	 0.000000	 90.000000	 0.000000	 177.641500	 1.693646	 173.691800	-177.179200	-1.281514	-6.296279
-0.001963	 0.002454	-0.116118	 179.305400	 0.221747	-89.965800	-0.000021	 0.000000	 0.000000	-0.000021	 0.000000	 0.000000	-3.525149	 11.225090	 114.920700	-0.813313	 0.122417	-8.559153	-39.721840	-22.971270	 34.504040	-46.877240	 33.730030	 8.058828	-1.508344	 27.119350	 0.905986	-11.666870	-4.636808	 35.944750	 2.477603	-1.136251	 35.323120	 2.739605	 0.675539	-52.364350	-0.352786	 1.276010	 35.556880	-0.202301	 3.178486	 36.024460	 2.411832	 5.494030	-52.520410	 39.007590	 20.375220	 27.137650	-6.436097	 19.357820	 32.910680	-5.387433	 19.254410	-57.899170	 18.466570	 10.398590	 33.996140	-3.686892	 9.480865	 35.137450	-0.646625	 10.763470	-53.750010	-51.281710	-9.954659	 11.445530	 23.982090	-0.549087	 0.208112	 14.789960	-0.368235	 3.437935	-0.000006	 0.000001	 90.000000	-90.000000	 0.000000	-86.406780	 177.642400	 8.601227	 111.084700	-0.813313	 0.122417	-8.559153	 12.236280	 10.972310	 52.931600	-1.045101	 10.743230	-0.604093	-2.262662	 22.375880	-11.302420	-11.666870	-4.636809	 35.944760	 2.477604	-1.136251	 35.323130	 2.739605	 0.675539	-52.364380	-0.352786	 1.276010	 35.556880	-0.202300	 3.178487	 36.024460	 2.411833	 5.494030	-52.520430	 39.007590	 20.375220	 27.137660	-6.436093	 19.357820	 32.910680	-5.387434	 19.254410	-57.899150	 18.466580	 10.398590	 33.996150	-3.686890	 9.480865	 35.137440	-0.646626	 10.763470	-53.750010	-51.281720	-9.954665	 11.445540	 23.982080	-0.549088	 0.208112	 14.789960	-0.368242	 3.437935	 0.000000	 90.000000	 0.000000	 177.641500	 1.693646	 173.691800	-177.179200	-1.281514	-6.296279
-0.001963	 0.002454	-0.116118	 179.305400	 0.221747	-89.965800	-0.000021	 0.000000	 0.000000	-0.000021	 0.000000	 0.000000	-3.525149	 11.225090	 114.920700	-0.813313	 0.122417	-8.559153	-39.721840	-22.971270	 34.504040	-46.877240	 33.730030	 8.058828	-1.508344	 27.119350	 0.905986	-11.666870	-4.636808	 35.944750	 2.477603	-1.136251	 35.323120	 2.739605	 0.675539	-52.364350	-0.352786	 1.276010	 35.556880	-0.202301	 3.178486	 36.024460	 2.411832	 5.494030	-52.520410	 39.007590	 20.375220	 27.137650	-6.436097	 19.357820	 32.910680	-5.387433	 19.254410	-57.899170	 18.466570	 10.398590	 33.996140	-3.686892	 9.480865	 35.137450	-0.646625	 10.763470	-53.750010	-51.281710	-9.954659	 11.445530	 23.982090	-0.549087	 0.208112	 14.789960	-0.368235	 3.437935	-0.000006	 0.000001	 90.000000	-90.000000	 0.000000	-86.406780	 177.642400	 8.601227	 111.084700	-0.813313	 0.122417	-8.559153	 12.236280	 10.972310	 52.931600	-1.045101	 10.743230	-0.604093	-2.262662	 22.375880	-11.302420	-11.666870	-4.636809	 35.944760	 2.477604	-1.136251	 35.323130	 2.739605	 0.675539	-52.364380	-0.352786	 1.276010	 35.556880	-0.202300	 3.178487	 36.024460	 2.411833	 5.494030	-52.520430	 39.007590	 20.375220	 27.137660	-6.436093	 19.357820	 32.910680	-5.387434	 19.254410	-57.899150	 18.466580	 10.398590	 33.996150	-3.686890	 9.480865	 35.137440	-0.646626	 10.763470	-53.750010	-51.281720	-9.954665	 11.445540	 23.982080	-0.549088	 0.208112	 14.789960	-0.368242	 3.437935	 0.000000	 90.000000	 0.000000	 177.641500	 1.693646	 173.691800	-177.179200	-1.281514	-6.296279
-0.001963	 0.002454	-0.116118	 179.305400	 0.221747	-89.965800	-0.000021	 0.000000	 0.000000	-0.000021	 0.000000	 0.000000	-3.525149	 11.225090	 114.920700	-0.813313	 0.122417	-8.559153	-39.721840	-22.971270	 34.504040	-46.877240	 33.730030	 8.058828	-1.508344	 27.119350	 0.905986	-11.666870	-4.636808	 35.944750	 2.477603	-1.136251	 35.323120	 2.739605	 0.675539	-52.364350	-0.352786	 1.276010	 35.556880	-0.202301	 3.178486	 36.024460	 2.411832	 5.494030	-52.520410	 39.007590	 20.375220	 27.137650	-6.436097	 19.357820	 32.910680	-5.387433	 19.254410	-57.899170	 18.466570	 10.398590	 33.996140	-3.686892	 9.480865	 35.137450	-0.646625	 10.763470	-53.750010	-51.281710	-9.954659	 11.445530	 23.982090	-0.549087	 0.208112	 14.789960	-0.368235	 3.437935	-0.000006	 0.000001	 90.000000	-90.000000	 0.000000	-86.406780	 177.642400	 8.601227	 111.084700	-0.813313	 0.122417	-8.559153	 12.236280	 10.972310	 52.931600	-1.045101	 10.743230	-0.604093	-2.262662	 22.375880	-11.302420	-11.666870	-4.636809	 35.944760	 2.477604	-1.136251	 35.323130	 2.739605	 0.675539	-52.364380	-0.352786	 1.276010	 35.556880	-0.202300	 3.178487	 36.024460	 2.411833	 5.494030	-52.520430	 39.007590	 20.375220	 27.137660	-6.436093	 19.357820	 32.910680	-5.387434	 19.254410	-57.899150	 18.466580	 10.398590	 33.996150	-3.686890	 9.480865	 35.137440	-0.646626	 10.763470	-53.750010	-51.281720	-9.954665	 11.445540	 23.982080	-0.549088	 0.208112	 14.789960	-0.368242	 3.437935	 0.000000	 90.000000	 0.000000	 177.641500	 1.693646	 173.691800	-177.179200	-1.281514	-6.296279
-0.001963	 0.002454	-0.116118	 179.305400	 0.221747	-89.965800	-0.000021	 0.000000	 0.000000	-0.000021	 0.000000	 0.000000	-3.525149	 11.225090	 114.920700	-0.813313	 0.122417	-8.559153	-39.721840	-22.971270	 34.504040	-46.877240	 33.730030	 8.058828	-1.508344	 27.119350	 0.905986	-11.666870	-4.636808	 35.944750	 2.477603	-1.136251	 35.323120	 2.739605	 0.675539	-52.364350	-0.352786	 1.276010	 35.556880	-0.202301	 3.178486	 36.024460	 2.411832	 5.494030	-52.520410	 39.007590	 20.375220	 27.137650	-6.436097	 19.357820	 32.910680	-5.387433	 19.254410	-57.899170	 18.466570	 10.398590	 33.996140	-3.686892	 9.480865	 35.137450	-0.646625	 10.763470	-53.750010	-51.281710	-9.954659	 11.445530	 23.982090	-0.549087	 0.208112	 14.789960	-0.368235	 3.437935	-0.000006	 0.000001	 90.000000	-90.000000	 0.000000	-86.406780	 177.642400	 8.601227	 111.084700	-0.813313	 0.122417	-8.559153	 12.236280	 10.972310	 52.931600	-1.045101	 10.743230	-0.604093	-2.262662	 22.375880	-11.302420	-11.666870	-4.636809	 35.944760	 2.477604	-1.136251	 35.323130	 2.739605	 0.675539	-52.364380	-0.352786	 1.276010	 35.556880	-0.202300	 3.178487	 36.024460	 2.411833	 5.494030	-52.520430	 39.007590	 20.375220	 27.137660	-6.436093	 19.357820	 32.910680	-5.387434	 19.254410	-57.899150	 18.466580	 10.398590	 33.996150	-3.686890	 9.480865	 35.137440	-0.646626	 10.763470	-53.750010	-51.281720	-9.954665	 11.445540	 23.982080	-0.549088	 0.208112	 14.789960	-0.368242	 3.437935	 0.000000	 90.000000	 0.000000	 177.641500	 1.693646	 173.691800	-177.179200	-1.281514	-6.296279
-0.001963	 0.002454	-0.116118	 179.305400	 0.221747	-89.965800	-0.000021	 0.000000	 0.000000	-0.000021	 0.000000	 0.000000	-3.525149	 11.225090	 114.920700	-0.813313	 0.122417	-8.559153	-39.721840	-22.971270	 34.504040	-46.877240	 33.730030	 8.058828	-1.508344	 27.119350	 0.905986	-11.666870	-4.636808	 35.944750	 2.477603	-1.136251	 35.323120	 2.739605	 0.675539	-52.364350	-0.352786	 1.276010	 35.556880	-0.202301	 3.178486	 36.024460	 2.411832	 5.494030	-52.520410	 39.007590	 20.375220	 27.137650	-6.436097	 19.357820	 32.910680	-5.387433	 19.254410	-57.899170	 18.466570	 10.398590	 33.996140	-3.686892	 9.480865	 35.137450	-0.646625	 10.763470	-53.750010	-51.281710	-9.954659	 11.445530	 23.982090	-0.549087	 0.208112	 14.789960	-0.368235	 3.437935	-0.000006	 0.000001	 90.000000	-90.000000	 0.000000	-86.406780	 177.642400	 8.601227	 111.084700	-0.813313	 0.122417	-8.559153	 12.236280	 10.972310	 52.931600	-1.045101	 10.743230	-0.604093	-2.262662	 22.375880	-11.302420	-11.666870	-4.636809	 35.944760	 2.477604	-1.136251	 35.323130	 2.739605	 0.675539	-52.364380	-0.352786	 1.276010	 35.556880	-0.202300	 3.178487	 36.024460	 2.411833	 5.494030	-52.520430	 39.007590	 20.375220	 27.137660	-6.436093	 19.357820	 32.910680	-5.387434	 19.254410	-57.899150	 18.466580	 10.398590	 33.996150	-3.686890	 9.480865	 35.137440	-0.646626	 10.763470	-53.750010	-51.281720	-9.954665	 11.445540	 23.982080	-0.549088	 0.208112	 14.789960	-0.368242	 3.437935	 0.000000	 90.000000	 0.000000	 177.641500	 1.693646	 173.691800	-177.179200	-1.281514	-6.296279
-0.001963	 0.002454	-0.116118	 179.305400	 0.221747	-89.965800	-0.000021	 0.000000	 0.000000	-0.000021	 0.000000	 0.000000	-3.525149	 11.225090	 114.920700	-0.813313	 0.122417	-8.559153	-39.721840	-22.971270	 34.504040	-46.877240	 33.730030	 8.058828	-1.508344	 27.119350	 0.905986	-11.666870	-4.636808	 35.944750	 2.477603	-1.136251	 35.323120	 2.739605	 0.675539	-52.364350	-0.352786	 1.276010	 35.556880	-0.202301	 3.178486	 36.024460	 2.411832	 5.494030	-52.520410	 39.007590	 20.375220	 27.137650	-6.436097	 19.357820	 32.910680	-5.387433	 19.254410	-57.899170	 18.466570	 10.398590	 33.996140	-3.686892	 9.480865	 35.137450	-0.646625	 10.763470	-53.750010	-51.281710	-9.954659	 11.445530	 23.982090	-0.549087	 0.208112	 14.789960	-0.368235	 3.437935	-0.000006	 0.000001	 90.000000	-90.000000	 0.000000	-86.406780	 177.642400	 8.601227	 111.084700	-0.813313	 0.122417	-8.559153	 12.236280	 10.972310	 52.931600	-1.045101	 10.743230	-0.604093	-2.262662	 22.375880	-11.302420	-11.666870	-4.636809	 35.944760	 2.477604	-1.136251	 35.323130	 2.739605	 0.675539	-52.364380	-0.352786	 1.276010	 35.556880	-0.202300	 3.178487	 36.024460	 2.411833	 5.494030	-52.520430	 39.007590	 20.375220	 27.137660	-6.436093	 19.357820	 32.910680	-5.387434	 19.254410	-57.899150	 18.466580	 10.398590	 33.996150	-3.686890	 9.480865	 35.137440	-0.646626	 10.763470	-53.750010	-51.281720	-9.954665	 11.445540	 23.982080	-0.549088	 0.208112	 14.789960	-0.368242	 3.437935	 0.000000	 90.000000	 0.000000	 177.641500	 1.693646	 173.691800	-177.179200	-1.281514	-6.296279
