HIERARCHY
ROOT root
{
	OFFSET	0.00	0.00	0.00
	CHANNELS 6 Xposition Yposition Zposition Zrotation Xrotation Yrotation
	JOINT back
	{
		OFFSET	 0.494691	-0.003158	-0.003178
		CHANNELS 3 Zrotation Xrotation Yrotation
		JOINT chest
		{
			OFFSET	 0.264817	 0.004177	 0.000000
			CHANNELS 3 Zrotation Xrotation Yrotation
			JOINT l_clavicle
			{
				OFFSET	 0.114550	 0.000716	-0.065320
				CHANNELS 3 Zrotation Xrotation Yrotation
				JOINT l_end_clavicle
				{
					OFFSET	 0.162817	-0.003802	 0.000068
					CHANNELS 3 Zrotation Xrotation Yrotation
					JOINT l_shoulder
					{
						OFFSET	 0.005413	-0.036488	 0.055972
						CHANNELS 3 Zrotation Xrotation Yrotation
						JOINT l_forearm
						{
							OFFSET	 0.293450	 0.004803	-0.037834
							CHANNELS 3 Zrotation Xrotation Yrotation
							JOINT l_end_wrist
							{
								OFFSET	 0.317021	-0.006522	 0.006333
								CHANNELS 3 Zrotation Xrotation Yrotation
								JOINT l_index1
								{
									OFFSET	 0.152748	-0.021000	-0.014320
									CHANNELS 3 Zrotation Xrotation Yrotation
									JOINT l_index2
									{
										OFFSET	 0.039283	 0.000000	 0.000000
										CHANNELS 3 Zrotation Xrotation Yrotation
										JOINT l_index3
										{
											OFFSET	 0.038151	 0.000000	 0.000000
											CHANNELS 3 Zrotation Xrotation Yrotation
											End Site
											{
												OFFSET	 0.038151	 0.000000	 0.000000
											}
										}
									}
								}
								JOINT l_middle1
								{
									OFFSET	 0.151723	 0.016194	-0.014667
									CHANNELS 3 Zrotation Xrotation Yrotation
									JOINT l_middle_2
									{
										OFFSET	 0.038269	 0.000000	 0.000000
										CHANNELS 3 Zrotation Xrotation Yrotation
										JOINT l_middle_3
										{
											OFFSET	 0.039743	 0.000000	 0.000000
											CHANNELS 3 Zrotation Xrotation Yrotation
											End Site
											{
												OFFSET	 0.039743	 0.000000	 0.000000
											}
										}
									}
								}
								JOINT l_pinky1
								{
									OFFSET	 0.117088	 0.077397	-0.013819
									CHANNELS 3 Zrotation Xrotation Yrotation
									JOINT l_pinky2
									{
										OFFSET	 0.028938	 0.000000	 0.000000
										CHANNELS 3 Zrotation Xrotation Yrotation
										JOINT l_pinky3
										{
											OFFSET	 0.027080	 0.000000	 0.000000
											CHANNELS 3 Zrotation Xrotation Yrotation
											End Site
											{
												OFFSET	 0.027080	 0.000000	 0.000000
											}
										}
									}
								}
								JOINT l_ring1
								{
									OFFSET	 0.137788	 0.047650	-0.014135
									CHANNELS 3 Zrotation Xrotation Yrotation
									JOINT l_ring2
									{
										OFFSET	 0.030749	 0.000000	 0.000000
										CHANNELS 3 Zrotation Xrotation Yrotation
										JOINT l_ring3
										{
											OFFSET	 0.032711	 0.000000	 0.000000
											CHANNELS 3 Zrotation Xrotation Yrotation
											End Site
											{
												OFFSET	 0.032711	 0.000000	 0.000000
											}
										}
									}
								}
								JOINT l_thumb1
								{
									OFFSET	 0.054053	-0.036728	-0.011261
									CHANNELS 3 Zrotation Xrotation Yrotation
									JOINT l_thumb_2
									{
										OFFSET	 0.051141	-0.005593	-0.001180
										CHANNELS 3 Zrotation Xrotation Yrotation
										JOINT l_thumb_3
										{
											OFFSET	 0.046422	-0.001905	 0.000191
											CHANNELS 3 Zrotation Xrotation Yrotation
											End Site
											{
												OFFSET	 0.046422	-0.001905	 0.000191
											}
										}
									}
								}
							}
						}
					}
				}
			}
			JOINT neck
			{
				OFFSET	 0.143918	 0.000470	 0.000000
				CHANNELS 3 Zrotation Xrotation Yrotation
				JOINT head
				{
					OFFSET	-0.005116	-0.004274	 0.061180
					CHANNELS 3 Zrotation Xrotation Yrotation
					End Site
					{
						OFFSET	-0.005116	-0.004274	 0.061180
					}
				}
			}
			JOINT r_clavicle
			{
				OFFSET	 0.114552	 0.000716	 0.065320
				CHANNELS 3 Zrotation Xrotation Yrotation
				JOINT r_end_clavicle
				{
					OFFSET	-0.162817	 0.003801	-0.000067
					CHANNELS 3 Zrotation Xrotation Yrotation
					JOINT r_shoulder
					{
						OFFSET	 0.002078	 0.026325	-0.022735
						CHANNELS 3 Zrotation Xrotation Yrotation
						JOINT r_forearm
						{
							OFFSET	-0.279905	-0.027029	 0.065297
							CHANNELS 3 Zrotation Xrotation Yrotation
							JOINT r_end_wrist
							{
								OFFSET	-0.317022	 0.006522	-0.006331
								CHANNELS 3 Zrotation Xrotation Yrotation
								JOINT r_index1
								{
									OFFSET	-0.152748	 0.021000	 0.014322
									CHANNELS 3 Zrotation Xrotation Yrotation
									JOINT r_index2
									{
										OFFSET	-0.039280	 0.000000	-0.000001
										CHANNELS 3 Zrotation Xrotation Yrotation
										JOINT r_index3
										{
											OFFSET	-0.038152	 0.000000	-0.000001
											CHANNELS 3 Zrotation Xrotation Yrotation
											End Site
											{
												OFFSET	-0.038152	 0.000000	-0.000001
											}
										}
									}
								}
								JOINT r_middle1
								{
									OFFSET	-0.151722	-0.016194	 0.014664
									CHANNELS 3 Zrotation Xrotation Yrotation
									JOINT r_middle_2
									{
										OFFSET	-0.038270	 0.000000	 0.000003
										CHANNELS 3 Zrotation Xrotation Yrotation
										JOINT r_middle_3
										{
											OFFSET	-0.039744	 0.000000	 0.000000
											CHANNELS 3 Zrotation Xrotation Yrotation
											End Site
											{
												OFFSET	-0.039744	 0.000000	 0.000000
											}
										}
									}
								}
								JOINT r_pinky1
								{
									OFFSET	-0.117090	-0.077397	 0.013818
									CHANNELS 3 Zrotation Xrotation Yrotation
									JOINT r_pinky2
									{
										OFFSET	-0.028938	 0.000000	 0.000000
										CHANNELS 3 Zrotation Xrotation Yrotation
										JOINT r_pinky3
										{
											OFFSET	-0.027078	-0.000001	 0.000000
											CHANNELS 3 Zrotation Xrotation Yrotation
											End Site
											{
												OFFSET	-0.027078	-0.000001	 0.000000
											}
										}
									}
								}
								JOINT r_ring1
								{
									OFFSET	-0.137790	-0.047650	 0.014136
									CHANNELS 3 Zrotation Xrotation Yrotation
									JOINT r_ring2
									{
										OFFSET	-0.030748	 0.000000	-0.000001
										CHANNELS 3 Zrotation Xrotation Yrotation
										JOINT r_ring3
										{
											OFFSET	-0.032707	-0.000001	 0.000003
											CHANNELS 3 Zrotation Xrotation Yrotation
											End Site
											{
												OFFSET	-0.032707	-0.000001	 0.000003
											}
										}
									}
								}
								JOINT r_thumb1
								{
									OFFSET	-0.054054	 0.036728	 0.011262
									CHANNELS 3 Zrotation Xrotation Yrotation
									JOINT r_thumb_2
									{
										OFFSET	-0.051140	 0.005594	 0.001177
										CHANNELS 3 Zrotation Xrotation Yrotation
										JOINT r_thumb_3
										{
											OFFSET	-0.046419	 0.001906	-0.000190
											CHANNELS 3 Zrotation Xrotation Yrotation
											End Site
											{
												OFFSET	-0.046419	 0.001906	-0.000190
											}
										}
									}
								}
							}
						}
					}
				}
			}
		}
	}
	JOINT Pelvis
	{
		OFFSET	 0.153808	-0.002934	-0.002617
		CHANNELS 3 Zrotation Xrotation Yrotation
		JOINT l_thigh
		{
			OFFSET	 0.145222	-0.127336	 0.003594
			CHANNELS 3 Zrotation Xrotation Yrotation
			End Site
			{
				OFFSET	 0.145222	-0.127336	 0.003594
			}
		}
		JOINT r_thigh
		{
			OFFSET	 0.143036	 0.137869	 0.004460
			CHANNELS 3 Zrotation Xrotation Yrotation
			End Site
			{
				OFFSET	 0.143036	 0.137869	 0.004460
			}
		}
	}
}
MOTION
Frames:    494
Frame Time: 0.01666667
-0.001963	 0.002454	-0.116118	 179.305400	 0.221747	-89.965800	-0.000021	 0.000000	 0.000000	-0.000021	 0.000000	 0.000000	-3.525149	 11.225090	 114.920700	-0.813313	 0.122417	-8.559153	-39.721840	-22.971270	 34.504040	-46.877240	 33.730030	 8.058828	-1.508344	 27.119350	 0.905986	-11.666870	-4.636808	 35.944750	 2.477603	-1.136251	 35.323120	 2.739605	 0.675539	-52.364350	-0.352786	 1.276010	 35.556880	-0.202301	 3.178486	 36.024460	 2.411832	 5.494030	-52.520410	 39.007590	 20.375220	 27.137650	-6.436097	 19.357820	 32.910680	-5.387433	 19.254410	-57.899170	 18.466570	 10.398590	 33.996140	-3.686892	 9.480865	 35.137450	-0.646625	 10.763470	-53.750010	-51.281710	-9.954659	 11.445530	 23.982090	-0.549087	 0.208112	 14.789960	-0.368235	 3.437935	-0.000006	 0.000001	 90.000000	-90.000000	 0.000000	-86.406780	 177.642400	 8.601227	 111.084700	-0.813313	 0.122417	-8.559153	 12.236280	 10.972310	 52.931600	-1.045101	 10.743230	-0.604093	-2.262662	 22.375880	-11.302420	-11.666870	-4.636809	 35.944760	 2.477604	-1.136251	 35.323130	 2.739605	 0.675539	-52.364380	-0.352786	 1.276010	 35.556880	-0.202300	 3.178487	 36.024460	 2.411833	 5.494030	-52.520430	 39.007590	 20.375220	 27.137660	-6.436093	 19.357820	 32.910680	-5.387434	 19.254410	-57.899150	 18.466580	 10.398590	 33.996150	-3.686890	 9.480865	 35.137440	-0.646626	 10.763470	-53.750010	-51.281720	-9.954665	 11.445540	 23.982080	-0.549088	 0.208112	 14.789960	-0.368242	 3.437935	 0.000000	 90.000000	 0.000000	 177.641500	 1.693646	 173.691800	-177.179200	-1.281514	-6.296279
-0.006672	-0.010978	-0.093564	 178.678200	-0.373331	-89.801810	-3.663145	 0.265490	-0.021420	-3.245995	 0.671804	-0.036758	-2.384714	 7.757372	 113.868700	-0.813313	 0.122417	-8.559153	-42.968590	-23.606170	 31.200070	-38.716780	 33.201260	 7.540308	-5.070889	 25.417750	-10.063080	-10.545370	-3.898522	 30.913150	 2.482139	-1.133380	 29.346970	 2.890972	 0.443336	-57.715690	 0.397506	 1.768158	 30.986010	-0.215304	 3.169923	 30.789550	 2.535204	 5.282969	-55.970360	 38.658050	 20.215600	 24.784430	-6.505906	 19.318600	 28.626320	-5.435946	 19.248740	-60.289620	 18.441450	 10.382680	 31.545840	-3.724604	 9.457033	 30.157980	-0.592558	 10.615160	-57.385330	-52.468610	-10.288230	 10.535040	 21.126350	-0.546989	 0.183256	 8.147415	-0.342499	 3.383340	 0.462168	-0.163820	 90.031690	-89.970650	-0.158842	-91.372750	 178.139800	 7.030590	 110.093600	-0.813313	 0.122417	-8.559153	 10.546230	 12.911610	 53.229280	-21.392870	 7.754637	-3.116590	 4.430062	 15.716900	-16.875480	-11.454520	-4.474966	 38.850570	 2.474895	-1.138273	 39.090470	 2.693729	 0.737494	-50.876610	-0.143985	 1.427893	 36.511230	-0.206576	 3.175473	 34.265600	 2.510136	 5.328309	-55.239310	 39.326610	 20.521790	 25.100460	-6.473355	 19.336190	 30.603480	-5.484605	 19.245210	-62.672060	 18.723550	 10.564450	 32.564520	-3.699256	 9.472609	 33.482640	-0.608253	 10.661120	-56.268540	-48.264390	-8.864450	 14.803010	 22.357210	-0.548072	 0.193957	 15.216930	-0.369674	 3.441541	 0.000000	 90.000000	 0.000000	 175.685200	 3.589916	 172.957600	-175.080700	-2.513379	-7.081826
-0.008150	-0.015452	-0.086027	 178.470700	-0.573791	-89.742600	-4.883406	 0.354588	-0.027782	-4.327168	 0.896686	-0.048367	-2.020909	 6.597374	 113.534700	-0.813313	 0.122417	-8.559153	-44.052250	-23.773130	 30.086420	-35.960830	 33.032110	 7.279274	-6.203195	 24.988490	-13.788760	-10.158830	-3.675221	 29.234860	 2.483714	-1.132530	 27.355950	 2.936504	 0.362962	-59.498370	 0.655495	 1.918353	 29.461640	-0.219803	 3.167338	 29.045510	 2.573436	 5.211059	-57.119350	 38.540240	 20.165470	 24.000710	-6.529826	 19.306640	 27.199140	-5.452156	 19.247280	-61.085990	 18.432920	 10.377610	 30.729530	-3.737617	 9.449823	 28.499080	-0.576690	 10.565040	-58.596020	-52.865490	-10.395220	 10.230000	 20.174930	-0.546015	 0.175001	 5.934411	-0.332543	 3.365861	 0.616343	-0.217123	 90.042280	-89.956860	-0.110944	-93.042000	 178.299500	 6.503845	 109.767300	-0.813313	 0.122417	-8.559153	 9.978781	 13.558740	 53.352760	-28.336740	 6.864917	-3.487898	 6.538616	 13.382200	-18.374900	-11.385520	-4.418590	 39.818580	 2.474021	-1.138987	 40.346270	 2.678085	 0.757875	-50.380760	-0.075195	 1.479110	 36.829460	-0.208020	 3.174500	 33.680270	 2.541068	 5.272173	-56.143550	 39.434030	 20.568190	 24.421540	-6.485962	 19.329300	 29.835400	-5.517030	 19.243840	-64.257760	 18.810030	 10.618240	 32.087640	-3.703424	 9.469941	 32.932000	-0.596498	 10.626690	-57.106870	-47.276810	-8.463243	 15.905010	 21.815870	-0.547637	 0.189249	 15.359170	-0.370140	 3.442743	 0.000000	 90.000000	 0.000000	 175.041900	 4.227591	 172.738300	-174.385500	-2.929886	-7.319487
-0.009532	-0.019755	-0.078739	 178.271200	-0.767694	-89.683690	-6.060416	 0.440880	-0.033332	-5.370016	 1.114256	-0.059088	-1.677180	 5.476626	 113.219800	-0.813313	 0.122417	-8.559153	-45.097010	-23.912830	 29.007440	-33.285760	 32.868260	 6.985154	-7.258996	 24.639130	-17.417270	-9.780608	-3.470990	 27.615040	 2.485260	-1.131763	 25.435340	 2.978036	 0.284124	-61.217910	 0.907738	 2.056473	 27.990530	-0.224216	 3.164975	 27.363130	 2.608930	 5.140983	-58.227510	 38.425980	 20.118550	 23.244850	-6.553192	 19.295650	 25.822530	-5.467813	 19.246070	-61.854200	 18.424610	 10.372820	 29.942130	-3.750363	 9.443222	 26.898860	-0.562410	 10.516390	-59.763710	-53.248990	-10.496440	 9.934966	 19.257160	-0.544947	 0.167056	 3.799657	-0.322309	 3.349373	 0.765235	-0.267593	 90.052510	-89.942410	-0.080093	-94.658830	 178.450700	 5.993903	 109.454300	-0.813313	 0.122417	-8.559153	 9.428903	 14.183790	 53.484020	-35.084890	 5.998010	-3.629247	 8.532929	 11.090200	-19.659960	-11.319760	-4.363024	 40.752370	 2.473194	-1.139693	 41.558170	 2.662823	 0.777411	-49.902340	-0.009290	 1.528745	 37.136660	-0.209420	 3.173576	 33.116130	 2.570024	 5.217631	-57.014710	 39.538120	 20.611770	 23.766660	-6.498209	 19.322820	 29.094910	-5.548265	 19.243330	-65.784140	 18.893800	 10.669400	 31.627750	-3.707466	 9.467407	 32.401310	-0.585655	 10.593340	-57.915020	-46.333180	-8.058800	 16.959530	 21.293670	-0.547182	 0.184711	 15.496390	-0.370587	 3.443907	 0.000000	 90.000000	 0.000000	 174.425700	 4.845337	 172.534900	-173.716600	-3.334137	-7.537018
-0.011102	-0.024781	-0.070171	 178.038100	-0.996524	-89.612500	-7.441305	 0.542616	-0.038990	-6.593438	 1.370409	-0.070959	-1.282564	 4.159667	 112.859400	-0.813313	 0.122417	-8.559153	-46.321100	-24.049930	 27.736620	-30.127160	 32.671890	 6.586893	-8.443826	 24.308450	-21.718210	-9.330775	-3.245676	 25.713460	 2.487105	-1.130930	 23.181840	 3.023722	 0.190085	-63.235400	 1.207593	 2.209891	 26.263640	-0.229479	 3.162369	 25.389180	 2.648827	 5.057913	-59.527490	 38.291180	 20.065330	 22.358140	-6.580950	 19.283420	 24.207410	-5.486202	 19.244910	-62.755490	 18.414750	 10.367340	 29.018310	-3.765551	 9.435928	 25.021350	-0.546947	 10.458960	-61.133520	-53.699790	-10.612730	 9.587850	 18.180340	-0.543536	 0.157755	 1.294954	-0.309526	 3.330531	 0.940168	-0.325509	 90.064580	-89.924210	-0.057953	-96.560030	 178.624800	 5.393212	 109.089400	-0.813313	 0.122417	-8.559153	 8.780268	 14.918350	 53.653750	-43.043010	 4.924391	-3.537014	 10.842310	 8.361536	-20.970700	-11.243650	-4.296365	 41.847990	 2.472242	-1.140544	 42.980820	 2.644703	 0.800176	-49.340800	 0.067459	 1.587255	 37.497430	-0.211073	 3.172510	 32.454890	 2.602881	 5.153182	-58.035210	 39.660770	 20.661390	 22.998370	-6.512677	 19.315400	 28.226650	-5.584815	 19.243730	-67.570240	 18.992540	 10.728530	 31.088450	-3.712233	 9.464486	 31.779380	-0.573552	 10.554040	-58.862480	-45.237830	-7.562943	 18.185630	 20.680960	-0.546595	 0.179392	 15.657400	-0.371120	 3.445272	 0.000000	 90.000000	 0.000000	 173.708300	 5.573426	 172.300900	-172.933900	-3.811386	-7.781704
-0.012455	-0.029212	-0.062553	 177.832000	-1.202109	-89.547550	-8.667343	 0.633364	-0.043143	-7.679632	 1.598639	-0.080775	-0.939728	 2.988735	 112.547300	-0.813313	 0.122417	-8.559153	-47.405460	-24.147330	 26.604660	-27.305670	 32.490730	 6.185413	-9.439490	 24.084170	-25.576710	-8.926459	-3.058835	 24.024170	 2.488770	-1.130251	 21.180910	 3.061491	 0.105283	-65.026660	 1.477020	 2.338134	 24.729700	-0.234226	 3.160208	 23.636470	 2.682652	 4.983418	-60.681500	 38.170870	 20.019750	 21.570960	-6.605896	 19.273190	 22.773410	-5.502545	 19.244100	-63.555760	 18.405900	 10.362590	 28.198080	-3.779233	 9.429867	 23.354280	-0.534393	 10.407680	-62.349550	-54.100800	-10.713710	 9.278837	 17.224180	-0.542138	 0.149521	-0.928988	-0.297485	 3.314285	 1.095748	-0.375638	 90.075310	-89.906430	-0.041887	-98.245870	 178.776200	 4.857707	 108.767600	-0.813313	 0.122417	-8.559153	 8.200796	 15.571630	 53.819120	-50.126030	 3.880825	-3.239827	 12.880130	 5.912413	-21.958170	-11.177010	-4.235853	 42.820870	 2.471415	-1.141320	 44.244800	 2.628421	 0.820247	-48.842000	 0.135053	 1.639431	 37.818130	-0.212550	 3.171581	 31.868470	 2.631036	 5.095576	-58.939660	 39.770090	 20.704080	 22.316390	-6.525614	 19.308990	 27.456330	-5.617149	 19.244980	-69.151230	 19.080570	 10.780180	 30.609900	-3.716486	 9.461937	 31.227870	-0.563371	 10.519020	-59.703010	-44.276290	-7.103825	 19.263860	 20.136920	-0.546023	 0.174673	 15.800370	-0.371586	 3.446487	 0.000000	 90.000000	 0.000000	 173.076500	 6.222753	 172.098800	-172.240800	-4.237983	-7.995855
-0.013699	-0.033349	-0.055371	 177.638600	-1.399464	-89.484920	-9.822609	 0.719254	-0.046229	-8.703125	 1.814414	-0.089351	-0.622883	 1.884039	 112.259700	-0.813313	 0.122417	-8.559153	-48.424320	-24.218180	 25.535580	-24.633230	 32.311480	 5.766201	-10.322870	 23.929610	-29.246990	-8.541746	-2.894351	 22.431610	 2.490360	-1.129665	 19.295340	 3.094640	 0.024327	-66.714600	 1.733357	 2.451989	 23.283660	-0.238758	 3.158305	 21.984810	 2.713140	 4.912612	-61.768810	 38.057010	 19.978270	 20.829270	-6.629642	 19.264090	 21.422160	-5.517958	 19.243540	-64.309870	 18.397500	 10.358220	 27.425170	-3.792284	 9.424517	 21.783340	-0.523578	 10.359120	-63.495290	-54.479310	-10.806940	 8.986958	 16.323180	-0.540688	 0.141785	-3.024727	-0.285580	 3.299411	 1.242612	-0.421687	 90.085460	-89.887040	-0.019090	-99.828350	 178.916300	 4.351257	 108.466200	-0.813313	 0.122417	-8.559153	 7.651385	 16.188100	 53.987880	-56.798660	 2.789311	-2.794799	 14.796350	 3.590713	-22.736780	-11.115060	-4.177704	 43.737710	 2.470650	-1.142068	 45.436560	 2.612912	 0.839039	-48.371780	 0.198231	 1.688759	 38.120670	-0.213948	 3.170721	 31.316470	 2.656682	 5.040985	-59.790410	 39.873420	 20.743100	 21.673890	-6.537877	 19.303100	 26.730950	-5.647477	 19.246920	-70.636500	 19.163810	 10.828110	 30.159250	-3.720511	 9.459574	 30.708820	-0.554263	 10.485910	-60.494380	-43.380010	-6.655338	 20.270590	 19.624250	-0.545446	 0.170234	 15.935080	-0.372016	 3.447630	 0.000000	 90.000000	 0.000000	 172.485600	 6.836964	 171.912100	-171.589200	-4.642467	-8.197665
-0.015164	-0.038267	-0.046718	 177.407200	-1.642523	-89.407740	-11.213180	 0.823046	-0.048823	-9.935034	 2.075029	-0.098705	-0.249156	 0.552745	 111.921600	-0.813313	 0.122417	-8.559153	-49.646060	-24.276620	 24.246410	-21.400490	 32.081200	 5.209819	-11.307510	 23.812080	-33.709250	-8.074499	-2.711474	 20.513820	 2.492298	-1.129029	 17.025560	 3.131358	-0.074364	-68.746370	 2.044759	 2.579939	 21.542420	-0.244282	 3.156188	 19.996630	 2.748036	 4.826638	-63.077370	 37.919360	 19.930210	 19.936590	-6.658517	 19.253840	 19.795680	-5.536515	 19.243110	-65.217580	 18.387270	 10.353100	 26.494860	-3.808186	 9.418547	 19.892350	-0.511878	 10.300400	-64.874180	-54.935720	-10.916610	 8.634736	 15.238590	-0.538781	 0.132504	-5.547420	-0.270540	 3.282103	 1.419746	-0.475594	 90.097730	-89.860880	 0.010162	-101.726100	 179.081500	 3.739398	 108.105800	-0.813313	 0.122417	-8.559153	 6.985168	 16.931070	 54.208120	-64.807700	 1.302381	-2.078546	 17.111340	 0.789312	-23.477510	-11.041570	-4.106272	 44.841410	 2.469750	-1.142990	 46.872040	 2.594033	 0.861498	-47.805500	 0.273613	 1.748339	 38.485310	-0.215640	 3.169704	 30.652900	 2.686413	 4.974906	-60.812400	 39.998150	 20.788520	 20.900830	-6.552731	 19.296230	 25.858520	-5.683774	 19.250230	-72.418160	 19.264350	 10.884860	 29.617250	-3.725379	 9.456785	 30.084930	-0.543927	 10.445930	-61.446040	-42.314140	-6.095672	 21.470050	 19.007120	-0.544703	 0.164897	 16.097240	-0.372535	 3.449010	 0.000000	 90.000000	 0.000000	 171.780200	 7.579177	 171.691000	-170.806700	-5.132233	-8.434557
-0.016420	-0.042498	-0.039176	 177.207000	-1.857653	-89.338730	-12.424740	 0.913800	-0.050046	-11.008340	 2.302856	-0.105998	 0.069948	-0.608533	 111.634200	-0.813313	 0.122417	-8.559153	-50.705530	-24.303670	 23.121700	-18.571230	 31.864520	 4.679889	-12.088500	 23.765690	-37.636580	-7.664352	-2.565815	 18.842330	 2.494006	-1.128538	 15.047910	 3.160480	-0.161368	-70.516570	 2.318221	 2.683175	 20.024850	-0.249153	 3.154501	 18.264340	 2.776822	 4.751103	-64.217270	 37.798940	 19.890040	 19.158920	-6.683917	 19.245530	 18.378600	-5.552688	 19.242970	-66.008450	 18.378270	 10.348760	 25.684330	-3.822195	 9.413769	 18.244760	-0.502856	 10.249020	-66.075360	-55.334060	-11.009910	 8.327123	 14.293610	-0.536973	 0.124448	-7.745389	-0.256815	 3.267577	 1.574435	-0.521200	 90.108470	-89.835740	 0.035280	-103.371900	 179.222500	 3.204438	 107.794000	-0.813313	 0.122417	-8.559153	 6.399937	 17.578990	 54.415490	-71.748550	-0.171663	-1.325205	 19.147950	-1.647437	-23.945780	-10.978540	-4.042761	 45.803100	 2.468984	-1.143812	 48.123600	 2.577394	 0.880923	-47.311870	 0.338659	 1.800399	 38.803420	-0.217122	 3.168835	 30.075450	 2.711295	 4.917033	-61.700860	 40.107070	 20.826680	 20.227580	-6.565751	 19.290420	 25.099020	-5.715179	 19.253960	-73.964750	 19.352220	 10.933430	 29.145470	-3.729637	 9.454399	 29.542160	-0.535481	 10.410990	-62.274330	-41.397320	-5.590868	 22.503870	 18.469410	-0.543997	 0.160253	 16.238540	-0.372989	 3.450213	 0.000000	 90.000000	 0.000000	 171.170600	 8.228309	 171.500800	-170.126400	-5.561450	-8.635984
-0.017608	-0.046490	-0.031977	 177.017100	-2.065889	-89.271210	-13.581200	 1.000713	-0.050317	-12.032800	 2.520926	-0.112171	 0.369153	-1.718211	 111.365800	-0.813313	 0.122417	-8.559153	-51.711910	-24.308940	 22.047330	-15.861080	 31.641020	 4.135893	-12.761470	 23.765030	-41.419810	-7.270698	-2.438776	 17.246390	 2.495651	-1.128125	 13.160140	 3.185758	-0.245217	-72.206250	 2.580857	 2.774490	 18.575920	-0.253849	 3.153029	 16.610800	 2.802883	 4.678487	-65.305130	 37.683560	 19.853160	 18.416700	-6.708355	 19.238170	 17.025970	-5.568123	 19.243030	-66.763350	 18.369600	 10.344720	 24.910720	-3.835693	 9.409584	 16.672080	-0.495271	 10.199820	-67.221750	-55.714900	-11.097010	 8.032864	 13.391570	-0.535135	 0.116786	-9.843439	-0.243216	 3.254206	 1.722420	-0.563633	 90.118750	-89.810000	 0.057487	-104.935300	 179.354400	 2.692330	 107.498300	-0.813313	 0.122417	-8.559153	 5.836710	 18.197640	 54.627110	-78.328880	-1.749682	-0.523162	 21.119620	-3.960802	-24.235900	-10.919270	-3.981064	 46.721090	 2.468270	-1.144613	 49.318980	 2.561350	 0.899338	-46.840460	 0.400204	 1.850222	 39.107450	-0.218543	 3.168020	 29.524910	 2.734158	 4.861544	-62.547210	 40.211240	 20.861890	 19.585240	-6.578244	 19.285020	 24.374610	-5.744947	 19.258260	-75.436030	 19.436320	 10.979040	 28.695560	-3.733719	 9.452161	 29.024760	-0.527909	 10.377570	-63.064170	-40.532730	-5.094537	 23.480610	 17.956130	-0.543288	 0.155825	 16.373400	-0.373408	 3.451362	 0.000000	 90.000000	 0.000000	 170.593200	 8.849883	 171.320800	-169.478000	-5.973305	-8.824246
-0.019070	-0.051354	-0.023096	 176.785100	-2.326672	-89.185390	-15.008120	 1.108208	-0.049408	-13.296800	 2.790695	-0.118735	 0.731433	-3.089052	 111.042500	-0.813313	 0.122417	-8.559153	-52.946150	-24.287820	 20.721160	-12.506780	 31.339160	 3.415075	-13.486960	 23.815020	-46.134220	-6.782842	-2.298349	 15.276900	 2.497699	-1.127690	 10.830940	 3.213524	-0.349642	-74.291020	 2.906636	 2.877320	 16.787850	-0.259698	 3.151399	 14.570610	 2.833121	 4.588240	-66.647080	 37.540760	 19.809670	 17.501040	-6.738753	 19.229840	 15.357150	-5.587165	 19.243370	-67.694700	 18.358810	 10.339880	 23.956260	-3.852499	 9.404923	 14.731640	-0.487293	 10.138930	-68.635890	-56.185520	-11.201800	 7.669021	 12.278640	-0.532699	 0.107375	-12.432030	-0.225769	 3.238412	 1.905509	-0.614627	 90.131520	-89.776350	 0.080657	-106.853200	 179.513600	 2.058834	 107.135900	-0.813313	 0.122417	-8.559153	 5.135035	 18.960760	 54.906910	-86.374050	-3.940264	 0.536877	 23.603960	-6.785064	-24.377060	-10.847410	-3.903538	 47.853810	 2.467411	-1.145621	 50.794800	 2.541336	 0.921887	-46.258540	 0.475403	 1.911863	 39.483020	-0.220304	 3.167035	 28.846430	 2.761169	 4.792774	-63.589110	 40.339920	 20.903650	 18.793150	-6.593742	 19.278570	 23.481530	-5.781363	 19.264520	-77.244620	 19.540350	 11.034270	 28.141050	-3.738775	 9.449456	 28.387270	-0.519218	 10.336230	-64.037670	-39.480440	-4.463274	 24.671970	 17.322850	-0.542365	 0.150372	 16.539810	-0.373932	 3.452782	 0.000000	 90.000000	 0.000000	 169.886400	 9.619263	 171.100000	-168.679100	-6.484278	-9.051529
-0.020270	-0.055278	-0.015843	 176.597600	-2.542849	-89.112920	-16.174210	 1.196215	-0.047699	-14.329740	 3.011631	-0.123237	 1.022138	-4.210798	 110.784500	-0.813313	 0.122417	-8.559153	-53.948040	-24.248080	 19.637310	-9.759163	 31.068130	 2.787087	-13.988580	 23.890440	-50.025030	-6.383000	-2.197075	 13.667250	 2.499384	-1.127396	 8.927539	 3.233380	-0.435679	-75.994560	 3.173959	 2.953218	 15.326460	-0.264518	 3.150223	 12.903400	 2.856245	 4.513988	-67.743450	 37.423660	 19.775770	 16.752890	-6.763774	 19.223650	 13.993460	-5.602722	 19.243870	-68.455760	 18.349920	 10.336050	 23.176380	-3.866345	 9.401528	 13.145960	-0.481909	 10.089040	-69.791310	-56.570720	-11.285250	 7.371066	 11.369160	-0.530560	 0.099720	-14.547360	-0.211004	 3.226099	 2.055526	-0.655304	 90.142000	-89.747790	 0.094831	-108.411400	 179.640700	 1.540073	 106.841800	-0.813313	 0.122417	-8.559153	 4.555542	 19.583740	 55.151070	-92.880970	-5.934864	 1.427553	 25.687980	-9.057846	-24.312030	-10.789740	-3.839049	 48.779450	 2.466729	-1.146462	 52.001500	 2.524803	 0.940171	-45.782760	 0.536235	 1.962358	 39.790280	-0.221750	 3.166246	 28.292610	 2.782263	 4.736341	-64.438610	 40.445160	 20.936400	 18.146230	-6.606476	 19.273480	 22.752290	-5.810849	 19.270410	-78.717220	 19.625550	 11.078540	 27.688430	-3.742924	 9.447289	 27.867050	-0.512656	 10.302380	-64.832280	-38.632580	-3.932406	 25.634010	 16.805320	-0.541562	 0.145924	 16.675810	-0.374355	 3.453943	 0.000000	 90.000000	 0.000000	 169.313300	 10.249770	 170.920300	-168.026900	-6.904129	-9.233499
-0.021508	-0.059232	-0.008455	 176.408700	-2.766032	-89.036540	-17.363410	 1.286035	-0.045083	-15.383080	 3.237278	-0.127064	 1.313915	-5.356239	 110.527100	-0.813313	 0.122417	-8.559153	-54.962980	-24.186900	 18.532200	-6.953306	 30.766470	 2.112395	-14.411100	 23.992110	-54.028290	-5.974710	-2.106351	 12.025730	 2.501112	-1.127154	 6.986559	 3.250985	-0.523983	-77.731750	 3.447263	 3.023027	 13.836070	-0.269467	 3.149168	 11.203290	 2.878350	 4.437838	-68.861250	 37.303970	 19.742750	 15.990040	-6.789441	 19.217920	 12.602890	-5.618570	 19.244570	-69.231830	 18.340770	 10.332260	 22.381150	-3.880557	 9.398466	 11.529000	-0.477473	 10.038060	-70.969310	-56.964070	-11.368310	 7.066663	 10.441740	-0.528267	 0.091951	-16.704410	-0.195477	 3.214119	 2.208947	-0.696068	 90.152730	-89.718200	 0.103792	-109.992200	 179.767500	 1.010357	 106.543800	-0.813313	 0.122417	-8.559153	 3.958508	 20.217960	 55.414460	-99.451680	-8.157046	 2.328054	 27.873370	-11.333210	-24.078550	-10.731940	-3.772268	 49.723360	 2.466050	-1.147335	 53.232600	 2.507782	 0.958682	-45.297400	 0.597706	 2.013970	 40.103920	-0.223232	 3.165458	 27.728360	 2.802866	 4.678587	-65.303190	 40.552530	 20.968500	 17.486900	-6.619522	 19.268450	 22.009110	-5.840650	 19.277140	-80.214180	 19.712570	 11.122890	 27.227370	-3.747170	 9.445120	 27.337160	-0.506462	 10.267790	-65.641800	-37.779260	-3.377650	 26.604260	 16.277590	-0.540705	 0.141395	 16.814470	-0.374780	 3.455129	 0.000000	 90.000000	 0.000000	 168.732900	 10.894210	 170.737500	-167.362100	-7.334441	-9.415854
-0.023019	-0.063899	 0.000366	 176.186300	-3.036263	-88.941410	-18.785410	 1.393479	-0.040897	-16.642580	 3.507353	-0.130655	 1.656969	-6.728101	 110.226700	-0.813313	 0.122417	-8.559153	-56.167050	-24.086530	 17.211230	-3.596133	 30.368810	 1.262920	-14.793400	 24.135960	-58.861960	-5.486616	-2.014592	 10.063140	 2.503186	-1.126943	 4.665875	 3.268508	-0.630197	-79.808690	 3.774539	 3.096381	 12.054060	-0.275421	 3.148099	 9.170613	 2.902812	 4.346255	-70.197370	 37.160470	 19.705300	 15.078080	-6.820309	 19.211850	 10.940340	-5.637511	 19.245680	-70.159650	 18.329750	 10.327880	 21.430480	-3.897655	 9.395322	 9.595727	-0.473569	 9.977011	-72.377460	-57.435100	-11.464900	 6.702010	 9.332912	-0.525353	 0.082714	-19.283350	-0.176339	 3.200572	 2.392964	-0.744149	 90.165620	-89.682990	 0.106043	-111.872100	 179.915400	 0.376563	 106.189900	-0.813313	 0.122417	-8.559153	 3.235908	 20.974050	 55.748540	-107.226100	-11.054370	 3.355649	 30.579690	-13.983380	-23.572560	-10.664270	-3.691156	 50.851830	 2.465265	-1.148397	 54.705200	 2.487215	 0.980634	-44.716770	 0.670465	 2.075836	 40.479260	-0.225012	 3.164535	 27.054230	 2.826301	 4.609278	-66.334730	 40.680880	 21.005180	 16.699070	-6.635200	 19.262640	 21.121080	-5.875899	 19.286120	-81.998250	 19.816800	 11.174840	 26.676760	-3.752267	 9.442579	 26.704280	-0.499716	 10.226380	-66.608660	-36.774210	-2.697219	 27.749800	 15.646620	-0.539619	 0.135992	 16.980300	-0.375292	 3.456546	 0.000000	 90.000000	 0.000000	 168.043500	 11.666310	 170.519500	-166.567400	-7.851791	-9.629899
-0.023122	-0.064058	 0.000857	 176.171700	-3.065860	-88.938900	-18.868810	 1.400629	-0.034647	-16.716550	 3.525487	-0.125804	 1.675687	-6.803984	 110.209000	-0.813313	 0.122417	-8.559153	-56.233550	-24.071620	 17.128140	-3.400324	 30.345700	 1.212103	-14.811180	 24.145530	-59.154590	-5.458089	-2.009787	 9.948415	 2.503307	-1.126933	 4.530149	 3.269413	-0.636417	-79.929980	 3.793585	 3.100285	 11.949850	-0.275770	 3.148043	 9.051788	 2.904167	 4.340921	-70.274960	 37.152020	 19.703160	 15.024930	-6.822121	 19.211520	 10.843110	-5.638612	 19.245750	-70.213710	 18.328960	 10.327550	 21.375270	-3.898658	 9.395153	 9.482653	-0.473388	 9.973445	-72.459640	-57.462820	-11.470470	 6.680876	 9.268128	-0.525181	 0.082175	-19.433930	-0.175208	 3.199808	 2.406252	-0.740767	 90.166690	-89.672810	 0.102946	-111.939600	 179.924100	 0.338239	 106.173500	-0.813313	 0.122417	-8.559153	 3.189476	 21.033290	 55.783250	-107.662200	-11.233790	 3.420298	 30.754510	-14.138460	-23.537900	-10.659040	-3.685100	 50.918990	 2.465217	-1.148464	 54.795770	 2.485954	 0.981965	-44.681390	 0.672810	 2.078023	 40.503840	-0.225106	 3.164486	 27.018750	 2.827381	 4.605978	-66.383640	 40.686530	 21.006640	 16.656560	-6.636060	 19.262330	 21.072580	-5.877280	 19.286490	-82.068350	 19.821730	 11.177230	 26.648650	-3.752529	 9.442449	 26.671770	-0.499376	 10.224160	-66.660320	-36.715930	-2.656852	 27.816320	 15.609720	-0.539555	 0.135676	 16.990000	-0.375326	 3.456629	 0.000000	 90.000000	 0.000000	 168.013600	 11.709470	 170.512200	-166.517900	-7.880418	-9.630106
-0.023130	-0.063941	 0.000826	 176.170900	-3.080935	-88.940280	-18.869210	 1.401351	-0.028622	-16.716970	 3.527534	-0.120673	 1.674748	-6.800414	 110.208600	-0.813313	 0.122417	-8.559153	-56.231060	-24.062870	 17.119690	-3.400960	 30.346830	 1.212400	-14.811220	 24.145530	-59.161830	-5.458090	-2.009782	 9.948493	 2.503307	-1.126933	 4.530149	 3.269411	-0.636406	-79.929730	 3.793450	 3.100227	 11.949890	-0.275770	 3.148043	 9.051878	 2.904158	 4.340962	-70.274370	 37.151960	 19.703130	 15.025140	-6.822121	 19.211520	 10.843110	-5.638607	 19.245750	-70.213450	 18.328830	 10.327490	 21.375680	-3.898658	 9.395153	 9.482653	-0.473389	 9.973452	-72.459420	-57.463010	-11.470490	 6.681113	 9.268211	-0.525181	 0.082173	-19.433670	-0.175208	 3.199808	 2.408928	-0.735169	 90.167050	-89.665950	 0.095066	-111.896500	 179.924100	 0.338162	 106.177900	-0.813313	 0.122417	-8.559153	 3.184959	 21.047980	 55.797500	-107.646400	-11.235700	 3.427844	 30.768520	-14.140650	-23.539150	-10.657720	-3.683835	 50.920060	 2.465214	-1.148467	 54.800060	 2.485903	 0.982019	-44.679950	 0.670905	 2.076571	 40.506400	-0.225097	 3.164492	 27.022490	 2.827128	 4.606752	-66.372170	 40.684520	 21.005940	 16.660220	-6.636000	 19.262350	 21.075890	-5.876611	 19.286310	-82.034240	 19.820470	 11.176570	 26.652880	-3.752495	 9.442470	 26.676150	-0.499408	 10.224380	-66.655360	-36.715930	-2.656852	 27.816320	 15.609720	-0.539555	 0.135676	 16.990000	-0.375326	 3.456629	 0.000000	 90.000000	 0.000000	 168.023100	 11.706640	 170.516800	-166.513800	-7.878942	-9.619014
-0.023129	-0.063804	 0.000783	 176.171400	-3.099958	-88.939080	-18.869920	 1.402018	-0.021715	-16.717550	 3.529431	-0.114765	 1.674032	-6.797730	 110.208000	-0.813313	 0.122417	-8.559153	-56.229920	-24.052030	 17.106270	-3.401783	 30.347590	 1.212786	-14.811700	 24.144500	-59.168490	-5.458090	-2.009777	 9.948561	 2.503307	-1.126933	 4.530149	 3.269409	-0.636390	-79.929430	 3.793315	 3.100169	 11.949930	-0.275770	 3.148043	 9.051976	 2.904144	 4.341013	-70.273630	 37.151880	 19.703100	 15.025380	-6.822121	 19.211520	 10.843110	-5.638602	 19.245750	-70.213140	 18.328680	 10.327410	 21.376200	-3.898658	 9.395153	 9.482653	-0.473389	 9.973464	-72.459180	-57.463220	-11.470520	 6.681391	 9.268290	-0.525178	 0.082177	-19.433320	-0.175211	 3.199810	 2.412291	-0.729709	 90.167450	-89.659810	 0.079760	-111.847600	 179.923700	 0.339441	 106.183200	-0.813313	 0.122417	-8.559153	 3.178808	 21.063980	 55.813270	-107.629100	-11.237550	 3.437041	 30.785500	-14.142150	-23.538340	-10.656210	-3.682395	 50.921240	 2.465212	-1.148470	 54.804700	 2.485842	 0.982082	-44.678260	 0.668678	 2.074870	 40.509220	-0.225086	 3.164497	 27.026450	 2.826835	 4.607647	-66.358910	 40.682000	 21.005060	 16.664510	-6.635937	 19.262370	 21.079490	-5.875847	 19.286100	-81.995560	 19.818900	 11.175750	 26.657930	-3.752456	 9.442488	 26.680950	-0.499446	 10.224620	-66.649590	-36.715930	-2.656852	 27.816320	 15.609720	-0.539555	 0.135676	 16.990000	-0.375326	 3.456629	 0.000000	 90.000000	 0.000000	 168.031300	 11.702380	 170.521700	-166.507600	-7.877619	-9.607635
-0.023119	-0.063682	 0.000740	 176.173200	-3.117989	-88.935650	-18.870790	 1.402369	-0.015779	-16.718180	 3.530557	-0.109636	 1.673798	-6.796915	 110.207500	-0.813313	 0.122417	-8.559153	-56.230730	-24.041850	 17.090730	-3.402617	 30.347630	 1.213204	-14.812660	 24.142520	-59.172390	-5.458092	-2.009773	 9.948650	 2.503307	-1.126933	 4.530149	 3.269407	-0.636377	-79.929180	 3.793180	 3.100112	 11.949980	-0.275770	 3.148043	 9.052071	 2.904132	 4.341061	-70.272930	 37.151790	 19.703070	 15.025630	-6.822121	 19.211520	 10.843110	-5.638596	 19.245750	-70.212840	 18.328550	 10.327340	 21.376690	-3.898658	 9.395153	 9.482653	-0.473390	 9.973474	-72.458950	-57.463420	-11.470520	 6.681655	 9.268386	-0.525188	 0.082176	-19.432990	-0.175210	 3.199811	 2.415437	-0.726026	 90.167800	-89.656200	 0.061017	-111.807400	 179.923200	 0.341329	 106.187900	-0.813313	 0.122417	-8.559153	 3.172510	 21.076810	 55.826130	-107.614900	-11.238720	 3.445500	 30.800680	-14.142310	-23.535260	-10.654940	-3.681175	 50.922120	 2.465210	-1.148473	 54.808410	 2.485790	 0.982138	-44.676790	 0.666724	 2.073375	 40.511520	-0.225078	 3.164501	 27.029460	 2.826584	 4.608417	-66.347490	 40.679600	 21.004220	 16.668290	-6.635886	 19.262390	 21.082330	-5.875203	 19.285920	-81.962860	 19.817450	 11.174990	 26.662470	-3.752424	 9.442504	 26.684810	-0.499478	 10.224840	-66.644580	-36.715930	-2.656852	 27.816320	 15.609720	-0.539555	 0.135676	 16.990000	-0.375326	 3.456629	 0.000000	 90.000000	 0.000000	 168.033700	 11.698160	 170.526400	-166.500600	-7.876840	-9.598963
-0.023101	-0.063574	 0.000694	 176.176000	-3.135616	-88.930620	-18.871840	 1.402487	-0.010478	-16.718870	 3.531044	-0.105026	 1.673926	-6.797501	 110.207000	-0.813313	 0.122417	-8.559153	-56.233310	-24.031920	 17.072810	-3.403434	 30.347050	 1.213637	-14.814040	 24.139630	-59.174050	-5.458093	-2.009769	 9.948716	 2.503307	-1.126933	 4.530149	 3.269405	-0.636364	-79.928920	 3.793083	 3.100071	 11.950020	-0.275769	 3.148044	 9.052140	 2.904120	 4.341109	-70.272230	 37.151730	 19.703040	 15.025860	-6.822121	 19.211520	 10.843110	-5.638590	 19.245750	-70.212580	 18.328440	 10.327280	 21.377180	-3.898658	 9.395153	 9.482653	-0.473390	 9.973483	-72.458720	-57.463620	-11.470550	 6.681925	 9.268472	-0.525181	 0.082176	-19.432680	-0.175216	 3.199811	 2.418534	-0.723804	 90.168130	-89.654500	 0.039421	-111.774000	 179.922600	 0.343656	 106.192400	-0.813313	 0.122417	-8.559153	 3.165851	 21.087330	 55.836920	-107.603100	-11.239350	 3.453626	 30.814520	-14.141260	-23.530150	-10.653820	-3.680103	 50.922820	 2.465209	-1.148475	 54.811410	 2.485742	 0.982188	-44.675450	 0.664958	 2.072021	 40.513440	-0.225072	 3.164504	 27.031770	 2.826356	 4.609107	-66.337240	 40.677230	 21.003380	 16.671740	-6.635847	 19.262410	 21.084640	-5.874639	 19.285780	-81.934250	 19.816020	 11.174230	 26.666710	-3.752398	 9.442514	 26.688000	-0.499508	 10.225030	-66.640040	-36.715930	-2.656852	 27.816320	 15.609720	-0.539555	 0.135676	 16.990000	-0.375326	 3.456629	 0.000000	 90.000000	 0.000000	 168.032700	 11.694030	 170.527900	-166.492700	-7.876458	-9.592034
-0.023072	-0.063457	 0.000631	 176.180700	-3.157618	-88.922490	-18.873400	 1.402276	-0.004531	-16.719880	 3.530829	-0.099757	 1.674439	-6.799623	 110.206300	-0.813313	 0.122417	-8.559153	-56.239010	-24.019390	 17.046370	-3.404552	 30.345510	 1.214249	-14.816420	 24.134670	-59.173100	-5.458094	-2.009762	 9.948836	 2.503307	-1.126933	 4.530149	 3.269403	-0.636346	-79.928570	 3.792967	 3.100022	 11.950060	-0.275769	 3.148044	 9.052270	 2.904104	 4.341170	-70.271340	 37.151620	 19.702990	 15.026170	-6.822121	 19.211520	 10.843110	-5.638580	 19.245750	-70.212230	 18.328310	 10.327210	 21.377770	-3.898658	 9.395153	 9.482653	-0.473391	 9.973496	-72.458440	-57.463860	-11.470560	 6.682265	 9.268591	-0.525181	 0.082178	-19.432260	-0.175217	 3.199813	 2.422475	-0.722884	 90.168550	-89.654630	 0.008515	-111.741300	 179.921700	 0.347152	 106.197700	-0.813313	 0.122417	-8.559153	 3.156754	 21.097770	 55.848120	-107.591000	-11.239450	 3.463682	 30.830290	-14.138180	-23.520700	-10.652580	-3.678930	 50.923440	 2.465207	-1.148477	 54.814330	 2.485686	 0.982248	-44.673870	 0.662903	 2.070442	 40.515400	-0.225067	 3.164507	 27.033800	 2.826100	 4.609892	-66.325610	 40.674200	 21.002310	 16.675780	-6.635806	 19.262420	 21.086890	-5.874021	 19.285610	-81.902750	 19.814210	 11.173270	 26.671820	-3.752373	 9.442529	 26.691220	-0.499543	 10.225260	-66.634810	-36.715930	-2.656852	 27.816320	 15.609720	-0.539555	 0.135676	 16.990000	-0.375326	 3.456629	 0.000000	 90.000000	 0.000000	 168.028800	 11.689380	 170.519000	-166.481100	-7.876523	-9.585105
-0.023042	-0.063373	 0.000573	 176.185700	-3.176210	-88.914310	-18.874990	 1.401798	-0.000025	-16.720820	 3.529890	-0.095707	 1.675164	-6.802552	 110.205700	-0.813313	 0.122417	-8.559153	-56.246100	-24.008580	 17.020240	-3.405516	 30.343440	 1.214786	-14.819020	 24.129190	-59.169610	-5.458094	-2.009758	 9.948906	 2.503307	-1.126933	 4.530149	 3.269400	-0.636332	-79.928280	 3.792871	 3.099982	 11.950100	-0.275769	 3.148043	 9.052365	 2.904091	 4.341222	-70.270580	 37.151570	 19.702960	 15.026420	-6.822121	 19.211520	 10.843110	-5.638576	 19.245750	-70.211920	 18.328240	 10.327180	 21.378300	-3.898658	 9.395153	 9.482653	-0.473391	 9.973508	-72.458180	-57.464080	-11.470590	 6.682556	 9.268685	-0.525181	 0.082180	-19.431930	-0.175223	 3.199817	 2.425870	-0.723775	 90.168910	-89.656650	-0.020615	-111.722200	 179.920900	 0.350609	 106.202100	-0.813313	 0.122417	-8.559153	 3.148318	 21.104260	 55.855540	-107.583100	-11.238880	 3.472153	 30.842110	-14.133980	-23.509860	-10.651690	-3.678080	 50.923760	 2.465206	-1.148478	 54.816090	 2.485641	 0.982294	-44.672620	 0.661310	 2.069214	 40.516660	-0.225064	 3.164508	 27.034750	 2.825903	 4.610490	-66.316750	 40.671560	 21.001370	 16.678970	-6.635784	 19.262430	 21.088200	-5.873568	 19.285490	-81.879740	 19.812670	 11.172450	 26.675980	-3.752356	 9.442535	 26.693260	-0.499570	 10.225430	-66.630760	-36.715930	-2.656852	 27.816320	 15.609720	-0.539555	 0.135676	 16.990000	-0.375326	 3.456629	 0.000000	 90.000000	 0.000000	 168.023600	 11.685660	 170.503800	-166.469700	-7.877010	-9.580499
-0.023008	-0.063298	 0.000509	 176.191900	-3.195354	-88.904860	-18.876890	 1.401011	 0.004099	-16.721910	 3.528166	-0.091923	 1.676183	-6.806641	 110.205000	-0.813313	 0.122417	-8.559153	-56.255790	-23.997180	 16.989180	-3.406633	 30.340460	 1.215429	-14.822340	 24.122240	-59.163220	-5.458096	-2.009752	 9.949003	 2.503307	-1.126933	 4.530149	 3.269398	-0.636315	-79.927970	 3.792775	 3.099941	 11.950150	-0.275768	 3.148044	 9.052476	 2.904078	 4.341277	-70.269780	 37.151460	 19.702920	 15.026700	-6.822121	 19.211520	 10.843110	-5.638569	 19.245750	-70.211600	 18.328150	 10.327130	 21.378840	-3.898658	 9.395153	 9.482653	-0.473392	 9.973520	-72.457900	-57.464300	-11.470600	 6.682868	 9.268782	-0.525178	 0.082180	-19.431560	-0.175225	 3.199817	 2.429489	-0.726425	 90.169240	-89.660550	-0.053316	-111.711700	 179.919900	 0.354610	 106.206500	-0.813313	 0.122417	-8.559153	 3.138770	 21.108570	 55.861170	-107.577300	-11.237640	 3.480920	 30.852610	-14.127940	-23.495760	-10.650890	-3.677318	 50.923880	 2.465205	-1.148479	 54.817200	 2.485600	 0.982338	-44.671470	 0.659784	 2.068035	 40.517600	-0.225063	 3.164508	 27.034960	 2.825721	 4.611045	-66.308500	 40.668730	 21.000350	 16.682060	-6.635768	 19.262430	 21.089020	-5.873173	 19.285380	-81.859570	 19.811020	 11.171570	 26.680150	-3.752345	 9.442542	 26.694680	-0.499594	 10.225600	-66.626910	-36.715930	-2.656852	 27.816320	 15.609720	-0.539555	 0.135676	 16.990000	-0.375326	 3.456629	 0.000000	 90.000000	 0.000000	 168.016800	 11.681880	 170.481900	-166.456300	-7.877942	-9.576754
-0.022972	-0.063226	 0.000422	 176.200300	-3.217167	-88.893040	-18.879460	 1.399680	 0.008121	-16.723350	 3.525141	-0.088116	 1.677700	-6.812699	 110.204100	-0.813313	 0.122417	-8.559153	-56.270150	-23.983680	 16.948050	-3.407972	 30.335930	 1.216211	-14.826990	 24.112470	-59.152110	-5.458098	-2.009746	 9.949109	 2.503307	-1.126933	 4.530149	 3.269395	-0.636296	-79.927600	 3.792697	 3.099909	 11.950200	-0.275768	 3.148044	 9.052594	 2.904061	 4.341343	-70.268810	 37.151370	 19.702890	 15.027010	-6.822121	 19.211520	 10.843110	-5.638561	 19.245740	-70.211240	 18.328080	 10.327090	 21.379480	-3.898658	 9.395153	 9.482653	-0.473393	 9.973533	-72.457590	-57.464560	-11.470630	 6.683231	 9.268903	-0.525188	 0.082181	-19.431100	-0.175224	 3.199820	 2.433766	-0.731778	 90.169620	-89.667240	-0.093545	-111.674000	 179.918700	 0.359697	 106.211400	-0.813313	 0.122417	-8.559153	 3.126685	 21.110350	 55.864860	-107.573600	-11.235340	 3.491014	 30.862130	-14.118630	-23.475590	-10.650160	-3.676630	 50.923700	 2.465205	-1.148479	 54.817480	 2.485556	 0.982385	-44.670230	 0.658211	 2.066812	 40.518170	-0.225066	 3.164507	 27.034170	 2.825539	 4.611597	-66.300320	 40.665350	 20.999140	 16.685320	-6.635766	 19.262440	 21.089160	-5.872810	 19.285280	-81.841260	 19.809090	 11.170530	 26.684770	-3.752339	 9.442544	 26.695390	-0.499621	 10.225770	-66.622990	-36.715930	-2.656852	 27.816320	 15.609720	-0.539555	 0.135676	 16.990000	-0.375326	 3.456629	 0.000000	 90.000000	 0.000000	 168.007700	 11.677460	 170.450500	-166.438900	-7.880261	-9.580508
-0.022950	-0.063177	 0.000330	 176.208900	-3.235933	-88.882110	-18.882080	 1.398099	 0.010956	-16.724740	 3.521502	-0.085284	 1.679330	-6.819188	 110.203200	-0.813313	 0.122417	-8.559153	-56.285740	-23.971570	 16.906880	-3.409276	 30.330960	 1.216990	-14.831900	 24.102240	-59.138780	-5.458098	-2.009740	 9.949211	 2.503307	-1.126933	 4.530149	 3.269392	-0.636280	-79.927280	 3.792639	 3.099885	 11.950240	-0.275768	 3.148044	 9.052723	 2.904046	 4.341404	-70.267940	 37.151280	 19.702840	 15.027330	-6.822121	 19.211520	 10.843110	-5.638553	 19.245750	-70.210910	 18.328030	 10.327060	 21.380080	-3.898658	 9.395153	 9.482653	-0.473393	 9.973546	-72.457300	-57.464790	-11.470640	 6.683573	 9.269021	-0.525181	 0.082182	-19.430700	-0.175233	 3.199824	 2.437634	-0.738664	 90.169940	-89.674970	-0.130417	-111.573800	 179.917600	 0.364535	 106.215500	-0.813313	 0.122417	-8.559153	 3.115076	 21.108840	 55.865520	-107.573500	-11.232500	 3.499889	 30.867830	-14.108240	-23.454200	-10.649690	-3.676194	 50.923280	 2.465206	-1.148479	 54.816800	 2.485521	 0.982422	-44.669240	 0.656994	 2.065861	 40.518180	-0.225070	 3.164505	 27.032490	 2.825408	 4.611996	-66.294370	 40.662290	 20.998030	 16.687900	-6.635775	 19.262430	 21.088560	-5.872587	 19.285220	-81.829870	 19.807350	 11.169590	 26.688660	-3.752341	 9.442544	 26.695130	-0.499640	 10.225890	-66.619990	-36.715930	-2.656852	 27.816320	 15.609720	-0.539555	 0.135676	 16.990000	-0.375326	 3.456629	 0.000000	 90.000000	 0.000000	 167.999000	 11.673340	 170.418700	-166.422300	-7.884239	-9.598954
-0.022935	-0.063146	 0.000229	 176.218300	-3.253974	-88.871050	-18.884990	 1.396142	 0.013067	-16.726280	 3.516923	-0.083005	 1.681213	-6.826673	 110.202300	-0.813313	 0.122417	-8.559153	-56.304120	-23.959280	 16.861230	-3.410622	 30.325030	 1.217820	-14.837520	 24.090450	-59.122110	-5.458100	-2.009735	 9.949306	 2.503307	-1.126933	 4.530149	 3.269391	-0.636262	-79.926930	 3.792600	 3.099870	 11.950290	-0.275767	 3.148044	 9.052828	 2.904030	 4.341465	-70.267040	 37.151190	 19.702810	 15.027620	-6.822121	 19.211520	 10.843110	-5.638549	 19.245750	-70.210590	 18.328020	 10.327060	 21.380670	-3.898658	 9.395153	 9.482653	-0.473392	 9.973558	-72.457000	-57.465030	-11.470660	 6.683924	 9.269140	-0.525181	 0.082183	-19.430290	-0.175236	 3.199823	 2.441566	-0.747621	 90.170270	-89.684360	-0.168078	-111.428900	 179.916400	 0.369645	 106.219400	-0.813313	 0.122417	-8.559153	 3.102607	 21.104310	 55.863510	-107.576000	-11.236370	 3.508855	 30.871560	-14.102140	-23.425290	-10.649400	-3.675934	 50.922570	 2.465207	-1.148477	 54.815220	 2.485492	 0.982452	-44.668420	 0.655966	 2.065050	 40.517700	-0.225077	 3.164501	 27.029840	 2.825305	 4.612310	-66.289730	 40.655960	 20.995700	 16.691320	-6.635798	 19.262420	 21.087270	-5.872456	 19.285190	-81.823290	 19.803760	 11.167590	 26.692670	-3.752350	 9.442537	 26.694020	-0.499657	 10.226000	-66.617490	-36.715930	-2.656852	 27.816320	 15.609720	-0.539555	 0.135676	 16.990000	-0.375326	 3.456629	 0.000000	 90.000000	 0.000000	 167.990100	 11.668930	 170.384700	-166.404400	-7.889750	-9.628465
-0.022927	-0.063133	 0.000104	 176.230700	-3.274295	-88.858080	-18.888870	 1.393331	 0.014580	-16.728270	 3.510252	-0.081078	 1.683766	-6.836813	 110.201100	-0.813313	 0.122417	-8.559153	-56.329660	-23.944530	 16.800990	-3.412288	 30.316720	 1.218859	-14.845130	 24.074430	-59.097810	-5.458102	-2.009727	 9.949440	 2.503307	-1.126933	 4.530149	 3.269387	-0.636241	-79.926540	 3.792562	 3.099856	 11.950340	-0.275767	 3.148044	 9.052968	 2.904012	 4.341539	-70.265980	 37.151090	 19.702770	 15.027990	-6.822121	 19.211520	 10.843110	-5.638540	 19.245750	-70.210210	 18.328000	 10.327050	 21.381370	-3.898658	 9.395153	 9.482653	-0.473395	 9.973574	-72.456640	-57.465310	-11.470680	 6.684330	 9.269275	-0.525184	 0.082185	-19.429800	-0.175238	 3.199831	 2.446325	-0.761104	 90.170620	-89.697580	-0.213400	-111.222400	 179.914900	 0.375988	 106.223700	-0.813313	 0.122417	-8.559153	 3.086651	 21.094870	 55.857600	-107.582000	-11.264340	 3.519992	 30.874670	-14.112720	-23.373040	-10.649310	-3.675868	 50.921370	 2.465208	-1.148475	 54.812080	 2.485462	 0.982483	-44.667590	 0.655009	 2.064283	 40.516460	-0.225089	 3.164495	 27.025400	 2.825222	 4.612560	-66.286000	 40.639350	 20.989570	 16.698200	-6.635844	 19.262410	 21.084730	-5.872430	 19.285180	-81.821980	 19.794230	 11.162200	 26.698210	-3.752370	 9.442529	 26.691510	-0.499672	 10.226100	-66.615230	-36.715930	-2.656852	 27.816320	 15.609720	-0.539555	 0.135676	 16.990000	-0.375326	 3.456629	 0.000000	 90.000000	 0.000000	 167.979800	 11.663150	 170.342800	-166.381000	-7.897843	-9.673745
-0.022926	-0.063126	-0.000019	 176.246600	-3.290276	-88.847950	-18.892500	 1.388404	 0.014961	-16.730110	 3.497997	-0.080108	 1.686180	-6.846387	 110.200100	-0.813313	 0.122417	-8.559153	-56.354500	-23.931890	 16.744860	-3.413816	 30.308550	 1.219837	-14.852430	 24.059100	-59.073310	-5.458104	-2.009721	 9.949539	 2.503307	-1.126933	 4.530149	 3.269384	-0.636224	-79.926190	 3.792561	 3.099856	 11.950370	-0.275767	 3.148044	 9.053083	 2.903996	 4.341602	-70.265060	 37.150990	 19.702730	 15.028290	-6.822121	 19.211520	 10.843110	-5.638533	 19.245740	-70.209900	 18.328010	 10.327050	 21.381980	-3.898658	 9.395153	 9.482653	-0.473395	 9.973587	-72.456340	-57.465550	-11.470700	 6.684691	 9.269384	-0.525185	 0.082183	-19.429370	-0.175247	 3.199828	 2.450412	-0.774944	 90.170870	-89.710530	-0.251887	-111.037500	 179.913600	 0.381498	 106.227100	-0.813313	 0.122417	-8.559153	 3.072220	 21.083340	 55.849440	-107.589700	-11.306440	 3.529845	 30.902780	-14.137560	-23.307380	-10.649450	-3.676022	 50.920030	 2.465211	-1.148473	 54.808350	 2.485444	 0.982503	-44.667070	 0.654408	 2.063792	 40.514850	-0.225102	 3.164489	 27.020490	 2.825186	 4.612668	-66.284410	 40.619950	 20.982390	 16.705530	-6.635898	 19.262390	 21.081730	-5.872521	 19.285210	-81.826630	 19.783040	 11.155850	 26.703260	-3.752395	 9.442517	 26.688360	-0.499681	 10.226150	-66.613910	-36.715930	-2.656852	 27.816320	 15.609720	-0.539555	 0.135676	 16.990000	-0.375326	 3.456629	 0.000000	 90.000000	 0.000000	 167.971700	 11.657680	 170.307400	-166.359400	-7.905719	-9.717458
-0.022938	-0.063120	-0.000207	 176.277400	-3.307221	-88.837940	-18.897150	 1.376798	 0.014266	-16.732440	 3.468538	-0.079856	 1.689285	-6.858706	 110.198700	-0.813313	 0.122417	-8.559153	-56.387330	-23.916980	 16.673180	-3.415660	 30.297700	 1.221041	-14.859960	 24.038310	-59.040780	-5.458105	-2.009714	 9.949655	 2.503307	-1.126933	 4.530149	 3.269382	-0.636201	-79.925750	 3.792560	 3.099859	 11.950440	-0.275766	 3.148045	 9.053237	 2.903975	 4.341678	-70.263950	 37.150880	 19.702680	 15.028670	-6.822121	 19.211520	 10.843110	-5.638525	 19.245740	-70.209510	 18.328050	 10.327080	 21.382710	-3.898658	 9.395153	 9.482653	-0.473397	 9.973602	-72.455970	-57.465830	-11.470720	 6.685123	 9.269537	-0.525185	 0.082187	-19.428860	-0.175242	 3.199834	 2.455241	-0.794055	 90.171170	-89.727750	-0.296648	-110.831000	 179.912100	 0.388094	 106.230600	-0.813313	 0.122417	-8.559153	 3.054176	 21.065560	 55.836160	-107.602100	-11.375210	 3.541684	 31.001420	-14.185910	-23.197310	-10.649870	-3.676456	 50.918090	 2.465213	-1.148468	 54.802680	 2.485428	 0.982519	-44.666650	 0.653981	 2.063421	 40.512270	-0.225121	 3.164479	 27.013400	 2.825188	 4.612666	-66.284450	 40.593830	 20.972710	 16.714860	-6.635978	 19.262360	 21.077210	-5.872766	 19.285270	-81.838950	 19.767930	 11.147260	 26.709190	-3.752435	 9.442497	 26.683420	-0.499687	 10.226190	-66.613090	-36.715930	-2.656852	 27.816320	 15.609720	-0.539555	 0.135676	 16.990000	-0.375326	 3.456629	 0.000000	 90.000000	 0.000000	 167.965600	 11.651940	 170.250200	-166.331500	-7.915724	-9.771028
-0.022973	-0.063166	-0.000386	 176.310000	-3.319473	-88.831340	-18.901250	 1.363725	 0.012797	-16.734480	 3.435049	-0.080317	 1.692009	-6.869503	 110.197500	-0.813313	 0.122417	-8.559153	-56.416920	-23.904840	 16.610440	-3.417255	 30.287890	 1.222079	-14.863860	 24.017930	-59.007770	-5.458107	-2.009708	 9.949764	 2.503307	-1.126933	 4.530149	 3.269379	-0.636184	-79.925420	 3.792598	 3.099878	 11.950490	-0.275766	 3.148044	 9.053346	 2.903960	 4.341740	-70.263050	 37.150790	 19.702640	 15.028980	-6.822121	 19.211520	 10.843110	-5.638521	 19.245740	-70.209200	 18.328120	 10.327110	 21.383290	-3.898658	 9.395153	 9.482653	-0.473397	 9.973617	-72.455680	-57.466040	-11.470730	 6.685477	 9.269643	-0.525181	 0.082187	-19.428450	-0.175243	 3.199837	 2.459189	-0.811842	 90.171400	-89.744900	-0.331000	-110.590200	 179.910800	 0.393502	 106.233200	-0.813313	 0.122417	-8.559153	 3.058346	 21.033880	 55.779090	-107.615200	-11.440900	 3.539745	 31.121450	-14.238050	-23.085400	-10.650440	-3.677023	 50.916210	 2.465216	-1.148465	 54.797060	 2.485422	 0.982526	-44.666470	 0.653876	 2.063301	 40.509640	-0.225139	 3.164470	 27.006590	 2.825223	 4.612560	-66.286030	 40.571870	 20.964570	 16.722310	-6.636055	 19.262330	 21.072740	-5.873070	 19.285350	-81.854550	 19.755220	 11.140030	 26.713810	-3.752476	 9.442477	 26.678440	-0.499686	 10.226190	-66.613040	-36.715930	-2.656852	 27.816320	 15.609720	-0.539555	 0.135676	 16.990000	-0.375326	 3.456629	 0.000000	 90.000000	 0.000000	 167.965500	 11.648980	 170.177500	-166.303000	-7.927460	-9.830953
-0.023090	-0.063334	-0.000660	 176.363400	-3.334089	-88.824520	-18.907400	 1.341614	 0.009439	-16.737530	 3.378198	-0.081991	 1.696046	-6.885509	 110.195800	-0.813313	 0.122417	-8.559153	-56.462090	-23.888030	 16.517150	-3.419500	 30.272830	 1.223569	-14.867740	 23.984080	-58.944290	-5.458108	-2.009700	 9.949913	 2.503307	-1.126933	 4.530149	 3.269376	-0.636160	-79.924930	 3.792656	 3.099906	 11.950540	-0.275765	 3.148045	 9.053526	 2.903939	 4.341826	-70.261800	 37.150700	 19.702600	 15.029380	-6.822121	 19.211520	 10.843110	-5.638514	 19.245740	-70.208790	 18.328230	 10.327160	 21.384090	-3.898658	 9.395153	 9.482653	-0.473398	 9.973635	-72.455240	-57.466370	-11.470760	 6.685970	 9.269798	-0.525185	 0.082188	-19.427890	-0.175247	 3.199838	 2.464673	-0.839723	 90.171650	-89.776270	-0.373780	-110.145300	 179.909100	 0.400936	 106.236300	-0.813313	 0.122417	-8.559153	 3.123782	 20.942340	 55.565610	-107.638100	-11.537130	 3.499789	 31.327960	-14.325570	-22.903160	-10.651520	-3.678091	 50.913170	 2.465221	-1.148458	 54.787770	 2.485422	 0.982526	-44.666450	 0.654032	 2.063360	 40.505170	-0.225168	 3.164455	 26.995600	 2.825322	 4.612258	-66.290500	 40.543280	 20.953950	 16.731350	-6.636187	 19.262290	 21.065370	-5.873655	 19.285510	-81.884320	 19.738560	 11.130530	 26.719520	-3.752543	 9.442447	 26.670120	-0.499681	 10.226160	-66.613870	-36.715930	-2.656852	 27.816320	 15.609720	-0.539555	 0.135676	 16.990000	-0.375326	 3.456629	 0.000000	 90.000000	 0.000000	 167.971800	 11.646430	 170.049700	-166.249200	-7.953555	-9.959911
-0.023223	-0.063540	-0.000888	 176.410800	-3.343804	-88.820960	-18.912700	 1.321607	 0.005657	-16.740150	 3.326486	-0.084173	 1.699496	-6.899189	 110.194400	-0.813313	 0.122417	-8.559153	-56.502920	-23.875190	 16.436380	-3.421417	 30.259550	 1.224879	-14.869650	 23.952570	-58.880540	-5.458111	-2.009693	 9.950034	 2.503307	-1.126933	 4.530149	 3.269373	-0.636140	-79.924540	 3.792734	 3.099942	 11.950590	-0.275765	 3.148045	 9.053647	 2.903920	 4.341894	-70.260800	 37.150600	 19.702560	 15.029720	-6.822121	 19.211520	 10.843110	-5.638505	 19.245740	-70.208470	 18.328350	 10.327220	 21.384730	-3.898658	 9.395153	 9.482653	-0.473400	 9.973648	-72.454930	-57.466630	-11.470780	 6.686360	 9.269932	-0.525188	 0.082190	-19.427420	-0.175254	 3.199841	 2.469072	-0.864856	 90.171850	-89.806430	-0.404870	-109.759400	 179.907800	 0.406826	 106.238400	-0.813313	 0.122417	-8.559153	 3.159181	 20.771470	 55.349870	-107.660700	-11.619460	 3.443810	 31.516450	-14.396940	-22.702040	-10.652640	-3.679204	 50.910370	 2.465226	-1.148451	 54.779060	 2.485427	 0.982520	-44.666620	 0.654441	 2.063620	 40.500930	-0.225195	 3.164442	 26.985480	 2.825445	 4.611885	-66.296020	 40.523850	 20.946720	 16.736850	-6.636310	 19.262240	 21.058500	-5.874265	 19.285680	-81.915080	 19.727170	 11.124050	 26.723310	-3.752606	 9.442412	 26.662240	-0.499672	 10.226100	-66.615280	-36.715930	-2.656852	 27.816320	 15.609720	-0.539555	 0.135676	 16.990000	-0.375326	 3.456629	 0.000000	 90.000000	 0.000000	 167.981500	 11.644940	 169.933200	-166.196500	-7.978071	-10.083590
-0.023392	-0.063803	-0.001116	 176.462300	-3.351928	-88.819060	-18.918520	 1.299664	 0.000718	-16.742980	 3.269576	-0.087216	 1.703239	-6.914031	 110.192800	-0.813313	 0.122417	-8.559153	-56.550660	-23.863260	 16.346840	-3.423381	 30.242520	 1.226279	-14.870400	 23.914180	-58.805000	-5.458112	-2.009686	 9.950149	 2.503307	-1.126933	 4.530149	 3.269370	-0.636119	-79.924160	 3.792810	 3.099977	 11.950630	-0.275764	 3.148044	 9.053779	 2.903903	 4.341967	-70.259750	 37.150510	 19.702520	 15.030070	-6.822121	 19.211520	 10.843110	-5.638499	 19.245740	-70.208140	 18.328490	 10.327300	 21.385390	-3.898658	 9.395153	 9.482653	-0.473399	 9.973662	-72.454580	-57.466850	-11.470790	 6.686765	 9.270072	-0.525181	 0.082190	-19.426930	-0.175260	 3.199841	 2.473610	-0.893399	 90.172000	-89.840570	-0.434133	-109.234700	 179.906500	 0.412800	 106.240100	-0.813313	 0.122417	-8.559153	 3.122911	 20.456620	 55.143540	-107.688100	-11.710080	 3.370050	 31.722450	-14.463290	-22.422300	-10.654060	-3.680597	 50.907120	 2.465231	-1.148444	 54.768890	 2.485442	 0.982505	-44.667020	 0.655142	 2.064095	 40.495880	-0.225225	 3.164425	 26.973800	 2.825611	 4.611376	-66.303570	 40.508820	 20.941110	 16.740220	-6.636452	 19.262190	 21.050430	-5.875016	 19.285880	-81.953360	 19.718250	 11.118960	 26.726250	-3.752681	 9.442375	 26.652970	-0.499657	 10.226000	-66.617470	-36.715930	-2.656852	 27.816320	 15.609720	-0.539555	 0.135676	 16.990000	-0.375326	 3.456629	 0.000000	 90.000000	 0.000000	 167.995200	 11.643290	 169.807200	-166.135600	-8.002144	-10.214270
-0.023710	-0.064243	-0.001405	 176.521400	-3.359697	-88.818790	-18.926390	 1.271283	-0.006959	-16.746780	 3.195693	-0.092192	 1.708697	-6.935629	 110.190800	-0.813313	 0.122417	-8.559153	-56.618960	-23.847540	 16.222070	-3.426276	 30.213100	 1.228441	-14.869400	 23.853690	-58.698900	-5.458114	-2.009677	 9.950298	 2.503307	-1.126933	 4.530149	 3.269366	-0.636094	-79.923650	 3.792963	 3.100047	 11.950690	-0.275764	 3.148044	 9.053970	 2.903879	 4.342058	-70.258430	 37.150410	 19.702480	 15.030510	-6.822121	 19.211520	 10.843110	-5.638490	 19.245740	-70.207730	 18.328690	 10.327400	 21.386230	-3.898658	 9.395153	 9.482653	-0.473401	 9.973681	-72.454130	-57.467180	-11.470820	 6.687281	 9.270231	-0.525188	 0.082193	-19.426330	-0.175267	 3.199845	 2.479369	-0.937348	 90.172190	-89.886630	-0.467976	-108.495500	 179.904800	 0.420156	 106.241800	-0.813313	 0.122417	-8.559153	 3.123588	 19.867110	 54.680660	-107.729200	-11.841540	 3.191972	 32.067410	-14.578880	-21.984050	-10.656200	-3.682700	 50.902540	 2.465239	-1.148433	 54.754340	 2.485469	 0.982477	-44.667770	 0.656393	 2.064971	 40.488620	-0.225269	 3.164403	 26.957290	 2.825881	 4.610559	-66.315730	 40.499360	 20.937560	 16.740370	-6.636654	 19.262110	 21.038930	-5.876154	 19.286180	-82.011130	 19.712360	 11.115600	 26.728300	-3.752790	 9.442325	 26.639610	-0.499633	 10.225840	-66.621240	-36.715930	-2.656852	 27.816320	 15.609720	-0.539555	 0.135676	 16.990000	-0.375326	 3.456629	 0.000000	 90.000000	 0.000000	 168.020200	 11.642230	 169.625100	-166.054200	-8.031458	-10.394010
-0.024078	-0.064739	-0.001657	 176.555000	-3.364031	-88.825130	-18.933230	 1.248533	-0.014407	-16.750070	 3.136113	-0.097178	 1.714223	-6.957424	 110.189100	-0.813313	 0.122417	-8.559153	-56.681400	-23.831650	 16.107940	-3.429051	 30.184700	 1.230527	-14.867160	 23.795890	-58.605300	-5.458115	-2.009670	 9.950416	 2.503307	-1.126933	 4.530149	 3.269363	-0.636073	-79.923240	 3.793098	 3.100109	 11.950730	-0.275764	 3.148045	 9.054117	 2.903860	 4.342132	-70.257350	 37.150310	 19.702430	 15.030870	-6.822121	 19.211520	 10.843110	-5.638484	 19.245740	-70.207410	 18.328910	 10.327510	 21.386900	-3.898658	 9.395153	 9.482653	-0.473402	 9.973699	-72.453780	-57.467440	-11.470830	 6.687718	 9.270370	-0.525188	 0.082193	-19.425830	-0.175265	 3.199850	 2.484085	-0.983179	 90.172340	-89.930210	-0.518009	-107.912300	 179.903500	 0.425966	 106.242700	-0.813313	 0.122417	-8.559153	 3.252267	 19.263430	 54.105800	-107.769300	-11.973870	 2.925950	 32.455440	-14.734580	-21.571600	-10.658250	-3.684695	 50.898380	 2.465246	-1.148424	 54.741060	 2.485499	 0.982444	-44.668640	 0.657743	 2.065932	 40.481940	-0.225309	 3.164383	 26.942380	 2.826149	 4.609743	-66.327820	 40.505650	 20.939840	 16.734900	-6.636841	 19.262050	 21.028460	-5.877235	 19.286480	-82.065950	 19.715500	 11.117400	 26.727880	-3.752888	 9.442275	 26.627390	-0.499606	 10.225670	-66.625180	-36.715930	-2.656852	 27.816320	 15.609720	-0.539555	 0.135676	 16.990000	-0.375326	 3.456629	 0.000000	 90.000000	 0.000000	 168.050100	 11.643910	 169.436400	-165.989300	-8.056823	-10.579300
-0.024577	-0.065374	-0.001925	 176.576700	-3.366392	-88.842540	-18.940820	 1.225779	-0.023347	-16.753670	 3.076175	-0.103298	 1.720911	-6.983756	 110.187300	-0.813313	 0.122417	-8.559153	-56.752560	-23.812240	 15.977350	-3.432491	 30.151230	 1.233074	-14.863550	 23.728100	-58.501510	-5.458117	-2.009663	 9.950539	 2.503307	-1.126933	 4.530149	 3.269360	-0.636050	-79.922800	 3.793292	 3.100195	 11.950770	-0.275763	 3.148045	 9.054271	 2.903841	 4.342210	-70.256210	 37.150200	 19.702390	 15.031250	-6.822121	 19.211520	 10.843110	-5.638477	 19.245740	-70.207060	 18.329150	 10.327630	 21.387600	-3.898658	 9.395153	 9.482653	-0.473402	 9.973715	-72.453390	-57.467700	-11.470850	 6.688158	 9.270521	-0.525181	 0.082194	-19.425310	-0.175270	 3.199849	 2.489020	-1.038339	 90.172460	-89.984710	-0.616694	-107.312300	 179.902200	 0.431799	 106.243200	-0.813313	 0.122417	-8.559153	 3.369792	 18.460200	 53.444340	-107.818400	-12.138970	 2.583757	 32.870510	-14.911190	-21.021630	-10.660640	-3.687094	 50.890190	 2.465253	-1.148413	 54.725770	 2.485540	 0.982402	-44.669770	 0.659471	 2.067172	 40.474190	-0.225403	 3.164335	 26.906800	 2.826476	 4.608747	-66.342610	 40.527640	 20.947950	 16.723080	-6.637303	 19.261880	 21.002340	-5.878510	 19.286820	-82.130960	 19.727550	 11.124290	 26.725220	-3.753145	 9.442150	 26.595650	-0.499475	 10.224820	-66.645050	-36.715930	-2.656852	 27.816320	 15.609720	-0.539555	 0.135676	 16.990000	-0.375326	 3.456629	 0.000000	 90.000000	 0.000000	 168.100400	 11.643990	 169.208000	-165.911900	-8.087883	-10.802170
-0.025320	-0.066245	-0.002247	 176.587100	-3.366410	-88.870790	-18.950310	 1.201237	-0.035396	-16.758190	 3.011108	-0.111693	 1.729799	-7.018700	 110.185300	-0.813313	 0.122417	-8.559153	-56.843300	-23.786070	 15.810170	-3.436983	 30.107440	 1.236392	-14.857890	 23.640050	-58.372970	-5.458120	-2.009654	 9.950703	 2.503307	-1.126933	 4.530149	 3.269356	-0.636024	-79.922290	 3.793541	 3.100308	 11.950830	-0.275763	 3.148045	 9.054436	 2.903817	 4.342303	-70.254860	 37.150100	 19.702340	 15.031690	-6.822121	 19.211520	 10.843110	-5.638469	 19.245740	-70.206690	 18.329480	 10.327800	 21.388410	-3.898658	 9.395153	 9.482653	-0.473403	 9.973734	-72.452950	-57.468000	-11.470860	 6.688687	 9.270695	-0.525188	 0.082197	-19.424710	-0.175273	 3.199853	 2.494879	-1.109642	 90.172580	-90.053770	-0.773721	-106.517200	 179.900800	 0.438386	 106.243200	-0.813313	 0.122417	-8.559153	 3.422895	 17.286320	 52.516350	-107.885500	-12.370830	 2.162648	 33.248250	-15.102510	-20.218300	-10.663700	-3.690335	 50.869240	 2.465264	-1.148398	 54.705930	 2.485597	 0.982342	-44.671360	 0.661903	 2.068928	 40.464090	-0.225641	 3.164215	 26.817320	 2.826923	 4.607380	-66.362870	 40.563830	 20.961280	 16.704690	-6.638571	 19.261420	 20.930790	-5.880216	 19.287290	-82.217700	 19.747590	 11.135730	 26.720280	-3.753820	 9.441820	 26.512220	-0.499033	 10.221920	-66.712520	-36.715930	-2.656852	 27.816320	 15.609720	-0.539555	 0.135676	 16.990000	-0.375326	 3.456629	 0.000000	 90.000000	 0.000000	 168.197000	 11.638530	 168.908800	-165.791700	-8.135164	-11.090800
-0.026049	-0.067095	-0.002520	 176.584800	-3.360312	-88.896500	-18.959290	 1.182867	-0.047127	-16.762270	 2.961720	-0.119975	 1.738183	-7.051653	 110.183400	-0.813313	 0.122417	-8.559153	-56.926800	-23.760950	 15.655550	-3.441166	 30.066380	 1.239513	-14.851890	 23.557960	-58.257930	-5.458121	-2.009645	 9.950845	 2.503307	-1.126933	 4.530149	 3.269352	-0.636001	-79.921860	 3.793772	 3.100411	 11.950870	-0.275762	 3.148045	 9.054588	 2.903797	 4.342382	-70.253700	 37.150000	 19.702300	 15.032090	-6.822121	 19.211520	 10.843110	-5.638464	 19.245740	-70.206360	 18.329780	 10.327960	 21.389130	-3.898658	 9.395153	 9.482653	-0.473404	 9.973750	-72.452570	-57.468250	-11.470880	 6.689151	 9.270844	-0.525181	 0.082197	-19.424150	-0.175283	 3.199852	 2.499913	-1.174056	 90.172650	-90.112830	-0.928075	-105.783800	 179.899600	 0.443763	 106.242600	-0.813313	 0.122417	-8.559153	 3.457897	 16.043800	 51.623840	-107.888500	-12.556720	 1.696598	 33.279340	-15.250390	-19.508600	-10.666600	-3.693517	 50.842250	 2.465279	-1.148377	 54.676750	 2.485797	 0.982130	-44.676990	 0.671751	 2.076389	 40.447840	-0.225896	 3.164086	 26.721290	 2.828393	 4.602885	-66.429570	 40.659500	 20.996450	 16.653690	-6.640110	 19.260880	 20.844160	-5.881862	 19.287740	-82.301440	 19.801360	 11.166280	 26.696930	-3.754565	 9.441459	 26.420220	-0.498467	 10.218180	-66.799710	-36.715930	-2.656852	 27.816320	 15.609720	-0.539555	 0.135676	 16.990000	-0.375326	 3.456629	 0.000000	 90.000000	 0.000000	 168.300600	 11.633810	 168.635000	-165.674600	-8.181242	-11.355040
-0.026947	-0.068210	-0.002815	 176.571100	-3.341476	-88.921860	-18.971060	 1.165603	-0.062317	-16.767280	 2.914392	-0.130847	 1.748589	-7.092540	 110.181100	-0.813313	 0.122417	-8.559153	-57.029170	-23.729010	 15.464890	-3.446393	 30.015210	 1.243400	-14.843800	 23.456620	-58.120640	-5.458124	-2.009637	 9.950992	 2.503307	-1.126933	 4.530149	 3.269349	-0.635975	-79.921340	 3.794080	 3.100549	 11.950920	-0.275762	 3.148045	 9.054769	 2.903774	 4.342476	-70.252350	 37.149900	 19.702250	 15.032530	-6.822121	 19.211520	 10.843110	-5.638456	 19.245740	-70.205990	 18.330190	 10.328170	 21.389940	-3.898658	 9.395153	 9.482653	-0.473405	 9.973770	-72.452120	-57.468550	-11.470900	 6.689682	 9.271028	-0.525185	 0.082199	-19.423520	-0.175287	 3.199858	 2.505794	-1.249403	 90.172680	-90.176080	-1.110502	-104.911100	 179.898400	 0.449601	 106.241400	-0.813313	 0.122417	-8.559153	 3.423494	 14.213860	 50.413970	-107.739800	-12.739150	 1.028731	 32.969200	-15.357870	-18.538180	-10.670260	-3.697632	 50.801750	 2.465313	-1.148330	 54.612640	 2.486428	 0.981465	-44.694690	 0.699801	 2.097740	 40.410070	-0.226182	 3.163942	 26.613650	 2.831251	 4.594089	-66.559940	 40.837400	 21.061260	 16.541970	-6.642194	 19.260140	 20.726660	-5.884943	 19.288600	-82.458360	 19.901940	 11.222960	 26.631120	-3.755432	 9.441037	 26.313090	-0.497669	 10.212850	-66.923870	-36.715930	-2.656852	 27.816320	 15.609720	-0.539555	 0.135676	 16.990000	-0.375326	 3.456629	 0.000000	 90.000000	 0.000000	 168.430200	 11.630310	 168.310000	-165.537000	-8.236084	-11.671790
-0.027670	-0.069229	-0.003061	 176.548800	-3.317440	-88.940450	-18.982880	 1.153020	-0.068255	-16.772300	 2.882177	-0.134132	 1.758279	-7.130608	 110.179100	-0.813313	 0.122417	-8.559153	-57.124140	-23.698550	 15.286930	-3.451211	 29.967270	 1.247011	-14.835760	 23.362290	-57.996740	-5.458125	-2.009629	 9.951122	 2.503307	-1.126933	 4.530149	 3.269346	-0.635951	-79.920860	 3.794389	 3.100686	 11.950960	-0.275761	 3.148045	 9.054932	 2.903752	 4.342560	-70.251130	 37.149810	 19.702220	 15.032920	-6.822121	 19.211520	 10.843110	-5.638449	 19.245740	-70.205670	 18.330580	 10.328370	 21.390670	-3.898658	 9.395153	 9.482653	-0.473405	 9.973787	-72.451720	-57.468800	-11.470910	 6.690160	 9.271174	-0.525195	 0.082199	-19.422980	-0.175289	 3.199862	 2.511001	-1.314364	 90.172650	-90.223940	-1.259405	-104.146700	 179.897400	 0.454396	 106.239700	-0.813313	 0.122417	-8.559153	 3.279705	 12.569650	 49.454970	-107.511500	-12.909140	 0.466604	 32.654830	-15.447210	-17.676540	-10.673810	-3.701685	 50.758460	 2.465356	-1.148272	 54.532670	 2.487288	 0.980556	-44.718840	 0.731657	 2.121877	 40.362340	-0.226525	 3.163770	 26.484540	 2.834623	 4.583626	-66.714900	 41.041210	 21.134940	 16.409110	-6.644139	 19.259450	 20.617160	-5.889117	 19.289770	-82.671050	 20.034960	 11.297610	 26.539950	-3.756538	 9.440504	 26.176710	-0.496898	 10.207620	-67.045810	-36.715930	-2.656852	 27.816320	 15.609720	-0.539555	 0.135676	 16.990000	-0.375326	 3.456629	 0.000000	 90.000000	 0.000000	 168.541800	 11.630770	 168.025100	-165.424800	-8.281885	-11.954890
-0.028324	-0.070366	-0.003298	 176.512900	-3.288608	-88.957280	-18.996740	 1.141270	-0.055942	-16.778610	 2.858545	-0.122021	 1.768802	-7.171975	 110.176800	-0.813313	 0.122417	-8.559153	-57.227600	-23.664490	 15.091710	-3.456487	 29.914550	 1.250971	-14.826580	 23.259520	-57.865350	-5.458127	-2.009620	 9.951275	 2.503307	-1.126933	 4.530149	 3.269341	-0.635926	-79.920390	 3.794716	 3.100832	 11.950990	-0.275761	 3.148045	 9.055104	 2.903730	 4.342648	-70.249860	 37.149710	 19.702170	 15.033360	-6.822121	 19.211520	 10.843110	-5.638442	 19.245740	-70.205360	 18.331050	 10.328610	 21.391410	-3.898658	 9.395153	 9.482653	-0.473407	 9.973807	-72.451270	-57.469070	-11.470930	 6.690674	 9.271338	-0.525185	 0.082202	-19.422380	-0.175295	 3.199863	 2.516444	-1.378487	 90.172500	-90.263190	-1.387476	-103.379600	 179.897800	 0.452585	 106.237400	-0.813313	 0.122417	-8.559153	 2.970175	 10.480420	 48.384350	-107.223100	-13.045440	-0.208711	 32.512410	-15.600020	-16.998830	-10.677830	-3.706324	 50.706380	 2.465410	-1.148196	 54.429170	 2.488442	 0.979336	-44.751270	 0.764391	 2.146435	 40.300400	-0.227093	 3.163488	 26.271310	 2.840552	 4.564981	-66.990720	 41.400130	 21.264120	 16.207580	-6.646113	 19.258760	 20.506080	-5.893548	 19.291030	-82.897230	 20.220900	 11.401500	 26.414350	-3.758397	 9.439617	 25.947750	-0.496078	 10.201960	-67.177600	-36.715930	-2.656852	 27.816320	 15.609720	-0.539555	 0.135676	 16.990000	-0.375326	 3.456629	 0.000000	 90.000000	 0.000000	 168.644700	 11.636810	 167.738200	-165.327600	-8.323101	-12.248510
-0.028862	-0.071624	-0.003551	 176.459600	-3.257230	-88.963840	-19.013560	 1.131685	-0.024874	-16.786580	 2.847303	-0.094067	 1.780644	-7.218541	 110.174100	-0.813313	 0.122417	-8.559153	-57.345090	-23.624990	 14.868380	-3.462409	 29.854310	 1.255431	-14.815740	 23.143160	-57.720570	-5.458129	-2.009610	 9.951445	 2.503307	-1.126933	 4.530149	 3.269338	-0.635898	-79.919850	 3.795158	 3.101029	 11.951050	-0.275760	 3.148045	 9.055284	 2.903705	 4.342744	-70.248440	 37.149620	 19.702130	 15.033810	-6.822121	 19.211520	 10.843110	-5.638435	 19.245740	-70.205000	 18.331580	 10.328880	 21.392250	-3.898658	 9.395153	 9.482653	-0.473408	 9.973827	-72.450820	-57.469360	-11.470940	 6.691239	 9.271520	-0.525188	 0.082202	-19.421740	-0.175301	 3.199869	 2.522443	-1.452020	 90.172330	-90.302540	-1.479448	-102.609800	 179.902000	 0.433672	 106.234100	-0.813313	 0.122417	-8.559153	 2.554814	 7.964019	 47.102820	-106.898500	-13.176360	-1.031930	 32.535580	-15.879190	-16.627340	-10.682660	-3.711910	 50.642180	 2.465480	-1.148101	 54.296690	 2.489950	 0.977739	-44.793650	 0.805789	 2.177391	 40.220780	-0.227788	 3.163147	 26.011140	 2.847832	 4.541650	-67.335260	 41.847640	 21.423360	 15.964440	-6.648773	 19.257830	 20.356590	-5.900100	 19.292920	-83.231890	 20.510590	 11.562700	 26.238550	-3.760684	 9.438538	 25.666850	-0.494931	 10.193880	-67.365550	-36.715930	-2.656852	 27.816320	 15.609720	-0.539555	 0.135676	 16.990000	-0.375326	 3.456629	 0.000000	 90.000000	 0.000000	 168.728200	 11.652220	 167.447600	-165.257600	-8.355491	-12.559830
-0.029172	-0.072669	-0.003778	 176.404900	-3.231661	-88.955760	-19.030190	 1.124987	 0.015475	-16.794880	 2.848181	-0.058541	 1.791546	-7.261446	 110.171500	-0.813313	 0.122417	-8.559153	-57.455060	-23.587250	 14.657570	-3.467894	 29.797620	 1.259612	-14.805300	 23.034810	-57.589330	-5.458131	-2.009602	 9.951591	 2.503307	-1.126933	 4.530149	 3.269334	-0.635873	-79.919350	 3.795563	 3.101208	 11.951080	-0.275760	 3.148046	 9.055470	 2.903683	 4.342835	-70.247120	 37.149530	 19.702090	 15.034240	-6.822121	 19.211520	 10.843110	-5.638429	 19.245740	-70.204700	 18.332120	 10.329160	 21.392990	-3.898658	 9.395153	 9.482653	-0.473408	 9.973845	-72.450390	-57.469620	-11.470950	 6.691749	 9.271679	-0.525195	 0.082203	-19.421130	-0.175300	 3.199869	 2.527963	-1.534123	 90.172140	-90.350200	-1.521179	-102.002200	 179.908400	 0.405689	 106.222400	-0.813313	 0.122417	-8.559153	 2.209520	 5.653591	 45.817870	-106.640900	-13.325930	-1.837862	 32.588500	-16.209620	-16.419780	-10.687440	-3.717432	 50.578170	 2.465551	-1.148004	 54.162650	 2.491490	 0.976106	-44.836980	 0.861916	 2.219666	 40.139350	-0.228330	 3.162884	 25.808790	 2.853442	 4.523332	-67.605340	 42.198380	 21.546530	 15.769940	-6.652376	 19.256580	 20.154300	-5.907227	 19.295030	-83.596860	 20.677550	 11.653720	 26.084730	-3.762470	 9.437704	 25.447820	-0.493414	 10.182910	-67.620830	-36.715930	-2.656852	 27.816320	 15.609720	-0.539555	 0.135676	 16.990000	-0.375326	 3.456629	 0.000000	 90.000000	 0.000000	 168.770600	 11.673450	 167.227000	-165.229600	-8.367299	-12.792900
-0.029352	-0.073571	-0.003985	 176.351900	-3.210871	-88.935690	-19.048250	 1.117563	 0.064689	-16.804490	 2.853970	-0.015628	 1.802650	-7.305181	 110.168700	-0.813313	 0.122417	-8.559153	-57.569400	-23.547340	 14.436530	-3.473487	 29.738500	 1.263888	-14.794240	 22.923020	-57.457250	-5.458133	-2.009593	 9.951747	 2.503307	-1.126933	 4.530149	 3.269331	-0.635847	-79.918850	 3.796045	 3.101422	 11.951120	-0.275759	 3.148045	 9.055640	 2.903660	 4.342927	-70.245810	 37.149430	 19.702050	 15.034680	-6.822121	 19.211520	 10.843110	-5.638421	 19.245740	-70.204390	 18.332730	 10.329470	 21.393760	-3.898658	 9.395153	 9.482653	-0.473410	 9.973865	-72.449940	-57.469880	-11.470970	 6.692289	 9.271861	-0.525188	 0.082206	-19.420510	-0.175304	 3.199874	 2.533633	-1.630342	 90.171940	-90.409690	-1.531185	-101.500100	 179.916500	 0.371212	 106.195200	-0.813313	 0.122417	-8.559153	 1.894551	 3.336565	 44.424980	-106.272500	-13.512210	-2.702414	 32.468580	-16.585460	-16.297370	-10.692700	-3.723491	 50.508310	 2.465629	-1.147898	 54.016570	 2.493175	 0.974318	-44.884390	 0.930383	 2.271243	 40.050070	-0.228949	 3.162585	 25.577430	 2.865712	 4.482127	-68.211360	 42.980970	 21.818660	 15.393890	-6.656779	 19.255080	 19.907380	-5.920686	 19.299140	-84.288030	 21.116120	 11.895340	 25.859460	-3.764517	 9.436758	 25.197360	-0.491633	 10.169510	-67.932260	-36.715930	-2.656852	 27.816320	 15.609720	-0.539555	 0.135676	 16.990000	-0.375326	 3.456629	 0.000000	 90.000000	 0.000000	 168.785500	 11.698390	 167.059000	-165.226200	-8.362240	-12.955050
-0.029406	-0.074471	-0.004182	 176.302600	-3.196007	-88.902630	-19.069160	 1.109426	 0.123759	-16.816120	 2.865724	 0.035575	 1.814640	-7.352469	 110.165400	-0.813313	 0.122417	-8.559153	-57.696400	-23.502330	 14.188720	-3.479573	 29.672730	 1.268591	-14.781810	 22.800110	-57.315960	-5.458136	-2.009583	 9.951913	 2.503307	-1.126933	 4.530149	 3.269326	-0.635819	-79.918300	 3.796584	 3.101661	 11.951160	-0.275758	 3.148046	 9.055833	 2.903635	 4.343027	-70.244350	 37.149320	 19.702000	 15.035150	-6.822121	 19.211520	 10.843110	-5.638415	 19.245740	-70.204090	 18.333410	 10.329820	 21.394590	-3.898658	 9.395153	 9.482653	-0.473411	 9.973886	-72.449450	-57.470170	-11.470980	 6.692874	 9.272046	-0.525188	 0.082206	-19.419850	-0.175317	 3.199878	 2.539854	-1.747206	 90.171740	-90.485400	-1.514364	-101.072800	 179.925900	 0.331578	 106.157400	-0.813313	 0.122417	-8.559153	 1.456234	 0.728977	 42.906120	-105.700500	-13.758700	-3.683186	 32.175850	-17.047760	-16.326820	-10.698910	-3.730606	 50.427440	 2.465718	-1.147777	 53.849950	 2.495092	 0.972278	-44.938420	 1.010309	 2.331279	 39.947950	-0.229979	 3.162096	 25.194270	 2.874785	 4.450587	-68.673990	 43.368520	 21.947190	 15.107510	-6.661949	 19.253340	 19.618070	-5.934424	 19.303510	-84.996480	 21.332550	 12.010890	 25.662050	-3.767911	 9.435212	 24.783130	-0.489644	 10.153840	-68.296170	-36.715930	-2.656852	 27.816320	 15.609720	-0.539555	 0.135676	 16.990000	-0.375326	 3.456629	 0.000000	 90.000000	 0.000000	 168.773700	 11.729080	 166.925200	-165.248600	-8.344988	-13.096190
-0.029351	-0.075268	-0.004354	 176.265500	-3.191949	-88.863750	-19.089040	 1.102674	 0.178631	-16.827460	 2.881167	 0.082956	 1.825268	-7.394456	 110.162200	-0.813313	 0.122417	-8.559153	-57.813020	-23.460400	 13.958890	-3.485013	 29.612330	 1.272838	-14.770350	 22.688730	-57.191490	-5.458138	-2.009575	 9.952066	 2.503307	-1.126933	 4.530149	 3.269323	-0.635793	-79.917790	 3.797123	 3.101900	 11.951200	-0.275758	 3.148046	 9.056012	 2.903611	 4.343118	-70.243010	 37.149260	 19.701970	 15.035580	-6.822121	 19.211520	 10.843110	-5.638409	 19.245740	-70.203800	 18.334100	 10.330170	 21.395340	-3.898658	 9.395153	 9.482653	-0.473412	 9.973905	-72.449000	-57.470410	-11.470990	 6.693413	 9.272218	-0.525189	 0.082209	-19.419240	-0.175313	 3.199882	 2.545513	-1.861535	 90.171480	-90.561550	-1.482560	-100.761300	 179.934200	 0.298205	 106.108100	-0.813313	 0.122417	-8.559153	 0.961228	-1.680004	 41.562620	-105.129200	-14.012660	-4.588125	 31.948980	-17.489610	-16.401250	-10.705020	-3.737532	 50.350650	 2.465801	-1.147667	 53.695810	 2.496857	 0.970397	-44.988210	 1.080563	 2.383769	 39.853490	-0.230927	 3.161653	 24.842550	 2.878763	 4.436442	-68.881100	 43.811690	 22.092930	 14.810510	-6.666533	 19.251820	 19.361800	-5.942220	 19.306070	-85.399770	 21.601200	 12.154570	 25.463070	-3.771031	 9.433818	 24.403610	-0.487978	 10.140020	-68.616840	-36.715930	-2.656852	 27.816320	 15.609720	-0.539555	 0.135676	 16.990000	-0.375326	 3.456629	 0.000000	 90.000000	 0.000000	 168.741700	 11.759680	 166.834700	-165.290200	-8.325809	-13.236230
-0.029222	-0.076091	-0.004527	 176.230500	-3.196988	-88.815020	-19.110470	 1.096869	 0.233446	-16.839850	 2.901735	 0.130161	 1.835934	-7.436656	 110.158700	-0.813313	 0.122417	-8.559153	-57.934860	-23.416020	 13.716220	-3.490496	 29.549220	 1.277166	-14.758360	 22.574050	-57.066960	-5.458141	-2.009565	 9.952239	 2.503307	-1.126933	 4.530149	 3.269319	-0.635766	-79.917250	 3.797720	 3.102165	 11.951240	-0.275757	 3.148045	 9.056199	 2.903586	 4.343214	-70.241620	 37.149160	 19.701930	 15.036040	-6.822121	 19.211520	 10.843110	-5.638406	 19.245740	-70.203520	 18.334850	 10.330560	 21.396110	-3.898658	 9.395153	 9.482653	-0.473412	 9.973926	-72.448540	-57.470660	-11.471000	 6.693975	 9.272388	-0.525192	 0.082210	-19.418590	-0.175321	 3.199883	 2.551409	-1.986180	 90.171160	-90.645770	-1.441256	-100.482500	 179.941700	 0.270504	 106.028500	-0.813313	 0.122417	-8.559153	 0.344572	-4.193256	 40.232170	-104.298300	-14.325470	-5.535820	 31.669200	-17.948370	-16.505040	-10.113970	-3.273293	 46.754390	 2.468534	-1.144313	 48.873610	 2.626578	 0.822497	-48.785870	 1.808052	 2.862195	 37.021850	-0.234499	 3.160047	 23.526040	 2.904742	 4.338749	-70.305900	 44.524140	 22.304060	 13.981010	-6.680681	 19.247270	 18.573670	-5.947416	 19.307810	-85.668960	 22.125840	 12.395660	 24.199500	-3.783496	 9.428491	 22.898020	-0.483374	 10.097800	-69.595320	-37.244220	-2.811638	 27.990770	 11.729680	-0.531573	 0.102749	 13.776440	-0.364740	 3.429416	 0.000000	 90.000000	 0.000000	 168.690700	 11.793790	 166.758600	-165.350500	-8.305625	-13.404120
-0.029048	-0.076992	-0.004755	 176.192500	-3.210179	-88.753270	-19.134700	 1.092705	 0.287068	-16.853900	 2.929508	 0.176255	 1.847056	-7.480778	 110.154500	-0.813313	 0.122417	-8.559153	-58.068770	-23.366740	 13.446510	-3.496250	 29.480060	 1.281780	-14.745300	 22.450420	-56.937130	-5.458142	-2.009555	 9.952409	 2.503307	-1.126933	 4.530149	 3.269315	-0.635735	-79.916660	 3.798664	 3.102580	 11.951260	-0.275757	 3.148046	 9.056410	 2.903559	 4.343320	-70.240070	 37.149090	 19.701890	 15.036530	-6.822121	 19.211520	 10.843110	-5.638401	 19.245740	-70.203230	 18.336010	 10.331160	 21.396900	-3.898658	 9.395153	 9.482653	-0.473414	 9.973947	-72.448030	-57.470930	-11.471010	 6.694588	 9.272593	-0.525192	 0.082211	-19.417890	-0.175329	 3.199889	 2.557845	-2.127079	 90.170760	-90.741410	-1.395967	-100.192600	 179.953100	 0.227299	 105.921900	-0.813313	 0.122417	-8.559153	-0.515532	-7.057724	 38.450420	-103.285200	-14.707550	-6.558965	 31.315270	-18.468640	-16.767530	-7.786318	-2.019312	 32.123270	 2.481972	-1.133523	 29.584180	 3.042013	 0.149904	-64.085590	 4.947059	 4.405139	 25.569970	-0.248218	 3.154757	 18.582660	 2.979688	 3.971122	-75.594340	 46.572830	 22.815850	 11.077540	-6.732806	 19.232240	 15.699520	-5.951611	 19.309230	-85.886800	 23.951040	 13.096070	 19.312940	-3.831881	 9.411285	 17.196150	-0.472813	 9.943532	-73.157520	-38.735530	-3.259223	 28.470700	 0.910021	-0.497794	 0.014640	 5.159599	-0.329025	 3.359817	 0.000000	 90.000000	 0.000000	 168.618500	 11.833400	 166.680600	-165.428500	-8.281034	-13.574010
-0.028882	-0.077876	-0.005049	 176.153800	-3.230610	-88.688750	-19.158130	 1.091474	 0.327811	-16.867360	 2.960454	 0.211213	 1.856863	-7.519810	 110.150200	-0.813313	 0.122417	-8.559153	-58.194650	-23.319880	 13.189630	-3.501420	 29.415240	 1.286001	-14.733210	 22.336830	-56.822240	-5.458146	-2.009545	 9.952575	 2.503307	-1.126933	 4.530149	 3.269310	-0.635707	-79.916110	 3.800128	 3.103225	 11.951250	-0.275756	 3.148046	 9.056608	 2.903534	 4.343420	-70.238620	 37.148980	 19.701840	 15.037010	-6.822121	 19.211520	 10.843110	-5.638393	 19.245740	-70.202970	 18.337750	 10.332060	 21.397520	-3.898658	 9.395153	 9.482653	-0.473416	 9.973968	-72.447540	-57.471190	-11.471020	 6.695175	 9.272777	-0.525199	 0.082212	-19.417210	-0.175324	 3.199893	 2.563906	-2.261471	 90.170270	-90.832160	-1.362434	-99.900120	 179.970700	 0.154861	 105.816400	-0.813313	 0.122417	-8.559153	-1.636658	-9.875456	 36.162910	-102.391700	-15.089280	-7.426338	 30.938960	-19.004360	-17.325660	-6.295259	-1.629592	 22.573580	 2.492293	-1.129170	 17.080590	 3.209539	-0.333625	-73.969540	 7.175510	 5.083565	 18.087260	-0.257519	 3.151916	 15.313580	 3.010451	 3.724698	-79.092740	 48.023450	 23.123660	 9.129035	-6.767793	 19.223640	 13.793020	-5.955904	 19.310700	-86.109880	 25.232380	 13.495330	 16.093280	-3.864742	 9.402546	 13.423640	-0.471186	 9.841046	-75.517800	-39.855070	-3.609516	 28.801000	-7.244469	-0.461723	-0.046699	-1.363992	-0.295263	 3.311124	 0.000000	 90.000000	 0.000000	 168.538900	 11.872440	 166.598000	-165.508300	-8.258012	-13.722040
-0.028670	-0.078678	-0.005343	 176.118100	-3.254319	-88.623560	-19.180480	 1.093271	 0.354281	-16.879940	 2.993497	 0.233860	 1.865351	-7.553710	 110.146000	-0.813313	 0.122417	-8.559153	-58.311920	-23.275980	 12.947510	-3.505998	 29.355230	 1.289784	-14.726820	 22.229740	-56.687320	-5.458148	-2.009536	 9.952736	 2.503307	-1.126933	 4.530149	 3.269306	-0.635681	-79.915600	 3.801920	 3.104012	 11.951210	-0.275756	 3.148046	 9.056788	 2.903510	 4.343513	-70.237270	 37.148920	 19.701810	 15.037450	-6.822121	 19.211520	 10.843110	-5.638389	 19.245740	-70.202750	 18.339870	 10.333150	 21.398010	-3.898658	 9.395153	 9.482653	-0.473416	 9.973989	-72.447090	-57.471410	-11.471020	 6.695729	 9.272946	-0.525192	 0.082214	-19.416590	-0.175340	 3.199891	 2.569546	-2.386628	 90.169760	-90.915440	-1.347048	-99.570820	 179.988400	 0.082678	 105.693700	-0.813313	 0.122417	-8.559153	-2.881783	-12.357150	 34.163270	-101.481600	-15.477790	-8.118917	 30.559110	-19.511140	-18.028180	-5.907959	-1.675196	 18.515660	 2.496822	-1.128039	 11.878660	 3.253640	-0.538536	-78.013570	 8.247965	 5.333793	 14.930230	-0.261811	 3.150797	 13.823140	 3.019492	 3.611298	-80.694800	 48.852960	 23.293650	 8.196703	-6.784184	 19.220010	 12.905210	-5.961681	 19.312720	-86.410640	 25.911570	 13.696230	 14.671700	-3.879879	 9.399280	 11.706440	-0.471882	 9.793710	-76.607670	-40.195040	-3.717092	 28.900790	-9.724380	-0.449056	-0.064269	-3.347580	-0.283927	 3.297113	 0.000000	 90.000000	 0.000000	 168.457700	 11.909150	 166.500700	-165.584600	-8.241197	-13.851840
-0.028408	-0.079611	-0.005719	 176.079700	-3.286005	-88.540140	-19.207560	 1.099883	 0.367404	-16.894750	 3.038003	 0.245041	 1.875152	-7.592974	 110.140600	-0.813313	 0.122417	-8.559153	-58.450790	-23.223530	 12.656560	-3.511027	 29.284560	 1.294071	-14.731470	 22.096620	-56.447820	-5.458150	-2.009525	 9.952927	 2.503307	-1.126933	 4.530149	 3.269302	-0.635650	-79.914990	 3.804541	 3.105163	 11.951150	-0.275755	 3.148046	 9.057014	 2.903482	 4.343626	-70.235630	 37.148820	 19.701770	 15.037970	-6.822121	 19.211520	 10.843110	-5.638386	 19.245740	-70.202490	 18.342950	 10.334740	 21.398500	-3.898658	 9.395153	 9.482653	-0.473417	 9.974011	-72.446560	-57.471670	-11.471030	 6.696394	 9.273173	-0.525199	 0.082216	-19.415850	-0.175337	 3.199899	 2.576259	-2.533013	 90.169070	-91.010370	-1.358469	-99.093020	-179.994700	 0.020026	 105.486600	-0.813313	 0.122417	-8.559153	-4.540225	-15.178820	 31.910740	-100.025000	-16.016270	-8.887830	 30.085570	-20.096650	-18.965830	-5.403059	-1.714529	 14.099430	 2.501925	-1.127273	 6.128921	 3.285240	-0.766022	-82.444950	 9.392918	 5.522400	 11.484050	-0.266646	 3.149678	 12.155200	 3.025808	 3.485076	-82.474370	 49.801350	 23.473500	 7.148543	-6.802713	 19.216210	 11.905380	-5.969708	 19.315570	-86.829860	 26.658090	 13.895260	 13.103840	-3.896814	 9.396174	 9.797529	-0.473745	 9.740732	-77.827830	-40.010010	-3.658476	 28.846520	-8.374480	-0.456054	-0.054775	-2.267838	-0.290160	 3.304693	 0.000000	 90.000000	 0.000000	 168.354100	 11.951470	 166.358500	-165.673200	-8.232440	-13.998450
-0.028187	-0.080405	-0.006074	 176.052100	-3.314314	-88.468960	-19.231610	 1.108844	 0.366375	-16.907540	 3.080366	 0.243858	 1.884174	-7.629102	 110.135700	-0.813313	 0.122417	-8.559153	-58.570660	-23.178060	 12.401620	-3.515007	 29.224120	 1.297554	-14.742620	 21.979640	-56.198650	-5.458152	-2.009515	 9.953089	 2.503307	-1.126933	 4.530149	 3.269298	-0.635622	-79.914450	 3.807142	 3.106304	 11.951060	-0.275754	 3.148046	 9.057207	 2.903458	 4.343724	-70.234210	 37.148760	 19.701730	 15.038430	-6.822121	 19.211520	 10.843110	-5.638376	 19.245740	-70.202290	 18.346010	 10.336330	 21.398860	-3.898658	 9.395153	 9.482653	-0.473418	 9.974033	-72.446080	-57.471890	-11.471030	 6.696985	 9.273343	-0.525196	 0.082217	-19.415190	-0.175347	 3.199903	 2.582084	-2.655893	 90.168360	-91.086920	-1.399950	-98.627090	-179.984800	-0.010719	 105.282100	-0.813313	 0.122417	-8.559153	-6.082376	-17.566300	 30.041350	-98.625510	-16.529550	-9.564219	 29.432040	-20.577260	-19.837750	-5.393505	-1.761029	 13.333470	 2.502857	-1.127189	 5.086473	 3.288511	-0.800929	-83.121260	 9.638916	 5.568800	 10.892850	-0.267964	 3.149398	 11.702260	 3.026815	 3.451919	-82.941410	 50.218420	 23.560820	 6.825440	-6.808227	 19.215140	 11.608630	-5.974977	 19.317460	-87.105370	 26.906120	 13.971470	 12.759220	-3.901269	 9.395452	 9.297247	-0.474472	 9.725899	-78.169630	-39.577260	-3.522065	 28.719160	-5.219424	-0.471496	-0.031958	 0.255759	-0.304160	 3.322851	 0.000000	 90.000000	 0.000000	 168.258100	 11.986770	 166.225300	-165.743300	-8.234568	-14.120780
-0.027960	-0.081189	-0.006442	 176.027600	-3.342247	-88.407570	-19.256060	 1.119236	 0.361963	-16.920470	 3.124362	 0.239295	 1.893603	-7.666872	 110.130700	-0.813313	 0.122417	-8.559153	-58.688690	-23.133190	 12.146850	-3.518533	 29.165220	 1.300769	-14.756840	 21.865780	-55.940170	-5.458155	-2.009506	 9.953259	 2.503307	-1.126933	 4.530149	 3.269294	-0.635593	-79.913890	 3.810014	 3.107563	 11.950960	-0.275754	 3.148046	 9.057400	 2.903432	 4.343822	-70.232780	 37.148670	 19.701700	 15.038900	-6.822121	 19.211520	 10.843110	-5.638375	 19.245740	-70.202090	 18.349340	 10.338050	 21.399170	-3.898658	 9.395153	 9.482653	-0.473419	 9.974053	-72.445600	-57.472110	-11.471030	 6.697574	 9.273535	-0.525192	 0.082220	-19.414530	-0.175348	 3.199905	 2.587852	-2.772024	 90.167510	-91.154340	-1.466603	-98.140650	-179.977600	-0.029251	 105.083900	-0.813313	 0.122417	-8.559153	-7.746982	-19.832890	 28.224810	-97.278330	-17.061260	-10.170270	 28.593100	-20.977470	-20.533810	-5.779066	-1.749711	 16.327040	 2.499496	-1.127573	 8.854696	 3.270026	-0.640528	-80.006280	 8.901145	 5.475313	 13.220810	-0.265659	 3.149894	 12.494650	 3.024791	 3.511994	-82.095100	 50.114340	 23.569910	 7.220143	-6.800525	 19.216640	 12.023130	-5.979078	 19.318970	-87.320300	 26.663330	 13.942770	 13.649400	-3.892918	 9.396837	 10.235550	-0.473367	 9.749303	-77.630390	-39.125840	-3.380835	 28.585450	-1.931227	-0.486226	-0.007308	 2.885856	-0.317893	 3.342409	 0.000000	 90.000000	 0.000000	 168.158700	 12.021010	 166.085900	-165.802300	-8.245460	-14.239360
-0.027673	-0.082050	-0.006878	 175.997500	-3.376638	-88.346430	-19.285030	 1.133082	 0.353016	-16.935660	 3.176975	 0.230219	 1.905060	-7.712778	 110.124500	-0.813313	 0.122417	-8.559153	-57.665330	-24.723890	 12.302610	-4.084813	 29.128930	 1.321498	-14.490000	 23.454090	-55.038650	-5.458157	-2.009494	 9.953454	 2.503307	-1.126933	 4.530149	 3.269289	-0.635560	-79.913250	 3.813559	 3.109119	 11.950840	-0.275753	 3.148046	 9.057623	 2.903403	 4.343939	-70.231090	 37.148610	 19.701670	 15.039420	-6.822121	 19.211520	 10.843110	-5.638369	 19.245740	-70.201880	 18.353490	 10.340180	 21.399460	-3.898658	 9.395153	 9.482653	-0.473421	 9.974077	-72.445040	-57.472350	-11.471030	 6.698245	 9.273751	-0.525196	 0.082221	-19.413750	-0.175357	 3.199907	 2.594493	-2.896293	 90.166400	-91.207040	-1.570288	-97.577840	-179.969700	-0.047941	 104.833900	-0.813313	 0.122417	-8.559153	-9.842791	-22.305160	 26.134380	-95.561490	-17.741120	-10.777790	 27.506950	-21.351380	-21.093590	-7.334180	-1.975442	 27.235440	 2.487347	-1.130925	 22.929290	 3.131076	-0.073555	-68.727530	 6.325782	 4.921976	 21.703390	-0.256348	 3.152242	 15.722140	 3.007507	 3.754854	-78.666040	 48.868400	 23.378730	 9.116619	-6.767817	 19.223630	 13.791650	-5.983021	 19.320430	-87.527290	 25.187960	 13.549170	 17.153390	-3.859485	 9.403791	 14.022760	-0.471165	 9.846197	-75.399250	-38.863320	-3.299197	 28.507350	-0.020393	-0.494126	 0.007390	 4.414242	-0.325446	 3.354062	 0.000000	 90.000000	 0.000000	 168.040800	 12.060280	 165.917900	-165.851400	-8.268746	-14.374840
-0.027431	-0.082732	-0.007290	 175.964100	-3.411087	-88.296460	-19.310330	 1.146414	 0.342396	-16.948810	 3.222904	 0.219459	 1.915302	-7.753830	 110.119000	-0.813313	 0.122417	-8.559153	-55.686280	-27.094940	 12.921030	-5.484060	 29.110740	 1.351589	-14.082050	 26.001700	-53.684320	-5.458159	-2.009484	 9.953623	 2.503307	-1.126933	 4.530149	 3.269285	-0.635532	-79.912710	 3.816720	 3.110506	 11.950740	-0.275753	 3.148047	 9.057819	 2.903377	 4.344038	-70.229640	 37.148530	 19.701630	 15.039890	-6.822121	 19.211520	 10.843110	-5.638367	 19.245740	-70.201710	 18.357190	 10.342100	 21.399710	-3.898658	 9.395153	 9.482653	-0.473421	 9.974099	-72.444560	-57.472550	-11.471030	 6.698848	 9.273945	-0.525196	 0.082222	-19.413090	-0.175363	 3.199911	 2.600127	-2.986170	 90.165290	-91.221420	-1.676243	-97.120560	-179.960400	-0.071936	 104.559400	-0.813313	 0.122417	-8.559153	-11.732920	-24.351850	 24.340350	-93.682210	-18.429530	-11.302110	 26.402180	-21.645900	-21.627060	-9.294420	-2.766828	 40.653310	 2.473975	-1.139025	 40.413690	 2.811833	 0.570624	-54.822510	 3.343271	 3.752935	 32.117980	-0.244980	 3.155884	 19.734930	 2.965831	 4.054242	-74.407170	 48.149030	 23.326350	 11.139870	-6.727399	 19.233670	 15.995640	-5.986228	 19.321620	-87.695810	 24.323670	 13.400270	 21.245640	-3.818717	 9.415438	 18.727710	-0.473768	 9.966580	-72.626280	-38.302360	-3.125370	 28.341970	 4.058583	-0.509332	 0.039599	 7.700961	-0.340646	 3.379770	 0.000000	 90.000000	 0.000000	 167.939400	 12.094130	 165.770000	-165.880000	-8.295033	-14.491740
-0.027225	-0.083390	-0.007725	 175.924200	-3.448893	-88.249640	-19.335760	 1.160890	 0.329440	-16.961900	 3.268601	 0.206407	 1.925802	-7.795943	 110.113300	-0.813313	 0.122417	-8.559153	-54.204280	-28.052450	 13.369080	-7.162821	 28.999460	 1.456861	-13.894340	 27.182480	-52.514440	-5.458162	-2.009474	 9.953795	 2.503307	-1.126933	 4.530149	 3.269281	-0.635504	-79.912160	 3.819899	 3.111900	 11.950630	-0.275752	 3.148046	 9.058022	 2.903352	 4.344136	-70.228210	 37.148490	 19.701610	 15.040330	-6.822121	 19.211520	 10.843110	-5.638363	 19.245740	-70.201560	 18.360910	 10.344020	 21.399940	-3.898658	 9.395153	 9.482653	-0.473421	 9.974118	-72.444080	-57.472750	-11.471030	 6.699429	 9.274127	-0.525196	 0.082225	-19.412440	-0.175369	 3.199916	 2.605625	-3.055415	 90.164010	-91.213000	-1.791274	-96.592700	-179.947500	-0.112011	 104.259600	-0.813313	 0.122417	-8.559153	-13.743230	-26.237310	 22.517270	-91.655230	-19.171290	-11.719520	 25.318000	-21.913140	-22.118920	-10.100990	-3.286184	 45.743320	 2.469567	-1.143183	 47.168690	 2.649423	 0.794289	-49.486430	 2.310501	 3.196872	 36.062970	-0.240927	 3.157398	 21.189140	 2.945279	 4.161630	-72.866600	 47.887210	 23.301770	 11.881550	-6.713220	 19.237570	 16.774320	-5.989701	 19.322940	-87.878590	 23.948150	 13.300860	 22.790580	-3.804103	 9.420506	 20.444320	-0.476120	 10.009360	-71.639500	-37.323890	-2.828915	 28.040230	 11.169140	-0.530241	 0.098039	 13.345750	-0.363207	 3.425816	 0.000000	 90.000000	 0.000000	 167.840200	 12.128240	 165.621600	-165.903700	-8.322419	-14.610790
-0.026962	-0.084196	-0.008302	 175.866700	-3.499199	-88.195070	-19.368300	 1.180887	 0.310038	-16.978460	 3.325882	 0.186895	 1.939512	-7.850993	 110.105800	-0.813313	 0.122417	-8.559153	-53.205550	-28.391090	 13.554220	-7.932497	 28.841240	 1.452024	-13.752660	 27.647820	-51.506090	-5.458164	-2.009462	 9.954010	 2.503307	-1.126933	 4.530149	 3.269276	-0.635469	-79.911460	 3.823907	 3.113658	 11.950490	-0.275751	 3.148046	 9.058270	 2.903321	 4.344263	-70.226390	 37.148410	 19.701560	 15.040930	-6.822121	 19.211520	 10.843110	-5.638362	 19.245730	-70.201390	 18.365590	 10.346430	 21.400240	-3.898658	 9.395153	 9.482653	-0.473423	 9.974146	-72.443470	-57.472980	-11.471030	 6.700176	 9.274353	-0.525196	 0.082227	-19.411590	-0.175377	 3.199919	 2.612470	-3.122204	 90.162220	-91.180370	-1.939645	-95.848550	-179.926700	-0.187246	 103.881700	-0.813313	 0.122417	-8.559153	-16.438940	-28.466030	 20.125890	-89.190090	-20.106940	-12.157110	 23.619590	-22.203330	-22.829920	-10.542270	-3.618767	 48.503870	 2.467381	-1.145658	 50.847990	 2.552258	 0.909639	-46.575280	 1.776482	 2.872736	 38.192490	-0.238898	 3.158201	 21.922500	 2.937689	 4.197751	-72.346530	 47.747260	 23.286440	 12.267220	-6.708642	 19.238870	 17.026380	-5.993709	 19.324460	-88.089590	 23.790350	 13.265120	 23.599490	-3.796722	 9.423251	 21.318530	-0.477057	 10.023400	-71.315460	-36.879610	-2.715247	 27.831360	 14.353470	-0.537218	 0.124956	 15.915920	-0.371958	 3.447467	 0.000000	 90.000000	 0.000000	 167.719200	 12.172820	 165.433800	-165.927300	-8.356440	-14.768530
-0.026839	-0.084866	-0.008798	 175.815100	-3.540318	-88.155040	-19.393360	 1.197359	 0.293239	-16.991040	 3.368632	 0.170047	 1.950269	-7.894237	 110.099700	-0.813313	 0.122417	-8.559153	-53.349490	-28.280360	 13.298020	-7.829680	 28.664610	 1.454062	-13.736750	 27.352430	-51.317380	-5.458167	-2.009452	 9.954176	 2.503307	-1.126933	 4.530149	 3.269272	-0.635441	-79.910930	 3.826876	 3.114960	 11.950380	-0.275751	 3.148047	 9.058464	 2.903296	 4.344358	-70.224980	 37.148380	 19.701550	 15.041360	-6.822121	 19.211520	 10.843110	-5.638359	 19.245740	-70.201290	 18.369080	 10.348240	 21.400490	-3.898658	 9.395153	 9.482653	-0.473423	 9.974166	-72.443020	-57.473150	-11.471030	 6.700765	 9.274545	-0.525196	 0.082228	-19.410950	-0.175383	 3.199923	 2.617611	-3.163068	 90.160710	-91.148350	-2.045092	-95.345250	-179.907900	-0.259741	 103.562700	-0.813313	 0.122417	-8.559153	-18.587380	-30.087630	 18.221670	-87.402350	-20.810270	-12.475610	 22.240960	-22.394440	-23.384840	-10.598150	-3.665060	 48.757980	 2.467187	-1.145894	 51.187730	 2.542511	 0.920575	-46.292540	 1.737626	 2.848972	 38.380620	-0.238925	 3.158191	 21.912910	 2.934023	 4.214635	-72.103040	 47.786300	 23.298660	 12.258400	-6.706502	 19.239490	 17.144370	-5.995523	 19.325160	-88.185240	 23.839770	 13.293640	 23.633370	-3.796705	 9.423257	 21.320640	-0.477539	 10.030190	-71.158690	-36.837260	-2.710226	 27.790320	 14.648970	-0.537782	 0.127475	 16.163890	-0.372746	 3.449576	 0.000000	 90.000000	 0.000000	 167.631900	 12.208340	 165.291900	-165.941800	-8.381616	-14.911340
-0.026783	-0.085630	-0.009378	 175.749700	-3.587946	-88.111930	-19.420290	 1.216019	 0.273741	-17.004390	 3.412954	 0.150492	 1.962015	-7.941491	 110.092900	-0.813313	 0.122417	-8.559153	-54.176670	-27.841140	 12.732740	-7.176760	 28.443280	 1.458446	-13.782120	 26.526790	-51.593690	-5.458169	-2.009442	 9.954350	 2.503307	-1.126933	 4.530149	 3.269268	-0.635413	-79.910370	 3.829901	 3.116287	 11.950280	-0.275750	 3.148046	 9.058663	 2.903270	 4.344460	-70.223500	 37.148310	 19.701520	 15.041830	-6.822121	 19.211520	 10.843110	-5.638358	 19.245740	-70.201190	 18.372630	 10.350070	 21.400790	-3.898658	 9.395153	 9.482653	-0.473425	 9.974187	-72.442530	-57.473320	-11.471020	 6.701387	 9.274739	-0.525199	 0.082229	-19.410260	-0.175380	 3.199926	 2.623074	-3.202262	 90.158990	-91.113110	-2.145771	-94.766760	-179.885200	-0.348451	 103.157800	-0.813313	 0.122417	-8.559153	-20.982250	-31.728920	 16.084450	-85.407970	-21.589990	-12.791540	 20.847170	-22.579630	-23.934190	-10.734710	-3.780123	 49.371800	 2.466725	-1.146466	 52.007320	 2.519277	 0.946215	-45.624700	 1.624264	 2.781009	 39.019160	-0.238359	 3.158420	 22.118190	 2.930528	 4.230416	-71.875290	 47.905850	 23.343450	 12.323100	-6.705023	 19.239910	 17.225820	-5.996793	 19.325650	-88.252280	 23.851890	 13.317390	 23.921990	-3.794598	 9.424066	 21.571070	-0.477915	 10.035310	-71.040360	-36.719010	-2.659174	 27.812110	 15.338460	-0.539067	 0.133358	 16.757760	-0.374614	 3.454643	 0.000000	 90.000000	 0.000000	 167.545200	 12.248110	 165.143300	-165.954300	-8.406329	-15.090570
-0.026780	-0.086520	-0.010081	 175.661300	-3.644527	-88.062410	-19.451840	 1.239134	 0.249289	-17.019830	 3.462137	 0.126031	 1.975990	-7.997804	 110.084600	-0.813313	 0.122417	-8.559153	-55.664660	-26.656640	 11.858810	-5.960076	 28.166440	 1.457760	-13.825480	 24.801510	-52.298160	-5.458171	-2.009431	 9.954542	 2.503307	-1.126933	 4.530149	 3.269263	-0.635379	-79.909710	 3.833177	 3.117724	 11.950170	-0.275749	 3.148046	 9.058900	 2.903240	 4.344579	-70.221790	 37.148250	 19.701480	 15.042380	-6.822121	 19.211520	 10.843110	-5.638356	 19.245730	-70.201100	 18.376500	 10.352070	 21.401180	-3.898658	 9.395153	 9.482653	-0.473427	 9.974214	-72.441940	-57.473520	-11.471000	 6.702109	 9.274954	-0.525199	 0.082230	-19.409450	-0.175393	 3.199929	 2.629280	-3.219152	 90.156750	-91.044750	-2.274288	-94.045720	-179.857100	-0.462621	 102.653800	-0.813313	 0.122417	-8.559153	-23.940370	-33.458290	 13.414340	-82.971170	-22.526460	-13.060620	 19.319570	-22.774980	-24.527240	-10.769440	-3.811600	 49.403410	 2.466703	-1.146495	 52.047700	 2.517076	 0.948613	-45.561870	 1.618825	 2.781080	 39.173970	-0.237931	 3.158595	 22.273700	 2.927704	 4.242957	-71.694150	 48.067000	 23.401560	 12.380120	-6.704206	 19.240150	 17.270980	-5.998081	 19.326140	-88.320270	 23.894230	 13.358030	 24.216410	-3.793167	 9.424617	 21.741290	-0.478186	 10.038930	-70.956700	-36.689300	-2.643413	 27.828260	 15.406560	-0.539190	 0.133940	 16.813810	-0.374787	 3.455122	 0.000000	 90.000000	 0.000000	 167.454700	 12.298320	 164.975800	-165.963200	-8.426195	-15.307760
-0.026836	-0.087304	-0.010754	 175.571400	-3.693610	-88.018970	-19.480700	 1.261353	 0.225746	-17.033700	 3.504102	 0.102494	 1.988971	-8.050204	 110.076600	-0.813313	 0.122417	-8.559153	-56.548870	-26.164900	 11.263930	-5.479903	 28.000140	 1.449045	-13.972840	 24.017560	-52.649600	-5.458175	-2.009420	 9.954737	 2.503307	-1.126933	 4.530149	 3.269258	-0.635349	-79.909130	 3.835836	 3.118892	 11.950100	-0.275749	 3.148047	 9.059118	 2.903212	 4.344687	-70.220200	 37.148240	 19.701470	 15.042870	-6.822121	 19.211520	 10.843110	-5.638354	 19.245730	-70.201030	 18.379650	 10.353690	 21.401630	-3.898658	 9.395153	 9.482653	-0.473429	 9.974235	-72.441390	-57.473690	-11.470990	 6.702771	 9.275167	-0.525199	 0.082232	-19.408730	-0.175401	 3.199934	 2.634721	-3.183906	 90.154430	-90.928690	-2.438071	-93.349690	-179.831500	-0.573244	 102.212400	-0.813313	 0.122417	-8.559153	-26.783400	-34.878560	 10.790800	-80.658490	-23.400690	-13.243450	 17.831680	-22.922920	-25.105080	-10.749260	-3.791265	 49.523170	 2.466618	-1.146602	 52.199740	 2.511937	 0.954192	-45.415460	 1.580528	 2.748662	 39.054360	-0.237738	 3.158674	 22.343560	 2.926138	 4.249831	-71.594800	 48.156970	 23.436760	 12.444340	-6.704162	 19.240160	 17.273390	-5.998843	 19.326440	-88.360550	 23.915350	 13.383930	 24.453920	-3.792696	 9.424802	 21.797540	-0.478302	 10.040430	-70.921930	-36.707080	-2.655641	 27.808370	 15.558800	-0.539466	 0.135241	 16.944210	-0.375182	 3.456237	 0.000000	 90.000000	 0.000000	 167.383900	 12.347970	 164.829900	-165.964800	-8.432135	-15.488690
-0.026892	-0.088000	-0.011400	 175.476200	-3.737989	-87.978000	-19.507870	 1.283230	 0.202767	-17.046580	 3.549801	 0.079598	 2.001374	-8.100348	 110.068700	-0.813313	 0.122417	-8.559153	-56.642780	-26.277800	 11.023590	-5.550704	 27.902930	 1.451587	-13.906350	 24.011090	-52.583210	-5.458177	-2.009409	 9.954908	 2.503307	-1.126933	 4.530149	 3.269254	-0.635319	-79.908550	 3.838033	 3.119857	 11.950050	-0.275748	 3.148047	 9.059322	 2.903187	 4.344791	-70.218700	 37.148200	 19.701440	 15.043330	-6.822121	 19.211520	 10.843110	-5.638354	 19.245740	-70.200980	 18.382230	 10.355030	 21.402110	-3.898658	 9.395153	 9.482653	-0.473429	 9.974257	-72.440900	-57.473820	-11.470980	 6.703383	 9.275359	-0.525199	 0.082234	-19.408050	-0.175406	 3.199939	 2.639742	-3.124920	 90.152000	-90.794240	-2.623034	-92.666980	-179.807600	-0.679823	 101.793300	-0.813313	 0.122417	-8.559153	-29.577170	-36.090450	 8.142318	-78.418290	-24.239680	-13.387810	 16.360230	-23.035900	-25.683720	-10.732540	-3.776055	 49.509630	 2.466629	-1.146588	 52.180090	 2.511647	 0.954506	-45.407220	 1.554613	 2.726601	 38.965930	-0.237703	 3.158688	 22.356410	 2.925379	 4.253147	-71.546870	 48.174440	 23.449110	 12.523010	-6.704612	 19.240040	 17.248610	-5.998558	 19.326330	-88.345370	 23.911170	 13.393850	 24.654640	-3.792825	 9.424751	 21.782120	-0.478317	 10.040630	-70.917510	-36.719250	-2.664819	 27.791750	 15.564300	-0.539477	 0.135288	 16.948050	-0.375195	 3.456270	 0.000000	 90.000000	 0.000000	 167.328800	 12.396270	 164.700200	-165.962100	-8.430311	-15.659030
-0.026987	-0.088787	-0.012169	 175.345500	-3.789599	-87.932430	-19.539310	 1.309636	 0.175522	-17.061240	 3.621534	 0.052562	 2.015903	-8.159204	 110.059100	-0.813313	 0.122417	-8.559153	-56.115410	-27.012720	 11.020950	-6.135470	 27.861410	 1.456334	-13.672330	 24.748820	-52.146160	-5.458180	-2.009398	 9.955120	 2.503307	-1.126933	 4.530149	 3.269249	-0.635286	-79.907910	 3.840056	 3.120745	 11.950020	-0.275748	 3.148047	 9.059546	 2.903156	 4.344909	-70.216960	 37.148160	 19.701430	 15.043870	-6.822121	 19.211520	 10.843110	-5.638348	 19.245740	-70.200980	 18.384700	 10.356300	 21.402770	-3.898658	 9.395153	 9.482653	-0.473431	 9.974281	-72.440330	-57.473980	-11.470970	 6.704118	 9.275587	-0.525196	 0.082238	-19.407250	-0.175407	 3.199942	 2.645498	-3.047516	 90.149650	-90.634420	-2.863362	-91.850850	-179.780600	-0.802445	 101.240700	-0.813313	 0.122417	-8.559153	-32.886830	-37.333800	 4.989447	-75.760350	-25.226560	-13.519880	 14.589010	-23.134940	-26.396750	-10.739350	-3.781844	 49.542060	 2.466601	-1.146624	 52.231050	 2.508990	 0.957377	-45.331720	 1.533471	 2.711424	 39.000520	-0.237807	 3.158646	 22.318670	 2.925154	 4.254124	-71.532740	 48.166480	 23.454130	 12.615400	-6.705584	 19.239750	 17.195000	-5.997257	 19.325820	-88.276710	 23.898450	 13.399160	 24.856510	-3.793493	 9.424490	 21.702550	-0.478250	 10.039770	-70.937410	-36.708080	-2.664823	 27.776160	 15.636990	-0.539601	 0.135911	 17.010640	-0.375385	 3.456806	 0.000000	 90.000000	 0.000000	 167.281000	 12.451740	 164.560800	-165.955800	-8.422845	-15.873100
-0.027121	-0.089481	-0.012827	 175.217800	-3.833279	-87.900290	-19.567200	 1.334027	 0.150984	-17.073980	 3.698392	 0.028320	 2.028965	-8.212237	 110.050100	-0.813313	 0.122417	-8.559153	-56.108570	-26.859250	 10.836770	-6.089797	 27.829590	 1.455281	-13.452340	 24.552000	-51.991150	-5.458183	-2.009386	 9.955309	 2.503307	-1.126933	 4.530149	 3.269245	-0.635256	-79.907320	 3.841385	 3.121331	 11.950030	-0.275747	 3.148047	 9.059773	 2.903129	 4.345014	-70.215450	 37.148120	 19.701400	 15.044350	-6.822121	 19.211520	 10.843110	-5.638348	 19.245740	-70.200980	 18.386330	 10.357140	 21.403470	-3.898658	 9.395153	 9.482653	-0.473431	 9.974304	-72.439830	-57.474120	-11.470950	 6.704768	 9.275778	-0.525206	 0.082238	-19.406560	-0.175416	 3.199944	 2.650589	-2.975068	 90.148590	-90.488350	-3.094587	-91.106580	-179.757900	-0.907736	 100.708900	-0.813313	 0.122417	-8.559153	-35.820690	-38.284750	 2.268968	-73.338450	-26.109560	-13.578450	 12.966630	-23.194680	-27.071120	-10.744050	-3.785930	 49.558900	 2.466578	-1.146653	 52.271510	 2.506869	 0.959665	-45.271490	 1.521698	 2.703232	 39.030090	-0.238002	 3.158566	 22.247590	 2.925356	 4.253245	-71.545430	 48.141470	 23.452500	 12.696330	-6.706734	 19.239420	 17.131600	-5.995442	 19.325130	-88.181070	 23.882750	 13.399850	 25.010140	-3.794403	 9.424138	 21.594210	-0.478144	 10.038370	-70.969690	-36.699030	-2.664659	 27.764090	 15.695280	-0.539704	 0.136410	 17.060850	-0.375540	 3.457236	 0.000000	 90.000000	 0.000000	 167.254300	 12.500560	 164.433900	-165.947400	-8.412285	-16.071540
-0.027353	-0.090285	-0.013487	 175.086200	-3.873247	-87.875890	-19.595220	 1.359446	 0.126219	-17.086530	 3.784557	 0.003932	 2.042244	-8.266253	 110.040600	-0.813313	 0.122417	-8.559153	-56.970070	-25.916480	 10.288400	-5.490912	 27.777500	 1.466783	-13.498280	 23.443760	-52.237460	-5.458185	-2.009376	 9.955486	 2.503307	-1.126933	 4.530149	 3.269240	-0.635226	-79.906740	 3.842195	 3.121688	 11.950070	-0.275746	 3.148047	 9.059974	 2.903103	 4.345121	-70.213910	 37.148100	 19.701380	 15.044820	-6.822121	 19.211520	 10.843110	-5.638351	 19.245740	-70.200980	 18.387390	 10.357690	 21.404270	-3.898658	 9.395153	 9.482653	-0.473433	 9.974326	-72.439310	-57.474240	-11.470940	 6.705409	 9.275984	-0.525203	 0.082240	-19.405850	-0.175417	 3.199951	 2.655692	-2.888735	 90.148380	-90.318140	-3.339851	-90.342540	-179.737000	-1.007343	 100.153700	-0.813313	 0.122417	-8.559153	-38.757450	-39.107640	-0.399407	-70.849950	-26.999650	-13.583320	 11.301360	-23.225670	-27.756140	-10.747300	-3.788841	 49.564370	 2.466558	-1.146677	 52.306600	 2.504989	 0.961688	-45.218190	 1.514498	 2.698448	 39.057180	-0.238273	 3.158455	 22.149380	 2.925764	 4.251466	-71.571160	 48.106070	 23.447090	 12.774390	-6.708050	 19.239040	 17.059030	-5.993193	 19.324260	-88.062310	 23.854260	 13.392230	 25.144330	-3.795481	 9.423725	 21.466030	-0.478017	 10.036680	-71.008680	-36.691020	-2.664484	 27.753580	 15.746970	-0.539802	 0.136852	 17.105400	-0.375677	 3.457617	 0.000000	 90.000000	 0.000000	 167.243100	 12.550210	 164.286700	-165.938600	-8.401937	-16.303670
-0.027700	-0.091341	-0.014238	 174.940000	-3.909303	-87.857340	-19.627640	 1.389938	 0.097696	-17.100710	 3.891236	-0.024047	 2.059266	-8.335371	 110.029200	-0.813313	 0.122417	-8.559153	-58.763960	-23.899980	 9.341014	-4.247063	 27.701150	 1.410142	-13.831930	 21.172080	-52.952870	-5.458188	-2.009364	 9.955688	 2.503307	-1.126933	 4.530149	 3.269236	-0.635192	-79.906060	 3.842695	 3.121911	 11.950120	-0.275746	 3.148047	 9.060220	 2.903071	 4.345243	-70.212110	 37.148080	 19.701360	 15.045360	-6.822121	 19.211520	 10.843110	-5.638354	 19.245730	-70.201030	 18.388100	 10.358050	 21.405300	-3.898658	 9.395153	 9.482653	-0.473433	 9.974353	-72.438710	-57.474360	-11.470920	 6.706165	 9.276217	-0.525206	 0.082242	-19.405030	-0.175418	 3.199952	 2.661556	-2.774511	 90.149250	-90.095010	-3.632234	-89.442330	-179.715800	-1.111201	 99.507880	-0.813313	 0.122417	-8.559153	-42.137030	-39.907060	-3.420775	-67.914930	-28.060690	-13.527880	 9.346379	-23.255240	-28.497390	-10.749310	-3.790798	 49.557670	 2.466540	-1.146701	 52.340800	 2.503106	 0.963712	-45.164840	 1.509387	 2.695285	 39.085580	-0.238649	 3.158302	 22.013060	 2.926278	 4.249222	-71.603600	 48.049320	 23.435290	 12.862440	-6.709639	 19.238590	 16.971480	-5.990286	 19.323160	-87.909170	 23.815050	 13.378350	 25.274330	-3.796761	 9.423234	 21.313930	-0.477874	 10.034760	-71.053030	-36.683010	-2.664254	 27.743230	 15.798760	-0.539881	 0.137293	 17.150070	-0.375810	 3.457999	 0.000000	 90.000000	 0.000000	 167.247200	 12.607780	 164.093700	-165.928000	-8.391101	-16.603980
-0.028033	-0.092360	-0.014878	 174.828600	-3.927246	-87.849490	-19.656080	 1.417674	 0.073076	-17.112770	 3.987067	-0.048127	 2.077301	-8.408191	 110.019000	-0.813313	 0.122417	-8.559153	-59.702720	-23.257330	 8.759464	-3.904604	 27.670120	 1.388050	-14.148270	 20.422820	-53.259190	-5.458190	-2.009353	 9.955881	 2.503307	-1.126933	 4.530149	 3.269231	-0.635161	-79.905470	 3.843060	 3.122075	 11.950180	-0.275745	 3.148048	 9.060435	 2.903043	 4.345351	-70.210530	 37.148070	 19.701350	 15.045860	-6.822121	 19.211520	 10.843110	-5.638355	 19.245730	-70.201090	 18.388620	 10.358320	 21.406230	-3.898658	 9.395153	 9.482653	-0.473434	 9.974374	-72.438190	-57.474450	-11.470890	 6.706829	 9.276422	-0.525206	 0.082243	-19.404290	-0.175429	 3.199958	 2.666681	-2.664027	 90.150970	-89.879310	-3.889505	-88.642990	-179.700100	-1.190171	 98.958870	-0.813313	 0.122417	-8.559153	-45.044150	-40.468000	-6.013391	-65.308910	-29.050970	-13.432750	 7.619786	-23.316830	-29.108380	-10.749660	-3.791367	 49.541290	 2.466526	-1.146719	 52.365570	 2.501694	 0.965225	-45.124890	 1.505516	 2.692912	 39.108100	-0.239008	 3.158157	 21.882960	 2.926574	 4.247926	-71.622340	 47.977740	 23.417630	 12.941170	-6.710969	 19.238210	 16.898240	-5.987684	 19.322170	-87.772160	 23.783700	 13.366420	 25.365790	-3.797761	 9.422856	 21.195280	-0.477778	 10.033450	-71.083180	-36.677040	-2.664038	 27.735710	 15.837480	-0.539959	 0.137626	 17.183460	-0.375909	 3.458286	 0.000000	 90.000000	 0.000000	 167.263700	 12.657760	 163.906000	-165.918500	-8.383316	-16.886940
-0.028331	-0.093346	-0.015471	 174.730900	-3.938232	-87.845920	-19.683600	 1.445364	 0.049794	-17.124160	 4.078538	-0.070789	 2.097222	-8.488408	 110.008900	-0.813313	 0.122417	-8.559153	-59.902750	-23.041610	 8.508206	-3.977308	 27.659230	 1.421885	-14.221420	 20.216610	-53.156110	-5.458193	-2.009342	 9.956069	 2.503307	-1.126933	 4.530149	 3.269227	-0.635131	-79.904890	 3.843350	 3.122205	 11.950240	-0.275744	 3.148048	 9.060662	 2.903016	 4.345456	-70.209010	 37.148080	 19.701350	 15.046310	-6.822121	 19.211520	 10.843110	-5.638355	 19.245740	-70.201180	 18.389060	 10.358550	 21.407160	-3.898658	 9.395153	 9.482653	-0.473436	 9.974398	-72.437680	-57.474530	-11.470870	 6.707489	 9.276615	-0.525200	 0.082245	-19.403590	-0.175433	 3.199961	 2.671614	-2.549924	 90.153450	-89.655570	-4.133676	-87.864210	-179.686800	-1.257456	 98.356480	-0.813313	 0.122417	-8.559153	-47.767410	-40.881220	-8.471019	-62.760880	-30.055420	-13.302000	 5.945201	-23.406800	-29.680900	-10.748830	-3.790962	 49.516950	 2.466515	-1.146733	 52.385270	 2.500526	 0.966476	-45.091850	 1.500360	 2.689490	 39.128010	-0.239358	 3.158017	 21.756060	 2.926554	 4.248013	-71.621070	 47.893770	 23.395490	 13.017180	-6.712091	 19.237890	 16.836480	-5.985301	 19.321280	-87.647100	 23.750530	 13.352220	 25.437100	-3.798481	 9.422585	 21.109740	-0.477731	 10.032840	-71.097400	-36.672160	-2.663808	 27.729720	 15.869310	-0.540010	 0.137899	 17.210950	-0.375990	 3.458521	 0.000000	 90.000000	 0.000000	 167.289600	 12.705130	 163.709400	-165.899600	-8.381538	-17.170050
-0.028705	-0.094504	-0.016217	 174.610500	-3.954541	-87.840550	-19.715970	 1.479035	 0.023421	-17.137170	 4.180185	-0.096369	 2.123317	-8.593553	 109.995700	-0.813313	 0.122417	-8.559153	-59.106350	-24.041580	 8.632513	-4.920939	 27.693480	 1.562297	-14.108330	 21.393620	-52.530640	-5.458196	-2.009330	 9.956285	 2.503307	-1.126933	 4.530149	 3.269222	-0.635096	-79.904210	 3.843619	 3.122327	 11.950320	-0.275743	 3.148048	 9.060897	 2.902985	 4.345582	-70.207190	 37.148080	 19.701340	 15.046860	-6.822121	 19.211520	 10.843110	-5.638356	 19.245740	-70.201320	 18.389490	 10.358770	 21.408270	-3.898658	 9.395153	 9.482653	-0.473437	 9.974422	-72.437070	-57.474630	-11.470840	 6.708260	 9.276862	-0.525203	 0.082249	-19.402770	-0.175448	 3.199962	 2.677422	-2.409080	 90.157400	-89.377200	-4.407982	-86.946050	-179.672000	-1.327564	 97.374160	-0.813313	 0.122417	-8.559153	-50.867430	-41.219670	-11.314390	-59.733270	-31.286570	-13.102670	 3.980598	-23.546830	-30.290630	-10.746500	-3.789379	 49.478710	 2.466505	-1.146746	 52.403460	 2.499381	 0.967701	-45.059500	 1.489934	 2.682082	 39.149310	-0.239745	 3.157863	 21.616210	 2.925922	 4.250776	-71.581130	 47.782720	 23.364940	 13.104300	-6.713062	 19.237620	 16.783000	-5.982924	 19.320390	-87.522090	 23.692460	 13.323880	 25.504910	-3.798842	 9.422448	 21.066940	-0.477769	 10.033340	-71.085890	-36.667470	-2.663524	 27.724230	 15.900070	-0.540060	 0.138161	 17.237520	-0.376075	 3.458749	 0.000000	 90.000000	 0.000000	 167.336500	 12.756700	 163.460300	-165.850800	-8.393089	-17.504080
-0.029057	-0.095498	-0.016780	 174.540400	-3.949101	-87.846630	-19.743290	 1.508353	 0.002286	-17.147810	 4.257106	-0.116775	 2.147146	-8.689947	 109.982500	-0.813313	 0.122417	-8.559153	-57.923820	-25.564400	 8.952010	-6.012377	 27.756670	 1.619256	-13.862270	 23.140890	-51.849600	-5.458199	-2.009319	 9.956466	 2.503307	-1.126933	 4.530149	 3.269217	-0.635066	-79.903620	 3.843774	 3.122397	 11.950390	-0.275743	 3.148048	 9.061125	 2.902958	 4.345687	-70.205670	 37.148080	 19.701330	 15.047320	-6.822121	 19.211520	 10.843110	-5.638359	 19.245740	-70.201460	 18.389780	 10.358920	 21.409220	-3.898658	 9.395153	 9.482653	-0.473439	 9.974445	-72.436550	-57.474680	-11.470820	 6.708913	 9.277066	-0.525206	 0.082250	-19.402060	-0.175444	 3.199972	 2.682301	-2.286927	 90.161580	-89.133220	-4.622608	-86.175000	-179.662200	-1.380223	 96.749510	-0.813313	 0.122417	-8.559153	-53.402110	-41.390200	-13.686120	-57.159870	-32.359240	-12.899280	 2.338108	-23.692280	-30.696570	-10.743440	-3.787153	 49.439190	 2.466499	-1.146753	 52.415030	 2.498595	 0.968542	-45.037280	 1.477840	 2.673265	 39.165550	-0.240023	 3.157753	 21.515500	 2.924948	 4.255017	-71.519820	 47.684060	 23.337040	 13.173970	-6.713467	 19.237500	 16.760730	-5.981161	 19.319740	-87.429590	 23.633760	 13.293690	 25.548510	-3.798835	 9.422452	 21.067730	-0.477862	 10.034600	-71.056710	-36.664370	-2.663270	 27.720840	 15.920630	-0.540097	 0.138337	 17.255290	-0.376133	 3.458901	 0.000000	 90.000000	 0.000000	 167.393800	 12.793870	 163.236100	-165.791200	-8.413741	-17.778940
-0.029436	-0.096504	-0.017309	 174.493100	-3.930614	-87.859160	-19.770620	 1.538556	-0.017614	-17.158190	 4.320148	-0.135889	 2.172388	-8.792402	 109.967400	-0.813313	 0.122417	-8.559153	-56.602140	-27.371780	 9.392693	-6.977134	 27.850270	 1.527261	-13.525300	 25.123250	-50.947480	-5.458201	-2.009307	 9.956658	 2.503307	-1.126933	 4.530149	 3.269213	-0.635037	-79.903050	 3.843908	 3.122459	 11.950450	-0.275742	 3.148048	 9.061337	 2.902930	 4.345794	-70.204110	 37.148080	 19.701330	 15.047800	-6.822121	 19.211520	 10.843110	-5.638366	 19.245740	-70.201610	 18.390000	 10.359030	 21.410200	-3.898658	 9.395153	 9.482653	-0.473440	 9.974468	-72.436050	-57.474730	-11.470780	 6.709590	 9.277247	-0.525206	 0.082251	-19.401330	-0.175456	 3.199969	 2.687176	-2.163489	 90.166600	-88.883770	-4.817086	-85.409940	-179.654000	-1.428763	 96.247840	-0.813313	 0.122417	-8.559153	-55.876290	-41.451550	-16.052580	-54.563650	-33.454360	-12.656110	 0.713590	-23.863980	-31.017940	-10.739510	-3.784206	 49.393730	 2.466495	-1.146760	 52.423420	 2.497960	 0.969220	-45.019340	 1.464689	 2.663598	 39.180220	-0.240234	 3.157669	 21.439200	 2.923830	 4.259867	-71.449680	 47.585550	 23.308680	 13.238550	-6.713575	 19.237470	 16.754760	-5.979245	 19.319030	-87.329170	 23.572030	 13.261020	 25.579500	-3.798801	 9.422462	 21.071710	-0.477974	 10.036100	-71.022140	-36.661990	-2.663012	 27.718500	 15.936560	-0.540120	 0.138475	 17.269080	-0.376171	 3.459021	 0.000000	 90.000000	 0.000000	 167.463600	 12.825540	 163.000000	-165.718700	-8.443925	-18.040930
-0.029901	-0.097675	-0.017900	 174.467600	-3.898176	-87.878910	-19.802780	 1.575195	-0.039043	-17.170000	 4.373347	-0.156329	 2.203467	-8.918961	 109.947800	-0.813313	 0.122417	-8.559153	-55.067320	-29.271810	 10.060600	-8.114889	 27.985650	 1.341823	-13.021530	 27.174590	-49.841160	-5.458204	-2.009295	 9.956870	 2.503307	-1.126933	 4.530149	 3.269207	-0.635000	-79.902340	 3.843965	 3.122488	 11.950540	-0.275741	 3.148048	 9.061605	 2.902898	 4.345920	-70.202260	 37.148080	 19.701320	 15.048350	-6.822121	 19.211520	 10.843110	-5.638370	 19.245730	-70.201830	 18.390170	 10.359110	 21.411380	-3.898658	 9.395153	 9.482653	-0.473439	 9.974495	-72.435420	-57.474770	-11.470750	 6.710396	 9.277496	-0.525207	 0.082251	-19.400480	-0.175457	 3.199975	 2.692892	-2.019545	 90.173510	-88.588680	-5.012786	-84.525800	-179.645400	-1.482754	 95.732020	-0.813313	 0.122417	-8.559153	-58.709320	-41.365030	-18.840760	-51.483950	-34.747710	-12.302540	-1.158603	-24.099480	-31.304900	-10.733800	-3.779861	 49.333690	 2.466491	-1.146764	 52.429620	 2.497390	 0.969829	-45.003250	 1.447031	 2.650501	 39.195550	-0.240363	 3.157619	 21.392940	 2.922334	 4.266304	-71.356550	 47.476750	 23.276880	 13.305540	-6.713645	 19.237450	 16.750940	-5.976686	 19.318090	-87.194820	 23.503640	 13.223950	 25.599440	-3.798729	 9.422489	 21.080210	-0.478128	 10.038140	-70.974980	-36.660110	-2.662680	 27.717060	 15.949560	-0.540146	 0.138585	 17.280410	-0.376204	 3.459117	 0.000000	 90.000000	 0.000000	 167.556000	 12.855970	 162.709600	-165.621800	-8.490749	-18.322290
-0.030259	-0.098607	-0.018372	 174.470400	-3.868217	-87.896450	-19.828940	 1.605927	-0.054614	-17.179320	 4.404305	-0.171000	 2.229561	-9.025554	 109.930500	-0.813313	 0.122417	-8.559153	-53.901440	-30.100730	 10.646940	-9.513966	 28.086690	 1.291591	-12.532990	 28.167900	-49.073550	-5.458207	-2.009284	 9.957062	 2.503307	-1.126933	 4.530149	 3.269204	-0.634971	-79.901760	 3.843965	 3.122492	 11.950630	-0.275741	 3.148049	 9.061821	 2.902872	 4.346026	-70.200730	 37.148130	 19.701330	 15.048790	-6.822121	 19.211520	 10.843110	-5.638376	 19.245740	-70.202050	 18.390250	 10.359160	 21.412370	-3.898658	 9.395153	 9.482653	-0.473442	 9.974517	-72.434900	-57.474800	-11.470710	 6.711042	 9.277697	-0.525203	 0.082253	-19.399780	-0.175465	 3.199979	 2.697552	-1.905594	 90.179930	-88.353120	-5.138597	-83.866720	-179.638800	-1.526193	 95.301290	-0.813313	 0.122417	-8.559153	-60.911480	-41.209400	-21.006240	-49.239540	-35.738840	-12.010490	-2.434299	-24.358130	-31.392040	-10.728380	-3.775689	 49.280380	 2.466489	-1.146766	 52.432000	 2.497056	 0.970185	-44.993820	 1.430238	 2.637951	 39.206620	-0.240397	 3.157605	 21.380430	 2.920979	 4.272096	-71.272720	 47.399280	 23.253980	 13.350970	-6.713659	 19.237450	 16.750170	-5.974245	 19.317200	-87.067190	 23.457920	 13.198550	 25.602160	-3.798647	 9.422522	 21.090010	-0.478269	 10.040010	-70.931660	-36.659250	-2.662398	 27.716900	 15.955810	-0.540163	 0.138639	 17.285860	-0.376222	 3.459164	 0.000000	 90.000000	 0.000000	 167.635200	 12.875580	 162.464500	-165.538300	-8.538230	-18.530160
-0.030564	-0.099537	-0.018858	 174.481400	-3.839592	-87.912280	-19.855400	 1.637837	-0.068365	-17.188420	 4.428504	-0.183755	 2.256390	-9.135438	 109.912100	-0.813313	 0.122417	-8.559153	-52.839100	-30.632520	 11.206440	-11.006780	 28.184590	 1.254572	-12.049580	 28.879400	-48.388950	-5.458209	-2.009274	 9.957239	 2.503307	-1.126933	 4.530149	 3.269200	-0.634941	-79.901180	 3.843907	 3.122471	 11.950720	-0.275740	 3.148048	 9.062025	 2.902845	 4.346134	-70.199180	 37.148130	 19.701310	 15.049270	-6.822121	 19.211520	 10.843110	-5.638379	 19.245740	-70.202290	 18.390250	 10.359160	 21.413390	-3.898658	 9.395153	 9.482653	-0.473443	 9.974541	-72.434390	-57.474800	-11.470680	 6.711725	 9.277911	-0.525210	 0.082257	-19.399080	-0.175472	 3.199980	 2.702265	-1.795353	 90.187220	-88.124430	-5.234354	-83.289570	-179.632200	-1.571576	 94.788510	-0.813313	 0.122417	-8.559153	-63.010930	-41.024600	-22.999630	-47.360470	-36.653140	-11.748090	-3.397217	-24.700190	-31.317240	-10.722260	-3.770937	 49.223100	 2.466489	-1.146766	 52.432320	 2.496824	 0.970433	-44.987290	 1.410353	 2.623009	 39.216590	-0.240425	 3.157595	 21.370480	 2.919485	 4.278439	-71.180870	 47.304620	 23.225370	 13.399300	-6.713636	 19.237450	 16.751380	-5.971360	 19.316160	-86.916190	 23.406580	 13.169580	 25.597230	-3.798544	 9.422564	 21.102380	-0.478428	 10.042100	-70.883530	-36.659000	-2.662105	 27.717590	 15.958330	-0.540158	 0.138660	 17.288140	-0.376224	 3.459183	 0.000000	 90.000000	 0.000000	 167.714400	 12.891030	 162.210000	-165.454400	-8.594323	-18.729750
-0.030853	-0.100605	-0.019418	 174.497700	-3.808589	-87.927000	-19.885750	 1.675549	-0.081278	-17.198450	 4.452757	-0.195355	 2.287340	-9.262580	 109.890000	-0.813313	 0.122417	-8.559153	-51.976020	-30.949830	 11.657130	-12.449630	 28.269160	 1.230652	-11.708430	 29.377510	-47.715390	-5.458212	-2.009261	 9.957460	 2.503307	-1.126933	 4.530149	 3.269194	-0.634905	-79.900480	 3.843791	 3.122424	 11.950810	-0.275739	 3.148048	 9.062282	 2.902812	 4.346256	-70.197360	 37.148180	 19.701330	 15.049810	-6.822121	 19.211520	 10.843110	-5.638387	 19.245740	-70.202610	 18.390190	 10.359130	 21.414590	-3.898658	 9.395153	 9.482653	-0.473445	 9.974566	-72.433780	-57.474790	-11.470630	 6.712518	 9.278138	-0.525207	 0.082258	-19.398230	-0.175478	 3.199986	 2.707694	-1.679920	 90.196550	-87.876720	-5.311327	-82.696830	-179.624500	-1.627625	 94.142250	-0.813313	 0.122417	-8.559153	-65.305130	-40.764450	-25.126370	-45.275680	-37.669290	-11.421020	-4.423409	-25.123910	-31.185450	-10.714500	-3.764877	 49.154150	 2.466490	-1.146765	 52.430390	 2.496676	 0.970590	-44.983100	 1.383035	 2.602384	 39.226650	-0.240448	 3.157586	 21.362280	 2.917623	 4.286283	-71.067270	 47.144770	 23.176070	 13.470210	-6.713568	 19.237480	 16.755130	-5.967398	 19.314740	-86.708980	 23.320040	 13.120730	 25.588530	-3.798399	 9.422616	 21.119440	-0.478632	 10.044710	-70.823220	-36.659390	-2.661774	 27.719410	 15.956750	-0.540161	 0.138647	 17.286910	-0.376220	 3.459173	 0.000000	 90.000000	 0.000000	 167.798900	 12.903720	 161.911600	-165.363700	-8.665634	-18.949020
-0.031035	-0.101504	-0.019861	 174.518900	-3.780172	-87.935780	-19.911010	 1.707862	-0.089314	-17.206420	 4.474775	-0.202156	 2.312917	-9.367950	 109.871200	-0.813313	 0.122417	-8.559153	-51.556590	-31.190290	 11.862130	-13.223280	 28.326340	 1.189392	-11.594070	 29.712840	-47.256400	-5.458215	-2.009251	 9.957644	 2.503307	-1.126933	 4.530149	 3.269190	-0.634876	-79.899930	 3.843636	 3.122359	 11.950910	-0.275739	 3.148049	 9.062507	 2.902786	 4.346362	-70.195820	 37.148220	 19.701340	 15.050250	-6.822121	 19.211520	 10.843110	-5.638392	 19.245740	-70.202910	 18.390080	 10.359070	 21.415610	-3.898658	 9.395153	 9.482653	-0.473446	 9.974587	-72.433270	-57.474770	-11.470600	 6.713188	 9.278339	-0.525207	 0.082258	-19.397530	-0.175486	 3.199991	 2.712232	-1.595798	 90.205140	-87.684560	-5.353180	-82.223870	-179.618200	-1.679381	 93.664970	-0.813313	 0.122417	-8.559153	-67.154520	-40.489090	-26.834000	-43.318790	-38.531590	-11.072290	-5.470813	-25.444470	-31.167490	-10.707560	-3.759427	 49.094960	 2.466492	-1.146762	 52.427230	 2.496637	 0.970633	-44.981980	 1.355798	 2.581749	 39.233990	-0.240460	 3.157581	 21.357950	 2.915955	 4.293252	-70.966270	 47.002190	 23.131600	 13.529180	-6.713479	 19.237500	 16.760080	-5.963442	 19.313340	-86.502580	 23.242900	 13.076930	 25.575900	-3.798261	 9.422668	 21.135830	-0.478817	 10.047050	-70.769060	-36.660270	-2.661478	 27.721710	 15.951950	-0.540149	 0.138606	 17.282880	-0.376217	 3.459138	 0.000000	 90.000000	 0.000000	 167.858500	 12.908610	 161.659600	-165.297300	-8.728040	-19.126570
-0.031140	-0.102466	-0.020329	 174.547400	-3.749898	-87.938320	-19.937980	 1.743304	-0.094777	-17.214490	 4.505294	-0.206118	 2.339678	-9.478526	 109.850800	-0.813313	 0.122417	-8.559153	-51.313250	-31.377500	 11.982480	-13.818400	 28.367320	 1.159281	-11.430720	 29.913020	-46.915350	-5.458218	-2.009238	 9.957857	 2.503307	-1.126933	 4.530149	 3.269185	-0.634844	-79.899280	 3.843423	 3.122271	 11.951010	-0.275738	 3.148049	 9.062733	 2.902757	 4.346477	-70.194180	 37.148270	 19.701350	 15.050740	-6.822121	 19.211520	 10.843110	-5.638401	 19.245740	-70.203250	 18.389890	 10.358970	 21.416740	-3.898658	 9.395153	 9.482653	-0.473447	 9.974613	-72.432720	-57.474740	-11.470550	 6.713932	 9.278565	-0.525207	 0.082260	-19.396760	-0.175486	 3.199997	 2.717130	-1.517348	 90.215170	-87.502010	-5.380567	-81.700040	-179.611200	-1.742046	 93.197140	-0.813313	 0.122417	-8.559153	-69.098380	-40.108140	-28.663500	-40.988450	-39.458210	-10.613350	-6.811409	-25.741270	-31.241150	-10.699680	-3.753216	 49.030720	 2.466495	-1.146759	 52.422620	 2.496665	 0.970601	-44.982810	 1.321304	 2.555551	 39.240840	-0.240466	 3.157578	 21.355730	 2.914057	 4.301115	-70.852290	 46.876410	 23.092020	 13.578000	-6.713352	 19.237540	 16.767080	-5.958428	 19.311580	-86.241150	 23.174920	 13.037760	 25.553630	-3.798096	 9.422729	 21.155360	-0.479030	 10.049720	-70.707470	-36.661740	-2.661144	 27.724960	 15.943480	-0.540143	 0.138533	 17.275710	-0.376191	 3.459077	 0.000000	 90.000000	 0.000000	 167.905000	 12.907960	 161.388800	-165.238900	-8.795463	-19.314310
-0.031134	-0.103424	-0.020818	 174.578900	-3.724135	-87.932870	-19.965140	 1.780044	-0.096551	-17.226190	 4.549021	-0.206129	 2.368587	-9.597568	 109.830800	-0.813313	 0.122417	-8.559153	-51.182570	-31.516960	 12.043580	-14.315910	 28.398820	 1.143048	-11.280970	 30.030670	-46.625320	-5.458220	-2.009226	 9.958058	 2.503307	-1.126933	 4.530149	 3.269181	-0.634811	-79.898640	 3.843153	 3.122154	 11.951090	-0.275737	 3.148049	 9.062975	 2.902727	 4.346593	-70.192480	 37.148320	 19.701350	 15.051230	-6.822121	 19.211520	 10.843110	-5.638406	 19.245740	-70.203660	 18.389640	 10.358840	 21.417900	-3.898658	 9.395153	 9.482653	-0.473448	 9.974639	-72.432140	-57.474690	-11.470500	 6.714678	 9.278781	-0.525214	 0.082263	-19.395980	-0.175498	 3.199998	 2.722586	-1.449622	 90.226170	-87.340980	-5.394332	-81.108510	-179.603600	-1.815410	 92.746390	-0.813313	 0.122417	-8.559153	-71.049000	-39.601190	-30.582030	-38.404930	-40.382090	-10.061180	-8.304060	-26.004480	-31.334960	-10.691370	-3.746626	 48.966030	 2.466498	-1.146755	 52.417060	 2.496755	 0.970506	-44.985330	 1.279881	 2.524033	 39.246860	-0.240465	 3.157578	 21.355860	 2.912030	 4.309437	-70.731570	 46.629090	 23.013630	 13.671060	-6.713192	 19.237580	 16.775790	-5.952394	 19.309500	-85.927240	 23.041280	 12.962540	 25.542580	-3.797914	 9.422798	 21.176980	-0.479261	 10.052560	-70.641720	-36.663730	-2.660809	 27.728950	 15.931630	-0.540115	 0.138431	 17.265630	-0.376161	 3.458990	 0.000000	 90.000000	 0.000000	 167.933200	 12.903500	 161.115800	-165.194700	-8.862487	-19.504440
-0.031015	-0.104290	-0.021283	 174.607900	-3.709352	-87.919980	-19.990260	 1.815009	-0.094355	-17.245430	 4.606959	-0.202073	 2.400385	-9.727262	 109.813700	-0.813313	 0.122417	-8.559153	-51.063870	-31.626190	 12.089330	-14.819580	 28.431510	 1.132477	-11.140490	 30.127430	-46.338280	-5.458223	-2.009216	 9.958241	 2.503307	-1.126933	 4.530149	 3.269176	-0.634781	-79.898050	 3.842863	 3.122033	 11.951200	-0.275737	 3.148049	 9.063214	 2.902699	 4.346704	-70.190870	 37.148410	 19.701380	 15.051690	-6.822121	 19.211520	 10.843110	-5.638416	 19.245740	-70.204050	 18.389340	 10.358680	 21.419010	-3.898658	 9.395153	 9.482653	-0.473450	 9.974661	-72.431600	-57.474610	-11.470440	 6.715388	 9.278985	-0.525207	 0.082266	-19.395250	-0.175505	 3.200001	 2.728683	-1.396393	 90.237180	-87.198270	-5.401355	-80.550130	-179.596200	-1.893500	 92.324290	-0.813313	 0.122417	-8.559153	-72.829520	-39.050360	-32.359010	-35.815050	-41.210670	-9.467027	-9.722622	-26.227710	-31.403830	-10.683420	-3.740301	 48.907150	 2.466501	-1.146751	 52.411420	 2.496878	 0.970375	-44.988810	 1.240948	 2.494377	 39.251320	-0.240459	 3.157581	 21.358010	 2.910054	 4.317480	-70.614870	 46.426000	 22.948680	 13.743750	-6.713020	 19.237630	 16.785270	-5.946710	 19.307570	-85.632350	 22.931110	 12.900210	 25.526880	-3.797733	 9.422867	 21.198570	-0.479488	 10.055330	-70.577790	-36.666030	-2.660506	 27.733300	 15.917870	-0.540091	 0.138314	 17.253890	-0.376121	 3.458889	 0.000000	 90.000000	 0.000000	 167.946000	 12.896640	 160.863700	-165.169900	-8.921416	-19.684600
-0.030793	-0.105126	-0.021706	 174.630500	-3.696904	-87.898920	-20.017240	 1.849310	-0.088362	-17.271140	 4.683513	-0.194024	 2.434602	-9.866590	 109.796600	-0.813313	 0.122417	-8.559153	-50.854930	-31.735600	 12.165180	-15.467480	 28.478700	 1.113857	-10.987480	 30.270040	-45.984930	-5.458226	-2.009204	 9.958436	 2.503307	-1.126933	 4.530149	 3.269172	-0.634750	-79.897450	 3.842515	 3.121884	 11.951310	-0.275736	 3.148049	 9.063429	 2.902672	 4.346811	-70.189300	 37.148470	 19.701390	 15.052130	-6.822121	 19.211520	 10.843110	-5.638425	 19.245740	-70.204480	 18.389000	 10.358510	 21.420090	-3.898658	 9.395153	 9.482653	-0.473450	 9.974683	-72.431090	-57.474540	-11.470400	 6.716075	 9.279192	-0.525207	 0.082267	-19.394530	-0.175503	 3.200008	 2.735507	-1.353501	 90.248470	-87.055610	-5.411225	-80.090600	-179.588800	-1.977260	 91.894250	-0.813313	 0.122417	-8.559153	-74.476680	-38.512040	-33.929700	-33.174230	-41.953340	-8.817587	-11.021990	-26.435610	-31.417250	-10.675690	-3.734105	 48.852750	 2.466504	-1.146747	 52.405900	 2.497018	 0.970226	-44.992750	 1.210521	 2.471187	 39.254390	-0.240449	 3.157585	 21.361800	 2.908081	 4.325436	-70.499340	 46.315580	 22.912880	 13.777720	-6.712835	 19.237680	 16.795460	-5.942264	 19.306090	-85.401900	 22.871270	 12.865480	 25.500610	-3.797548	 9.422936	 21.220450	-0.479717	 10.058080	-70.514160	-36.668610	-2.660204	 27.737970	 15.902350	-0.540063	 0.138181	 17.240650	-0.376086	 3.458775	 0.000000	 90.000000	 0.000000	 167.949400	 12.888240	 160.624600	-165.163900	-8.972642	-19.863580
-0.030415	-0.106164	-0.022098	 174.638100	-3.670189	-87.865490	-20.056830	 1.894798	-0.074443	-17.308640	 4.814959	-0.179027	 2.476875	-10.039860	 109.772400	-0.813313	 0.122417	-8.559153	-50.578900	-31.859280	 12.256920	-16.060760	 28.551680	 1.070069	-10.880030	 30.494970	-45.612190	-5.458229	-2.009191	 9.958671	 2.503307	-1.126933	 4.530149	 3.269167	-0.634715	-79.896770	 3.842090	 3.121702	 11.951430	-0.275735	 3.148049	 9.063685	 2.902640	 4.346935	-70.187510	 37.148560	 19.701410	 15.052650	-6.822121	 19.211520	 10.843110	-5.638435	 19.245740	-70.205000	 18.388530	 10.358260	 21.421370	-3.898658	 9.395153	 9.482653	-0.473452	 9.974710	-72.430490	-57.474410	-11.470330	 6.716893	 9.279436	-0.525210	 0.082268	-19.393690	-0.175508	 3.200013	 2.744503	-1.313522	 90.262200	-86.900970	-5.434179	-79.627060	-179.580300	-2.082949	 91.414970	-0.813313	 0.122417	-8.559153	-76.297290	-37.867980	-35.586630	-30.002780	-42.703630	-7.980315	-12.272440	-26.692980	-31.302670	-10.666850	-3.726986	 48.794550	 2.466507	-1.146743	 52.400030	 2.497186	 0.970046	-44.997490	 1.183070	 2.450249	 39.256500	-0.240432	 3.157592	 21.368000	 2.905750	 4.334749	-70.364030	 46.255010	 22.892660	 13.788070	-6.712604	 19.237740	 16.808240	-5.938246	 19.304760	-85.194050	 22.838570	 12.845420	 25.463880	-3.797327	 9.423018	 21.246490	-0.479989	 10.061320	-70.439290	-36.671910	-2.659849	 27.743850	 15.882160	-0.540033	 0.138008	 17.223380	-0.376037	 3.458627	 0.000000	 90.000000	 0.000000	 167.947300	 12.877260	 160.356800	-165.182200	-9.021629	-20.078810
-0.030011	-0.107127	-0.022324	 174.621000	-3.638128	-87.832610	-20.097620	 1.945371	-0.054564	-17.346910	 4.971157	-0.161102	 2.514618	-10.195590	 109.748100	-0.813313	 0.122417	-8.559153	-50.491890	-31.940830	 12.262540	-16.125780	 28.613050	 1.031235	-10.902890	 30.658930	-45.461400	-5.458232	-2.009180	 9.958863	 2.503307	-1.126933	 4.530149	 3.269162	-0.634685	-79.896180	 3.841666	 3.121520	 11.951530	-0.275735	 3.148049	 9.063910	 2.902613	 4.347043	-70.185950	 37.148630	 19.701430	 15.053110	-6.822121	 19.211520	 10.843110	-5.638445	 19.245740	-70.205500	 18.388090	 10.358040	 21.422480	-3.898658	 9.395153	 9.482653	-0.473453	 9.974732	-72.429970	-57.474300	-11.470280	 6.717595	 9.279638	-0.525214	 0.082270	-19.392980	-0.175515	 3.200014	 2.753154	-1.286370	 90.274540	-86.808640	-5.452240	-79.259280	-179.572800	-2.180696	 91.070860	-0.813313	 0.122417	-8.559153	-77.802760	-37.277890	-36.900650	-27.226500	-43.316180	-7.203962	-13.116600	-27.015360	-31.105030	-10.659450	-3.720966	 48.749650	 2.466509	-1.146740	 52.395760	 2.497318	 0.969905	-45.001220	 1.164872	 2.436354	 39.257230	-0.240413	 3.157598	 21.374670	 2.903717	 4.342799	-70.247020	 46.226890	 22.882790	 13.785680	-6.712392	 19.237800	 16.819880	-5.935586	 19.303890	-85.056370	 22.823470	 12.835460	 25.432840	-3.797136	 9.423093	 21.269290	-0.480232	 10.064130	-70.374250	-36.675010	-2.659556	 27.749240	 15.863180	-0.539997	 0.137846	 17.207150	-0.375987	 3.458488	 0.000000	 90.000000	 0.000000	 167.944700	 12.867450	 160.135300	-165.222300	-9.052520	-20.274000
-0.029563	-0.108091	-0.022486	 174.586500	-3.603591	-87.797230	-20.143280	 2.005278	-0.028533	-17.389220	 5.148263	-0.139424	 2.552054	-10.351050	 109.721500	-0.813313	 0.122417	-8.559153	-50.509370	-32.014740	 12.216720	-16.146200	 28.669380	 1.007274	-10.920940	 30.772310	-45.352460	-5.458234	-2.009170	 9.959030	 2.503307	-1.126933	 4.530149	 3.269158	-0.634656	-79.895640	 3.841223	 3.121329	 11.951640	-0.275734	 3.148050	 9.064128	 2.902586	 4.347146	-70.184430	 37.148710	 19.701460	 15.053520	-6.822121	 19.211520	 10.843110	-5.638456	 19.245740	-70.206020	 18.387600	 10.357780	 21.423560	-3.898658	 9.395153	 9.482653	-0.473455	 9.974753	-72.429460	-57.474170	-11.470220	 6.718287	 9.279833	-0.525214	 0.082272	-19.392290	-0.175524	 3.200018	 2.762431	-1.265243	 90.287120	-86.746720	-5.446207	-78.898450	-179.565600	-2.282210	 90.762380	-0.813313	 0.122417	-8.559153	-79.214260	-36.621460	-38.098900	-24.498810	-43.923960	-6.391354	-13.837990	-27.481200	-30.891180	-10.652510	-3.715273	 48.711200	 2.466511	-1.146738	 52.392670	 2.497422	 0.969795	-45.004150	 1.150807	 2.425600	 39.257130	-0.240392	 3.157607	 21.382230	 2.901708	 4.350681	-70.132380	 46.190290	 22.870140	 13.785470	-6.712177	 19.237870	 16.831730	-5.933527	 19.303220	-84.949870	 22.803680	 12.823230	 25.408380	-3.796947	 9.423164	 21.291720	-0.480472	 10.066900	-70.310310	-36.678240	-2.659294	 27.754750	 15.843410	-0.539966	 0.137676	 17.190240	-0.375933	 3.458344	 0.000000	 90.000000	 0.000000	 167.936700	 12.860200	 159.938500	-165.276400	-9.072546	-20.464060
-0.028965	-0.109195	-0.022660	 174.533400	-3.564919	-87.752340	-20.204580	 2.090019	 0.010286	-17.445200	 5.370938	-0.108791	 2.596230	-10.535890	 109.686900	-0.813313	 0.122417	-8.559153	-50.617120	-32.116980	 12.115860	-16.430750	 28.730410	 1.002409	-10.839490	 30.840740	-45.158310	-5.458237	-2.009156	 9.959267	 2.503307	-1.126933	 4.530149	 3.269153	-0.634621	-79.894940	 3.840644	 3.121081	 11.951770	-0.275733	 3.148050	 9.064385	 2.902554	 4.347271	-70.182620	 37.148850	 19.701490	 15.054030	-6.822121	 19.211520	 10.843110	-5.638469	 19.245740	-70.206670	 18.386950	 10.357440	 21.424880	-3.898658	 9.395153	 9.482653	-0.473456	 9.974781	-72.428860	-57.474000	-11.470150	 6.719110	 9.280081	-0.525217	 0.082272	-19.391450	-0.175521	 3.200024	 2.774493	-1.245945	 90.302730	-86.700290	-5.413176	-78.503470	-179.557100	-2.410157	 90.387600	-0.813313	 0.122417	-8.559153	-80.805450	-35.692040	-39.428300	-21.267270	-44.574090	-5.358649	-14.680620	-28.161360	-30.671490	-10.644710	-3.708791	 48.673820	 2.466512	-1.146737	 52.390870	 2.497493	 0.969719	-45.006160	 1.137414	 2.415341	 39.256100	-0.240364	 3.157618	 21.392300	 2.899308	 4.360016	-69.996540	 46.101350	 22.840470	 13.801490	-6.711915	 19.237940	 16.846160	-5.931565	 19.302590	-84.848730	 22.755370	 12.795580	 25.393240	-3.796723	 9.423249	 21.318280	-0.480763	 10.070180	-70.234270	-36.682240	-2.658973	 27.761540	 15.818710	-0.539919	 0.137465	 17.169090	-0.375860	 3.458164	 0.000000	 90.000000	 0.000000	 167.909000	 12.860470	 159.744600	-165.344500	-9.085177	-20.670390
-0.028408	-0.110072	-0.022801	 174.493700	-3.537188	-87.714760	-20.261050	 2.171937	 0.048596	-17.495940	 5.549853	-0.079669	 2.631852	-10.686270	 109.655800	-0.813313	 0.122417	-8.559153	-50.740730	-32.232770	 12.010120	-16.829240	 28.777570	 1.002374	-10.702570	 30.880160	-44.939450	-5.458239	-2.009145	 9.959459	 2.503307	-1.126933	 4.530149	 3.269149	-0.634592	-79.894380	 3.840123	 3.120856	 11.951880	-0.275733	 3.148049	 9.064607	 2.902528	 4.347376	-70.181100	 37.148930	 19.701520	 15.054470	-6.822121	 19.211520	 10.843110	-5.638481	 19.245740	-70.207270	 18.386380	 10.357140	 21.425980	-3.898658	 9.395153	 9.482653	-0.473457	 9.974802	-72.428350	-57.473820	-11.470070	 6.719805	 9.280288	-0.525214	 0.082275	-19.390740	-0.175525	 3.200027	 2.785452	-1.233636	 90.316190	-86.677080	-5.369019	-78.253620	-179.550200	-2.522270	 90.089900	-0.813313	 0.122417	-8.559153	-82.085890	-34.809460	-40.492380	-18.631030	-45.043030	-4.486062	-15.472130	-28.774000	-30.571340	-10.638700	-3.703709	 48.650730	 2.466512	-1.146737	 52.391360	 2.497490	 0.969722	-45.006070	 1.127844	 2.407995	 39.254650	-0.240339	 3.157628	 21.401390	 2.897311	 4.367716	-69.884430	 45.990860	 22.803990	 13.828060	-6.711694	 19.238000	 16.858320	-5.930166	 19.302140	-84.776420	 22.695230	 12.762100	 25.393800	-3.796540	 9.423319	 21.340060	-0.481006	 10.072910	-70.171310	-36.685700	-2.658703	 27.767310	 15.797410	-0.539890	 0.137282	 17.150850	-0.375813	 3.458007	 0.000000	 90.000000	 0.000000	 167.874100	 12.870470	 159.608600	-165.404200	-9.087607	-20.830850
-0.027764	-0.111009	-0.022906	 174.445700	-3.497855	-87.673740	-20.323070	 2.265596	 0.092419	-17.550460	 5.769614	-0.046991	 2.675239	-10.867690	 109.624400	-0.813313	 0.122417	-8.559153	-50.860280	-32.397030	 11.899150	-17.333270	 28.823410	 0.990272	-10.515890	 30.941850	-44.672620	-5.458242	-2.009134	 9.959655	 2.503307	-1.126933	 4.530149	 3.269144	-0.634562	-79.893790	 3.839563	 3.120615	 11.952000	-0.275732	 3.148050	 9.064835	 2.902501	 4.347482	-70.179560	 37.149060	 19.701560	 15.054880	-6.822121	 19.211520	 10.843110	-5.638494	 19.245740	-70.207900	 18.385740	 10.356820	 21.427130	-3.898658	 9.395153	 9.482653	-0.473458	 9.974826	-72.427830	-57.473630	-11.470020	 6.720520	 9.280491	-0.525217	 0.082278	-19.390030	-0.175530	 3.200031	 2.797358	-1.223723	 90.330380	-86.657370	-5.308546	-78.041600	-179.542700	-2.645347	 89.840480	-0.813313	 0.122417	-8.559153	-83.362320	-33.343510	-41.604650	-15.311380	-45.511520	-3.276406	-16.613190	-29.851330	-30.499890	-10.633210	-3.698970	 48.636020	 2.466510	-1.146739	 52.394130	 2.497412	 0.969805	-45.003880	 1.118430	 2.400762	 39.252790	-0.240312	 3.157639	 21.411090	 2.895302	 4.375396	-69.772530	 45.856750	 22.759810	 13.862990	-6.711472	 19.238070	 16.870590	-5.928787	 19.301700	-84.705350	 22.622130	 12.721990	 25.406940	-3.796359	 9.423388	 21.361530	-0.481252	 10.075630	-70.108280	-36.689260	-2.658452	 27.773190	 15.775450	-0.539842	 0.137095	 17.132050	-0.375753	 3.457846	 0.000000	 90.000000	 0.000000	 167.831000	 12.891710	 159.486800	-165.468200	-9.085138	-20.987730
-0.026999	-0.112123	-0.023005	 174.365500	-3.430115	-87.622500	-20.394070	 2.377493	 0.144238	-17.611510	 6.095387	-0.008846	 2.737432	-11.123710	 109.593000	-0.813313	 0.122417	-8.559153	-50.965630	-32.589640	 11.782650	-17.948110	 28.881900	 0.968171	-10.277660	 31.029020	-44.355650	-5.458245	-2.009122	 9.959854	 2.503307	-1.126933	 4.530149	 3.269140	-0.634530	-79.893170	 3.838907	 3.120332	 11.952120	-0.275731	 3.148050	 9.065078	 2.902472	 4.347596	-70.177900	 37.149190	 19.701600	 15.055340	-6.822121	 19.211520	 10.843110	-5.638509	 19.245740	-70.208630	 18.385020	 10.356440	 21.428340	-3.898658	 9.395153	 9.482653	-0.473459	 9.974851	-72.427270	-57.473410	-11.469930	 6.721276	 9.280717	-0.525214	 0.082279	-19.389270	-0.175546	 3.200032	 2.811085	-1.235745	 90.346050	-86.665640	-5.232143	-77.841480	-179.534000	-2.792505	 89.602130	-0.813313	 0.122417	-8.559153	-84.833980	-31.036330	-43.042510	-10.622560	-45.970530	-1.658008	-18.309450	-31.458450	-30.635630	-10.628120	-3.694432	 48.631260	 2.466507	-1.146743	 52.400110	 2.497226	 0.970004	-44.998630	 1.107433	 2.392310	 39.250470	-0.240283	 3.157650	 21.421740	 2.893191	 4.383405	-69.655810	 45.702230	 22.708850	 13.904310	-6.711238	 19.238130	 16.883380	-5.927173	 19.301180	-84.622060	 22.537750	 12.676260	 25.435270	-3.796175	 9.423459	 21.383480	-0.481513	 10.078480	-70.042350	-36.693060	-2.658189	 27.779460	 15.751930	-0.539803	 0.136893	 17.111900	-0.375697	 3.457673	 0.000000	 90.000000	 0.000000	 167.779400	 12.925970	 159.366400	-165.540400	-9.078003	-21.154070
-0.026218	-0.113144	-0.023122	 174.292000	-3.361394	-87.574630	-20.460460	 2.486476	 0.193650	-17.667230	 6.413925	 0.027107	 2.798472	-11.373940	 109.566500	-0.813313	 0.122417	-8.559153	-51.040620	-32.709850	 11.679730	-18.538820	 28.951680	 0.960146	-10.044870	 31.088490	-44.070280	-5.458248	-2.009111	 9.960038	 2.503307	-1.126933	 4.530149	 3.269136	-0.634502	-79.892620	 3.838329	 3.120083	 11.952240	-0.275731	 3.148050	 9.065288	 2.902445	 4.347696	-70.176420	 37.149320	 19.701640	 15.055730	-6.822121	 19.211520	 10.843110	-5.638523	 19.245740	-70.209330	 18.384330	 10.356090	 21.429450	-3.898658	 9.395153	 9.482653	-0.473460	 9.974872	-72.426770	-57.473200	-11.469860	 6.721957	 9.280898	-0.525207	 0.082282	-19.388590	-0.175548	 3.200035	 2.824195	-1.286501	 90.360440	-86.729260	-5.162403	-77.693240	-179.526100	-2.933497	 89.388850	-0.813313	 0.122417	-8.559153	-84.985780	-27.302600	-43.957450	-6.468120	-46.168260	-0.057117	-20.510900	-34.483630	-30.892170	-10.624420	-3.690964	 48.637670	 2.466502	-1.146749	 52.408400	 2.496957	 0.970291	-44.991030	 1.095703	 2.383300	 39.248270	-0.240257	 3.157661	 21.431180	 2.891372	 4.390247	-69.556010	 45.567940	 22.664460	 13.939980	-6.711040	 19.238190	 16.894250	-5.925449	 19.300640	-84.533350	 22.464300	 12.636990	 25.472860	-3.796022	 9.423519	 21.401720	-0.481740	 10.080930	-69.985860	-36.696370	-2.657976	 27.784860	 15.731420	-0.539766	 0.136719	 17.094330	-0.375637	 3.457522	 0.000000	 90.000000	 0.000000	 167.731200	 12.964380	 159.261200	-165.607500	-9.068593	-21.304480
-0.025366	-0.114173	-0.023107	 174.234700	-3.295974	-87.527360	-20.530890	 2.607437	 0.246717	-17.724720	 6.744607	 0.065248	 2.862080	-11.634470	 109.540500	-0.813313	 0.122417	-8.559153	-51.148000	-32.813340	 11.555410	-19.145500	 29.036140	 0.960878	-9.801803	 31.137030	-43.789380	-5.458250	-2.009101	 9.960217	 2.503307	-1.126933	 4.530149	 3.269132	-0.634473	-79.892070	 3.837693	 3.119808	 11.952350	-0.275730	 3.148051	 9.065510	 2.902420	 4.347800	-70.174910	 37.149470	 19.701690	 15.056130	-6.822121	 19.211520	 10.843110	-5.638536	 19.245740	-70.210050	 18.383600	 10.355710	 21.430560	-3.898658	 9.395153	 9.482653	-0.473461	 9.974892	-72.426270	-57.472950	-11.469780	 6.722655	 9.281115	-0.525218	 0.082282	-19.387900	-0.175553	 3.200042	 2.838429	-1.370605	 90.375500	-86.834180	-5.090453	-77.566900	-179.517900	-3.084438	 89.187010	-0.813313	 0.122417	-8.559153	-83.781770	-22.430370	-43.790070	-3.246959	-46.070400	 1.225036	-22.617890	-39.212100	-32.180640	-10.621550	-3.688061	 48.655450	 2.466496	-1.146757	 52.420070	 2.496565	 0.970709	-44.979970	 1.080783	 2.371853	 39.246080	-0.240231	 3.157671	 21.440570	 2.889592	 4.396906	-69.458850	 45.445610	 22.623840	 13.971100	-6.710851	 19.238240	 16.904630	-5.923257	 19.299940	-84.420290	 22.397240	 12.601800	 25.523310	-3.795878	 9.423572	 21.418830	-0.481962	 10.083310	-69.930690	-36.699620	-2.657769	 27.790150	 15.711220	-0.539736	 0.136545	 17.077010	-0.375589	 3.457374	 0.000000	 90.000000	 0.000000	 167.682300	 13.009420	 159.148300	-165.678600	-9.056943	-21.464860
-0.024461	-0.115364	-0.023006	 174.188300	-3.225462	-87.474580	-20.616170	 2.762527	 0.311430	-17.792120	 7.166061	 0.111362	 2.940948	-11.957970	 109.508400	-0.813313	 0.122417	-8.559153	-51.424820	-32.974640	 11.338710	-19.810900	 29.146810	 0.969883	-9.529779	 31.185630	-43.490850	-5.458253	-2.009088	 9.960443	 2.503307	-1.126933	 4.530149	 3.269127	-0.634439	-79.891400	 3.836902	 3.119464	 11.952490	-0.275729	 3.148051	 9.065772	 2.902390	 4.347919	-70.173210	 37.149620	 19.701730	 15.056620	-6.822121	 19.211520	 10.843110	-5.638555	 19.245750	-70.210970	 18.382710	 10.355240	 21.431870	-3.898658	 9.395153	 9.482653	-0.473462	 9.974917	-72.425690	-57.472650	-11.469690	 6.723475	 9.281324	-0.525211	 0.082284	-19.387100	-0.175566	 3.200046	 2.856138	-1.501839	 90.393550	-86.988870	-5.005943	-77.445420	-179.507500	-3.266733	 89.038620	-0.813313	 0.122417	-8.559153	-83.541950	-19.592300	-43.674850	-1.560830	-45.519570	 1.643658	-23.749440	-41.714000	-33.180120	-10.619490	-3.685579	 48.691950	 2.466490	-1.146765	 52.431450	 2.496185	 0.971114	-44.969260	 1.066976	 2.361246	 39.243310	-0.240202	 3.157682	 21.451060	 2.888227	 4.401976	-69.384870	 45.373190	 22.599270	 13.981140	-6.710651	 19.238300	 16.915700	-5.921223	 19.299310	-84.315600	 22.357020	 12.581300	 25.568260	-3.795728	 9.423628	 21.436600	-0.482136	 10.085130	-69.888500	-36.703240	-2.657552	 27.795990	 15.688840	-0.539688	 0.136354	 17.057830	-0.375520	 3.457209	 0.000000	 90.000000	 0.000000	 167.628200	 13.067210	 158.999400	-165.765600	-9.041734	-21.667690
-0.023726	-0.116464	-0.022790	 174.153300	-3.151543	-87.428770	-20.691260	 2.905770	 0.368487	-17.849210	 7.551837	 0.151727	 3.011339	-12.249210	 109.474500	-0.813313	 0.122417	-8.559153	-51.741050	-33.125220	 11.113080	-20.173400	 29.248070	 0.975438	-9.401814	 31.245110	-43.237210	-5.458255	-2.009077	 9.960623	 2.503307	-1.126933	 4.530149	 3.269123	-0.634411	-79.890850	 3.836207	 3.119165	 11.952620	-0.275729	 3.148050	 9.065982	 2.902363	 4.348021	-70.171710	 37.149800	 19.701790	 15.057010	-6.822121	 19.211520	 10.843110	-5.638574	 19.245750	-70.211780	 18.381900	 10.354830	 21.433000	-3.898658	 9.395153	 9.482653	-0.473464	 9.974939	-72.425190	-57.472360	-11.469600	 6.724173	 9.281528	-0.525218	 0.082284	-19.386420	-0.175561	 3.200051	 2.872158	-1.634834	 90.409340	-87.131840	-4.933709	-77.359340	-179.498000	-3.424974	 88.968060	-0.813313	 0.122417	-8.559153	-83.701040	-18.673660	-43.330640	-1.332978	-45.009960	 1.752757	-23.979100	-42.568640	-33.299990	-10.616280	-3.681891	 48.738000	 2.466490	-1.146765	 52.431330	 2.496208	 0.971089	-44.969890	 1.068020	 2.361988	 39.240430	-0.240179	 3.157692	 21.459330	 2.888321	 4.401627	-69.389970	 45.379840	 22.600600	 13.964410	-6.710500	 19.238340	 16.924030	-5.921378	 19.299360	-84.323620	 22.360170	 12.582910	 25.564800	-3.795618	 9.423671	 21.449630	-0.482125	 10.085020	-69.891040	-36.706080	-2.657383	 27.800590	 15.671080	-0.539660	 0.136202	 17.042610	-0.375479	 3.457079	 0.000000	 90.000000	 0.000000	 167.587100	 13.119010	 158.848900	-165.843400	-9.028315	-21.859880
-0.023019	-0.117649	-0.022576	 174.109700	-3.065518	-87.380650	-20.768390	 3.058722	 0.426832	-17.905450	 7.958762	 0.192786	 3.084528	-12.553770	 109.436300	-0.813313	 0.122417	-8.559153	-52.083110	-33.266840	 10.869490	-20.355790	 29.351900	 0.978523	-9.378321	 31.330740	-43.058660	-5.458258	-2.009066	 9.960819	 2.503307	-1.126933	 4.530149	 3.269119	-0.634382	-79.890280	 3.835475	 3.118848	 11.952740	-0.275728	 3.148050	 9.066220	 2.902337	 4.348124	-70.170210	 37.149960	 19.701850	 15.057410	-6.822121	 19.211520	 10.843110	-5.638591	 19.245750	-70.212640	 18.381060	 10.354390	 21.434140	-3.898658	 9.395153	 9.482653	-0.473465	 9.974961	-72.424690	-57.472050	-11.469520	 6.724885	 9.281734	-0.525221	 0.082286	-19.385730	-0.175568	 3.200050	 2.889089	-1.781114	 90.425540	-87.269860	-4.861357	-77.285220	-179.488200	-3.583745	 88.930790	-0.813313	 0.122417	-8.559153	-84.091560	-18.228790	-43.176630	-0.984119	-44.579670	 1.779308	-23.995150	-42.850970	-33.475200	-10.611050	-3.676097	 48.799470	 2.466493	-1.146761	 52.425050	 2.496451	 0.970830	-44.976760	 1.077251	 2.368980	 39.237310	-0.240158	 3.157700	 21.466810	 2.889209	 4.398328	-69.438100	 45.410710	 22.609870	 13.939700	-6.710371	 19.238380	 16.931180	-5.922737	 19.299780	-84.393580	 22.377220	 12.591220	 25.536960	-3.795528	 9.423706	 21.460430	-0.482015	 10.083860	-69.917850	-36.708700	-2.657239	 27.804790	 15.654820	-0.539633	 0.136063	 17.028690	-0.375437	 3.456960	 0.000000	 90.000000	 0.000000	 167.547100	 13.173320	 158.672400	-165.924800	-9.014944	-22.072860
-0.022167	-0.119072	-0.022281	 174.057400	-2.956024	-87.324670	-20.856740	 3.240438	 0.493047	-17.966490	 8.434033	 0.239118	 3.169455	-12.908420	 109.391100	-0.813313	 0.122417	-8.559153	-52.708450	-33.527540	 10.484970	-19.905800	 29.468860	 0.955932	-9.429112	 31.449750	-43.015600	-5.458261	-2.009054	 9.961020	 2.503307	-1.126933	 4.530149	 3.269114	-0.634350	-79.889660	 3.834626	 3.118480	 11.952880	-0.275727	 3.148050	 9.066463	 2.902307	 4.348240	-70.168530	 37.150160	 19.701900	 15.057840	-6.822121	 19.211520	 10.843110	-5.638611	 19.245750	-70.213670	 18.380060	 10.353870	 21.435440	-3.898658	 9.395153	 9.482653	-0.473466	 9.974986	-72.424110	-57.471680	-11.469410	 6.725693	 9.281947	-0.525214	 0.082291	-19.384940	-0.175575	 3.200057	 2.909053	-1.952504	 90.444100	-87.459380	-4.790290	-77.216870	-179.477200	-3.758919	 88.906620	-0.813313	 0.122417	-8.559153	-85.138610	-18.503630	-43.042840	-0.785145	-43.912490	 1.745652	-23.535370	-42.292620	-33.245290	-10.609450	-3.673145	 48.888070	 2.466499	-1.146753	 52.414430	 2.496855	 0.970400	-44.988140	 1.092402	 2.380490	 39.233900	-0.240138	 3.157707	 21.473970	 2.890666	 4.392897	-69.517370	 45.495830	 22.636720	 13.894560	-6.710256	 19.238410	 16.937480	-5.924970	 19.300490	-84.508540	 22.424230	 12.615250	 25.486800	-3.795451	 9.423735	 21.469450	-0.481835	 10.081950	-69.962100	-36.711250	-2.657088	 27.808900	 15.638830	-0.539601	 0.135925	 17.014950	-0.375407	 3.456843	 0.000000	 90.000000	 0.000000	 167.493200	 13.238010	 158.451400	-166.019400	-8.999897	-22.330930
-0.021422	-0.120377	-0.022044	 174.024700	-2.854789	-87.277010	-20.934070	 3.404992	 0.550178	-18.016570	 8.855337	 0.278914	 3.244852	-13.223570	 109.352000	-0.813313	 0.122417	-8.559153	-53.467620	-33.846690	 10.050010	-19.693610	 29.560940	 0.948084	-9.614584	 31.576560	-42.952390	-5.458264	-2.009043	 9.961213	 2.503307	-1.126933	 4.530149	 3.269109	-0.634323	-79.889110	 3.833874	 3.118155	 11.953010	-0.275727	 3.148050	 9.066681	 2.902282	 4.348340	-70.167080	 37.150360	 19.701970	 15.058210	-6.822121	 19.211520	 10.843110	-5.638630	 19.245760	-70.214620	 18.379180	 10.353420	 21.436540	-3.898658	 9.395153	 9.482653	-0.473467	 9.975006	-72.423650	-57.471340	-11.469320	 6.726399	 9.282140	-0.525214	 0.082292	-19.384290	-0.175580	 3.200058	 2.927101	-2.099260	 90.460440	-87.691120	-4.715313	-77.171930	-179.464400	-3.951916	 88.914540	-0.813313	 0.122417	-8.559153	-85.966640	-18.784850	-42.818710	-0.780327	-43.089020	 1.723912	-22.994100	-41.582190	-33.117820	-10.617810	-3.679183	 48.982660	 2.466504	-1.146747	 52.405630	 2.497195	 0.970037	-44.997750	 1.105159	 2.390186	 39.231320	-0.240124	 3.157712	 21.478840	 2.891883	 4.388332	-69.583950	 45.576880	 22.662420	 13.854850	-6.710188	 19.238430	 16.941240	-5.926847	 19.301070	-84.605310	 22.468970	 12.638270	 25.443370	-3.795410	 9.423750	 21.474230	-0.481687	 10.080350	-69.999080	-36.713100	-2.656990	 27.811850	 15.627330	-0.539587	 0.135827	 17.005110	-0.375370	 3.456758	 0.000000	 90.000000	 0.000000	 167.439500	 13.294140	 158.244200	-166.103700	-8.986974	-22.567790
-0.020660	-0.121645	-0.021852	 173.993000	-2.755589	-87.231320	-21.009520	 3.570331	 0.604913	-18.061890	 9.268670	 0.316849	 3.319499	-13.534970	 109.316300	-0.813313	 0.122417	-8.559153	-53.981940	-34.035400	 9.716763	-19.896650	 29.636370	 0.961775	-9.765843	 31.671290	-42.831130	-5.458267	-2.009032	 9.961404	 2.503307	-1.126933	 4.530149	 3.269105	-0.634295	-79.888580	 3.833102	 3.117820	 11.953120	-0.275726	 3.148051	 9.066907	 2.902257	 4.348437	-70.165650	 37.150550	 19.702030	 15.058570	-6.822121	 19.211520	 10.843110	-5.638650	 19.245750	-70.215590	 18.378290	 10.352950	 21.437640	-3.898658	 9.395153	 9.482653	-0.473468	 9.975027	-72.423160	-57.470970	-11.469220	 6.727081	 9.282334	-0.525218	 0.082291	-19.383640	-0.175585	 3.200060	 2.945277	-2.233453	 90.476510	-87.915800	-4.586756	-77.134070	-179.446200	-4.218630	 88.959950	-0.813313	 0.122417	-8.559153	-86.861010	-19.234390	-42.606960	-0.816959	-42.512130	 1.700185	-22.486270	-40.932110	-33.047200	-10.640190	-3.697833	 49.091570	 2.466506	-1.146743	 52.400670	 2.497407	 0.969811	-45.003730	 1.113069	 2.396191	 39.229440	-0.240115	 3.157716	 21.482150	 2.892631	 4.385518	-69.624980	 45.628060	 22.678580	 13.829310	-6.710154	 19.238440	 16.943100	-5.928016	 19.301450	-84.665600	 22.497260	 12.652810	 25.416170	-3.795398	 9.423758	 21.475860	-0.481597	 10.079390	-70.021480	-36.714500	-2.656917	 27.814070	 15.618590	-0.539564	 0.135752	 16.997620	-0.375343	 3.456694	 0.000000	 90.000000	 0.000000	 167.382000	 13.346440	 158.032000	-166.187300	-8.974653	-22.807820
-0.019715	-0.123118	-0.021600	 173.966300	-2.631366	-87.180170	-21.097130	 3.768481	 0.666841	-18.115830	 9.748701	 0.359599	 3.407423	-13.901610	 109.276400	-0.813313	 0.122417	-8.559153	-54.337970	-34.132980	 9.428020	-20.291020	 29.703030	 0.985026	-9.757884	 31.698550	-42.576240	-5.458270	-2.009021	 9.961606	 2.503307	-1.126933	 4.530149	 3.269101	-0.634263	-79.887950	 3.832178	 3.117419	 11.953270	-0.275725	 3.148051	 9.067142	 2.902228	 4.348553	-70.163990	 37.150780	 19.702110	 15.058990	-6.822121	 19.211520	 10.843110	-5.638670	 19.245760	-70.216770	 18.377190	 10.352390	 21.438950	-3.898658	 9.395153	 9.482653	-0.473469	 9.975053	-72.422600	-57.470510	-11.469100	 6.727901	 9.282570	-0.525218	 0.082293	-19.382860	-0.175592	 3.200066	 2.967409	-2.398602	 90.495540	-88.176030	-4.387154	-77.092700	-179.418500	-4.579102	 89.127780	-0.813313	 0.122417	-8.559153	-88.069050	-19.967570	-42.238950	-0.831052	-41.686890	 1.660042	-21.896790	-39.985650	-32.609480	-10.691460	-3.742405	 49.241140	 2.466583	-1.146645	 52.261840	 2.502524	 0.964335	-45.148370	-0.227880	 1.385800	 47.050580	-0.202460	 3.178370	 35.957980	 2.506929	 5.334009	-55.147040	 40.248360	 20.951540	 25.661320	-6.489006	 19.327670	 29.650920	-5.605663	 19.244440	-68.589490	 19.818220	 11.336380	 36.488260	-3.688068	 9.480057	 34.978500	-0.630574	 10.722330	-54.767410	-36.715560	-2.656868	 27.815740	 15.611950	-0.539558	 0.135696	 16.991910	-0.375326	 3.456645	 0.000000	 90.000000	 0.000000	 167.310000	 13.403770	 157.775000	-166.286300	-8.960772	-23.096960
-0.018909	-0.124372	-0.021348	 173.958000	-2.514993	-87.139530	-21.170330	 3.939301	 0.716894	-18.170190	 10.147110	 0.393927	 3.481462	-14.212290	 109.239800	-0.813313	 0.122417	-8.559153	-54.505750	-34.155360	 9.237666	-20.869160	 29.735530	 1.014437	-9.633780	 31.665280	-42.289990	-5.458272	-2.009009	 9.961800	 2.503307	-1.126933	 4.530149	 3.269097	-0.634236	-79.887440	 3.831387	 3.117077	 11.953400	-0.275725	 3.148051	 9.067369	 2.902204	 4.348649	-70.162590	 37.151000	 19.702180	 15.059350	-6.822121	 19.211520	 10.843110	-5.638696	 19.245760	-70.217840	 18.376260	 10.351900	 21.440030	-3.898658	 9.395153	 9.482653	-0.473470	 9.975072	-72.422120	-57.470120	-11.469000	 6.728591	 9.282763	-0.525221	 0.082295	-19.382210	-0.175597	 3.200068	 2.987175	-2.577036	 90.512000	-88.462520	-4.205580	-77.061330	-179.391300	-4.881678	 89.384670	-0.813313	 0.122417	-8.559153	-89.109960	-20.672730	-41.771730	-0.799889	-40.893340	 1.625240	-21.505770	-39.179740	-31.923210	-10.780380	-3.821906	 49.386620	 2.466756	-1.146428	 51.951930	 2.514205	 0.951733	-45.480040	-2.679642	-1.360204	 61.556420	-0.150797	 3.238792	 62.945270	 1.209306	 6.725376	-28.046230	 32.226200	 15.521280	 46.695450	-6.153424	 19.606350	 53.399620	-5.010959	 19.368650	-38.485560	 15.838820	 7.766363	 56.807010	-3.535417	 9.643390	 60.141870	-1.338998	 11.725020	-26.252500	-36.715900	-2.656851	 27.816310	 15.609740	-0.539555	 0.135676	 16.990020	-0.375326	 3.456630	 0.000000	 90.000000	 0.000000	 167.246800	 13.448820	 157.553300	-166.370800	-8.949632	-23.346680
-0.018141	-0.125587	-0.021059	 173.943200	-2.401934	-87.101790	-21.244250	 4.108524	 0.763139	-18.230630	 10.525560	 0.425446	 3.553137	-14.515150	 109.201200	-0.813313	 0.122417	-8.559153	-54.618630	-34.162260	 9.069938	-21.522000	 29.742130	 1.043315	-9.456857	 31.602570	-42.002390	-5.458274	-2.008999	 9.961972	 2.503307	-1.126933	 4.530149	 3.269094	-0.634210	-79.886930	 3.830596	 3.116734	 11.953520	-0.275724	 3.148051	 9.067573	 2.902178	 4.348744	-70.161190	 37.151210	 19.702260	 15.059690	-6.822121	 19.211520	 10.843110	-5.638718	 19.245760	-70.218930	 18.375310	 10.351410	 21.441140	-3.898658	 9.395153	 9.482653	-0.473471	 9.975091	-72.421650	-57.469660	-11.468890	 6.729273	 9.282932	-0.525218	 0.082298	-19.381570	-0.175605	 3.200068	 3.007507	-2.780573	 90.528400	-88.774670	-4.028470	-77.028050	-179.355400	-5.248181	 89.733690	-0.813313	 0.122417	-8.559153	-89.972160	-21.351210	-41.093320	-0.795672	-39.794400	 1.597074	-21.687870	-38.126270	-31.371980	-10.915560	-3.944269	 49.547060	 2.466922	-1.146220	 51.655970	 2.526241	 0.938593	-45.823970	-4.596029	-4.197790	 68.841210	-0.136801	 3.276873	 76.630900	 0.333018	 7.162517	-14.202410	 29.922810	 12.500540	 56.907430	-6.036177	 19.792370	 65.535880	-4.752091	 19.541480	-22.941430	 14.479690	 5.606510	 66.995190	-3.489291	 9.746892	 72.877120	-1.867249	 12.070880	-11.786830	-34.420190	-2.112470	 26.678680	 31.567860	-0.548537	 0.274317	 31.266620	-0.403337	 3.582958	 0.000000	 90.000000	 0.000000	 167.184200	 13.489490	 157.335300	-166.454000	-8.939433	-23.593770
-0.017274	-0.126970	-0.020604	 173.909600	-2.276841	-87.062500	-21.339940	 4.306541	 0.812630	-18.308960	 10.944330	 0.458882	 3.634800	-14.863130	 109.152900	-0.813313	 0.122417	-8.559153	-54.775620	-34.201850	 8.858602	-22.205720	 29.713300	 1.064784	-9.246892	 31.517330	-41.732560	-5.458277	-2.008987	 9.962171	 2.503307	-1.126933	 4.530149	 3.269089	-0.634179	-79.886330	 3.829613	 3.116308	 11.953680	-0.275723	 3.148051	 9.067816	 2.902150	 4.348855	-70.159580	 37.151490	 19.702350	 15.060090	-6.822121	 19.211520	 10.843110	-5.638747	 19.245760	-70.220260	 18.374160	 10.350820	 21.442420	-3.898658	 9.395153	 9.482653	-0.473473	 9.975114	-72.421110	-57.469140	-11.468760	 6.730092	 9.283148	-0.525225	 0.082299	-19.380820	-0.175610	 3.200076	 3.032314	-3.044655	 90.547870	-89.137730	-3.838918	-76.979260	-179.292500	-5.814723	 90.358380	-0.813313	 0.122417	-8.559153	-90.934340	-22.248400	-39.907040	-0.829178	-37.761630	 1.562729	-22.349920	-36.264930	-30.790050	-11.092600	-4.098914	 50.466040	 2.466264	-1.147055	 52.840320	 2.494877	 0.972507	-44.932370	-5.604136	-6.453141	 76.025160	-0.132223	 3.316703	 90.156890	-0.346802	 7.340702	-4.285088	 28.495410	 9.454251	 66.759780	-5.964094	 19.993000	 77.430430	-4.555394	 19.767630	-7.732619	 12.910060	 3.485216	 68.757760	-3.469374	 9.838791	 83.459760	-2.453027	 12.273450	 2.355802	-31.044450	-1.392930	 24.997500	 54.825600	-0.493263	 0.468342	 52.108010	-0.386741	 3.770574	 0.000000	 90.000000	 0.000000	 167.112700	 13.532030	 157.084600	-166.550800	-8.928700	-23.881540
-0.016528	-0.128128	-0.020201	 173.898100	-2.179407	-87.033100	-21.427800	 4.474808	 0.843947	-18.380040	 11.331170	 0.477296	 3.701680	-15.150960	 109.109000	-0.813313	 0.122417	-8.559153	-55.537930	-34.449140	 8.394613	-21.929090	 29.744340	 1.072695	-9.385908	 31.543850	-41.759170	-5.458280	-2.008976	 9.962357	 2.503307	-1.126933	 4.530149	 3.269085	-0.634152	-79.885800	 3.828784	 3.115948	 11.953800	-0.275723	 3.148052	 9.068036	 2.902126	 4.348950	-70.158190	 37.151730	 19.702430	 15.060410	-6.822121	 19.211520	 10.843110	-5.638772	 19.245760	-70.221470	 18.373170	 10.350300	 21.443510	-3.898658	 9.395153	 9.482653	-0.473474	 9.975136	-72.420650	-57.468660	-11.468650	 6.730783	 9.283344	-0.525225	 0.082299	-19.380190	-0.175609	 3.200078	 3.054229	-3.283026	 90.564580	-89.446760	-3.713133	-76.926590	-179.221100	-6.399897	 90.998760	-0.813313	 0.122417	-8.559153	-91.802240	-23.028250	-38.815560	-0.873733	-35.724520	 1.533629	-23.422650	-34.313640	-30.617210	-12.513150	-5.568224	 59.776730	 2.460224	-1.157070	 65.898420	 2.106690	 1.319103	-34.873530	-6.149209	-8.335618	 82.242710	-0.135915	 3.351287	 101.884800	-0.455777	 7.357947	-2.730382	 27.773810	 6.756051	 75.101670	-5.938628	 20.169570	 87.445260	-4.444783	 19.986630	 4.886679	 11.467600	 1.663343	 68.785670	-3.466001	 9.883683	 88.524560	-2.972801	 12.330970	 14.254320	-28.238500	-0.866841	 23.596640	 70.052150	-0.416927	 0.576770	 69.306110	-0.323232	 3.912724	 0.000000	 90.000000	 0.000000	 167.055200	 13.563350	 156.879100	-166.630400	-8.916067	-24.122070
-0.015739	-0.129273	-0.019648	 173.928700	-2.084067	-87.019650	-21.522620	 4.647245	 0.859131	-18.455250	 11.823350	 0.479358	 3.765227	-15.428460	 109.060800	-0.813313	 0.122417	-8.559153	-56.818860	-34.764050	 7.665859	-20.561720	 29.797820	 1.082128	-9.689939	 31.534160	-42.029690	-5.458282	-2.008965	 9.962549	 2.503307	-1.126933	 4.530149	 3.269081	-0.634126	-79.885280	 3.827915	 3.115572	 11.953920	-0.275722	 3.148051	 9.068259	 2.902101	 4.349047	-70.156780	 37.152000	 19.702520	 15.060760	-6.822121	 19.211520	 10.843110	-5.638796	 19.245770	-70.222760	 18.372130	 10.349760	 21.444620	-3.898658	 9.395153	 9.482653	-0.473474	 9.975157	-72.420160	-57.468120	-11.468520	 6.731493	 9.283535	-0.525225	 0.082301	-19.379540	-0.175621	 3.200081	 3.077434	-3.532355	 90.581790	-89.801620	-3.644905	-76.861680	-179.123200	-7.109705	 91.825140	-0.813313	 0.122417	-8.559153	-92.537020	-24.009720	-37.233100	-0.942434	-33.723040	 1.519557	-23.928340	-32.761160	-29.991270	-13.360340	-6.721820	 66.164410	 2.457457	-1.164644	 74.891580	 1.807106	 1.515648	-27.951270	-6.446024	-10.221510	 88.611050	-0.146906	 3.385158	 113.891700	-0.271106	 7.326945	-5.369242	 27.540520	 4.067865	 83.503650	-5.946108	 20.346410	 97.403850	-4.388308	 20.217950	 17.255310	 9.999065	-0.205512	 68.829640	-3.465774	 9.900039	 90.364680	-3.489849	 12.283270	 26.067250	-25.349550	-0.392144	 22.154700	 82.045330	-0.338313	 0.645702	 86.912370	-0.217683	 4.032125	 0.000000	 90.000000	 0.000000	 167.001400	 13.590380	 156.679400	-166.707000	-8.893428	-24.361630
-0.015096	-0.130732	-0.018991	 173.976400	-1.968582	-87.033160	-21.631770	 4.833562	 0.861962	-18.540210	 12.434550	 0.468136	 3.831231	-15.720720	 109.004500	-0.813313	 0.122417	-8.559153	-59.059060	-35.276070	 6.414362	-18.451840	 29.744450	 1.102588	-10.246530	 31.397960	-42.794420	-5.458285	-2.008953	 9.962749	 2.503307	-1.126933	 4.530149	 3.269077	-0.634096	-79.884690	 3.826932	 3.115146	 11.954080	-0.275721	 3.148052	 9.068480	 2.902074	 4.349154	-70.155230	 37.152320	 19.702630	 15.061110	-6.822121	 19.211520	 10.843110	-5.638827	 19.245760	-70.224270	 18.370970	 10.349160	 21.445850	-3.898658	 9.395153	 9.482653	-0.473476	 9.975180	-72.419640	-57.467510	-11.468390	 6.732292	 9.283741	-0.525218	 0.082305	-19.378830	-0.175615	 3.200088	 3.103710	-3.801945	 90.600800	-90.219110	-3.687936	-76.713040	-179.006100	-7.817060	 92.821370	-0.813313	 0.122417	-8.559153	-92.780680	-24.934760	-35.067990	-1.065929	-31.736380	 1.536630	-23.419450	-32.099550	-27.856040	-13.620740	-7.099780	 67.496540	 2.457017	-1.166335	 76.839450	 1.739816	 1.553043	-26.464720	-6.472169	-12.194630	 95.627800	-0.166810	 3.418825	 127.080700	 0.038817	 7.255021	-9.854210	 27.843580	 1.324775	 92.629760	-5.989672	 20.529850	 107.991900	-4.387101	 20.465680	 30.189450	 8.385645	-2.259850	 68.822720	-3.465835	 9.890852	 89.331290	-4.015038	 12.120770	 38.599160	-22.160440	 0.054692	 20.567150	 91.282020	-0.268958	 0.686761	 106.251100	-0.066287	 4.119716	 0.000000	 90.000000	 0.000000	 166.957900	 13.617130	 156.428600	-166.788300	-8.863681	-24.661870
-0.014708	-0.132248	-0.018365	 173.941100	-1.865203	-87.061230	-21.736390	 4.999404	 0.857709	-18.620420	 13.021220	 0.451601	 3.881801	-15.952420	 108.947900	-0.813313	 0.122417	-8.559153	-61.334900	-35.613870	 5.100844	-16.096260	 29.703200	 1.119716	-10.751400	 31.159290	-43.625900	-5.458289	-2.008942	 9.962948	 2.503307	-1.126933	 4.530149	 3.269073	-0.634068	-79.884160	 3.825987	 3.114736	 11.954210	-0.275721	 3.148052	 9.068722	 2.902049	 4.349252	-70.153790	 37.152620	 19.702740	 15.061430	-6.822121	 19.211520	 10.843110	-5.638857	 19.245770	-70.225720	 18.369850	 10.348580	 21.447010	-3.898658	 9.395153	 9.482653	-0.473476	 9.975201	-72.419160	-57.466900	-11.468250	 6.733028	 9.283943	-0.525218	 0.082307	-19.378150	-0.175631	 3.200089	 3.128537	-4.036117	 90.618320	-90.615710	-3.842787	-76.444940	-178.851900	-8.617972	 94.052770	-0.813313	 0.122417	-8.559153	-92.891660	-25.657760	-33.078950	-1.194602	-29.880580	 1.559618	-21.813460	-31.925550	-24.583150	-13.852570	-7.475955	 69.178680	 2.456553	-1.168440	 79.240230	 1.654893	 1.597054	-24.617650	-6.228110	-13.878520	 102.139800	-0.191577	 3.445126	 139.255200	 0.188662	 7.210955	-12.055850	 28.600880	-0.903322	 101.007900	-6.058278	 20.684430	 117.431300	-4.434687	 20.677710	 41.511810	 6.892451	-4.156329	 68.764820	-3.466922	 9.864858	 86.404590	-4.442009	 11.885400	 49.742350	-19.205190	 0.398325	 19.103690	 96.412930	-0.227873	 0.704589	 124.101300	 0.092054	 4.151803	 0.000000	 90.000000	 0.000000	 166.945000	 13.640140	 156.129300	-166.863600	-8.837308	-25.009690
-0.014537	-0.133722	-0.017842	 173.851200	-1.783588	-87.086530	-21.825160	 5.129426	 0.853679	-18.687920	 13.489970	 0.438193	 3.908172	-16.085700	 108.895700	-0.813313	 0.122417	-8.559153	-65.654810	-35.576470	 2.470554	-10.638360	 29.593270	 1.067681	-11.662070	 30.183330	-44.898220	-5.458290	-2.008933	 9.963104	 2.503307	-1.126933	 4.530149	 3.269070	-0.634046	-79.883730	 3.825216	 3.114401	 11.954330	-0.275720	 3.148052	 9.068905	 2.902028	 4.349334	-70.152610	 37.152870	 19.702830	 15.061700	-6.822121	 19.211520	 10.843110	-5.638881	 19.245770	-70.226980	 18.368930	 10.348110	 21.447960	-3.898658	 9.395153	 9.482653	-0.473477	 9.975218	-72.418770	-57.466380	-11.468130	 6.733656	 9.284116	-0.525225	 0.082308	-19.377610	-0.175632	 3.200093	 3.149382	-4.210948	 90.632730	-90.947070	-4.008430	-76.160700	-178.692700	-9.363740	 95.193450	-0.813313	 0.122417	-8.559153	-92.788910	-26.156350	-31.351250	-1.320844	-27.685900	 1.570462	-20.243430	-31.029120	-22.609000	-13.889760	-7.535003	 69.386530	 2.456501	-1.168705	 79.541570	 1.644036	 1.602433	-24.383670	-5.843968	-15.139580	 107.551600	-0.215860	 3.462514	 149.310600	 0.188712	 7.210938	-12.056590	 29.533900	-2.453858	 107.922200	-6.132083	 20.799050	 124.980200	-4.502777	 20.835490	 50.409050	 5.653841	-5.721992	 68.679370	-3.469651	 9.836531	 83.203590	-4.744250	 11.642190	 58.631270	-16.758180	 0.632925	 17.899910	 98.390530	-0.211624	 0.710461	 138.844200	 0.225188	 4.140534	 0.000000	 90.000000	 0.000000	 166.952200	 13.654580	 155.867300	-166.944900	-8.804896	-25.313800
-0.014267	-0.135514	-0.017117	 173.763700	-1.693671	-87.122260	-21.938670	 5.279884	 0.854056	-18.773600	 13.925810	 0.427849	 3.931850	-16.217890	 108.826300	-0.813313	 0.122417	-8.559153	-70.120110	-33.066400	-0.548895	-6.439211	 29.357380	 1.190704	-13.178330	 27.445210	-47.213120	-5.458292	-2.008922	 9.963293	 2.503307	-1.126933	 4.530149	 3.269066	-0.634018	-79.883180	 3.824233	 3.113974	 11.954470	-0.275719	 3.148052	 9.069141	 2.902002	 4.349436	-70.151120	 37.153210	 19.702940	 15.062040	-6.822121	 19.211520	 10.843110	-5.638917	 19.245770	-70.228630	 18.367750	 10.347500	 21.449150	-3.898658	 9.395153	 9.482653	-0.473479	 9.975239	-72.418250	-57.465680	-11.467970	 6.734420	 9.284307	-0.525225	 0.082308	-19.376930	-0.175633	 3.200096	 3.175679	-4.395223	 90.650570	-91.361470	-4.199527	-75.768210	-178.461200	-10.368520	 96.631910	-0.813313	 0.122417	-8.559153	-92.440370	-26.704100	-28.840410	-1.526199	-23.726380	 1.576694	-18.043010	-28.863540	-20.231600	-13.964290	-7.660572	 69.912540	 2.456377	-1.169372	 80.297810	 1.617046	 1.615567	-23.804050	-5.151289	-16.516120	 114.370100	-0.249898	 3.477883	 161.890000	 0.188712	 7.210938	-12.056590	 31.032230	-3.944451	 116.588100	-6.241739	 20.923850	 134.100900	-4.615995	 21.006750	 60.950600	 4.094379	-7.678676	 68.523940	-3.475528	 9.800308	 79.077410	-5.052091	 11.292420	 69.342460	-13.691870	 0.864956	 16.404780	 98.256520	-0.212732	 0.710085	 157.287600	 0.380523	 4.079550	 0.000000	 90.000000	 0.000000	 166.975000	 13.664920	 155.568800	-167.063900	-8.749957	-25.664130
-0.013884	-0.137076	-0.016063	 173.724100	-1.567386	-87.155530	-22.038150	 5.388502	 0.886523	-18.852500	 14.178050	 0.450288	 3.941820	-16.291730	 108.763900	-0.813313	 0.122417	-8.559153	-71.992710	-30.397490	-1.765505	-4.935232	 29.199120	 1.278232	-13.735050	 24.779140	-48.351220	-5.458294	-2.008912	 9.963454	 2.503307	-1.126933	 4.530149	 3.269062	-0.633994	-79.882710	 3.823402	 3.113615	 11.954600	-0.275719	 3.148052	 9.069331	 2.901980	 4.349522	-70.149880	 37.153510	 19.703040	 15.062320	-6.822121	 19.211520	 10.843110	-5.638944	 19.245780	-70.230090	 18.366750	 10.346980	 21.450150	-3.898658	 9.395153	 9.482653	-0.473479	 9.975258	-72.417850	-57.465050	-11.467840	 6.735082	 9.284476	-0.525225	 0.082311	-19.376350	-0.175638	 3.200101	 3.197733	-4.493171	 90.665300	-91.707410	-4.288229	-75.442270	-178.225600	-11.243320	 98.031840	-0.813313	 0.122417	-8.559153	-91.815500	-27.167020	-26.446690	-1.711029	-20.029120	 1.579694	-17.371780	-26.432840	-19.177900	-13.969720	-7.669250	 69.940640	 2.456370	-1.169411	 80.341940	 1.615541	 1.616289	-23.771830	-4.405750	-17.475960	 120.163700	-0.280648	 3.484825	 172.499300	 0.188712	 7.210938	-12.056590	 32.521130	-4.753851	 123.919700	-6.345490	 21.012150	 141.507800	-4.728684	 21.127070	 69.323670	 2.767817	-9.326354	 68.350170	-3.481020	 9.775990	 76.275550	-5.249307	 10.971480	 78.017010	-11.103500	 1.008809	 15.156670	 96.134000	-0.230141	 0.703714	 172.842800	 0.490909	 3.991954	 0.000000	 90.000000	 0.000000	 167.001400	 13.671250	 155.374900	-167.166600	-8.696082	-25.906270
-0.013359	-0.138980	-0.014703	 173.644500	-1.366958	-87.159440	-22.141730	 5.457541	 0.972906	-18.942640	 14.409300	 0.523726	 3.937415	-16.310320	 108.697100	-0.813313	 0.122417	-8.559153	-73.537890	-29.076580	-2.770639	-4.110535	 29.156790	 1.244467	-14.167690	 23.373640	-48.659560	-5.458298	-2.008902	 9.963638	 2.503307	-1.126933	 4.530149	 3.269059	-0.633971	-79.882260	 3.822555	 3.113246	 11.954710	-0.275718	 3.148052	 9.069535	 2.901958	 4.349608	-70.148620	 37.153850	 19.703160	 15.062570	-6.822121	 19.211520	 10.843110	-5.638978	 19.245780	-70.231610	 18.365740	 10.346450	 21.451150	-3.898658	 9.395153	 9.482653	-0.473481	 9.975275	-72.417400	-57.464410	-11.467700	 6.735750	 9.284652	-0.525225	 0.082312	-19.375780	-0.175645	 3.200102	 3.219237	-4.519573	 90.679530	-92.045340	-4.221114	-75.157140	-177.978700	-12.108300	 99.325260	-0.813313	 0.122417	-8.559153	-90.917530	-27.715620	-23.904320	-1.870525	-17.229020	 1.594153	-17.660630	-24.579100	-18.824550	-13.999400	-7.720011	 70.151940	 2.456331	-1.169629	 80.587690	 1.604671	 1.621476	-23.539230	-3.543412	-18.224510	 125.957200	-0.311955	 3.486008	-176.958100	 0.188712	 7.210938	-12.056590	 34.138920	-5.103900	 131.225600	-6.455523	 21.084310	 148.603300	-4.850239	 21.224700	 77.167230	 1.436837	-10.960450	 68.138030	-3.484194	 9.764024	 74.884680	-5.389630	 10.640430	 86.306500	-8.531223	 1.106266	 13.931280	 92.447510	-0.259772	 0.691131	-171.699300	 0.573342	 3.878742	 0.000000	 90.000000	 0.000000	 167.035100	 13.681110	 155.226900	-167.304600	-8.624080	-26.116710
-0.012469	-0.141126	-0.012927	 173.543100	-1.094203	-87.116910	-22.264130	 5.472851	 1.124315	-19.055690	 14.527170	 0.657146	 3.919732	-16.283260	 108.615600	-0.813313	 0.122417	-8.559153	-74.758900	-28.134610	-3.585959	-3.598835	 29.139510	 1.206867	-14.227200	 22.311130	-49.060770	-5.458300	-2.008892	 9.963819	 2.503307	-1.126933	 4.530149	 3.269055	-0.633943	-79.881720	 3.821572	 3.112820	 11.954860	-0.275718	 3.148053	 9.069772	 2.901933	 4.349706	-70.147200	 37.154240	 19.703300	 15.062860	-6.822121	 19.211520	 10.843110	-5.639013	 19.245780	-70.233450	 18.364560	 10.345840	 21.452330	-3.898658	 9.395153	 9.482653	-0.473482	 9.975299	-72.416910	-57.463610	-11.467530	 6.736537	 9.284843	-0.525232	 0.082311	-19.375110	-0.175653	 3.200104	 3.243734	-4.483352	 90.695470	-92.434520	-3.969122	-75.317500	-177.699700	-13.063010	 100.577200	-0.813313	 0.122417	-8.559153	-90.129020	-28.637600	-21.163250	-1.990223	-15.353510	 1.611506	-17.468380	-23.375050	-19.007040	-14.034190	-7.780111	 70.402060	 2.456311	-1.169742	 80.716450	 1.591776	 1.627559	-23.263900	-2.433141	-18.809740	 132.684300	-0.347653	 3.480243	-164.783200	 0.188712	 7.210938	-12.056590	 36.085570	-4.895061	 139.679200	-6.587467	 21.148710	 156.461400	-4.995948	 21.311500	 85.623800	-0.119274	-12.842470	 67.842810	-3.484296	 9.763653	 74.841640	-5.486372	 10.255470	 95.463480	-5.562704	 1.164482	 12.538400	 86.561100	-0.305236	 0.667174	-153.847900	 0.627021	 3.726357	 0.000000	 90.000000	 0.000000	 167.081900	 13.693130	 155.088900	-167.501000	-8.525970	-26.334530
-0.011528	-0.142906	-0.011430	 173.454400	-0.856149	-87.057980	-22.370460	 5.452907	 1.286762	-19.157240	 14.554290	 0.801923	 3.891171	-16.208230	 108.540800	-0.813313	 0.122417	-8.559153	-75.427830	-27.835580	-4.058421	-3.498899	 29.141360	 1.208347	-14.309030	 21.949750	-49.118240	-5.458302	-2.008881	 9.964000	 2.503307	-1.126933	 4.530149	 3.269052	-0.633920	-79.881270	 3.820724	 3.112453	 11.954980	-0.275717	 3.148052	 9.069975	 2.901912	 4.349792	-70.145960	 37.154570	 19.703420	 15.063130	-6.822121	 19.211520	 10.843110	-5.639051	 19.245780	-70.235110	 18.363520	 10.345310	 21.453330	-3.898658	 9.395153	 9.482653	-0.473483	 9.975315	-72.416500	-57.462890	-11.467370	 6.737206	 9.285027	-0.525222	 0.082315	-19.374540	-0.175653	 3.200106	 3.264920	-4.413962	 90.708980	-92.783370	-3.512032	-75.975650	-177.471400	-13.815770	 101.494300	-0.813313	 0.122417	-8.559153	-89.820110	-29.429780	-19.417790	-2.042352	-14.857740	 1.627555	-17.140210	-23.038060	-20.150170	-14.064110	-7.832294	 70.619010	 2.456311	-1.169749	 80.723370	 1.580567	 1.632786	-23.025090	-1.404850	-19.057250	 138.550900	-0.377085	 3.469220	-154.204500	 0.188712	 7.210938	-12.056590	 37.755440	-4.146142	 147.027500	-6.703433	 21.188990	 162.990100	-5.122374	 21.366290	 92.440400	-1.490817	-14.472310	 67.541320	-3.484296	 9.763653	 74.841640	-5.518466	 9.927844	 103.052800	-2.986861	 1.169865	 11.350530	 80.338910	-0.350350	 0.636917	-138.336600	 0.633701	 3.585993	 0.000000	 90.000000	 0.000000	 167.128300	 13.700500	 154.976100	-167.696500	-8.435247	-26.513360
-0.010537	-0.144980	-0.010052	 173.375000	-0.608672	-86.988650	-22.470230	 5.426657	 1.456234	-19.253590	 14.568480	 0.953332	 3.857202	-16.119270	 108.450200	-0.813313	 0.122417	-8.559153	-75.859000	-27.573700	-4.372816	-3.321890	 29.064660	 1.184197	-14.350890	 21.568210	-49.095080	-5.458304	-2.008872	 9.964158	 2.503307	-1.126933	 4.530149	 3.269048	-0.633896	-79.880820	 3.819894	 3.112092	 11.955100	-0.275716	 3.148052	 9.070168	 2.901890	 4.349874	-70.144740	 37.154930	 19.703540	 15.063360	-6.822121	 19.211520	 10.843110	-5.639084	 19.245780	-70.236790	 18.362520	 10.344790	 21.454290	-3.898658	 9.395153	 9.482653	-0.473482	 9.975334	-72.416110	-57.462150	-11.467230	 6.737864	 9.285192	-0.525222	 0.082318	-19.373990	-0.175659	 3.200110	 3.285354	-4.333379	 90.721660	-93.103290	-3.003813	-76.788170	-177.289700	-14.421460	 102.131200	-0.813313	 0.122417	-8.559153	-89.603180	-30.022360	-18.172940	-2.073187	-14.874320	 1.645144	-17.194190	-23.032300	-21.508200	-14.092500	-7.882257	 70.826550	 2.456318	-1.169706	 80.675580	 1.569824	 1.637741	-22.796630	-0.398321	-19.054430	 144.179700	-0.402928	 3.453765	-144.067700	 0.188712	 7.210938	-12.056590	 39.253270	-2.913131	 154.062800	-6.813507	 21.214890	 168.979200	-5.239963	 21.402950	 98.501850	-2.824602	-16.028390	 67.211920	-3.484296	 9.763653	 74.841640	-5.509066	 9.626345	 110.000300	-0.523088	 1.137583	 10.234370	 73.701890	-0.394558	 0.599469	-123.473100	 0.604636	 3.454477	 0.000000	 90.000000	 0.000000	 167.192500	 13.709220	 154.749400	-167.909700	-8.370038	-26.779380
-0.009262	-0.148373	-0.008368	 173.332400	-0.193837	-86.898090	-22.582460	 5.416666	 1.655281	-19.361290	 14.643830	 1.130696	 3.815377	-16.032540	 108.294800	-0.813313	 0.122417	-8.559153	-76.190010	-27.379100	-4.634706	-3.082858	 28.979810	 1.136502	-14.372650	 21.248870	-48.989210	-5.458307	-2.008861	 9.964353	 2.503307	-1.126933	 4.530149	 3.269044	-0.633871	-79.880330	 3.818910	 3.111666	 11.955250	-0.275716	 3.148052	 9.070402	 2.901866	 4.349970	-70.143350	 37.155380	 19.703700	 15.063620	-6.822121	 19.211520	 10.843110	-5.639127	 19.245790	-70.238850	 18.361350	 10.344180	 21.455430	-3.898658	 9.395153	 9.482653	-0.473485	 9.975354	-72.415610	-57.461240	-11.467040	 6.738647	 9.285382	-0.525229	 0.082317	-19.373350	-0.175664	 3.200113	 3.309851	-4.246587	 90.736370	-93.449260	-2.500407	-78.007760	-177.156000	-14.830550	 102.618700	-0.813313	 0.122417	-8.559153	-89.396420	-30.393240	-17.214070	-2.102598	-15.505110	 1.678990	-17.805960	-23.645100	-22.642060	-14.125610	-7.941075	 71.070560	 2.456329	-1.169641	 80.601620	 1.557167	 1.643514	-22.527990	 0.768087	-18.739150	 150.803600	-0.429301	 3.430092	-132.127100	 0.188712	 7.210938	-12.056590	 40.779210	-0.800994	 162.339600	-6.939546	 21.231020	 175.691500	-5.370750	 21.429300	 105.043300	-4.423622	-17.853050	 66.771260	-3.484296	 9.763653	 74.841640	-5.454826	 9.292999	 117.770300	 2.372024	 1.055270	 8.950207	 65.434740	-0.443087	 0.546086	-105.964600	 0.528652	 3.315396	 0.000000	 90.000000	 0.000000	 167.291200	 13.716540	 154.306000	-168.189300	-8.342509	-27.230870
-0.008115	-0.151661	-0.006943	 173.397000	 0.207857	-86.839810	-22.667080	 5.436706	 1.801206	-19.441500	 14.840850	 1.260277	 3.792855	-16.021800	 108.144100	-0.813313	 0.122417	-8.559153	-76.411220	-27.164330	-4.820113	-2.901949	 29.030820	 1.099452	-14.371570	 21.060530	-48.902570	-5.458309	-2.008852	 9.964501	 2.503307	-1.126933	 4.530149	 3.269042	-0.633850	-79.879910	 3.818121	 3.111323	 11.955360	-0.275715	 3.148052	 9.070588	 2.901845	 4.350048	-70.142220	 37.155740	 19.703820	 15.063840	-6.822121	 19.211520	 10.843110	-5.639162	 19.245790	-70.240600	 18.360380	 10.343680	 21.456340	-3.898658	 9.395153	 9.482653	-0.473486	 9.975370	-72.415250	-57.460460	-11.466880	 6.739283	 9.285532	-0.525218	 0.082320	-19.372830	-0.175665	 3.200114	 3.330365	-4.204320	 90.748160	-93.685400	-2.392437	-78.715230	-177.140900	-14.859520	 102.699100	-0.813313	 0.122417	-8.559153	-89.272090	-30.620780	-16.632350	-2.120385	-16.012430	 1.702754	-18.504080	-24.065770	-23.524810	-14.152230	-7.988816	 71.268440	 2.456334	-1.169613	 80.570240	 1.546885	 1.648151	-22.310170	 1.663487	-18.229810	 156.167300	-0.446740	 3.407171	-122.426600	 0.188712	 7.210938	-12.056590	 41.740010	 1.439698	 169.064100	-7.037591	 21.234010	-179.133900	-5.468967	 21.439760	 109.874600	-5.747594	-19.327770	 66.369720	-3.484296	 9.763653	 74.841640	-5.382260	 9.043036	 123.748200	 4.717298	 0.955374	 7.933437	 58.696930	-0.476626	 0.497773	-91.740690	 0.438271	 3.223464	 0.000000	 90.000000	 0.000000	 167.377700	 13.710170	 153.849700	-168.421200	-8.346051	-27.650030
-0.007102	-0.155593	-0.005538	 173.490300	 0.619230	-86.800190	-22.741930	 5.474195	 1.916581	-19.510270	 15.162470	 1.361758	 3.782039	-16.064200	 107.984700	-0.813313	 0.122417	-8.559153	-76.647370	-27.022670	-5.028324	-2.712396	 29.096370	 1.054764	-14.361010	 20.962530	-48.861010	-5.458310	-2.008842	 9.964677	 2.503307	-1.126933	 4.530149	 3.269038	-0.633829	-79.879490	 3.817349	 3.110988	 11.955470	-0.275714	 3.148053	 9.070766	 2.901827	 4.350124	-70.141120	 37.156120	 19.703970	 15.064030	-6.822121	 19.211520	 10.843110	-5.639198	 19.245790	-70.242410	 18.359430	 10.343180	 21.457250	-3.898658	 9.395153	 9.482653	-0.473485	 9.975388	-72.414860	-57.459650	-11.466710	 6.739918	 9.285690	-0.525229	 0.082320	-19.372320	-0.175674	 3.200116	 3.351442	-4.207903	 90.759730	-93.891910	-2.554214	-79.290210	-177.157300	-14.784870	 102.681500	-0.813313	 0.122417	-8.559153	-89.147320	-30.738970	-16.259080	-2.135727	-16.234580	 1.716551	-19.186590	-24.177830	-24.215450	-14.178230	-8.035841	 71.463190	 2.456334	-1.169616	 80.573460	 1.536748	 1.652676	-22.095790	 2.468276	-17.504520	 161.429900	-0.459902	 3.382021	-112.863600	 0.188712	 7.210938	-12.056590	 42.362060	 4.098667	 175.714300	-7.129431	 21.229310	-174.282400	-5.557597	 21.442560	 114.208500	-7.077087	-20.773920	 65.934170	-3.484296	 9.763653	 74.841640	-5.290795	 8.816886	 129.343200	 7.022746	 0.829958	 6.955973	 52.351300	-0.502830	 0.448966	-77.718370	 0.329732	 3.157302	 0.000000	 90.000000	 0.000000	 167.500100	 13.690560	 153.210200	-168.651300	-8.382800	-28.187030
-0.006049	-0.160203	-0.004042	 173.731500	 1.091716	-86.769450	-22.793490	 5.543725	 1.994274	-19.554840	 15.589120	 1.428759	 3.797051	-16.190110	 107.869900	-0.813313	 0.122417	-8.559153	-77.046940	-27.020450	-5.267332	-2.478691	 29.245600	 0.992801	-14.345580	 21.020920	-48.944190	-5.458314	-2.008832	 9.964849	 2.503307	-1.126933	 4.530149	 3.269035	-0.633805	-79.879020	 3.816442	 3.110595	 11.955610	-0.275714	 3.148053	 9.070980	 2.901804	 4.350212	-70.139830	 37.156610	 19.704140	 15.064250	-6.822121	 19.211520	 10.843110	-5.639245	 19.245790	-70.244610	 18.358330	 10.342620	 21.458290	-3.898658	 9.395153	 9.482653	-0.473487	 9.975407	-72.414420	-57.458670	-11.466520	 6.740674	 9.285872	-0.525232	 0.082323	-19.371720	-0.175672	 3.200126	 3.376446	-4.267829	 90.773100	-94.114300	-2.887862	-79.535930	-177.227200	-14.528380	 102.500100	-0.813313	 0.122417	-8.559153	-88.954480	-30.748150	-16.030190	-2.148965	-16.420820	 1.727275	-19.829160	-24.235240	-24.816120	-14.208270	-8.090652	 71.689980	 2.456333	-1.169620	 80.577810	 1.524919	 1.657899	-21.846080	 3.270755	-16.380740	 167.530200	-0.469719	 3.350408	-101.704500	 0.188712	 7.210938	-12.056590	 42.574130	 7.738575	-176.451600	-7.229646	 21.215790	-168.941000	-5.649847	 21.438840	 118.721100	-8.662079	-22.450580	 65.374050	-3.484296	 9.763653	 74.841640	-5.165094	 8.579716	 135.491600	 9.703880	 0.652434	 5.848422	 45.741250	-0.524213	 0.395375	-61.355620	 0.187406	 3.116039	 0.000000	 90.000000	 0.000000	 167.688800	 13.630150	 152.401400	-168.880100	-8.487654	-28.824780
-0.005536	-0.162710	-0.003185	 173.895400	 1.361318	-86.752370	-22.781240	 5.625248	 2.009264	-19.542330	 15.869980	 1.440895	 3.835958	-16.355490	 107.864000	-0.813313	 0.122417	-8.559153	-77.259230	-27.155890	-5.220356	-2.268729	 29.365480	 0.933988	-14.300200	 21.141350	-49.182720	-5.458315	-2.008822	 9.965001	 2.503307	-1.126933	 4.530149	 3.269032	-0.633784	-79.878620	 3.815651	 3.110251	 11.955720	-0.275713	 3.148053	 9.071176	 2.901784	 4.350288	-70.138730	 37.157030	 19.704280	 15.064440	-6.822121	 19.211520	 10.843110	-5.639283	 19.245800	-70.246600	 18.357380	 10.342120	 21.459180	-3.898658	 9.395153	 9.482653	-0.473488	 9.975422	-72.414050	-57.457770	-11.466340	 6.741326	 9.286027	-0.525222	 0.082324	-19.371200	-0.175680	 3.200123	 3.397094	-4.337702	 90.784290	-94.301480	-3.110022	-79.284290	-177.287200	-14.311600	 102.332600	-0.813313	 0.122417	-8.559153	-88.747930	-30.656400	-15.990440	-2.155953	-16.611030	 1.734408	-20.120400	-24.345700	-25.141000	-14.233810	-8.137679	 71.884460	 2.456332	-1.169623	 80.581570	 1.514761	 1.662336	-21.632030	 3.810309	-15.182310	 172.730300	-0.473117	 3.322167	-92.119060	 0.188712	 7.210938	-12.056590	 42.214380	 11.287940	-169.595400	-7.309206	 21.198590	-164.633400	-5.719043	 21.431560	 122.123900	-10.055320	-23.880400	 64.846310	-3.484296	 9.763653	 74.841640	-5.045708	 8.399268	 140.440400	 11.998690	 0.475488	 4.926871	 41.140430	-0.535384	 0.356785	-47.299910	 0.060009	 3.113905	 0.000000	 90.000000	 0.000000	 167.827100	 13.538230	 151.959800	-168.994900	-8.619885	-29.166630
-0.005321	-0.163906	-0.002777	 174.012100	 1.486714	-86.746380	-22.729900	 5.717065	 1.990301	-19.493540	 16.016300	 1.422427	 3.901469	-16.570910	 107.964600	-0.813313	 0.122417	-8.559153	-77.054600	-27.292940	-4.834300	-2.063569	 29.479360	 0.874582	-14.213120	 21.303980	-49.508890	-5.458318	-2.008814	 9.965155	 2.503307	-1.126933	 4.530149	 3.269029	-0.633765	-79.878270	 3.814939	 3.109943	 11.955840	-0.275713	 3.148053	 9.071358	 2.901766	 4.350359	-70.137700	 37.157460	 19.704440	 15.064610	-6.822121	 19.211520	 10.843110	-5.639322	 19.245800	-70.248540	 18.356490	 10.341660	 21.460020	-3.898658	 9.395153	 9.482653	-0.473490	 9.975437	-72.413700	-57.456890	-11.466170	 6.741943	 9.286177	-0.525225	 0.082325	-19.370740	-0.175683	 3.200125	 3.415844	-4.417872	 90.794530	-94.494800	-3.145627	-78.962420	-177.320700	-14.195210	 102.228700	-0.813313	 0.122417	-8.559153	-88.558370	-30.501050	-16.089290	-2.157896	-16.951520	 1.742882	-20.231710	-24.627440	-25.360990	-14.257770	-8.182157	 72.068200	 2.456331	-1.169626	 80.585110	 1.505146	 1.666493	-21.429740	 4.167592	-13.856540	 177.617300	-0.471951	 3.295264	-83.045490	 0.188712	 7.210938	-12.056590	 41.316600	 14.958220	-162.922400	-7.378670	 21.178620	-160.799700	-5.775831	 21.422680	 124.937700	-11.403600	-25.223890	 64.305370	-3.484296	 9.763653	 74.841640	-4.926805	 8.247982	 144.836700	 14.163520	 0.289149	 4.080979	 38.061580	-0.541107	 0.330515	-33.994630	-0.057667	 3.140464	 0.000000	 90.000000	 0.000000	 167.941500	 13.437640	 151.636000	-169.046600	-8.761552	-29.299860
-0.005118	-0.164808	-0.002484	 174.219100	 1.626155	-86.733880	-22.630910	 5.839311	 1.941040	-19.402020	 16.102170	 1.376087	 4.032164	-16.945410	 108.251500	-0.813313	 0.122417	-8.559153	-76.576730	-27.504890	-4.144955	-1.812542	 29.716730	 0.798150	-14.114610	 21.656790	-49.916630	-5.458321	-2.008804	 9.965338	 2.503307	-1.126933	 4.530149	 3.269026	-0.633742	-79.877800	 3.814071	 3.109566	 11.955960	-0.275712	 3.148053	 9.071571	 2.901744	 4.350442	-70.136470	 37.157970	 19.704620	 15.064790	-6.822121	 19.211520	 10.843110	-5.639374	 19.245800	-70.250960	 18.355460	 10.341130	 21.461010	-3.898658	 9.395153	 9.482653	-0.473490	 9.975456	-72.413280	-57.455780	-11.465950	 6.742667	 9.286345	-0.525232	 0.082325	-19.370170	-0.175684	 3.200130	 3.437126	-4.529646	 90.806300	-94.689490	-3.060185	-78.433550	-177.351700	-14.095870	 102.116600	-0.813313	 0.122417	-8.559153	-88.341690	-30.243960	-16.354000	-2.155595	-17.495950	 1.754164	-20.284640	-25.101550	-25.564460	-14.286000	-8.235021	 72.286430	 2.456331	-1.169630	 80.589320	 1.493710	 1.671387	-21.189540	 4.367428	-12.048730	-176.609100	-0.465054	 3.263983	-72.248440	 0.188712	 7.210938	-12.056590	 39.400460	 19.628560	-154.622600	-7.453756	 21.151500	-156.552900	-5.832342	 21.411140	 127.764500	-13.048570	-26.808650	 63.606800	-3.484296	 9.763653	 74.841640	-4.782182	 8.091754	 149.696200	 16.730070	 0.046130	 3.109010	 36.506720	-0.543462	 0.317139	-18.161350	-0.185133	 3.206225	 0.000000	 90.000000	 0.000000	 168.033100	 13.316140	 151.394500	-169.073800	-8.938783	-29.440540
-0.004971	-0.165040	-0.002599	 174.354000	 1.677322	-86.708670	-22.526970	 5.948348	 1.890875	-19.308920	 16.158020	 1.328890	 4.098919	-17.138240	 108.389500	-0.813313	 0.122417	-8.559153	-76.234920	-27.763310	-3.558635	-1.596652	 29.970130	 0.730610	-14.103810	 22.058310	-50.169910	-5.458323	-2.008795	 9.965486	 2.503307	-1.126933	 4.530149	 3.269022	-0.633723	-79.877440	 3.813357	 3.109256	 11.956050	-0.275712	 3.148053	 9.071755	 2.901726	 4.350513	-70.135450	 37.158430	 19.704790	 15.064930	-6.822121	 19.211520	 10.843110	-5.639416	 19.245810	-70.253110	 18.354580	 10.340670	 21.461830	-3.898658	 9.395153	 9.482653	-0.473490	 9.975471	-72.412930	-57.454810	-11.465760	 6.743302	 9.286497	-0.525232	 0.082327	-19.369700	-0.175687	 3.200134	 3.454174	-4.636501	 90.815780	-94.786170	-2.852840	-78.345640	-177.378500	-14.003630	 102.029200	-0.813313	 0.122417	-8.559153	-88.167200	-29.979090	-16.677270	-2.152896	-17.848100	 1.759766	-20.266980	-25.399710	-25.640010	-14.309550	-8.279529	 72.470040	 2.456331	-1.169633	 80.592840	 1.484069	 1.675467	-20.987360	 4.321222	-10.342630	-171.769500	-0.454754	 3.238992	-63.143130	 0.188712	 7.210938	-12.056590	 36.929380	 23.717180	-147.185200	-7.510662	 21.126810	-153.243000	-5.870726	 21.401730	 129.703800	-14.472850	-28.132050	 62.969190	-3.484296	 9.763653	 74.841640	-4.660812	 7.978971	 153.474400	 18.886310	-0.174601	 2.319383	 36.498650	-0.543483	 0.317072	-4.808267	-0.275272	 3.287052	 0.000000	 90.000000	 0.000000	 168.065800	 13.232030	 151.237700	-169.085200	-9.069124	-29.525860
-0.004704	-0.164810	-0.002957	 174.433000	 1.688048	-86.657770	-22.419220	 6.054572	 1.847943	-19.216290	 16.252920	 1.287906	 4.131076	-17.236480	 108.445400	-0.813313	 0.122417	-8.559153	-76.094160	-28.092130	-3.107040	-1.385109	 30.229800	 0.664016	-14.183380	 22.500490	-50.273330	-5.458325	-2.008786	 9.965635	 2.503307	-1.126933	 4.530149	 3.269020	-0.633705	-79.877080	 3.812683	 3.108964	 11.956170	-0.275711	 3.148053	 9.071923	 2.901709	 4.350581	-70.134470	 37.158900	 19.704960	 15.065070	-6.822121	 19.211520	 10.843110	-5.639463	 19.245810	-70.255260	 18.353760	 10.340250	 21.462630	-3.898658	 9.395153	 9.482653	-0.473490	 9.975486	-72.412600	-57.453800	-11.465570	 6.743922	 9.286634	-0.525232	 0.082328	-19.369250	-0.175694	 3.200134	 3.469898	-4.749993	 90.824520	-94.848720	-2.575924	-78.323070	-177.409500	-13.882830	 101.949800	-0.813313	 0.122417	-8.559153	-88.005810	-29.692400	-17.055140	-2.149862	-18.128560	 1.762931	-20.167270	-25.639990	-25.641890	-14.332220	-8.322690	 72.647920	 2.456331	-1.169636	 80.596280	 1.474719	 1.679388	-20.791560	 4.068229	-8.541573	-167.089900	-0.441092	 3.216589	-54.306310	 0.188712	 7.210938	-12.056590	 33.644450	 27.690900	-139.443900	-7.560344	 21.102070	-150.273100	-5.899961	 21.393690	 131.193300	-15.890150	-29.403880	 62.305940	-3.484296	 9.763653	 74.841640	-4.546034	 7.884923	 156.856000	 20.971890	-0.400736	 1.579893	 36.498650	-0.543483	 0.317072	 8.151531	-0.342609	 3.383364	 0.000000	 90.000000	 0.000000	 168.038600	 13.181310	 151.132800	-169.105700	-9.157916	-29.582420
-0.004096	-0.164339	-0.003455	 174.443900	 1.671724	-86.567660	-22.301230	 6.171452	 1.823020	-19.121880	 16.481880	 1.262089	 4.165367	-17.346880	 108.494600	-0.813313	 0.122417	-8.559153	-76.043530	-28.487960	-2.723322	-1.141233	 30.502940	 0.588152	-14.338950	 23.012330	-50.260600	-5.458326	-2.008777	 9.965796	 2.503307	-1.126933	 4.530149	 3.269017	-0.633684	-79.876690	 3.811931	 3.108638	 11.956290	-0.275711	 3.148053	 9.072118	 2.901690	 4.350657	-70.133350	 37.159470	 19.705160	 15.065210	-6.822121	 19.211520	 10.843110	-5.639513	 19.245810	-70.257870	 18.352810	 10.339760	 21.463530	-3.898658	 9.395153	 9.482653	-0.473492	 9.975503	-72.412210	-57.452610	-11.465330	 6.744627	 9.286797	-0.525232	 0.082329	-19.368730	-0.175695	 3.200137	 3.486982	-4.891304	 90.834010	-94.933340	-2.192901	-78.401550	-177.448200	-13.721580	 101.866100	-0.813313	 0.122417	-8.559153	-87.830400	-29.341650	-17.538210	-2.146333	-18.413330	 1.765234	-20.034910	-25.877400	-25.624050	-14.358090	-8.372382	 72.852670	 2.456330	-1.169639	 80.600240	 1.463938	 1.683860	-20.566180	 3.498363	-6.305850	-161.699400	-0.421278	 3.193711	-44.113390	 0.188712	 7.210938	-12.056590	 28.594490	 32.079120	-129.692100	-7.611035	 21.073490	-147.150000	-5.923996	 21.386500	 132.426900	-17.570890	-30.853980	 61.484020	-3.484296	 9.763653	 74.841640	-4.419931	 7.793698	 160.400800	 23.368970	-0.673809	 0.760344	 36.498650	-0.543483	 0.317072	 23.100670	-0.391165	 3.509822	 0.000000	 90.000000	 0.000000	 167.938000	 13.170250	 151.042900	-169.184100	-9.196561	-29.624120
-0.003312	-0.164020	-0.003729	 174.398100	 1.661666	-86.482740	-22.221480	 6.257975	 1.843715	-19.066990	 16.761650	 1.277571	 4.201599	-17.459170	 108.553200	-0.813313	 0.122417	-8.559153	-76.067790	-28.799550	-2.531146	-0.939618	 30.671680	 0.527335	-14.479290	 23.386880	-50.181100	-5.458329	-2.008768	 9.965934	 2.503307	-1.126933	 4.530149	 3.269015	-0.633667	-79.876350	 3.811293	 3.108363	 11.956400	-0.275710	 3.148053	 9.072291	 2.901673	 4.350720	-70.132440	 37.159960	 19.705340	 15.065310	-6.822121	 19.211520	 10.843110	-5.639560	 19.245820	-70.260130	 18.352050	 10.339360	 21.464270	-3.898658	 9.395153	 9.482653	-0.473493	 9.975517	-72.411900	-57.451560	-11.465130	 6.745223	 9.286940	-0.525232	 0.082329	-19.368310	-0.175699	 3.200139	 3.500362	-5.016679	 90.841370	-95.057820	-1.849110	-78.535430	-177.481400	-13.576290	 101.803300	-0.813313	 0.122417	-8.559153	-87.693900	-29.045920	-17.953650	-2.143614	-18.651190	 1.767279	-19.985160	-26.060830	-25.653670	-14.379530	-8.413904	 73.023660	 2.456329	-1.169642	 80.603540	 1.454922	 1.687563	-20.377960	 2.774005	-4.322595	-157.179600	-0.401787	 3.177504	-35.582020	 0.188712	 7.210938	-12.056590	 23.206050	 35.384110	-120.722000	-7.648193	 21.050220	-144.790000	-5.936211	 21.382630	 133.057100	-19.018170	-32.052500	 60.747080	-3.484296	 9.763653	 74.841640	-4.321393	 7.730215	 163.069000	 25.368410	-0.910578	 0.102260	 36.498650	-0.543483	 0.317072	 35.613180	-0.405531	 3.622385	 0.000000	 90.000000	 0.000000	 167.807200	 13.195080	 151.037600	-169.310900	-9.174678	-29.644950
-0.002309	-0.164099	-0.003680	 174.330500	 1.692932	-86.397890	-22.170330	 6.332321	 1.908589	-19.043170	 17.073450	 1.333528	 4.229581	-17.545260	 108.598800	-0.813313	 0.122417	-8.559153	-76.131230	-29.096060	-2.419888	-0.739108	 30.757670	 0.469553	-14.588060	 23.670760	-50.076000	-5.458332	-2.008760	 9.966091	 2.503307	-1.126933	 4.530149	 3.269012	-0.633650	-79.876020	 3.810696	 3.108103	 11.956490	-0.275710	 3.148053	 9.072464	 2.901657	 4.350785	-70.131510	 37.160480	 19.705520	 15.065400	-6.822121	 19.211520	 10.843110	-5.639607	 19.245820	-70.262540	 18.351290	 10.338970	 21.465010	-3.898658	 9.395153	 9.482653	-0.473494	 9.975531	-72.411580	-57.450420	-11.464920	 6.745844	 9.287065	-0.525236	 0.082331	-19.367870	-0.175702	 3.200139	 3.513084	-5.149557	 90.848270	-95.274350	-1.506364	-78.711350	-177.514700	-13.426370	 101.746800	-0.813313	 0.122417	-8.559153	-87.566240	-28.757420	-18.358640	-2.141395	-18.925130	 1.770761	-20.048530	-26.255500	-25.779520	-14.401170	-8.456145	 73.197430	 2.456329	-1.169646	 80.606900	 1.445746	 1.691295	-20.186640	 1.787801	-2.217793	-152.554000	-0.379687	 3.164153	-26.893740	 0.188712	 7.210938	-12.056590	 16.580420	 38.176440	-110.771900	-7.681283	 21.027660	-142.629500	-5.941279	 21.380990	 133.319200	-20.532620	-33.257500	 59.948490	-3.484296	 9.763653	 74.841640	-4.229070	 7.676362	 165.501100	 27.398440	-1.157643	-0.541585	 36.498650	-0.543483	 0.317072	 48.356150	-0.394761	 3.737443	 0.000000	 90.000000	 0.000000	 167.651900	 13.252960	 151.071800	-169.478100	-9.117690	-29.654900
-0.001131	-0.164630	-0.003296	 174.244200	 1.773871	-86.309110	-22.143430	 6.400734	 2.009112	-19.044880	 17.383210	 1.422005	 4.257618	-17.636060	 108.636300	-0.813313	 0.122417	-8.559153	-76.215680	-29.391410	-2.357325	-0.525517	 30.763060	 0.411168	-14.606030	 23.855060	-49.975520	-5.458333	-2.008751	 9.966236	 2.503307	-1.126933	 4.530149	 3.269009	-0.633631	-79.875640	 3.810020	 3.107812	 11.956610	-0.275709	 3.148053	 9.072658	 2.901640	 4.350854	-70.130490	 37.161100	 19.705750	 15.065490	-6.822121	 19.211520	 10.843110	-5.639665	 19.245820	-70.265320	 18.350460	 10.338540	 21.465830	-3.898658	 9.395153	 9.482653	-0.473494	 9.975544	-72.411220	-57.449120	-11.464670	 6.746535	 9.287214	-0.525229	 0.082333	-19.367410	-0.175707	 3.200147	 3.526048	-5.300714	 90.855100	-95.594760	-1.162619	-78.919110	-177.549000	-13.268090	 101.694000	-0.813313	 0.122417	-8.559153	-87.441030	-28.471940	-18.748960	-2.141283	-19.198110	 1.775289	-20.209720	-26.436800	-25.956900	-14.424850	-8.502746	 73.389140	 2.456328	-1.169649	 80.610600	 1.435609	 1.695378	-19.975610	 0.386459	 0.182965	-147.393300	-0.353218	 3.153459	-17.287360	 0.188712	 7.210938	-12.056590	 8.018434	 40.310170	-98.903770	-7.712517	 21.004660	-140.531700	-5.938198	 21.381990	 133.159700	-22.257770	-34.569940	 59.006510	-3.484296	 9.763653	 74.841640	-4.137856	 7.628108	 167.848300	 29.636100	-1.435768	-1.222362	 36.498650	-0.543483	 0.317072	 62.445670	-0.353673	 3.858361	 0.000000	 90.000000	 0.000000	 167.478200	 13.347240	 151.121600	-169.682800	-9.034738	-29.655160
-0.000238	-0.165169	-0.002912	 174.160700	 1.853965	-86.243030	-22.123440	 6.449624	 2.097622	-19.048250	 17.580110	 1.500314	 4.276458	-17.698810	 108.658400	-0.813313	 0.122417	-8.559153	-76.270140	-29.607430	-2.318944	-0.353416	 30.711400	 0.366457	-14.536910	 23.915740	-49.919700	-5.458335	-2.008743	 9.966363	 2.503307	-1.126933	 4.530149	 3.269007	-0.633616	-79.875350	 3.809480	 3.107576	 11.956690	-0.275708	 3.148053	 9.072814	 2.901626	 4.350914	-70.129650	 37.161630	 19.705930	 15.065560	-6.822121	 19.211520	 10.843110	-5.639715	 19.245830	-70.267780	 18.349800	 10.338190	 21.466490	-3.898658	 9.395153	 9.482653	-0.473495	 9.975559	-72.410920	-57.447990	-11.464460	 6.747124	 9.287335	-0.525232	 0.082335	-19.367010	-0.175714	 3.200147	 3.536063	-5.430445	 90.860160	-95.879120	-0.920770	-79.077030	-177.574200	-13.148990	 101.658100	-0.813313	 0.122417	-8.559153	-87.350850	-28.274370	-19.000000	-2.144985	-19.304300	 1.777780	-20.366300	-26.494440	-26.016360	-14.444700	-8.542126	 73.551000	 2.456327	-1.169651	 80.613750	 1.427039	 1.698795	-19.797440	-1.069638	 2.250843	-142.970600	-0.329679	 3.147964	-9.157102	 0.188712	 7.210938	-12.056590	 0.012979	 41.133700	-88.395410	-7.734744	 20.987200	-138.999900	-5.928399	 21.385120	 132.653700	-23.761960	-35.662970	 58.158670	-3.484296	 9.763653	 74.841640	-4.070576	 7.595483	 169.548800	 31.524560	-1.673586	-1.772962	 36.498650	-0.543483	 0.317072	 74.370130	-0.296711	 3.950315	 0.000000	 90.000000	 0.000000	 167.346700	 13.436420	 151.143600	-169.845200	-8.955303	-29.648130
 0.000454	-0.165525	-0.002629	 174.083200	 1.916893	-86.191190	-22.103020	 6.492474	 2.169379	-19.047660	 17.731940	 1.564183	 4.291316	-17.749790	 108.673100	-0.813313	 0.122417	-8.559153	-76.279860	-29.785870	-2.258644	-0.190535	 30.613020	 0.326239	-14.444770	 23.905190	-49.887550	-5.458336	-2.008735	 9.966502	 2.503307	-1.126933	 4.530149	 3.269005	-0.633601	-79.875050	 3.808980	 3.107360	 11.956790	-0.275708	 3.148054	 9.072977	 2.901610	 4.350970	-70.128810	 37.162180	 19.706140	 15.065620	-6.822121	 19.211520	 10.843110	-5.639767	 19.245830	-70.270350	 18.349160	 10.337860	 21.467160	-3.898658	 9.395153	 9.482653	-0.473496	 9.975570	-72.410640	-57.446770	-11.464230	 6.747704	 9.287474	-0.525232	 0.082335	-19.366630	-0.175712	 3.200147	 3.545182	-5.560740	 90.864520	-96.123260	-0.753269	-79.196390	-177.594600	-13.051700	 101.630700	-0.813313	 0.122417	-8.559153	-87.275090	-28.122220	-19.169930	-2.151475	-19.356050	 1.780516	-20.511240	-26.529280	-26.002320	-14.464460	-8.581614	 73.713220	 2.456327	-1.169654	 80.616870	 1.418438	 1.702194	-19.618850	-2.794237	 4.336079	-138.461900	-0.305492	 3.145845	-0.991206	 0.188712	 7.210938	-12.056590	-8.348699	 40.941560	-77.785460	-7.753337	 20.971840	-137.690800	-5.911822	 21.390210	 131.800900	-25.315810	-36.743080	 57.258430	-3.484296	 9.763653	 74.841640	-4.012917	 7.569438	 170.987200	 33.416720	-1.913250	-2.302370	 36.498650	-0.543483	 0.317072	 86.346810	-0.221621	 4.028822	 0.000000	 90.000000	 0.000000	 167.239400	 13.515920	 151.165800	-169.968900	-8.869349	-29.635770
 0.000752	-0.165661	-0.002450	 173.958500	 1.968217	-86.152750	-22.078210	 6.532448	 2.219520	-19.039340	 17.854840	 1.609361	 4.303968	-17.794640	 108.683200	-0.813313	 0.122417	-8.559153	-76.223700	-29.938580	-2.132764	-0.021544	 30.456880	 0.286799	-14.387540	 23.832780	-49.874240	-5.458339	-2.008727	 9.966655	 2.503307	-1.126933	 4.530149	 3.269003	-0.633584	-79.874720	 3.808421	 3.107119	 11.956880	-0.275708	 3.148054	 9.073162	 2.901594	 4.351032	-70.127900	 37.162830	 19.706380	 15.065680	-6.822121	 19.211520	 10.843110	-5.639830	 19.245830	-70.273340	 18.348470	 10.337510	 21.467870	-3.898658	 9.395153	 9.482653	-0.473496	 9.975584	-72.410320	-57.445350	-11.463970	 6.748374	 9.287614	-0.525232	 0.082337	-19.366200	-0.175710	 3.200153	 3.554259	-5.705256	 90.868450	-96.302830	-0.652902	-79.284160	-177.609700	-12.975540	 101.617100	-0.813313	 0.122417	-8.559153	-87.202110	-27.988510	-19.298470	-2.159994	-19.390780	 1.783973	-20.663600	-26.570090	-25.920570	-14.486490	-8.625984	 73.895440	 2.456326	-1.169657	 80.620410	 1.408768	 1.705979	-19.418300	-5.064229	 6.660748	-133.287400	-0.278217	 3.147591	 8.203105	 0.188712	 7.210938	-12.056590	-17.628780	 39.491790	-66.285260	-7.769949	 20.957490	-136.497900	-5.884915	 21.397930	 130.425400	-27.119800	-37.936200	 56.183970	-3.484296	 9.763653	 74.841640	-3.960667	 7.547308	 172.277200	 35.542070	-2.182310	-2.870274	 36.498650	-0.543483	 0.317072	 99.831490	-0.119722	 4.096380	 0.000000	 90.000000	 0.000000	 167.163300	 13.577300	 151.245000	-170.044800	-8.786295	-29.620220
 0.000673	-0.165650	-0.002371	 173.858500	 2.001977	-86.154370	-22.056580	 6.553634	 2.250716	-19.029170	 17.916190	 1.638171	 4.312162	-17.824420	 108.688500	-0.813313	 0.122417	-8.559153	-76.143780	-30.019040	-1.999338	 0.110546	 30.325270	 0.256891	-14.435440	 23.769150	-49.874420	-5.458341	-2.008720	 9.966779	 2.503307	-1.126933	 4.530149	 3.269001	-0.633570	-79.874450	 3.807997	 3.106936	 11.956970	-0.275707	 3.148054	 9.073320	 2.901580	 4.351087	-70.127110	 37.163430	 19.706590	 15.065690	-6.822121	 19.211520	 10.843110	-5.639885	 19.245840	-70.276040	 18.347920	 10.337220	 21.468460	-3.898658	 9.395153	 9.482653	-0.473497	 9.975595	-72.410050	-57.444080	-11.463740	 6.748949	 9.287720	-0.525226	 0.082339	-19.365850	-0.175722	 3.200151	 3.560927	-5.826203	 90.870010	-96.397800	-0.596835	-79.327420	-177.617000	-12.930830	 101.624800	-0.813313	 0.122417	-8.559153	-87.146890	-27.899890	-19.361420	-2.168676	-19.364620	 1.786356	-20.831340	-26.559480	-25.814570	-14.505320	-8.664207	 74.052380	 2.456326	-1.169660	 80.623450	 1.400426	 1.709212	-19.245530	-7.313901	 8.617394	-128.721500	-0.255145	 3.152585	 16.142740	 0.188712	 7.210938	-12.056590	-25.151840	 37.279270	-57.105060	-7.780716	 20.947870	-135.712100	-5.854501	 21.405870	 128.882000	-28.726460	-38.945360	 55.202200	-3.484296	 9.763653	 74.841640	-3.926905	 7.533735	 173.104300	 37.373490	-2.412525	-3.336767	 36.498650	-0.543483	 0.317072	 111.475900	-0.021089	 4.134199	 0.000000	 90.000000	 0.000000	 167.148300	 13.620090	 151.308400	-170.069300	-8.732127	-29.612290
 0.000406	-0.165633	-0.002367	 173.786600	 2.027148	-86.181580	-22.035850	 6.560514	 2.271150	-19.017190	 17.935910	 1.657860	 4.317658	-17.844270	 108.692200	-0.813313	 0.122417	-8.559153	-76.045230	-30.035940	-1.890244	 0.225464	 30.227130	 0.230788	-14.554110	 23.737660	-49.916440	-5.458342	-2.008713	 9.966897	 2.503307	-1.126933	 4.530149	 3.268999	-0.633557	-79.874210	 3.807590	 3.106761	 11.957050	-0.275707	 3.148053	 9.073473	 2.901568	 4.351135	-70.126410	 37.164020	 19.706800	 15.065700	-6.822121	 19.211520	 10.843110	-5.639940	 19.245840	-70.278710	 18.347430	 10.336960	 21.469020	-3.898658	 9.395153	 9.482653	-0.473497	 9.975605	-72.409810	-57.442800	-11.463500	 6.749513	 9.287827	-0.525236	 0.082337	-19.365510	-0.175718	 3.200155	 3.566080	-5.935858	 90.868640	-96.456190	-0.605394	-79.355260	-177.621200	-12.898510	 101.641500	-0.813313	 0.122417	-8.559153	-87.112230	-27.836180	-19.391170	-2.177859	-19.300210	 1.788293	-21.018310	-26.519020	-25.687470	-14.523040	-8.700428	 74.200950	 2.456325	-1.169663	 80.626340	 1.392520	 1.712249	-19.081970	-9.702714	 10.402520	-124.295100	-0.234086	 3.160227	 23.677540	 0.188712	 7.210938	-12.056590	-31.674700	 34.490520	-49.228760	-7.787923	 20.941280	-135.180300	-5.819339	 21.414040	 127.111400	-30.295000	-39.883530	 54.222530	-3.484296	 9.763653	 74.841640	-3.905004	 7.525227	 173.638400	 39.108530	-2.627977	-3.759154	 36.498650	-0.543483	 0.317072	 122.526500	 0.077764	 4.150978	 0.000000	 90.000000	 0.000000	 167.166100	 13.660100	 151.332800	-170.067700	-8.696404	-29.638940
-0.000121	-0.165674	-0.002445	 173.694800	 2.048413	-86.230020	-22.011020	 6.552462	 2.285074	-19.000780	 17.928960	 1.672830	 4.320574	-17.852880	 108.697400	-0.813313	 0.122417	-8.559153	-75.899830	-30.014060	-1.779362	 0.355051	 30.155790	 0.200488	-14.748980	 23.766980	-50.048450	-5.458344	-2.008704	 9.967044	 2.503307	-1.126933	 4.530149	 3.268997	-0.633542	-79.873890	 3.807186	 3.106586	 11.957140	-0.275706	 3.148054	 9.073638	 2.901553	 4.351193	-70.125570	 37.164760	 19.707070	 15.065710	-6.822121	 19.211520	 10.843110	-5.640006	 19.245840	-70.282040	 18.346880	 10.336680	 21.469660	-3.898658	 9.395153	 9.482653	-0.473497	 9.975621	-72.409520	-57.441230	-11.463210	 6.750167	 9.287967	-0.525232	 0.082338	-19.365130	-0.175729	 3.200155	 3.570610	-6.057266	 90.863460	-96.509430	-0.795723	-79.398020	-177.625700	-12.861740	 101.662900	-0.813313	 0.122417	-8.559153	-87.121030	-27.784480	-19.410180	-2.189590	-19.187210	 1.790515	-21.270710	-26.449410	-25.494290	-14.543910	-8.743436	 74.377400	 2.456325	-1.169666	 80.629750	 1.383121	 1.715827	-18.887760	-12.871620	 12.398530	-118.899300	-0.210590	 3.172819	 32.647620	 0.188712	 7.210938	-12.056590	-38.572650	 30.496470	-40.994440	-7.792709	 20.936840	-134.824600	-5.769327	 21.423830	 124.614300	-32.220490	-40.973740	 52.993150	-3.484296	 9.763653	 74.841640	-3.892234	 7.520374	 173.948800	 41.170720	-2.879168	-4.236495	 36.498650	-0.543483	 0.317072	 135.682000	 0.196942	 4.145833	 0.000000	 90.000000	 0.000000	 167.202800	 13.713870	 151.328800	-170.042100	-8.661893	-29.746300
-0.000646	-0.165736	-0.002554	 173.613100	 2.059773	-86.273170	-21.990650	 6.533276	 2.289142	-18.986380	 17.915020	 1.679385	 4.320472	-17.848240	 108.704400	-0.813313	 0.122417	-8.559153	-75.762760	-29.967290	-1.701986	 0.455474	 30.143330	 0.175945	-14.921050	 23.840190	-50.201310	-5.458345	-2.008696	 9.967175	 2.503307	-1.126933	 4.530149	 3.268995	-0.633530	-79.873660	 3.806859	 3.106446	 11.957210	-0.275706	 3.148054	 9.073780	 2.901541	 4.351238	-70.124920	 37.165370	 19.707300	 15.065690	-6.822121	 19.211520	 10.843110	-5.640063	 19.245850	-70.284850	 18.346470	 10.336470	 21.470150	-3.898658	 9.395153	 9.482653	-0.473498	 9.975631	-72.409280	-57.439880	-11.462970	 6.750710	 9.288064	-0.525236	 0.082339	-19.364810	-0.175728	 3.200156	 3.573019	-6.146852	 90.856480	-96.570690	-1.024719	-79.445720	-177.631600	-12.823410	 101.672700	-0.813313	 0.122417	-8.559153	-87.166700	-27.756290	-19.418800	-2.199564	-19.077640	 1.792541	-21.495820	-26.388490	-25.304970	-14.560820	-8.778525	 74.521190	 2.456325	-1.169668	 80.632570	 1.375452	 1.718720	-18.729470	-15.721860	 13.894490	-114.385300	-0.193036	 3.185729	 39.979300	 0.188712	 7.210938	-12.056590	-43.532490	 26.843460	-35.162470	-7.793539	 20.936060	-134.762500	-5.721771	 21.431200	 122.258500	-33.843130	-41.841790	 51.935750	-3.484296	 9.763653	 74.841640	-3.892817	 7.520594	 173.934700	 42.853940	-3.078997	-4.606293	 36.498650	-0.543483	 0.317072	 146.434500	 0.291437	 4.121524	 0.000000	 90.000000	 0.000000	 167.239700	 13.761490	 151.303900	-170.007700	-8.635308	-29.860760
-0.001184	-0.165795	-0.002671	 173.547600	 2.067362	-86.315470	-21.970600	 6.503694	 2.287717	-18.970650	 17.866210	 1.681356	 4.318636	-17.833750	 108.716300	-0.813313	 0.122417	-8.559153	-75.615660	-29.900140	-1.635321	 0.549380	 30.147480	 0.152563	-15.070300	 23.918940	-50.379370	-5.458347	-2.008690	 9.967280	 2.503307	-1.126933	 4.530149	 3.268993	-0.633519	-79.873470	 3.806589	 3.106329	 11.957270	-0.275705	 3.148054	 9.073923	 2.901530	 4.351282	-70.124280	 37.166020	 19.707530	 15.065640	-6.822121	 19.211520	 10.843110	-5.640123	 19.245850	-70.287760	 18.346120	 10.336280	 21.470640	-3.898658	 9.395153	 9.482653	-0.473500	 9.975637	-72.409070	-57.438480	-11.462710	 6.751247	 9.288170	-0.525233	 0.082341	-19.364540	-0.175730	 3.200161	 3.574169	-6.224627	 90.847210	-96.624870	-1.241356	-79.473100	-177.637000	-12.787690	 101.683100	-0.813313	 0.122417	-8.559153	-87.243430	-27.735520	-19.427200	-2.209451	-18.966100	 1.794987	-21.729560	-26.337540	-25.093000	-14.577340	-8.813062	 74.662840	 2.456324	-1.169670	 80.635340	 1.367892	 1.721547	-18.573590	-18.758260	 15.224210	-109.841100	-0.177463	 3.200567	 47.217370	 0.188712	 7.210938	-12.056590	-47.892730	 23.015180	-30.134590	-7.791595	 20.937880	-134.907300	-5.668885	 21.437220	 119.655100	-35.489750	-42.676980	 50.844070	-3.484296	 9.763653	 74.841640	-3.903325	 7.524584	 173.679200	 44.513980	-3.270413	-4.953662	 36.498650	-0.543483	 0.317072	 157.049700	 0.378661	 4.080649	 0.000000	 90.000000	 0.000000	 167.294500	 13.801970	 151.262800	-169.967600	-8.605774	-29.963350
-0.001796	-0.165811	-0.002801	 173.505100	 2.072634	-86.359210	-21.947430	 6.456769	 2.280726	-18.949240	 17.711720	 1.678620	 4.314715	-17.805240	 108.737600	-0.813313	 0.122417	-8.559153	-75.416180	-29.795990	-1.556051	 0.651971	 30.170270	 0.126490	-15.177610	 23.997280	-50.595790	-5.458350	-2.008682	 9.967424	 2.503307	-1.126933	 4.530149	 3.268991	-0.633506	-79.873210	 3.806317	 3.106214	 11.957350	-0.275705	 3.148054	 9.074081	 2.901517	 4.351331	-70.123570	 37.166790	 19.707820	 15.065590	-6.822121	 19.211520	 10.843110	-5.640195	 19.245860	-70.291280	 18.345760	 10.336100	 21.471160	-3.898658	 9.395153	 9.482653	-0.473500	 9.975649	-72.408810	-57.436800	-11.462420	 6.751879	 9.288277	-0.525236	 0.082343	-19.364190	-0.175732	 3.200160	 3.573965	-6.298779	 90.833610	-96.593850	-1.397389	-79.410510	-177.634700	-12.778040	 101.724600	-0.813313	 0.122417	-8.559153	-87.369150	-27.712890	-19.444990	-2.220581	-18.848190	 1.798730	-22.057970	-26.296430	-24.840980	-14.596390	-8.853153	 74.827070	 2.456324	-1.169674	 80.638530	 1.359114	 1.724801	-18.392790	-22.552410	 16.553990	-104.457400	-0.161878	 3.220120	 55.635460	 0.188712	 7.210938	-12.056590	-52.390810	 18.408290	-25.101760	-7.785784	 20.943250	-135.338700	-5.599999	 21.441690	 116.280800	-37.462490	-43.619300	 49.513120	-3.484296	 9.763653	 74.841640	-3.928143	 7.534220	 173.074100	 46.443000	-3.484514	-5.335916	 36.498650	-0.543483	 0.317072	 169.395600	 0.468563	 4.013903	 0.000000	 90.000000	 0.000000	 167.376100	 13.838030	 151.200700	-169.907600	-8.569470	-30.040690
-0.002369	-0.165754	-0.002920	 173.451200	 2.073611	-86.377390	-21.928240	 6.407801	 2.271751	-18.930620	 17.552990	 1.673943	 4.310093	-17.772440	 108.761400	-0.813313	 0.122417	-8.559153	-75.201810	-29.683860	-1.469365	 0.732358	 30.202160	 0.105625	-15.194510	 24.038350	-50.755310	-5.458351	-2.008676	 9.967528	 2.503307	-1.126933	 4.530149	 3.268990	-0.633496	-79.873010	 3.806144	 3.106140	 11.957420	-0.275704	 3.148054	 9.074223	 2.901508	 4.351370	-70.122990	 37.167460	 19.708060	 15.065520	-6.822121	 19.211520	 10.843110	-5.640257	 19.245860	-70.294330	 18.345520	 10.335970	 21.471550	-3.898658	 9.395153	 9.482653	-0.473499	 9.975658	-72.408620	-57.435330	-11.462150	 6.752397	 9.288374	-0.525236	 0.082342	-19.363930	-0.175733	 3.200162	 3.572055	-6.317043	 90.819840	-96.506630	-1.444536	-79.297420	-177.628100	-12.785130	 101.778300	-0.813313	 0.122417	-8.559153	-87.501550	-27.688670	-19.473900	-2.229180	-18.781220	 1.803136	-22.442660	-26.285030	-24.662510	-14.612180	-8.886621	 74.964170	 2.456323	-1.169676	 80.641190	 1.351780	 1.727495	-18.241910	-25.927180	 17.462860	-99.884340	-0.151153	 3.238098	 62.682910	 0.188712	 7.210938	-12.056590	-55.763120	 14.504830	-21.482420	-7.777851	 20.950460	-135.922300	-5.536353	 21.442450	 113.170300	-39.163050	-44.382610	 48.347060	-3.484296	 9.763653	 74.841640	-3.959439	 7.546804	 172.307400	 48.056920	-3.655711	-5.638271	 36.498650	-0.543483	 0.317072	 179.731300	 0.531402	 3.944271	 0.000000	 90.000000	 0.000000	 167.454000	 13.855660	 151.142600	-169.832900	-8.547361	-30.081510
-0.002956	-0.165659	-0.003036	 173.397700	 2.076384	-86.384140	-21.909720	 6.348318	 2.261448	-18.912310	 17.376980	 1.668429	 4.304525	-17.733410	 108.789500	-0.813313	 0.122417	-8.559153	-74.954300	-29.557240	-1.363375	 0.805712	 30.242320	 0.086182	-15.166560	 24.059810	-50.875360	-5.458352	-2.008669	 9.967634	 2.503307	-1.126933	 4.530149	 3.268988	-0.633487	-79.872830	 3.806009	 3.106083	 11.957470	-0.275704	 3.148055	 9.074363	 2.901497	 4.351408	-70.122430	 37.168160	 19.708310	 15.065450	-6.822121	 19.211520	 10.843110	-5.640321	 19.245870	-70.297430	 18.345330	 10.335870	 21.471940	-3.898658	 9.395153	 9.482653	-0.473501	 9.975666	-72.408420	-57.433840	-11.461880	 6.752918	 9.288452	-0.525232	 0.082344	-19.363690	-0.175733	 3.200163	 3.568371	-6.271343	 90.804340	-96.385140	-1.427891	-79.154310	-177.620100	-12.793950	 101.841600	-0.813313	 0.122417	-8.559153	-87.651230	-27.654060	-19.521220	-2.236647	-18.749810	 1.808626	-22.902940	-26.301790	-24.517060	-14.627420	-8.919121	 75.097210	 2.456323	-1.169678	 80.643780	 1.344655	 1.730092	-18.095460	-29.363480	 18.149330	-95.395180	-0.142913	 3.256726	 69.541010	 0.188712	 7.210938	-12.056590	-58.764810	 10.720480	-18.417200	-7.767312	 20.959810	-136.688900	-5.469376	 21.439790	 109.894600	-40.861910	-45.101660	 47.166090	-3.484296	 9.763653	 74.841640	-3.999130	 7.563465	 171.328800	 49.626880	-3.814407	-5.917370	 36.498650	-0.543483	 0.317072	-170.210600	 0.579606	 3.866752	 0.000000	 90.000000	 0.000000	 167.534300	 13.860780	 151.085900	-169.742700	-8.533547	-30.107470
-0.003615	-0.165530	-0.003157	 173.393300	 2.091215	-86.389530	-21.887560	 6.253960	 2.248736	-18.888920	 17.081140	 1.661487	 4.296660	-17.678550	 108.828900	-0.813313	 0.122417	-8.559153	-74.612850	-29.383760	-1.214085	 0.887093	 30.299240	 0.064168	-15.089630	 24.070760	-51.009800	-5.458354	-2.008663	 9.967752	 2.503307	-1.126933	 4.530149	 3.268987	-0.633477	-79.872630	 3.805912	 3.106043	 11.957530	-0.275704	 3.148054	 9.074512	 2.901487	 4.351449	-70.121830	 37.169010	 19.708620	 15.065330	-6.822121	 19.211520	 10.843110	-5.640398	 19.245870	-70.301310	 18.345170	 10.335790	 21.472330	-3.898658	 9.395153	 9.482653	-0.473502	 9.975677	-72.408190	-57.431950	-11.461540	 6.753539	 9.288568	-0.525236	 0.082345	-19.363390	-0.175744	 3.200161	 3.562232	-6.174434	 90.783550	-96.216880	-1.342306	-78.969540	-177.612600	-12.790690	 101.923500	-0.813313	 0.122417	-8.559153	-87.852820	-27.589250	-19.612460	-2.244458	-18.729160	 1.816072	-23.540550	-26.336620	-24.363990	-14.645450	-8.957866	 75.255840	 2.456322	-1.169681	 80.646890	 1.336151	 1.733164	-17.920840	-33.636720	 18.693920	-90.006070	-0.136070	 3.280098	 77.744090	 0.188712	 7.210938	-12.056590	-62.064750	 6.266435	-15.272700	-7.750828	 20.973950	-137.869100	-5.383164	 21.431060	 105.656800	-42.951990	-45.929050	 45.692720	-3.484296	 9.763653	 74.841640	-4.058524	 7.589896	 169.850800	 51.504410	-3.992946	-6.232046	 36.498650	-0.543483	 0.317072	-158.180100	 0.618404	 3.764762	 0.000000	 90.000000	 0.000000	 167.632300	 13.854770	 151.025100	-169.618700	-8.527244	-30.130510
-0.004160	-0.165391	-0.003296	 173.404400	 2.097944	-86.389340	-21.869320	 6.157792	 2.239552	-18.869640	 16.798070	 1.657260	 4.287533	-17.620550	 108.865300	-0.813313	 0.122417	-8.559153	-74.297810	-29.215210	-1.085517	 0.948685	 30.353550	 0.047067	-15.007130	 24.071550	-51.109120	-5.458355	-2.008657	 9.967857	 2.503307	-1.126933	 4.530149	 3.268986	-0.633469	-79.872490	 3.805893	 3.106037	 11.957580	-0.275703	 3.148054	 9.074654	 2.901479	 4.351482	-70.121360	 37.169740	 19.708890	 15.065220	-6.822121	 19.211520	 10.843110	-5.640463	 19.245880	-70.304660	 18.345100	 10.335760	 21.472650	-3.898658	 9.395153	 9.482653	-0.473502	 9.975684	-72.408020	-57.430340	-11.461260	 6.754046	 9.288644	-0.525236	 0.082344	-19.363170	-0.175732	 3.200168	 3.555104	-6.011549	 90.764340	-95.977020	-1.218071	-78.829650	-177.611400	-12.761800	 101.989300	-0.813313	 0.122417	-8.559153	-88.034100	-27.508030	-19.725220	-2.250096	-18.701480	 1.822277	-24.117340	-26.358330	-24.239130	-14.660230	-8.989848	 75.386730	 2.456322	-1.169683	 80.649440	 1.329129	 1.735678	-17.776800	-37.276680	 18.905200	-85.558240	-0.132980	 3.300024	 84.534570	 0.188712	 7.210938	-12.056590	-64.608050	 2.672635	-13.051290	-7.733768	 20.987990	-139.067900	-5.307260	 21.418330	 101.887900	-44.730640	-46.585470	 44.422490	-3.484296	 9.763653	 74.841640	-4.117385	 7.617922	 168.368300	 53.058680	-4.130534	-6.477117	 36.498650	-0.543483	 0.317072	-148.221500	 0.633843	 3.675706	 0.000000	 90.000000	 0.000000	 167.711800	 13.842990	 150.986900	-169.508600	-8.530721	-30.151950
-0.004883	-0.165091	-0.003316	 173.387000	 2.078635	-86.384690	-21.853020	 6.057990	 2.233666	-18.853060	 16.528030	 1.656004	 4.275811	-17.553170	 108.900300	-0.813313	 0.122417	-8.559153	-73.992470	-29.042760	-0.967474	 0.999321	 30.408760	 0.032561	-14.932430	 24.069050	-51.185050	-5.458357	-2.008652	 9.967945	 2.503307	-1.126933	 4.530149	 3.268985	-0.633462	-79.872340	 3.805912	 3.106047	 11.957630	-0.275703	 3.148054	 9.074758	 2.901471	 4.351510	-70.120960	 37.170440	 19.709150	 15.065090	-6.822121	 19.211520	 10.843110	-5.640533	 19.245880	-70.307750	 18.345100	 10.335760	 21.472900	-3.898658	 9.395153	 9.482653	-0.473501	 9.975691	-72.407870	-57.428810	-11.461000	 6.754519	 9.288726	-0.525236	 0.082346	-19.362990	-0.175742	 3.200168	 3.546705	-5.764627	 90.745470	-95.625440	-1.073563	-78.663800	-177.610600	-12.731360	 102.053800	-0.813313	 0.122417	-8.559153	-88.569660	-34.490600	-19.712650	-3.076367	-21.489570	 1.494856	-22.194290	-22.951740	-21.999770	-14.673460	-9.018654	 75.504560	 2.456322	-1.169685	 80.651750	 1.322800	 1.737928	-17.647090	-40.617210	 18.904530	-81.576680	-0.132236	 3.318215	 90.665920	 0.188712	 7.210938	-12.056590	-66.790740	-0.480767	-11.311820	-7.715521	 21.002360	-140.326800	-5.235676	 21.401840	 98.284320	-46.374790	-47.154800	 43.235940	-3.484296	 9.763653	 74.841640	-4.177907	 7.648711	 166.823900	 54.462360	-4.246206	-6.686737	 36.498650	-0.543483	 0.317072	-139.229600	 0.634346	 3.594081	 0.000000	 90.000000	 0.000000	 167.779300	 13.829670	 150.969200	-169.406300	-8.539215	-30.155060
-0.005850	-0.164344	-0.003323	 173.349100	 2.023457	-86.380920	-21.833600	 5.921725	 2.231537	-18.834050	 16.172220	 1.659235	 4.258412	-17.457490	 108.945400	-0.813313	 0.122417	-8.559153	-73.600210	-28.810890	-0.823616	 1.054385	 30.480400	 0.016283	-14.861340	 24.066480	-51.253720	-5.458358	-2.008646	 9.968051	 2.503307	-1.126933	 4.530149	 3.268984	-0.633455	-79.872210	 3.805989	 3.106083	 11.957670	-0.275702	 3.148055	 9.074888	 2.901464	 4.351542	-70.120490	 37.171330	 19.709470	 15.064910	-6.822121	 19.211520	 10.843110	-5.640610	 19.245890	-70.311730	 18.345170	 10.335790	 21.473170	-3.898658	 9.395153	 9.482653	-0.473502	 9.975698	-72.407710	-57.426870	-11.460650	 6.755082	 9.288818	-0.525236	 0.082346	-19.362760	-0.175750	 3.200167	 3.535627	-5.450680	 90.721390	-95.154500	-0.895645	-78.345520	-177.599600	-12.734180	 102.159100	-0.813313	 0.122417	-8.559153	-85.615720	-41.363170	-17.245470	-9.290320	-18.314060	 0.593029	-18.584080	-14.162690	-18.525670	-14.689380	-9.053528	 75.647190	 2.456321	-1.169688	 80.654540	 1.315135	 1.740631	-17.490130	-44.709000	 18.658500	-76.817450	-0.133953	 3.340249	 98.110400	 0.188712	 7.210938	-12.056590	-69.330070	-4.175384	-9.508365	-7.689474	 21.021800	-142.085300	-5.145635	 21.374570	 93.657170	-48.419780	-47.814700	 41.744770	-3.484296	 9.763653	 74.841640	-4.260466	 7.694091	 164.680700	 56.167360	-4.374922	-6.926778	 36.498650	-0.543483	 0.317072	-128.312200	 0.617828	 3.496411	 0.000000	 90.000000	 0.000000	 167.847900	 13.804140	 150.975800	-169.281600	-8.553442	-30.099330
-0.006501	-0.163281	-0.003349	 173.320600	 1.950175	-86.383960	-21.816750	 5.788086	 2.236228	-18.818510	 15.832800	 1.668175	 4.241328	-17.364990	 108.987600	-0.813313	 0.122417	-8.559153	-73.236300	-28.587060	-0.696944	 1.097444	 30.544970	 0.003106	-14.836500	 24.069250	-51.287050	-5.458359	-2.008639	 9.968156	 2.503307	-1.126933	 4.530149	 3.268983	-0.633448	-79.872090	 3.806142	 3.106152	 11.957710	-0.275702	 3.148055	 9.075015	 2.901457	 4.351568	-70.120120	 37.172130	 19.709770	 15.064740	-6.822121	 19.211520	 10.843110	-5.640686	 19.245890	-70.315380	 18.345320	 10.335870	 21.473370	-3.898658	 9.395153	 9.482653	-0.473503	 9.975704	-72.407550	-57.425080	-11.460330	 6.755580	 9.288879	-0.525240	 0.082347	-19.362590	-0.175746	 3.200168	 3.526449	-5.279550	 90.699650	-94.820900	-0.759504	-78.056850	-177.582700	-12.764600	 102.273200	-0.813313	 0.122417	-8.559153	-80.138180	-43.313610	-12.389880	-17.663730	-17.861490	-0.153653	-15.581170	-12.748190	-18.500910	-14.703410	-9.084461	 75.773750	 2.456321	-1.169690	 80.657040	 1.308326	 1.743011	-17.350820	-48.356160	 18.216630	-72.676770	-0.137879	 3.359537	 104.739300	 0.188712	 7.210938	-12.056590	-71.515800	-7.329824	-8.163409	-7.662424	 21.040740	-143.868100	-5.063430	 21.342860	 89.309010	-50.285660	-48.371960	 40.370570	-3.484296	 9.763653	 74.841640	-4.341929	 7.742917	 162.519500	 57.686410	-4.478010	-7.127573	 36.498650	-0.543483	 0.317072	-118.591200	 0.587783	 3.413455	 0.000000	 90.000000	 0.000000	 167.888900	 13.765420	 151.007400	-169.177200	-8.570085	-30.009240
-0.006850	-0.162157	-0.003449	 173.319000	 1.868833	-86.386360	-21.802310	 5.660658	 2.248654	-18.806550	 15.516010	 1.683688	 4.226047	-17.281770	 109.026600	-0.813313	 0.122417	-8.559153	-72.905810	-28.377630	-0.586980	 1.131049	 30.600010	-0.007477	-14.850570	 24.075980	-51.293960	-5.458360	-2.008635	 9.968239	 2.503307	-1.126933	 4.530149	 3.268982	-0.633444	-79.872000	 3.806335	 3.106238	 11.957750	-0.275702	 3.148054	 9.075113	 2.901451	 4.351590	-70.119790	 37.172890	 19.710050	 15.064580	-6.822121	 19.211520	 10.843110	-5.640757	 19.245900	-70.318780	 18.345500	 10.335960	 21.473510	-3.898658	 9.395153	 9.482653	-0.473502	 9.975708	-72.407450	-57.423420	-11.460050	 6.756037	 9.288944	-0.525239	 0.082348	-19.362440	-0.175743	 3.200171	 3.518931	-5.226640	 90.680340	-94.612940	-0.668215	-77.884910	-177.563700	-12.805690	 102.386500	-0.813313	 0.122417	-8.559153	-75.230260	-43.892250	-7.937897	-24.816180	-17.627070	-0.663566	-13.092460	-12.531940	-19.217920	-14.715770	-9.111872	 75.885820	 2.456321	-1.169692	 80.659230	 1.302293	 1.745106	-17.227490	-51.578090	 17.653850	-69.094760	-0.143219	 3.376194	 110.629400	 0.188712	 7.210938	-12.056590	-73.416400	-10.019100	-7.158919	-7.635123	 21.058650	-145.627700	-4.989579	 21.308270	 85.269490	-51.978800	-48.842010	 39.113270	-3.484296	 9.763653	 74.841640	-4.420143	 7.793841	 160.395000	 59.037150	-4.559881	-7.296063	 36.498650	-0.543483	 0.317072	-109.953800	 0.549658	 3.344936	 0.000000	 90.000000	 0.000000	 167.909200	 13.726420	 151.053700	-169.099100	-8.594902	-29.910720
-0.006930	-0.160832	-0.003705	 173.370700	 1.755834	-86.376140	-21.786020	 5.500807	 2.276509	-18.795150	 15.125980	 1.714154	 4.209403	-17.188370	 109.074300	-0.813313	 0.122417	-8.559153	-72.511510	-28.120770	-0.461875	 1.165113	 30.658320	-0.018494	-14.893950	 24.081290	-51.283260	-5.458362	-2.008629	 9.968332	 2.503307	-1.126933	 4.530149	 3.268982	-0.633439	-79.871890	 3.806624	 3.106366	 11.957770	-0.275701	 3.148055	 9.075231	 2.901446	 4.351613	-70.119470	 37.173820	 19.710390	 15.064350	-6.822121	 19.211520	 10.843110	-5.640840	 19.245900	-70.322970	 18.345820	 10.336130	 21.473650	-3.898658	 9.395153	 9.482653	-0.473503	 9.975715	-72.407320	-57.421380	-11.459690	 6.756551	 9.289006	-0.525233	 0.082349	-19.362290	-0.175749	 3.200168	 3.509754	-5.205872	 90.657330	-94.432760	-0.608088	-77.842900	-177.539100	-12.860570	 102.529700	-0.813313	 0.122417	-8.559153	-71.247900	-44.193330	-4.272004	-30.644750	-17.501440	-1.110154	-11.058400	-12.419000	-20.614480	-14.730280	-9.144250	 76.018190	 2.456320	-1.169694	 80.661830	 1.295162	 1.747563	-17.081830	-55.350480	 16.790370	-64.990110	-0.151722	 3.395099	 117.609300	 0.188712	 7.210938	-12.056590	-75.636560	-13.061940	-6.185266	-7.598511	 21.080880	-147.931400	-4.902162	 21.258910	 80.274290	-54.027470	-49.367100	 37.579910	-3.484296	 9.763653	 74.841640	-4.519219	 7.864521	 157.623400	 60.639140	-4.644489	-7.484103	 36.498650	-0.543483	 0.317072	-99.718730	 0.491794	 3.272273	 0.000000	 90.000000	 0.000000	 167.913500	 13.685810	 151.128300	-169.035700	-8.638931	-29.789420
-0.006737	-0.159708	-0.003987	 173.458800	 1.653332	-86.358520	-21.772630	 5.359566	 2.310714	-18.787480	 14.785650	 1.749553	 4.192061	-17.096910	 109.114300	-0.813313	 0.122417	-8.559153	-72.179040	-27.898750	-0.361448	 1.189268	 30.700720	-0.026529	-14.950140	 24.082610	-51.260820	-5.458363	-2.008624	 9.968415	 2.503307	-1.126933	 4.530149	 3.268981	-0.633436	-79.871840	 3.806933	 3.106503	 11.957800	-0.275701	 3.148055	 9.075339	 2.901441	 4.351629	-70.119220	 37.174660	 19.710700	 15.064130	-6.822121	 19.211520	 10.843110	-5.640918	 19.245910	-70.326670	 18.346160	 10.336300	 21.473730	-3.898658	 9.395153	 9.482653	-0.473503	 9.975719	-72.407210	-57.419540	-11.459380	 6.757001	 9.289071	-0.525233	 0.082349	-19.362160	-0.175746	 3.200169	 3.500876	-5.150361	 90.637500	-94.294020	-0.648107	-77.899260	-177.518600	-12.902490	 102.654200	-0.813313	 0.122417	-8.559153	-68.624280	-44.243930	-1.881878	-34.585360	-17.567390	-1.399108	-9.676712	-12.543380	-22.015420	-14.742500	-9.171699	 76.130400	 2.456320	-1.169696	 80.664060	 1.289111	 1.749631	-16.958340	-58.505910	 15.898600	-61.631680	-0.160728	 3.410274	 123.549900	 0.188712	 7.210938	-12.056590	-77.511760	-15.525460	-5.530837	-7.563483	 21.100400	-150.082800	-4.828857	 21.209410	 75.850910	-55.806330	-49.785630	 36.238700	-3.484296	 9.763653	 74.841640	-4.608271	 7.934516	 155.042900	 62.003930	-4.705318	-7.634543	 36.498650	-0.543483	 0.317072	-91.008070	 0.433029	 3.219361	 0.000000	 90.000000	 0.000000	 167.888900	 13.650930	 151.208300	-169.005300	-8.675479	-29.697360
-0.006330	-0.158568	-0.004294	 173.567700	 1.552801	-86.334550	-21.759790	 5.219774	 2.352497	-18.781500	 14.450970	 1.791576	 4.167062	-16.977550	 109.150400	-0.813313	 0.122417	-8.559153	-71.863340	-27.683610	-0.270506	 1.208666	 30.736990	-0.033219	-15.018680	 24.082680	-51.229230	-5.458363	-2.008620	 9.968479	 2.503307	-1.126933	 4.530149	 3.268981	-0.633433	-79.871790	 3.807317	 3.106674	 11.957820	-0.275701	 3.148054	 9.075436	 2.901438	 4.351644	-70.119020	 37.175480	 19.711000	 15.063890	-6.822121	 19.211520	 10.843110	-5.640994	 19.245910	-70.330420	 18.346580	 10.336520	 21.473760	-3.898658	 9.395153	 9.482653	-0.473504	 9.975722	-72.407120	-57.417690	-11.459060	 6.757449	 9.289115	-0.525243	 0.082350	-19.362060	-0.175751	 3.200169	 3.490975	-5.030159	 90.618040	-94.133200	-0.783772	-78.016010	-177.497000	-12.952860	 102.773300	-0.813313	 0.122417	-8.559153	-66.158360	-44.068910	 0.239384	-38.323950	-17.703610	-1.623965	-8.357674	-12.850880	-23.341730	-14.754300	-9.198340	 76.239300	 2.456320	-1.169698	 80.666190	 1.283236	 1.751627	-16.838510	-61.518300	 14.902880	-58.491380	-0.170964	 3.424081	 129.334500	 0.188712	 7.210938	-12.056590	-79.335080	-17.810850	-5.039351	-7.525742	 21.119620	-152.350100	-4.759413	 21.154380	 71.397640	-57.568890	-50.167170	 34.901650	-3.484296	 9.763653	 74.841640	-4.698365	 8.012298	 152.330000	 63.334360	-4.754189	-7.772905	 36.498650	-0.543483	 0.317072	-82.526080	 0.368735	 3.176963	 0.000000	 90.000000	 0.000000	 167.827300	 13.603310	 151.301100	-168.987200	-8.698144	-29.607540
-0.005570	-0.157217	-0.004636	 173.711800	 1.437048	-86.303730	-21.744890	 5.058197	 2.410295	-18.775970	 14.064740	 1.848415	 4.134216	-16.825680	 109.189700	-0.813313	 0.122417	-8.559153	-71.514600	-27.441080	-0.175560	 1.226126	 30.771090	-0.039494	-15.110430	 24.080130	-51.184430	-5.458365	-2.008615	 9.968575	 2.503307	-1.126933	 4.530149	 3.268981	-0.633431	-79.871740	 3.807857	 3.106911	 11.957820	-0.275700	 3.148055	 9.075549	 2.901434	 4.351657	-70.118820	 37.176520	 19.711390	 15.063590	-6.822121	 19.211520	 10.843110	-5.641086	 19.245920	-70.334980	 18.347180	 10.336830	 21.473750	-3.898658	 9.395153	 9.482653	-0.473505	 9.975727	-72.407040	-57.415440	-11.458670	 6.757959	 9.289166	-0.525236	 0.082349	-19.361970	-0.175753	 3.200171	 3.478576	-4.859448	 90.595900	-93.869870	-0.975131	-78.194190	-177.466600	-13.042350	 102.903500	-0.813313	 0.122417	-8.559153	-64.046300	-43.953440	 2.320890	-41.683120	-17.909010	-1.775247	-7.224893	-13.276140	-24.699250	-14.767840	-9.229090	 76.364960	 2.456319	-1.169700	 80.668670	 1.276450	 1.753913	-16.700220	-64.924190	 13.606900	-55.022650	-0.184497	 3.438697	 136.038300	 0.188712	 7.210938	-12.056590	-81.455180	-20.317640	-4.641057	-7.477279	 21.141740	-155.195400	-4.682605	 21.082100	 66.065630	-59.647560	-50.576100	 33.315350	-3.484296	 9.763653	 74.841640	-4.805754	 8.115461	 148.933600	 64.878050	-4.797512	-7.923642	 36.498650	-0.543483	 0.317072	-72.696920	 0.287392	 3.140336	 0.000000	 90.000000	 0.000000	 167.718200	 13.542540	 151.422300	-168.976500	-8.714004	-29.468150
-0.004829	-0.156170	-0.004867	 173.818900	 1.346433	-86.274940	-21.732780	 4.940201	 2.465790	-18.773550	 13.786390	 1.902213	 4.108948	-16.709450	 109.219200	-0.813313	 0.122417	-8.559153	-71.270030	-27.257890	-0.120856	 1.236745	 30.791590	-0.043488	-15.193180	 24.074730	-51.143500	-5.458366	-2.008611	 9.968642	 2.503307	-1.126933	 4.530149	 3.268981	-0.633430	-79.871710	 3.808530	 3.107208	 11.957820	-0.275700	 3.148055	 9.075635	 2.901432	 4.351666	-70.118680	 37.177720	 19.711830	 15.063220	-6.822121	 19.211520	 10.843110	-5.641169	 19.245930	-70.338940	 18.347950	 10.337230	 21.473660	-3.898658	 9.395153	 9.482653	-0.473504	 9.975729	-72.406990	-57.413490	-11.458340	 6.758376	 9.289202	-0.525233	 0.082350	-19.361910	-0.175752	 3.200171	 3.467503	-4.694079	 90.577990	-93.621020	-1.095779	-78.350130	-177.445200	-13.103180	 102.998100	-0.813313	 0.122417	-8.559153	-62.655870	-43.792310	 3.686528	-43.748080	-18.036380	-1.826826	-6.661027	-13.570820	-25.530370	-14.779090	-9.254787	 76.469960	 2.456319	-1.169702	 80.670750	 1.270776	 1.755811	-16.584670	-67.704780	 12.415030	-52.259480	-0.197105	 3.449671	 141.662000	 0.188712	 7.210938	-12.056590	-83.246800	-22.302410	-4.442435	-7.432522	 21.159770	-157.766400	-4.622288	 21.014480	 61.459080	-61.419820	-50.890740	 31.955590	-3.484296	 9.763653	 74.841640	-4.897156	 8.213731	 145.870800	 66.174830	-4.822345	-8.042487	 36.498650	-0.543483	 0.317072	-64.451390	 0.215147	 3.120697	 0.000000	 90.000000	 0.000000	 167.603400	 13.497650	 151.531400	-168.984100	-8.745268	-29.337100
-0.004063	-0.155377	-0.005023	 173.881600	 1.270570	-86.225360	-21.726150	 4.858303	 2.524181	-18.776140	 13.603020	 1.958365	 4.092471	-16.631130	 109.243400	-0.813313	 0.122417	-8.559153	-71.109900	-27.114230	-0.105628	 1.243530	 30.802810	-0.046185	-15.273190	 24.065790	-51.104870	-5.458367	-2.008608	 9.968693	 2.503307	-1.126933	 4.530149	 3.268981	-0.633430	-79.871710	 3.809591	 3.107674	 11.957800	-0.275700	 3.148055	 9.075724	 2.901430	 4.351672	-70.118590	 37.179620	 19.712520	 15.062580	-6.822121	 19.211520	 10.843110	-5.641247	 19.245930	-70.342900	 18.349190	 10.337870	 21.473470	-3.898658	 9.395153	 9.482653	-0.473504	 9.975731	-72.406940	-57.411510	-11.458000	 6.758785	 9.289245	-0.525233	 0.082350	-19.361850	-0.175749	 3.200170	 3.456381	-4.519639	 90.561650	-93.442500	-1.150423	-78.481770	-177.435800	-13.127940	 103.043700	-0.813313	 0.122417	-8.559153	-61.761580	-43.564390	 4.440135	-45.081410	-18.127690	-1.827176	-6.373733	-13.790670	-26.054580	-14.789770	-9.279317	 76.570120	 2.456319	-1.169704	 80.672740	 1.265360	 1.757611	-16.474440	-70.299260	 11.195020	-49.741320	-0.210136	 3.458978	 147.048400	 0.188712	 7.210938	-12.056590	-84.979160	-24.101820	-4.363363	-7.386004	 21.176230	-160.390000	-4.568972	 20.943950	 56.940930	-63.140390	-51.167080	 30.629750	-3.484296	 9.763653	 74.841640	-4.984686	 8.318647	 142.750600	 67.418540	-4.835924	-8.150141	 36.498650	-0.543483	 0.317072	-56.554070	 0.143993	 3.111792	 0.000000	 90.000000	 0.000000	 167.481100	 13.470110	 151.638200	-169.003300	-8.789570	-29.213080
-0.002999	-0.154763	-0.005094	 173.925400	 1.202357	-86.124620	-21.731770	 4.793495	 2.595991	-18.787640	 13.471140	 2.026924	 4.084058	-16.585370	 109.266400	-0.813313	 0.122417	-8.559153	-71.003680	-26.987300	-0.124176	 1.247430	 30.803610	-0.047844	-15.360430	 24.049660	-51.065520	-5.458368	-2.008603	 9.968785	 2.503307	-1.126933	 4.530149	 3.268981	-0.633430	-79.871730	 3.811287	 3.108418	 11.957740	-0.275700	 3.148055	 9.075822	 2.901429	 4.351676	-70.118540	 37.182680	 19.713660	 15.061540	-6.822121	 19.211520	 10.843110	-5.641346	 19.245940	-70.347630	 18.351210	 10.338910	 21.473080	-3.898658	 9.395153	 9.482653	-0.473504	 9.975733	-72.406900	-57.409180	-11.457600	 6.759247	 9.289287	-0.525233	 0.082349	-19.361830	-0.175749	 3.200171	 3.443035	-4.303598	 90.544260	-93.299190	-1.162826	-78.669620	-177.435300	-13.133890	 103.036800	-0.813313	 0.122417	-8.559153	-61.264280	-43.445130	 4.969527	-46.037910	-18.323990	-1.797948	-6.504230	-14.046470	-26.511040	-14.801920	-9.307376	 76.684780	 2.456318	-1.169706	 80.675020	 1.259155	 1.759659	-16.348270	-73.196970	 9.710674	-47.003060	-0.226119	 3.468113	 153.240400	 0.188712	 7.210938	-12.056590	-86.995290	-26.047120	-4.401542	-7.327972	 21.193660	-163.605300	-4.514136	 20.856290	 51.629840	-65.144330	-51.453690	 29.079190	-3.484296	 9.763653	 74.841640	-5.083734	 8.453147	 138.933100	 68.850460	-4.838717	-8.266794	 36.498650	-0.543483	 0.317072	-47.475530	 0.061604	 3.113742	 0.000000	 90.000000	 0.000000	 167.333100	 13.464190	 151.759300	-169.040900	-8.853717	-29.093040
-0.002065	-0.154467	-0.005082	 173.951000	 1.160327	-86.027020	-21.746130	 4.755706	 2.658556	-18.803640	 13.405410	 2.086053	 4.081637	-16.568010	 109.280700	-0.813313	 0.122417	-8.559153	-70.966780	-26.917300	-0.160992	 1.248583	 30.787080	-0.048032	-15.424420	 24.030190	-51.040820	-5.458369	-2.008600	 9.968830	 2.503307	-1.126933	 4.530149	 3.268981	-0.633432	-79.871770	 3.813117	 3.109220	 11.957650	-0.275700	 3.148055	 9.075884	 2.901429	 4.351676	-70.118540	 37.185970	 19.714870	 15.060410	-6.822121	 19.211520	 10.843110	-5.641429	 19.245940	-70.351770	 18.353390	 10.340040	 21.472650	-3.898658	 9.395153	 9.482653	-0.473504	 9.975734	-72.406880	-57.407110	-11.457260	 6.759620	 9.289307	-0.525233	 0.082351	-19.361830	-0.175749	 3.200171	 3.431453	-4.113441	 90.531200	-93.221480	-1.132115	-78.899700	-177.438800	-13.126340	 103.017600	-0.813313	 0.122417	-8.559153	-61.159260	-43.385640	 5.086233	-46.332680	-18.569850	-1.767546	-6.704583	-14.291220	-26.822450	-14.812000	-9.330780	 76.780370	 2.456318	-1.169707	 80.676900	 1.253979	 1.761356	-16.243070	-75.554240	 8.410180	-44.838070	-0.240202	 3.474403	 158.427000	 0.188712	 7.210938	-12.056590	-88.707380	-27.574810	-4.535641	-7.275530	 21.206580	-166.465900	-4.474360	 20.777910	 47.095050	-66.842770	-51.667610	 27.760280	-3.484296	 9.763653	 74.841640	-5.163971	 8.577846	 135.541500	 70.051720	-4.830187	-8.359013	 36.498650	-0.543483	 0.317072	-39.871350	-0.006466	 3.125362	 0.000000	 90.000000	 0.000000	 167.204900	 13.476320	 151.856300	-169.083900	-8.914412	-29.017650
-0.001182	-0.154320	-0.005058	 173.973200	 1.128876	-85.941260	-21.767120	 4.726115	 2.719725	-18.823790	 13.361120	 2.143218	 4.079356	-16.554360	 109.289300	-0.813313	 0.122417	-8.559153	-70.964960	-26.884710	-0.207165	 1.248841	 30.750270	-0.047213	-15.473440	 24.005040	-51.028090	-5.458370	-2.008597	 9.968884	 2.503307	-1.126933	 4.530149	 3.268981	-0.633435	-79.871820	 3.815237	 3.110148	 11.957550	-0.275699	 3.148055	 9.075972	 2.901431	 4.351673	-70.118590	 37.189790	 19.716280	 15.059080	-6.822121	 19.211520	 10.843110	-5.641515	 19.245950	-70.355930	 18.355900	 10.341340	 21.472120	-3.898658	 9.395153	 9.482653	-0.473504	 9.975734	-72.406880	-57.405040	-11.456910	 6.760002	 9.289330	-0.525240	 0.082351	-19.361850	-0.175749	 3.200171	 3.419933	-3.925171	 90.520220	-93.172790	-1.074521	-79.092540	-177.445400	-13.115000	 102.974000	-0.813313	 0.122417	-8.559153	-61.374490	-43.420550	 4.920104	-46.295700	-18.874220	-1.755599	-6.980859	-14.533110	-27.178050	-14.821660	-9.353304	 76.872380	 2.456318	-1.169709	 80.678750	 1.248996	 1.762980	-16.141860	-77.772670	 7.112121	-42.856090	-0.254301	 3.479250	 163.439600	 0.188712	 7.210938	-12.056590	-90.384280	-28.962910	-4.750240	-7.221489	 21.217220	-169.378700	-4.441910	 20.698390	 42.647850	-68.499930	-51.851190	 26.469760	-3.484296	 9.763653	 74.841640	-5.237778	 8.709221	 132.092100	 71.214450	-4.812227	-8.443629	 36.498650	-0.543483	 0.317072	-32.522290	-0.070225	 3.145069	 0.000000	 90.000000	 0.000000	 167.080900	 13.501840	 151.942800	-169.133100	-8.974510	-28.962010
-0.000288	-0.154256	-0.005016	 173.985800	 1.093583	-85.869520	-21.799160	 4.704818	 2.790038	-18.853260	 13.344490	 2.208034	 4.079457	-16.552450	 109.293500	-0.813313	 0.122417	-8.559153	-70.991310	-26.890970	-0.247795	 1.246991	 30.686320	-0.044890	-15.508810	 23.966860	-51.031890	-5.458371	-2.008594	 9.968941	 2.503307	-1.126933	 4.530149	 3.268981	-0.633438	-79.871880	 3.818109	 3.111407	 11.957420	-0.275699	 3.148055	 9.076057	 2.901432	 4.351666	-70.118680	 37.194950	 19.718190	 15.057280	-6.822121	 19.211520	 10.843110	-5.641616	 19.245960	-70.360980	 18.359330	 10.343120	 21.471370	-3.898658	 9.395153	 9.482653	-0.473503	 9.975733	-72.406900	-57.402520	-11.456480	 6.760429	 9.289338	-0.525240	 0.082350	-19.361890	-0.175744	 3.200172	 3.406226	-3.705677	 90.509920	-93.134250	-0.986192	-79.103040	-177.454300	-13.105460	 102.905200	-0.813313	 0.122417	-8.559153	-61.952600	-43.579040	 4.456449	-45.574710	-19.313980	-1.757150	-7.681801	-14.752970	-27.724990	-14.832770	-9.379358	 76.978770	 2.456317	-1.169711	 80.680860	 1.243229	 1.764847	-16.024780	-80.279280	 5.562253	-40.686770	-0.271146	 3.483313	 169.265400	 0.188712	 7.210938	-12.056590	-92.362270	-30.466880	-5.100318	-7.154529	 21.226760	-172.951200	-4.412298	 20.602060	 37.413500	-70.443450	-52.035450	 24.952280	-3.484296	 9.763653	 74.841640	-5.317096	 8.875705	 127.866700	 72.568170	-4.778996	-8.536793	 36.498650	-0.543483	 0.317072	-23.980850	-0.140449	 3.177981	 0.000000	 90.000000	 0.000000	 166.941200	 13.547240	 152.029800	-169.196500	-9.039814	-28.911950
 0.000323	-0.154241	-0.004984	 173.958200	 1.051244	-85.825730	-21.831210	 4.712447	 2.845971	-18.883770	 13.395900	 2.258941	 4.085215	-16.575110	 109.293600	-0.813313	 0.122417	-8.559153	-71.023750	-26.932420	-0.247023	 1.242861	 30.620850	-0.041798	-15.521160	 23.927310	-51.042030	-5.458371	-2.008591	 9.968986	 2.503307	-1.126933	 4.530149	 3.268982	-0.633442	-79.871970	 3.820806	 3.112589	 11.957300	-0.275699	 3.148055	 9.076107	 2.901433	 4.351659	-70.118800	 37.199850	 19.719990	 15.055580	-6.822121	 19.211520	 10.843110	-5.641707	 19.245960	-70.365310	 18.362570	 10.344790	 21.470650	-3.898658	 9.395153	 9.482653	-0.473503	 9.975731	-72.406930	-57.400340	-11.456110	 6.760791	 9.289351	-0.525240	 0.082351	-19.361940	-0.175752	 3.200171	 3.395081	-3.567998	 90.504020	-93.106920	-0.896802	-78.989300	-177.459800	-13.108370	 102.846200	-0.813313	 0.122417	-8.559153	-62.728650	-43.810350	 3.875669	-44.425700	-19.717880	-1.751954	-8.585943	-14.873620	-28.145930	-14.841820	-9.400676	 77.065840	 2.456317	-1.169713	 80.682620	 1.238506	 1.766366	-15.928980	-82.284930	 4.261516	-39.008570	-0.285251	 3.485362	 174.056600	 0.188712	 7.210938	-12.056590	-94.013020	-31.615480	-5.465806	-7.096155	 21.231860	-176.043100	-4.394940	 20.520390	 33.068480	-72.054260	-52.163170	 23.691800	-3.484296	 9.763653	 74.841640	-5.375511	 9.023908	 124.213500	 73.683400	-4.741432	-8.609510	 36.498650	-0.543483	 0.317072	-16.956230	-0.194014	 3.212634	 0.000000	 90.000000	 0.000000	 166.832300	 13.591480	 152.086800	-169.250700	-9.084133	-28.876490
 0.000859	-0.154285	-0.004958	 173.892000	 0.998992	-85.786000	-21.870650	 4.744888	 2.903332	-18.923240	 13.513110	 2.310250	 4.094363	-16.613410	 109.289500	-0.813313	 0.122417	-8.559153	-71.071850	-27.005200	-0.221372	 1.234670	 30.540870	-0.037177	-15.520800	 23.874270	-51.044090	-5.458371	-2.008589	 9.969023	 2.503307	-1.126933	 4.530149	 3.268983	-0.633448	-79.872090	 3.824103	 3.114033	 11.957130	-0.275699	 3.148055	 9.076172	 2.901437	 4.351645	-70.119000	 37.205790	 19.722190	 15.053480	-6.822121	 19.211520	 10.843110	-5.641806	 19.245970	-70.370250	 18.366500	 10.346820	 21.469740	-3.898658	 9.395153	 9.482653	-0.473504	 9.975730	-72.406970	-57.397870	-11.455700	 6.761160	 9.289371	-0.525236	 0.082351	-19.362020	-0.175747	 3.200171	 3.383337	-3.503211	 90.500820	-93.112430	-0.777285	-78.993800	-177.467200	-13.112630	 102.766100	-0.813313	 0.122417	-8.559153	-63.707440	-44.045930	 3.038782	-43.026910	-20.236320	-1.751798	-9.575765	-15.060850	-28.525340	-14.851640	-9.423912	 77.160680	 2.456317	-1.169714	 80.684510	 1.233359	 1.768011	-15.824610	-84.426020	 2.817264	-37.277870	-0.300833	 3.486248	 179.303200	 0.188712	 7.210938	-12.056590	-95.845420	-32.781540	-5.942350	-7.028913	 21.234070	-179.591600	-4.383532	 20.429300	 28.284460	-73.829220	-52.278000	 22.300510	-3.484296	 9.763653	 74.841640	-5.430567	 9.197885	 120.024800	 74.906780	-4.689401	-8.685418	 36.498650	-0.543483	 0.317072	-9.263879	-0.247317	 3.257771	 0.000000	 90.000000	 0.000000	 166.721300	 13.638070	 152.129500	-169.307700	-9.113048	-28.836000
 0.001223	-0.154462	-0.004915	 173.818900	 0.966333	-85.753190	-21.905480	 4.788866	 2.946262	-18.960410	 13.652190	 2.347658	 4.109075	-16.674210	 109.284400	-0.813313	 0.122417	-8.559153	-71.138180	-27.083960	-0.197964	 1.224084	 30.472190	-0.032311	-15.510510	 23.823150	-51.039260	-5.458372	-2.008587	 9.969067	 2.503307	-1.126933	 4.530149	 3.268983	-0.633453	-79.872180	 3.827090	 3.115342	 11.956990	-0.275699	 3.148055	 9.076229	 2.901439	 4.351632	-70.119170	 37.211190	 19.724190	 15.051580	-6.822121	 19.211520	 10.843110	-5.641893	 19.245980	-70.374530	 18.370090	 10.348690	 21.468900	-3.898658	 9.395153	 9.482653	-0.473505	 9.975726	-72.407020	-57.395730	-11.455340	 6.761475	 9.289371	-0.525236	 0.082351	-19.362100	-0.175749	 3.200171	 3.373682	-3.483405	 90.501010	-93.183920	-0.672062	-79.082310	-177.480300	-13.098790	 102.663900	-0.813313	 0.122417	-8.559153	-64.914030	-44.266260	 1.945049	-41.289210	-20.821310	-1.732029	-10.634070	-15.279970	-28.880530	-14.859700	-9.443091	 77.239010	 2.456316	-1.169716	 80.686090	 1.229108	 1.769363	-15.738460	-86.160670	 1.607941	-35.924660	-0.313779	 3.485899	-176.343900	 0.188712	 7.210938	-12.056590	-97.384860	-33.676000	-6.395257	-6.970608	 21.232860	 177.332800	-4.380246	 20.353060	 24.307430	-75.309170	-52.353220	 21.138920	-3.484296	 9.763653	 74.841640	-5.467740	 9.351359	 116.397000	 75.923500	-4.637402	-8.745665	 36.498650	-0.543483	 0.317072	-2.881875	-0.286631	 3.300369	 0.000000	 90.000000	 0.000000	 166.639500	 13.674010	 152.149400	-169.350100	-9.116150	-28.795070
 0.001607	-0.154800	-0.004857	 173.713200	 0.936244	-85.707850	-21.948700	 4.860595	 2.990690	-19.010540	 13.864320	 2.384660	 4.134197	-16.778000	 109.275800	-0.813313	 0.122417	-8.559153	-71.255070	-27.206420	-0.181970	 1.207747	 30.376610	-0.025061	-15.487180	 23.753000	-51.026330	-5.458373	-2.008584	 9.969102	 2.503307	-1.126933	 4.530149	 3.268985	-0.633461	-79.872330	 3.831078	 3.117088	 11.956780	-0.275698	 3.148055	 9.076280	 2.901446	 4.351611	-70.119490	 37.218360	 19.726830	 15.049020	-6.822121	 19.211520	 10.843110	-5.642003	 19.245990	-70.379980	 18.374870	 10.351160	 21.467750	-3.898658	 9.395153	 9.482653	-0.473505	 9.975723	-72.407070	-57.392990	-11.454880	 6.761860	 9.289351	-0.525240	 0.082351	-19.362240	-0.175749	 3.200170	 3.362113	-3.505981	 90.505950	-93.338110	-0.546905	-79.186250	-177.502800	-13.065170	 102.506500	-0.813313	 0.122417	-8.559153	-66.770690	-44.574210	 0.284997	-38.810780	-21.676280	-1.691834	-12.163740	-15.597440	-29.397030	-14.869460	-9.466419	 77.334230	 2.456316	-1.169717	 80.687970	 1.223933	 1.770999	-15.633650	-88.234530	 0.120194	-34.368000	-0.329525	 3.484142	-171.017800	 0.188712	 7.210938	-12.056590	-99.290890	-34.680130	-7.016214	-6.896374	 21.227070	 173.403900	-4.383899	 20.259900	 19.450410	-77.127320	-52.420250	 19.710470	-3.484296	 9.763653	 74.841640	-5.500772	 9.550014	 111.766400	 77.169770	-4.562619	-8.816340	 36.498650	-0.543483	 0.317072	 4.927040	-0.327922	 3.358015	 0.000000	 90.000000	 0.000000	 166.557300	 13.712410	 152.159200	-169.397100	-9.096382	-28.742300
 0.001870	-0.155134	-0.004830	 173.632900	 0.919329	-85.673280	-21.981980	 4.933954	 3.010815	-19.052740	 14.065040	 2.398421	 4.158816	-16.880110	 109.266600	-0.813313	 0.122417	-8.559153	-71.379860	-27.346630	-0.177411	 1.194755	 30.284850	-0.018571	-15.461950	 23.701910	-51.007920	-5.458373	-2.008583	 9.969133	 2.503307	-1.126933	 4.530149	 3.268986	-0.633469	-79.872490	 3.834567	 3.118616	 11.956590	-0.275698	 3.148055	 9.076324	 2.901451	 4.351590	-70.119790	 37.224650	 19.729160	 15.046780	-6.822121	 19.211520	 10.843110	-5.642099	 19.245990	-70.384630	 18.379040	 10.353320	 21.466730	-3.898658	 9.395153	 9.482653	-0.473503	 9.975722	-72.407180	-57.390650	-11.454480	 6.762170	 9.289351	-0.525240	 0.082351	-19.362380	-0.175752	 3.200168	 3.353311	-3.602401	 90.514850	-93.503020	-0.459233	-79.158950	-177.524300	-13.029000	 102.362900	-0.813313	 0.122417	-8.559153	-68.488460	-44.869300	-1.170834	-36.843690	-22.436740	-1.658680	-13.539820	-15.869790	-29.906250	-14.877330	-9.485303	 77.411340	 2.456316	-1.169719	 80.689520	 1.219743	 1.772316	-15.548830	-89.885700	-1.093613	-33.178860	-0.342179	 3.481639	-166.681700	 0.188712	 7.210938	-12.056590	-100.859400	-35.423980	-7.572596	-6.833802	 21.218440	 170.068000	-4.393003	 20.184910	 15.520500	-78.611930	-52.454360	 18.543250	-3.484296	 9.763653	 74.841640	-5.515971	 9.720083	 107.837400	 78.186310	-4.492455	-8.871631	 36.498650	-0.543483	 0.317072	 11.284570	-0.355496	 3.408747	 0.000000	 90.000000	 0.000000	 166.509200	 13.737210	 152.159400	-169.433400	-9.063815	-28.712080
 0.001993	-0.155496	-0.004807	 173.575200	 0.909943	-85.655430	-22.010780	 5.022208	 3.006739	-19.092970	 14.287250	 2.387527	 4.185076	-16.989810	 109.255600	-0.813313	 0.122417	-8.559153	-71.532680	-27.528950	-0.166454	 1.182072	 30.199290	-0.012145	-15.434420	 23.672880	-50.979640	-5.458373	-2.008582	 9.969142	 2.503307	-1.126933	 4.530149	 3.268987	-0.633478	-79.872670	 3.838209	 3.120211	 11.956400	-0.275698	 3.148055	 9.076368	 2.901457	 4.351566	-70.120140	 37.231200	 19.731570	 15.044420	-6.822121	 19.211520	 10.843110	-5.642197	 19.246000	-70.389400	 18.383410	 10.355570	 21.465640	-3.898658	 9.395153	 9.482653	-0.473503	 9.975716	-72.407260	-57.388250	-11.454090	 6.762456	 9.289330	-0.525240	 0.082351	-19.362540	-0.175738	 3.200170	 3.344979	-3.740580	 90.527850	-93.686000	-0.391620	-79.026370	-177.546100	-12.990450	 102.219100	-0.813313	 0.122417	-8.559153	-70.330350	-45.141880	-2.742715	-34.595010	-23.229620	-1.603620	-14.954320	-16.139990	-30.390950	-14.885010	-9.503816	 77.486890	 2.456316	-1.169720	 80.691070	 1.215635	 1.773600	-15.465700	-91.482190	-2.288853	-32.073590	-0.354429	 3.478243	-162.408500	 0.188712	 7.210938	-12.056590	-102.418400	-36.092180	-8.162331	-6.770498	 21.206120	 166.657700	-4.407146	 20.112420	 11.685540	-80.077670	-52.469930	 17.390470	-3.484296	 9.763653	 74.841640	-5.519253	 9.894403	 103.823100	 79.189840	-4.414997	-8.924356	 36.498650	-0.543483	 0.317072	 17.549900	-0.377009	 3.461429	 0.000000	 90.000000	 0.000000	 166.487800	 13.751460	 152.156600	-169.467700	-9.018979	-28.691210
 0.001888	-0.155965	-0.004726	 173.521400	 0.903065	-85.654420	-22.037020	 5.141783	 2.976996	-19.137800	 14.571080	 2.347430	 4.215336	-17.117810	 109.240200	-0.813313	 0.122417	-8.559153	-71.750040	-27.790770	-0.149704	 1.167002	 30.107050	-0.004582	-15.401300	 23.663930	-50.937180	-5.458373	-2.008580	 9.969174	 2.503307	-1.126933	 4.530149	 3.268989	-0.633489	-79.872870	 3.842623	 3.122143	 11.956160	-0.275698	 3.148055	 9.076408	 2.901465	 4.351533	-70.120610	 37.239160	 19.734510	 15.041570	-6.822121	 19.211520	 10.843110	-5.642312	 19.246010	-70.395110	 18.388680	 10.358300	 21.464280	-3.898658	 9.395153	 9.482653	-0.473502	 9.975711	-72.407400	-57.385370	-11.453610	 6.762803	 9.289317	-0.525239	 0.082350	-19.362750	-0.175749	 3.200165	 3.335618	-3.913906	 90.547620	-93.901890	-0.337241	-78.861000	-177.569100	-12.949410	 102.066600	-0.813313	 0.122417	-8.559153	-72.576980	-45.342080	-4.789675	-31.247690	-24.165840	-1.480962	-16.570930	-16.446730	-30.786390	-14.893730	-9.524905	 77.572990	 2.456316	-1.169722	 80.692800	 1.210952	 1.775057	-15.371000	-93.278240	-3.655165	-30.884770	-0.368121	 3.473241	-157.507200	 0.188712	 7.210938	-12.056590	-104.220300	-36.779010	-8.885309	-6.696249	 21.186890	 162.593200	-4.429274	 20.031850	 7.356791	-81.760540	-52.465640	 16.066810	-3.484296	 9.763653	 74.841640	-5.506998	 10.101580	 99.041460	 80.343050	-4.315787	-8.982951	 36.498650	-0.543483	 0.317072	 24.736250	-0.394436	 3.524319	 0.000000	 90.000000	 0.000000	 166.505700	 13.750570	 152.155000	-169.505600	-8.954315	-28.674350
 0.001668	-0.156601	-0.004599	 173.476000	 0.923603	-85.661900	-22.065400	 5.253664	 2.936035	-19.174070	 14.827240	 2.294464	 4.240828	-17.226560	 109.225700	-0.813313	 0.122417	-8.559153	-71.968020	-28.047500	-0.136085	 1.153430	 30.035620	 0.001929	-15.374390	 23.674560	-50.896290	-5.458374	-2.008579	 9.969183	 2.503307	-1.126933	 4.530149	 3.268991	-0.633499	-79.873070	 3.846439	 3.123814	 11.955950	-0.275698	 3.148055	 9.076430	 2.901473	 4.351503	-70.121050	 37.246010	 19.737040	 15.039090	-6.822121	 19.211520	 10.843110	-5.642413	 19.246010	-70.400030	 18.393240	 10.360660	 21.463070	-3.898658	 9.395153	 9.482653	-0.473502	 9.975704	-72.407540	-57.382870	-11.453200	 6.763075	 9.289287	-0.525233	 0.082349	-19.362960	-0.175738	 3.200168	 3.328120	-4.075985	 90.567670	-94.117130	-0.308358	-78.930240	-177.590700	-12.907960	 101.928100	-0.813313	 0.122417	-8.559153	-75.125070	-45.455270	-7.116805	-27.772850	-25.081320	-1.313384	-18.212980	-16.770860	-30.971530	-14.900830	-9.542163	 77.643450	 2.456315	-1.169723	 80.694240	 1.207117	 1.776242	-15.293470	-94.731740	-4.774695	-29.966700	-0.379048	 3.468254	-153.468900	 0.188712	 7.210938	-12.056590	-105.713800	-37.280800	-9.514989	-6.634081	 21.166600	 159.119500	-4.451787	 19.968150	 3.867129	-83.147240	-52.444290	 14.976300	-3.484296	 9.763653	 74.841640	-5.482664	 10.277140	 94.956890	 81.295070	-4.225574	-9.029927	 36.498650	-0.543483	 0.317072	 30.657450	-0.402786	 3.577450	 0.000000	 90.000000	 0.000000	 166.554700	 13.740760	 152.127800	-169.537600	-8.893628	-28.679610
 0.001327	-0.157627	-0.004372	 173.421300	 0.986482	-85.668970	-22.116690	 5.373420	 2.885200	-19.209490	 15.097010	 2.227376	 4.269186	-17.346720	 109.211200	-0.813313	 0.122417	-8.559153	-72.220960	-28.333720	-0.126561	 1.138419	 29.969340	 0.008673	-15.349950	 23.699000	-50.853100	-5.458374	-2.008578	 9.969204	 2.503307	-1.126933	 4.530149	 3.268992	-0.633511	-79.873310	 3.850314	 3.125511	 11.955750	-0.275698	 3.148055	 9.076467	 2.901482	 4.351470	-70.121540	 37.252980	 19.739610	 15.036550	-6.822121	 19.211520	 10.843110	-5.642516	 19.246020	-70.405070	 18.397860	 10.363050	 21.461850	-3.898658	 9.395153	 9.482653	-0.473500	 9.975698	-72.407680	-57.380340	-11.452780	 6.763342	 9.289245	-0.525233	 0.082350	-19.363170	-0.175732	 3.200168	 3.321503	-4.295279	 90.590770	-94.411220	-0.304937	-79.199200	-177.619700	-12.848260	 101.746800	-0.813313	 0.122417	-8.559153	-78.417760	-45.322760	-10.162140	-23.274410	-26.078940	-0.995668	-20.238300	-17.192190	-31.007390	-14.907730	-9.558977	 77.712110	 2.456315	-1.169724	 80.695620	 1.203379	 1.777393	-15.217930	-96.135680	-5.865168	-29.118640	-0.389397	 3.462629	-149.508400	 0.188712	 7.210938	-12.056590	-107.184300	-37.716460	-10.159280	-6.572578	 21.142500	 155.601400	-4.477109	 19.908590	 0.533355	-84.506290	-52.407750	 13.907970	-3.484296	 9.763653	 74.841640	-5.445156	 10.452560	 90.822100	 82.230340	-4.129515	-9.075031	 36.498650	-0.543483	 0.317072	 36.464500	-0.405616	 3.630120	 0.000000	 90.000000	 0.000000	 166.633100	 13.727910	 152.053200	-169.571400	-8.830981	-28.716150
 0.000699	-0.159159	-0.004068	 173.361900	 1.067203	-85.688000	-22.198670	 5.520823	 2.819777	-19.250400	 15.426050	 2.135675	 4.305449	-17.499330	 109.194700	-0.813313	 0.122417	-8.559153	-72.564320	-28.700090	-0.125620	 1.118196	 29.897990	 0.017026	-15.326660	 23.741510	-50.803050	-5.458374	-2.008578	 9.969204	 2.503307	-1.126933	 4.530149	 3.268994	-0.633525	-79.873590	 3.854881	 3.127510	 11.955490	-0.275698	 3.148055	 9.076497	 2.901493	 4.351425	-70.122190	 37.261180	 19.742640	 15.033540	-6.822121	 19.211520	 10.843110	-5.642637	 19.246030	-70.411090	 18.403330	 10.365880	 21.460350	-3.898658	 9.395153	 9.482653	-0.473501	 9.975691	-72.407870	-57.377290	-11.452270	 6.763622	 9.289202	-0.525233	 0.082350	-19.363450	-0.175736	 3.200166	 3.314844	-4.608974	 90.621060	-94.811850	-0.346507	-79.593040	-177.655100	-12.778540	 101.518000	-0.813313	 0.122417	-8.559153	-83.763810	-42.669510	-15.886490	-12.968610	-27.149850	 0.261307	-25.016900	-18.612520	-30.852090	-14.915510	-9.578036	 77.789890	 2.456315	-1.169725	 80.697230	 1.199142	 1.778691	-15.132370	-97.714290	-7.099037	-28.211820	-0.400703	 3.455352	-144.986600	 0.188712	 7.210938	-12.056590	-108.867300	-38.145290	-10.923490	-6.502178	 21.109570	 151.447800	-4.509197	 19.844710	-3.136905	-86.055530	-52.347100	 12.690950	-3.484296	 9.763653	 74.841640	-5.384499	 10.655370	 85.942530	 83.300190	-4.010521	-9.125587	 36.498650	-0.543483	 0.317072	 43.094400	-0.402311	 3.690245	 0.000000	 90.000000	 0.000000	 166.746200	 13.709360	 151.959800	-169.612200	-8.757749	-28.775030
 0.000500	-0.160440	-0.003973	 173.353900	 1.157929	-85.708690	-22.274290	 5.644212	 2.757231	-19.283200	 15.695900	 2.056108	 4.336321	-17.628350	 109.182400	-0.813313	 0.122417	-8.559153	-72.877120	-29.011830	-0.136601	 1.099505	 29.845470	 0.024091	-15.313830	 23.783200	-50.766070	-5.458374	-2.008578	 9.969204	 2.503307	-1.126933	 4.530149	 3.268996	-0.633539	-79.873840	 3.858505	 3.129096	 11.955290	-0.275698	 3.148055	 9.076507	 2.901503	 4.351387	-70.122750	 37.267720	 19.745050	 15.031140	-6.822121	 19.211520	 10.843110	-5.642739	 19.246030	-70.415960	 18.407670	 10.368130	 21.459120	-3.898658	 9.395153	 9.482653	-0.473502	 9.975684	-72.408020	-57.374810	-11.451870	 6.763849	 9.289166	-0.525236	 0.082349	-19.363700	-0.175737	 3.200160	 3.310337	-4.890650	 90.647300	-95.140080	-0.452071	-80.038460	-177.685600	-12.700480	 101.350300	-0.813313	 0.122417	-8.559153	-88.114070	-39.426420	-19.866440	-7.344689	-28.490720	 1.076521	-28.292450	-21.637130	-31.918370	-14.921500	-9.592748	 77.849890	 2.456314	-1.169726	 80.698450	 1.195872	 1.779688	-15.066350	-98.924290	-8.048173	-27.551140	-0.409070	 3.449097	-141.473100	 0.188712	 7.210938	-12.056590	-110.176100	-38.427890	-11.535580	-6.447703	 21.079790	 148.118200	-4.535830	 19.798530	-5.865135	-87.256740	-52.286100	 11.748150	-3.484296	 9.763653	 74.841640	-5.323374	 10.813650	 82.032830	 84.133020	-3.911102	-9.164343	 36.498650	-0.543483	 0.317072	 48.246110	-0.394959	 3.736461	 0.000000	 90.000000	 0.000000	 166.848100	 13.695890	 151.874300	-169.644800	-8.701415	-28.815880
 0.000058	-0.162307	-0.003522	 173.376500	 1.329973	-85.738050	-22.370920	 5.805725	 2.653607	-19.324880	 16.035520	 1.954570	 4.376049	-17.794740	 109.166100	-0.813313	 0.122417	-8.559153	-73.300930	-29.411060	-0.161752	 1.072270	 29.785190	 0.033576	-15.334500	 23.859960	-50.780350	-5.458374	-2.008578	 9.969204	 2.503307	-1.126933	 4.530149	 3.268998	-0.633555	-79.874180	 3.862976	 3.131053	 11.955030	-0.275698	 3.148055	 9.076516	 2.901516	 4.351336	-70.123490	 37.275720	 19.748000	 15.028170	-6.822121	 19.211520	 10.843110	-5.642861	 19.246040	-70.422150	 18.412990	 10.370880	 21.457570	-3.898658	 9.395153	 9.482653	-0.473500	 9.975675	-72.408260	-57.371690	-11.451360	 6.764101	 9.289115	-0.525243	 0.082350	-19.364050	-0.175732	 3.200162	 3.305632	-5.261645	 90.681760	-95.514070	-0.721279	-80.982030	-177.739700	-12.542290	 101.081900	-0.813313	 0.122417	-8.559153	-89.677190	-34.428530	-21.502300	-4.079155	-29.105640	 1.697827	-31.080310	-25.800790	-34.455360	-14.928620	-9.610312	 77.921570	 2.456315	-1.169728	 80.699910	 1.191966	 1.780874	-14.987500	-100.363700	-9.178638	-26.804900	-0.418614	 3.440901	-137.241600	 0.188712	 7.210938	-12.056590	-111.750700	-38.709290	-12.290590	-6.382850	 21.038820	 143.987800	-4.568996	 19.747410	-8.974880	-88.699460	-52.196580	 10.616950	-3.484296	 9.763653	 74.841640	-5.232563	 11.003510	 77.184980	 85.137920	-3.783109	-9.210579	 36.498650	-0.543483	 0.317072	 54.450780	-0.380643	 3.790969	 0.000000	 90.000000	 0.000000	 166.996700	 13.693040	 151.649600	-169.694600	-8.644377	-28.962190
-0.000698	-0.164643	-0.002883	 173.393200	 1.587569	-85.782640	-22.456460	 5.960058	 2.543483	-19.365450	 16.351630	 1.862465	 4.413147	-17.952960	 109.146300	-0.813313	 0.122417	-8.559153	-73.710430	-29.780600	-0.189220	 1.042398	 29.733520	 0.043154	-15.403670	 23.965080	-50.905460	-5.458374	-2.008579	 9.969183	 2.503307	-1.126933	 4.530149	 3.269001	-0.633572	-79.874490	 3.867004	 3.132816	 11.954800	-0.275698	 3.148055	 9.076516	 2.901530	 4.351284	-70.124240	 37.282970	 19.750680	 15.025460	-6.822121	 19.211520	 10.843110	-5.642982	 19.246050	-70.427940	 18.417810	 10.373370	 21.456100	-3.898658	 9.395153	 9.482653	-0.473500	 9.975665	-72.408490	-57.368720	-11.450870	 6.764328	 9.289042	-0.525233	 0.082349	-19.364380	-0.175725	 3.200161	 3.302048	-5.610764	 90.715010	-95.813620	-1.173621	-82.573130	-177.795400	-12.402310	 100.756200	-0.813313	 0.122417	-8.559153	-89.967080	-31.525160	-22.256520	-2.592619	-29.412690	 1.811814	-32.837900	-28.029900	-35.915870	-14.934920	-9.625909	 77.985300	 2.456314	-1.169729	 80.701230	 1.188492	 1.781923	-14.917430	-101.639000	-10.179410	-26.180420	-0.426637	 3.432971	-133.447100	 0.188712	 7.210938	-12.056590	-113.158900	-38.906680	-12.981160	-6.325879	 20.997160	 140.171200	-4.598853	 19.706140	-11.566280	-89.988620	-52.101470	 9.607483	-3.484296	 9.763653	 74.841640	-5.134457	 11.171480	 72.707530	 86.040790	-3.660583	-9.251822	 36.498650	-0.543483	 0.317072	 60.014460	-0.362862	 3.838274	 0.000000	 90.000000	 0.000000	 167.151800	 13.709350	 151.305200	-169.727900	-8.623283	-29.230030
-0.001675	-0.167234	-0.002179	 173.394700	 1.929553	-85.849330	-22.460770	 6.115061	 2.433108	-19.345780	 16.663770	 1.778010	 4.449522	-18.111300	 109.121800	-0.813313	 0.122417	-8.559153	-74.136200	-30.141280	-0.225523	 1.007754	 29.685700	 0.053526	-15.470520	 24.069160	-51.083380	-5.458373	-2.008580	 9.969174	 2.503307	-1.126933	 4.530149	 3.269003	-0.633590	-79.874850	 3.870878	 3.134512	 11.954600	-0.275698	 3.148055	 9.076516	 2.901544	 4.351230	-70.125030	 37.289930	 19.753250	 15.022830	-6.822121	 19.211520	 10.843110	-5.643101	 19.246060	-70.433780	 18.422420	 10.375760	 21.454660	-3.898658	 9.395153	 9.482653	-0.473500	 9.975653	-72.408710	-57.365760	-11.450390	 6.764540	 9.288975	-0.525233	 0.082348	-19.364760	-0.175731	 3.200157	 3.299035	-5.946192	 90.748660	-96.091740	-1.621390	-84.185480	-177.831500	-12.312940	 100.538400	-0.813313	 0.122417	-8.559153	-90.339940	-30.042280	-22.637890	-2.277628	-29.537950	 1.887026	-33.725930	-29.268300	-36.682150	-14.940880	-9.640737	 78.045840	 2.456314	-1.169730	 80.702480	 1.185189	 1.782916	-14.850810	-102.849600	-11.126840	-25.620030	-0.433821	 3.424885	-129.807800	 0.188712	 7.210938	-12.056590	-114.503800	-39.047040	-13.652740	-6.272749	 20.952710	 136.409100	-4.626672	 19.670990	-13.841120	-91.220310	-51.997140	 8.644370	-3.484296	 9.763653	 74.841640	-5.025035	 11.329000	 68.296670	 86.908340	-3.536055	-9.291330	 36.498650	-0.543483	 0.317072	 65.350900	-0.341572	 3.881822	 0.000000	 90.000000	 0.000000	 167.388000	 13.704260	 150.877600	-169.724500	-8.648062	-29.558050
-0.002829	-0.169672	-0.001611	 173.372800	 2.271255	-85.921460	-22.360800	 6.247472	 2.345997	-19.244050	 16.928750	 1.714534	 4.479926	-18.246730	 109.096500	-0.813313	 0.122417	-8.559153	-74.520800	-30.442820	-0.267937	 0.973399	 29.646820	 0.063301	-15.419740	 24.111570	-51.266580	-5.458373	-2.008581	 9.969163	 2.503307	-1.126933	 4.530149	 3.269005	-0.633605	-79.875150	 3.874097	 3.135921	 11.954410	-0.275698	 3.148055	 9.076507	 2.901556	 4.351180	-70.125760	 37.295640	 19.755360	 15.020630	-6.822121	 19.211520	 10.843110	-5.643205	 19.246070	-70.438850	 18.426250	 10.377730	 21.453420	-3.898658	 9.395153	 9.482653	-0.473500	 9.975643	-72.408940	-57.363170	-11.449970	 6.764714	 9.288922	-0.525239	 0.082348	-19.365080	-0.175721	 3.200158	 3.296682	-6.214325	 90.777630	-96.311880	-1.905538	-85.054690	-177.853400	-12.258980	 100.402600	-0.813313	 0.122417	-8.559153	-90.442070	-29.427540	-22.708600	-1.932497	-29.594920	 1.873453	-34.159270	-29.803960	-37.051380	-14.945800	-9.652974	 78.095740	 2.456314	-1.169731	 80.703510	 1.182467	 1.783732	-14.795930	-103.847600	-11.904860	-25.181990	-0.439394	 3.417823	-126.781000	 0.188712	 7.210938	-12.056590	-115.616300	-39.127170	-14.216280	-6.230035	 20.912320	 133.204300	-4.648508	 19.645300	-15.548170	-92.240540	-51.900650	 7.847739	-3.484296	 9.763653	 74.841640	-4.922373	 11.456220	 64.541100	 87.631070	-3.427185	-9.324264	 36.498650	-0.543483	 0.317072	 69.788900	-0.320850	 3.916416	 0.000000	 90.000000	 0.000000	 167.672900	 13.692830	 150.402100	-169.713600	-8.699741	-29.926020
-0.004576	-0.174297	-0.000357	 173.298500	 2.887305	-85.993280	-22.171310	 6.411632	 2.254909	-19.060960	 17.261970	 1.649396	 4.517344	-18.418240	 109.058000	-0.813313	 0.122417	-8.559153	-75.047420	-30.815470	-0.343642	 0.920454	 29.514900	 0.079835	-15.139570	 23.983160	-51.515320	-5.458373	-2.008583	 9.969133	 2.503307	-1.126933	 4.530149	 3.269009	-0.633628	-79.875600	 3.878047	 3.137649	 11.954160	-0.275698	 3.148055	 9.076497	 2.901574	 4.351111	-70.126760	 37.302710	 19.757970	 15.017910	-6.822121	 19.211520	 10.843110	-5.643340	 19.246080	-70.445500	 18.430910	 10.380140	 21.451850	-3.898658	 9.395153	 9.482653	-0.473498	 9.975630	-72.409260	-57.359810	-11.449420	 6.764903	 9.288826	-0.525236	 0.082344	-19.365540	-0.175725	 3.200153	 3.293740	-6.517268	 90.814520	-96.567920	-2.145889	-85.533930	-177.884000	-12.185210	 100.208400	-0.813313	 0.122417	-8.559153	-90.320860	-28.990310	-22.722330	-1.780426	-29.739160	 1.874701	-34.637020	-30.138950	-37.481930	-14.951830	-9.668052	 78.157290	 2.456313	-1.169732	 80.704800	 1.179108	 1.784734	-14.728230	-105.079900	-12.860260	-24.671310	-0.445799	 3.408636	-123.012400	 0.188712	 7.210938	-12.056590	-116.992100	-39.180320	-14.921900	-6.179179	 20.857680	 129.116900	-4.673070	 19.618170	-17.397450	-93.505110	-51.768300	 6.861905	-3.484296	 9.763653	 74.841640	-4.779600	 11.608250	 59.754700	 88.532550	-3.284836	-9.365507	 36.498650	-0.543483	 0.317072	 75.314780	-0.291397	 3.957059	 0.000000	 90.000000	 0.000000	 168.114800	 13.703270	 149.596900	-169.712900	-8.787145	-30.572280
-0.006102	-0.180832	 0.001859	 173.165100	 3.698491	-85.979420	-22.030570	 6.536065	 2.206924	-18.919080	 17.523780	 1.613598	 4.504638	-18.467930	 108.895700	-0.813313	 0.122417	-8.559153	-75.653290	-31.016170	-0.728866	 0.868727	 29.303490	 0.097833	-14.852510	 23.719790	-51.647430	-5.458373	-2.008584	 9.969102	 2.503307	-1.126933	 4.530149	 3.269012	-0.633647	-79.875950	 3.881074	 3.138974	 11.953990	-0.275698	 3.148055	 9.076474	 2.901589	 4.351052	-70.127620	 37.308090	 19.759950	 15.015800	-6.822121	 19.211520	 10.843110	-5.643448	 19.246090	-70.450980	 18.434510	 10.382000	 21.450560	-3.898658	 9.395153	 9.482653	-0.473498	 9.975618	-72.409520	-57.357000	-11.448960	 6.765052	 9.288740	-0.525236	 0.082348	-19.365920	-0.175723	 3.200151	 3.291095	-6.716632	 90.843770	-96.765160	-2.235260	-85.930150	-177.939400	-12.055080	 99.843800	-0.813313	 0.122417	-8.559153	-90.104300	-28.769180	-22.950180	-1.767543	-29.966210	 1.876090	-34.866120	-30.211980	-37.726740	-14.956510	-9.679791	 78.205210	 2.456314	-1.169733	 80.705810	 1.176492	 1.785512	-14.675530	-106.042300	-13.601430	-24.295760	-0.450407	 3.401121	-120.046200	 0.188712	 7.210938	-12.056590	-118.065900	-39.185680	-15.478650	-6.141323	 20.811270	 125.824200	-4.689565	 19.600900	-18.601920	-94.495620	-51.654650	 6.091090	-3.484296	 9.763653	 74.841640	-4.655590	 11.721740	 55.901770	 89.243370	-3.167387	-9.398241	 36.498650	-0.543483	 0.317072	 79.664000	-0.265559	 3.986951	 0.000000	 90.000000	 0.000000	 168.620500	 13.710530	 148.620900	-169.879300	-8.812013	-31.367300
-0.007791	-0.191648	 0.006378	 172.903200	 5.031855	-85.846990	-21.958770	 6.671575	 2.186931	-18.822360	 17.848420	 1.597078	 4.443373	-18.425490	 108.569400	-0.813313	 0.122417	-8.559153	-76.772060	-31.190570	-1.653454	 0.796366	 28.983220	 0.123348	-14.584520	 23.319110	-51.692290	-5.458372	-2.008587	 9.969067	 2.503307	-1.126933	 4.530149	 3.269015	-0.633670	-79.876400	 3.884486	 3.140466	 11.953790	-0.275698	 3.148055	 9.076452	 2.901608	 4.350976	-70.128720	 37.314150	 19.762190	 15.013390	-6.822121	 19.211520	 10.843110	-5.643589	 19.246100	-70.457680	 18.438520	 10.384080	 21.449030	-3.898658	 9.395153	 9.482653	-0.473498	 9.975604	-72.409860	-57.353560	-11.448410	 6.765213	 9.288644	-0.525236	 0.082344	-19.366420	-0.175721	 3.200148	 3.286677	-6.820889	 90.877340	-97.011160	-2.185060	-87.244340	-178.055900	-11.769500	 99.064430	-0.813313	 0.122417	-8.559153	-89.849260	-28.591070	-23.577400	-1.727882	-30.503140	 1.857342	-35.039350	-30.243550	-37.984350	-14.961920	-9.693380	 78.260670	 2.456313	-1.169734	 80.706990	 1.173463	 1.786409	-14.614510	-107.161400	-14.456520	-23.884920	-0.455297	 3.392036	-116.573600	 0.188712	 7.210938	-12.056590	-119.311200	-39.150960	-16.129970	-6.099870	 20.753170	 121.884800	-4.704673	 19.585710	-19.681770	-95.649170	-51.511080	 5.195045	-3.484296	 9.763653	 74.841640	-4.497569	 11.846260	 51.296340	 90.077020	-3.023774	-9.437018	 36.498650	-0.543483	 0.317072	 84.756070	-0.232517	 4.019323	 0.000000	 90.000000	 0.000000	 169.274100	 13.744480	 147.369800	-170.273300	-8.769432	-32.346760
-0.008375	-0.199488	 0.010073	 172.628300	 5.962368	-85.721800	-21.983840	 6.775867	 2.198414	-18.811530	 18.160060	 1.607887	 4.329217	-18.242410	 108.120300	-0.813313	 0.122417	-8.559153	-77.930380	-31.172690	-2.868307	 0.725906	 28.615760	 0.149450	-14.470310	 22.900430	-51.670280	-5.458371	-2.008589	 9.969023	 2.503307	-1.126933	 4.530149	 3.269019	-0.633692	-79.876830	 3.887203	 3.141655	 11.953620	-0.275698	 3.148055	 9.076424	 2.901625	 4.350907	-70.129720	 37.318950	 19.763960	 15.011420	-6.822121	 19.211520	 10.843110	-5.643712	 19.246110	-70.463620	 18.441700	 10.385720	 21.447720	-3.898658	 9.395153	 9.482653	-0.473497	 9.975591	-72.410180	-57.350520	-11.447910	 6.765343	 9.288545	-0.525236	 0.082344	-19.366890	-0.175707	 3.200146	 3.281716	-6.772681	 90.904300	-97.227830	-2.089907	-88.826480	-178.150900	-11.475620	 98.500170	-0.813313	 0.122417	-8.559153	-89.841090	-28.751390	-24.328240	-1.597727	-31.038160	 1.799897	-35.038140	-30.031100	-37.990550	-14.966390	-9.704646	 78.306630	 2.456313	-1.169735	 80.707950	 1.170951	 1.787151	-14.563940	-108.094300	-15.163100	-23.563630	-0.458969	 3.384195	-113.659700	 0.188712	 7.210938	-12.056590	-120.344700	-39.087660	-16.674450	-6.067823	 20.701350	 118.509600	-4.712998	 19.577570	-20.267830	-96.611810	-51.381950	 4.448749	-3.484296	 9.763653	 74.841640	-4.354594	 11.942630	 47.354870	 90.777730	-2.898131	-9.470005	 36.498650	-0.543483	 0.317072	 89.028410	-0.202664	 4.044136	 0.000000	 90.000000	 0.000000	 169.636500	 13.838590	 146.615200	-170.805400	-8.594557	-32.801030
-0.008429	-0.205000	 0.012574	 172.339600	 6.598993	-85.599100	-22.016290	 6.867569	 2.232112	-18.817360	 18.483540	 1.638206	 4.196585	-17.998130	 107.634500	-0.813313	 0.122417	-8.559153	-79.083250	-31.072110	-4.172218	 0.654215	 28.243950	 0.175834	-14.429460	 22.475300	-51.474220	-5.458371	-2.008591	 9.968986	 2.503307	-1.126933	 4.530149	 3.269022	-0.633715	-79.877280	 3.889613	 3.142709	 11.953470	-0.275698	 3.148055	 9.076377	 2.901644	 4.350836	-70.130770	 37.323220	 19.765540	 15.009620	-6.822121	 19.211520	 10.843110	-5.643831	 19.246120	-70.469570	 18.444520	 10.387180	 21.446450	-3.898658	 9.395153	 9.482653	-0.473496	 9.975577	-72.410510	-57.347470	-11.447420	 6.765459	 9.288452	-0.525232	 0.082344	-19.367360	-0.175705	 3.200145	 3.277553	-6.719691	 90.929140	-97.428330	-1.997143	-89.673140	-178.223900	-11.213870	 98.103300	-0.813313	 0.122417	-8.559153	-89.769770	-28.570160	-24.919340	-1.535201	-31.016840	 1.769194	-34.975360	-29.741040	-37.873890	-14.970590	-9.715263	 78.349980	 2.456313	-1.169736	 80.708870	 1.168585	 1.787847	-14.516300	-108.979500	-15.827610	-23.276640	-0.462095	 3.376552	-110.880300	 0.188712	 7.210938	-12.056590	-121.320000	-38.997990	-17.190970	-6.039878	 20.649400	 115.231800	-4.716470	 19.574230	-20.510240	-97.525250	-51.251480	 3.741936	-3.484296	 9.763653	 74.841640	-4.209757	 12.026670	 43.531430	 91.447170	-2.773846	-9.501950	 36.498650	-0.543483	 0.317072	 93.104030	-0.172549	 4.065675	 0.000000	 90.000000	 0.000000	 169.769500	 13.979560	 146.183200	-171.320300	-8.367779	-33.159770
-0.008666	-0.207791	 0.013622	 172.014600	 6.849664	-85.519110	-22.062450	 6.960941	 2.294661	-18.842380	 18.869050	 1.694184	 4.060642	-17.726300	 107.153500	-0.813313	 0.122417	-8.559153	-80.262100	-30.945810	-5.497985	 0.569237	 27.908840	 0.204361	-14.476200	 22.054710	-50.907300	-5.458370	-2.008595	 9.968917	 2.503307	-1.126933	 4.530149	 3.269026	-0.633743	-79.877820	 3.891828	 3.143678	 11.953320	-0.275698	 3.148055	 9.076324	 2.901667	 4.350746	-70.132080	 37.327480	 19.767110	 15.007760	-6.822121	 19.211520	 10.843110	-5.643963	 19.246120	-70.476130	 18.446830	 10.388380	 21.445100	-3.898658	 9.395153	 9.482653	-0.473495	 9.975559	-72.410910	-57.344030	-11.446870	 6.765527	 9.288331	-0.525236	 0.082342	-19.367960	-0.175703	 3.200145	 3.275762	-6.786479	 90.956400	-97.653030	-1.749280	-89.853150	-178.254200	-11.069670	 97.995350	-0.813313	 0.122417	-8.559153	-89.440110	-28.387200	-25.074010	-1.503533	-30.795690	 1.752511	-34.923310	-29.484140	-37.684410	-14.975270	-9.727118	 78.398380	 2.456313	-1.169737	 80.709920	 1.165940	 1.788623	-14.463060	-109.977400	-16.569060	-22.973960	-0.465184	 3.367719	-107.730800	 0.188712	 7.210938	-12.056590	-122.411000	-38.861820	-17.771390	-6.011635	 20.587700	 111.450000	-4.716576	 19.574120	-20.517600	-98.554440	-51.095080	 2.947212	-3.484296	 9.763653	 74.841640	-4.036242	 12.111500	 39.126500	 92.207110	-2.627677	-9.538790	 36.498650	-0.543483	 0.317072	 97.722210	-0.136668	 4.087426	 0.000000	 90.000000	 0.000000	 169.824100	 14.091040	 146.027900	-171.576700	-8.159815	-33.408780
-0.008944	-0.207590	 0.013385	 171.774600	 6.745576	-85.502180	-22.108910	 7.029626	 2.364631	-18.878190	 19.196930	 1.757002	 4.032138	-17.671800	 107.046400	-0.813313	 0.122417	-8.559153	-80.947690	-31.020820	-6.007364	 0.497853	 27.900860	 0.221519	-14.559280	 21.985200	-50.440980	-5.458370	-2.008598	 9.968867	 2.503307	-1.126933	 4.530149	 3.269030	-0.633768	-79.878310	 3.892831	 3.144117	 11.953250	-0.275698	 3.148055	 9.076280	 2.901689	 4.350663	-70.133270	 37.330410	 19.768200	 15.006370	-6.822121	 19.211520	 10.843110	-5.644057	 19.246130	-70.480650	 18.447230	 10.388580	 21.444210	-3.898658	 9.395153	 9.482653	-0.473495	 9.975542	-72.411290	-57.341460	-11.446460	 6.765493	 9.288212	-0.525233	 0.082343	-19.368500	-0.175700	 3.200136	 3.276795	-6.945813	 90.978030	-97.844550	-1.608544	-89.552950	-178.250100	-11.032690	 98.111250	-0.813313	 0.122417	-8.559153	-89.029630	-28.191970	-24.767540	-1.522468	-30.471590	 1.762402	-34.766200	-29.460710	-37.594920	-14.979140	-9.736940	 78.438440	 2.456313	-1.169737	 80.710770	 1.163749	 1.789263	-14.418980	-110.812800	-17.183020	-22.737490	-0.467402	 3.360169	-105.081700	 0.188712	 7.210938	-12.056590	-123.316200	-38.718640	-18.254480	-5.990980	 20.533620	 108.215800	-4.716576	 19.574120	-20.517600	-99.414860	-50.956610	 2.284227	-3.484296	 9.763653	 74.841640	-3.883198	 12.173410	 35.365650	 92.847330	-2.500309	-9.570375	 36.498650	-0.543483	 0.317072	 101.606500	-0.105218	 4.103436	 0.000000	 90.000000	 0.000000	 169.772400	 14.180610	 146.117600	-171.620100	-8.015520	-33.509960
-0.009349	-0.205338	 0.012119	 171.569900	 6.394187	-85.540190	-22.158980	 7.085007	 2.442607	-18.923770	 19.497600	 1.827280	 4.075174	-17.774620	 107.175300	-0.813313	 0.122417	-8.559153	-81.281070	-31.229580	-5.965655	 0.430428	 28.163970	 0.231081	-14.650190	 22.215630	-50.177570	-5.458368	-2.008602	 9.968801	 2.503307	-1.126933	 4.530149	 3.269033	-0.633795	-79.878850	 3.893044	 3.144208	 11.953220	-0.275699	 3.148055	 9.076229	 2.901710	 4.350579	-70.134510	 37.332580	 19.769000	 15.005250	-6.822121	 19.211520	 10.843110	-5.644125	 19.246140	-70.484020	 18.446270	 10.388090	 21.443560	-3.898658	 9.395153	 9.482653	-0.473493	 9.975526	-72.411660	-57.339330	-11.446130	 6.765351	 9.288086	-0.525236	 0.082340	-19.369060	-0.175693	 3.200136	 3.278961	-7.126091	 90.996480	-98.015880	-1.699436	-88.963940	-178.220300	-11.071780	 98.400490	-0.813313	 0.122417	-8.559153	-88.650400	-28.002170	-24.371970	-1.554932	-30.171800	 1.780015	-34.347090	-29.575340	-37.603540	-14.982730	-9.746078	 78.475750	 2.456313	-1.169738	 80.711580	 1.161709	 1.789858	-14.377950	-111.599000	-17.754810	-22.528990	-0.469175	 3.352947	-102.578800	 0.188712	 7.210938	-12.056590	-124.160100	-38.559200	-18.705830	-5.974275	 20.480850	 105.116800	-4.716576	 19.574120	-20.517600	-100.223400	-50.819980	 1.662460	-3.484296	 9.763653	 74.841640	-3.733255	 12.223300	 31.768940	 93.453160	-2.376204	-9.600790	 36.498650	-0.543483	 0.317072	 105.276800	-0.074557	 4.116557	 0.000000	 90.000000	 0.000000	 169.662400	 14.262580	 146.342300	-171.515000	-7.949630	-33.533570
-0.009553	-0.205083	 0.011702	 171.342500	 6.255309	-85.533230	-22.221600	 7.134363	 2.539264	-18.985320	 19.761450	 1.914254	 4.077416	-17.794090	 107.159600	-0.813313	 0.122417	-8.559153	-81.410090	-31.335930	-5.877979	 0.349054	 28.459640	 0.243244	-14.753150	 22.486850	-49.987970	-5.458367	-2.008606	 9.968723	 2.503307	-1.126933	 4.530149	 3.269038	-0.633827	-79.879460	 3.892370	 3.143912	 11.953230	-0.275699	 3.148055	 9.076165	 2.901736	 4.350476	-70.135990	 37.334300	 19.769640	 15.004180	-6.822121	 19.211520	 10.843110	-5.644181	 19.246140	-70.486670	 18.443680	 10.386750	 21.443040	-3.898658	 9.395153	 9.482653	-0.473492	 9.975505	-72.412130	-57.337320	-11.445820	 6.765080	 9.287933	-0.525232	 0.082338	-19.369740	-0.175694	 3.200131	 3.281335	-7.281425	 91.013370	-98.196130	-1.857820	-88.748910	-178.213500	-11.051160	 98.520260	-0.813313	 0.122417	-8.559153	-88.343480	-27.840790	-24.179740	-1.568913	-30.061820	 1.790281	-33.783270	-29.769990	-37.616580	-14.986660	-9.756093	 78.516620	 2.456312	-1.169739	 80.712490	 1.159475	 1.790508	-14.333010	-112.473000	-18.383170	-22.313070	-0.470778	 3.344807	-99.785930	 0.188712	 7.210938	-12.056590	-125.087700	-38.353450	-19.202610	-5.959086	 20.420240	 101.613200	-4.716576	 19.574120	-20.517600	-101.120300	-50.660980	 0.974258	-3.484296	 9.763653	 74.841640	-3.560642	 12.268420	 27.711320	 94.130310	-2.233285	-9.635443	 36.498650	-0.543483	 0.317072	 109.371900	-0.039447	 4.128864	 0.000000	 90.000000	 0.000000	 169.555200	 14.362280	 146.373700	-171.459700	-7.901000	-33.523170
-0.009266	-0.206632	 0.012497	 171.174000	 6.423002	-85.474450	-22.278140	 7.163672	 2.622831	-19.041930	 19.877400	 1.988940	 4.031495	-17.708310	 106.984300	-0.813313	 0.122417	-8.559153	-81.449950	-31.378020	-5.805656	 0.272880	 28.502050	 0.260536	-14.815440	 22.517270	-49.945870	-5.458366	-2.008610	 9.968653	 2.503307	-1.126933	 4.530149	 3.269042	-0.633855	-79.880000	 3.891116	 3.143364	 11.953290	-0.275699	 3.148055	 9.076085	 2.901760	 4.350384	-70.137330	 37.335080	 19.769940	 15.003490	-6.822121	 19.211520	 10.843110	-5.644205	 19.246140	-70.487940	 18.440350	 10.385030	 21.442750	-3.898658	 9.395153	 9.482653	-0.473491	 9.975489	-72.412540	-57.335960	-11.445620	 6.764740	 9.287815	-0.525236	 0.082337	-19.370350	-0.175685	 3.200128	 3.282536	-7.334714	 91.023800	-98.327570	-1.859237	-88.837070	-178.237400	-10.963120	 98.391970	-0.813313	 0.122417	-8.559153	-88.158550	-27.758190	-24.290290	-1.553536	-30.159370	 1.785250	-33.494430	-29.876490	-37.561170	-14.989830	-9.764188	 78.549670	 2.456312	-1.169740	 80.713220	 1.157667	 1.791032	-14.296660	-113.191500	-18.893610	-22.148060	-0.471800	 3.338041	-97.482390	 0.188712	 7.210938	-12.056590	-125.841100	-38.161430	-19.606310	-5.949460	 20.369070	 98.690120	-4.716576	 19.574120	-20.517600	-101.855800	-50.524680	 0.411201	-3.484296	 9.763653	 74.841640	-3.414825	 12.296770	 24.335120	 94.689710	-2.111864	-9.664644	 36.498650	-0.543483	 0.317072	 112.749700	-0.009880	 4.137105	 0.000000	 90.000000	 0.000000	 169.509300	 14.450250	 146.180000	-171.631600	-7.807990	-33.524280
-0.008739	-0.209195	 0.013851	 171.015400	 6.699417	-85.385490	-22.338470	 7.180091	 2.705401	-19.103840	 19.940400	 2.063224	 3.966826	-17.578020	 106.748800	-0.813313	 0.122417	-8.559153	-81.571690	-31.413230	-5.813372	 0.188982	 28.412150	 0.283054	-14.851370	 22.414170	-49.974790	-5.458365	-2.008615	 9.968575	 2.503307	-1.126933	 4.530149	 3.269047	-0.633886	-79.880620	 3.889150	 3.142502	 11.953390	-0.275699	 3.148055	 9.076024	 2.901785	 4.350285	-70.138790	 37.335280	 19.770010	 15.002980	-6.822121	 19.211520	 10.843110	-5.644212	 19.246140	-70.488280	 18.435970	 10.382760	 21.442600	-3.898658	 9.395153	 9.482653	-0.473490	 9.975469	-72.413010	-57.334920	-11.445480	 6.764296	 9.287664	-0.525233	 0.082337	-19.371010	-0.175679	 3.200126	 3.283564	-7.345479	 91.031240	-98.431980	-1.784475	-88.704740	-178.271800	-10.850630	 98.175670	-0.813313	 0.122417	-8.559153	-88.023630	-27.704290	-24.513050	-1.529628	-30.273890	 1.773496	-33.367380	-29.895240	-37.407130	-14.992930	-9.772120	 78.582050	 2.456312	-1.169740	 80.713940	 1.155897	 1.791544	-14.261070	-113.906700	-19.396170	-21.994850	-0.472547	 3.331249	-95.182370	 0.188712	 7.210938	-12.056590	-126.582200	-37.949560	-20.003280	-5.942589	 20.317100	 95.745670	-4.716576	 19.574120	-20.517600	-102.586000	-50.383990	-0.146708	-3.484296	 9.763653	 74.841640	-3.266882	 12.316760	 20.943580	 95.249070	-1.987345	-9.694397	 36.498650	-0.543483	 0.317072	 116.122400	 0.020066	 4.143573	 0.000000	 90.000000	 0.000000	 169.481900	 14.542210	 145.898200	-171.936300	-7.670429	-33.554990
-0.008222	-0.211275	 0.014917	 170.871200	 6.915510	-85.304570	-22.404870	 7.181169	 2.785151	-19.173190	 19.963240	 2.136208	 3.910438	-17.457030	 106.551700	-0.813313	 0.122417	-8.559153	-81.804500	-31.444120	-5.919572	 0.093913	 28.256080	 0.309981	-14.855030	 22.230730	-50.033930	-5.458363	-2.008620	 9.968479	 2.503307	-1.126933	 4.530149	 3.269052	-0.633921	-79.881290	 3.886395	 3.141294	 11.953510	-0.275699	 3.148055	 9.075942	 2.901814	 4.350170	-70.140450	 37.334790	 19.769840	 15.002610	-6.822121	 19.211520	 10.843110	-5.644198	 19.246140	-70.487560	 18.430310	 10.379840	 21.442570	-3.898658	 9.395153	 9.482653	-0.473490	 9.975445	-72.413520	-57.334190	-11.445400	 6.763695	 9.287494	-0.525236	 0.082336	-19.371780	-0.175677	 3.200124	 3.284534	-7.313915	 91.035680	-98.508360	-1.740961	-88.290270	-178.298400	-10.759680	 98.011420	-0.813313	 0.122417	-8.559153	-87.920160	-27.655300	-24.688560	-1.515775	-30.284150	 1.763382	-33.208420	-29.886380	-37.143120	-14.996080	-9.780205	 78.615080	 2.456312	-1.169741	 80.714660	 1.154089	 1.792066	-14.224740	-114.652500	-19.913900	-21.846810	-0.473036	 3.324122	-92.777630	 0.188712	 7.210938	-12.056590	-127.344500	-37.706230	-20.411300	-5.938443	 20.262080	 92.644670	-4.716576	 19.574120	-20.517600	-103.345100	-50.232010	-0.725440	-3.484296	 9.763653	 74.841640	-3.110612	 12.328500	 17.384320	 95.834780	-1.853610	-9.726194	 36.498650	-0.543483	 0.317072	 119.648700	 0.051738	 4.148450	 0.000000	 90.000000	 0.000000	 169.413600	 14.645810	 145.660200	-172.157900	-7.563210	-33.581430
-0.007932	-0.211415	 0.014970	 170.801700	 6.850531	-85.284110	-22.460110	 7.174426	 2.820884	-19.225780	 19.930890	 2.168328	 3.894007	-17.399240	 106.529200	-0.813313	 0.122417	-8.559153	-81.933210	-31.427280	-6.001379	 0.008763	 28.153880	 0.333290	-14.882930	 22.101080	-50.039530	-5.458363	-2.008626	 9.968392	 2.503307	-1.126933	 4.530149	 3.269056	-0.633953	-79.881920	 3.883466	 3.140011	 11.953650	-0.275700	 3.148055	 9.075850	 2.901841	 4.350066	-70.141970	 37.333750	 19.769470	 15.002480	-6.822121	 19.211520	 10.843110	-5.644167	 19.246140	-70.486020	 18.424720	 10.376950	 21.442610	-3.898658	 9.395153	 9.482653	-0.473488	 9.975425	-72.414010	-57.333870	-11.445390	 6.763074	 9.287335	-0.525232	 0.082335	-19.372450	-0.175667	 3.200117	 3.285402	-7.256051	 91.036590	-98.543820	-1.850950	-87.834130	-178.300300	-10.725650	 98.051170	-0.813313	 0.122417	-8.559153	-87.845180	-27.581240	-24.701440	-1.526328	-30.124470	 1.762782	-33.083190	-29.853910	-36.879690	-14.998660	-9.786837	 78.642110	 2.456312	-1.169742	 80.715300	 1.152609	 1.792492	-14.194980	-115.277600	-20.342770	-21.731850	-0.473215	 3.318122	-90.757080	 0.188712	 7.210938	-12.056590	-127.974700	-37.484440	-20.748140	-5.937417	 20.215510	 90.026940	-4.716576	 19.574120	-20.517600	-103.979300	-50.100500	-1.207931	-3.484296	 9.763653	 74.841640	-2.978841	 12.331020	 14.391440	 96.327670	-1.738348	-9.753492	 36.498650	-0.543483	 0.317072	 122.611400	 0.078533	 4.151031	 0.000000	 90.000000	 0.000000	 169.292100	 14.728370	 145.716300	-172.206800	-7.511725	-33.544010
-0.007703	-0.210089	 0.014301	 170.768200	 6.580446	-85.286940	-22.509160	 7.166311	 2.804519	-19.263470	 19.877840	 2.150661	 3.897699	-17.359300	 106.618300	-0.813313	 0.122417	-8.559153	-81.992890	-31.370860	-6.070892	-0.076352	 28.137710	 0.354654	-15.003580	 22.068540	-49.937150	-5.458361	-2.008630	 9.968308	 2.503307	-1.126933	 4.530149	 3.269061	-0.633986	-79.882560	 3.880169	 3.138568	 11.953820	-0.275700	 3.148055	 9.075766	 2.901868	 4.349957	-70.143530	 37.332220	 19.768920	 15.002490	-6.822121	 19.211520	 10.843110	-5.644121	 19.246140	-70.483730	 18.418790	 10.373880	 21.442690	-3.898658	 9.395153	 9.482653	-0.473487	 9.975402	-72.414510	-57.333860	-11.445420	 6.762380	 9.287183	-0.525229	 0.082335	-19.373170	-0.175664	 3.200115	 3.286380	-7.177513	 91.034900	-98.539950	-2.091953	-87.227590	-178.288300	-10.708720	 98.232540	-0.813313	 0.122417	-8.559153	-87.777280	-27.460800	-24.648070	-1.552722	-29.860950	 1.768429	-32.986080	-29.828260	-36.550320	-15.001030	-9.792953	 78.667140	 2.456312	-1.169742	 80.715870	 1.151242	 1.792885	-14.167520	-115.869600	-20.744510	-21.630590	-0.473189	 3.312426	-88.839880	 0.188712	 7.210938	-12.056590	-128.563600	-37.259290	-21.062370	-5.938545	 20.171220	 87.538440	-4.716576	 19.574120	-20.517600	-104.578000	-49.972560	-1.662506	-3.484296	 9.763653	 74.841640	-2.854147	 12.327210	 11.558520	 96.795970	-1.626498	-9.779906	 36.498650	-0.543483	 0.317072	 125.422800	 0.104056	 4.152195	 0.000000	 90.000000	 0.000000	 169.119500	 14.798170	 146.024600	-172.235300	-7.458109	-33.473290
-0.007572	-0.208099	 0.013336	 170.724600	 6.231390	-85.272100	-22.562390	 7.151351	 2.743448	-19.297880	 19.811050	 2.090307	 3.905106	-17.317800	 106.736200	-0.813313	 0.122417	-8.559153	-81.983670	-31.255570	-6.139788	-0.178557	 28.199400	 0.378593	-15.229800	 22.117110	-49.722690	-5.458359	-2.008638	 9.968184	 2.503307	-1.126933	 4.530149	 3.269067	-0.634027	-79.883360	 3.875852	 3.136677	 11.954030	-0.275700	 3.148055	 9.075635	 2.901903	 4.349826	-70.145450	 37.329770	 19.768020	 15.002730	-6.822121	 19.211520	 10.843110	-5.644045	 19.246130	-70.480060	 18.411460	 10.370100	 21.442780	-3.898658	 9.395153	 9.482653	-0.473486	 9.975374	-72.415110	-57.334220	-11.445530	 6.761466	 9.286979	-0.525236	 0.082330	-19.374040	-0.175660	 3.200109	 3.287875	-7.066383	 91.029880	-98.479200	-2.420041	-86.553720	-178.265500	-10.708880	 98.519170	-0.813313	 0.122417	-8.559153	-87.708150	-27.288590	-24.513950	-1.597823	-29.480010	 1.781323	-32.906780	-29.821480	-36.116290	-15.003620	-9.799620	 78.694270	 2.456312	-1.169743	 80.716510	 1.149756	 1.793311	-14.137660	-116.532600	-21.189250	-21.525910	-0.472932	 3.306040	-86.687970	 0.188712	 7.210938	-12.056590	-129.213800	-36.989280	-21.408510	-5.942243	 20.121670	 84.748600	-4.716576	 19.574120	-20.517600	-105.246500	-49.825290	-2.168955	-3.484296	 9.763653	 74.841640	-2.715525	 12.315860	 8.399598	 97.322340	-1.497962	-9.810171	 36.498650	-0.543483	 0.317072	 128.578400	 0.132729	 4.152012	 0.000000	 90.000000	 0.000000	 168.911400	 14.872900	 146.400400	-172.240900	-7.396678	-33.364990
-0.007613	-0.206853	 0.012748	 170.669500	 6.027833	-85.225470	-22.606000	 7.130914	 2.677158	-19.324790	 19.748090	 2.025657	 3.901653	-17.271470	 106.786600	-0.813313	 0.122417	-8.559153	-81.914370	-31.119770	-6.188757	-0.266966	 28.299020	 0.398425	-15.457000	 22.212810	-49.550290	-5.458359	-2.008643	 9.968086	 2.503307	-1.126933	 4.530149	 3.269072	-0.634062	-79.884030	 3.871901	 3.134947	 11.954240	-0.275700	 3.148055	 9.075549	 2.901932	 4.349710	-70.147130	 37.327210	 19.767090	 15.003070	-6.822121	 19.211520	 10.843110	-5.643964	 19.246120	-70.476210	 18.405150	 10.366830	 21.442860	-3.898658	 9.395153	 9.482653	-0.473485	 9.975353	-72.415650	-57.334840	-11.445670	 6.760600	 9.286797	-0.525232	 0.082329	-19.374830	-0.175653	 3.200106	 3.289574	-6.963715	 91.023220	-98.386650	-2.757363	-86.142080	-178.246000	-10.725330	 98.731250	-0.813313	 0.122417	-8.559153	-87.661300	-27.142560	-24.350540	-1.642469	-29.151750	 1.796110	-32.870000	-29.848320	-35.745210	-15.005620	-9.804782	 78.715410	 2.456312	-1.169743	 80.717030	 1.148600	 1.793643	-14.114440	-117.066300	-21.543100	-21.448300	-0.472550	 3.300900	-84.952980	 0.188712	 7.210938	-12.056590	-129.729400	-36.758210	-21.682280	-5.947066	 20.082060	 82.510250	-4.716576	 19.574120	-20.517600	-105.782600	-49.703740	-2.574342	-3.484296	 9.763653	 74.841640	-2.605600	 12.301480	 5.881258	 97.747370	-1.391947	-9.835075	 36.498650	-0.543483	 0.317072	 131.122600	 0.155809	 4.150714	 0.000000	 90.000000	 0.000000	 168.768600	 14.934400	 146.555400	-172.225500	-7.346912	-33.267720
-0.007749	-0.205711	 0.012210	 170.592900	 5.850955	-85.164110	-22.652170	 7.098928	 2.614978	-19.356490	 19.667680	 1.965246	 3.890872	-17.201360	 106.824300	-0.813313	 0.122417	-8.559153	-81.788510	-30.944960	-6.232235	-0.360679	 28.427890	 0.419143	-15.700330	 22.337580	-49.393250	-5.458357	-2.008650	 9.967968	 2.503307	-1.126933	 4.530149	 3.269078	-0.634100	-79.884800	 3.867584	 3.133056	 11.954450	-0.275701	 3.148054	 9.075422	 2.901964	 4.349586	-70.148960	 37.324070	 19.765940	 15.003570	-6.822121	 19.211520	 10.843110	-5.643870	 19.246120	-70.471470	 18.398630	 10.363460	 21.442870	-3.898658	 9.395153	 9.482653	-0.473483	 9.975327	-72.416230	-57.335740	-11.445880	 6.759614	 9.286613	-0.525232	 0.082328	-19.375650	-0.175642	 3.200103	 3.291658	-6.843403	 91.014100	-98.253320	-3.085787	-85.779260	-178.228600	-10.756840	 98.888610	-0.813313	 0.122417	-8.559153	-87.626110	-27.016410	-24.142790	-1.689652	-28.860050	 1.813741	-32.869150	-29.918210	-35.396080	-15.007530	-9.809706	 78.735480	 2.456311	-1.169744	 80.717510	 1.147501	 1.793956	-14.092350	-117.593600	-21.889010	-21.377390	-0.472019	 3.295826	-83.236150	 0.188712	 7.210938	-12.056590	-130.231700	-36.517680	-21.948290	-5.953394	 20.043410	 80.314800	-4.716576	 19.574120	-20.517600	-106.310500	-49.581060	-2.972734	-3.484296	 9.763653	 74.841640	-2.499272	 12.282960	 3.428762	 98.168440	-1.284875	-9.860168	 36.498650	-0.543483	 0.317072	 133.640100	 0.178567	 4.148427	 0.000000	 90.000000	 0.000000	 168.643400	 14.989240	 146.657300	-172.193800	-7.298101	-33.177150
-0.007936	-0.204511	 0.011700	 170.510200	 5.689013	-85.110270	-22.706220	 7.047694	 2.579350	-19.402340	 19.552060	 1.930402	 3.873577	-17.109740	 106.851500	-0.813313	 0.122417	-8.559153	-81.595120	-30.718450	-6.273240	-0.465444	 28.574250	 0.442569	-15.942620	 22.470970	-49.260900	-5.458354	-2.008657	 9.967838	 2.503307	-1.126933	 4.530149	 3.269084	-0.634144	-79.885640	 3.862650	 3.130894	 11.954670	-0.275701	 3.148054	 9.075284	 2.901999	 4.349440	-70.151040	 37.320110	 19.764500	 15.004260	-6.822121	 19.211520	 10.843110	-5.643750	 19.246110	-70.465520	 18.391750	 10.359910	 21.442780	-3.898658	 9.395153	 9.482653	-0.473481	 9.975299	-72.416900	-57.337060	-11.446160	 6.758455	 9.286389	-0.525229	 0.082325	-19.376610	-0.175642	 3.200093	 3.294078	-6.679359	 91.001670	-98.069530	-3.296955	-85.412610	-178.199900	-10.803450	 99.154670	-0.813313	 0.122417	-8.559153	-87.605330	-26.938860	-23.883270	-1.735744	-28.661640	 1.833705	-32.923420	-30.053940	-35.104430	-15.009400	-9.814550	 78.755290	 2.456311	-1.169744	 80.718010	 1.146417	 1.794266	-14.070590	-118.138200	-22.242450	-21.310100	-0.471310	 3.290598	-81.460210	 0.188712	 7.210938	-12.056590	-130.742900	-36.256270	-22.218230	-5.961462	 20.004250	 78.076810	-4.716576	 19.574120	-20.517600	-106.854000	-49.451610	-3.382125	-3.484296	 9.763653	 74.841640	-2.392782	 12.259740	 0.951313	 98.604640	-1.171726	-9.886611	 36.498650	-0.543483	 0.317072	 136.244500	 0.201981	 4.145000	 0.000000	 90.000000	 0.000000	 168.531800	 15.030530	 146.771900	-172.145700	-7.248866	-33.108920
-0.008097	-0.203487	 0.011229	 170.440900	 5.551692	-85.077840	-22.756150	 6.990160	 2.577527	-19.451400	 19.422010	 1.928295	 3.855044	-17.021310	 106.864900	-0.813313	 0.122417	-8.559153	-81.385280	-30.494400	-6.305268	-0.558715	 28.685370	 0.464162	-16.105360	 22.556820	-49.191380	-5.458353	-2.008665	 9.967713	 2.503307	-1.126933	 4.530149	 3.269089	-0.634183	-79.886410	 3.858256	 3.128969	 11.954890	-0.275701	 3.148054	 9.075176	 2.902034	 4.349312	-70.152930	 37.316270	 19.763090	 15.004970	-6.822121	 19.211520	 10.843110	-5.643631	 19.246100	-70.459690	 18.386150	 10.357010	 21.442580	-3.898658	 9.395153	 9.482653	-0.473480	 9.975273	-72.417490	-57.338460	-11.446430	 6.757358	 9.286197	-0.525225	 0.082325	-19.377450	-0.175631	 3.200092	 3.296394	-6.514585	 90.988910	-97.882020	-3.334428	-85.093490	-178.173500	-10.853600	 99.383090	-0.813313	 0.122417	-8.559153	-87.589100	-26.898690	-23.631830	-1.773223	-28.566870	 1.852489	-33.012750	-30.223900	-34.899180	-15.010860	-9.818322	 78.770690	 2.456311	-1.169744	 80.718420	 1.145574	 1.794506	-14.053650	-118.585600	-22.529740	-21.259320	-0.470605	 3.286316	-79.999470	 0.188712	 7.210938	-12.056590	-131.156900	-36.031610	-22.436100	-5.969139	 19.972940	 76.273960	-4.716576	 19.574120	-20.517600	-107.298900	-49.343240	-3.716653	-3.484296	 9.763653	 74.841640	-2.308739	 12.238040	-1.022435	 98.963890	-1.076745	-9.908743	 36.498650	-0.543483	 0.317072	 138.386500	 0.221120	 4.141397	 0.000000	 90.000000	 0.000000	 168.462100	 15.052400	 146.844500	-172.095200	-7.209666	-33.075900
-0.008261	-0.202452	 0.010706	 170.386500	 5.404212	-85.055390	-22.806440	 6.925576	 2.582316	-19.502080	 19.260690	 1.933004	 3.834130	-16.927390	 106.870500	-0.813313	 0.122417	-8.559153	-81.139440	-30.245430	-6.336000	-0.655052	 28.762490	 0.487629	-16.197310	 22.588400	-49.176450	-5.458352	-2.008673	 9.967584	 2.503307	-1.126933	 4.530149	 3.269096	-0.634224	-79.887200	 3.853804	 3.127019	 11.955100	-0.275702	 3.148054	 9.075039	 2.902068	 4.349177	-70.154880	 37.312000	 19.761530	 15.005810	-6.822121	 19.211520	 10.843110	-5.643498	 19.246090	-70.453250	 18.381000	 10.354350	 21.442230	-3.898658	 9.395153	 9.482653	-0.473479	 9.975246	-72.418110	-57.340100	-11.446760	 6.756176	 9.285995	-0.525225	 0.082324	-19.378370	-0.175625	 3.200089	 3.299119	-6.332884	 90.974370	-97.670040	-3.297166	-84.758350	-178.140900	-10.910590	 99.670780	-0.813313	 0.122417	-8.559153	-87.552110	-26.823760	-23.349860	-1.816211	-28.465640	 1.875631	-33.136520	-30.438610	-34.670830	-15.012170	-9.821715	 78.784550	 2.456311	-1.169744	 80.718790	 1.144815	 1.794722	-14.038420	-119.013000	-22.801620	-21.214590	-0.469830	 3.282239	-78.602600	 0.188712	 7.210938	-12.056590	-131.547100	-35.808510	-22.640830	-5.977225	 19.944000	 74.595890	-4.716576	 19.574120	-20.517600	-107.722700	-49.238010	-4.034735	-3.484296	 9.763653	 74.841640	-2.232228	 12.215610	-2.836045	 99.307850	-0.984167	-9.930225	 36.498650	-0.543483	 0.317072	 140.434900	 0.239265	 4.137275	 0.000000	 90.000000	 0.000000	 168.409400	 15.065950	 146.896400	-172.037700	-7.172931	-33.050050
-0.008464	-0.201381	 0.010089	 170.331500	 5.226649	-85.037010	-22.862620	 6.843003	 2.594100	-19.559660	 19.040660	 1.945020	 3.807704	-16.814080	 106.868700	-0.813313	 0.122417	-8.559153	-80.825680	-29.938570	-6.371118	-0.766852	 28.806250	 0.516259	-16.196830	 22.551490	-49.229850	-5.458350	-2.008682	 9.967424	 2.503307	-1.126933	 4.530149	 3.269102	-0.634273	-79.888150	 3.848774	 3.124815	 11.955340	-0.275702	 3.148055	 9.074876	 2.902109	 4.349019	-70.157200	 37.306720	 19.759600	 15.006890	-6.822121	 19.211520	 10.843110	-5.643333	 19.246080	-70.445300	 18.375970	 10.351750	 21.441630	-3.898658	 9.395153	 9.482653	-0.473478	 9.975214	-72.418850	-57.342230	-11.447190	 6.754743	 9.285735	-0.525229	 0.082319	-19.379430	-0.175618	 3.200082	 3.302761	-6.114942	 90.956050	-97.405770	-3.240996	-84.362140	-178.100400	-10.981500	 100.023300	-0.813313	 0.122417	-8.559153	-87.480040	-26.703330	-23.003330	-1.868982	-28.328450	 1.905170	-33.298220	-30.707200	-34.380290	-15.013460	-9.825059	 78.798190	 2.456311	-1.169745	 80.719170	 1.144068	 1.794935	-14.023420	-119.468700	-23.088750	-21.170880	-0.468891	 3.277909	-77.111440	 0.188712	 7.210938	-12.056590	-131.957400	-35.561460	-22.855390	-5.986455	 19.914550	 72.873830	-4.716576	 19.574120	-20.517600	-108.173100	-49.123970	-4.372270	-3.484296	 9.763653	 74.841640	-2.155867	 12.190610	-4.664447	 99.675510	-0.883342	-9.953505	 36.498650	-0.543483	 0.317072	 142.621600	 0.258470	 4.132169	 0.000000	 90.000000	 0.000000	 168.360500	 15.076710	 146.935900	-171.967700	-7.134806	-33.029060
-0.008647	-0.200676	 0.009622	 170.281600	 5.086186	-85.017250	-22.910440	 6.759084	 2.608683	-19.609520	 18.829120	 1.960291	 3.780973	-16.702890	 106.861100	-0.813313	 0.122417	-8.559153	-80.525430	-29.650960	-6.404029	-0.866603	 28.832080	 0.542397	-16.128460	 22.486760	-49.320090	-5.458347	-2.008690	 9.967280	 2.503307	-1.126933	 4.530149	 3.269109	-0.634317	-79.889020	 3.844458	 3.122924	 11.955540	-0.275703	 3.148054	 9.074723	 2.902146	 4.348872	-70.159330	 37.301730	 19.757770	 15.007920	-6.822121	 19.211520	 10.843110	-5.643180	 19.246070	-70.437770	 18.372460	 10.349940	 21.440870	-3.898658	 9.395153	 9.482653	-0.473476	 9.975184	-72.419530	-57.344340	-11.447600	 6.753405	 9.285522	-0.525218	 0.082319	-19.380390	-0.175610	 3.200078	 3.306628	-5.919567	 90.938480	-97.156300	-3.246959	-84.026500	-178.065200	-11.047800	 100.315300	-0.813313	 0.122417	-8.559153	-87.385770	-26.572930	-22.682690	-1.916848	-28.174380	 1.932244	-33.440450	-30.939780	-34.092300	-15.014410	-9.827546	 78.808370	 2.456311	-1.169745	 80.719490	 1.143512	 1.795093	-14.012250	-119.843500	-23.322630	-21.138040	-0.468035	 3.274365	-75.884280	 0.188712	 7.210938	-12.056590	-132.290200	-35.351090	-23.028820	-5.994304	 19.891770	 71.531060	-4.716576	 19.574120	-20.517600	-108.542400	-49.028800	-4.648492	-3.484296	 9.763653	 74.841640	-2.098293	 12.169990	-6.056614	 99.978470	-0.798650	-9.972931	 36.498650	-0.543483	 0.317072	 144.421200	 0.274115	 4.127419	 0.000000	 90.000000	 0.000000	 168.317300	 15.087410	 146.959700	-171.905200	-7.104589	-33.017310
-0.008826	-0.200174	 0.009246	 170.231000	 4.965312	-84.994900	-22.954100	 6.670434	 2.625089	-19.655690	 18.623750	 1.977927	 3.752856	-16.587610	 106.850000	-0.813313	 0.122417	-8.559153	-80.223490	-29.364390	-6.438756	-0.962752	 28.846900	 0.568086	-16.023170	 22.403900	-49.433450	-5.458345	-2.008699	 9.967134	 2.503307	-1.126933	 4.530149	 3.269115	-0.634360	-79.889870	 3.840487	 3.121184	 11.955730	-0.275703	 3.148055	 9.074574	 2.902183	 4.348729	-70.161420	 37.296680	 19.755920	 15.008980	-6.822121	 19.211520	 10.843110	-5.643028	 19.246060	-70.430150	 18.370070	 10.348700	 21.439900	-3.898658	 9.395153	 9.482653	-0.473474	 9.975156	-72.420200	-57.346580	-11.448020	 6.752057	 9.285284	-0.525225	 0.082317	-19.381350	-0.175602	 3.200075	 3.310971	-5.735933	 90.920740	-96.909460	-3.188273	-83.710410	-178.031300	-11.112460	 100.589400	-0.813313	 0.122417	-8.559153	-87.264630	-26.433190	-22.369390	-1.959559	-28.128770	 1.961346	-33.608120	-31.256160	-33.873830	-15.015180	-9.829526	 78.816450	 2.456311	-1.169745	 80.719750	 1.143070	 1.795218	-14.003390	-120.177800	-23.529590	-21.111060	-0.467205	 3.271217	-74.788750	 0.188712	 7.210938	-12.056590	-132.583400	-35.157920	-23.181190	-6.001293	 19.872880	 70.409820	-4.716576	 19.574120	-20.517600	-108.870900	-48.942850	-4.893894	-3.484296	 9.763653	 74.841640	-2.052048	 12.152280	-7.184188	 100.249300	-0.721585	-9.990470	 36.498650	-0.543483	 0.317072	 146.027900	 0.287951	 4.122761	 0.000000	 90.000000	 0.000000	 168.276200	 15.098640	 146.977200	-171.847500	-7.078755	-33.011470
-0.009054	-0.199702	 0.008894	 170.170200	 4.841554	-84.965560	-23.003250	 6.554953	 2.646348	-19.708390	 18.389040	 2.001603	 3.716363	-16.438890	 106.833700	-0.813313	 0.122417	-8.559153	-79.848990	-29.009590	-6.486538	-1.078909	 28.852920	 0.599690	-15.870680	 22.285840	-49.591000	-5.458343	-2.008710	 9.966951	 2.503307	-1.126933	 4.530149	 3.269123	-0.634415	-79.890910	 3.836016	 3.119224	 11.955910	-0.275704	 3.148054	 9.074392	 2.902228	 4.348549	-70.164030	 37.290290	 19.753580	 15.010340	-6.822121	 19.211520	 10.843110	-5.642829	 19.246040	-70.420520	 18.368320	 10.347800	 21.438480	-3.898658	 9.395153	 9.482653	-0.473474	 9.975120	-72.421010	-57.349450	-11.448580	 6.750345	 9.285015	-0.525222	 0.082315	-19.382540	-0.175592	 3.200070	 3.317371	-5.538788	 90.898360	-96.613690	-2.811508	-83.320880	-177.985300	-11.188080	 100.981400	-0.813313	 0.122417	-8.559153	-87.073070	-26.253960	-21.992500	-2.003184	-28.262510	 2.000376	-33.856160	-31.788530	-33.726950	-15.015900	-9.831388	 78.824020	 2.456311	-1.169745	 80.720040	 1.142656	 1.795336	-13.995060	-120.548300	-23.757180	-21.083680	-0.466216	 3.267742	-73.573010	 0.188712	 7.210938	-12.056590	-132.904600	-34.937530	-23.347510	-6.008702	 19.854040	 69.283710	-4.716576	 19.574120	-20.517600	-109.234100	-48.846370	-5.164824	-3.484296	 9.763653	 74.841640	-2.008147	 12.134510	-8.262876	 100.550200	-0.634244	-10.010130	 36.498650	-0.543483	 0.317072	 147.810500	 0.303150	 4.117148	 0.000000	 90.000000	 0.000000	 168.240900	 15.106250	 146.995700	-171.784700	-7.051823	-33.010630
-0.009235	-0.199293	 0.008713	 170.131100	 4.754884	-84.940750	-23.041160	 6.452086	 2.664191	-19.748440	 18.186140	 2.021939	 3.683976	-16.306720	 106.819300	-0.813313	 0.122417	-8.559153	-79.531240	-28.706780	-6.533216	-1.176511	 28.848810	 0.626710	-15.742450	 22.178780	-49.729620	-5.458341	-2.008719	 9.966788	 2.503307	-1.126933	 4.530149	 3.269130	-0.634461	-79.891830	 3.832605	 3.117729	 11.956060	-0.275704	 3.148054	 9.074232	 2.902268	 4.348394	-70.166280	 37.284690	 19.751530	 15.011530	-6.822121	 19.211520	 10.843110	-5.642659	 19.246030	-70.412050	 18.367370	 10.347310	 21.437130	-3.898658	 9.395153	 9.482653	-0.473471	 9.975088	-72.421750	-57.352040	-11.449080	 6.748858	 9.284769	-0.525225	 0.082312	-19.383590	-0.175585	 3.200064	 3.323935	-5.408605	 90.878980	-96.368440	-2.413577	-83.016430	-177.944300	-11.247990	 101.340800	-0.813313	 0.122417	-8.559153	-87.077260	-30.286080	-21.559330	-4.348140	-28.172720	 2.074634	-31.961770	-28.697360	-30.997230	-15.016320	-9.832494	 78.828590	 2.456311	-1.169746	 80.720220	 1.142405	 1.795407	-13.990040	-120.833200	-23.930720	-21.064500	-0.465405	 3.265086	-72.638090	 0.188712	 7.210938	-12.056590	-133.148500	-34.763710	-23.473420	-6.013860	 19.841570	 68.533590	-4.716576	 19.574120	-20.517600	-109.512600	-48.771400	-5.372263	-3.484296	 9.763653	 74.841640	-1.981379	 12.123210	-8.924846	 100.781900	-0.565552	-10.025380	 36.498650	-0.543483	 0.317072	 149.181600	 0.314713	 4.112508	 0.000000	 90.000000	 0.000000	 168.221600	 15.108590	 147.014300	-171.740600	-7.032762	-33.014490
-0.009666	-0.198777	 0.008788	 170.123800	 4.684000	-84.920020	-23.075530	 6.345240	 2.680768	-19.782360	 17.944730	 2.040933	 3.650446	-16.168920	 106.805500	-0.813313	 0.122417	-8.559153	-79.215900	-28.402820	-6.587010	-1.274019	 28.837110	 0.654069	-15.633870	 22.071520	-49.863660	-5.458338	-2.008728	 9.966632	 2.503307	-1.126933	 4.530149	 3.269137	-0.634510	-79.892780	 3.829522	 3.116377	 11.956170	-0.275705	 3.148054	 9.074059	 2.902309	 4.348234	-70.168620	 37.278880	 19.749400	 15.012770	-6.822121	 19.211520	 10.843110	-5.642480	 19.246020	-70.403340	 18.366850	 10.347050	 21.435660	-3.898658	 9.395153	 9.482653	-0.473469	 9.975056	-72.422500	-57.354770	-11.449600	 6.747320	 9.284520	-0.525225	 0.082310	-19.384650	-0.175581	 3.200053	 3.331451	-5.305508	 90.859180	-96.122670	-2.255819	-82.852870	-177.903200	-11.303100	 101.706100	-0.813313	 0.122417	-8.559153	-86.192790	-38.455780	-20.295370	-7.707953	-27.781570	 1.001861	-28.296930	-21.951110	-26.675860	-15.016600	-9.833224	 78.831550	 2.456311	-1.169746	 80.720400	 1.142244	 1.795453	-13.986790	-121.094300	-24.088760	-21.048260	-0.464622	 3.262662	-71.780850	 0.188712	 7.210938	-12.056590	-133.369800	-34.601010	-23.587320	-6.017852	 19.832220	 67.969190	-4.716576	 19.574120	-20.517600	-109.767200	-48.702060	-5.561733	-3.484296	 9.763653	 74.841640	-1.964045	 12.115700	-9.355303	 100.994700	-0.501144	-10.039450	 36.498650	-0.543483	 0.317072	 150.438900	 0.325214	 4.108011	 0.000000	 90.000000	 0.000000	 168.210000	 15.108150	 147.040500	-171.707200	-7.017052	-33.021900
-0.009984	-0.197884	 0.009002	 170.160600	 4.621436	-84.898430	-23.110990	 6.215613	 2.697112	-19.813520	 17.619640	 2.060162	 3.609887	-16.000040	 106.792400	-0.813313	 0.122417	-8.559153	-78.853300	-28.046310	-6.661282	-1.388953	 28.814420	 0.686774	-15.575790	 21.959910	-49.996110	-5.458335	-2.008740	 9.966432	 2.503307	-1.126933	 4.530149	 3.269145	-0.634568	-79.893930	 3.826457	 3.115032	 11.956280	-0.275705	 3.148053	 9.073837	 2.902359	 4.348038	-70.171460	 37.271830	 19.746820	 15.014300	-6.822121	 19.211520	 10.843110	-5.642262	 19.246000	-70.392680	 18.366780	 10.347010	 21.433750	-3.898658	 9.395153	 9.482653	-0.473467	 9.975015	-72.423400	-57.358210	-11.450260	 6.745420	 9.284198	-0.525225	 0.082307	-19.385940	-0.175573	 3.200050	 3.341462	-5.211209	 90.835330	-95.837030	-2.340251	-82.908550	-177.863500	-11.327570	 102.116100	-0.813313	 0.122417	-8.559153	-81.561350	-43.328390	-15.524850	-14.429610	-26.846540	-0.306639	-25.056450	-18.103370	-25.293460	-15.016730	-9.833563	 78.832950	 2.456311	-1.169746	 80.720550	 1.142168	 1.795475	-13.985280	-121.372500	-24.256100	-21.032380	-0.463749	 3.260090	-70.866580	 0.188712	 7.210938	-12.056590	-133.603200	-34.423950	-23.707130	-6.020865	 19.825330	 67.551640	-4.716576	 19.574120	-20.517600	-110.038000	-48.627510	-5.762992	-3.484296	 9.763653	 74.841640	-1.956110	 12.112210	-9.552846	 101.221900	-0.430608	-10.054500	 36.498650	-0.543483	 0.317072	 151.779600	 0.336302	 4.102963	 0.000000	 90.000000	 0.000000	 168.201900	 15.093110	 147.061400	-171.653800	-7.020008	-33.031930
-0.010108	-0.197064	 0.008993	 170.276600	 4.585176	-84.890080	-23.136390	 6.103415	 2.706927	-19.831650	 17.316250	 2.072576	 3.578047	-15.864860	 106.786300	-0.813313	 0.122417	-8.559153	-78.557870	-27.747420	-6.735119	-1.486701	 28.788240	 0.714922	-15.606200	 21.884900	-50.076740	-5.458333	-2.008751	 9.966236	 2.503307	-1.126933	 4.530149	 3.269152	-0.634620	-79.894930	 3.824396	 3.114127	 11.956320	-0.275706	 3.148054	 9.073667	 2.902404	 4.347866	-70.173970	 37.265610	 19.744540	 15.015630	-6.822121	 19.211520	 10.843110	-5.642074	 19.245990	-70.383330	 18.367120	 10.347190	 21.431990	-3.898658	 9.395153	 9.482653	-0.473466	 9.974981	-72.424200	-57.361290	-11.450840	 6.743711	 9.283934	-0.525218	 0.082306	-19.387090	-0.175566	 3.200044	 3.350863	-5.147848	 90.814700	-95.598980	-2.631210	-83.018210	-177.839400	-11.313760	 102.425200	-0.813313	 0.122417	-8.559153	-76.242370	-44.442290	-10.767760	-21.226140	-26.098750	-1.147253	-22.453140	-17.152090	-25.745140	-15.016670	-9.833413	 78.832370	 2.456311	-1.169746	 80.720650	 1.142200	 1.795466	-13.985920	-121.584700	-24.382930	-21.021270	-0.463055	 3.258137	-70.169000	 0.188712	 7.210938	-12.056590	-133.779500	-34.286330	-23.797390	-6.021842	 19.823140	 67.418380	-4.716576	 19.574120	-20.517600	-110.244000	-48.570200	-5.915998	-3.484296	 9.763653	 74.841640	-1.956071	 12.112190	-9.553795	 101.395600	-0.375140	-10.065980	 36.498650	-0.543483	 0.317072	 152.802500	 0.344681	 4.098938	 0.000000	 90.000000	 0.000000	 168.199600	 15.061200	 147.038500	-171.573700	-7.076127	-33.039070
-0.009993	-0.196282	 0.008805	 170.479000	 4.559179	-84.895640	-23.154410	 5.995489	 2.711439	-19.840880	 17.009400	 2.079802	 3.554574	-15.757170	 106.796000	-0.813313	 0.122417	-8.559153	-78.291380	-27.467870	-6.816259	-1.580342	 28.757790	 0.742134	-15.679710	 21.823210	-50.131900	-5.458330	-2.008762	 9.966056	 2.503307	-1.126933	 4.530149	 3.269160	-0.634671	-79.895940	 3.822932	 3.113483	 11.956340	-0.275707	 3.148053	 9.073473	 2.902446	 4.347694	-70.176460	 37.259510	 19.742300	 15.016920	-6.822121	 19.211520	 10.843110	-5.641886	 19.245980	-70.374140	 18.367810	 10.347550	 21.430180	-3.898658	 9.395153	 9.482653	-0.473465	 9.974946	-72.425000	-57.364390	-11.451430	 6.742017	 9.283661	-0.525218	 0.082304	-19.388230	-0.175547	 3.200040	 3.360589	-5.096262	 90.794710	-95.383540	-2.750854	-82.917030	-177.813900	-11.327090	 102.691700	-0.813313	 0.122417	-8.559153	-71.459710	-44.460830	-6.794166	-27.565550	-25.252960	-1.753791	-20.003150	-16.667710	-26.553960	-15.016470	-9.832896	 78.830230	 2.456311	-1.169746	 80.720720	 1.142318	 1.795432	-13.988280	-121.766900	-24.491280	-21.012420	-0.462440	 3.256466	-69.570050	 0.188712	 7.210938	-12.056590	-133.929700	-34.166500	-23.874070	-6.021856	 19.823110	 67.416630	-4.716576	 19.574120	-20.517600	-110.420700	-48.520660	-6.047063	-3.484296	 9.763653	 74.841640	-1.956071	 12.112190	-9.553795	 101.545000	-0.325956	-10.075800	 36.498650	-0.543483	 0.317072	 153.680900	 0.351823	 4.095365	 0.000000	 90.000000	 0.000000	 168.191300	 14.998830	 146.988000	-171.488800	-7.176860	-33.045840
-0.009632	-0.195442	 0.008523	 170.753600	 4.537012	-84.904290	-23.164410	 5.870628	 2.708934	-19.841440	 16.640130	 2.080874	 3.534914	-15.651000	 106.832800	-0.813313	 0.122417	-8.559153	-78.007710	-27.155570	-6.925401	-1.689255	 28.714690	 0.774021	-15.787910	 21.754120	-50.176050	-5.458327	-2.008775	 9.965830	 2.503307	-1.126933	 4.530149	 3.269169	-0.634735	-79.897160	 3.821987	 3.113066	 11.956310	-0.275707	 3.148053	 9.073225	 2.902500	 4.347486	-70.179500	 37.252160	 19.739610	 15.018470	-6.822121	 19.211520	 10.843110	-5.641659	 19.245960	-70.363120	 18.368990	 10.348160	 21.427900	-3.898658	 9.395153	 9.482653	-0.473461	 9.974903	-72.425990	-57.368150	-11.452140	 6.739967	 9.283322	-0.525225	 0.082301	-19.389610	-0.175541	 3.200033	 3.372731	-5.040349	 90.771160	-95.148330	-2.733243	-82.414920	-177.778700	-11.378360	 102.986100	-0.813313	 0.122417	-8.559153	-67.396070	-44.369830	-3.210134	-32.603580	-24.791880	-2.203167	-17.576910	-16.591990	-27.734040	-15.016040	-9.831790	 78.825740	 2.456311	-1.169746	 80.720770	 1.142564	 1.795362	-13.993230	-121.953000	-24.601520	-21.004000	-0.461792	 3.254766	-68.957610	 0.188712	 7.210938	-12.056590	-134.082000	-34.042270	-23.951720	-6.021856	 19.823110	 67.416630	-4.716576	 19.574120	-20.517600	-110.600900	-48.469760	-6.180612	-3.484296	 9.763653	 74.841640	-1.956071	 12.112190	-9.553795	 101.698200	-0.273536	-10.085740	 36.498650	-0.543483	 0.317072	 154.579000	 0.359062	 4.091600	 0.000000	 90.000000	 0.000000	 168.173700	 14.891400	 146.900100	-171.387600	-7.311825	-33.052720
-0.009102	-0.194846	 0.008271	 171.003000	 4.521174	-84.904700	-23.165840	 5.761785	 2.715237	-19.837970	 16.318130	 2.089374	 3.520956	-15.570470	 106.868700	-0.813313	 0.122417	-8.559153	-77.793730	-26.904160	-7.033193	-1.782253	 28.670270	 0.801409	-15.870390	 21.688110	-50.202950	-5.458324	-2.008787	 9.965616	 2.503307	-1.126933	 4.530149	 3.269177	-0.634791	-79.898260	 3.821834	 3.112997	 11.956260	-0.275708	 3.148053	 9.073019	 2.902548	 4.347297	-70.182240	 37.245670	 19.737240	 15.019820	-6.822121	 19.211520	 10.843110	-5.641462	 19.245940	-70.353400	 18.370360	 10.348870	 21.425790	-3.898658	 9.395153	 9.482653	-0.473460	 9.974867	-72.426860	-57.371540	-11.452790	 6.738113	 9.283021	-0.525221	 0.082298	-19.390880	-0.175536	 3.200025	 3.383866	-4.989411	 90.750820	-94.976550	-2.534517	-81.831440	-177.742900	-11.447700	 103.243000	-0.813313	 0.122417	-8.559153	-64.811480	-44.267190	-0.787262	-36.047110	-24.487960	-2.476916	-16.122090	-16.580290	-28.647640	-15.015510	-9.830400	 78.820080	 2.456311	-1.169746	 80.720770	 1.142876	 1.795274	-13.999480	-122.090000	-24.682280	-20.998240	-0.461304	 3.253518	-68.506970	 0.188712	 7.210938	-12.056590	-134.193300	-33.949770	-24.008350	-6.021856	 19.823110	 67.416630	-4.716576	 19.574120	-20.517600	-110.733300	-48.432140	-6.278715	-3.484296	 9.763653	 74.841640	-1.956071	 12.112190	-9.553795	 101.811300	-0.232829	-10.092920	 36.498650	-0.543483	 0.317072	 155.239800	 0.364351	 4.088754	 0.000000	 90.000000	 0.000000	 168.165700	 14.799770	 146.801300	-171.321500	-7.434304	-33.058700
-0.008269	-0.194456	 0.008114	 171.275500	 4.501503	-84.894990	-23.163760	 5.652292	 2.749897	-19.837180	 16.009350	 2.123600	 3.506629	-15.496840	 106.889400	-0.813313	 0.122417	-8.559153	-77.624460	-26.681310	-7.151934	-1.871092	 28.622840	 0.827634	-15.911820	 21.610360	-50.224850	-5.458323	-2.008798	 9.965425	 2.503307	-1.126933	 4.530149	 3.269186	-0.634848	-79.899370	 3.822258	 3.113178	 11.956140	-0.275709	 3.148054	 9.072806	 2.902596	 4.347109	-70.184970	 37.239330	 19.734920	 15.021110	-6.822121	 19.211520	 10.843110	-5.641269	 19.245930	-70.343900	 18.371920	 10.349680	 21.423640	-3.898658	 9.395153	 9.482653	-0.473458	 9.974828	-72.427750	-57.374930	-11.453430	 6.736258	 9.282720	-0.525221	 0.082297	-19.392130	-0.175520	 3.200019	 3.395053	-4.931874	 90.731290	-94.846460	-2.149992	-81.312840	-177.709700	-11.533070	 103.430600	-0.813313	 0.122417	-8.559153	-62.961650	-44.083810	 0.910957	-38.087740	-24.152410	-2.607249	-15.292410	-16.480160	-29.029610	-15.014840	-9.828661	 78.812980	 2.456311	-1.169746	 80.720760	 1.143265	 1.795164	-14.007300	-122.200600	-24.747350	-20.993840	-0.460903	 3.252513	-68.142690	 0.188712	 7.210938	-12.056590	-134.282800	-33.874360	-24.053800	-6.021856	 19.823110	 67.416630	-4.716576	 19.574120	-20.517600	-110.840200	-48.401610	-6.357835	-3.484296	 9.763653	 74.841640	-1.956071	 12.112190	-9.553795	 101.903000	-0.197709	-10.098530	 36.498650	-0.543483	 0.317072	 155.774100	 0.368596	 4.086408	 0.000000	 90.000000	 0.000000	 168.141800	 14.674770	 146.697100	-171.307500	-7.567105	-33.066760
-0.006929	-0.194325	 0.007992	 171.595300	 4.482283	-84.867190	-23.157810	 5.525462	 2.819515	-19.839040	 15.673300	 2.189955	 3.486405	-15.410780	 106.886200	-0.813313	 0.122417	-8.559153	-77.483360	-26.455640	-7.303758	-1.970753	 28.521970	 0.858043	-15.888530	 21.455760	-50.251450	-5.458318	-2.008813	 9.965163	 2.503307	-1.126933	 4.530149	 3.269195	-0.634914	-79.900660	 3.823356	 3.113656	 11.956010	-0.275709	 3.148053	 9.072546	 2.902652	 4.346887	-70.188210	 37.232040	 19.732250	 15.022580	-6.822121	 19.211520	 10.843110	-5.641045	 19.245920	-70.333010	 18.374000	 10.350750	 21.421050	-3.898658	 9.395153	 9.482653	-0.473455	 9.974784	-72.428790	-57.378890	-11.454180	 6.734074	 9.282367	-0.525218	 0.082293	-19.393610	-0.175509	 3.200013	 3.408005	-4.828571	 90.709370	-94.715060	-1.858424	-81.055910	-177.679400	-11.646340	 103.520500	-0.813313	 0.122417	-8.559153	-62.294850	-44.054680	 1.719784	-39.160530	-23.923180	-2.634775	-14.804350	-16.462670	-28.998760	-15.013890	-9.826201	 78.802950	 2.456311	-1.169746	 80.720700	 1.143817	 1.795007	-14.018370	-122.299500	-24.805340	-20.990090	-0.460539	 3.251617	-67.817220	 0.188712	 7.210938	-12.056590	-134.362400	-33.806480	-24.094170	-6.021856	 19.823110	 67.416630	-4.716576	 19.574120	-20.517600	-110.935600	-48.374220	-6.428453	-3.484296	 9.763653	 74.841640	-1.956071	 12.112190	-9.553795	 101.985500	-0.163095	-10.103260	 36.498650	-0.543483	 0.317072	 156.251500	 0.372386	 4.084280	 0.000000	 90.000000	 0.000000	 168.102400	 14.508260	 146.573900	-171.344600	-7.710976	-33.076450
-0.005642	-0.194412	 0.008012	 171.864900	 4.488480	-84.829510	-23.150160	 5.416354	 2.901681	-19.842820	 15.406310	 2.267243	 3.465019	-15.327090	 106.869200	-0.813313	 0.122417	-8.559153	-77.400340	-26.284440	-7.443266	-2.055669	 28.365760	 0.885402	-15.824320	 21.241210	-50.267110	-5.458315	-2.008826	 9.964938	 2.503307	-1.126933	 4.530149	 3.269204	-0.634974	-79.901820	 3.824765	 3.114268	 11.955840	-0.275710	 3.148053	 9.072312	 2.902703	 4.346688	-70.191110	 37.225740	 19.729930	 15.023820	-6.822121	 19.211520	 10.843110	-5.640854	 19.245900	-70.323570	 18.375990	 10.351790	 21.418720	-3.898658	 9.395153	 9.482653	-0.473455	 9.974742	-72.429700	-57.382380	-11.454840	 6.732128	 9.282044	-0.525218	 0.082290	-19.394940	-0.175502	 3.200004	 3.419102	-4.685919	 90.690820	-94.599010	-1.726125	-81.109520	-177.655000	-11.750400	 103.562600	-0.813313	 0.122417	-8.559153	-62.279500	-43.999530	 1.789582	-39.003590	-23.840370	-2.568582	-14.718770	-16.446830	-28.979970	-15.012910	-9.823650	 78.792560	 2.456311	-1.169746	 80.720610	 1.144384	 1.794845	-14.029770	-122.361200	-24.841420	-20.987870	-0.460309	 3.251058	-67.614030	 0.188712	 7.210938	-12.056590	-134.411900	-33.763850	-24.119260	-6.021856	 19.823110	 67.416630	-4.716576	 19.574120	-20.517600	-110.995200	-48.357110	-6.472491	-3.484296	 9.763653	 74.841640	-1.956071	 12.112190	-9.553795	 102.037500	-0.137903	-10.105850	 36.498650	-0.543483	 0.317072	 156.549300	 0.374726	 4.082934	 0.000000	 90.000000	 0.000000	 168.064400	 14.361120	 146.468400	-171.392600	-7.821321	-33.098820
-0.004268	-0.194604	 0.008065	 172.104800	 4.509055	-84.779080	-23.140810	 5.310380	 2.999996	-19.848600	 15.171770	 2.359194	 3.438784	-15.228300	 106.840900	-0.813313	 0.122417	-8.559153	-77.348370	-26.135470	-7.584194	-2.138676	 28.196500	 0.912428	-15.742660	 21.007340	-50.258610	-5.458312	-2.008840	 9.964718	 2.503307	-1.126933	 4.530149	 3.269213	-0.635035	-79.903020	 3.826557	 3.115050	 11.955660	-0.275711	 3.148053	 9.072064	 2.902756	 4.346483	-70.194090	 37.219490	 19.727650	 15.025020	-6.822121	 19.211520	 10.843110	-5.640665	 19.245890	-70.314260	 18.378160	 10.352910	 21.416290	-3.898658	 9.395153	 9.482653	-0.473452	 9.974700	-72.430660	-57.385930	-11.455520	 6.730149	 9.281724	-0.525221	 0.082287	-19.396300	-0.175486	 3.200000	 3.430316	-4.510775	 90.672980	-94.466690	-1.637364	-81.212680	-177.635800	-11.854420	 103.548100	-0.813313	 0.122417	-8.559153	-62.784910	-44.048660	 1.483588	-38.341490	-23.807520	-2.464562	-14.806370	-16.441230	-28.839390	-15.011780	-9.820737	 78.780680	 2.456311	-1.169746	 80.720500	 1.145037	 1.794659	-14.042880	-122.400400	-24.864330	-20.986470	-0.460162	 3.250704	-67.485020	 0.188712	 7.210938	-12.056590	-134.443300	-33.736700	-24.135140	-6.021856	 19.823110	 67.416630	-4.716576	 19.574120	-20.517600	-111.032900	-48.346230	-6.500403	-3.484296	 9.763653	 74.841640	-1.956071	 12.112190	-9.553795	 102.071300	-0.117291	-10.107020	 36.498650	-0.543483	 0.317072	 156.738600	 0.376215	 4.082073	 0.000000	 90.000000	 0.000000	 168.029800	 14.228490	 146.369100	-171.444100	-7.901544	-33.151580
-0.002714	-0.194899	 0.008153	 172.293300	 4.541430	-84.700780	-23.129280	 5.205756	 3.130790	-19.860720	 15.007890	 2.481753	 3.406338	-15.110630	 106.796800	-0.813313	 0.122417	-8.559153	-77.319320	-25.988500	-7.743324	-2.233244	 28.050000	 0.942121	-15.654870	 20.783170	-50.196060	-5.458308	-2.008856	 9.964437	 2.503307	-1.126933	 4.530149	 3.269224	-0.635110	-79.904480	 3.829103	 3.116158	 11.955390	-0.275712	 3.148054	 9.071766	 2.902818	 4.346235	-70.197680	 37.212240	 19.725000	 15.026360	-6.822121	 19.211520	 10.843110	-5.640445	 19.245880	-70.303480	 18.380840	 10.354300	 21.413350	-3.898658	 9.395153	 9.482653	-0.473449	 9.974651	-72.431830	-57.390110	-11.456320	 6.727760	 9.281316	-0.525211	 0.082283	-19.397940	-0.175479	 3.199991	 3.443867	-4.286908	 90.653260	-94.372920	-1.503547	-81.155560	-177.616900	-11.967350	 103.511600	-0.813313	 0.122417	-8.559153	-64.122840	-44.219440	 0.507487	-36.547200	-23.823070	-2.281005	-15.257840	-16.371610	-28.601500	-15.010270	-9.816833	 78.764790	 2.456311	-1.169746	 80.720330	 1.145908	 1.794411	-14.060380	-122.417600	-24.874380	-20.985860	-0.460097	 3.250549	-67.428410	 0.188712	 7.210938	-12.056590	-134.457000	-33.724740	-24.142110	-6.021856	 19.823110	 67.416630	-4.716576	 19.574120	-20.517600	-111.049500	-48.341440	-6.512654	-3.484296	 9.763653	 74.841640	-1.956071	 12.112190	-9.553795	 102.087600	-0.098928	-10.106560	 36.498650	-0.543483	 0.317072	 156.821600	 0.376872	 4.081696	 0.000000	 90.000000	 0.000000	 168.006400	 14.123280	 146.277500	-171.503400	-7.955424	-33.237170
-0.001510	-0.195174	 0.008225	 172.379800	 4.565417	-84.627160	-23.120790	 5.149960	 3.247864	-19.875700	 14.971550	 2.591701	 3.385015	-15.039840	 106.755100	-0.813313	 0.122417	-8.559153	-77.315090	-25.887150	-7.866342	-2.309379	 28.013500	 0.964225	-15.612050	 20.686330	-50.087470	-5.458304	-2.008869	 9.964201	 2.503307	-1.126933	 4.530149	 3.269233	-0.635173	-79.905700	 3.831453	 3.117184	 11.955190	-0.275712	 3.148053	 9.071518	 2.902872	 4.346025	-70.200740	 37.206340	 19.722840	 15.027400	-6.822121	 19.211520	 10.843110	-5.640264	 19.245860	-70.294750	 18.383160	 10.355500	 21.410850	-3.898658	 9.395153	 9.482653	-0.473449	 9.974608	-72.432800	-57.393590	-11.456990	 6.725748	 9.280971	-0.525218	 0.082281	-19.399350	-0.175463	 3.199985	 3.455655	-4.104999	 90.638210	-94.412090	-1.214315	-80.957290	-177.606600	-12.047440	 103.452200	-0.813313	 0.122417	-8.559153	-65.772840	-44.386360	-0.840364	-34.268390	-23.924070	-2.087971	-15.960940	-16.311070	-28.268420	-15.008870	-9.813213	 78.750010	 2.456311	-1.169746	 80.720170	 1.146719	 1.794180	-14.076640	-122.408400	-24.868960	-20.986200	-0.460132	 3.250633	-67.459010	 0.188712	 7.210938	-12.056590	-134.449600	-33.731190	-24.138350	-6.021856	 19.823110	 67.416630	-4.716576	 19.574120	-20.517600	-111.040500	-48.344020	-6.506019	-3.484296	 9.763653	 74.841640	-1.956071	 12.112190	-9.553795	 102.082000	-0.088469	-10.104660	 36.498650	-0.543483	 0.317072	 156.776700	 0.376519	 4.081901	 0.000000	 90.000000	 0.000000	 167.994200	 14.069420	 146.232900	-171.558700	-7.987952	-33.316510
-0.000292	-0.195545	 0.008277	 172.470600	 4.587173	-84.564190	-23.113760	 5.117974	 3.369807	-19.892220	 14.955270	 2.705594	 3.367871	-14.988850	 106.710000	-0.813313	 0.122417	-8.559153	-77.338930	-25.804510	-7.989405	-2.384326	 28.039490	 0.984649	-15.631170	 20.667430	-49.921950	-5.458301	-2.008883	 9.963957	 2.503307	-1.126933	 4.530149	 3.269243	-0.635238	-79.906970	 3.834057	 3.118320	 11.954940	-0.275713	 3.148052	 9.071261	 2.902927	 4.345806	-70.203920	 37.200540	 19.720710	 15.028380	-6.822121	 19.211520	 10.843110	-5.640090	 19.245850	-70.286130	 18.385570	 10.356740	 21.408240	-3.898658	 9.395153	 9.482653	-0.473445	 9.974563	-72.433840	-57.397110	-11.457660	 6.723673	 9.280616	-0.525214	 0.082280	-19.400790	-0.175454	 3.199973	 3.468234	-3.942454	 90.624400	-94.494070	-0.720593	-80.710850	-177.604400	-12.110370	 103.343500	-0.813313	 0.122417	-8.559153	-68.212590	-44.575040	-2.949829	-30.901470	-24.165170	-1.832547	-17.081100	-16.246400	-27.948720	-15.007320	-9.809196	 78.733610	 2.456311	-1.169745	 80.719990	 1.147617	 1.793923	-14.094690	-122.377200	-24.850760	-20.987290	-0.460249	 3.250914	-67.561510	 0.188712	 7.210938	-12.056590	-134.424700	-33.752810	-24.125730	-6.021856	 19.823110	 67.416630	-4.716576	 19.574120	-20.517600	-111.010500	-48.352670	-6.483855	-3.484296	 9.763653	 74.841640	-1.956071	 12.112190	-9.553795	 102.058600	-0.082256	-10.101320	 36.498650	-0.543483	 0.317072	 156.626400	 0.375332	 4.082584	 0.000000	 90.000000	 0.000000	 167.970900	 14.019440	 146.206100	-171.618100	-8.011501	-33.403100
 0.001061	-0.196167	 0.008327	 172.556600	 4.618440	-84.504270	-23.108190	 5.105854	 3.512364	-19.914450	 14.985990	 2.838602	 3.352117	-14.948870	 106.655400	-0.813313	 0.122417	-8.559153	-77.423610	-25.735760	-8.145857	-2.470056	 28.112830	 1.007068	-15.742260	 20.713210	-49.667260	-5.458298	-2.008901	 9.963647	 2.503307	-1.126933	 4.530149	 3.269254	-0.635317	-79.908510	 3.837295	 3.119731	 11.954630	-0.275714	 3.148053	 9.070930	 2.902994	 4.345541	-70.207770	 37.193910	 19.718280	 15.029450	-6.822121	 19.211520	 10.843110	-5.639890	 19.245840	-70.276340	 18.388420	 10.358220	 21.405100	-3.898658	 9.395153	 9.482653	-0.473442	 9.974510	-72.435060	-57.401230	-11.458460	 6.721206	 9.280186	-0.525211	 0.082274	-19.402550	-0.175444	 3.199967	 3.484060	-3.801824	 90.610310	-94.642750	-0.104685	-80.506840	-177.610300	-12.162230	 103.173100	-0.813313	 0.122417	-8.559153	-71.842550	-44.647460	-6.136153	-26.098590	-24.570710	-1.420749	-18.738440	-16.325700	-27.348310	-15.005310	-9.804007	 78.712460	 2.456311	-1.169745	 80.719720	 1.148776	 1.793591	-14.117980	-122.312600	-24.812960	-20.989630	-0.460490	 3.251498	-67.774250	 0.188712	 7.210938	-12.056590	-134.372900	-33.797460	-24.099500	-6.021856	 19.823110	 67.416630	-4.716576	 19.574120	-20.517600	-110.948200	-48.370620	-6.437765	-3.484296	 9.763653	 74.841640	-1.956071	 12.112190	-9.553795	 102.008500	-0.080544	-10.095590	 36.498650	-0.543483	 0.317072	 156.314500	 0.372880	 4.083995	 0.000000	 90.000000	 0.000000	 167.935100	 13.983040	 146.177000	-171.689900	-8.029435	-33.521130
 0.002067	-0.196864	 0.008331	 172.599700	 4.662076	-84.466360	-23.106230	 5.111905	 3.626684	-19.934890	 15.042380	 2.945146	 3.341531	-14.926530	 106.609900	-0.813313	 0.122417	-8.559153	-77.527500	-25.695790	-8.281688	-2.540265	 28.177530	 1.025335	-15.859180	 20.761250	-49.432110	-5.458293	-2.008916	 9.963394	 2.503307	-1.126933	 4.530149	 3.269264	-0.635385	-79.909840	 3.840108	 3.120958	 11.954360	-0.275715	 3.148052	 9.070642	 2.903053	 4.345315	-70.211070	 37.188540	 19.716330	 15.030240	-6.822121	 19.211520	 10.843110	-5.639729	 19.245820	-70.268460	 18.390820	 10.359460	 21.402420	-3.898658	 9.395153	 9.482653	-0.473440	 9.974463	-72.436130	-57.404670	-11.459120	 6.719094	 9.279823	-0.525214	 0.082271	-19.404080	-0.175430	 3.199957	 3.498271	-3.735175	 90.600540	-94.790240	 0.317883	-80.478800	-177.624800	-12.194800	 102.952500	-0.813313	 0.122417	-8.559153	-75.878180	-44.419680	-9.702232	-20.796900	-25.033890	-0.904665	-20.647330	-16.586420	-26.739900	-15.003480	-9.799283	 78.693130	 2.456311	-1.169745	 80.719470	 1.149836	 1.793288	-14.139270	-122.234900	-24.767470	-20.992520	-0.460777	 3.252203	-68.029930	 0.188712	 7.210938	-12.056590	-134.310400	-33.850920	-24.067800	-6.021856	 19.823110	 67.416630	-4.716576	 19.574120	-20.517600	-110.873300	-48.392120	-6.382319	-3.484296	 9.763653	 74.841640	-1.956071	 12.112190	-9.553795	 101.947400	-0.083708	-10.089250	 36.498650	-0.543483	 0.317072	 155.939500	 0.369910	 4.085672	 0.000000	 90.000000	 0.000000	 167.902900	 13.969430	 146.137200	-171.748400	-8.037454	-33.622290
 0.002976	-0.197779	 0.008327	 172.614400	 4.726811	-84.438330	-23.107610	 5.131033	 3.746038	-19.959270	 15.127310	 3.056361	 3.331115	-14.906960	 106.560600	-0.813313	 0.122417	-8.559153	-77.665720	-25.662600	-8.435982	-2.618835	 28.216290	 1.046528	-15.958290	 20.770960	-49.173790	-5.458289	-2.008935	 9.963069	 2.503307	-1.126933	 4.530149	 3.269275	-0.635464	-79.911370	 3.843367	 3.122379	 11.954070	-0.275716	 3.148053	 9.070315	 2.903121	 4.345046	-70.214970	 37.182650	 19.714170	 15.031020	-6.822121	 19.211520	 10.843110	-5.639549	 19.245820	-70.259860	 18.393480	 10.360840	 21.399290	-3.898658	 9.395153	 9.482653	-0.473437	 9.974410	-72.437380	-57.408550	-11.459880	 6.716624	 9.279382	-0.525210	 0.082268	-19.405850	-0.175417	 3.199951	 3.515377	-3.697976	 90.591710	-94.968600	 0.738236	-80.549510	-177.646600	-12.226620	 102.656300	-0.813313	 0.122417	-8.559153	-81.337050	-41.632340	-14.663400	-11.058080	-25.278250	 0.489616	-24.730130	-18.366190	-26.206380	-15.001190	-9.793400	 78.669180	 2.456311	-1.169745	 80.719130	 1.151147	 1.792912	-14.165610	-122.119400	-24.699580	-20.997050	-0.461198	 3.253251	-68.410160	 0.188712	 7.210938	-12.056590	-134.217100	-33.929800	-24.020460	-6.021856	 19.823110	 67.416630	-4.716576	 19.574120	-20.517600	-110.761700	-48.424030	-6.299739	-3.484296	 9.763653	 74.841640	-1.956071	 12.112190	-9.553795	 101.856000	-0.092472	-10.080270	 36.498650	-0.543483	 0.317072	 155.381700	 0.365478	 4.088129	 0.000000	 90.000000	 0.000000	 167.868900	 13.970410	 146.053800	-171.812500	-8.041653	-33.765960
 0.003719	-0.198661	 0.007944	 172.597000	 4.784018	-84.422800	-23.111700	 5.151024	 3.827170	-19.978460	 15.199470	 3.131938	 3.323339	-14.891460	 106.525300	-0.813313	 0.122417	-8.559153	-77.776370	-25.644480	-8.551831	-2.678574	 28.203490	 1.063399	-15.947300	 20.712590	-49.006920	-5.458286	-2.008948	 9.962841	 2.503307	-1.126933	 4.530149	 3.269284	-0.635530	-79.912660	 3.845893	 3.123480	 11.953830	-0.275717	 3.148052	 9.070041	 2.903176	 4.344829	-70.218140	 37.178260	 19.712570	 15.031540	-6.822121	 19.211520	 10.843110	-5.639421	 19.245810	-70.253430	 18.395530	 10.361900	 21.396760	-3.898658	 9.395153	 9.482653	-0.473434	 9.974364	-72.438410	-57.411560	-11.460460	 6.714663	 9.279032	-0.525214	 0.082265	-19.407300	-0.175408	 3.199941	 3.529298	-3.686779	 90.586710	-95.104980	 1.044064	-80.652300	-177.663800	-12.252310	 102.423500	-0.813313	 0.122417	-8.559153	-85.508300	-38.049220	-18.586700	-6.531301	-26.193380	 1.210543	-27.166420	-21.708350	-26.963680	-14.999270	-9.788456	 78.648990	 2.456311	-1.169745	 80.718870	 1.152253	 1.792594	-14.187840	-122.008400	-24.634230	-21.001630	-0.461596	 3.254260	-68.775250	 0.188712	 7.210938	-12.056590	-134.127100	-34.004990	-23.974670	-6.021856	 19.823110	 67.416630	-4.716576	 19.574120	-20.517600	-110.654600	-48.454560	-6.220374	-3.484296	 9.763653	 74.841640	-1.956071	 12.112190	-9.553795	 101.767800	-0.103188	-10.071910	 36.498650	-0.543483	 0.317072	 154.846400	 0.361204	 4.090453	 0.000000	 90.000000	 0.000000	 167.847100	 13.981510	 145.952600	-171.860300	-8.043398	-33.922600
 0.004351	-0.199670	 0.007566	 172.545800	 4.855350	-84.403360	-23.121710	 5.177959	 3.911279	-20.002500	 15.287460	 3.210133	 3.312362	-14.863990	 106.485800	-0.813313	 0.122417	-8.559153	-77.906620	-25.627740	-8.690823	-2.753897	 28.145100	 1.085246	-15.807850	 20.565120	-48.836720	-5.458282	-2.008970	 9.962478	 2.503307	-1.126933	 4.530149	 3.269298	-0.635617	-79.914350	 3.849132	 3.124892	 11.953500	-0.275718	 3.148052	 9.069683	 2.903251	 4.344533	-70.222430	 37.172770	 19.710570	 15.032060	-6.822121	 19.211520	 10.843110	-5.639261	 19.245790	-70.245490	 18.398100	 10.363230	 21.393380	-3.898658	 9.395153	 9.482653	-0.473432	 9.974305	-72.439790	-57.415470	-11.461230	 6.712026	 9.278546	-0.525207	 0.082260	-19.409270	-0.175392	 3.199932	 3.548170	-3.679694	 90.582850	-95.264330	 1.448406	-80.807920	-177.689300	-12.296560	 102.067900	-0.813313	 0.122417	-8.559153	-87.370460	-32.540270	-20.780930	-3.739193	-26.521840	 1.753151	-29.224660	-26.308590	-28.820250	-14.996540	-9.781449	 78.620420	 2.456311	-1.169744	 80.718470	 1.153818	 1.792143	-14.219270	-121.834200	-24.531210	-21.009290	-0.462207	 3.255851	-69.348670	 0.188712	 7.210938	-12.056590	-133.984900	-34.121760	-23.902250	-6.021856	 19.823110	 67.416630	-4.716576	 19.574120	-20.517600	-110.485900	-48.502300	-6.095381	-3.484296	 9.763653	 74.841640	-1.956071	 12.112190	-9.553795	 101.629000	-0.122518	-10.059080	 36.498650	-0.543483	 0.317072	 154.005600	 0.354438	 4.094012	 0.000000	 90.000000	 0.000000	 167.825300	 14.005570	 145.783900	-171.914000	-8.044250	-34.153950
 0.004650	-0.200389	 0.007319	 172.512700	 4.900738	-84.388350	-23.133600	 5.194710	 3.954314	-20.019330	 15.339540	 3.249893	 3.304556	-14.841690	 106.462800	-0.813313	 0.122417	-8.559153	-77.981990	-25.610770	-8.783743	-2.811295	 28.078780	 1.102269	-15.669490	 20.423630	-48.720220	-5.458278	-2.008986	 9.962204	 2.503307	-1.126933	 4.530149	 3.269307	-0.635689	-79.915770	 3.851541	 3.125943	 11.953280	-0.275719	 3.148052	 9.069375	 2.903312	 4.344294	-70.225910	 37.168730	 19.709100	 15.032340	-6.822121	 19.211520	 10.843110	-5.639144	 19.245790	-70.239690	 18.399990	 10.364200	 21.390670	-3.898658	 9.395153	 9.482653	-0.473429	 9.974257	-72.440900	-57.418480	-11.461830	 6.709919	 9.278147	-0.525207	 0.082257	-19.410860	-0.175381	 3.199924	 3.563336	-3.667225	 90.582150	-95.361270	 1.793667	-80.912270	-177.711500	-12.346460	 101.738800	-0.813313	 0.122417	-8.559153	-87.822360	-30.023730	-21.711640	-2.825245	-26.431820	 1.843381	-30.002160	-28.136390	-29.449160	-14.994240	-9.775540	 78.596310	 2.456311	-1.169744	 80.718100	 1.155138	 1.791763	-14.245810	-121.673900	-24.436040	-21.016850	-0.462755	 3.257318	-69.875760	 0.188712	 7.210938	-12.056590	-133.853200	-34.227860	-23.835030	-6.021856	 19.823110	 67.416630	-4.716576	 19.574120	-20.517600	-110.330600	-48.545970	-5.980224	-3.484296	 9.763653	 74.841640	-1.956071	 12.112190	-9.553795	 101.501200	-0.141884	-10.047510	 36.498650	-0.543483	 0.317072	 153.232500	 0.348180	 4.097204	 0.000000	 90.000000	 0.000000	 167.814700	 14.028760	 145.630000	-171.944000	-8.044331	-34.328400
 0.005473	-0.201471	 0.007289	 172.478100	 4.991177	-84.337710	-23.162840	 5.260125	 4.022944	-20.059750	 15.546380	 3.312659	 3.291355	-14.837750	 106.360200	-0.813313	 0.122417	-8.559153	-78.199170	-25.643050	-8.953102	-2.866409	 27.987300	 1.118515	-15.414070	 20.235110	-48.645000	-5.458273	-2.009003	 9.961898	 2.503307	-1.126933	 4.530149	 3.269319	-0.635766	-79.917250	 3.853836	 3.126941	 11.953010	-0.275720	 3.148052	 9.069066	 2.903378	 4.344037	-70.229670	 37.164860	 19.707690	 15.032500	-6.822121	 19.211520	 10.843110	-5.639030	 19.245780	-70.234180	 18.401800	 10.365140	 21.387810	-3.898658	 9.395153	 9.482653	-0.473427	 9.974205	-72.442110	-57.421550	-11.462440	 6.707676	 9.277731	-0.525207	 0.082254	-19.412570	-0.175369	 3.199916	 3.579816	-3.671613	 90.587350	-95.665630	 2.325255	-81.213070	-177.741300	-12.361560	 101.397700	-0.813313	 0.122417	-8.559153	-88.324280	-28.650100	-22.456780	-2.243880	-26.391560	 1.835087	-30.139630	-29.121700	-29.905550	-14.991700	-9.769025	 78.569690	 2.456311	-1.169744	 80.717710	 1.156595	 1.791342	-14.275110	-121.485200	-24.323550	-21.026370	-0.463383	 3.259052	-70.496110	 0.188712	 7.210938	-12.056590	-133.697100	-34.351140	-23.755190	-6.021856	 19.823110	 67.416630	-4.716576	 19.574120	-20.517600	-110.147500	-48.597110	-5.844334	-3.484296	 9.763653	 74.841640	-1.956071	 12.112190	-9.553795	 101.350600	-0.165929	-10.034080	 36.498650	-0.543483	 0.317072	 152.322800	 0.340758	 4.100844	 0.000000	 90.000000	 0.000000	 167.758100	 14.081930	 145.464200	-172.036800	-8.008333	-34.573860
 0.007747	-0.203499	 0.007817	 172.376600	 5.198861	-84.190580	-23.240660	 5.468413	 4.217669	-20.180050	 16.216970	 3.490096	 3.271440	-14.882470	 106.111200	-0.813313	 0.122417	-8.559153	-78.896940	-25.836850	-9.386780	-2.918320	 27.836520	 1.132719	-14.902000	 19.907680	-48.373250	-5.458268	-2.009024	 9.961533	 2.503307	-1.126933	 4.530149	 3.269332	-0.635857	-79.919040	 3.856168	 3.127956	 11.952740	-0.275721	 3.148051	 9.068666	 2.903456	 4.343729	-70.234140	 37.160780	 19.706210	 15.032490	-6.822121	 19.211520	 10.843110	-5.638915	 19.245770	-70.228480	 18.403630	 10.366090	 21.384430	-3.898658	 9.395153	 9.482653	-0.473424	 9.974141	-72.443570	-57.425000	-11.463140	 6.705055	 9.277229	-0.525203	 0.082250	-19.414610	-0.175353	 3.199905	 3.600795	-3.755837	 90.606810	-96.592120	 3.315178	-82.079000	-177.806600	-12.260560	 100.896900	-0.813313	 0.122417	-8.559153	-88.556830	-27.980050	-22.907600	-2.080455	-26.402050	 1.839075	-30.035300	-29.561690	-30.249900	-14.988540	-9.760967	 78.536870	 2.456311	-1.169743	 80.717250	 1.158392	 1.790822	-14.311230	-121.237800	-24.175220	-21.039880	-0.464177	 3.261333	-71.309090	 0.188712	 7.210938	-12.056590	-133.490600	-34.510110	-23.649340	-6.021856	 19.823110	 67.416630	-4.716576	 19.574120	-20.517600	-109.906900	-48.663680	-5.665639	-3.484296	 9.763653	 74.841640	-1.956071	 12.112190	-9.553795	 101.153000	-0.198747	-10.016720	 36.498650	-0.543483	 0.317072	 151.130600	 0.330948	 4.105438	 0.000000	 90.000000	 0.000000	 167.568500	 14.216850	 145.258600	-172.319100	-7.868489	-34.989530
 0.010273	-0.205390	 0.008401	 172.283600	 5.376258	-84.062200	-23.336020	 5.689410	 4.450799	-20.328670	 16.947900	 3.701689	 3.256594	-14.946400	 105.870600	-0.813313	 0.122417	-8.559153	-79.716900	-26.081500	-9.879789	-2.952753	 27.690020	 1.140922	-14.315750	 19.521290	-47.719680	-5.458264	-2.009043	 9.961213	 2.503307	-1.126933	 4.530149	 3.269343	-0.635936	-79.920580	 3.857749	 3.128642	 11.952530	-0.275722	 3.148051	 9.068321	 2.903523	 4.343464	-70.237980	 37.157830	 19.705140	 15.032290	-6.822121	 19.211520	 10.843110	-5.638830	 19.245770	-70.224370	 18.404900	 10.366740	 21.381610	-3.898658	 9.395153	 9.482653	-0.473422	 9.974089	-72.444810	-57.427740	-11.463690	 6.702839	 9.276785	-0.525206	 0.082247	-19.416390	-0.175337	 3.199897	 3.619553	-3.873739	 90.632230	-97.589530	 4.285984	-82.935190	-177.872800	-12.133160	 100.423000	-0.813313	 0.122417	-8.559153	-88.718040	-27.768020	-23.119710	-1.893163	-26.307910	 1.809195	-29.458060	-29.664180	-30.420040	-14.985760	-9.753862	 78.507860	 2.456311	-1.169743	 80.716810	 1.159979	 1.790361	-14.343140	-121.007800	-24.036490	-21.053500	-0.464886	 3.263464	-72.064840	 0.188712	 7.210938	-12.056590	-133.296700	-34.655290	-23.549730	-6.021856	 19.823110	 67.416630	-4.716576	 19.574120	-20.517600	-109.682900	-48.725090	-5.499027	-3.484296	 9.763653	 74.841640	-1.956071	 12.112190	-9.553795	 100.969200	-0.230113	-10.000780	 36.498650	-0.543483	 0.317072	 150.022300	 0.321743	 4.109526	 0.000000	 90.000000	 0.000000	 167.364100	 14.359770	 145.054600	-172.622100	-7.707616	-35.377950
 0.012823	-0.207223	 0.008732	 172.237700	 5.474847	-84.007560	-23.448600	 5.887941	 4.715431	-20.500970	 17.637540	 3.939918	 3.233721	-15.022920	 105.543400	-0.813313	 0.122417	-8.559153	-80.597560	-26.350130	-10.411110	-2.979488	 27.544650	 1.145942	-13.523750	 19.012580	-46.554010	-5.458260	-2.009061	 9.960902	 2.503307	-1.126933	 4.530149	 3.269355	-0.636015	-79.922110	 3.858906	 3.129144	 11.952350	-0.275723	 3.148051	 9.067981	 2.903590	 4.343200	-70.241820	 37.155320	 19.704240	 15.031940	-6.822121	 19.211520	 10.843110	-5.638765	 19.245760	-70.221020	 18.405870	 10.367250	 21.378840	-3.898658	 9.395153	 9.482653	-0.473418	 9.974033	-72.446040	-57.430290	-11.464220	 6.700667	 9.276348	-0.525206	 0.082242	-19.418140	-0.175328	 3.199887	 3.638630	-4.012894	 90.663050	-98.533970	 5.180189	-83.636300	-177.935600	-12.022550	 99.943260	-0.813313	 0.122417	-8.559153	-88.929320	-27.906050	-23.286070	-1.750500	-26.237070	 1.768585	-28.483320	-29.586360	-30.392490	-14.982930	-9.746625	 78.478320	 2.456311	-1.169742	 80.716350	 1.161595	 1.789891	-14.375650	-120.763800	-23.888550	-21.069010	-0.465607	 3.265733	-72.866070	 0.188712	 7.210938	-12.056590	-133.089300	-34.806440	-23.442890	-6.021856	 19.823110	 67.416630	-4.716576	 19.574120	-20.517600	-109.444700	-48.789750	-5.321752	-3.484296	 9.763653	 74.841640	-1.956071	 12.112190	-9.553795	 100.774400	-0.263921	-9.984062	 36.498650	-0.543483	 0.317072	 148.847400	 0.311901	 4.113665	 0.000000	 90.000000	 0.000000	 167.171400	 14.494960	 144.842700	-172.913700	-7.551221	-35.843750
 0.015395	-0.209310	 0.008473	 172.055600	 5.475495	-84.045650	-23.608910	 6.136963	 5.054649	-20.745190	 18.537270	 4.245275	 3.201614	-15.116230	 105.114400	-0.813313	 0.122417	-8.559153	-81.597740	-26.663000	-11.031990	-3.004401	 27.485890	 1.146448	-12.558720	 18.550030	-45.108070	-5.458254	-2.009084	 9.960517	 2.503307	-1.126933	 4.530149	 3.269369	-0.636111	-79.924000	 3.858289	 3.128868	 11.952240	-0.275724	 3.148051	 9.067573	 2.903672	 4.342874	-70.246560	 37.152890	 19.703360	 15.031290	-6.822121	 19.211520	 10.843110	-5.638697	 19.245760	-70.217900	 18.404830	 10.366720	 21.375860	-3.898658	 9.395153	 9.482653	-0.473416	 9.973968	-72.447580	-57.433190	-11.464820	 6.698020	 9.275822	-0.525206	 0.082237	-19.420310	-0.175306	 3.199876	 3.662273	-4.189749	 90.705670	-99.658520	 5.763820	-84.029410	-178.008900	-11.889550	 99.376710	-0.813313	 0.122417	-8.559153	-88.989390	-28.224550	-23.391300	-1.637875	-26.175600	 1.722115	-27.093640	-29.403940	-30.197960	-14.979340	-9.737488	 78.441020	 2.456312	-1.169742	 80.715810	 1.163635	 1.789296	-14.416690	-120.443400	-23.692930	-21.091180	-0.466505	 3.268724	-73.917290	 0.188712	 7.210938	-12.056590	-132.814100	-35.000610	-23.300700	-6.021856	 19.823110	 67.416630	-4.716576	 19.574120	-20.517600	-109.131400	-48.873810	-5.088242	-3.484296	 9.763653	 74.841640	-1.956071	 12.112190	-9.553795	 100.518700	-0.308824	-9.962350	 36.498650	-0.543483	 0.317072	 147.305700	 0.298867	 4.118789	 0.000000	 90.000000	 0.000000	 166.894000	 14.735060	 144.602100	-173.261500	-7.279609	-36.633270
 0.016888	-0.210812	 0.007922	 171.595100	 5.408250	-84.070020	-23.764670	 6.396313	 5.332108	-20.983780	 19.457170	 4.497777	 3.181620	-15.178980	 104.842000	-0.813313	 0.122417	-8.559153	-82.238460	-26.877430	-11.460150	-3.020471	 27.626740	 1.141014	-11.986470	 18.523560	-44.370140	-5.458250	-2.009103	 9.960176	 2.503307	-1.126933	 4.530149	 3.269380	-0.636193	-79.925600	 3.854475	 3.127192	 11.952330	-0.275725	 3.148051	 9.067204	 2.903744	 4.342593	-70.250660	 37.151360	 19.702820	 15.030550	-6.822121	 19.211520	 10.843110	-5.638661	 19.245760	-70.216060	 18.400040	 10.364240	 21.374040	-3.898658	 9.395153	 9.482653	-0.473412	 9.973909	-72.448900	-57.435440	-11.465310	 6.695796	 9.275359	-0.525199	 0.082234	-19.422180	-0.175288	 3.199869	 3.682314	-4.326326	 90.743880	-100.826200	 5.837988	-84.056630	-178.061900	-11.734320	 99.059820	-0.813313	 0.122417	-8.559153	-88.886340	-28.388630	-23.472960	-1.606740	-25.578470	 1.683367	-25.494580	-28.902930	-29.508020	-14.976170	-9.729451	 78.408260	 2.456311	-1.169742	 80.715260	 1.165427	 1.788773	-14.452740	-120.152000	-23.513690	-21.113060	-0.467272	 3.271459	-74.873150	 0.188712	 7.210938	-12.056590	-132.561000	-35.173000	-23.169520	-6.021856	 19.823110	 67.416630	-4.716576	 19.574120	-20.517600	-108.845600	-48.949510	-4.874974	-3.484296	 9.763653	 74.841640	-1.956071	 12.112190	-9.553795	 100.286300	-0.349929	-9.942813	 36.498650	-0.543483	 0.317072	 145.904000	 0.286901	 4.123140	 0.000000	 90.000000	 0.000000	 166.585300	 15.041780	 144.440600	-173.563800	-6.936994	-37.277640
 0.017836	-0.210772	 0.006735	 170.902600	 5.079288	-84.121690	-23.938480	 6.713346	 5.580398	-21.247450	 20.518030	 4.726639	 3.193196	-15.330590	 104.677100	-0.813313	 0.122417	-8.559153	-82.695150	-27.166850	-11.609370	-3.033417	 27.856210	 1.132640	-11.551190	 18.675130	-43.890720	-5.458244	-2.009124	 9.959823	 2.503307	-1.126933	 4.530149	 3.269393	-0.636280	-79.927290	 3.848308	 3.124488	 11.952560	-0.275726	 3.148051	 9.066820	 2.903817	 4.342305	-70.254840	 37.150360	 19.702470	 15.029580	-6.822121	 19.211520	 10.843110	-5.638640	 19.245750	-70.215070	 18.392450	 10.360330	 21.372680	-3.898658	 9.395153	 9.482653	-0.473407	 9.973850	-72.450270	-57.437550	-11.465760	 6.693543	 9.274877	-0.525199	 0.082231	-19.424110	-0.175280	 3.199856	 3.703065	-4.433628	 90.793390	-102.082900	 5.410496	-83.572180	-178.097500	-11.540490	 98.999370	-0.813313	 0.122417	-8.559153	-88.420660	-28.021680	-23.508070	-1.669205	-24.350280	 1.670009	-23.727350	-28.269050	-28.420480	-14.972860	-9.721044	 78.373940	 2.456312	-1.169741	 80.714750	 1.167305	 1.788223	-14.490540	-119.837700	-23.319030	-21.138520	-0.468048	 3.274418	-75.903080	 0.188712	 7.210938	-12.056590	-132.285100	-35.354390	-23.026160	-6.021856	 19.823110	 67.416630	-4.716576	 19.574120	-20.517600	-108.536700	-49.030280	-4.644233	-3.484296	 9.763653	 74.841640	-1.956071	 12.112190	-9.553795	 100.035900	-0.394345	-9.921957	 36.498650	-0.543483	 0.317072	 144.393400	 0.273872	 4.127498	 0.000000	 90.000000	 0.000000	 166.197800	 15.511890	 144.618400	-173.965300	-6.454212	-37.763820
 0.017300	-0.208192	 0.003907	 169.546200	 4.276077	-84.204010	-24.166380	 7.269855	 5.799783	-21.599510	 22.235850	 4.943185	 3.264698	-15.661590	 104.693500	-0.813313	 0.122417	-8.559153	-83.065770	-27.665630	-11.378530	-3.045871	 28.112280	 1.122672	-11.050990	 18.841290	-43.335280	-5.458240	-2.009147	 9.959414	 2.503307	-1.126933	 4.530149	 3.269408	-0.636382	-79.929270	 3.839269	 3.120524	 11.952910	-0.275728	 3.148051	 9.066382	 2.903904	 4.341964	-70.259800	 37.149870	 19.702320	 15.028210	-6.822121	 19.211520	 10.843110	-5.638638	 19.245750	-70.214970	 18.381400	 10.354630	 21.371480	-3.898658	 9.395153	 9.482653	-0.473405	 9.973783	-72.451850	-57.439700	-11.466260	 6.690948	 9.274321	-0.525196	 0.082227	-19.426380	-0.175261	 3.199847	 3.728405	-4.495117	 90.879740	-103.426600	 4.153197	-82.257790	-178.136000	-11.197980	 99.176440	-0.813313	 0.122417	-8.559153	-87.565700	-27.011970	-23.473400	-1.833153	-22.505660	 1.692304	-21.378330	-27.707990	-26.826870	-14.968870	-9.710972	 78.332890	 2.456312	-1.169740	 80.714110	 1.169548	 1.787564	-14.535690	-119.451100	-23.077680	-21.172490	-0.468930	 3.278077	-77.169360	 0.188712	 7.210938	-12.056590	-131.941600	-35.571220	-22.847140	-6.021856	 19.823110	 67.416630	-4.716576	 19.574120	-20.517600	-108.155700	-49.128430	-4.359215	-3.484296	 9.763653	 74.841640	-1.956071	 12.112190	-9.553795	 99.728100	-0.448923	-9.896564	 36.498650	-0.543483	 0.317072	 142.536800	 0.257724	 4.132380	 0.000000	 90.000000	 0.000000	 165.476300	 16.378480	 145.374100	-174.302200	-5.704148	-38.053750
 0.015479	-0.204492	 0.001513	 168.163600	 3.511518	-84.221360	-24.401180	 7.793910	 5.785402	-21.910770	 23.722490	 4.968376	 3.362316	-15.958990	 104.964300	-0.813313	 0.122417	-8.559153	-83.042080	-28.055310	-10.928740	-3.055916	 28.248370	 1.116198	-10.732710	 18.954910	-43.073650	-5.458234	-2.009168	 9.959055	 2.503307	-1.126933	 4.530149	 3.269421	-0.636471	-79.931000	 3.830674	 3.116758	 11.953280	-0.275729	 3.148050	 9.065982	 2.903979	 4.341664	-70.264150	 37.150090	 19.702420	 15.026780	-6.822121	 19.211520	 10.843110	-5.638656	 19.245750	-70.215870	 18.370910	 10.349210	 21.370560	-3.898658	 9.395153	 9.482653	-0.473403	 9.973721	-72.453280	-57.441350	-11.466640	 6.688719	 9.273826	-0.525196	 0.082222	-19.428370	-0.175247	 3.199835	 3.750263	-4.470001	 90.970970	-104.123600	 2.746676	-80.893510	-178.156500	-10.871930	 99.555800	-0.813313	 0.122417	-8.559153	-86.771080	-26.070200	-23.285870	-1.989320	-21.202740	 1.733872	-20.486720	-27.413560	-25.935600	-14.965310	-9.701982	 78.296170	 2.456312	-1.169740	 80.713530	 1.171556	 1.786973	-14.576110	-119.096100	-22.854260	-21.206290	-0.469667	 3.281448	-78.330680	 0.188712	 7.210938	-12.056590	-131.622400	-35.764170	-22.680270	-6.021856	 19.823110	 67.416630	-4.716576	 19.574120	-20.517600	-107.805000	-49.217340	-4.096441	-3.484296	 9.763653	 74.841640	-1.956071	 12.112190	-9.553795	 99.445980	-0.498773	-9.873503	 36.498650	-0.543483	 0.317072	 140.833700	 0.242784	 4.136400	 0.000000	 90.000000	 0.000000	 164.733400	 17.078530	 146.445600	-174.418000	-4.980566	-37.872220
 0.012270	-0.199349	-0.000707	 166.961500	 2.593422	-84.381190	-24.660780	 8.210122	 5.586172	-22.186640	 24.687560	 4.758609	 3.512633	-16.330930	 105.497800	-0.813313	 0.122417	-8.559153	-82.507530	-28.433040	-10.017580	-3.066757	 28.316720	 1.112285	-10.504410	 19.026360	-42.928700	-5.458229	-2.009190	 9.958678	 2.503307	-1.126933	 4.530149	 3.269434	-0.636560	-79.932750	 3.822214	 3.113049	 11.953620	-0.275730	 3.148050	 9.065584	 2.904056	 4.341360	-70.268570	 37.150880	 19.702740	 15.025130	-6.822121	 19.211520	 10.843110	-5.638696	 19.245760	-70.217720	 18.360550	 10.343870	 21.369600	-3.898658	 9.395153	 9.482653	-0.473399	 9.973660	-72.454700	-57.442760	-11.466980	 6.686493	 9.273321	-0.525192	 0.082218	-19.430390	-0.175232	 3.199825	 3.770992	-4.377739	 91.068640	-104.585100	 0.937166	-79.022990	-178.153700	-10.588990	 100.169200	-0.813313	 0.122417	-8.559153	-86.009900	-25.011820	-23.002080	-2.142918	-20.555310	 1.807613	-20.785050	-27.723750	-25.714450	-14.961650	-9.692772	 78.258610	 2.456312	-1.169739	 80.712930	 1.173609	 1.786367	-14.617450	-118.725100	-22.618810	-21.244300	-0.470363	 3.284983	-79.543450	 0.188712	 7.210938	-12.056590	-131.284800	-35.959700	-22.503300	-6.021856	 19.823110	 67.416630	-4.716576	 19.574120	-20.517600	-107.437500	-49.309060	-3.820690	-3.484296	 9.763653	 74.841640	-1.956071	 12.112190	-9.553795	 99.151480	-0.550553	-9.849634	 36.498650	-0.543483	 0.317072	 139.055000	 0.227058	 4.140123	 0.000000	 90.000000	 0.000000	 164.170900	 17.713190	 147.679700	-174.430600	-4.213938	-37.196910
 0.006498	-0.191662	-0.002635	 165.528600	 1.402286	-84.687300	-25.044200	 8.508283	 5.287274	-22.500240	 25.480650	 4.379725	 3.692962	-16.770220	 106.111600	-0.813313	 0.122417	-8.559153	-81.514630	-28.837550	-8.613210	-3.082322	 28.346960	 1.111116	-10.316620	 19.058360	-42.778850	-5.458223	-2.009217	 9.958229	 2.503307	-1.126933	 4.530149	 3.269449	-0.636669	-79.934880	 3.813272	 3.109129	 11.953970	-0.275731	 3.148050	 9.065102	 2.904149	 4.340994	-70.273900	 37.152640	 19.703420	 15.022880	-6.822121	 19.211520	 10.843110	-5.638763	 19.245760	-70.221180	 18.349550	 10.338190	 21.368130	-3.898658	 9.395153	 9.482653	-0.473395	 9.973585	-72.456420	-57.444150	-11.467350	 6.683888	 9.272700	-0.525192	 0.082212	-19.432840	-0.175213	 3.199810	 3.793849	-4.224720	 91.183270	-104.831500	-0.026149	-76.768460	-178.171100	-10.146530	 100.916900	-0.813313	 0.122417	-8.559153	-86.584360	-40.555690	-22.113940	-5.699636	-21.514010	 0.401393	-16.144660	-14.857480	-21.562420	-14.957170	-9.681507	 78.212660	 2.456312	-1.169739	 80.712210	 1.176118	 1.785623	-14.668000	-118.261300	-22.321740	-21.295720	-0.471127	 3.289419	-81.058540	 0.188712	 7.210938	-12.056590	-130.857300	-36.195380	-22.278500	-6.021856	 19.823110	 67.416630	-4.716576	 19.574120	-20.517600	-106.976500	-49.421990	-3.474283	-3.484296	 9.763653	 74.841640	-1.956071	 12.112190	-9.553795	 98.783770	-0.614681	-9.820096	 36.498650	-0.543483	 0.317072	 136.833300	 0.207255	 4.144084	 0.000000	 90.000000	 0.000000	 163.690900	 18.351750	 149.371600	-174.395600	-3.270083	-35.746210
 0.000129	-0.184873	-0.003659	 164.234300	 0.436827	-84.870450	-25.500020	 8.682792	 4.911493	-22.688840	 25.726640	 3.959961	 3.811589	-16.977940	 106.626500	-0.813313	 0.122417	-8.559153	-80.662090	-29.114900	-7.434388	-3.098717	 28.255590	 1.115274	-10.201100	 18.941380	-42.590890	-5.458218	-2.009238	 9.957866	 2.503307	-1.126933	 4.530149	 3.269462	-0.636761	-79.936650	 3.807627	 3.106651	 11.954140	-0.275732	 3.148049	 9.064694	 2.904227	 4.340687	-70.278350	 37.154780	 19.704230	 15.020770	-6.822121	 19.211520	 10.843110	-5.638841	 19.245770	-70.225090	 18.342520	 10.334570	 21.366490	-3.898658	 9.395153	 9.482653	-0.473394	 9.973521	-72.457860	-57.445010	-11.467610	 6.681768	 9.272196	-0.525188	 0.082209	-19.434880	-0.175201	 3.199800	 3.811182	-4.098675	 91.268110	-104.999800	 0.209811	-75.773800	-178.204100	-9.651080	 101.662900	-0.813313	 0.122417	-8.559153	-77.658080	-51.104100	-13.669440	-20.667190	-28.116430	-4.288109	-9.302258	-14.186160	-23.228890	-14.953380	-9.671997	 78.173830	 2.456313	-1.169738	 80.711580	 1.178239	 1.784993	-14.710720	-117.861400	-22.063310	-21.343540	-0.471691	 3.293253	-82.363200	 0.188712	 7.210938	-12.056590	-130.484100	-36.390780	-22.081660	-6.021856	 19.823110	 67.416630	-4.716576	 19.574120	-20.517600	-106.578000	-49.517750	-3.174328	-3.484296	 9.763653	 74.841640	-1.956071	 12.112190	-9.553795	 98.467400	-0.669296	-9.794895	 36.498650	-0.543483	 0.317072	 134.920400	 0.190103	 4.146873	 0.000000	 90.000000	 0.000000	 163.267500	 18.799330	 151.096300	-174.394400	-2.510048	-34.650580
-0.008946	-0.174395	-0.005363	 162.819200	-0.648021	-85.311970	-25.995460	 8.565585	 4.261261	-22.699170	 25.011700	 3.206859	 3.913434	-17.024300	 107.274600	-0.813313	 0.122417	-8.559153	-78.751910	-28.999650	-5.647456	-3.139327	 27.941320	 1.136479	-10.675400	 18.709380	-42.686730	-5.458234	-2.009170	 9.959030	 2.503307	-1.126933	 4.530149	 3.269478	-0.636870	-79.938770	 3.803927	 3.105024	 11.954180	-0.275728	 3.148050	 9.066181	 2.904320	 4.340316	-70.283740	 37.158160	 19.705510	 15.017930	-6.822121	 19.211520	 10.843110	-5.638965	 19.245780	-70.231050	 18.337680	 10.332070	 21.363790	-3.898658	 9.395153	 9.482653	-0.473390	 9.973444	-72.459610	-57.442540	-11.467310	 6.679855	 9.271583	-0.525195	 0.082203	-19.437350	-0.175177	 3.199792	 3.830525	-3.990905	 91.348280	-104.080100	-0.394699	-75.635270	-178.361100	-8.459068	 102.611000	-0.813313	 0.122417	-8.559153	-58.578380	-47.740640	 2.631117	-46.453380	-24.623710	-7.126713	-0.789202	-16.653960	-26.651270	-14.948720	-9.660339	 78.126270	 2.456313	-1.169737	 80.710810	 1.180837	 1.784220	-14.763070	-117.362100	-21.737630	-21.407810	-0.472271	 3.298052	-83.989980	 0.188712	 7.210938	-12.056590	-130.012000	-36.624810	-21.832060	-6.021856	 19.823110	 67.416630	-4.716576	 19.574120	-20.517600	-106.079000	-49.635220	-2.798129	-3.484296	 9.763653	 74.841640	-1.956071	 12.112190	-9.553795	 98.073140	-0.736543	-9.763758	 36.498650	-0.543483	 0.317072	 132.534600	 0.168585	 4.149555	 0.000000	 90.000000	 0.000000	 162.611600	 19.296930	 153.233800	-174.236900	-1.774115	-32.809440
-0.014136	-0.163450	-0.008172	 162.710100	-1.568092	-85.561470	-26.049030	 8.165823	 3.375706	-22.544970	 23.330260	 2.432112	 3.982246	-16.875480	 108.016900	-0.813313	 0.122417	-8.559153	-76.095230	-28.255260	-3.770302	-3.207441	 27.527270	 1.175940	-12.091480	 18.581520	-43.262510	-5.458298	-2.008899	 9.963690	 2.503307	-1.126933	 4.530149	 3.269493	-0.636972	-79.940750	 3.804294	 3.105178	 11.954010	-0.275711	 3.148053	 9.071923	 2.904408	 4.339974	-70.288730	 37.162050	 19.706970	 15.015070	-6.822121	 19.211520	 10.843110	-5.639102	 19.245780	-70.237750	 18.337700	 10.332090	 21.360460	-3.898658	 9.395153	 9.482653	-0.473384	 9.973375	-72.461240	-57.432980	-11.465820	 6.679482	 9.271014	-0.525185	 0.082199	-19.439630	-0.175161	 3.199781	 3.840618	-3.874525	 91.328690	-102.037400	-1.581805	-75.686580	-178.576800	-7.121039	 103.347700	-0.813313	 0.122417	-8.559153	-44.485570	-40.007520	 13.039680	-70.278960	-21.171180	-5.829516	 4.274327	-18.937890	-29.545020	-14.944380	-9.649505	 78.082050	 2.456313	-1.169737	 80.710110	 1.183250	 1.783498	-14.811720	-116.889700	-21.426410	-21.473340	-0.472694	 3.302599	-85.527340	 0.188712	 7.210938	-12.056590	-129.559500	-36.836050	-21.592170	-6.021856	 19.823110	 67.416630	-4.716576	 19.574120	-20.517600	-105.605400	-49.744260	-2.440406	-3.484296	 9.763653	 74.841640	-1.956071	 12.112190	-9.553795	 97.700860	-0.799138	-9.734599	 36.498650	-0.543483	 0.317072	 130.280300	 0.148173	 4.151260	 0.000000	 90.000000	 0.000000	 162.087800	 19.465360	 154.528800	-174.002600	-1.605506	-31.330800
-0.018274	-0.153353	-0.011713	 162.810300	-2.296098	-85.547490	-25.795410	 7.455991	 2.539236	-22.139810	 20.844740	 1.740238	 3.906096	-16.183210	 108.698400	-0.813313	 0.122417	-8.559153	-73.604060	-27.280670	-2.210142	-3.285333	 27.116600	 1.222060	-13.645520	 18.496960	-44.147660	-5.458399	-2.008472	 9.971035	 2.503307	-1.126933	 4.530149	 3.269531	-0.637238	-79.945960	 3.810546	 3.107850	 11.952160	-0.275685	 3.148057	 9.080940	 2.904689	 4.338859	-70.304940	 37.176510	 19.712380	 15.005920	-6.822121	 19.211520	 10.843110	-5.639555	 19.245810	-70.260120	 18.344650	 10.335690	 21.350740	-3.898658	 9.395153	 9.482653	-0.473373	 9.973125	-72.466980	-57.417950	-11.463620	 6.676199	 9.267517	-0.525177	 0.082169	-19.447350	-0.175108	 3.199737	 3.811148	-3.396078	 91.187820	-99.402540	-1.558293	-75.163560	-178.867500	-5.536783	 103.844100	-0.813313	 0.122417	-8.559153	-32.350450	-35.552560	 20.790640	-90.716340	-20.133520	-7.315600	 8.169367	-21.177280	-30.920580	-14.940110	-9.638900	 78.038760	 2.456313	-1.169736	 80.709390	 1.185614	 1.782789	-14.859380	-116.419700	-21.113930	-21.543080	-0.472993	 3.307127	-87.054730	 0.188712	 7.210938	-12.056590	-129.103800	-37.036610	-21.350030	-6.021856	 19.823110	 67.416630	-4.716576	 19.574120	-20.517600	-105.132800	-49.850650	-2.082939	-3.484296	 9.763653	 74.841640	-1.956071	 12.112190	-9.553795	 97.331340	-0.860353	-9.705865	 36.498650	-0.543483	 0.317072	 128.040600	 0.127841	 4.152157	 0.000000	 90.000000	 0.000000	 161.828300	 19.354000	 155.238600	-173.789300	-1.690508	-30.327370
-0.019262	-0.141219	-0.015620	 164.278100	-3.140564	-85.743440	-25.210350	 6.119327	 1.973437	-21.545640	 16.805340	 1.287653	 3.607690	-14.739090	 109.186500	-0.813313	 0.122417	-8.559153	-70.047570	-25.809860	-0.083814	-3.369934	 26.454190	 1.278249	-14.720790	 18.161640	-46.152450	-5.458554	-2.007819	 9.982265	 2.503307	-1.126933	 4.530149	 3.269640	-0.637997	-79.960750	 3.821387	 3.112365	 11.946260	-0.275644	 3.148063	 9.094675	 2.905488	 4.335689	-70.351010	 37.218030	 19.727880	 14.979640	-6.822121	 19.211520	 10.843110	-5.640834	 19.245900	-70.322560	 18.356930	 10.342050	 21.325040	-3.898658	 9.395153	 9.482653	-0.473334	 9.972347	-72.484920	-57.394960	-11.460730	 6.662741	 9.255617	-0.525144	 0.082071	-19.471000	-0.174920	 3.199620	 3.717912	-2.382004	 90.976620	-95.472200	-0.824040	-73.891920	-179.344900	-3.101189	 104.283900	-0.813313	 0.122417	-8.559153	-21.498000	-30.748060	 27.334020	-105.932600	-19.755740	-8.615160	 12.718410	-24.245670	-31.069600	-14.935200	-9.626691	 77.988950	 2.456313	-1.169735	 80.708580	 1.188332	 1.781972	-14.914180	-115.870500	-20.745140	-21.630450	-0.473189	 3.312417	-88.836650	 0.188712	 7.210938	-12.056590	-128.564600	-37.258900	-21.062890	-6.021856	 19.823110	 67.416630	-4.716576	 19.574120	-20.517600	-104.579000	-49.972340	-1.663254	-3.484296	 9.763653	 74.841640	-1.956071	 12.112190	-9.553795	 96.900560	-0.930500	-9.672628	 36.498650	-0.543483	 0.317072	 125.427500	 0.104097	 4.152196	 0.000000	 90.000000	 0.000000	 161.536300	 18.928380	 156.092300	-173.444400	-2.126586	-29.271580
-0.018386	-0.130321	-0.018550	 165.426000	-3.939636	-85.835170	-24.646450	 4.701078	 1.724012	-21.051690	 13.177100	 1.160528	 3.251861	-13.216090	 109.435700	-0.813313	 0.122417	-8.559153	-66.729730	-24.073180	 1.652483	-3.466284	 25.636030	 1.346201	-15.103260	 17.421090	-48.422410	-5.458725	-2.007098	 9.994683	 2.503307	-1.126933	 4.530149	 3.269791	-0.639047	-79.981210	 3.840491	 3.120392	 11.937520	-0.275600	 3.148071	 9.109866	 2.906510	 4.331621	-70.410130	 37.271570	 19.747870	 14.944540	-6.822121	 19.211520	 10.843110	-5.642459	 19.246020	-70.402240	 18.379520	 10.353740	 21.288530	-3.898658	 9.395153	 9.482653	-0.473279	 9.971248	-72.510220	-57.369570	-11.457810	 6.642786	 9.238496	-0.525096	 0.081929	-19.504280	-0.174676	 3.199451	 3.605218	-0.767938	 90.745370	-92.032970	-0.209070	-72.663850	-179.852200	-0.598743	 104.508700	-0.813313	 0.122417	-8.559153	-12.594580	-26.263030	 32.764290	-115.639700	-19.542390	-9.799221	 16.176990	-26.906630	-30.190660	-14.930660	-9.615454	 77.943150	 2.456313	-1.169735	 80.707830	 1.190831	 1.781217	-14.964600	-115.357800	-20.397460	-21.717700	-0.473223	 3.317352	-90.497700	 0.188712	 7.210938	-12.056590	-128.054900	-37.454860	-20.790970	-6.021856	 19.823110	 67.416630	-4.716576	 19.574120	-20.517600	-104.060500	-50.083380	-1.269611	-3.484296	 9.763653	 74.841640	-1.956071	 12.112190	-9.553795	 96.499400	-0.994587	-9.641893	 36.498650	-0.543483	 0.317072	 122.991900	 0.081985	 4.151258	 0.000000	 90.000000	 0.000000	 161.447100	 18.444820	 156.594100	-173.127900	-2.699989	-27.854190
-0.014901	-0.121222	-0.020745	 167.550100	-4.278899	-85.861930	-23.970060	 2.964314	 1.617268	-20.466550	 8.319934	 1.166255	 2.689470	-10.942550	 109.568500	-0.813313	 0.122417	-8.559153	-63.812820	-22.007240	 2.625391	-3.580387	 24.481270	 1.433269	-15.508970	 16.229710	-50.530670	-5.458920	-2.006280	 10.008760	 2.503307	-1.126933	 4.530149	 3.269981	-0.640379	-80.007170	 3.878711	 3.136676	 11.925430	-0.275549	 3.148078	 9.127053	 2.907676	 4.326959	-70.477860	 37.333230	 19.770860	 14.902080	-6.822121	 19.211520	 10.843110	-5.644313	 19.246150	-70.493200	 18.425590	 10.377490	 21.238940	-3.898658	 9.395153	 9.482653	-0.473211	 9.969846	-72.542540	-57.340790	-11.454720	 6.616740	 9.216447	-0.525034	 0.081745	-19.546790	-0.174355	 3.199236	 3.499106	 1.649381	 90.432300	-87.536950	 0.337501	-72.713310	 179.637900	 1.899740	 104.541700	-0.813313	 0.122417	-8.559153	-4.742623	-21.698880	 36.861070	-122.715700	-19.095160	-10.927680	 19.396610	-28.930530	-27.041690	-14.926090	-9.604155	 77.897010	 2.456313	-1.169734	 80.707080	 1.193347	 1.780455	-15.015370	-114.834500	-20.039220	-21.812500	-0.473110	 3.322379	-92.190060	 0.188712	 7.210938	-12.056590	-127.528800	-37.643370	-20.509830	-6.021856	 19.823110	 67.416630	-4.716576	 19.574120	-20.517600	-103.529900	-50.194130	-0.866096	-3.484296	 9.763653	 74.841640	-1.956071	 12.112190	-9.553795	 96.091000	-1.058586	-9.610811	 36.498650	-0.543483	 0.317072	 120.510300	 0.059520	 4.149343	 0.000000	 90.000000	 0.000000	 161.419000	 17.849960	 156.809000	-172.919200	-3.437258	-26.637040
-0.009170	-0.114008	-0.022277	 170.150600	-4.231686	-85.666880	-23.217180	 0.355006	 1.655382	-19.789350	 1.538353	 1.333383	 1.874566	-7.724482	 109.514700	-0.813313	 0.122417	-8.559153	-54.196390	-31.133770	 5.774061	-6.080610	 23.152710	 0.617313	-16.603080	 27.046920	-47.484630	-5.459174	-2.005206	 10.027240	 2.503307	-1.126933	 4.530149	 3.270251	-0.642270	-80.044010	 3.932280	 3.159469	 11.908130	-0.275483	 3.148089	 9.149600	 2.909092	 4.321259	-70.560630	 37.409100	 19.799160	 14.845730	-6.822121	 19.211520	 10.843110	-5.646571	 19.246310	-70.603940	 18.490710	 10.410980	 21.168620	-3.898658	 9.395153	 9.482653	-0.473115	 9.967843	-72.588710	-57.302980	-11.450870	 6.579138	 9.184840	-0.524949	 0.081484	-19.607400	-0.173894	 3.198930	 3.402836	 4.733620	 90.013770	-81.531460	 0.459804	-74.390630	 179.101600	 4.546917	 104.483200	-0.813313	 0.122417	-8.559153	 3.117734	-16.730810	 38.769300	-123.595600	-18.922030	-13.206590	 20.830750	-29.594180	-21.038340	-14.920560	-9.590528	 77.841450	 2.456313	-1.169733	 80.706150	 1.196377	 1.779535	-15.076540	-114.195200	-19.597220	-21.936170	-0.472771	 3.328497	-94.252950	 0.188712	 7.210938	-12.056590	-126.878400	-37.858150	-20.161850	-6.021856	 19.823110	 67.416630	-4.716576	 19.574120	-20.517600	-102.879900	-50.325830	-0.370950	-3.484296	 9.763653	 74.841640	-1.956071	 12.112190	-9.553795	 95.593700	-1.134775	-9.573203	 36.498650	-0.543483	 0.317072	 117.485200	 0.032279	 4.145692	 0.000000	 90.000000	 0.000000	 161.479800	 17.182540	 156.694300	-172.974200	-4.316134	-25.754600
-0.004286	-0.108021	-0.023682	 171.612700	-4.047140	-85.607350	-22.376740	-1.579414	 1.914870	-19.029670	-3.280399	 1.683958	 1.153606	-4.849053	 109.513800	-0.813313	 0.122417	-8.559153	-42.916610	-29.466880	 9.605036	-17.165170	 22.364330	 0.020713	-15.279550	 28.984870	-45.146880	-5.459414	-2.004198	 10.044600	 2.503307	-1.126933	 4.530149	 3.270516	-0.644143	-80.080540	 3.971880	 3.176141	 11.891660	-0.275421	 3.148099	 9.170742	 2.910225	 4.316679	-70.627110	 37.470800	 19.822170	 14.794450	-6.822121	 19.211520	 10.843110	-5.648375	 19.246440	-70.692420	 18.539370	 10.435930	 21.102020	-3.898658	 9.395153	 9.482653	-0.473021	 9.965851	-72.634610	-57.267490	-11.447420	 6.541466	 9.153307	-0.524871	 0.081220	-19.667630	-0.173441	 3.198625	 3.323635	 8.389966	 89.651600	-77.569820	-0.175655	-75.561250	 178.797100	 6.083883	 104.367300	-0.813313	 0.122417	-8.559153	 7.411405	-14.348560	 38.372350	-122.144500	-19.037580	-15.147380	 19.469830	-29.259290	-15.046340	-14.915640	-9.578454	 77.792150	 2.456313	-1.169733	 80.705320	 1.199064	 1.778715	-15.130780	-113.620400	-19.195680	-22.054860	-0.472280	 3.333973	-96.103850	 0.188712	 7.210938	-12.056590	-126.286600	-38.036900	-19.844960	-6.021856	 19.823110	 67.416630	-4.716576	 19.574120	-20.517600	-102.293900	-50.440900	 0.076322	-3.484296	 9.763653	 74.841640	-1.956071	 12.112190	-9.553795	 95.147960	-1.201404	-9.539694	 36.498650	-0.543483	 0.317072	 114.771000	 0.008028	 4.141199	 0.000000	 90.000000	 0.000000	 161.537600	 16.454330	 156.913000	-173.145400	-4.833372	-25.065830
-0.000699	-0.100462	-0.024967	 172.173400	-4.094950	-85.638840	-21.536760	-2.864022	 2.276586	-18.267510	-6.401854	 2.116087	 0.525693	-2.337296	 109.537700	-0.813313	 0.122417	-8.559153	-32.734710	-25.259320	 12.741440	-29.067910	 21.639990	-0.866353	-12.492260	 28.471180	-44.122670	-5.459659	-2.003170	 10.062310	 2.503307	-1.126933	 4.530149	 3.270797	-0.646126	-80.119140	 4.006553	 3.190605	 11.874570	-0.275358	 3.148109	 9.192278	 2.911445	 4.311720	-70.699110	 37.538810	 19.847460	 14.739230	-6.822121	 19.211520	 10.843110	-5.650301	 19.246590	-70.786850	 18.593620	 10.463660	 21.031020	-3.898658	 9.395153	 9.482653	-0.472923	 9.963740	-72.683270	-57.231310	-11.444010	 6.501307	 9.119797	-0.524772	 0.080943	-19.731490	-0.172958	 3.198306	 3.256479	 11.901660	 89.346160	-75.235440	-1.196501	-76.068980	 178.616400	 6.982097	 104.351900	-0.813313	 0.122417	-8.559153	 9.775505	-13.418890	 37.449320	-119.687700	-20.642900	-16.980910	 19.173450	-30.568120	-15.010270	-14.910760	-9.566497	 77.743350	 2.456314	-1.169732	 80.704540	 1.201722	 1.777901	-15.184460	-113.044200	-18.789460	-22.180960	-0.471612	 3.339432	-97.955090	 0.188712	 7.210938	-12.056590	-125.687400	-38.202480	-19.523950	-6.021856	 19.823110	 67.416630	-4.716576	 19.574120	-20.517600	-101.705100	-50.553030	 0.526430	-3.484296	 9.763653	 74.841640	-1.956071	 12.112190	-9.553795	 94.702610	-1.266386	-9.506385	 36.498650	-0.543483	 0.317072	 112.056500	-0.015987	 4.135552	 0.000000	 90.000000	 0.000000	 161.655800	 15.867550	 157.523500	-173.164300	-5.079542	-23.793960
 0.002377	-0.092246	-0.025600	 172.640700	-4.185920	-85.685870	-20.632750	-4.184791	 2.701403	-17.419340	-9.601395	 2.615362	 0.010965	-0.280006	 109.582500	-0.813313	 0.122417	-8.559153	-24.814170	-20.668480	 15.310520	-38.743360	 20.883520	-1.408404	-8.428297	 26.681700	-45.030040	-5.459961	-2.001904	 10.084080	 2.503307	-1.126933	 4.530149	 3.271151	-0.648644	-80.168220	 4.066530	 3.215912	 11.851810	-0.275280	 3.148122	 9.218713	 2.913587	 4.302943	-70.826440	 37.660690	 19.892370	 14.656860	-6.822121	 19.211520	 10.843110	-5.653660	 19.246850	-70.951770	 18.674300	 10.504780	 20.938550	-3.898658	 9.395153	 9.482653	-0.472801	 9.961051	-72.745220	-57.186830	-11.439980	 6.449996	 9.077093	-0.524657	 0.080590	-19.812730	-0.172343	 3.197897	 3.164678	 15.176370	 89.086710	-72.612900	-2.543279	-76.614650	 178.484300	 7.591312	 104.452800	-0.813313	 0.122417	-8.559153	 10.849150	-13.998740	 36.067040	-117.118600	-23.417620	-19.039150	 19.123990	-33.014870	-17.071640	-14.904800	-9.551929	 77.683910	 2.456314	-1.169731	 80.703540	 1.204960	 1.776908	-15.249870	-112.333500	-18.283420	-22.346410	-0.470548	 3.346113	-100.232200	 0.188712	 7.210938	-12.056590	-124.940500	-38.388290	-19.123750	-6.021856	 19.823110	 67.416630	-4.716576	 19.574120	-20.517600	-100.977300	-50.686860	 1.083876	-3.484296	 9.763653	 74.841640	-1.956071	 12.112190	-9.553795	 94.155360	-1.344012	-9.465645	 36.498650	-0.543483	 0.317072	 108.717400	-0.045117	 4.127061	 0.000000	 90.000000	 0.000000	 161.853000	 15.285550	 158.724200	-173.178600	-5.212166	-22.699100
 0.002776	-0.087079	-0.025769	 171.831600	-4.291968	-85.778230	-19.957550	-4.819949	 3.072098	-16.776460	-11.088820	 3.059689	-0.282104	 0.888369	 109.614400	-0.813313	 0.122417	-8.559153	-19.832830	-17.429170	 17.277170	-44.859960	 20.687610	-1.719939	-5.464679	 25.558700	-46.146950	-5.460219	-2.000829	 10.102600	 2.503307	-1.126933	 4.530149	 3.271458	-0.650845	-80.211080	 4.128698	 3.242256	 11.831270	-0.275214	 3.148133	 9.241168	 2.915808	 4.293756	-70.959630	 37.788930	 19.939320	 14.577320	-6.822121	 19.211520	 10.843110	-5.657151	 19.247130	-71.123130	 18.737580	 10.536880	 20.859160	-3.898658	 9.395153	 9.482653	-0.472696	 9.958697	-72.799410	-57.149000	-11.436660	 6.404932	 9.039659	-0.524557	 0.080280	-19.883790	-0.171800	 3.197543	 3.074879	 17.345090	 88.941700	-70.951550	-3.915452	-77.595480	 178.413700	 7.890724	 104.563000	-0.813313	 0.122417	-8.559153	 10.946170	-14.823210	 34.395000	-114.185700	-24.786480	-20.285660	 17.324060	-33.541240	-18.772140	-14.899680	-9.539446	 77.632920	 2.456314	-1.169730	 80.702690	 1.207738	 1.776051	-15.306010	-111.715800	-17.839220	-22.499170	-0.469411	 3.351866	-102.206300	 0.188712	 7.210938	-12.056590	-124.284600	-38.533470	-18.772510	-6.021856	 19.823110	 67.416630	-4.716576	 19.574120	-20.517600	-100.343400	-50.799180	 1.570317	-3.484296	 9.763653	 74.841640	-1.956071	 12.112190	-9.553795	 93.681520	-1.409248	-9.430508	 36.498650	-0.543483	 0.317072	 105.822900	-0.069929	 4.118344	 0.000000	 90.000000	 0.000000	 162.145700	 15.092620	 159.720500	-173.141600	-5.037491	-22.191400
 0.002443	-0.082629	-0.025848	 170.801100	-4.384202	-85.972630	-19.327470	-5.231405	 3.583662	-16.147030	-11.984440	 3.677255	-0.524955	 1.854774	 109.639800	-0.813313	 0.122417	-8.559153	-15.337880	-14.653570	 19.217180	-50.202830	 20.282350	-2.248205	-3.745735	 24.722400	-47.074480	-5.460476	-1.999750	 10.121170	 2.503307	-1.126933	 4.530149	 3.271771	-0.653102	-80.255040	 4.198340	 3.271808	 11.809780	-0.275148	 3.148144	 9.263644	 2.918283	 4.283403	-71.109660	 37.934000	 19.992150	 14.491010	-6.822121	 19.211520	 10.843110	-5.661067	 19.247470	-71.315440	 18.837410	 10.587460	 20.770900	-3.898658	 9.395153	 9.482653	-0.472591	 9.956284	-72.855040	-57.111080	-11.433440	 6.358568	 9.001206	-0.524456	 0.079960	-19.956720	-0.171250	 3.197175	 2.980996	 19.185660	 88.844470	-69.679440	-5.332151	-79.122510	 178.362400	 8.052115	 104.766500	-0.813313	 0.122417	-8.559153	 10.489700	-16.435100	 31.949600	-109.405000	-26.462740	-21.866270	 14.017100	-33.374980	-19.456900	-14.894380	-9.526581	 77.580450	 2.456314	-1.169730	 80.701820	 1.210594	 1.775168	-15.363750	-111.072700	-17.372680	-22.667070	-0.468022	 3.357793	-104.255400	 0.188712	 7.210938	-12.056590	-123.596000	-38.668600	-18.404080	-6.021856	 19.823110	 67.416630	-4.716576	 19.574120	-20.517600	-99.682240	-50.912130	 2.078478	-3.484296	 9.763653	 74.841640	-1.956071	 12.112190	-9.553795	 93.190150	-1.474934	-9.394189	 36.498650	-0.543483	 0.317072	 102.818200	-0.095186	 4.107985	 0.000000	 90.000000	 0.000000	 162.493700	 15.184950	 160.968600	-173.050100	-4.587632	-22.036050
 0.000947	-0.078441	-0.025452	 168.065800	-4.571425	-86.201400	-18.670240	-5.213710	 4.302763	-15.506430	-11.719010	 4.512767	-0.667478	 2.419148	 109.667200	-0.813313	 0.122417	-8.559153	-12.011460	-12.281620	 21.313210	-54.151220	 19.973860	-2.539390	-2.384257	 23.930360	-48.033210	-5.460770	-1.998530	 10.142190	 2.503307	-1.126933	 4.530149	 3.272132	-0.655712	-80.305890	 4.282838	 3.307667	 11.784590	-0.275073	 3.148156	 9.289026	 2.921265	 4.270765	-71.292670	 38.111560	 20.056440	 14.387640	-6.822121	 19.211520	 10.843110	-5.665829	 19.247880	-71.549150	 18.982300	 10.660620	 20.662930	-3.898658	 9.395153	 9.482653	-0.472472	 9.953486	-72.919470	-57.068180	-11.429900	 6.304737	 8.956615	-0.524327	 0.079589	-20.041190	-0.170604	 3.196756	 2.883364	 20.938920	 88.770230	-68.783220	-6.874870	-81.264720	 178.292600	 8.265391	 105.046400	-0.813313	 0.122417	-8.559153	 9.423830	-18.529330	 29.012590	-102.592400	-28.657860	-23.462520	 8.989227	-32.462650	-17.475100	-14.888080	-9.511312	 77.518150	 2.456314	-1.169729	 80.700750	 1.213984	 1.774115	-15.432320	-110.299800	-16.806720	-22.880900	-0.466080	 3.364822	-106.710000	 0.188712	 7.210938	-12.056590	-122.761200	-38.809770	-17.958140	-6.021856	 19.823110	 67.416630	-4.716576	 19.574120	-20.517600	-98.886500	-51.042480	 2.691185	-3.484296	 9.763653	 74.841640	-1.956071	 12.112190	-9.553795	 92.602250	-1.550897	-9.350839	 36.498650	-0.543483	 0.317072	 99.218780	-0.124682	 4.093843	 0.000000	 90.000000	 0.000000	 162.860600	 15.420520	 162.726700	-172.941800	-4.034375	-21.905200
-0.001172	-0.074668	-0.025072	 164.995700	-4.872248	-86.499820	-18.180010	-4.745423	 4.978285	-15.108740	-10.298360	 5.148968	-0.738847	 2.700003	 109.688900	-0.813313	 0.122417	-8.559153	-10.026290	-10.665940	 22.904240	-56.623880	 19.827430	-2.651556	-1.397705	 23.363760	-48.643960	-5.461008	-1.997535	 10.159320	 2.503307	-1.126933	 4.530149	 3.272429	-0.657885	-80.348200	 4.353693	 3.337703	 11.763470	-0.275013	 3.148165	 9.309639	 2.923748	 4.260101	-71.446950	 38.261830	 20.110550	 14.300570	-6.822121	 19.211520	 10.843110	-5.669824	 19.248250	-71.745500	 19.090880	 10.715170	 20.575310	-3.898658	 9.395153	 9.482653	-0.472377	 9.951154	-72.973210	-57.033240	-11.427120	 6.259748	 8.919396	-0.524223	 0.079282	-20.111580	-0.170068	 3.196408	 2.803741	 21.791730	 88.734510	-68.495580	-8.263564	-83.010030	 178.243400	 8.409576	 105.251800	-0.813313	 0.122417	-8.559153	 7.916352	-20.822720	 25.668100	-98.054290	-30.391580	-24.519750	 5.266740	-32.050620	-15.643520	-14.882560	-9.497982	 77.463730	 2.456315	-1.169728	 80.699850	 1.216945	 1.773191	-15.492210	-109.616100	-16.301590	-23.081010	-0.464120	 3.370942	-108.873000	 0.188712	 7.210938	-12.056590	-122.017200	-38.915450	-17.561570	-6.021856	 19.823110	 67.416630	-4.716576	 19.574120	-20.517600	-98.181880	-51.152850	 3.234686	-3.484296	 9.763653	 74.841640	-1.956071	 12.112190	-9.553795	 92.084790	-1.615375	-9.312743	 36.498650	-0.543483	 0.317072	 96.047070	-0.149886	 4.079872	 0.000000	 90.000000	 0.000000	 163.081500	 16.023880	 164.965500	-172.761000	-3.282045	-22.010270
-0.003209	-0.071207	-0.024681	 162.485500	-5.060167	-86.903880	-17.731500	-4.322640	 5.643292	-14.781460	-8.987937	 5.597522	-0.762493	 2.791003	 109.707500	-0.813313	 0.122417	-8.559153	-8.756431	-9.534717	 24.155760	-58.086860	 19.789420	-2.695606	-0.644921	 23.010750	-49.481080	-5.461226	-1.996632	 10.174880	 2.503307	-1.126933	 4.530149	 3.272704	-0.659900	-80.387440	 4.417256	 3.364594	 11.743960	-0.274958	 3.148175	 9.328284	 2.925964	 4.250471	-71.586230	 38.397920	 20.159350	 14.220850	-6.822121	 19.211520	 10.843110	-5.673416	 19.248580	-71.922020	 19.158130	 10.748690	 20.500650	-3.898658	 9.395153	 9.482653	-0.472288	 9.948988	-73.023070	-57.001530	-11.424680	 6.217900	 8.884816	-0.524129	 0.078994	-20.176900	-0.169574	 3.196080	 2.721998	 22.346140	 88.727420	-68.341030	-9.988781	-84.723010	 178.211300	 8.515168	 105.355400	-0.813313	 0.122417	-8.559153	 6.302479	-23.137330	 22.417680	-95.347760	-31.615260	-25.462770	 2.525305	-31.942760	-14.403710	-14.877070	-9.484782	 77.409870	 2.456315	-1.169727	 80.698940	 1.219875	 1.772274	-15.551510	-108.931700	-15.791890	-23.291690	-0.461935	 3.376969	-111.030700	 0.188712	 7.210938	-12.056590	-121.267500	-39.003580	-17.163100	-6.021856	 19.823110	 67.416630	-4.716576	 19.574120	-20.517600	-97.475900	-51.258720	 3.780088	-3.484296	 9.763653	 74.841640	-1.956071	 12.112190	-9.553795	 91.569150	-1.677379	-9.274798	 36.498650	-0.543483	 0.317072	 92.883280	-0.174220	 4.064566	 0.000000	 90.000000	 0.000000	 163.191400	 16.876410	 167.340400	-172.621700	-2.303006	-22.219920
-0.005798	-0.067934	-0.024071	 159.088600	-5.299175	-87.393310	-17.249880	-3.562542	 6.399944	-14.500120	-6.782696	 6.015573	-0.727152	 2.647266	 109.726200	-0.813313	 0.122417	-8.559153	-8.260725	-8.853331	 25.279120	-58.769280	 19.925690	-2.579342	 0.064514	 22.830290	-51.295480	-5.461460	-1.995657	 10.191670	 2.503307	-1.126933	 4.530149	 3.273007	-0.662130	-80.430850	 4.481224	 3.391551	 11.722700	-0.274899	 3.148185	 9.348279	 2.928192	 4.240680	-71.727730	 38.536840	 20.208940	 14.136570	-6.822121	 19.211520	 10.843110	-5.677043	 19.248930	-72.100200	 19.225300	 10.782010	 20.419480	-3.898658	 9.395153	 9.482653	-0.472194	 9.946589	-73.078320	-56.967350	-11.422160	 6.171408	 8.846448	-0.524021	 0.078678	-20.249270	-0.169022	 3.195720	 2.618222	 22.634480	 88.750630	-68.452910	-12.508700	-87.043620	 178.194900	 8.581554	 105.380200	-0.813313	 0.122417	-8.559153	 4.775022	-25.509720	 19.628620	-92.712490	-32.926900	-26.674590	-0.789837	-31.866810	-13.988840	-14.870350	-9.468648	 77.344020	 2.456315	-1.169726	 80.697830	 1.223455	 1.771150	-15.623970	-108.084800	-15.155940	-23.566800	-0.458933	 3.384276	-113.689600	 0.188712	 7.210938	-12.056590	-120.334300	-39.088420	-16.668920	-6.021856	 19.823110	 67.416630	-4.716576	 19.574120	-20.517600	-96.601950	-51.383320	 4.456387	-3.484296	 9.763653	 74.841640	-1.956071	 12.112190	-9.553795	 90.934590	-1.750652	-9.228082	 36.498650	-0.543483	 0.317072	 88.984700	-0.202978	 4.043895	 0.000000	 90.000000	 0.000000	 163.281100	 18.113290	 169.636200	-172.595700	-0.845148	-22.483590
-0.007710	-0.065664	-0.023622	 156.172800	-5.476954	-87.781610	-16.788030	-2.763375	 6.961748	-14.317380	-4.573051	 6.368432	-0.693049	 2.509210	 109.741300	-0.813313	 0.122417	-8.559153	-8.360964	-8.592339	 26.059510	-58.514000	 20.164280	-2.359835	 0.551286	 22.825550	-53.148760	-5.461632	-1.994945	 10.203930	 2.503307	-1.126933	 4.530149	 3.273235	-0.663811	-80.463570	 4.521441	 3.408370	 11.707090	-0.274857	 3.148191	 9.362758	 2.929597	 4.234447	-71.817770	 38.625790	 20.240570	 14.078440	-6.822121	 19.211520	 10.843110	-5.679333	 19.249160	-72.212970	 19.276910	 10.807530	 20.358080	-3.898658	 9.395153	 9.482653	-0.472124	 9.944777	-73.120060	-56.942430	-11.420420	 6.136171	 8.817406	-0.523943	 0.078436	-20.303910	-0.168600	 3.195451	 2.532351	 22.804130	 88.789890	-68.601840	-14.330520	-88.405880	 178.189900	 8.620741	 105.345200	-0.813313	 0.122417	-8.559153	 3.783765	-27.276420	 17.821230	-91.602250	-33.475780	-27.678930	-3.238142	-31.676550	-14.708150	-14.864520	-9.454689	 77.287050	 2.456315	-1.169725	 80.696860	 1.226551	 1.770173	-15.686670	-107.342800	-14.594440	-23.820890	-0.456041	 3.390529	-116.008000	 0.188712	 7.210938	-12.056590	-119.512600	-39.141140	-16.235820	-6.021856	 19.823110	 67.416630	-4.716576	 19.574120	-20.517600	-95.836400	-51.486630	 5.049791	-3.484296	 9.763653	 74.841640	-1.956071	 12.112190	-9.553795	 90.381920	-1.811697	-9.187334	 36.498650	-0.543483	 0.317072	 85.585420	-0.226872	 4.024319	 0.000000	 90.000000	 0.000000	 163.334700	 19.128710	 171.185200	-172.601900	 0.521509	-22.702710
-0.009168	-0.063843	-0.023412	 153.305400	-5.570687	-88.068430	-16.213180	-1.904372	 7.382696	-14.162340	-2.298440	 6.709575	-0.634403	 2.274073	 109.754600	-0.813313	 0.122417	-8.559153	-8.944316	-8.686328	 26.709110	-57.544620	 20.482810	-2.061899	 0.978718	 22.908750	-55.302940	-5.461770	-1.994372	 10.213800	 2.503307	-1.126933	 4.530149	 3.273425	-0.665223	-80.491060	 4.549298	 3.419911	 11.694280	-0.274823	 3.148197	 9.374292	 2.930569	 4.230109	-71.880430	 38.688020	 20.262660	 14.033950	-6.822121	 19.211520	 10.843110	-5.680937	 19.249320	-72.291540	 19.309230	 10.823380	 20.308760	-3.898658	 9.395153	 9.482653	-0.472067	 9.943252	-73.155210	-56.922390	-11.419110	 6.106428	 8.792910	-0.523872	 0.078233	-20.349900	-0.168253	 3.195221	 2.450519	 22.854740	 88.842220	-68.715530	-15.586350	-89.148990	 178.194200	 8.642228	 105.252800	-0.813313	 0.122417	-8.559153	 2.822294	-28.955810	 15.831420	-90.861510	-33.820210	-28.676280	-5.417490	-31.417380	-15.239770	-14.858690	-9.440786	 77.230320	 2.456315	-1.169724	 80.695920	 1.229634	 1.769196	-15.749130	-106.595000	-14.024750	-24.089360	-0.452887	 3.396679	-118.334100	 0.188712	 7.210938	-12.056590	-118.681500	-39.174100	-15.799950	-6.021856	 19.823110	 67.416630	-4.716576	 19.574120	-20.517600	-95.065180	-51.585270	 5.648441	-3.484296	 9.763653	 74.841640	-1.956071	 12.112190	-9.553795	 89.828060	-1.870324	-9.146401	 36.498650	-0.543483	 0.317072	 82.174520	-0.249627	 4.003271	 0.000000	 90.000000	 0.000000	 163.367900	 19.883970	 172.488900	-172.701200	 1.935112	-22.992300
-0.010959	-0.062923	-0.023379	 150.276500	-5.505253	-88.343170	-15.499050	-0.922097	 7.780164	-13.854860	 0.270613	 6.983643	-0.547277	 1.925915	 109.769000	-0.813313	 0.122417	-8.559153	-9.803510	-8.877989	 27.285000	-56.490520	 20.970530	-1.657185	 1.462601	 23.043320	-56.917240	-5.461888	-1.993883	 10.222230	 2.503307	-1.126933	 4.530149	 3.273597	-0.666513	-80.516170	 4.569879	 3.428329	 11.682770	-0.274795	 3.148201	 9.383846	 2.931290	 4.226873	-71.927150	 38.734670	 20.279190	 13.996780	-6.822121	 19.211520	 10.843110	-5.682126	 19.249440	-72.350220	 19.347760	 10.842350	 20.261880	-3.898658	 9.395153	 9.482653	-0.472015	 9.941851	-73.187490	-56.905420	-11.418160	 6.078923	 8.770323	-0.523808	 0.078047	-20.392090	-0.167928	 3.195015	 2.362346	 22.875210	 88.913870	-68.936680	-16.704460	-89.750860	 178.203600	 8.656848	 105.122000	-0.813313	 0.122417	-8.559153	 2.105238	-30.545880	 13.770250	-89.914360	-34.256600	-29.849610	-7.139802	-31.094620	-15.721500	-14.851760	-9.424299	 77.162970	 2.456315	-1.169723	 80.694760	 1.233291	 1.768034	-15.823240	-105.696600	-13.335780	-24.428290	-0.448793	 3.403854	-121.114000	 0.188712	 7.210938	-12.056590	-117.680300	-39.187450	-15.278200	-6.021856	 19.823110	 67.416630	-4.716576	 19.574120	-20.517600	-94.139540	-51.696520	 6.368050	-3.484296	 9.763653	 74.841640	-1.956071	 12.112190	-9.553795	 89.166890	-1.936954	-9.097351	 36.498650	-0.543483	 0.317072	 78.098410	-0.275121	 3.976420	 0.000000	 90.000000	 0.000000	 163.474900	 20.629590	 173.596800	-172.807000	 3.531402	-23.726040
-0.012858	-0.063056	-0.023480	 148.207600	-5.323745	-88.616860	-14.943410	-0.177130	 8.002473	-13.502220	 2.194378	 7.150855	-0.467445	 1.607386	 109.781000	-0.813313	 0.122417	-8.559153	-10.807190	-9.251021	 27.665290	-55.349890	 21.443630	-1.278098	 1.417016	 23.370020	-57.346600	-5.461947	-1.993641	 10.226410	 2.503307	-1.126933	 4.530149	 3.273699	-0.667270	-80.530880	 4.579625	 3.432250	 11.676080	-0.274782	 3.148204	 9.388247	 2.931636	 4.225320	-71.949560	 38.757240	 20.287180	 13.976690	-6.822121	 19.211520	 10.843110	-5.682698	 19.249500	-72.378330	 19.372120	 10.854340	 20.234150	-3.898658	 9.395153	 9.482653	-0.471985	 9.941021	-73.206570	-56.897110	-11.417860	 6.062510	 8.756911	-0.523778	 0.077935	-20.416930	-0.167744	 3.194892	 2.293390	 22.819720	 88.980660	-69.163060	-17.505650	-89.991420	 178.216300	 8.671743	 104.956200	-0.813313	 0.122417	-8.559153	 1.699374	-31.695010	 12.190390	-89.189260	-34.608850	-30.826550	-8.595850	-30.802990	-16.083130	-14.845640	-9.409817	 77.103840	 2.456315	-1.169722	 80.693760	 1.236500	 1.767009	-15.888290	-104.897600	-12.719370	-24.744750	-0.444887	 3.410027	-123.571800	 0.188712	 7.210938	-12.056590	-116.788600	-39.175690	-14.817000	-6.021856	 19.823110	 67.416630	-4.716576	 19.574120	-20.517600	-93.317820	-51.788810	 7.007803	-3.484296	 9.763653	 74.841640	-1.956071	 12.112190	-9.553795	 88.583090	-1.992750	-9.053824	 36.498650	-0.543483	 0.317072	 74.494420	-0.296019	 3.951209	 0.000000	 90.000000	 0.000000	 163.657800	 20.992850	 174.215400	-172.879300	 4.500715	-24.666880
-0.014889	-0.063263	-0.023403	 146.902900	-5.136703	-88.853550	-14.589790	 0.372104	 8.014879	-13.312750	 3.574599	 7.255153	-0.394010	 1.314532	 109.792800	-0.813313	 0.122417	-8.559153	-11.795520	-9.597565	 27.893320	-54.086270	 21.936600	-0.894211	 0.946960	 23.874090	-57.180040	-5.461977	-1.993514	 10.228570	 2.503307	-1.126933	 4.530149	 3.273748	-0.667642	-80.538140	 4.584084	 3.434023	 11.672620	-0.274776	 3.148205	 9.390144	 2.931797	 4.224595	-71.960040	 38.767940	 20.290970	 13.966890	-6.822121	 19.211520	 10.843110	-5.682963	 19.249530	-72.391360	 19.372260	 10.854300	 20.222920	-3.898658	 9.395153	 9.482653	-0.471968	 9.940602	-73.216230	-56.896340	-11.418270	 6.053753	 8.749938	-0.523759	 0.077878	-20.429480	-0.167645	 3.194827	 2.232731	 22.703480	 89.047710	-69.413440	-18.436200	-90.069310	 178.228600	 8.702574	 104.761000	-0.813313	 0.122417	-8.559153	 1.317551	-32.740360	 10.745570	-88.415820	-34.861050	-31.694270	-9.805227	-30.458430	-15.725740	-14.839390	-9.395043	 77.043530	 2.456315	-1.169722	 80.692730	 1.239773	 1.765960	-15.954660	-104.072300	-12.079580	-25.086360	-0.440603	 3.416186	-126.096200	 0.188712	 7.210938	-12.056590	-115.867100	-39.140670	-14.344200	-6.021856	 19.823110	 67.416630	-4.716576	 19.574120	-20.517600	-92.470760	-51.877620	 7.668129	-3.484296	 9.763653	 74.841640	-1.956071	 12.112190	-9.553795	 87.984140	-2.047061	-9.008914	 36.498650	-0.543483	 0.317072	 70.792790	-0.315793	 3.924000	 0.000000	 90.000000	 0.000000	 163.966000	 21.163810	 174.492400	-172.925400	 5.040799	-25.243990
-0.016917	-0.063647	-0.023082	 146.096100	-4.872208	-89.113200	-14.356650	 0.765655	 8.012225	-13.240730	 4.585732	 7.267710	-0.329846	 1.058572	 109.806000	-0.813313	 0.122417	-8.559153	-13.146190	-10.241200	 27.953820	-51.966920	 22.456020	-0.485566	-0.334663	 24.706270	-56.243530	-5.462010	-1.993379	 10.230900	 2.503307	-1.126933	 4.530149	 3.273713	-0.667378	-80.533000	 4.571280	 3.428406	 11.672300	-0.274770	 3.148206	 9.392168	 2.931576	 4.225591	-71.945650	 38.753530	 20.285900	 13.970920	-6.822121	 19.211520	 10.843110	-5.682584	 19.249490	-72.372750	 19.353920	 10.845180	 20.234500	-3.898658	 9.395153	 9.482653	-0.471978	 9.940875	-73.209970	-56.905820	-11.419460	 6.058157	 8.754660	-0.523770	 0.077916	-20.421130	-0.167709	 3.194871	 2.177044	 22.512030	 89.117430	-69.729070	-19.805260	-90.186710	 178.238100	 8.761970	 104.534200	-0.813313	 0.122417	-8.559153	 0.991688	-33.596800	 9.124805	-87.258040	-34.909510	-32.337930	-11.040440	-29.874560	-14.267300	-14.832220	-9.378150	 76.974560	 2.456315	-1.169721	 80.691560	 1.243514	 1.764755	-16.030580	-103.116100	-11.334910	-25.500930	-0.435342	 3.423033	-129.001600	 0.188712	 7.210938	-12.056590	-114.800600	-39.071620	-13.802420	-6.021856	 19.823110	 67.416630	-4.716576	 19.574120	-20.517600	-91.492350	-51.972320	 8.431847	-3.484296	 9.763653	 74.841640	-1.956071	 12.112190	-9.553795	 87.295690	-2.105802	-8.956896	 36.498650	-0.543483	 0.317072	 66.532580	-0.336318	 3.891191	 0.000000	 90.000000	 0.000000	 164.271300	 21.082660	 174.857600	-172.891600	 5.437956	-25.598040
-0.018218	-0.064230	-0.022564	 145.787300	-4.689782	-89.289900	-14.335160	 1.012764	 7.966781	-13.243740	 5.236675	 7.211494	-0.276949	 0.847746	 109.816900	-0.813313	 0.122417	-8.559153	-14.417200	-10.939790	 27.846810	-49.848730	 22.957600	-0.179623	-1.543518	 25.515680	-55.794870	-5.462038	-1.993262	 10.232920	 2.503307	-1.126933	 4.530149	 3.273580	-0.666385	-80.513670	 4.549463	 3.418889	 11.672780	-0.274765	 3.148206	 9.393908	 2.930746	 4.229318	-71.891850	 38.698960	 20.266640	 13.990690	-6.822121	 19.211520	 10.843110	-5.681190	 19.249340	-72.304250	 19.323360	 10.830140	 20.270160	-3.898658	 9.395153	 9.482653	-0.472017	 9.941960	-73.184970	-56.921650	-11.420660	 6.078658	 8.773790	-0.523819	 0.078075	-20.388390	-0.167956	 3.195034	 2.141089	 22.302270	 89.168500	-70.055970	-21.123230	-90.609510	 178.242900	 8.824472	 104.353000	-0.813313	 0.122417	-8.559153	 0.718733	-34.187870	 7.648236	-86.072620	-34.905880	-32.728860	-12.194680	-29.297930	-12.764700	-14.825820	-9.363137	 76.913300	 2.456316	-1.169720	 80.690510	 1.246837	 1.763680	-16.098030	-102.254700	-10.661670	-25.891460	-0.430346	 3.428926	-131.600500	 0.188712	 7.210938	-12.056590	-113.842000	-38.983890	-13.320910	-6.021856	 19.823110	 67.416630	-4.716576	 19.574120	-20.517600	-90.614140	-52.050130	 9.118184	-3.484296	 9.763653	 74.841640	-1.956071	 12.112190	-9.553795	 86.680600	-2.154996	-8.910026	 36.498650	-0.543483	 0.317072	 62.721850	-0.352566	 3.860618	 0.000000	 90.000000	 0.000000	 164.449000	 20.995190	 175.094300	-172.899200	 5.563506	-25.667420
-0.018647	-0.064536	-0.022027	 145.905600	-4.542456	-89.355930	-14.308140	 1.164375	 7.890153	-13.241700	 5.632209	 7.112293	-0.222107	 0.629443	 109.827200	-0.813313	 0.122417	-8.559153	-15.666740	-11.686940	 27.606040	-48.154770	 23.590500	 0.060320	-2.119835	 26.220240	-55.885640	-5.462067	-1.993146	 10.234910	 2.503307	-1.126933	 4.530149	 3.273367	-0.664799	-80.482800	 4.511188	 3.402225	 11.674290	-0.274760	 3.148207	 9.395595	 2.929409	 4.235286	-71.805650	 38.610610	 20.235430	 14.023640	-6.822121	 19.211520	 10.843110	-5.678964	 19.249120	-72.194740	 19.269900	 10.803730	 20.328040	-3.898658	 9.395153	 9.482653	-0.472083	 9.943705	-73.144770	-56.943370	-11.422000	 6.112162	 8.804807	-0.523905	 0.078332	-20.335800	-0.168361	 3.195292	 2.116513	 22.059820	 89.206030	-70.410160	-22.046480	-91.416860	 178.245500	 8.887228	 104.194800	-0.813313	 0.122417	-8.559153	 0.558463	-34.736050	 6.331197	-85.267860	-34.767290	-33.149160	-13.116750	-28.733430	-11.825340	-14.819230	-9.347734	 76.850350	 2.456316	-1.169719	 80.689430	 1.250248	 1.762573	-16.167290	-101.358000	-9.959126	-26.314990	-0.424907	 3.434772	-134.286700	 0.188712	 7.210938	-12.056590	-112.847800	-38.867480	-12.827410	-6.021856	 19.823110	 67.416630	-4.716576	 19.574120	-20.517600	-89.703790	-52.123730	 9.830402	-3.484296	 9.763653	 74.841640	-1.956071	 12.112190	-9.553795	 86.045620	-2.202540	-8.861178	 36.498650	-0.543483	 0.317072	 58.783700	-0.367192	 3.827963	 0.000000	 90.000000	 0.000000	 164.583200	 20.821140	 175.296600	-172.869300	 5.555965	-25.484180
-0.018393	-0.064590	-0.021542	 146.382800	-4.451916	-89.410950	-14.304190	 1.248811	 7.780357	-13.233480	 5.790718	 6.978463	-0.180028	 0.461827	 109.838000	-0.813313	 0.122417	-8.559153	-16.871000	-12.456880	 27.215930	-46.939870	 24.278680	 0.241242	-2.449752	 26.891030	-55.787160	-5.462096	-1.993021	 10.237070	 2.503307	-1.126933	 4.530149	 3.273059	-0.662516	-80.438350	 4.453159	 3.376977	 11.676950	-0.274755	 3.148208	 9.397452	 2.927469	 4.243871	-71.681630	 38.481670	 20.189750	 14.072470	-6.822121	 19.211520	 10.843110	-5.675760	 19.248810	-72.037190	 19.189180	 10.763700	 20.412000	-3.898658	 9.395153	 9.482653	-0.472179	 9.946223	-73.086820	-56.972650	-11.423610	 6.160720	 8.849945	-0.524032	 0.078707	-20.260070	-0.168943	 3.195664	 2.098328	 21.766000	 89.232470	-70.788420	-22.827730	-92.299290	 178.250200	 8.944407	 104.029900	-0.813313	 0.122417	-8.559153	 0.644256	-35.087220	 5.462019	-84.951150	-34.542110	-33.531530	-13.493490	-28.342600	-11.079760	-14.811730	-9.330257	 76.779010	 2.456316	-1.169718	 80.688210	 1.254114	 1.761312	-16.245810	-100.327200	-9.150002	-26.823270	-0.418378	 3.441118	-137.349500	 0.188712	 7.210938	-12.056590	-111.710600	-38.702890	-12.271100	-6.021856	 19.823110	 67.416630	-4.716576	 19.574120	-20.517600	-88.662680	-52.199090	 10.645770	-3.484296	 9.763653	 74.841640	-1.956071	 12.112190	-9.553795	 85.322500	-2.252683	-8.804920	 36.498650	-0.543483	 0.317072	 54.292310	-0.381085	 3.789597	 0.000000	 90.000000	 0.000000	 164.529500	 20.652930	 175.555300	-172.857100	 5.327519	-25.197230
-0.017181	-0.064629	-0.021085	 147.241300	-4.415444	-89.450610	-14.313200	 1.194907	 7.671915	-13.217600	 5.652856	 6.864071	-0.151128	 0.346694	 109.846500	-0.813313	 0.122417	-8.559153	-17.724760	-13.026250	 26.802750	-45.782110	 24.738620	 0.337982	-2.516488	 27.274760	-55.505870	-5.462122	-1.992912	 10.238950	 2.503307	-1.126933	 4.530149	 3.272747	-0.660213	-80.393520	 4.392316	 3.350510	 11.679900	-0.274750	 3.148209	 9.399036	 2.925492	 4.252532	-71.556440	 38.349220	 20.142690	 14.123290	-6.822121	 19.211520	 10.843110	-5.672526	 19.248500	-71.878200	 19.104900	 10.721730	 20.497240	-3.898658	 9.395153	 9.482653	-0.472279	 9.948762	-73.028320	-57.001330	-11.425120	 6.209901	 8.896030	-0.524163	 0.079087	-20.183630	-0.169519	 3.196048	 2.087148	 21.497360	 89.250650	-71.120290	-23.195090	-92.801380	 178.257400	 8.975481	 103.892400	-0.813313	 0.122417	-8.559153	 0.774160	-35.327870	 5.013845	-85.199650	-34.284980	-33.867130	-13.688630	-28.168960	-10.917300	-14.804990	-9.314595	 76.715050	 2.456316	-1.169716	 80.687100	 1.257578	 1.760177	-16.316200	-99.389050	-8.413119	-27.305450	-0.412204	 3.446539	-140.112800	 0.188712	 7.210938	-12.056590	-110.682500	-38.525370	-11.776310	-6.021856	 19.823110	 67.416630	-4.716576	 19.574120	-20.517600	-87.721020	-52.259240	 11.383970	-3.484296	 9.763653	 74.841640	-1.956071	 12.112190	-9.553795	 84.670830	-2.294261	-8.753579	 36.498650	-0.543483	 0.317072	 50.240680	-0.391005	 3.754147	 0.000000	 90.000000	 0.000000	 164.302100	 20.512400	 175.686200	-172.939400	 4.958927	-24.768830
-0.015849	-0.064763	-0.020671	 148.215700	-4.401780	-89.472050	-14.335000	 1.074469	 7.563898	-13.208550	 5.405273	 6.765187	-0.125782	 0.245796	 109.853800	-0.813313	 0.122417	-8.559153	-18.434300	-13.524240	 26.377500	-44.785080	 25.006500	 0.394683	-2.642712	 27.520980	-55.207810	-5.462148	-1.992810	 10.240710	 2.503307	-1.126933	 4.530149	 3.272430	-0.657889	-80.348270	 4.328638	 3.322810	 11.683060	-0.274746	 3.148210	 9.400531	 2.923477	 4.261275	-71.429990	 38.212510	 20.093960	 14.176430	-6.822121	 19.211520	 10.843110	-5.669253	 19.248190	-71.717600	 19.017230	 10.677880	 20.583780	-3.898658	 9.395153	 9.482653	-0.472383	 9.951324	-72.969250	-57.030000	-11.426630	 6.259613	 8.943212	-0.524286	 0.079479	-20.106460	-0.170105	 3.196434	 2.080477	 21.240750	 89.264040	-71.419110	-23.332280	-93.051800	 178.267000	 8.989455	 103.766300	-0.813313	 0.122417	-8.559153	 0.818301	-35.611290	 4.654019	-85.420170	-34.182960	-34.222660	-13.638990	-28.115110	-10.802500	-14.798390	-9.299325	 76.652700	 2.456316	-1.169716	 80.686040	 1.260955	 1.759067	-16.384860	-98.460990	-7.684528	-27.800540	-0.405901	 3.451560	-142.823100	 0.188712	 7.210938	-12.056590	-109.673200	-38.324540	-11.298640	-6.021856	 19.823110	 67.416630	-4.716576	 19.574120	-20.517600	-86.795440	-52.310980	 12.110110	-3.484296	 9.763653	 74.841640	-1.956071	 12.112190	-9.553795	 84.032420	-2.331684	-8.702629	 36.498650	-0.543483	 0.317072	 46.266650	-0.398279	 3.718785	 0.000000	 90.000000	 0.000000	 164.130000	 20.400220	 175.672900	-173.023900	 4.629350	-24.348920
-0.014172	-0.065373	-0.020248	 149.525200	-4.363976	-89.471050	-14.380360	 0.907527	 7.427144	-13.189770	 4.885136	 6.635862	-0.101224	 0.148070	 109.861200	-0.813313	 0.122417	-8.559153	-19.171340	-14.058610	 25.872420	-43.684310	 25.215490	 0.433227	-2.878099	 27.776000	-55.130500	-5.462176	-1.992690	 10.242770	 2.503307	-1.126933	 4.530149	 3.272056	-0.655163	-80.295190	 4.250556	 3.288841	 11.686940	-0.274741	 3.148211	 9.402254	 2.921087	 4.271523	-71.281690	 38.046800	 20.034690	 14.241990	-6.822121	 19.211520	 10.843110	-5.665420	 19.247840	-71.529140	 18.910480	 10.624250	 20.686040	-3.898658	 9.395153	 9.482653	-0.472508	 9.954329	-72.900050	-57.063770	-11.428450	 6.317852	 8.999681	-0.524442	 0.079947	-20.016050	-0.170796	 3.196878	 2.077539	 20.949860	 89.275220	-71.785420	-23.403570	-93.315740	 178.281300	 8.988390	 103.622000	-0.813313	 0.122417	-8.559153	 0.773579	-36.016500	 4.167343	-85.760380	-34.070260	-34.679540	-13.547540	-28.043890	-11.091750	-14.790370	-9.280809	 76.577080	 2.456317	-1.169714	 80.684740	 1.265047	 1.757715	-16.468080	-97.317930	-6.788625	-28.434800	-0.397902	 3.457274	-146.128600	 0.188712	 7.210938	-12.056590	-108.442000	-38.043900	-10.727830	-6.021856	 19.823110	 67.416630	-4.716576	 19.574120	-20.517600	-85.664540	-52.364330	 12.998010	-3.484296	 9.763653	 74.841640	-1.956071	 12.112190	-9.553795	 83.254800	-2.372895	-8.639630	 36.498650	-0.543483	 0.317072	 41.420040	-0.403802	 3.675102	 0.000000	 90.000000	 0.000000	 163.912800	 20.242550	 175.475600	-173.101200	 4.069191	-23.970030
-0.012956	-0.066285	-0.019860	 150.511000	-4.269997	-89.431110	-14.431540	 0.760365	 7.304980	-13.190410	 4.483694	 6.520750	-0.084832	 0.082859	 109.866200	-0.813313	 0.122417	-8.559153	-19.728810	-14.461810	 25.479350	-42.774450	 25.348880	 0.456297	-3.130831	 27.991360	-55.320330	-5.462201	-1.992592	 10.244460	 2.503307	-1.126933	 4.530149	 3.271767	-0.653068	-80.254390	 4.186675	 3.261043	 11.690080	-0.274736	 3.148211	 9.403668	 2.919231	 4.279402	-71.167620	 37.912750	 19.986550	 14.296320	-6.822121	 19.211520	 10.843110	-5.662467	 19.247580	-71.384060	 18.824050	 10.580640	 20.765560	-3.898658	 9.395153	 9.482653	-0.472607	 9.956635	-72.846950	-57.090290	-11.429960	 6.362526	 9.044457	-0.524575	 0.080317	-19.946660	-0.171325	 3.197226	 2.079197	 20.728470	 89.280950	-72.142180	-23.481720	-93.781400	 178.295600	 8.974669	 103.504000	-0.813313	 0.122417	-8.559153	 0.724223	-36.344910	 3.820336	-86.076930	-33.958400	-35.038410	-13.735580	-27.949320	-11.678290	-14.783450	-9.264915	 76.512140	 2.456317	-1.169714	 80.683620	 1.268561	 1.756549	-16.539580	-96.319950	-6.008853	-29.010200	-0.390736	 3.461831	-148.984200	 0.188712	 7.210938	-12.056590	-107.379100	-37.769920	-10.246340	-6.021856	 19.823110	 67.416630	-4.716576	 19.574120	-20.517600	-84.685940	-52.401750	 13.766800	-3.484296	 9.763653	 74.841640	-1.956071	 12.112190	-9.553795	 82.583720	-2.404645	-8.584357	 36.498650	-0.543483	 0.317072	 37.232760	-0.405588	 3.637103	 0.000000	 90.000000	 0.000000	 163.775500	 20.083690	 175.252900	-173.147000	 3.536960	-23.728000
-0.012060	-0.067471	-0.019440	 151.516000	-4.126625	-89.382880	-14.483170	 0.577651	 7.180132	-13.186300	 3.992839	 6.403111	-0.072275	 0.032933	 109.869900	-0.813313	 0.122417	-8.559153	-20.228350	-14.824370	 25.157080	-41.852890	 25.475940	 0.472395	-3.413986	 28.223140	-55.594580	-5.462222	-1.992498	 10.246070	 2.503307	-1.126933	 4.530149	 3.271531	-0.651368	-80.221280	 4.151265	 3.245620	 11.691530	-0.274733	 3.148212	 9.404997	 2.917714	 4.285792	-71.075060	 37.838930	 19.959930	 14.330540	-6.822121	 19.211520	 10.843110	-5.660061	 19.247380	-71.266160	 18.776970	 10.556870	 20.825680	-3.898658	 9.395153	 9.482653	-0.472687	 9.958499	-72.804030	-57.112770	-11.431370	 6.398585	 9.083384	-0.524676	 0.080641	-19.890530	-0.171748	 3.197509	 2.084306	 20.545580	 89.283550	-72.509170	-23.529440	-94.461870	 178.310900	 8.952168	 103.391800	-0.813313	 0.122417	-8.559153	 0.667715	-36.652190	 3.531802	-86.407820	-33.838270	-35.365560	-14.128100	-27.844010	-12.391890	-14.776630	-9.249265	 76.448190	 2.456317	-1.169712	 80.682510	 1.272018	 1.755397	-16.609950	-95.322300	-5.232438	-29.605280	-0.383431	 3.465985	-151.809900	 0.188712	 7.210938	-12.056590	-106.329100	-37.470090	-9.781777	-6.021856	 19.823110	 67.416630	-4.716576	 19.574120	-20.517600	-83.716630	-52.430880	 14.528650	-3.484296	 9.763653	 74.841640	-1.956071	 12.112190	-9.553795	 81.920510	-2.432558	-8.528846	 36.498650	-0.543483	 0.317072	 33.089870	-0.404627	 3.599476	 0.000000	 90.000000	 0.000000	 163.736400	 19.934030	 174.912300	-173.176800	 3.049141	-23.523480
-0.010951	-0.069625	-0.018855	 153.139000	-3.936239	-89.352270	-14.561360	 0.315187	 7.022335	-13.182950	 3.294703	 6.256162	-0.060935	-0.012147	 109.873400	-0.813313	 0.122417	-8.559153	-20.793350	-15.265090	 24.806920	-40.612340	 25.503620	 0.470253	-3.791514	 28.410220	-55.864270	-5.462250	-1.992390	 10.247940	 2.503307	-1.126933	 4.530149	 3.271336	-0.649968	-80.194000	 4.144481	 3.242635	 11.691180	-0.274728	 3.148213	 9.406547	 2.916456	 4.291055	-70.998780	 37.824840	 19.954740	 14.347100	-6.822121	 19.211520	 10.843110	-5.658078	 19.247210	-71.168620	 18.768770	 10.552830	 20.869480	-3.898658	 9.395153	 9.482653	-0.472754	 9.960019	-72.768980	-57.133510	-11.432910	 6.427851	 9.124690	-0.524794	 0.080983	-19.844670	-0.172100	 3.197736	 2.093752	 20.301290	 89.283880	-73.000430	-23.497980	-95.321820	 178.330900	 8.916023	 103.258900	-0.813313	 0.122417	-8.559153	 0.586623	-37.009870	 3.231433	-86.833900	-33.683810	-35.736100	-14.745140	-27.705330	-13.387980	-14.768290	-9.230243	 76.370510	 2.456317	-1.169711	 80.681180	 1.276217	 1.753991	-16.695470	-94.088230	-4.277715	-30.368200	-0.374233	 3.470567	-155.264600	 0.188712	 7.210938	-12.056590	-105.048800	-37.064800	-9.231389	-6.021856	 19.823110	 67.416630	-4.716576	 19.574120	-20.517600	-82.530640	-52.455770	 15.461160	-3.484296	 9.763653	 74.841640	-1.956071	 12.112190	-9.553795	 81.110520	-2.462044	-8.459775	 36.498650	-0.543483	 0.317072	 28.024420	-0.399753	 3.553720	 0.000000	 90.000000	 0.000000	 163.816300	 19.737920	 174.086500	-173.264400	 2.282582	-23.312210
-0.010070	-0.071939	-0.018335	 154.555000	-3.732660	-89.342860	-14.658270	 0.067119	 6.883784	-13.194610	 2.640573	 6.129843	-0.054026	-0.039648	 109.876100	-0.813313	 0.122417	-8.559153	-21.277250	-15.659620	 24.449350	-39.569830	 25.291270	 0.458248	-4.125190	 28.347520	-55.965400	-5.462270	-1.992302	 10.249470	 2.503307	-1.126933	 4.530149	 3.271234	-0.649238	-80.179780	 4.126181	 3.234652	 11.691650	-0.274724	 3.148213	 9.407793	 2.915796	 4.293805	-70.958940	 37.787160	 19.941060	 14.370700	-6.822121	 19.211520	 10.843110	-5.657033	 19.247120	-71.117350	 18.750130	 10.543400	 20.895410	-3.898658	 9.395153	 9.482653	-0.472789	 9.960800	-72.750980	-57.146470	-11.434080	 6.442689	 9.154869	-0.524875	 0.081234	-19.821080	-0.172279	 3.197852	 2.103027	 19.995280	 89.282970	-73.488680	-23.329240	-95.790850	 178.348400	 8.880595	 103.148100	-0.813313	 0.122417	-8.559153	 0.505434	-37.303230	 3.003741	-87.212880	-33.550040	-36.032340	-15.528750	-27.542120	-14.546420	-14.761220	-9.214156	 76.304790	 2.456317	-1.169710	 80.680040	 1.279767	 1.752797	-16.767800	-93.025600	-3.461734	-31.048410	-0.366206	 3.474022	-158.202600	 0.188712	 7.210938	-12.056590	-103.963800	-36.686730	-8.779858	-6.021856	 19.823110	 67.416630	-4.716576	 19.574120	-20.517600	-81.521640	-52.467700	 16.254700	-3.484296	 9.763653	 74.841640	-1.956071	 12.112190	-9.553795	 80.422470	-2.483169	-8.399920	 36.498650	-0.543483	 0.317072	 23.716470	-0.392444	 3.515269	 0.000000	 90.000000	 0.000000	 163.902300	 19.454410	 173.358600	-173.293300	 1.671038	-23.195230
-0.009413	-0.074345	-0.017807	 155.890000	-3.495192	-89.355580	-14.774030	-0.200900	 6.738224	-13.220600	 1.935622	 6.000465	-0.048873	-0.060193	 109.878700	-0.813313	 0.122417	-8.559153	-21.798080	-16.096800	 24.038300	-38.708740	 24.963020	 0.439710	-4.460087	 28.178990	-56.006320	-5.462292	-1.992214	 10.250960	 2.503307	-1.126933	 4.530149	 3.271139	-0.648565	-80.166680	 4.109077	 3.227188	 11.692070	-0.274721	 3.148214	 9.409016	 2.915186	 4.296337	-70.922220	 37.752000	 19.928240	 14.394280	-6.822121	 19.211520	 10.843110	-5.656072	 19.247050	-71.070120	 18.744000	 10.540330	 20.917110	-3.898658	 9.395153	 9.482653	-0.472821	 9.961518	-72.734430	-57.158760	-11.435220	 6.456309	 9.181458	-0.524945	 0.081455	-19.799350	-0.172441	 3.197965	 2.113999	 19.636750	 89.281010	-74.073170	-23.187110	-96.405810	 178.366600	 8.842323	 103.035400	-0.813313	 0.122417	-8.559153	 0.408374	-37.597760	 2.780798	-87.615210	-33.414420	-36.323800	-16.395430	-27.360210	-15.812710	-14.753990	-9.197759	 76.237830	 2.456317	-1.169709	 80.678880	 1.283383	 1.751576	-16.841510	-91.923890	-2.622927	-31.775740	-0.357809	 3.477131	-161.212400	 0.188712	 7.210938	-12.056590	-102.856900	-36.267660	-8.334337	-6.021856	 19.823110	 67.416630	-4.716576	 19.574120	-20.517600	-80.488270	-52.471080	 17.067510	-3.484296	 9.763653	 74.841640	-1.956071	 12.112190	-9.553795	 79.718410	-2.501077	-8.337487	 36.498650	-0.543483	 0.317072	 19.303650	-0.381992	 3.476567	 0.000000	 90.000000	 0.000000	 163.968000	 19.151810	 172.732600	-173.274000	 1.137303	-23.093480
-0.008906	-0.077157	-0.017155	 157.377300	-3.181055	-89.398610	-14.918430	-0.529207	 6.559188	-13.269980	 1.070515	 5.846519	-0.044426	-0.077964	 109.881700	-0.813313	 0.122417	-8.559153	-22.446570	-16.650870	 23.505740	-37.856500	 24.571860	 0.408047	-4.833816	 27.977720	-55.990490	-5.462316	-1.992115	 10.252680	 2.503307	-1.126933	 4.530149	 3.271039	-0.647847	-80.152690	 4.090796	 3.219209	 11.692480	-0.274717	 3.148214	 9.410392	 2.914532	 4.299047	-70.882940	 37.714440	 19.914530	 14.421610	-6.822121	 19.211520	 10.843110	-5.655042	 19.246960	-71.019580	 18.746910	 10.541890	 20.938480	-3.898658	 9.395153	 9.482653	-0.472856	 9.962288	-72.716710	-57.172340	-11.436510	 6.470787	 9.208155	-0.525016	 0.081676	-19.776160	-0.172613	 3.198081	 2.129471	 19.211410	 89.277390	-74.827010	-23.163920	-97.467800	 178.388400	 8.796853	 102.899300	-0.813313	 0.122417	-8.559153	 0.269755	-37.948930	 2.506098	-88.115420	-33.258100	-36.665580	-17.176900	-27.190080	-17.107570	-14.745320	-9.178187	 76.157840	 2.456317	-1.169708	 80.677470	 1.287701	 1.750112	-16.929570	-90.582160	-1.612586	-32.691200	-0.347526	 3.480278	-164.827300	 0.188712	 7.210938	-12.056590	-101.534400	-35.721870	-7.823638	-6.021856	 19.823110	 67.416630	-4.716576	 19.574120	-20.517600	-79.247710	-52.463330	 18.043250	-3.484296	 9.763653	 74.841640	-1.956071	 12.112190	-9.553795	 78.873680	-2.517681	-8.260900	 36.498650	-0.543483	 0.317072	 14.003390	-0.365535	 3.431319	 0.000000	 90.000000	 0.000000	 164.033800	 18.856300	 172.076600	-173.244500	 0.466678	-22.978690
-0.008667	-0.079485	-0.016609	 158.571900	-2.897371	-89.455780	-15.032070	-0.803420	 6.401783	-13.326770	 0.342895	 5.718043	-0.041451	-0.089875	 109.884000	-0.813313	 0.122417	-8.559153	-22.974790	-17.106090	 23.040040	-37.210250	 24.342040	 0.372492	-5.249062	 27.950780	-55.873410	-5.462335	-1.992034	 10.254080	 2.503307	-1.126933	 4.530149	 3.270963	-0.647307	-80.142170	 4.077028	 3.213199	 11.692770	-0.274714	 3.148215	 9.411503	 2.914038	 4.301087	-70.853350	 37.686220	 19.904170	 14.444030	-6.822121	 19.211520	 10.843110	-5.654267	 19.246900	-70.981540	 18.752050	 10.544560	 20.953990	-3.898658	 9.395153	 9.482653	-0.472883	 9.962865	-72.703380	-57.182930	-11.437550	 6.481634	 9.226742	-0.525067	 0.081831	-19.758720	-0.172747	 3.198166	 2.144274	 18.859610	 89.273740	-75.446050	-23.082200	-98.399510	 178.406400	 8.761183	 102.781700	-0.813313	 0.122417	-8.559153	 0.129785	-38.249370	 2.249916	-88.563600	-33.145610	-36.960250	-17.601500	-27.099740	-18.100050	-14.737980	-9.161654	 76.090260	 2.456318	-1.169707	 80.676320	 1.291346	 1.748869	-17.003930	-89.425700	-0.753056	-33.505510	-0.338649	 3.482438	-167.898100	 0.188712	 7.210938	-12.056590	-100.417900	-35.221970	-7.412091	-6.021856	 19.823110	 67.416630	-4.716576	 19.574120	-20.517600	-78.195090	-52.446650	 18.871020	-3.484296	 9.763653	 74.841640	-1.956071	 12.112190	-9.553795	 78.156820	-2.527664	-8.194389	 36.498650	-0.543483	 0.317072	 9.500951	-0.348331	 3.394210	 0.000000	 90.000000	 0.000000	 164.087300	 18.616980	 171.553800	-173.191400	-0.035862	-22.913030
-0.008498	-0.081790	-0.016078	 159.746300	-2.600203	-89.529140	-15.126810	-1.068356	 6.234925	-13.397470	-0.368516	 5.590566	-0.038573	-0.101392	 109.886200	-0.813313	 0.122417	-8.559153	-23.489600	-17.551690	 22.570600	-36.559200	 24.199070	 0.330228	-5.797911	 28.063000	-55.652180	-5.462355	-1.991956	 10.255420	 2.503307	-1.126933	 4.530149	 3.270895	-0.646819	-80.132670	 4.064553	 3.207752	 11.692990	-0.274710	 3.148215	 9.412564	 2.913589	 4.302936	-70.826550	 37.660690	 19.894780	 14.466060	-6.822121	 19.211520	 10.843110	-5.653565	 19.246850	-70.947070	 18.754380	 10.545800	 20.968490	-3.898658	 9.395153	 9.482653	-0.472907	 9.963388	-72.691350	-57.192860	-11.438550	 6.491380	 9.242164	-0.525111	 0.081958	-19.742940	-0.172870	 3.198247	 2.159952	 18.465840	 89.270280	-76.072880	-22.804610	-99.146740	 178.424000	 8.729998	 102.659100	-0.813313	 0.122417	-8.559153	 0.007579	-38.545450	 2.018832	-89.047370	-33.062130	-37.273340	-18.010320	-27.016360	-19.296260	-14.730530	-9.144950	 76.022000	 2.456318	-1.169706	 80.675140	 1.295027	 1.747609	-17.079060	-88.235540	 0.119457	-34.367260	-0.329532	 3.484141	-171.015300	 0.188712	 7.210938	-12.056590	-99.291730	-34.680580	-7.016494	-6.021856	 19.823110	 67.416630	-4.716576	 19.574120	-20.517600	-77.128110	-52.420270	 19.709860	-3.484296	 9.763653	 74.841640	-1.956071	 12.112190	-9.553795	 77.429950	-2.533981	-8.125447	 36.498650	-0.543483	 0.317072	 4.930592	-0.327934	 3.358043	 0.000000	 90.000000	 0.000000	 164.146800	 18.386430	 171.013600	-173.131900	-0.522713	-22.860180
-0.007966	-0.084641	-0.015437	 161.404200	-2.257339	-89.644280	-15.236800	-1.350395	 6.034223	-13.494410	-1.133821	 5.447534	-0.034712	-0.116800	 109.888600	-0.813313	 0.122417	-8.559153	-24.059510	-18.045950	 22.049760	-35.344880	 24.105060	 0.273067	-6.609550	 28.329610	-55.274200	-5.462375	-1.991870	 10.256920	 2.503307	-1.126933	 4.530149	 3.270824	-0.646323	-80.122990	 4.051807	 3.202185	 11.693210	-0.274707	 3.148216	 9.413733	 2.913131	 4.304820	-70.799220	 37.634710	 19.885190	 14.490660	-6.822121	 19.211520	 10.843110	-5.652848	 19.246790	-70.911920	 18.751250	 10.544240	 20.984340	-3.898658	 9.395153	 9.482653	-0.472931	 9.963921	-72.679060	-57.203400	-11.439630	 6.501266	 9.256069	-0.525144	 0.082075	-19.726880	-0.172985	 3.198328	 2.178588	 17.970810	 89.267110	-76.813120	-22.421700	-99.842000	 178.440000	 8.712711	 102.524200	-0.813313	 0.122417	-8.559153	-0.025765	-38.853590	 1.897865	-89.694590	-32.946500	-37.647680	-18.376980	-26.951400	-20.706910	-14.721940	-9.125740	 75.943450	 2.456318	-1.169705	 80.673770	 1.299261	 1.746153	-17.165550	-86.836630	 1.127826	-35.409790	-0.318886	 3.485492	-174.622400	 0.188712	 7.210938	-12.056590	-97.998230	-34.011430	-6.588104	-6.021856	 19.823110	 67.416630	-4.716576	 19.574120	-20.517600	-75.896030	-52.377900	 20.678010	-3.484296	 9.763653	 74.841640	-1.956071	 12.112190	-9.553795	 76.589670	-2.536583	-8.043794	 36.498650	-0.543483	 0.317072	-0.358103	-0.300827	 3.318375	 0.000000	 90.000000	 0.000000	 164.261600	 18.154970	 170.183800	-173.133500	-1.282403	-22.797670
-0.007513	-0.086864	-0.014867	 162.716200	-2.009146	-89.750750	-15.378500	-1.570397	 5.852403	-13.591310	-1.733192	 5.326797	-0.030283	-0.134423	 109.890500	-0.813313	 0.122417	-8.559153	-24.536410	-18.459670	 21.628590	-34.017680	 24.052720	 0.221490	-7.441099	 28.632970	-54.863090	-5.462393	-1.991797	 10.258160	 2.503307	-1.126933	 4.530149	 3.270771	-0.645941	-80.115560	 4.042013	 3.197906	 11.693330	-0.274704	 3.148217	 9.414689	 2.912778	 4.306269	-70.778200	 37.614830	 19.877800	 14.511470	-6.822121	 19.211520	 10.843110	-5.652296	 19.246740	-70.884910	 18.747000	 10.542110	 20.996880	-3.898658	 9.395153	 9.482653	-0.472950	 9.964331	-72.669640	-57.211850	-11.440530	 6.508800	 9.265121	-0.525173	 0.082150	-19.714570	-0.173088	 3.198391	 2.195154	 17.508490	 89.265440	-77.537720	-22.029100	-100.700600	 178.448200	 8.719022	 102.426100	-0.813313	 0.122417	-8.559153	 0.032990	-39.099290	 1.898134	-90.402040	-32.763640	-37.977480	-18.647210	-26.925950	-21.837820	-14.714410	-9.108987	 75.874980	 2.456318	-1.169704	 80.672570	 1.302949	 1.744879	-17.240890	-85.591620	 2.008338	-36.363570	-0.309505	 3.486123	-177.782000	 0.188712	 7.210938	-12.056590	-96.874310	-33.387810	-6.240001	-6.021856	 19.823110	 67.416630	-4.716576	 19.574120	-20.517600	-74.819550	-52.330390	 21.523360	-3.484296	 9.763653	 74.841640	-1.956071	 12.112190	-9.553795	 75.854320	-2.534782	-7.970527	 36.498650	-0.543483	 0.317072	-4.990422	-0.274168	 3.285814	 0.000000	 90.000000	 0.000000	 164.343300	 17.940300	 169.600300	-173.123800	-1.860483	-22.724720
-0.007186	-0.088758	-0.014300	 163.823600	-1.816547	-89.852330	-15.558140	-1.764324	 5.660631	-13.701900	-2.260873	 5.199607	-0.024129	-0.158855	 109.892300	-0.813313	 0.122417	-8.559153	-25.006280	-18.867100	 21.243070	-33.263390	 24.003440	 0.176966	-7.942387	 28.812970	-54.591720	-5.462409	-1.991727	 10.259360	 2.503307	-1.126933	 4.530149	 3.270723	-0.645597	-80.108860	 4.033105	 3.194014	 11.693450	-0.274701	 3.148217	 9.415622	 2.912457	 4.307583	-70.759120	 37.596780	 19.871070	 14.532190	-6.822121	 19.211520	 10.843110	-5.651797	 19.246710	-70.860380	 18.741420	 10.539290	 21.008610	-3.898658	 9.395153	 9.482653	-0.472967	 9.964703	-72.661100	-57.219860	-11.441390	 6.515555	 9.271744	-0.525192	 0.082204	-19.703430	-0.173165	 3.198447	 2.212311	 17.009480	 89.265160	-78.333210	-21.578700	-101.784800	 178.454300	 8.730208	 102.340700	-0.813313	 0.122417	-8.559153	 0.171046	-39.334630	 1.978937	-91.228870	-32.501780	-38.316590	-18.913530	-26.910560	-22.922470	-14.706680	-9.091827	 75.804800	 2.456319	-1.169702	 80.671350	 1.306729	 1.743568	-17.318160	-84.288520	 2.911650	-37.387020	-0.299819	 3.486233	 178.962300	 0.188712	 7.210938	-12.056590	-95.725500	-32.708630	-5.909021	-6.021856	 19.823110	 67.416630	-4.716576	 19.574120	-20.517600	-73.713490	-52.271340	 22.391290	-3.484296	 9.763653	 74.841640	-1.956071	 12.112190	-9.553795	 75.097310	-2.529011	-7.893253	 36.498650	-0.543483	 0.317072	-9.764272	-0.244040	 3.254623	 0.000000	 90.000000	 0.000000	 164.409000	 17.691880	 169.220400	-173.093700	-2.320908	-22.614110
-0.006792	-0.090713	-0.013672	 165.040700	-1.673167	-89.962880	-15.792470	-1.949420	 5.435216	-13.838330	-2.775782	 5.034587	-0.014371	-0.197529	 109.894200	-0.813313	 0.122417	-8.559153	-25.525190	-19.313740	 20.858920	-32.772610	 23.914680	 0.134792	-8.220533	 28.874910	-54.423900	-5.462429	-1.991649	 10.260710	 2.503307	-1.126933	 4.530149	 3.270674	-0.645252	-80.102130	 4.024178	 3.190113	 11.693530	-0.274698	 3.148218	 9.416633	 2.912135	 4.308901	-70.740010	 37.578800	 19.864330	 14.555240	-6.822121	 19.211520	 10.843110	-5.651297	 19.246670	-70.835790	 18.733620	 10.535330	 21.020780	-3.898658	 9.395153	 9.482653	-0.472984	 9.965071	-72.652580	-57.228280	-11.442340	 6.522272	 9.276348	-0.525206	 0.082242	-19.692290	-0.173245	 3.198502	 2.232008	 16.411270	 89.267030	-79.221240	-20.967400	-102.944700	 178.462500	 8.728913	 102.256900	-0.813313	 0.122417	-8.559153	 0.375618	-39.563860	 2.146065	-92.236740	-32.119430	-38.650880	-19.213570	-26.851350	-24.294730	-14.697760	-9.072107	 75.724180	 2.456319	-1.169701	 80.669950	 1.311068	 1.742055	-17.406910	-82.757250	 3.947743	-38.621260	-0.288646	 3.485677	 175.202300	 0.188712	 7.210938	-12.056590	-94.410920	-31.878260	-5.563184	-6.021856	 19.823110	 67.416630	-4.716576	 19.574120	-20.517600	-72.440850	-52.190490	 23.388980	-3.484296	 9.763653	 74.841640	-1.956071	 12.112190	-9.553795	 74.223880	-2.517519	-7.801689	 36.498650	-0.543483	 0.317072	-15.276800	-0.206161	 3.221869	 0.000000	 90.000000	 0.000000	 164.504300	 17.426130	 168.798900	-173.079600	-2.811619	-22.445240
-0.006608	-0.092115	-0.013191	 165.968700	-1.609432	-90.057800	-16.008810	-2.082497	 5.234978	-13.958950	-3.192949	 4.876502	-0.003145	-0.241976	 109.895800	-0.813313	 0.122417	-8.559153	-25.971020	-19.679450	 20.553410	-32.156210	 23.768550	 0.108841	-8.334379	 28.815570	-54.430740	-5.462443	-1.991584	 10.261820	 2.503307	-1.126933	 4.530149	 3.270637	-0.644991	-80.097050	 4.017391	 3.187144	 11.693550	-0.274696	 3.148218	 9.417468	 2.911890	 4.309903	-70.725480	 37.565210	 19.859190	 14.574730	-6.822121	 19.211520	 10.843110	-5.650917	 19.246640	-70.817120	 18.725720	 10.531320	 21.030400	-3.898658	 9.395153	 9.482653	-0.472996	 9.965350	-72.646150	-57.235010	-11.443110	 6.527315	 9.278043	-0.525210	 0.082256	-19.683880	-0.173310	 3.198547	 2.249097	 15.871650	 89.271030	-79.926860	-20.354990	-103.704600	 178.471900	 8.710996	 102.192200	-0.813313	 0.122417	-8.559153	 0.530215	-39.713370	 2.337114	-93.108250	-31.727050	-38.838190	-19.446810	-26.757510	-25.563590	-14.689930	-9.054866	 75.653720	 2.456319	-1.169700	 80.668740	 1.314860	 1.740727	-17.484510	-81.387270	 4.850129	-39.753090	-0.278874	 3.484584	 171.897800	 0.188712	 7.210938	-12.056590	-93.266490	-31.107790	-5.292679	-6.021856	 19.823110	 67.416630	-4.716576	 19.574120	-20.517600	-71.327090	-52.108310	 24.261100	-3.484296	 9.763653	 74.841640	-1.956071	 12.112190	-9.553795	 73.456950	-2.503222	-7.719074	 36.498650	-0.543483	 0.317072	-20.121590	-0.170407	 3.196205	 0.000000	 90.000000	 0.000000	 164.584300	 17.229620	 168.483600	-173.070300	-3.142353	-22.277910
-0.006506	-0.093382	-0.012754	 166.799600	-1.578893	-90.162190	-16.220920	-2.191217	 5.035938	-14.081110	-3.519597	 4.710763	 0.010059	-0.294227	 109.897200	-0.813313	 0.122417	-8.559153	-26.409380	-20.011350	 20.275950	-31.209720	 23.569730	 0.097412	-8.444409	 28.704490	-54.598210	-5.462459	-1.991524	 10.262870	 2.503307	-1.126933	 4.530149	 3.270605	-0.644767	-80.092670	 4.011549	 3.184589	 11.693570	-0.274694	 3.148218	 9.418242	 2.911679	 4.310765	-70.712960	 37.553550	 19.854760	 14.593360	-6.822121	 19.211520	 10.843110	-5.650589	 19.246610	-70.801000	 18.717060	 10.526900	 21.039050	-3.898658	 9.395153	 9.482653	-0.473009	 9.965590	-72.640590	-57.241110	-11.443820	 6.531601	 9.277838	-0.525207	 0.082255	-19.676640	-0.173367	 3.198583	 2.265672	 15.329530	 89.277440	-80.535380	-19.740550	-104.297600	 178.481300	 8.690277	 102.133500	-0.813313	 0.122417	-8.559153	 0.660784	-39.848010	 2.549710	-93.938800	-31.295450	-38.963830	-19.646970	-26.619340	-26.844030	-14.682200	-9.037891	 75.584270	 2.456320	-1.169699	 80.667510	 1.318594	 1.739414	-17.560950	-80.008130	 5.734040	-40.917670	-0.269280	 3.482951	 168.626600	 0.188712	 7.210938	-12.056590	-92.143810	-30.307760	-5.056775	-6.021856	 19.823110	 67.416630	-4.716576	 19.574120	-20.517600	-70.229480	-52.016800	 25.119520	-3.484296	 9.763653	 74.841640	-1.956071	 12.112190	-9.553795	 72.698420	-2.485278	-7.635247	 36.498650	-0.543483	 0.317072	-24.917440	-0.132996	 3.173868	 0.000000	 90.000000	 0.000000	 164.658300	 17.056350	 168.158800	-173.079500	-3.443383	-22.111550
-0.006419	-0.094866	-0.012221	 167.781300	-1.556248	-90.297970	-16.461760	-2.298351	 4.793672	-14.232060	-3.772888	 4.499933	 0.028618	-0.367633	 109.898700	-0.813313	 0.122417	-8.559153	-27.056760	-20.473520	 19.952130	-29.795430	 23.324520	 0.098266	-8.767035	 28.628370	-54.840450	-5.462476	-1.991453	 10.264080	 2.503307	-1.126933	 4.530149	 3.270572	-0.644533	-80.088130	 4.005419	 3.181907	 11.693560	-0.274691	 3.148219	 9.419121	 2.911458	 4.311666	-70.699890	 37.541420	 19.850110	 14.615180	-6.822121	 19.211520	 10.843110	-5.650246	 19.246590	-70.784160	 18.705540	 10.521030	 21.048590	-3.898658	 9.395153	 9.482653	-0.473020	 9.965843	-72.634820	-57.247830	-11.444630	 6.536020	 9.275394	-0.525199	 0.082235	-19.669160	-0.173428	 3.198618	 2.285610	 14.664170	 89.288080	-81.097690	-18.864370	-104.906000	 178.493100	 8.660924	 102.064800	-0.813313	 0.122417	-8.559153	 0.793138	-40.040620	 2.818456	-94.846810	-30.681510	-39.072120	-19.838970	-26.334360	-28.377500	-14.672780	-9.017301	 75.500050	 2.456320	-1.169698	 80.666060	 1.323120	 1.737815	-17.653650	-78.294920	 6.796364	-42.397800	-0.257734	 3.480225	 164.638800	 0.188712	 7.210938	-12.056590	-90.788830	-29.282120	-4.813603	-6.021856	 19.823110	 67.416630	-4.716576	 19.574120	-20.517600	-68.898500	-51.891690	 26.158890	-3.484296	 9.763653	 74.841640	-1.956071	 12.112190	-9.553795	 71.774370	-2.458453	-7.530195	 36.498650	-0.543483	 0.317072	-30.764000	-0.085076	 3.150980	 0.000000	 90.000000	 0.000000	 164.748800	 16.827510	 167.805300	-173.086500	-3.712009	-21.926800
-0.006633	-0.096049	-0.011825	 168.497100	-1.529475	-90.415150	-16.639490	-2.372179	 4.588376	-14.349230	-3.992986	 4.315596	 0.046314	-0.437601	 109.899900	-0.813313	 0.122417	-8.559153	-27.787840	-20.983410	 19.671410	-28.522170	 23.171350	 0.107714	-9.222555	 28.672320	-54.996560	-5.462489	-1.991397	 10.265060	 2.503307	-1.126933	 4.530149	 3.270548	-0.644363	-80.084800	 4.000926	 3.179940	 11.693540	-0.274689	 3.148219	 9.419807	 2.911297	 4.312324	-70.690350	 37.532640	 19.846710	 14.633050	-6.822121	 19.211520	 10.843110	-5.649994	 19.246570	-70.771850	 18.695000	 10.515650	 21.055950	-3.898658	 9.395153	 9.482653	-0.473029	 9.966022	-72.630650	-57.253030	-11.445260	 6.539197	 9.271735	-0.525192	 0.082204	-19.663720	-0.173471	 3.198646	 2.302679	 14.097280	 89.298390	-81.477590	-18.009710	-105.413700	 178.504000	 8.632140	 102.004800	-0.813313	 0.122417	-8.559153	 0.871437	-40.218660	 3.030218	-95.473200	-30.074280	-39.106220	-19.953030	-25.960580	-29.619400	-14.664770	-8.999825	 75.428520	 2.456320	-1.169697	 80.664800	 1.326963	 1.736450	-17.732400	-76.803510	 7.687876	-43.715050	-0.248045	 3.477269	 161.233700	 0.188712	 7.210938	-12.056590	-89.643480	-28.362710	-4.645710	-6.021856	 19.823110	 67.416630	-4.716576	 19.574120	-20.517600	-67.768800	-51.773220	 27.039550	-3.484296	 9.763653	 74.841640	-1.956071	 12.112190	-9.553795	 70.985960	-2.431308	-7.437926	 36.498650	-0.543483	 0.317072	-35.756340	-0.042486	 3.135391	 0.000000	 90.000000	 0.000000	 164.872500	 16.611570	 167.530300	-173.095800	-3.908893	-21.802450
-0.007187	-0.097105	-0.011513	 169.103400	-1.506178	-90.526600	-16.784580	-2.432029	 4.385225	-14.458190	-4.152189	 4.129743	 0.065465	-0.513302	 109.900900	-0.813313	 0.122417	-8.559153	-28.547990	-21.495570	 19.400830	-27.330070	 23.090480	 0.122520	-9.723658	 28.788080	-55.096200	-5.462503	-1.991342	 10.266000	 2.503307	-1.126933	 4.530149	 3.270527	-0.644216	-80.081950	 3.997013	 3.178227	 11.693520	-0.274687	 3.148219	 9.420436	 2.911157	 4.312894	-70.682060	 37.525070	 19.843760	 14.650260	-6.822121	 19.211520	 10.843110	-5.649776	 19.246550	-70.761150	 18.683910	 10.509980	 21.062750	-3.898658	 9.395153	 9.482653	-0.473036	 9.966180	-72.627050	-57.257750	-11.445850	 6.541900	 9.266873	-0.525181	 0.082164	-19.659050	-0.173505	 3.198669	 2.319761	 13.535320	 89.309700	-81.800500	-17.124820	-105.826800	 178.516000	 8.599699	 101.940400	-0.813313	 0.122417	-8.559153	 0.895606	-40.361890	 3.195930	-95.969190	-29.461780	-39.061280	-20.034820	-25.530140	-30.796770	-14.656740	-8.982405	 75.357250	 2.456320	-1.169696	 80.663560	 1.330791	 1.735085	-17.810880	-75.283250	 8.563870	-45.083970	-0.238536	 3.473737	 157.823700	 0.188712	 7.210938	-12.056590	-88.507010	-27.401870	-4.515371	-6.021856	 19.823110	 67.416630	-4.716576	 19.574120	-20.517600	-66.644230	-51.643960	 27.914660	-3.484296	 9.763653	 74.841640	-1.956071	 12.112190	-9.553795	 70.197020	-2.400321	-7.343082	 36.498650	-0.543483	 0.317072	-40.755900	 0.001363	 3.123548	 0.000000	 90.000000	 0.000000	 165.033700	 16.412170	 167.273700	-173.079700	-4.001798	-21.732460
-0.008037	-0.098155	-0.011266	 169.701700	-1.514338	-90.646440	-16.918100	-2.485793	 4.153982	-14.574810	-4.273075	 3.916035	 0.089151	-0.606908	 109.902000	-0.813313	 0.122417	-8.559153	-29.292270	-21.964470	 19.126060	-26.223670	 23.045570	 0.145590	-10.212260	 28.910840	-55.140750	-5.462517	-1.991284	 10.267000	 2.503307	-1.126933	 4.530149	 3.270507	-0.644069	-80.079070	 3.993080	 3.176505	 11.693470	-0.274685	 3.148220	 9.421134	 2.911017	 4.313467	-70.673760	 37.517550	 19.840780	 14.669380	-6.822121	 19.211520	 10.843110	-5.649557	 19.246540	-70.750400	 18.670540	 10.503150	 21.070000	-3.898658	 9.395153	 9.482653	-0.473044	 9.966334	-72.623470	-57.262680	-11.446480	 6.544593	 9.260038	-0.525155	 0.082109	-19.654410	-0.173540	 3.198695	 2.339582	 12.896790	 89.323910	-82.077860	-15.762220	-106.062900	 178.531500	 8.557389	 101.856500	-0.813313	 0.122417	-8.559153	 0.850512	-40.501040	 3.305914	-96.404690	-28.836580	-38.967950	-20.105920	-25.039540	-32.075310	-14.647460	-8.962320	 75.275060	 2.456320	-1.169695	 80.662120	 1.335199	 1.733506	-17.901310	-73.487490	 9.554848	-46.733080	-0.227803	 3.468947	 153.872300	 0.188712	 7.210938	-12.056590	-87.202580	-26.238100	-4.412982	-6.021856	 19.823110	 67.416630	-4.716576	 19.574120	-20.517600	-65.350260	-51.481040	 28.919500	-3.484296	 9.763653	 74.841640	-1.956071	 12.112190	-9.553795	 69.283390	-2.359761	-7.230014	 36.498650	-0.543483	 0.317072	-46.549300	 0.053235	 3.114672	 0.000000	 90.000000	 0.000000	 165.252500	 16.191390	 166.994800	-173.045500	-4.067326	-21.729750
-0.009017	-0.098947	-0.011156	 170.104700	-1.527372	-90.762600	-17.011640	-2.521170	 3.953749	-14.674680	-4.335100	 3.731047	 0.111212	-0.694076	 109.902900	-0.813313	 0.122417	-8.559153	-29.697720	-22.191670	 19.010340	-25.804550	 23.043830	 0.171899	-10.431800	 28.947250	-55.091850	-5.462528	-1.991234	 10.267850	 2.503307	-1.126933	 4.530149	 3.270490	-0.643955	-80.076850	 3.990015	 3.175163	 11.693460	-0.274684	 3.148220	 9.421695	 2.910907	 4.313910	-70.667320	 37.511780	 19.838480	 14.685550	-6.822121	 19.211520	 10.843110	-5.649386	 19.246520	-70.742080	 18.658350	 10.496910	 21.075980	-3.898658	 9.395153	 9.482653	-0.473047	 9.966455	-72.620740	-57.266650	-11.446990	 6.546642	 9.253214	-0.525144	 0.082050	-19.650860	-0.173567	 3.198709	 2.357112	 12.347100	 89.337320	-82.333040	-14.479860	-106.151000	 178.546700	 8.515258	 101.774800	-0.813313	 0.122417	-8.559153	 0.751677	-40.613640	 3.335685	-96.718470	-28.392290	-38.883190	-20.025110	-24.704190	-33.066690	-14.639240	-8.944619	 75.202660	 2.456320	-1.169693	 80.660850	 1.339085	 1.732107	-17.981060	-71.865690	 10.408440	-48.250950	-0.218591	 3.464095	 150.371400	 0.188712	 7.210938	-12.056590	-86.057540	-25.162170	-4.367029	-6.021856	 19.823110	 67.416630	-4.716576	 19.574120	-20.517600	-64.212490	-51.325070	 29.801000	-3.484296	 9.763653	 74.841640	-1.956071	 12.112190	-9.553795	 68.474510	-2.319770	-7.126931	 36.498650	-0.543483	 0.317072	-51.682100	 0.099738	 3.111211	 0.000000	 90.000000	 0.000000	 165.462000	 15.995510	 166.760100	-173.003000	-4.122183	-21.771270
-0.010265	-0.099544	-0.011120	 170.446700	-1.540613	-90.917010	-17.087200	-2.546503	 3.759728	-14.770380	-4.365293	 3.553621	 0.133920	-0.783789	 109.903600	-0.813313	 0.122417	-8.559153	-29.877720	-22.274570	 19.076720	-25.814640	 23.069470	 0.202660	-10.513470	 28.931080	-54.916370	-5.462540	-1.991188	 10.268650	 2.503307	-1.126933	 4.530149	 3.270476	-0.643854	-80.074890	 3.987259	 3.173957	 11.693450	-0.274682	 3.148220	 9.422209	 2.910810	 4.314305	-70.661600	 37.506680	 19.836430	 14.700980	-6.822121	 19.211520	 10.843110	-5.649235	 19.246510	-70.734610	 18.646020	 10.490600	 21.081580	-3.898658	 9.395153	 9.482653	-0.473054	 9.966558	-72.618310	-57.270230	-11.447450	 6.548476	 9.245932	-0.525118	 0.081990	-19.647730	-0.173592	 3.198728	 2.374472	 11.819530	 89.351420	-82.617860	-13.351120	-106.202100	 178.562700	 8.469131	 101.691000	-0.813313	 0.122417	-8.559153	 0.617479	-40.725200	 3.335681	-97.027920	-28.008230	-38.801510	-19.799360	-24.493750	-33.797900	-14.631090	-8.927111	 75.130960	 2.456321	-1.169692	 80.659590	 1.342928	 1.730718	-18.059970	-70.223790	 11.231980	-49.813720	-0.209740	 3.458722	 146.889700	 0.188712	 7.210938	-12.056590	-84.927800	-24.050190	-4.364163	-6.021856	 19.823110	 67.416630	-4.716576	 19.574120	-20.517600	-63.089360	-51.159290	 30.669150	-3.484296	 9.763653	 74.841640	-1.956071	 12.112190	-9.553795	 67.670440	-2.276321	-7.021629	 36.498650	-0.543483	 0.317072	-56.787000	 0.146105	 3.111914	 0.000000	 90.000000	 0.000000	 165.673200	 15.792040	 166.534300	-172.919700	-4.166319	-21.827760
-0.012112	-0.099857	-0.011124	 170.848900	-1.581279	-91.126240	-17.159770	-2.564464	 3.537740	-14.876480	-4.372879	 3.354056	 0.160855	-0.890185	 109.904400	-0.813313	 0.122417	-8.559153	-29.898460	-22.249970	 19.294240	-25.960670	 23.121620	 0.240429	-10.558080	 28.894290	-54.582310	-5.462553	-1.991139	 10.269500	 2.503307	-1.126933	 4.530149	 3.270461	-0.643747	-80.072800	 3.984347	 3.172683	 11.693440	-0.274681	 3.148220	 9.422730	 2.910707	 4.314723	-70.655520	 37.501300	 19.834260	 14.717990	-6.822121	 19.211520	 10.843110	-5.649073	 19.246500	-70.726670	 18.631630	 10.483230	 21.087830	-3.898658	 9.395153	 9.482653	-0.473059	 9.966667	-72.615780	-57.273950	-11.447920	 6.550432	 9.237188	-0.525093	 0.081918	-19.644440	-0.173619	 3.198742	 2.394440	 11.238080	 89.368450	-82.928540	-12.315400	-106.423300	 178.582200	 8.411414	 101.591300	-0.813313	 0.122417	-8.559153	 0.428670	-40.866020	 3.307218	-97.451450	-27.573920	-38.710590	-19.520170	-24.340690	-34.447010	-14.621670	-8.906963	 75.048480	 2.456321	-1.169691	 80.658150	 1.347347	 1.729113	-18.150770	-68.288620	 12.149550	-51.687600	-0.199931	 3.451850	 142.862000	 0.188712	 7.210938	-12.056590	-83.631220	-22.711900	-4.415563	-6.021856	 19.823110	 67.416630	-4.716576	 19.574120	-20.517600	-61.801150	-50.954430	 31.662200	-3.484296	 9.763653	 74.841640	-1.956071	 12.112190	-9.553795	 66.740810	-2.221598	-6.896247	 36.498650	-0.543483	 0.317072	-62.692260	 0.199415	 3.117866	 0.000000	 90.000000	 0.000000	 166.049900	 15.469280	 166.264800	-172.758000	-4.225033	-21.882500
-0.013972	-0.099917	-0.011151	 171.206200	-1.633188	-91.315330	-17.216850	-2.570470	 3.336959	-14.966730	-4.364626	 3.175625	 0.185074	-0.985838	 109.904900	-0.813313	 0.122417	-8.559153	-29.827530	-22.168500	 19.537680	-26.365870	 23.181740	 0.276481	-10.511860	 28.836440	-54.258900	-5.462563	-1.991097	 10.270220	 2.503307	-1.126933	 4.530149	 3.270448	-0.643656	-80.071020	 3.981861	 3.171596	 11.693470	-0.274679	 3.148221	 9.423162	 2.910621	 4.315074	-70.650420	 37.496820	 19.832440	 14.732330	-6.822121	 19.211520	 10.843110	-5.648937	 19.246490	-70.719980	 18.618880	 10.476700	 21.093210	-3.898658	 9.395153	 9.482653	-0.473063	 9.966761	-72.613680	-57.276960	-11.448300	 6.552097	 9.229421	-0.525074	 0.081854	-19.641690	-0.173634	 3.198755	 2.412103	 10.767320	 89.384060	-83.186740	-11.561340	-106.766500	 178.600200	 8.357143	 101.500500	-0.813313	 0.122417	-8.559153	 0.240810	-41.011980	 3.263538	-97.861400	-27.207240	-38.649070	-19.166280	-24.267560	-35.008740	-14.613330	-8.889203	 74.975790	 2.456321	-1.169690	 80.656870	 1.351241	 1.727692	-18.230820	-66.542850	 12.927680	-53.406300	-0.191665	 3.445202	 139.294300	 0.188712	 7.210938	-12.056590	-82.490580	-21.479910	-4.511350	-6.021856	 19.823110	 67.416630	-4.716576	 19.574120	-20.517600	-60.670520	-50.761480	 32.531250	-3.484296	 9.763653	 74.841640	-1.956071	 12.112190	-9.553795	 65.917820	-2.169254	-6.781917	 36.498650	-0.543483	 0.317072	-67.923200	 0.245907	 3.127698	 0.000000	 90.000000	 0.000000	 166.474900	 15.094650	 166.016700	-172.584100	-4.266783	-21.898350
-0.015653	-0.099982	-0.011287	 171.502000	-1.694028	-91.486950	-17.272760	-2.568365	 3.131547	-15.053940	-4.351700	 2.994700	 0.209537	-1.082443	 109.905400	-0.813313	 0.122417	-8.559153	-29.743430	-22.074490	 19.761190	-26.863170	 23.247530	 0.312855	-10.443170	 28.779190	-53.945560	-5.462572	-1.991059	 10.270880	 2.503307	-1.126933	 4.530149	 3.270435	-0.643565	-80.069250	 3.979412	 3.170528	 11.693530	-0.274678	 3.148221	 9.423539	 2.910534	 4.315422	-70.645370	 37.492350	 19.830630	 14.746070	-6.822121	 19.211520	 10.843110	-5.648799	 19.246480	-70.713340	 18.606150	 10.470180	 21.098580	-3.898658	 9.395153	 9.482653	-0.473069	 9.966847	-72.611600	-57.279700	-11.448640	 6.553790	 9.221789	-0.525056	 0.081790	-19.638980	-0.173655	 3.198770	 2.429850	 10.346620	 89.400150	-83.390990	-10.847070	-106.911100	 178.618800	 8.300372	 101.406900	-0.813313	 0.122417	-8.559153	 0.035066	-41.168740	 3.205131	-98.211270	-26.917380	-38.611950	-18.781970	-24.242960	-35.494570	-14.604970	-8.871443	 74.903050	 2.456321	-1.169688	 80.655580	 1.355132	 1.726266	-18.310860	-64.758480	 13.674160	-55.189350	-0.183790	 3.438014	 135.707900	 0.188712	 7.210938	-12.056590	-81.350270	-20.197650	-4.656486	-6.021856	 19.823110	 67.416630	-4.716576	 19.574120	-20.517600	-59.544180	-50.556800	 33.394460	-3.484296	 9.763653	 74.841640	-1.956071	 12.112190	-9.553795	 65.090740	-2.113087	-6.663819	 36.498650	-0.543483	 0.317072	-73.181630	 0.291542	 3.141808	 0.000000	 90.000000	 0.000000	 166.721800	 14.751820	 165.733900	-172.410100	-4.295633	-21.910060
-0.017211	-0.100353	-0.011587	 171.807200	-1.766678	-91.627660	-17.342450	-2.557092	 2.888694	-15.151080	-4.342579	 2.782403	 0.237876	-1.194344	 109.905800	-0.813313	 0.122417	-8.559153	-29.716450	-22.005160	 19.909980	-27.334080	 23.321850	 0.351248	-10.411830	 28.744660	-53.640430	-5.462582	-1.991016	 10.271610	 2.503307	-1.126933	 4.530149	 3.270419	-0.643455	-80.067120	 3.976461	 3.169241	 11.693630	-0.274677	 3.148221	 9.423924	 2.910432	 4.315839	-70.639320	 37.486980	 19.828490	 14.761220	-6.822121	 19.211520	 10.843110	-5.648640	 19.246460	-70.705370	 18.591600	 10.462730	 21.104880	-3.898658	 9.395153	 9.482653	-0.473073	 9.966957	-72.609130	-57.282650	-11.448990	 6.555876	 9.213430	-0.525034	 0.081720	-19.635730	-0.173680	 3.198789	 2.450043	 9.898450	 89.419400	-83.558380	-9.976907	-106.732000	 178.640800	 8.232356	 101.295300	-0.813313	 0.122417	-8.559153	-0.228689	-41.330880	 3.119088	-98.547600	-26.660350	-38.559780	-18.380860	-24.240640	-36.003770	-14.595270	-8.850902	 74.818930	 2.456321	-1.169688	 80.654120	 1.359633	 1.724609	-18.403490	-62.647030	 14.493390	-57.331920	-0.175217	 3.429053	 131.535600	 0.188712	 7.210938	-12.056590	-80.029790	-18.650650	-4.888742	-6.021856	 19.823110	 67.416630	-4.716576	 19.574120	-20.517600	-58.247160	-50.305420	 34.385110	-3.484296	 9.763653	 74.841640	-1.956071	 12.112190	-9.553795	 64.129020	-2.043393	-6.522346	 36.498650	-0.543483	 0.317072	-79.299270	 0.342741	 3.163410	 0.000000	 90.000000	 0.000000	 166.837300	 14.413490	 165.293200	-172.246500	-4.310804	-21.988800
-0.018197	-0.100959	-0.011888	 172.068400	-1.822426	-91.687840	-17.411450	-2.541083	 2.677984	-15.230850	-4.349428	 2.599295	 0.261803	-1.288817	 109.906000	-0.813313	 0.122417	-8.559153	-29.830390	-22.031180	 19.878200	-27.488340	 23.376710	 0.376901	-10.488520	 28.766700	-53.465050	-5.462589	-1.990983	 10.272170	 2.503307	-1.126933	 4.530149	 3.270405	-0.643355	-80.065160	 3.973762	 3.168064	 11.693720	-0.274676	 3.148221	 9.424212	 2.910339	 4.316218	-70.633820	 37.482080	 19.826540	 14.773450	-6.822121	 19.211520	 10.843110	-5.648491	 19.246450	-70.698070	 18.579450	 10.456500	 21.110430	-3.898658	 9.395153	 9.482653	-0.473077	 9.967054	-72.606860	-57.284940	-11.449230	 6.557846	 9.206974	-0.525015	 0.081667	-19.632760	-0.173704	 3.198801	 2.466620	 9.529529	 89.436380	-83.670780	-9.149292	-106.463200	 178.660000	 8.173181	 101.197500	-0.813313	 0.122417	-8.559153	-0.468084	-41.456640	 3.035634	-98.792670	-26.487160	-38.509330	-18.044890	-24.260920	-36.387360	-14.586980	-8.833413	 74.747280	 2.456321	-1.169686	 80.652850	 1.363464	 1.723192	-18.482360	-60.810540	 15.149490	-59.223210	-0.168413	 3.420905	 127.964200	 0.188712	 7.210938	-12.056590	-78.902910	-17.279590	-5.143170	-6.021856	 19.823110	 67.416630	-4.716576	 19.574120	-20.517600	-57.148700	-50.079150	 35.221100	-3.484296	 9.763653	 74.841640	-1.956071	 12.112190	-9.553795	 63.306070	-1.980160	-6.397680	 36.498650	-0.543483	 0.317072	-84.535660	 0.384519	 3.186151	 0.000000	 90.000000	 0.000000	 166.858800	 14.167680	 164.858200	-172.146500	-4.312322	-22.085840
-0.019038	-0.101793	-0.012174	 172.358700	-1.864457	-91.722720	-17.494910	-2.519908	 2.462495	-15.308750	-4.378892	 2.412718	 0.285513	-1.382420	 109.906200	-0.813313	 0.122417	-8.559153	-30.091720	-22.155430	 19.693420	-27.400970	 23.417230	 0.393350	-10.677520	 28.836220	-53.344840	-5.462597	-1.990952	 10.272710	 2.503307	-1.126933	 4.530149	 3.270389	-0.643242	-80.062970	 3.970811	 3.166781	 11.693880	-0.274676	 3.148222	 9.424463	 2.910236	 4.316636	-70.627750	 37.476610	 19.824410	 14.785200	-6.822121	 19.211520	 10.843110	-5.648327	 19.246440	-70.690050	 18.567540	 10.450400	 21.116260	-3.898658	 9.395153	 9.482653	-0.473083	 9.967165	-72.604350	-57.287110	-11.449450	 6.560106	 9.201274	-0.525001	 0.081619	-19.629440	-0.173728	 3.198819	 2.482465	 9.151131	 89.454130	-83.790120	-8.261910	-106.238500	 178.679500	 8.113045	 101.096400	-0.813313	 0.122417	-8.559153	-0.716542	-41.576250	 2.947237	-99.016380	-26.336150	-38.454440	-17.612880	-24.323380	-36.693160	-14.578590	-8.815795	 74.675090	 2.456322	-1.169685	 80.651590	 1.367321	 1.721760	-18.561820	-58.925660	 15.768330	-61.190190	-0.162057	 3.412242	 124.348700	 0.188712	 7.210938	-12.056590	-77.763470	-15.847710	-5.454577	-6.021856	 19.823110	 67.416630	-4.716576	 19.574120	-20.517600	-56.047980	-49.839860	 36.055860	-3.484296	 9.763653	 74.841640	-1.956071	 12.112190	-9.553795	 62.473160	-1.912907	-6.268062	 36.498650	-0.543483	 0.317072	-89.836780	 0.424527	 3.212952	 0.000000	 90.000000	 0.000000	 166.871200	 13.952290	 164.398600	-172.060600	-4.318892	-22.185380
-0.020053	-0.102914	-0.012431	 172.760100	-1.904219	-91.768990	-17.634180	-2.490053	 2.206330	-15.397790	-4.444243	 2.191538	 0.312541	-1.489107	 109.905300	-0.813313	 0.122417	-8.559153	-30.552160	-22.407260	 19.311850	-27.035840	 23.439230	 0.399527	-11.026090	 28.957780	-53.200900	-5.462605	-1.990919	 10.273280	 2.503307	-1.126933	 4.530149	 3.270368	-0.643093	-80.060070	 3.966896	 3.165079	 11.694120	-0.274675	 3.148222	 9.424698	 2.910100	 4.317189	-70.619730	 37.469300	 19.821580	 14.798170	-6.822121	 19.211520	 10.843110	-5.648112	 19.246430	-70.679440	 18.554150	 10.443530	 21.123510	-3.898658	 9.395153	 9.482653	-0.473089	 9.967310	-72.601010	-57.289510	-11.449650	 6.563171	 9.195923	-0.524989	 0.081574	-19.625020	-0.173763	 3.198840	 2.499607	 8.675657	 89.475780	-84.007330	-7.315169	-106.397300	 178.702500	 8.042692	 100.974700	-0.813313	 0.122417	-8.559153	-1.008642	-41.712750	 2.844845	-99.275090	-26.172540	-38.389890	-17.026160	-24.438490	-36.976470	-14.568740	-8.795163	 74.590540	 2.456322	-1.169684	 80.650090	 1.371838	 1.720074	-18.654930	-56.675030	 16.434870	-63.571960	-0.155290	 3.401548	 120.089900	 0.188712	 7.210938	-12.056590	-76.420460	-14.104840	-5.893074	-6.021856	 19.823110	 67.416630	-4.716576	 19.574120	-20.517600	-54.766310	-49.545080	 37.023900	-3.484296	 9.763653	 74.841640	-1.956071	 12.112190	-9.553795	 61.492210	-1.829619	-6.110854	 36.498650	-0.543483	 0.317072	-96.081720	 0.468234	 3.249098	 0.000000	 90.000000	 0.000000	 166.980500	 13.625470	 163.875500	-171.980900	-4.353500	-22.273000
-0.021047	-0.103862	-0.012561	 173.086800	-1.948386	-91.804150	-17.802360	-2.461057	 1.983644	-15.473630	-4.516268	 1.999434	 0.334865	-1.577207	 109.902500	-0.813313	 0.122417	-8.559153	-31.055200	-22.694120	 18.866760	-26.538420	 23.434430	 0.395455	-11.421900	 29.078850	-53.009590	-5.462613	-1.990893	 10.273740	 2.503307	-1.126933	 4.530149	 3.270347	-0.642945	-80.057190	 3.963038	 3.163403	 11.694380	-0.274674	 3.148221	 9.424871	 2.909966	 4.317730	-70.611870	 37.462080	 19.818830	 14.808650	-6.822121	 19.211520	 10.843110	-5.647899	 19.246410	-70.669010	 18.543220	 10.437930	 21.130200	-3.898658	 9.395153	 9.482653	-0.473096	 9.967454	-72.597710	-57.291490	-11.449790	 6.566236	 9.192705	-0.524978	 0.081548	-19.620640	-0.173793	 3.198864	 2.513210	 8.256405	 89.494910	-84.195160	-6.532888	-106.398600	 178.722200	 7.983084	 100.867400	-0.813313	 0.122417	-8.559153	-1.253205	-41.831590	 2.763696	-99.521920	-26.034720	-38.340020	-16.488010	-24.570010	-37.181580	-14.560230	-8.777437	 74.517910	 2.456322	-1.169682	 80.648820	 1.375715	 1.718621	-18.734900	-54.708110	 16.952990	-65.682240	-0.150101	 3.391934	 116.412800	 0.188712	 7.210938	-12.056590	-75.257590	-12.551460	-6.336176	-6.021856	 19.823110	 67.416630	-4.716576	 19.574120	-20.517600	-53.672900	-49.279570	 37.846170	-3.484296	 9.763653	 74.841640	-1.956071	 12.112190	-9.553795	 60.645350	-1.754336	-5.971133	 36.498650	-0.543483	 0.317072	-101.473600	 0.502622	 3.283977	 0.000000	 90.000000	 0.000000	 167.157700	 13.259220	 163.487000	-171.929100	-4.414654	-22.296100
-0.022023	-0.104859	-0.012662	 173.350900	-1.993879	-91.798810	-17.992100	-2.429405	 1.760541	-15.549150	-4.599678	 1.806671	 0.356025	-1.660718	 109.898100	-0.813313	 0.122417	-8.559153	-31.630560	-23.024740	 18.339650	-25.914650	 23.403460	 0.384921	-11.891930	 29.194730	-52.698960	-5.462618	-1.990869	 10.274150	 2.503307	-1.126933	 4.530149	 3.270323	-0.642777	-80.053920	 3.958719	 3.161526	 11.694690	-0.274674	 3.148221	 9.424985	 2.909814	 4.318346	-70.602940	 37.453800	 19.815700	 14.818440	-6.822121	 19.211520	 10.843110	-5.647657	 19.246390	-70.657200	 18.532980	 10.432680	 21.137370	-3.898658	 9.395153	 9.482653	-0.473104	 9.967616	-72.593940	-57.293420	-11.449890	 6.569777	 9.190995	-0.524971	 0.081534	-19.615640	-0.173830	 3.198891	 2.525923	 7.872863	 89.514190	-84.340550	-5.787608	-106.195500	 178.741600	 7.925223	 100.758300	-0.813313	 0.122417	-8.559153	-1.483830	-41.955590	 2.694700	-99.806410	-25.883350	-38.297130	-15.952200	-24.716470	-37.371140	-14.551770	-8.759836	 74.445750	 2.456322	-1.169682	 80.647540	 1.379564	 1.717172	-18.814320	-52.725310	 17.414590	-67.836280	-0.145547	 3.382020	 112.740600	 0.188712	 7.210938	-12.056590	-74.090740	-10.956080	-6.840306	-6.021856	 19.823110	 67.416630	-4.716576	 19.574120	-20.517600	-52.593590	-49.004530	 38.654460	-3.484296	 9.763653	 74.841640	-1.956071	 12.112190	-9.553795	 59.799770	-1.676149	-5.827849	 36.498650	-0.543483	 0.317072	-106.858200	 0.533538	 3.321880	 0.000000	 90.000000	 0.000000	 167.315500	 13.040510	 163.170800	-171.886700	-4.491531	-22.358410
-0.022985	-0.106091	-0.012838	 173.675600	-2.036732	-91.763630	-18.216380	-2.388851	 1.495143	-15.639630	-4.710409	 1.576480	 0.378776	-1.750529	 109.890900	-0.813313	 0.122417	-8.559153	-32.377820	-23.450630	 17.637080	-25.060340	 23.331090	 0.366782	-12.511450	 29.322460	-52.296640	-5.462624	-1.990843	 10.274590	 2.503307	-1.126933	 4.530149	 3.270290	-0.642547	-80.049420	 3.952798	 3.158956	 11.695130	-0.274674	 3.148221	 9.425104	 2.909606	 4.319187	-70.590720	 37.442440	 19.811440	 14.829220	-6.822121	 19.211520	 10.843110	-5.647327	 19.246370	-70.641100	 18.521840	 10.426960	 21.146630	-3.898658	 9.395153	 9.482653	-0.473114	 9.967842	-72.588750	-57.295660	-11.449970	 6.574688	 9.191174	-0.524971	 0.081535	-19.608730	-0.173883	 3.198924	 2.539701	 7.453548	 89.537310	-84.492500	-4.973696	-106.029900	 178.762600	 7.859114	 100.645900	-0.813313	 0.122417	-8.559153	-1.739656	-42.089920	 2.630695	-100.140900	-25.718640	-38.244320	-15.466650	-24.858720	-37.651610	-14.541720	-8.739022	 74.360440	 2.456323	-1.169680	 80.646050	 1.384114	 1.715451	-18.908250	-50.348350	 17.887650	-70.453600	-0.140973	 3.369886	 108.375500	 0.188712	 7.210938	-12.056590	-72.692750	-9.002848	-7.522953	-6.021856	 19.823110	 67.416630	-4.716576	 19.574120	-20.517600	-51.327000	-48.664990	 39.598400	-3.484296	 9.763653	 74.841640	-1.956071	 12.112190	-9.553795	 58.794610	-1.579480	-5.652569	 36.498650	-0.543483	 0.317072	-113.259300	 0.565468	 3.370469	 0.000000	 90.000000	 0.000000	 167.370500	 12.919510	 162.872000	-171.838700	-4.582217	-22.513010
-0.023775	-0.107152	-0.013009	 173.919700	-2.052478	-91.720920	-18.382330	-2.352323	 1.268447	-15.718470	-4.812312	 1.378672	 0.395398	-1.816165	 109.883200	-0.813313	 0.122417	-8.559153	-33.044680	-23.823730	 16.997400	-24.275700	 23.246150	 0.348480	-13.054260	 29.438710	-52.104190	-5.462628	-1.990824	 10.274910	 2.503307	-1.126933	 4.530149	 3.270258	-0.642320	-80.044990	 3.946992	 3.156436	 11.695580	-0.274674	 3.148221	 9.425129	 2.909402	 4.320013	-70.578730	 37.431170	 19.807250	 14.837690	-6.822121	 19.211520	 10.843110	-5.647004	 19.246350	-70.625240	 18.513260	 10.422560	 21.155250	-3.898658	 9.395153	 9.482653	-0.473125	 9.968063	-72.583610	-57.297580	-11.450000	 6.579585	 9.193454	-0.524978	 0.081553	-19.601900	-0.173933	 3.198960	 2.550167	 7.118356	 89.557280	-84.603420	-4.320488	-105.843700	 178.776800	 7.807044	 100.584200	-0.813313	 0.122417	-8.559153	-1.946737	-42.161070	 2.590873	-100.343600	-25.645730	-38.179220	-15.196670	-24.955060	-37.870190	-14.533130	-8.721314	 74.287850	 2.456323	-1.169679	 80.644750	 1.387983	 1.713981	-18.988190	-48.301250	 18.224800	-72.738400	-0.137804	 3.359251	 104.639600	 0.188712	 7.210938	-12.056590	-71.483310	-7.283296	-8.181954	-6.021856	 19.823110	 67.416630	-4.716576	 19.574120	-20.517600	-50.257260	-48.363790	 40.391590	-3.484296	 9.763653	 74.841640	-1.956071	 12.112190	-9.553795	 57.934280	-1.493634	-5.498182	 36.498650	-0.543483	 0.317072	-118.737800	 0.588341	 3.414664	 0.000000	 90.000000	 0.000000	 167.372200	 12.928400	 162.572400	-171.794600	-4.657758	-22.618600
-0.024537	-0.108454	-0.013232	 174.142100	-2.039897	-91.670460	-18.499990	-2.314859	 1.042268	-15.799330	-4.918400	 1.179951	 0.409873	-1.873362	 109.874300	-0.813313	 0.122417	-8.559153	-33.712170	-24.188590	 16.346590	-23.479930	 23.146970	 0.329336	-13.602520	 29.549350	-51.941310	-5.462633	-1.990808	 10.275200	 2.503307	-1.126933	 4.530149	 3.270223	-0.642074	-80.040200	 3.941940	 3.154244	 11.696000	-0.274674	 3.148222	 9.425138	 2.909181	 4.320905	-70.565780	 37.419160	 19.802790	 14.845640	-6.822121	 19.211520	 10.843110	-5.646661	 19.246320	-70.608390	 18.506820	 10.419260	 21.164010	-3.898658	 9.395153	 9.482653	-0.473137	 9.968306	-72.578060	-57.299550	-11.450010	 6.584861	 9.197047	-0.524986	 0.081584	-19.594510	-0.173993	 3.198994	 2.559249	 6.797320	 89.577390	-84.703630	-3.700110	-105.622000	 178.788100	 7.761984	 100.541000	-0.813313	 0.122417	-8.559153	-2.137338	-42.194100	 2.569745	-100.494800	-25.611940	-38.093150	-14.930200	-25.075050	-37.925590	-14.524560	-8.703682	 74.215480	 2.456323	-1.169678	 80.643490	 1.391837	 1.712511	-19.067830	-46.243800	 18.497910	-75.063640	-0.135331	 3.348414	 100.897800	 0.188712	 7.210938	-12.056590	-70.256320	-5.517795	-8.914159	-6.021856	 19.823110	 67.416630	-4.716576	 19.574120	-20.517600	-49.199170	-48.052580	 41.172270	-3.484296	 9.763653	 74.841640	-1.956071	 12.112190	-9.553795	 57.072580	-1.404953	-5.339483	 36.498650	-0.543483	 0.317072	-124.224700	 0.606918	 3.460915	 0.000000	 90.000000	 0.000000	 167.353700	 12.981310	 162.158500	-171.754800	-4.760030	-22.833070
-0.025430	-0.110018	-0.013527	 174.391300	-1.992972	-91.590550	-18.578070	-2.270605	 0.774547	-15.898930	-5.046707	 0.942671	 0.424878	-1.932701	 109.862300	-0.813313	 0.122417	-8.559153	-34.472530	-24.591750	 15.592080	-22.569660	 23.019670	 0.307348	-14.237090	 29.672070	-51.791170	-5.462637	-1.990791	 10.275500	 2.503307	-1.126933	 4.530149	 3.270182	-0.641787	-80.034610	 3.939778	 3.153312	 11.696310	-0.274674	 3.148221	 9.425104	 2.908922	 4.321948	-70.550640	 37.405640	 19.797770	 14.854740	-6.822121	 19.211520	 10.843110	-5.646276	 19.246290	-70.589500	 18.504060	 10.417850	 21.173330	-3.898658	 9.395153	 9.482653	-0.473150	 9.968589	-72.571560	-57.301960	-11.450040	 6.591022	 9.201274	-0.525001	 0.081619	-19.585860	-0.174055	 3.199039	 2.568038	 6.425174	 89.601490	-84.817530	-2.998388	-105.325900	 178.799500	 7.717463	 100.495700	-0.813313	 0.122417	-8.559153	-2.334647	-42.187620	 2.575566	-100.642800	-25.589920	-37.960310	-14.718770	-25.201250	-37.899900	-14.514370	-8.682801	 74.129840	 2.456323	-1.169677	 80.641970	 1.396396	 1.710763	-19.162120	-43.790810	 18.736850	-77.874680	-0.133319	 3.335336	 96.442930	 0.188712	 7.210938	-12.056590	-68.770070	-3.361282	-9.884496	-6.021856	 19.823110	 67.416630	-4.716576	 19.574120	-20.517600	-47.957010	-47.669960	 42.083630	-3.484296	 9.763653	 74.841640	-1.956071	 12.112190	-9.553795	 56.046420	-1.296027	-5.145130	 36.498650	-0.543483	 0.317072	-130.757900	 0.623152	 3.517984	 0.000000	 90.000000	 0.000000	 167.321900	 13.114350	 161.635200	-171.704000	-4.902242	-23.124110
-0.026302	-0.111168	-0.013749	 174.614400	-1.936427	-91.507440	-18.618380	-2.232448	 0.534074	-15.992850	-5.161622	 0.727444	 0.436962	-1.980535	 109.850500	-0.813313	 0.122417	-8.559153	-35.095600	-24.910270	 14.960530	-21.827530	 22.904600	 0.289797	-14.756540	 29.787590	-51.825640	-5.462639	-1.990778	 10.275710	 2.503307	-1.126933	 4.530149	 3.270146	-0.641533	-80.029660	 3.940781	 3.153757	 11.696450	-0.274674	 3.148221	 9.425018	 2.908694	 4.322871	-70.537240	 37.394210	 19.793520	 14.862620	-6.822121	 19.211520	 10.843110	-5.645951	 19.246270	-70.573530	 18.505250	 10.418460	 21.180890	-3.898658	 9.395153	 9.482653	-0.473163	 9.968837	-72.565790	-57.304120	-11.450080	 6.596466	 9.205020	-0.525011	 0.081651	-19.578210	-0.174116	 3.199078	 2.573917	 6.089261	 89.623400	-84.923440	-2.391054	-105.040400	 178.806300	 7.685160	 100.479000	-0.813313	 0.122417	-8.559153	-2.424881	-42.127670	 2.692673	-100.780000	-25.556560	-37.808390	-14.580520	-25.298070	-37.844850	-14.505170	-8.664024	 74.052800	 2.456323	-1.169675	 80.640630	 1.400495	 1.709186	-19.246950	-41.574190	 18.870930	-80.452410	-0.132380	 3.323398	 92.411220	 0.188712	 7.210938	-12.056590	-67.395690	-1.360549	-10.859800	-6.021856	 19.823110	 67.416630	-4.716576	 19.574120	-20.517600	-46.849330	-47.312630	 42.891380	-3.484296	 9.763653	 74.841640	-1.956071	 12.112190	-9.553795	 55.117460	-1.194479	-4.964104	 36.498650	-0.543483	 0.317072	-136.670300	 0.632157	 3.570930	 0.000000	 90.000000	 0.000000	 167.285400	 13.250890	 161.247400	-171.645500	-5.036462	-23.319600
-0.027127	-0.111755	-0.013894	 174.785200	-1.901032	-91.429170	-18.651300	-2.201204	 0.323163	-16.079430	-5.259985	 0.536799	 0.446896	-2.019900	 109.839400	-0.813313	 0.122417	-8.559153	-35.569480	-25.143230	 14.467690	-21.271410	 22.809620	 0.277137	-15.162050	 29.886160	-51.933370	-5.462642	-1.990769	 10.275870	 2.503307	-1.126933	 4.530149	 3.270115	-0.641312	-80.025350	 3.943441	 3.154922	 11.696470	-0.274674	 3.148221	 9.424911	 2.908494	 4.323673	-70.525590	 37.384660	 19.789970	 14.869330	-6.822121	 19.211520	 10.843110	-5.645679	 19.246240	-70.560220	 18.508530	 10.420150	 21.187010	-3.898658	 9.395153	 9.482653	-0.473172	 9.969056	-72.560780	-57.305840	-11.450070	 6.601242	 9.208272	-0.525019	 0.081676	-19.571560	-0.174163	 3.199112	 2.577343	 5.786359	 89.642880	-85.025220	-1.870706	-104.783300	 178.808200	 7.662454	 100.501500	-0.813313	 0.122417	-8.559153	-2.399634	-42.026030	 2.932820	-100.929600	-25.493410	-37.646370	-14.482690	-25.401950	-37.545490	-14.497040	-8.647508	 73.985020	 2.456323	-1.169674	 80.639420	 1.404100	 1.707792	-19.321590	-39.621070	 18.923800	-82.754500	-0.132253	 3.312805	 88.844910	 0.188712	 7.210938	-12.056590	-66.152160	 0.446015	-11.803510	-6.021856	 19.823110	 67.416630	-4.716576	 19.574120	-20.517600	-45.882610	-46.988060	 43.592330	-3.484296	 9.763653	 74.841640	-1.956071	 12.112190	-9.553795	 54.295580	-1.102410	-4.799855	 36.498650	-0.543483	 0.317072	-141.900500	 0.635537	 3.618322	 0.000000	 90.000000	 0.000000	 167.227900	 13.371390	 161.039900	-171.573400	-5.151599	-23.382120
-0.028236	-0.112089	-0.014069	 174.941500	-1.906858	-91.330170	-18.715110	-2.166950	 0.065890	-16.191280	-5.374047	 0.301592	 0.458718	-2.066794	 109.825200	-0.813313	 0.122417	-8.559153	-36.020990	-25.353200	 13.977210	-20.759940	 22.709880	 0.266282	-15.581110	 29.992250	-52.087780	-5.462645	-1.990760	 10.276020	 2.503307	-1.126933	 4.530149	 3.270077	-0.641045	-80.020140	 3.948318	 3.157055	 11.696440	-0.274675	 3.148222	 9.424717	 2.908252	 4.324642	-70.511500	 37.373620	 19.785860	 14.877260	-6.822121	 19.211520	 10.843110	-5.645365	 19.246230	-70.544860	 18.514610	 10.423280	 21.194030	-3.898658	 9.395153	 9.482653	-0.473186	 9.969316	-72.554760	-57.307730	-11.450050	 6.607023	 9.212195	-0.525026	 0.081712	-19.563520	-0.174225	 3.199151	 2.579244	 5.418874	 89.666840	-85.132570	-1.256340	-104.470800	 178.808200	 7.642165	 100.541500	-0.813313	 0.122417	-8.559153	-2.291190	-41.858840	 3.318781	-100.966300	-25.503380	-37.460370	-14.520240	-25.515040	-36.885590	-14.487050	-8.627260	 73.901900	 2.456324	-1.169673	 80.637960	 1.408517	 1.706077	-19.413100	-37.230050	 18.903910	-85.614460	-0.133004	 3.299768	 84.448510	 0.188712	 7.210938	-12.056590	-64.576600	 2.717673	-13.077510	-6.021856	 19.823110	 67.416630	-4.716576	 19.574120	-20.517600	-44.707800	-46.577320	 44.438890	-3.484296	 9.763653	 74.841640	-1.956071	 12.112190	-9.553795	 53.281940	-0.986231	-4.591984	 36.498650	-0.543483	 0.317072	-148.347900	 0.633738	 3.676852	 0.000000	 90.000000	 0.000000	 167.108000	 13.535640	 160.883000	-171.449000	-5.273743	-23.396160
-0.029363	-0.112060	-0.014156	 175.059900	-1.944232	-91.258000	-18.833400	-2.141727	-0.154677	-16.293500	-5.464213	 0.097129	 0.469077	-2.107930	 109.812600	-0.813313	 0.122417	-8.559153	-36.151490	-25.457600	 13.782550	-20.812810	 22.604260	 0.245869	-15.520250	 29.957510	-52.338370	-5.462646	-1.990755	 10.276120	 2.503307	-1.126933	 4.530149	 3.270044	-0.640817	-80.015710	 3.953407	 3.159279	 11.696390	-0.274675	 3.148221	 9.424526	 2.908047	 4.325469	-70.499500	 37.364670	 19.782520	 14.883880	-6.822121	 19.211520	 10.843110	-5.645114	 19.246200	-70.532410	 18.520940	 10.426530	 21.199770	-3.898658	 9.395153	 9.482653	-0.473198	 9.969543	-72.549580	-57.309170	-11.449990	 6.612000	 9.215546	-0.525037	 0.081737	-19.556650	-0.174273	 3.199187	 2.578846	 5.128821	 89.687480	-85.191840	-0.848081	-104.205000	 178.776700	 7.739058	 100.719000	-0.813313	 0.122417	-8.559153	-2.012516	-41.586290	 3.624577	-100.506400	-26.128510	-37.496820	-15.505710	-25.668340	-35.896700	-14.478400	-8.609768	 73.830100	 2.456324	-1.169672	 80.636700	 1.412330	 1.704589	-19.492140	-35.173060	 18.810650	-88.113980	-0.134469	 3.288515	 80.627980	 0.188712	 7.210938	-12.056590	-63.163060	 4.728400	-14.289560	-6.021856	 19.823110	 67.416630	-4.716576	 19.574120	-20.517600	-43.701890	-46.211040	 45.158940	-3.484296	 9.763653	 74.841640	-1.956071	 12.112190	-9.553795	 52.400710	-0.883008	-4.406461	 36.498650	-0.543483	 0.317072	-153.951100	 0.626848	 3.727279	 0.000000	 90.000000	 0.000000	 166.968800	 13.682570	 160.871500	-171.309300	-5.352107	-23.366270
-0.030717	-0.111744	-0.014134	 175.112200	-2.006702	-91.200390	-19.028610	-2.121022	-0.373199	-16.433020	-5.532489	-0.108409	 0.480029	-2.151453	 109.799800	-0.813313	 0.122417	-8.559153	-35.946390	-25.503380	 13.875060	-21.394760	 22.450690	 0.194257	-14.991970	 29.780100	-52.662100	-5.462646	-1.990751	 10.276170	 2.503307	-1.126933	 4.530149	 3.270012	-0.640593	-80.011340	 3.958729	 3.161606	 11.696360	-0.274676	 3.148221	 9.424313	 2.907844	 4.326285	-70.487640	 37.356230	 19.779370	 14.890280	-6.822121	 19.211520	 10.843110	-5.644875	 19.246190	-70.520720	 18.527600	 10.429960	 21.205370	-3.898658	 9.395153	 9.482653	-0.473207	 9.969761	-72.544500	-57.310440	-11.449910	 6.616936	 9.218839	-0.525052	 0.081765	-19.549900	-0.174331	 3.199219	 2.578872	 4.861756	 89.708060	-85.249520	-0.609297	-104.040100	 178.711400	 7.953055	 101.048900	-0.813313	 0.122417	-8.559153	-1.536782	-41.164050	 3.817625	-99.296180	-27.593700	-37.799140	-17.475650	-25.944910	-34.427640	-14.469710	-8.592282	 73.758290	 2.456324	-1.169671	 80.635410	 1.416142	 1.703096	-19.571190	-33.129240	 18.646370	-90.636090	-0.136696	 3.277319	 76.785070	 0.188712	 7.210938	-12.056590	-61.692820	 6.781644	-15.613300	-6.021856	 19.823110	 67.416630	-4.716576	 19.574120	-20.517600	-42.704260	-45.834210	 45.868480	-3.484296	 9.763653	 74.841640	-1.956071	 12.112190	-9.553795	 51.513960	-0.777186	-4.215221	 36.498650	-0.543483	 0.317072	-159.586800	 0.614983	 3.777077	 0.000000	 90.000000	 0.000000	 166.815600	 13.830540	 160.938900	-171.144900	-5.415813	-23.239140
-0.033048	-0.111250	-0.014098	 175.015500	-2.127099	-91.166450	-19.313540	-2.096547	-0.625293	-16.678360	-5.564866	-0.349742	 0.494153	-2.207616	 109.784800	-0.813313	 0.122417	-8.559153	-35.464250	-25.508590	 14.169300	-22.760550	 22.268650	 0.105095	-14.109890	 29.458090	-52.695420	-5.462647	-1.990750	 10.276210	 2.503307	-1.126933	 4.530149	 3.269975	-0.640333	-80.006270	 3.964590	 3.164170	 11.696350	-0.274677	 3.148221	 9.423980	 2.907610	 4.327227	-70.473980	 37.347010	 19.775920	 14.897460	-6.822121	 19.211520	 10.843110	-5.644614	 19.246170	-70.507970	 18.534920	 10.433730	 21.211900	-3.898658	 9.395153	 9.482653	-0.473219	 9.970016	-72.538640	-57.311720	-11.449790	 6.622673	 9.222672	-0.525056	 0.081798	-19.542080	-0.174385	 3.199261	 2.584523	 4.574837	 89.731990	-85.314780	-0.525683	-104.048700	 178.682900	 8.033686	 101.212700	-0.813313	 0.122417	-8.559153	-1.217597	-40.764870	 3.799745	-97.753620	-29.173850	-38.079420	-18.492690	-26.279760	-33.422170	-14.459520	-8.571832	 73.674270	 2.456325	-1.169669	 80.633930	 1.420598	 1.701344	-19.663660	-30.763870	 18.364330	-93.607310	-0.140272	 3.264371	 72.263220	 0.188712	 7.210938	-12.056590	-59.891450	 9.231284	-17.314050	-6.021856	 19.823110	 67.416630	-4.716576	 19.574120	-20.517600	-41.548400	-45.380260	 46.684560	-3.484296	 9.763653	 74.841640	-1.956071	 12.112190	-9.553795	 50.469890	-0.650361	-3.984198	 36.498650	-0.543483	 0.317072	-166.218300	 0.594849	 3.833838	 0.000000	 90.000000	 0.000000	 166.554800	 14.080020	 161.147600	-170.926100	-5.469687	-23.044230
-0.035192	-0.111116	-0.014086	 174.867100	-2.218603	-91.189000	-19.565540	-2.066968	-0.833737	-16.907150	-5.561676	-0.553385	 0.507614	-2.261167	 109.772400	-0.813313	 0.122417	-8.559153	-35.013430	-25.495310	 14.420560	-24.412710	 22.144060	 0.015420	-13.202340	 29.097500	-52.338860	-5.462646	-1.990751	 10.276170	 2.503307	-1.126933	 4.530149	 3.269944	-0.640118	-80.002080	 3.968580	 3.165918	 11.696430	-0.274678	 3.148221	 9.423677	 2.907415	 4.328008	-70.462630	 37.339790	 19.773230	 14.903290	-6.822121	 19.211520	 10.843110	-5.644411	 19.246160	-70.498040	 18.539920	 10.436310	 21.217520	-3.898658	 9.395153	 9.482653	-0.473229	 9.970228	-72.533750	-57.312610	-11.449650	 6.627456	 9.225821	-0.525063	 0.081823	-19.535600	-0.174435	 3.199295	 2.593768	 4.351592	 89.751950	-85.345850	-0.581459	-104.045200	 178.678100	 8.064583	 101.206700	-0.813313	 0.122417	-8.559153	-1.357616	-40.638060	 3.547093	-97.010770	-29.901690	-38.126480	-18.801730	-26.510320	-32.677050	-14.450910	-8.554636	 73.603650	 2.456325	-1.169668	 80.632670	 1.424344	 1.699864	-19.741450	-28.801060	 18.052640	-96.119650	-0.144088	 3.253663	 68.437000	 0.188712	 7.210938	-12.056590	-58.297890	 11.327160	-18.882520	-6.021856	 19.823110	 67.416630	-4.716576	 19.574120	-20.517600	-40.585390	-44.987510	 47.359360	-3.484296	 9.763653	 74.841640	-1.956071	 12.112190	-9.553795	 49.585860	-0.541215	-3.783591	 36.498650	-0.543483	 0.317072	-171.830100	 0.572777	 3.879788	 0.000000	 90.000000	 0.000000	 166.319100	 14.384430	 161.305900	-170.720500	-5.484475	-22.907170
-0.037355	-0.111965	-0.014012	 174.722700	-2.216794	-91.196750	-19.800560	-2.028632	-1.042302	-17.116290	-5.539373	-0.761371	 0.521471	-2.316414	 109.755900	-0.813313	 0.122417	-8.559153	-34.706610	-25.472600	 14.361030	-25.244140	 22.056540	-0.073886	-13.003490	 28.973720	-51.566150	-5.462646	-1.990755	 10.276120	 2.503307	-1.126933	 4.530149	 3.269914	-0.639901	-79.997870	 3.971239	 3.167090	 11.696610	-0.274679	 3.148221	 9.423336	 2.907217	 4.328793	-70.451200	 37.332930	 19.770650	 14.908990	-6.822121	 19.211520	 10.843110	-5.644220	 19.246140	-70.488590	 18.543230	 10.438010	 21.223510	-3.898658	 9.395153	 9.482653	-0.473240	 9.970439	-72.528850	-57.313370	-11.449510	 6.632298	 9.228999	-0.525071	 0.081850	-19.529090	-0.174487	 3.199324	 2.607185	 4.138142	 89.772090	-85.334350	-0.549900	-103.882900	 178.675900	 8.065232	 101.229300	-0.813313	 0.122417	-8.559153	-1.672479	-40.602550	 3.176213	-96.614590	-30.252930	-38.068420	-18.873260	-26.640750	-32.225990	-14.442120	-8.537126	 73.531720	 2.456325	-1.169667	 80.631390	 1.428158	 1.698351	-19.820670	-26.832640	 17.666290	-98.686390	-0.148731	 3.242983	 64.517520	 0.188712	 7.210938	-12.056590	-56.590750	 13.489430	-20.620650	-6.021856	 19.823110	 67.416630	-4.716576	 19.574120	-20.517600	-39.613180	-44.577300	 48.035670	-3.484296	 9.763653	 74.841640	-1.956071	 12.112190	-9.553795	 48.679650	-0.427867	-3.573205	 36.498650	-0.543483	 0.317072	-177.578000	 0.545623	 3.924383	 0.000000	 90.000000	 0.000000	 166.296000	 14.667770	 161.161300	-170.504600	-5.496662	-22.962090
-0.039725	-0.114076	-0.013927	 174.613100	-2.100800	-91.151500	-20.014630	-1.980591	-1.248443	-17.300910	-5.507373	-0.967333	 0.534324	-2.368037	 109.724600	-0.813313	 0.122417	-8.559153	-34.683290	-25.516320	 13.868990	-25.398770	 22.005180	-0.158546	-13.413950	 29.114470	-50.850290	-5.462645	-1.990761	 10.276010	 2.503307	-1.126933	 4.530149	 3.269878	-0.639655	-79.993060	 3.971777	 3.167344	 11.697010	-0.274680	 3.148220	 9.422884	 2.906995	 4.329687	-70.438220	 37.325630	 19.767910	 14.915340	-6.822121	 19.211520	 10.843110	-5.644015	 19.246130	-70.478600	 18.543890	 10.438360	 21.230930	-3.898658	 9.395153	 9.482653	-0.473252	 9.970681	-72.523280	-57.314030	-11.449300	 6.637850	 9.232613	-0.525085	 0.081879	-19.521670	-0.174544	 3.199362	 2.627315	 3.905670	 89.795060	-85.293030	-0.461564	-103.529400	 178.678900	 8.044856	 101.236300	-0.813313	 0.122417	-8.559153	-2.076643	-40.611340	 2.770388	-96.401630	-30.388870	-37.944600	-18.583930	-26.763080	-31.835010	-14.431960	-8.516937	 73.448750	 2.456325	-1.169666	 80.629930	 1.432551	 1.696601	-19.912010	-24.607570	 17.136330	-101.651300	-0.155020	 3.231020	 59.969050	 0.188712	 7.210938	-12.056590	-54.502170	 16.008940	-22.816760	-6.021856	 19.823110	 67.416630	-4.716576	 19.574120	-20.517600	-38.502780	-44.091500	 48.801790	-3.484296	 9.763653	 74.841640	-1.956071	 12.112190	-9.553795	 47.627250	-0.294571	-3.322801	 36.498650	-0.543483	 0.317072	 175.750800	 0.508706	 3.972423	 0.000000	 90.000000	 0.000000	 166.519000	 14.838470	 160.644500	-170.256500	-5.528121	-23.253620
-0.041486	-0.115911	-0.013822	 174.561300	-1.976073	-91.112010	-20.156150	-1.941000	-1.373902	-17.434410	-5.489320	-1.086989	 0.543021	-2.403317	 109.690100	-0.813313	 0.122417	-8.559153	-34.860130	-25.686260	 13.446830	-25.371630	 21.974820	-0.227144	-13.978140	 29.366600	-50.567460	-5.462642	-1.990769	 10.275870	 2.503307	-1.126933	 4.530149	 3.269848	-0.639447	-79.989010	 3.968727	 3.166034	 11.697570	-0.274681	 3.148220	 9.422480	 2.906806	 4.330437	-70.427310	 37.319910	 19.765760	 14.920530	-6.822121	 19.211520	 10.843110	-5.643857	 19.246110	-70.470830	 18.540030	 10.436380	 21.238030	-3.898658	 9.395153	 9.482653	-0.473262	 9.970885	-72.518600	-57.314440	-11.449090	 6.642543	 9.235662	-0.525093	 0.081906	-19.515430	-0.174589	 3.199394	 2.648173	 3.716100	 89.814310	-85.251880	-0.359891	-103.232500	 178.682700	 8.024879	 101.232800	-0.813313	 0.122417	-8.559153	-2.304991	-40.605860	 2.586708	-96.246190	-30.464210	-37.851130	-18.280940	-26.851950	-31.528730	-14.423290	-8.499777	 73.378140	 2.456325	-1.169665	 80.628670	 1.436288	 1.695106	-19.989730	-22.757250	 16.616190	-104.174600	-0.161147	 3.221199	 56.073860	 0.188712	 7.210938	-12.056590	-52.610180	 18.166050	-24.861700	-6.021856	 19.823110	 67.416630	-4.716576	 19.574120	-20.517600	-37.566850	-43.667430	 49.442050	-3.484296	 9.763653	 74.841640	-1.956071	 12.112190	-9.553795	 46.725270	-0.179055	-3.102981	 36.498650	-0.543483	 0.317072	 170.038200	 0.472831	 4.009912	 0.000000	 90.000000	 0.000000	 166.794800	 14.837760	 160.253800	-170.049300	-5.577557	-23.531320
-0.043199	-0.118163	-0.013662	 174.533300	-1.765654	-91.073140	-20.270500	-1.896816	-1.484096	-17.553010	-5.484432	-1.187950	 0.550091	-2.432326	 109.650600	-0.813313	 0.122417	-8.559153	-35.154840	-25.897940	 12.914040	-25.075040	 21.948200	-0.289870	-14.860120	 29.725060	-50.238230	-5.462639	-1.990778	 10.275710	 2.503307	-1.126933	 4.530149	 3.269819	-0.639243	-79.985020	 3.961957	 3.163107	 11.698350	-0.274683	 3.148220	 9.422022	 2.906621	 4.331182	-70.416500	 37.314630	 19.763770	 14.925530	-6.822121	 19.211520	 10.843110	-5.643711	 19.246100	-70.463670	 18.531450	 10.431970	 21.245980	-3.898658	 9.395153	 9.482653	-0.473271	 9.971086	-72.513960	-57.314700	-11.448870	 6.647225	 9.238666	-0.525100	 0.081929	-19.509270	-0.174640	 3.199425	 2.672299	 3.530322	 89.833340	-85.221420	-0.251944	-103.114200	 178.684500	 8.016603	 101.228600	-0.813313	 0.122417	-8.559153	-2.534048	-40.610520	 2.322082	-95.942310	-30.677160	-37.822000	-18.312910	-26.900320	-31.235990	-14.414540	-8.482534	 73.307300	 2.456325	-1.169664	 80.627430	 1.440036	 1.693600	-20.067740	-20.944010	 16.032300	-106.704800	-0.167999	 3.211725	 52.140060	 0.188712	 7.210938	-12.056590	-50.590830	 20.334140	-27.092220	-6.021856	 19.823110	 67.416630	-4.716576	 19.574120	-20.517600	-36.635590	-43.231880	 50.073960	-3.484296	 9.763653	 74.841640	-1.956071	 12.112190	-9.553795	 45.813540	-0.061301	-2.875889	 36.498650	-0.543483	 0.317072	 164.269200	 0.432996	 4.043961	 0.000000	 90.000000	 0.000000	 167.127700	 14.804430	 159.789300	-169.853000	-5.661187	-23.887730
-0.045245	-0.120988	-0.013465	 174.459800	-1.484692	-91.008930	-20.378680	-1.833778	-1.628955	-17.675540	-5.465815	-1.320507	 0.556624	-2.459470	 109.602700	-0.813313	 0.122417	-8.559153	-35.617770	-26.174940	 12.187540	-24.483190	 21.965120	-0.352603	-15.568920	 30.104730	-50.127250	-5.462637	-1.990792	 10.275490	 2.503307	-1.126933	 4.530149	 3.269786	-0.639013	-79.980550	 3.951463	 3.158565	 11.699460	-0.274684	 3.148220	 9.421457	 2.906410	 4.332019	-70.404340	 37.309170	 19.761700	 14.930980	-6.822121	 19.211520	 10.843110	-5.643561	 19.246100	-70.456320	 18.518030	 10.425070	 21.255630	-3.898658	 9.395153	 9.482653	-0.473283	 9.971313	-72.508760	-57.314800	-11.448600	 6.652508	 9.242037	-0.525107	 0.081957	-19.502340	-0.174683	 3.199460	 2.703358	 3.320835	 89.854590	-85.196010	-0.134761	-103.213600	 178.729300	 7.845639	 101.055600	-0.813313	 0.122417	-8.559153	-3.791502	-40.783280	 1.422033	-94.790500	-30.841740	-37.378650	-18.454760	-26.427230	-31.078140	-14.404570	-8.462943	 73.226720	 2.456326	-1.169662	 80.625980	 1.444298	 1.691881	-20.156470	-18.941070	 15.296370	-109.574900	-0.176618	 3.201487	 47.637450	 0.188712	 7.210938	-12.056590	-48.130870	 22.788370	-29.863610	-6.021856	 19.823110	 67.416630	-4.716576	 19.574120	-20.517600	-35.586690	-42.724740	 50.779240	-3.484296	 9.763653	 74.841640	-1.956071	 12.112190	-9.553795	 44.769040	 0.074629	-2.609683	 36.498650	-0.543483	 0.317072	 157.665500	 0.383473	 4.077789	 0.000000	 90.000000	 0.000000	 167.493300	 14.738860	 159.191100	-169.640700	-5.777730	-24.273300
-0.046752	-0.123623	-0.013377	 174.340600	-1.244249	-90.927290	-20.461870	-1.771414	-1.755729	-17.771090	-5.401388	-1.438708	 0.561410	-2.479569	 109.561300	-0.813313	 0.122417	-8.559153	-36.113000	-26.433160	 11.470150	-23.820500	 22.065970	-0.399461	-16.038380	 30.469530	-50.110170	-5.462633	-1.990806	 10.275230	 2.503307	-1.126933	 4.530149	 3.269758	-0.638816	-79.976720	 3.941530	 3.154264	 11.700480	-0.274686	 3.148219	 9.420936	 2.906232	 4.332729	-70.394020	 37.304930	 19.760090	 14.935510	-6.822121	 19.211520	 10.843110	-5.643445	 19.246080	-70.450650	 18.505210	 10.418470	 21.264110	-3.898658	 9.395153	 9.482653	-0.473292	 9.971504	-72.504330	-57.314760	-11.448330	 6.657032	 9.244923	-0.525118	 0.081981	-19.496440	-0.174736	 3.199489	 2.732987	 3.138507	 89.872510	-85.164450	-0.036070	-103.311900	 178.811500	 7.523592	 100.739600	-0.813313	 0.122417	-8.559153	-5.856706	-41.080460	 0.151040	-93.131810	-30.742380	-36.535220	-18.643420	-25.427060	-31.344570	-14.395950	-8.446058	 73.157300	 2.456326	-1.169661	 80.624760	 1.447966	 1.690395	-20.232910	-17.269030	 14.603700	-112.040000	-0.184728	 3.193177	 43.731820	 0.188712	 7.210938	-12.056590	-45.854870	 24.880040	-32.470000	-6.021856	 19.823110	 67.416630	-4.716576	 19.574120	-20.517600	-34.691090	-42.277520	 51.375840	-3.484296	 9.763653	 74.841640	-1.956071	 12.112190	-9.553795	 43.862010	 0.193337	-2.373298	 36.498650	-0.543483	 0.317072	 151.937700	 0.337603	 4.102349	 0.000000	 90.000000	 0.000000	 167.690400	 14.709090	 158.635400	-169.524300	-5.867509	-24.669160
-0.047663	-0.126209	-0.013446	 174.211700	-1.007674	-90.832150	-20.544130	-1.710599	-1.835629	-17.856290	-5.303945	-1.514508	 0.565871	-2.498555	 109.515000	-0.813313	 0.122417	-8.559153	-36.692910	-26.702220	 10.668170	-23.069140	 22.219430	-0.438689	-16.441240	 30.874630	-50.220780	-5.462629	-1.990821	 10.274960	 2.503307	-1.126933	 4.530149	 3.269729	-0.638619	-79.972890	 3.932038	 3.150159	 11.701520	-0.274687	 3.148219	 9.420375	 2.906054	 4.333441	-70.383670	 37.301070	 19.758630	 14.939890	-6.822121	 19.211520	 10.843110	-5.643342	 19.246080	-70.445500	 18.492820	 10.412090	 21.272540	-3.898658	 9.395153	 9.482653	-0.473302	 9.971696	-72.499900	-57.314560	-11.448040	 6.661607	 9.247797	-0.525126	 0.082006	-19.490520	-0.174778	 3.199518	 2.765487	 2.948822	 89.890240	-85.132120	 0.077977	-103.176600	 178.886400	 7.223966	 100.444800	-0.813313	 0.122417	-8.559153	-7.747548	-41.341880	-0.968916	-91.482270	-30.760670	-35.791370	-18.833740	-24.531020	-31.674190	-14.387200	-8.428964	 73.086910	 2.456326	-1.169660	 80.623520	 1.451682	 1.688885	-20.310380	-15.628570	 13.849520	-114.528900	-0.193562	 3.185289	 39.748640	 0.188712	 7.210938	-12.056590	-43.384900	 26.962590	-35.334540	-6.021856	 19.823110	 67.416630	-4.716576	 19.574120	-20.517600	-33.791330	-41.814770	 51.969800	-3.484296	 9.763653	 74.841640	-1.956071	 12.112190	-9.553795	 42.936080	 0.315010	-2.126978	 36.498650	-0.543483	 0.317072	 146.095700	 0.288539	 4.122560	 0.000000	 90.000000	 0.000000	 167.725000	 14.728250	 158.048400	-169.483100	-5.930763	-25.113570
-0.048263	-0.129068	-0.013744	 174.018900	-0.812430	-90.688550	-20.646060	-1.641475	-1.884859	-17.943130	-5.161193	-1.563101	 0.570884	-2.520346	 109.448300	-0.813313	 0.122417	-8.559153	-37.424120	-27.001190	 9.688409	-22.205510	 22.415330	-0.471918	-16.867100	 31.378020	-50.628900	-5.462625	-1.990842	 10.274610	 2.503307	-1.126933	 4.530149	 3.269699	-0.638401	-79.968610	 3.923878	 3.146633	 11.702540	-0.274690	 3.148219	 9.419686	 2.905854	 4.334235	-70.372150	 37.297210	 19.757150	 14.944630	-6.822121	 19.211520	 10.843110	-5.643239	 19.246070	-70.440440	 18.481790	 10.406420	 21.281360	-3.898658	 9.395153	 9.482653	-0.473312	 9.971910	-72.494940	-57.314170	-11.447690	 6.666703	 9.250994	-0.525133	 0.082033	-19.483960	-0.174824	 3.199555	 2.804860	 2.725195	 89.909690	-85.122690	 0.140473	-102.666700	 178.997300	 6.768176	 99.994030	-0.813313	 0.122417	-8.559153	-10.501580	-41.678170	-2.515150	-89.443490	-30.570430	-34.661060	-18.835600	-23.311220	-32.297410	-14.377300	-8.409704	 73.007630	 2.456326	-1.169659	 80.622090	 1.455867	 1.687177	-20.397660	-13.848550	 12.940610	-117.320800	-0.204223	 3.177107	 35.228690	 0.188712	 7.210938	-12.056590	-40.385090	 29.243210	-38.852490	-6.021856	 19.823110	 67.416630	-4.716576	 19.574120	-20.517600	-32.786540	-41.281750	 52.626440	-3.484296	 9.763653	 74.841640	-1.956071	 12.112190	-9.553795	 41.884200	 0.453615	-1.841024	 36.498650	-0.543483	 0.317072	 139.466800	 0.230703	 4.139303	 0.000000	 90.000000	 0.000000	 167.644800	 14.795800	 157.360500	-169.477000	-5.977983	-25.635860
-0.048390	-0.131918	-0.013966	 173.819000	-0.634370	-90.524750	-20.771580	-1.575276	-1.909337	-18.017290	-5.008684	-1.589123	 0.575870	-2.542146	 109.381400	-0.813313	 0.122417	-8.559153	-38.134200	-27.253860	 8.754609	-21.489600	 22.575650	-0.491432	-17.328840	 31.828460	-50.994830	-5.462619	-1.990863	 10.274260	 2.503307	-1.126933	 4.530149	 3.269670	-0.638206	-79.964840	 3.920499	 3.145186	 11.703260	-0.274691	 3.148218	 9.419032	 2.905678	 4.334938	-70.361940	 37.294190	 19.755990	 14.948690	-6.822121	 19.211520	 10.843110	-5.643157	 19.246070	-70.436560	 18.476630	 10.403760	 21.288300	-3.898658	 9.395153	 9.482653	-0.473322	 9.972100	-72.490580	-57.313690	-11.447360	 6.671256	 9.253825	-0.525137	 0.082055	-19.478140	-0.174872	 3.199584	 2.842464	 2.544718	 89.926450	-85.128530	-0.145069	-102.108800	 179.109500	 6.290428	 99.521390	-0.813313	 0.122417	-8.559153	-13.355750	-41.959060	-4.110715	-87.448690	-30.263610	-33.465500	-18.748770	-22.061500	-33.032990	-14.368390	-8.392411	 72.936490	 2.456327	-1.169658	 80.620840	 1.459620	 1.685637	-20.476000	-12.315660	 12.075470	-119.813800	-0.214388	 3.170454	 31.143510	 0.188712	 7.210938	-12.056590	-37.481300	 31.208080	-42.289200	-6.021856	 19.823110	 67.416630	-4.716576	 19.574120	-20.517600	-31.893050	-40.793020	 53.204220	-3.484296	 9.763653	 74.841640	-1.956071	 12.112190	-9.553795	 40.932450	 0.579189	-1.576686	 36.498650	-0.543483	 0.317072	 133.475800	 0.177087	 4.148609	 0.000000	 90.000000	 0.000000	 167.540800	 14.883350	 156.721600	-169.552700	-5.967838	-26.103610
-0.048406	-0.134997	-0.013973	 173.624100	-0.432000	-90.339700	-20.930840	-1.506727	-1.930197	-18.087330	-4.849728	-1.612034	 0.581398	-2.566137	 109.318100	-0.813313	 0.122417	-8.559153	-38.829800	-27.467210	 7.847159	-21.063190	 22.654770	-0.502431	-17.729750	 32.129520	-51.213510	-5.462615	-1.990884	 10.273890	 2.503307	-1.126933	 4.530149	 3.269644	-0.638027	-79.961340	 3.920439	 3.145183	 11.703790	-0.274693	 3.148218	 9.418389	 2.905514	 4.335588	-70.352470	 37.291760	 19.755050	 14.952310	-6.822121	 19.211520	 10.843110	-5.643094	 19.246060	-70.433460	 18.475570	 10.403210	 21.294000	-3.898658	 9.395153	 9.482653	-0.473330	 9.972277	-72.486520	-57.313100	-11.447030	 6.675498	 9.256446	-0.525148	 0.082078	-19.472740	-0.174910	 3.199614	 2.879385	 2.424464	 89.941380	-85.103720	-0.768858	-101.873200	 179.215700	 5.821529	 99.058020	-0.813313	 0.122417	-8.559153	-16.167450	-42.161680	-5.709098	-85.332870	-29.981660	-32.268200	-18.628420	-20.813390	-33.796980	-14.360030	-8.376252	 72.869960	 2.456327	-1.169657	 80.619650	 1.463128	 1.684195	-20.549240	-10.939030	 11.227250	-122.134400	-0.224368	 3.164865	 27.297640	 0.188712	 7.210938	-12.056590	-34.572310	 32.954700	-45.756030	-6.021856	 19.823110	 67.416630	-4.716576	 19.574120	-20.517600	-31.064260	-40.327080	 53.734810	-3.484296	 9.763653	 74.841640	-1.956071	 12.112190	-9.553795	 40.035310	 0.697471	-1.322706	 36.498650	-0.543483	 0.317072	 127.835500	 0.125980	 4.152198	 0.000000	 90.000000	 0.000000	 167.482600	 14.974120	 156.106900	-169.650800	-5.932665	-26.515120
-0.048344	-0.139093	-0.013813	 173.370900	-0.171098	-90.103730	-21.147170	-1.418407	-1.915372	-18.172040	-4.631692	-1.608046	 0.594567	-2.621635	 109.237500	-0.813313	 0.122417	-8.559153	-39.678050	-27.680820	 6.740313	-20.975260	 22.661100	-0.508600	-17.982260	 32.226760	-51.117230	-5.462608	-1.990912	 10.273420	 2.503307	-1.126933	 4.530149	 3.269614	-0.637817	-79.957240	 3.921187	 3.145536	 11.704360	-0.274696	 3.148218	 9.417584	 2.905322	 4.336352	-70.341380	 37.289340	 19.754110	 14.956430	-6.822121	 19.211520	 10.843110	-5.643034	 19.246060	-70.430470	 18.475570	 10.403220	 21.300470	-3.898658	 9.395153	 9.482653	-0.473342	 9.972483	-72.481750	-57.312260	-11.446610	 6.680523	 9.259537	-0.525162	 0.082102	-19.466410	-0.174962	 3.199641	 2.925238	 2.317573	 89.958240	-85.004230	-1.225051	-101.930800	 179.336200	 5.283996	 98.467640	-0.813313	 0.122417	-8.559153	-19.444090	-42.293430	-7.627028	-82.671980	-29.620170	-30.821820	-18.478580	-19.297520	-34.700330	-14.350050	-8.357023	 72.790730	 2.456327	-1.169656	 80.618260	 1.467303	 1.682470	-20.636480	-9.373496	 10.172130	-124.884100	-0.236803	 3.159062	 22.684150	 0.188712	 7.210938	-12.056590	-30.852270	 34.891490	-50.217540	-6.021856	 19.823110	 67.416630	-4.716576	 19.574120	-20.517600	-30.085680	-39.760960	 54.354430	-3.484296	 9.763653	 74.841640	-1.956071	 12.112190	-9.553795	 38.957800	 0.839252	-1.011469	 36.498650	-0.543483	 0.317072	 121.069400	 0.064567	 4.149861	 0.000000	 90.000000	 0.000000	 167.459000	 15.110620	 155.363800	-169.799100	-5.865981	-27.012540
-0.047966	-0.143148	-0.013528	 173.116000	 0.155046	-89.889820	-21.331240	-1.336059	-1.840734	-18.245720	-4.401614	-1.552506	 0.614489	-2.705002	 109.152600	-0.813313	 0.122417	-8.559153	-40.398580	-27.818690	 5.791707	-20.994260	 22.624040	-0.503242	-18.191010	 32.167760	-50.630730	-5.462601	-1.990937	 10.272970	 2.503307	-1.126933	 4.530149	 3.269588	-0.637639	-79.953750	 3.922459	 3.146115	 11.704870	-0.274698	 3.148218	 9.416844	 2.905159	 4.336996	-70.332020	 37.287640	 19.753440	 14.959780	-6.822121	 19.211520	 10.843110	-5.642992	 19.246050	-70.428480	 18.476540	 10.403720	 21.305720	-3.898658	 9.395153	 9.482653	-0.473349	 9.972658	-72.477770	-57.311400	-11.446230	 6.684773	 9.262129	-0.525166	 0.082125	-19.461080	-0.174998	 3.199672	 2.965587	 2.235596	 89.971200	-84.921710	-1.381273	-102.232600	 179.431600	 4.887625	 97.862690	-0.813313	 0.122417	-8.559153	-21.946050	-42.397340	-9.152133	-80.577350	-29.431190	-29.801250	-18.400240	-18.200160	-35.421240	-14.341530	-8.340652	 72.723350	 2.456327	-1.169654	 80.617070	 1.470852	 1.680997	-20.710680	-8.106248	 9.239730	-127.211900	-0.247801	 3.154898	 18.730530	 0.188712	 7.210938	-12.056590	-27.464920	 36.389950	-54.303260	-6.021856	 19.823110	 67.416630	-4.716576	 19.574120	-20.517600	-29.260160	-39.269710	 54.871140	-3.484296	 9.763653	 74.841640	-1.956071	 12.112190	-9.553795	 38.033100	 0.960468	-0.739041	 36.498650	-0.543483	 0.317072	 115.270700	 0.012473	 4.142110	 0.000000	 90.000000	 0.000000	 167.388900	 15.286780	 154.741600	-169.993500	-5.776701	-27.521390
-0.047234	-0.147044	-0.013260	 172.886500	 0.486768	-89.665770	-21.496310	-1.240534	-1.746285	-18.327000	-4.127293	-1.477200	 0.636285	-2.797052	 109.053200	-0.813313	 0.122417	-8.559153	-41.104740	-27.908720	 4.845882	-20.765920	 22.509220	-0.479436	-18.578080	 32.043810	-49.959990	-5.462595	-1.990965	 10.272500	 2.503307	-1.126933	 4.530149	 3.269563	-0.637463	-79.950330	 3.924306	 3.146945	 11.705350	-0.274700	 3.148217	 9.416085	 2.904998	 4.337635	-70.322730	 37.286330	 19.752920	 14.962990	-6.822121	 19.211520	 10.843110	-5.642963	 19.246050	-70.427020	 18.478310	 10.404630	 21.310800	-3.898658	 9.395153	 9.482653	-0.473357	 9.972829	-72.473790	-57.310420	-11.445830	 6.689015	 9.264717	-0.525170	 0.082147	-19.455780	-0.175041	 3.199697	 3.007239	 2.117468	 89.982250	-84.912060	-1.356751	-102.168500	 179.482000	 4.620470	 97.654030	-0.813313	 0.122417	-8.559153	-23.837360	-42.477040	-10.456450	-78.974830	-29.395460	-29.125880	-18.344120	-17.481310	-35.842560	-14.332940	-8.324202	 72.655550	 2.456327	-1.169654	 80.615850	 1.474420	 1.679513	-20.785320	-6.891941	 8.272654	-129.544400	-0.259213	 3.151459	 14.724150	 0.188712	 7.210938	-12.056590	-23.852640	 37.733700	-58.682870	-6.021856	 19.823110	 67.416630	-4.716576	 19.574120	-20.517600	-28.435930	-38.766530	 55.381390	-3.484296	 9.763653	 74.841640	-1.956071	 12.112190	-9.553795	 37.094940	 1.082880	-0.457607	 36.498650	-0.543483	 0.317072	 109.395300	-0.039239	 4.128928	 0.000000	 90.000000	 0.000000	 167.273800	 15.506740	 154.135100	-170.233100	-5.666273	-28.099550
-0.046231	-0.150815	-0.013283	 172.606900	 0.753955	-89.434880	-21.652840	-1.124973	-1.593211	-18.422870	-3.775805	-1.350957	 0.654918	-2.877940	 108.926900	-0.813313	 0.122417	-8.559153	-42.055680	-28.047970	 3.755774	-20.145660	 22.345240	-0.431123	-19.159230	 31.946430	-49.475870	-5.462586	-1.990999	 10.271910	 2.503307	-1.126933	 4.530149	 3.269535	-0.637267	-79.946520	 3.926925	 3.148114	 11.705880	-0.274703	 3.148217	 9.415173	 2.904818	 4.338344	-70.312410	 37.285300	 19.752480	 14.966400	-6.822121	 19.211520	 10.843110	-5.642944	 19.246050	-70.426000	 18.481190	 10.406110	 21.316250	-3.898658	 9.395153	 9.482653	-0.473368	 9.973023	-72.469370	-57.309200	-11.445370	 6.693763	 9.267567	-0.525174	 0.082171	-19.449880	-0.175090	 3.199726	 3.055010	 1.905956	 89.992480	-85.019960	-1.043329	-101.748400	 179.510100	 4.461420	 97.555970	-0.813313	 0.122417	-8.559153	-25.233580	-42.456730	-11.589550	-77.712200	-29.290980	-28.590340	-18.148190	-16.949040	-35.868320	-14.323260	-8.305721	 72.579380	 2.456328	-1.169652	 80.614510	 1.478428	 1.677837	-20.869200	-5.601026	 7.155437	-132.155200	-0.272389	 3.148540	 10.187300	 0.188712	 7.210938	-12.056590	-19.562900	 39.016980	-63.914640	-6.021856	 19.823110	 67.416630	-4.716576	 19.574120	-20.517600	-27.516960	-38.190280	 55.943400	-3.484296	 9.763653	 74.841640	-1.956071	 12.112190	-9.553795	 36.030970	 1.220716	-0.132417	 36.498650	-0.543483	 0.317072	 102.741400	-0.095828	 4.107701	 0.000000	 90.000000	 0.000000	 167.095900	 15.787610	 153.487600	-170.529800	-5.530447	-28.809540
-0.045215	-0.153903	-0.013464	 172.303900	 0.926322	-89.232890	-21.785100	-1.017059	-1.425903	-18.503270	-3.435276	-1.211006	 0.661909	-2.911522	 108.805900	-0.813313	 0.122417	-8.559153	-43.272170	-28.267370	 2.552868	-18.975020	 22.095190	-0.363626	-19.764330	 31.841230	-49.404520	-5.462578	-1.991031	 10.271360	 2.503307	-1.126933	 4.530149	 3.269511	-0.637097	-79.943210	 3.929659	 3.149332	 11.706360	-0.274705	 3.148216	 9.414333	 2.904664	 4.338958	-70.303500	 37.284750	 19.752240	 14.969230	-6.822121	 19.211520	 10.843110	-5.642931	 19.246050	-70.425650	 18.484350	 10.407740	 21.320830	-3.898658	 9.395153	 9.482653	-0.473376	 9.973189	-72.465530	-57.308000	-11.444950	 6.697883	 9.270041	-0.525181	 0.082190	-19.444790	-0.175121	 3.199750	 3.097303	 1.681852	 89.999440	-85.199350	-0.635848	-101.396200	 179.536400	 4.331035	 97.412090	-0.813313	 0.122417	-8.559153	-26.250790	-42.426690	-12.395890	-76.859450	-29.095630	-28.178420	-17.842370	-16.536530	-35.879380	-14.314790	-8.289599	 72.512910	 2.456328	-1.169651	 80.613300	 1.481921	 1.676371	-20.942340	-4.538888	 6.157829	-134.425700	-0.284136	 3.146838	 6.197932	 0.188712	 7.210938	-12.056590	-15.643600	 39.915230	-68.726900	-6.021856	 19.823110	 67.416630	-4.716576	 19.574120	-20.517600	-26.721290	-37.678160	 56.423940	-3.484296	 9.763653	 74.841640	-1.956071	 12.112190	-9.553795	 35.094100	 1.341076	 0.159227	 36.498650	-0.543483	 0.317072	 96.890730	-0.143258	 4.083722	 0.000000	 90.000000	 0.000000	 166.903900	 16.046710	 152.951500	-170.789800	-5.414055	-29.464130
-0.044053	-0.156848	-0.013654	 171.970000	 1.067214	-89.013550	-21.910740	-0.905698	-1.239461	-18.579490	-3.075981	-1.053936	 0.663034	-2.921382	 108.680400	-0.813313	 0.122417	-8.559153	-44.745120	-28.306490	 1.127193	-17.140740	 21.877020	-0.212456	-20.500450	 31.702050	-49.669040	-5.462570	-1.991064	 10.270790	 2.503307	-1.126933	 4.530149	 3.269487	-0.636933	-79.940020	 3.932663	 3.150668	 11.706820	-0.274708	 3.148216	 9.413489	 2.904515	 4.339549	-70.294910	 37.284550	 19.752120	 14.971850	-6.822121	 19.211520	 10.843110	-5.642939	 19.246050	-70.425740	 18.487970	 10.409610	 21.325130	-3.898658	 9.395153	 9.482653	-0.473383	 9.973347	-72.461860	-57.306730	-11.444520	 6.701876	 9.272423	-0.525192	 0.082210	-19.439910	-0.175159	 3.199774	 3.138833	 1.454882	 90.004500	-85.423210	-0.181652	-100.854200	 179.558700	 4.218873	 97.289720	-0.813313	 0.122417	-8.559153	-26.973200	-42.341240	-13.019040	-76.310010	-28.830850	-27.831950	-17.461050	-16.223610	-35.823890	-14.306510	-8.273894	 72.448170	 2.456328	-1.169650	 80.612140	 1.485323	 1.674939	-21.013630	-3.561550	 5.168118	-136.633300	-0.295758	 3.145965	 2.280732	 0.188712	 7.210938	-12.056590	-11.694770	 40.571970	-73.611910	-6.021856	 19.823110	 67.416630	-4.716576	 19.574120	-20.517600	-25.951020	-37.170560	 56.883590	-3.484296	 9.763653	 74.841640	-1.956071	 12.112190	-9.553795	 34.172950	 1.458292	 0.450743	 36.498650	-0.543483	 0.317072	 91.145420	-0.187213	 4.055596	 0.000000	 90.000000	 0.000000	 166.689200	 16.298230	 152.449800	-171.024100	-5.314375	-30.118240
-0.042729	-0.160794	-0.013727	 171.518400	 1.297803	-88.732330	-22.053890	-0.767720	-1.000948	-18.667020	-2.624906	-0.852077	 0.660125	-2.915785	 108.526700	-0.813313	 0.122417	-8.559153	-48.750610	-25.964760	-2.559398	-13.022110	 22.323250	 0.712143	-21.732580	 30.238050	-51.588870	-5.462561	-1.991105	 10.270080	 2.503307	-1.126933	 4.530149	 3.269460	-0.636746	-79.936360	 3.936516	 3.152378	 11.707380	-0.274711	 3.148216	 9.412448	 2.904341	 4.340233	-70.284970	 37.284720	 19.752140	 14.974730	-6.822121	 19.211520	 10.843110	-5.642952	 19.246050	-70.426460	 18.492740	 10.412070	 21.330010	-3.898658	 9.395153	 9.482653	-0.473394	 9.973532	-72.457620	-57.305100	-11.444000	 6.706529	 9.275167	-0.525199	 0.082232	-19.434240	-0.175210	 3.199801	 3.187503	 1.213786	 90.008100	-85.717580	 0.299130	-100.169000	 179.580900	 4.105103	 97.167850	-0.813313	 0.122417	-8.559153	-27.538070	-42.194950	-13.564170	-75.814920	-28.518610	-27.476510	-16.942350	-15.944200	-35.691810	-14.296810	-8.255524	 72.372380	 2.456328	-1.169649	 80.610810	 1.489304	 1.673257	-21.097090	-2.490317	 3.991627	-139.213000	-0.309511	 3.145957	-2.342083	 0.188712	 7.210938	-12.056590	-6.960631	 41.045580	-79.527400	-6.021856	 19.823110	 67.416630	-4.716576	 19.574120	-20.517600	-25.055660	-36.565660	 57.410820	-3.484296	 9.763653	 74.841640	-1.956071	 12.112190	-9.553795	 33.084080	 1.595209	 0.801374	 36.498650	-0.543483	 0.317072	 84.365390	-0.235152	 4.016946	 0.000000	 90.000000	 0.000000	 166.417700	 16.592160	 151.880300	-171.325300	-5.165348	-30.890440
-0.041745	-0.164737	-0.013386	 171.068200	 1.610538	-88.471920	-22.174020	-0.642076	-0.785576	-18.741770	-2.212542	-0.669308	 0.656506	-2.906406	 108.390600	-0.813313	 0.122417	-8.559153	-53.228110	-22.746840	-5.654878	-7.347952	 21.437070	 1.210629	-22.864360	 26.679840	-55.160950	-5.462551	-1.991143	 10.269430	 2.503307	-1.126933	 4.530149	 3.269437	-0.636584	-79.933210	 3.940062	 3.153951	 11.707860	-0.274713	 3.148215	 9.411527	 2.904194	 4.340816	-70.276470	 37.285230	 19.752290	 14.977080	-6.822121	 19.211520	 10.843110	-5.642976	 19.246050	-70.427580	 18.497250	 10.414400	 21.334080	-3.898658	 9.395153	 9.482653	-0.473400	 9.973690	-72.453990	-57.303600	-11.443530	 6.710526	 9.277519	-0.525206	 0.082253	-19.429410	-0.175238	 3.199832	 3.229263	 1.059120	 90.009250	-85.969290	 0.550087	-99.728330	 179.597100	 4.020667	 97.079170	-0.813313	 0.122417	-8.559153	-27.836260	-42.048000	-13.895190	-75.420750	-28.280210	-27.200890	-16.460440	-15.755210	-35.534800	-14.288400	-8.239671	 72.306980	 2.456328	-1.169648	 80.609640	 1.492738	 1.671800	-21.169130	-1.628694	 2.963567	-141.438500	-0.321453	 3.146853	-6.367301	 0.188712	 7.210938	-12.056590	-2.828145	 41.185590	-84.756650	-6.021856	 19.823110	 67.416630	-4.716576	 19.574120	-20.517600	-24.287830	-36.034040	 57.856720	-3.484296	 9.763653	 74.841640	-1.956071	 12.112190	-9.553795	 32.134570	 1.712949	 1.112415	 36.498650	-0.543483	 0.317072	 78.461830	-0.272920	 3.978878	 0.000000	 90.000000	 0.000000	 166.224900	 16.843590	 151.389000	-171.661800	-4.953136	-31.550390
-0.041053	-0.168471	-0.012853	 170.601500	 1.926587	-88.219180	-22.286810	-0.515136	-0.576860	-18.813610	-1.797539	-0.491935	 0.653547	-2.899534	 108.258500	-0.813313	 0.122417	-8.559153	-55.495110	-18.109860	-7.113354	-5.489252	 21.064150	 1.585151	-23.164550	 22.229070	-57.639060	-5.462542	-1.991181	 10.268780	 2.503307	-1.126933	 4.530149	 3.269415	-0.636430	-79.930210	 3.943645	 3.155540	 11.708330	-0.274716	 3.148215	 9.410583	 2.904052	 4.341375	-70.268350	 37.286000	 19.752530	 14.979220	-6.822121	 19.211520	 10.843110	-5.643007	 19.246050	-70.429090	 18.501860	 10.416780	 21.337910	-3.898658	 9.395153	 9.482653	-0.473408	 9.973841	-72.450520	-57.302040	-11.443070	 6.714365	 9.279760	-0.525211	 0.082271	-19.424800	-0.175279	 3.199852	 3.269081	 0.971442	 90.008540	-86.165870	 0.663569	-99.480120	 179.610500	 3.950016	 97.006340	-0.813313	 0.122417	-8.559153	-28.007050	-41.903900	-14.111210	-75.118400	-28.040950	-26.963280	-15.991970	-15.597800	-35.359280	-14.280260	-8.224370	 72.243810	 2.456328	-1.169647	 80.608510	 1.496049	 1.670390	-21.238640	-0.852758	 1.963468	-143.586600	-0.332981	 3.148525	-10.282530	 0.188712	 7.210938	-12.056590	 1.149809	 41.078620	-89.862990	-6.021856	 19.823110	 67.416630	-4.716576	 19.574120	-20.517600	-23.551150	-35.512620	 58.278930	-3.484296	 9.763653	 74.841640	-1.956071	 12.112190	-9.553795	 31.209620	 1.825986	 1.420070	 36.498650	-0.543483	 0.317072	 72.718980	-0.305724	 3.938319	 0.000000	 90.000000	 0.000000	 166.120100	 17.061790	 150.903500	-171.979000	-4.728075	-32.160190
-0.040503	-0.172059	-0.012382	 170.042900	 2.188328	-87.961980	-22.414260	-0.360045	-0.342001	-18.897140	-1.296361	-0.292206	 0.650137	-2.891530	 108.106100	-0.813313	 0.122417	-8.559153	-56.917570	-14.743260	-8.341329	-4.601120	 20.825880	 1.707131	-23.330020	 19.114550	-59.411710	-5.462532	-1.991228	 10.267970	 2.503307	-1.126933	 4.530149	 3.269388	-0.636252	-79.926730	 3.947939	 3.157447	 11.708930	-0.274720	 3.148214	 9.409435	 2.903889	 4.342018	-70.259010	 37.287280	 19.752960	 14.981570	-6.822121	 19.211520	 10.843110	-5.643054	 19.246050	-70.431400	 18.507430	 10.419650	 21.342300	-3.898658	 9.395153	 9.482653	-0.473416	 9.974015	-72.446500	-57.300110	-11.442510	 6.718817	 9.282334	-0.525218	 0.082291	-19.419460	-0.175318	 3.199882	 3.314576	 0.923734	 90.005690	-86.310320	 0.747478	-99.317900	 179.623800	 3.879377	 96.934900	-0.813313	 0.122417	-8.559153	-28.124740	-41.751900	-14.259850	-74.839070	-27.745410	-26.715120	-15.475920	-15.418720	-35.142990	-14.270750	-8.206533	 72.170230	 2.456328	-1.169646	 80.607200	 1.499908	 1.668742	-21.319670	-0.016511	 0.790399	-146.095200	-0.346361	 3.151493	-14.889800	 0.188712	 7.210938	-12.056590	 5.714536	 40.653730	-95.834100	-6.021856	 19.823110	 67.416630	-4.716576	 19.574120	-20.517600	-22.696950	-34.893970	 58.761460	-3.484296	 9.763653	 74.841640	-1.956071	 12.112190	-9.553795	 30.119560	 1.956949	 1.788519	 36.498650	-0.543483	 0.317072	 65.961720	-0.338882	 3.886680	 0.000000	 90.000000	 0.000000	 166.044600	 17.289990	 150.435300	-172.276300	-4.492974	-32.761370
-0.040223	-0.174363	-0.012011	 169.562100	 2.344437	-87.784820	-22.518210	-0.222864	-0.158908	-18.967420	-0.861461	-0.136595	 0.647090	-2.883834	 107.980900	-0.813313	 0.122417	-8.559153	-57.338580	-13.077440	-8.896616	-4.195238	 20.619510	 1.717555	-23.322100	 17.543550	-60.295070	-5.462520	-1.991270	 10.267230	 2.503307	-1.126933	 4.530149	 3.269368	-0.636104	-79.923840	 3.951560	 3.159054	 11.709430	-0.274723	 3.148214	 9.408428	 2.903753	 4.342556	-70.251170	 37.288670	 19.753430	 14.983430	-6.822121	 19.211520	 10.843110	-5.643101	 19.246060	-70.433780	 18.512220	 10.422120	 21.345930	-3.898658	 9.395153	 9.482653	-0.473425	 9.974159	-72.443150	-57.298400	-11.442020	 6.722566	 9.284490	-0.525225	 0.082311	-19.415000	-0.175349	 3.199902	 3.352004	 0.920644	 90.001670	-86.398500	 0.775733	-99.197530	 179.633300	 3.828068	 96.883800	-0.813313	 0.122417	-8.559153	-28.211000	-41.652710	-14.320460	-74.642970	-27.477270	-26.524050	-15.095630	-15.248240	-34.966190	-14.262680	-8.191447	 72.107970	 2.456329	-1.169645	 80.606090	 1.503171	 1.667343	-21.388220	 0.633269	-0.204794	-148.222600	-0.357564	 3.154869	-18.822920	 0.188712	 7.210938	-12.056590	 9.463373	 40.048030	-100.851700	-6.021856	 19.823110	 67.416630	-4.716576	 19.574120	-20.517600	-21.978260	-34.361590	 59.161380	-3.484296	 9.763653	 74.841640	-1.956071	 12.112190	-9.553795	 29.187430	 2.066720	 2.108459	 36.498650	-0.543483	 0.317072	 60.193100	-0.362218	 3.839765	 0.000000	 90.000000	 0.000000	 165.986000	 17.470380	 150.146800	-172.484100	-4.311338	-33.135980
-0.040196	-0.176513	-0.011577	 169.067400	 2.504500	-87.611960	-22.616840	-0.082680	 0.001689	-19.035890	-0.426519	-0.000390	 0.643777	-2.874616	 107.863300	-0.813313	 0.122417	-8.559153	-57.786210	-11.991870	-9.301560	-4.244378	 20.707210	 1.803455	-23.289180	 16.609980	-60.724140	-5.462509	-1.991314	 10.266480	 2.503307	-1.126933	 4.530149	 3.269346	-0.635958	-79.921000	 3.955086	 3.160622	 11.709980	-0.274726	 3.148213	 9.407408	 2.903620	 4.343081	-70.243550	 37.290310	 19.754000	 14.985130	-6.822121	 19.211520	 10.843110	-5.643156	 19.246070	-70.436550	 18.516920	 10.424550	 21.349490	-3.898658	 9.395153	 9.482653	-0.473431	 9.974301	-72.439890	-57.296590	-11.441530	 6.726246	 9.286594	-0.525232	 0.082327	-19.410650	-0.175379	 3.199925	 3.387698	 0.943109	 89.996360	-86.461070	 0.776674	-99.010570	 179.641500	 3.783720	 96.839970	-0.813313	 0.122417	-8.559153	-28.335730	-41.596050	-14.341950	-74.465920	-27.192180	-26.347670	-14.800940	-15.041940	-34.812760	-14.254720	-8.176591	 72.046590	 2.456329	-1.169644	 80.605000	 1.506385	 1.665960	-21.455800	 1.222184	-1.185846	-150.326300	-0.368446	 3.158979	-22.733430	 0.188712	 7.210938	-12.056590	 13.018120	 39.240150	-105.730900	-6.021856	 19.823110	 67.416630	-4.716576	 19.574120	-20.517600	-21.272980	-33.828530	 59.548340	-3.484296	 9.763653	 74.841640	-1.956071	 12.112190	-9.553795	 28.259290	 2.173915	 2.431509	 36.498650	-0.543483	 0.317072	 54.457790	-0.380625	 3.791033	 0.000000	 90.000000	 0.000000	 165.923300	 17.653620	 149.875800	-172.656700	-4.135362	-33.442360
-0.040143	-0.178664	-0.011208	 168.472700	 2.628715	-87.387970	-22.726520	 0.084492	 0.167490	-19.114040	 0.083186	 0.139744	 0.639303	-2.860728	 107.736100	-0.813313	 0.122417	-8.559153	-58.099440	-11.509390	-9.598872	-4.053081	 20.403110	 1.782046	-23.239040	 15.813200	-60.905210	-5.462497	-1.991368	 10.265550	 2.503307	-1.126933	 4.530149	 3.269322	-0.635790	-79.917720	 3.959073	 3.162396	 11.710650	-0.274729	 3.148212	 9.406139	 2.903467	 4.343690	-70.234710	 37.292580	 19.754790	 14.986980	-6.822121	 19.211520	 10.843110	-5.643229	 19.246070	-70.440260	 18.522270	 10.427310	 21.353610	-3.898658	 9.395153	 9.482653	-0.473440	 9.974464	-72.436110	-57.294400	-11.440940	 6.730532	 9.289042	-0.525233	 0.082349	-19.405620	-0.175418	 3.199949	 3.427524	 0.991053	 89.988570	-86.510460	 0.756963	-98.642810	 179.649900	 3.737926	 96.794430	-0.813313	 0.122417	-8.559153	-28.560250	-41.585670	-14.340400	-74.189920	-26.856460	-26.143880	-14.557700	-14.735510	-34.669130	-14.245380	-8.159234	 71.974890	 2.456329	-1.169643	 80.603710	 1.510138	 1.664340	-21.534720	 1.845621	-2.329223	-152.795700	-0.380887	 3.164765	-27.346320	 0.188712	 7.210938	-12.056590	 16.953540	 38.048950	-111.310400	-6.021856	 19.823110	 67.416630	-4.716576	 19.574120	-20.517600	-20.452650	-33.195110	 59.991340	-3.484296	 9.763653	 74.841640	-1.956071	 12.112190	-9.553795	 27.162830	 2.297625	 2.818790	 36.498650	-0.543483	 0.317072	 47.692130	-0.395953	 3.731528	 0.000000	 90.000000	 0.000000	 165.794400	 17.884690	 149.644800	-172.832600	-3.931721	-33.800110
-0.040103	-0.180267	-0.010976	 167.996600	 2.695313	-87.197790	-22.813630	 0.210786	 0.292931	-19.177400	 0.459545	 0.245578	 0.634872	-2.845423	 107.645000	-0.813313	 0.122417	-8.559153	-58.263460	-11.226780	-9.790702	-3.858332	 20.216130	 1.740629	-23.130250	 15.272110	-60.875450	-5.462486	-1.991415	 10.264740	 2.503307	-1.126933	 4.530149	 3.269301	-0.635650	-79.915000	 3.962211	 3.163797	 11.711250	-0.274733	 3.148212	 9.405033	 2.903337	 4.344198	-70.227330	 37.294770	 19.755560	 14.988440	-6.822121	 19.211520	 10.843110	-5.643304	 19.246070	-70.443780	 18.526560	 10.429530	 21.357080	-3.898658	 9.395153	 9.482653	-0.473448	 9.974601	-72.432970	-57.292450	-11.440430	 6.734115	 9.291078	-0.525243	 0.082365	-19.401410	-0.175452	 3.199972	 3.459211	 1.040484	 89.980760	-86.538350	 0.728479	-98.249820	 179.656400	 3.702799	 96.758670	-0.813313	 0.122417	-8.559153	-28.787350	-41.606270	-14.328520	-73.851160	-26.648470	-25.975590	-14.418320	-14.475150	-34.594790	-14.237490	-8.144616	 71.914500	 2.456329	-1.169642	 80.602640	 1.513298	 1.662971	-21.601220	 2.317024	-3.287730	-154.888400	-0.391076	 3.170463	-31.271410	 0.188712	 7.210938	-12.056590	 20.061430	 36.856170	-115.887900	-6.021856	 19.823110	 67.416630	-4.716576	 19.574120	-20.517600	-19.764270	-32.652390	 60.357060	-3.484296	 9.763653	 74.841640	-1.956071	 12.112190	-9.553795	 26.228250	 2.400311	 3.153573	 36.498650	-0.543483	 0.317072	 41.935370	-0.403394	 3.679768	 0.000000	 90.000000	 0.000000	 165.676400	 18.082080	 149.462500	-172.970300	-3.756025	-34.081150
-0.040176	-0.181541	-0.010706	 167.583300	 2.745797	-87.050450	-22.894450	 0.303773	 0.408095	-19.236890	 0.733280	 0.342882	 0.629718	-2.826119	 107.573100	-0.813313	 0.122417	-8.559153	-58.402900	-10.772660	-10.017660	-3.698804	 20.267220	 1.710875	-22.980710	 14.774950	-60.745010	-5.462472	-1.991464	 10.263900	 2.503307	-1.126933	 4.530149	 3.269282	-0.635512	-79.912310	 3.965081	 3.165081	 11.711880	-0.274736	 3.148211	 9.403905	 2.903210	 4.344695	-70.220090	 37.297200	 19.756420	 14.989750	-6.822121	 19.211520	 10.843110	-5.643383	 19.246080	-70.447650	 18.530490	 10.431560	 21.360550	-3.898658	 9.395153	 9.482653	-0.473453	 9.974736	-72.429870	-57.290420	-11.439900	 6.737663	 9.293074	-0.525244	 0.082381	-19.397300	-0.175477	 3.199994	 3.488617	 1.088804	 89.971990	-86.559460	 0.695427	-97.814610	 179.662500	 3.669622	 96.723500	-0.813313	 0.122417	-8.559153	-29.048470	-41.647810	-14.322150	-73.492160	-26.559120	-25.828650	-14.323040	-14.292450	-34.585780	-14.229660	-8.130125	 71.854660	 2.456329	-1.169641	 80.601570	 1.516427	 1.661612	-21.667110	 2.735801	-4.231163	-156.975600	-0.400854	 3.176844	-35.197730	 0.188712	 7.210938	-12.056590	 22.937290	 35.521510	-120.299400	-6.021856	 19.823110	 67.416630	-4.716576	 19.574120	-20.517600	-19.084270	-32.106140	 60.712800	-3.484296	 9.763653	 74.841640	-1.956071	 12.112190	-9.553795	 25.292030	 2.500562	 3.493257	 36.498650	-0.543483	 0.317072	 36.176940	-0.405600	 3.627507	 0.000000	 90.000000	 0.000000	 165.598900	 18.242730	 149.348300	-173.107100	-3.570082	-34.257230
-0.040349	-0.182805	-0.010343	 167.149600	 2.798105	-86.907590	-22.979970	 0.378719	 0.534880	-19.300560	 0.976200	 0.450429	 0.622480	-2.797629	 107.502800	-0.813313	 0.122417	-8.559153	-58.548300	-10.303140	-10.347300	-3.504262	 20.626610	 1.659626	-22.821040	 14.533320	-60.395580	-5.462459	-1.991524	 10.262870	 2.503307	-1.126933	 4.530149	 3.269259	-0.635355	-79.909260	 3.967968	 3.166381	 11.712670	-0.274740	 3.148211	 9.402567	 2.903066	 4.345263	-70.211820	 37.300290	 19.757520	 14.991160	-6.822121	 19.211520	 10.843110	-5.643484	 19.246090	-70.452520	 18.534500	 10.433630	 21.364580	-3.898658	 9.395153	 9.482653	-0.473460	 9.974889	-72.426350	-57.288030	-11.439290	 6.741722	 9.295337	-0.525254	 0.082401	-19.392600	-0.175517	 3.200016	 3.519612	 1.132277	 89.960790	-86.583500	 0.659199	-97.293770	 179.669700	 3.631449	 96.680580	-0.813313	 0.122417	-8.559153	-29.397440	-41.715160	-14.341080	-73.083760	-26.551480	-25.680280	-14.234920	-14.153020	-34.654460	-14.220610	-8.113447	 71.785710	 2.456330	-1.169640	 80.600340	 1.520029	 1.660041	-21.743000	 3.158605	-5.307035	-159.398700	-0.411650	 3.185093	-39.767270	 0.188712	 7.210938	-12.056590	 25.987440	 33.818610	-125.220900	-6.021856	 19.823110	 67.416630	-4.716576	 19.574120	-20.517600	-18.303340	-31.466310	 61.114350	-3.484296	 9.763653	 74.841640	-1.956071	 12.112190	-9.553795	 24.200640	 2.613874	 3.894526	 36.498650	-0.543483	 0.317072	 29.474630	-0.401560	 3.566772	 0.000000	 90.000000	 0.000000	 165.535500	 18.388080	 149.280700	-173.249100	-3.354796	-34.377030
-0.040540	-0.183837	-0.009974	 166.778100	 2.850292	-86.782280	-23.047700	 0.423450	 0.645966	-19.351970	 1.173371	 0.545373	 0.614654	-2.766033	 107.443100	-0.813313	 0.122417	-8.559153	-58.598310	-9.946569	-10.585250	-3.320484	 20.916110	 1.604991	-22.711450	 14.375940	-60.052320	-5.462446	-1.991578	 10.261940	 2.503307	-1.126933	 4.530149	 3.269240	-0.635219	-79.906590	 3.970045	 3.167323	 11.713420	-0.274743	 3.148210	 9.401332	 2.902940	 4.345756	-70.204660	 37.303280	 19.758580	 14.992270	-6.822121	 19.211520	 10.843110	-5.643580	 19.246090	-70.457210	 18.537460	 10.435160	 21.368220	-3.898658	 9.395153	 9.482653	-0.473468	 9.975021	-72.423300	-57.285820	-11.438730	 6.745285	 9.297312	-0.525262	 0.082418	-19.388520	-0.175554	 3.200037	 3.543912	 1.169557	 89.950020	-86.600140	 0.633953	-96.854860	 179.676500	 3.596120	 96.638290	-0.813313	 0.122417	-8.559153	-29.749290	-41.784960	-14.399360	-72.762660	-26.581990	-25.566140	-14.228150	-14.052370	-34.790070	-14.212660	-8.098831	 71.725270	 2.456330	-1.169639	 80.599270	 1.523187	 1.658659	-21.809550	 3.477236	-6.239017	-161.543600	-0.420646	 3.193104	-43.818860	 0.188712	 7.210938	-12.056590	 28.426770	 32.200070	-129.395500	-6.021856	 19.823110	 67.416630	-4.716576	 19.574120	-20.517600	-17.620170	-30.895560	 61.459370	-3.484296	 9.763653	 74.841640	-1.956071	 12.112190	-9.553795	 23.231370	 2.711094	 4.255535	 36.498650	-0.543483	 0.317072	 23.532510	-0.392068	 3.513641	 0.000000	 90.000000	 0.000000	 165.481500	 18.486860	 149.263400	-173.330100	-3.185288	-34.441820
-0.040730	-0.184714	-0.009609	 166.432400	 2.898285	-86.667800	-23.104840	 0.454199	 0.755101	-19.396190	 1.343610	 0.639311	 0.605811	-2.729646	 107.389400	-0.813313	 0.122417	-8.559153	-58.587640	-9.658969	-10.765390	-3.135801	 21.057530	 1.548089	-22.665600	 14.196330	-59.765010	-5.462434	-1.991632	 10.261010	 2.503307	-1.126933	 4.530149	 3.269221	-0.635092	-79.904110	 3.970794	 3.167687	 11.714220	-0.274747	 3.148210	 9.400134	 2.902823	 4.346215	-70.197980	 37.306330	 19.759670	 14.993220	-6.822121	 19.211520	 10.843110	-5.643675	 19.246100	-70.461950	 18.538670	 10.435790	 21.371880	-3.898658	 9.395153	 9.482653	-0.473474	 9.975145	-72.420430	-57.283680	-11.438200	 6.748615	 9.299158	-0.525269	 0.082432	-19.384700	-0.175578	 3.200054	 3.564000	 1.224925	 89.939050	-86.599360	 0.612153	-96.600880	 179.683500	 3.559597	 96.592110	-0.813313	 0.122417	-8.559153	-30.122830	-41.853850	-14.506640	-72.522190	-26.600410	-25.470760	-14.321380	-13.941760	-34.977300	-14.205160	-8.085071	 71.668370	 2.456330	-1.169638	 80.598250	 1.526156	 1.657357	-21.872180	 3.732788	-7.104544	-163.582300	-0.428658	 3.201297	-47.673390	 0.188712	 7.210938	-12.056590	 30.523210	 30.586130	-133.210300	-6.021856	 19.823110	 67.416630	-4.716576	 19.574120	-20.517600	-16.977980	-30.349620	 61.778240	-3.484296	 9.763653	 74.841640	-1.956071	 12.112190	-9.553795	 22.308020	 2.800678	 4.603521	 36.498650	-0.543483	 0.317072	 17.879160	-0.377981	 3.464260	 0.000000	 90.000000	 0.000000	 165.444400	 18.559180	 149.274700	-173.385900	-3.034844	-34.476930
-0.040997	-0.185478	-0.009218	 166.058000	 2.934624	-86.575110	-23.161920	 0.484268	 0.891659	-19.440980	 1.470475	 0.757553	 0.593196	-2.676405	 107.344000	-0.813313	 0.122417	-8.559153	-58.518880	-9.387348	-10.923050	-2.912099	 21.227670	 1.474483	-22.705720	 14.118580	-59.457270	-5.462417	-1.991696	 10.259910	 2.503307	-1.126933	 4.530149	 3.269200	-0.634947	-79.901300	 3.969051	 3.166974	 11.715330	-0.274751	 3.148209	 9.398721	 2.902690	 4.346739	-70.190360	 37.310100	 19.761030	 14.994190	-6.822121	 19.211520	 10.843110	-5.643792	 19.246110	-70.467800	 18.536680	 10.434760	 21.376720	-3.898658	 9.395153	 9.482653	-0.473481	 9.975286	-72.417180	-57.281140	-11.437580	 6.752433	 9.301240	-0.525273	 0.082450	-19.380360	-0.175602	 3.200079	 3.583277	 1.307049	 89.925570	-86.578110	 0.613048	-96.535580	 179.692900	 3.511607	 96.528560	-0.813313	 0.122417	-8.559153	-30.572550	-41.933810	-14.657860	-72.339320	-26.564610	-25.371970	-14.424420	-13.798500	-35.213700	-14.196540	-8.069295	 71.603070	 2.456330	-1.169637	 80.597080	 1.529565	 1.655856	-21.944100	 3.973267	-8.081758	-165.948800	-0.437242	 3.211458	-52.148530	 0.188712	 7.210938	-12.056590	 32.694310	 28.645260	-137.459700	-6.021856	 19.823110	 67.416630	-4.716576	 19.574120	-20.517600	-16.241610	-29.712330	 62.137180	-3.484296	 9.763653	 74.841640	-1.956071	 12.112190	-9.553795	 21.234210	 2.900764	 5.012904	 36.498650	-0.543483	 0.317072	 11.315690	-0.355616	 3.409001	 0.000000	 90.000000	 0.000000	 165.446700	 18.615900	 149.311000	-173.447400	-2.862673	-34.492300
-0.041224	-0.185954	-0.008902	 165.752300	 2.963715	-86.521060	-23.202770	 0.501044	 1.013902	-19.473700	 1.545210	 0.864213	 0.579717	-2.618608	 107.317000	-0.813313	 0.122417	-8.559153	-58.423060	-9.205729	-11.018820	-2.711850	 21.368640	 1.405735	-22.773340	 14.137950	-59.266080	-5.462403	-1.991752	 10.258930	 2.503307	-1.126933	 4.530149	 3.269183	-0.634824	-79.898900	 3.965788	 3.165593	 11.716400	-0.274755	 3.148208	 9.397440	 2.902576	 4.347183	-70.183900	 37.313560	 19.762270	 14.994950	-6.822121	 19.211520	 10.843110	-5.643901	 19.246120	-70.473110	 18.532700	 10.432710	 21.381270	-3.898658	 9.395153	 9.482653	-0.473487	 9.975405	-72.414420	-57.278900	-11.437050	 6.755673	 9.303018	-0.525276	 0.082464	-19.376710	-0.175642	 3.200096	 3.596147	 1.387514	 89.913410	-86.542990	 0.647833	-96.681020	 179.701900	 3.463563	 96.472830	-0.813313	 0.122417	-8.559153	-30.926380	-42.004140	-14.743700	-72.251660	-26.487700	-25.294000	-14.439000	-13.680640	-35.405300	-14.189150	-8.055821	 71.547330	 2.456330	-1.169636	 80.596080	 1.532472	 1.654572	-22.005470	 4.133934	-8.899966	-167.993000	-0.443998	 3.220748	-56.013150	 0.188712	 7.210938	-12.056590	 34.353500	 26.929530	-140.986100	-6.021856	 19.823110	 67.416630	-4.716576	 19.574120	-20.517600	-15.613580	-29.159230	 62.437560	-3.484296	 9.763653	 74.841640	-1.956071	 12.112190	-9.553795	 20.305620	 2.983750	 5.371027	 36.498650	-0.543483	 0.317072	 5.648287	-0.331329	 3.363611	 0.000000	 90.000000	 0.000000	 165.451300	 18.642840	 149.363200	-173.487800	-2.735139	-34.487710
-0.041452	-0.186225	-0.008648	 165.475700	 2.983998	-86.486080	-23.235280	 0.496915	 1.129921	-19.500580	 1.594515	 0.966469	 0.564011	-2.550715	 107.299000	-0.813313	 0.122417	-8.559153	-58.303630	-9.071354	-11.081280	-2.504095	 21.492670	 1.332786	-22.858890	 14.216000	-59.149560	-5.462389	-1.991812	 10.257900	 2.503307	-1.126933	 4.530149	 3.269165	-0.634702	-79.896530	 3.961367	 3.163711	 11.717570	-0.274759	 3.148207	 9.396138	 2.902465	 4.347622	-70.177520	 37.317200	 19.763580	 14.995580	-6.822121	 19.211520	 10.843110	-5.644017	 19.246130	-70.478710	 18.527190	 10.429860	 21.386050	-3.898658	 9.395153	 9.482653	-0.473493	 9.975521	-72.411730	-57.276600	-11.436490	 6.758890	 9.304771	-0.525280	 0.082479	-19.373090	-0.175662	 3.200114	 3.605296	 1.472070	 89.900810	-86.495610	 0.712563	-96.691580	 179.711300	 3.407222	 96.428600	-0.813313	 0.122417	-8.559153	-31.243170	-42.071890	-14.788400	-72.233210	-26.392310	-25.225010	-14.410200	-13.586270	-35.588250	-14.181770	-8.042386	 71.491750	 2.456331	-1.169635	 80.595110	 1.535369	 1.653288	-22.066660	 4.253404	-9.699449	-170.055700	-0.450158	 3.230553	-59.909500	 0.188712	 7.210938	-12.056590	 35.835940	 25.177920	-144.419800	-6.021856	 19.823110	 67.416630	-4.716576	 19.574120	-20.517600	-14.987330	-28.598930	 62.731670	-3.484296	 9.763653	 74.841640	-1.956071	 12.112190	-9.553795	 19.368000	 3.063974	 5.736331	 36.498650	-0.543483	 0.317072	-0.066235	-0.302418	 3.320499	 0.000000	 90.000000	 0.000000	 165.453700	 18.629020	 149.432800	-173.493900	-2.652148	-34.469240
-0.041698	-0.186281	-0.008470	 165.213500	 2.981321	-86.473820	-23.254980	 0.470787	 1.254149	-19.518410	 1.595334	 1.077027	 0.543791	-2.462877	 107.286600	-0.813313	 0.122417	-8.559153	-58.152500	-8.976274	-11.115390	-2.259952	 21.596560	 1.246216	-22.975260	 14.339540	-59.054250	-5.462372	-1.991883	 10.256690	 2.503307	-1.126933	 4.530149	 3.269145	-0.634567	-79.893880	 3.955537	 3.161220	 11.718960	-0.274763	 3.148207	 9.394613	 2.902339	 4.348114	-70.170360	 37.321590	 19.765160	 14.996220	-6.822121	 19.211520	 10.843110	-5.644154	 19.246140	-70.485400	 18.519860	 10.426090	 21.391650	-3.898658	 9.395153	 9.482653	-0.473500	 9.975657	-72.408680	-57.273900	-11.435850	 6.762536	 9.306720	-0.525280	 0.082495	-19.369010	-0.175692	 3.200138	 3.611019	 1.566231	 89.886060	-86.431450	 0.797205	-96.513990	 179.722400	 3.336222	 96.390300	-0.813313	 0.122417	-8.559153	-31.555300	-42.142520	-14.790880	-72.285970	-26.260260	-25.153660	-14.347030	-13.498990	-35.776940	-14.173400	-8.027192	 71.428840	 2.456331	-1.169634	 80.593970	 1.538647	 1.651832	-22.135940	 4.339808	-10.583030	-172.424000	-0.456381	 3.242278	-64.376990	 0.188712	 7.210938	-12.056590	 37.315510	 23.159550	-148.222200	-6.021856	 19.823110	 67.416630	-4.716576	 19.574120	-20.517600	-14.277700	-27.953410	 63.058300	-3.484296	 9.763653	 74.841640	-1.956071	 12.112190	-9.553795	 18.291360	 3.151516	 6.160264	 36.498650	-0.543483	 0.317072	-6.617929	-0.264190	 3.274899	 0.000000	 90.000000	 0.000000	 165.485600	 18.577530	 149.520300	-173.486000	-2.587700	-34.438700
-0.041896	-0.186229	-0.008334	 165.029200	 2.989343	-86.479220	-23.249860	 0.433520	 1.354966	-19.517780	 1.556865	 1.167654	 0.524621	-2.379217	 107.288300	-0.813313	 0.122417	-8.559153	-58.020460	-8.943732	-11.116330	-2.043056	 21.639660	 1.169465	-23.078630	 14.451540	-59.008330	-5.462358	-1.991946	 10.255600	 2.503307	-1.126933	 4.530149	 3.269128	-0.634450	-79.891600	 3.950325	 3.158996	 11.720220	-0.274767	 3.148206	 9.393245	 2.902233	 4.348533	-70.164280	 37.325580	 19.766600	 14.996670	-6.822121	 19.211520	 10.843110	-5.644279	 19.246140	-70.491480	 18.513300	 10.422700	 21.396500	-3.898658	 9.395153	 9.482653	-0.473505	 9.975770	-72.406070	-57.271540	-11.435300	 6.765651	 9.308407	-0.525287	 0.082509	-19.365550	-0.175726	 3.200155	 3.612329	 1.639638	 89.873060	-86.371140	 0.848298	-96.310550	 179.731400	 3.275844	 96.365660	-0.813313	 0.122417	-8.559153	-31.790820	-42.198580	-14.754630	-72.385180	-26.124630	-25.094560	-14.286260	-13.432540	-35.915230	-14.166170	-8.014105	 71.374690	 2.456331	-1.169633	 80.593000	 1.541467	 1.650575	-22.195550	 4.372771	-11.323190	-174.492600	-0.461046	 3.252868	-68.271670	 0.188712	 7.210938	-12.056590	 38.426290	 21.404650	-151.432600	-6.021856	 19.823110	 67.416630	-4.716576	 19.574120	-20.517600	-13.666250	-27.388150	 63.333920	-3.484296	 9.763653	 74.841640	-1.956071	 12.112190	-9.553795	 17.351510	 3.223830	 6.534168	 36.498650	-0.543483	 0.317072	-12.329580	-0.226815	 3.238924	 0.000000	 90.000000	 0.000000	 165.534000	 18.515200	 149.597800	-173.476900	-2.543297	-34.409780
-0.042116	-0.186045	-0.008255	 164.883700	 2.990695	-86.495820	-23.228040	 0.387283	 1.447845	-19.504790	 1.492067	 1.251947	 0.504646	-2.291699	 107.308800	-0.813313	 0.122417	-8.559153	-57.901970	-8.958840	-11.089220	-1.826363	 21.625650	 1.093674	-23.169080	 14.542850	-59.001610	-5.462342	-1.992008	 10.254520	 2.503307	-1.126933	 4.530149	 3.269112	-0.634337	-79.889410	 3.945634	 3.156997	 11.721440	-0.274771	 3.148206	 9.391871	 2.902129	 4.348939	-70.158350	 37.329670	 19.768080	 14.997040	-6.822121	 19.211520	 10.843110	-5.644403	 19.246150	-70.497670	 18.507340	 10.419630	 21.401120	-3.898658	 9.395153	 9.482653	-0.473512	 9.975878	-72.403550	-57.269170	-11.434750	 6.768674	 9.310014	-0.525295	 0.082522	-19.362190	-0.175748	 3.200171	 3.610426	 1.698412	 89.860240	-86.310200	 0.857530	-96.174430	 179.739800	 3.217841	 96.347260	-0.813313	 0.122417	-8.559153	-31.992250	-42.247560	-14.686730	-72.521420	-25.971200	-25.035610	-14.240150	-13.367630	-36.020370	-14.159120	-8.001357	 71.321890	 2.456331	-1.169633	 80.592060	 1.544216	 1.649347	-22.253680	 4.368212	-12.025340	-176.539400	-0.464934	 3.263613	-72.117540	 0.188712	 7.210938	-12.056590	 39.370900	 19.686560	-154.519100	-6.021856	 19.823110	 67.416630	-4.716576	 19.574120	-20.517600	-13.068740	-26.827720	 63.597970	-3.484296	 9.763653	 74.841640	-1.956071	 12.112190	-9.553795	 16.422270	 3.291402	 6.907230	 36.498650	-0.543483	 0.317072	-17.969660	-0.186554	 3.207230	 0.000000	 90.000000	 0.000000	 165.626700	 18.417140	 149.667100	-173.454800	-2.508273	-34.383200
-0.042459	-0.185401	-0.008352	 164.696600	 2.958474	-86.519210	-23.186520	 0.326399	 1.547714	-19.477580	 1.394701	 1.343490	 0.480459	-2.185671	 107.350300	-0.813313	 0.122417	-8.559153	-57.748680	-9.020470	-11.003470	-1.572576	 21.520480	 1.006909	-23.242510	 14.594030	-59.048890	-5.462323	-1.992084	 10.253190	 2.503307	-1.126933	 4.530149	 3.269093	-0.634209	-79.886920	 3.941365	 3.155189	 11.722820	-0.274776	 3.148205	 9.390232	 2.902010	 4.349403	-70.151600	 37.334560	 19.769840	 14.997390	-6.822121	 19.211520	 10.843110	-5.644555	 19.246170	-70.505110	 18.501910	 10.416830	 21.406100	-3.898658	 9.395153	 9.482653	-0.473518	 9.976001	-72.400680	-57.266380	-11.434110	 6.772149	 9.311838	-0.525299	 0.082537	-19.358360	-0.175776	 3.200191	 3.604366	 1.771427	 89.845380	-86.232460	 0.838359	-95.944010	 179.749100	 3.152426	 96.330710	-0.813313	 0.122417	-8.559153	-32.189050	-42.280890	-14.570130	-72.710850	-25.763570	-24.947420	-14.264400	-13.274350	-36.090050	-14.151000	-7.986732	 71.261310	 2.456331	-1.169631	 80.590960	 1.547367	 1.647934	-22.320370	 4.318519	-12.805230	-178.927200	-0.468538	 3.276410	-76.592790	 0.188712	 7.210938	-12.056590	 40.293120	 17.717520	-158.019500	-6.021856	 19.823110	 67.416630	-4.716576	 19.574120	-20.517600	-12.381110	-26.172880	 63.895240	-3.484296	 9.763653	 74.841640	-1.956071	 12.112190	-9.553795	 15.339430	 3.365033	 7.346023	 36.498650	-0.543483	 0.317072	-24.532580	-0.136064	 3.175543	 0.000000	 90.000000	 0.000000	 165.752000	 18.275270	 149.804700	-173.401400	-2.448296	-34.360520
-0.042798	-0.184268	-0.008658	 164.482200	 2.861395	-86.541070	-23.142150	 0.273158	 1.625231	-19.447430	 1.303951	 1.415311	 0.459611	-2.094463	 107.394700	-0.813313	 0.122417	-8.559153	-57.560670	-9.085246	-10.874480	-1.358523	 21.360160	 0.935654	-23.264630	 14.581790	-59.133640	-5.462306	-1.992150	 10.252070	 2.503307	-1.126933	 4.530149	 3.269078	-0.634104	-79.884860	 3.939335	 3.154350	 11.723920	-0.274780	 3.148204	 9.388826	 2.901914	 4.349785	-70.146070	 37.338830	 19.771390	 14.997580	-6.822121	 19.211520	 10.843110	-5.644688	 19.246170	-70.511570	 18.499320	 10.415490	 21.409860	-3.898658	 9.395153	 9.482653	-0.473523	 9.976106	-72.398320	-57.264000	-11.433560	 6.775036	 9.313374	-0.525302	 0.082550	-19.355200	-0.175800	 3.200208	 3.596351	 1.867635	 89.832890	-86.155200	 0.816397	-95.488490	 179.756500	 3.099059	 96.318650	-0.813313	 0.122417	-8.559153	-32.324550	-42.273700	-14.442260	-72.881520	-25.559630	-24.838410	-14.387510	-13.166690	-36.104870	-14.144250	-7.974586	 71.210950	 2.456331	-1.169630	 80.590080	 1.549986	 1.646758	-22.375810	 4.241209	-13.430870	 179.053500	-0.470793	 3.287393	-80.367230	 0.188712	 7.210938	-12.056590	 40.933520	 16.090360	-160.906000	-6.021856	 19.823110	 67.416630	-4.716576	 19.574120	-20.517600	-11.807330	-25.618410	 64.137780	-3.484296	 9.763653	 74.841640	-1.956071	 12.112190	-9.553795	 14.425050	 3.422812	 7.719857	 36.498650	-0.543483	 0.317072	-30.067520	-0.090902	 3.153449	 0.000000	 90.000000	 0.000000	 165.838700	 18.147730	 150.026600	-173.331900	-2.368461	-34.311720
-0.043013	-0.182921	-0.008973	 164.275400	 2.719311	-86.570280	-23.093040	 0.221909	 1.696762	-19.413460	 1.214272	 1.482263	 0.438659	-2.003099	 107.442900	-0.813313	 0.122417	-8.559153	-57.333590	-9.160803	-10.702930	-1.145361	 21.151050	 0.866391	-23.144890	 14.481800	-59.273710	-5.462291	-1.992218	 10.250890	 2.503307	-1.126933	 4.530149	 3.269063	-0.633999	-79.882830	 3.938539	 3.154047	 11.724940	-0.274784	 3.148203	 9.387377	 2.901817	 4.350160	-70.140610	 37.343210	 19.772980	 14.997710	-6.822121	 19.211520	 10.843110	-5.644821	 19.246190	-70.518150	 18.499560	 10.415610	 21.413010	-3.898658	 9.395153	 9.482653	-0.473528	 9.976205	-72.396000	-57.261600	-11.433020	 6.777877	 9.314844	-0.525306	 0.082561	-19.352110	-0.175821	 3.200222	 3.585743	 1.988169	 89.820560	-86.069410	 0.782060	-95.007080	 179.763400	 3.047332	 96.314070	-0.813313	 0.122417	-8.559153	-32.435540	-42.239030	-14.291210	-73.076410	-25.371410	-24.709820	-14.578510	-13.077460	-36.104180	-14.137560	-7.962584	 71.161240	 2.456331	-1.169630	 80.589190	 1.552570	 1.645593	-22.430560	 4.132989	-14.026930	 177.026600	-0.472320	 3.298512	-84.145780	 0.188712	 7.210938	-12.056590	 41.457610	 14.499030	-163.743900	-6.021856	 19.823110	 67.416630	-4.716576	 19.574120	-20.517600	-11.238470	-25.061500	 64.373180	-3.484296	 9.763653	 74.841640	-1.956071	 12.112190	-9.553795	 13.508580	 3.476545	 8.097470	 36.498650	-0.543483	 0.317072	-35.607980	-0.043770	 3.135795	 0.000000	 90.000000	 0.000000	 165.899400	 18.034250	 150.294700	-173.260300	-2.289653	-34.207050
-0.043023	-0.181289	-0.009305	 164.092600	 2.522804	-86.615850	-23.034940	 0.169499	 1.772619	-19.372680	 1.122823	 1.554109	 0.414582	-1.898529	 107.497900	-0.813313	 0.122417	-8.559153	-57.040730	-9.261749	-10.462020	-0.899664	 20.867860	 0.788467	-22.763890	 14.237870	-59.507030	-5.462271	-1.992299	 10.249510	 2.503307	-1.126933	 4.530149	 3.269046	-0.633881	-79.880510	 3.937953	 3.153844	 11.726150	-0.274790	 3.148202	 9.385650	 2.901708	 4.350586	-70.134400	 37.348430	 19.774870	 14.997770	-6.822121	 19.211520	 10.843110	-5.644984	 19.246190	-70.526020	 18.503750	 10.417780	 21.415850	-3.898658	 9.395153	 9.482653	-0.473533	 9.976322	-72.393360	-57.258790	-11.432390	 6.781117	 9.316540	-0.525313	 0.082577	-19.348590	-0.175850	 3.200240	 3.570333	 2.148589	 89.806550	-85.962310	 0.721641	-94.601670	 179.770400	 2.989192	 96.329890	-0.813313	 0.122417	-8.559153	-32.537940	-42.170720	-14.091050	-73.350260	-25.224400	-24.550570	-14.851440	-13.052530	-36.116410	-14.129880	-7.948822	 71.104170	 2.456331	-1.169629	 80.588160	 1.555535	 1.644253	-22.493380	 3.969938	-14.682580	 174.656600	-0.473169	 3.311566	-88.550040	 0.188712	 7.210938	-12.056590	 41.931320	 12.698650	-166.996600	-6.021856	 19.823110	 67.416630	-4.716576	 19.574120	-20.517600	-10.582100	-24.410050	 64.638450	-3.484296	 9.763653	 74.841640	-1.956071	 12.112190	-9.553795	 12.439230	 3.533880	 8.541707	 36.498650	-0.543483	 0.317072	-42.066450	 0.013011	 3.121079	 0.000000	 90.000000	 0.000000	 165.939000	 17.940910	 150.595300	-173.196000	-2.230715	-34.072710
-0.042874	-0.179823	-0.009545	 163.978200	 2.356599	-86.660850	-22.978320	 0.128881	 1.830323	-19.333550	 1.033206	 1.609346	 0.394979	-1.813722	 107.544700	-0.813313	 0.122417	-8.559153	-56.788340	-9.357300	-10.235560	-0.695879	 20.615080	 0.725151	-22.433150	 14.019670	-59.708140	-5.462255	-1.992369	 10.248300	 2.503307	-1.126933	 4.530149	 3.269032	-0.633783	-79.878610	 3.937717	 3.153786	 11.727170	-0.274794	 3.148201	 9.384178	 2.901618	 4.350939	-70.129270	 37.352940	 19.776510	 14.997770	-6.822121	 19.211520	 10.843110	-5.645120	 19.246210	-70.532790	 18.509650	 10.420830	 21.417720	-3.898658	 9.395153	 9.482653	-0.473539	 9.976415	-72.391170	-57.256430	-11.431850	 6.783801	 9.317935	-0.525313	 0.082590	-19.345670	-0.175875	 3.200253	 3.554894	 2.291383	 89.795200	-85.869690	 0.663060	-94.349020	 179.775400	 2.942078	 96.356190	-0.813313	 0.122417	-8.559153	-32.582450	-42.099670	-13.867560	-73.724330	-25.052930	-24.416450	-15.085740	-13.046370	-36.141250	-14.123490	-7.937410	 71.056850	 2.456332	-1.169628	 80.587330	 1.557993	 1.643140	-22.545480	 3.803441	-15.201640	 172.653200	-0.473102	 3.322589	-92.261350	 0.188712	 7.210938	-12.056590	 42.223900	 11.232570	-169.698500	-6.021856	 19.823110	 67.416630	-4.716576	 19.574120	-20.517600	-10.034350	-23.859190	 64.854500	-3.484296	 9.763653	 74.841640	-1.956071	 12.112190	-9.553795	 11.537050	 3.577569	 8.919334	 36.498650	-0.543483	 0.317072	-47.508850	 0.061902	 3.113707	 0.000000	 90.000000	 0.000000	 165.949900	 17.894450	 150.879100	-173.159100	-2.202476	-33.945810
-0.042598	-0.178238	-0.009701	 163.902000	 2.217477	-86.711490	-22.901420	 0.083782	 1.882499	-19.281850	 0.895751	 1.659758	 0.376303	-1.733257	 107.599700	-0.813313	 0.122417	-8.559153	-56.546960	-9.462641	-9.996896	-0.495336	 20.366140	 0.663763	-22.246860	 13.868340	-59.871530	-5.462237	-1.992441	 10.247060	 2.503307	-1.126933	 4.530149	 3.269018	-0.633688	-79.876750	 3.937692	 3.153821	 11.728200	-0.274798	 3.148201	 9.382679	 2.901529	 4.351285	-70.124220	 37.357510	 19.778160	 14.997720	-6.822121	 19.211520	 10.843110	-5.645260	 19.246210	-70.539690	 18.516890	 10.424570	 21.419270	-3.898658	 9.395153	 9.482653	-0.473544	 9.976507	-72.389030	-57.254030	-11.431310	 6.786461	 9.319310	-0.525314	 0.082599	-19.342820	-0.175892	 3.200267	 3.537294	 2.433090	 89.784400	-85.778020	 0.605087	-94.153450	 179.779900	 2.896607	 96.389960	-0.813313	 0.122417	-8.559153	-32.562500	-42.026630	-13.545910	-74.218120	-24.784010	-24.277380	-15.289130	-13.004720	-36.181900	-14.117160	-7.926132	 71.010100	 2.456331	-1.169628	 80.586470	 1.560419	 1.642038	-22.596940	 3.611323	-15.691060	 170.637900	-0.472317	 3.333620	-95.984270	 0.188712	 7.210938	-12.056590	 42.426460	 9.812694	-172.379500	-6.021856	 19.823110	 67.416630	-4.716576	 19.574120	-20.517600	-9.489759	-23.305020	 65.064440	-3.484296	 9.763653	 74.841640	-1.956071	 12.112190	-9.553795	 10.631140	 3.617047	 9.301063	 36.498650	-0.543483	 0.317072	-52.968510	 0.111424	 3.110996	 0.000000	 90.000000	 0.000000	 165.939000	 17.873720	 151.216900	-173.136500	-2.179837	-33.759540
-0.042201	-0.176248	-0.009781	 163.820200	 2.075210	-86.771610	-22.788810	 0.026249	 1.936363	-19.207050	 0.692677	 1.712473	 0.350715	-1.623555	 107.673300	-0.813313	 0.122417	-8.559153	-56.251790	-9.578688	-9.699250	-0.266631	 20.103870	 0.594399	-22.185510	 13.778980	-60.008920	-5.462215	-1.992527	 10.245580	 2.503307	-1.126933	 4.530149	 3.269002	-0.633578	-79.874610	 3.937936	 3.153983	 11.729420	-0.274803	 3.148199	 9.380866	 2.901428	 4.351680	-70.118490	 37.362960	 19.780140	 14.997560	-6.822121	 19.211520	 10.843110	-5.645427	 19.246230	-70.547820	 18.525900	 10.429220	 21.420900	-3.898658	 9.395153	 9.482653	-0.473549	 9.976614	-72.386590	-57.251250	-11.430700	 6.789512	 9.320872	-0.525324	 0.082613	-19.339550	-0.175917	 3.200287	 3.514359	 2.645261	 89.772420	-85.618650	 0.540764	-93.969790	 179.784500	 2.845785	 96.438300	-0.813313	 0.122417	-8.559153	-32.468040	-41.944450	-13.061850	-74.727270	-24.392070	-24.088900	-15.444080	-12.870710	-36.252870	-14.109880	-7.913178	 70.956400	 2.456332	-1.169627	 80.585520	 1.563208	 1.640768	-22.656120	 3.356791	-16.223020	 168.273200	-0.470491	 3.346426	-100.339300	 0.188712	 7.210938	-12.056590	 42.555970	 8.221333	-175.484200	-6.021856	 19.823110	 67.416630	-4.716576	 19.574120	-20.517600	-8.858642	-22.654830	 65.301550	-3.484296	 9.763653	 74.841640	-1.956071	 12.112190	-9.553795	 9.570582	 3.657547	 9.751029	 36.498650	-0.543483	 0.317072	-59.353650	 0.169346	 3.113826	 0.000000	 90.000000	 0.000000	 165.900800	 17.873330	 151.681300	-173.118700	-2.161168	-33.488880
-0.041708	-0.174277	-0.009815	 163.770500	 1.931557	-86.829720	-22.676070	-0.026264	 1.976252	-19.132430	 0.499610	 1.752113	 0.320613	-1.495093	 107.742900	-0.813313	 0.122417	-8.559153	-55.937870	-9.644009	-9.417034	-0.076297	 19.997790	 0.535165	-22.178630	 13.815720	-60.062660	-5.462198	-1.992602	 10.244280	 2.503307	-1.126933	 4.530149	 3.268988	-0.633486	-79.872830	 3.938373	 3.154220	 11.730460	-0.274808	 3.148199	 9.379292	 2.901344	 4.352010	-70.113690	 37.367690	 19.781850	 14.997390	-6.822121	 19.211520	 10.843110	-5.645570	 19.246240	-70.554900	 18.533050	 10.432920	 21.422320	-3.898658	 9.395153	 9.482653	-0.473554	 9.976703	-72.384560	-57.248860	-11.430170	 6.792060	 9.322172	-0.525328	 0.082622	-19.336830	-0.175940	 3.200298	 3.493169	 2.920797	 89.762670	-85.398200	 0.518908	-93.828390	 179.787800	 2.804461	 96.491660	-0.813313	 0.122417	-8.559153	-32.336050	-41.881730	-12.570660	-75.252590	-23.956140	-23.929420	-15.502850	-12.708620	-36.338590	-14.103770	-7.902333	 70.911340	 2.456332	-1.169626	 80.584690	 1.565543	 1.639702	-22.705690	 3.115905	-16.642200	 166.248400	-0.468166	 3.357221	-104.056700	 0.188712	 7.210938	-12.056590	 42.581550	 6.925313	-178.113100	-6.021856	 19.823110	 67.416630	-4.716576	 19.574120	-20.517600	-8.324788	-22.098190	 65.496880	-3.484296	 9.763653	 74.841640	-1.956071	 12.112190	-9.553795	 8.664414	 3.687132	 10.137990	 36.498650	-0.543483	 0.317072	-64.804760	 0.218294	 3.121328	 0.000000	 90.000000	 0.000000	 165.837700	 17.881720	 152.188600	-173.099400	-2.165605	-33.232270
-0.041059	-0.172213	-0.009847	 163.779800	 1.774529	-86.896510	-22.551610	-0.080767	 2.010337	-19.050050	 0.305357	 1.786622	 0.287327	-1.353805	 107.817600	-0.813313	 0.122417	-8.559153	-55.590080	-9.682224	-9.109653	 0.107826	 20.043490	 0.475360	-22.206880	 13.993360	-60.071090	-5.462179	-1.992679	 10.242960	 2.503307	-1.126933	 4.530149	 3.268976	-0.633398	-79.871100	 3.938984	 3.154535	 11.731500	-0.274813	 3.148199	 9.377712	 2.901262	 4.352330	-70.109030	 37.372410	 19.783570	 14.997170	-6.822121	 19.211520	 10.843110	-5.645714	 19.246250	-70.561950	 18.538780	 10.435880	 21.423950	-3.898658	 9.395153	 9.482653	-0.473557	 9.976788	-72.382580	-57.246520	-11.429660	 6.794540	 9.323430	-0.525328	 0.082633	-19.334200	-0.175958	 3.200311	 3.470716	 3.240019	 89.753680	-85.169730	 0.559304	-93.782830	 179.790300	 2.765424	 96.554310	-0.813313	 0.122417	-8.559153	-32.166650	-41.830660	-12.025400	-75.860240	-23.465100	-23.781940	-15.509000	-12.530660	-36.451160	-14.097800	-7.891744	 70.867440	 2.456332	-1.169625	 80.583930	 1.567819	 1.638661	-22.754010	 2.857258	-17.025620	 164.235200	-0.465172	 3.367753	-107.742800	 0.188712	 7.210938	-12.056590	 42.535270	 5.699535	 179.295200	-6.021856	 19.823110	 67.416630	-4.716576	 19.574120	-20.517600	-7.799676	-21.544810	 65.684230	-3.484296	 9.763653	 74.841640	-1.956071	 12.112190	-9.553795	 7.765175	 3.711824	 10.524130	 36.498650	-0.543483	 0.317072	-70.209880	 0.265911	 3.133325	 0.000000	 90.000000	 0.000000	 165.780600	 17.901110	 152.644900	-173.075600	-2.182786	-32.918690
-0.040176	-0.169507	-0.009829	 163.817000	 1.579730	-86.975490	-22.396310	-0.145491	 2.042749	-18.947010	 0.098103	 1.820311	 0.250323	-1.197913	 107.909200	-0.813313	 0.122417	-8.559153	-55.175000	-9.704301	-8.709180	 0.311380	 20.179360	 0.407911	-22.363870	 14.323520	-60.102270	-5.462157	-1.992768	 10.241420	 2.503307	-1.126933	 4.530149	 3.268962	-0.633299	-79.869160	 3.939903	 3.154990	 11.732700	-0.274818	 3.148198	 9.375848	 2.901170	 4.352688	-70.103810	 37.377840	 19.785540	 14.996860	-6.822121	 19.211520	 10.843110	-5.645882	 19.246260	-70.570090	 18.543530	 10.438340	 21.426100	-3.898658	 9.395153	 9.482653	-0.473563	 9.976883	-72.380380	-57.243830	-11.429070	 6.797317	 9.324843	-0.525328	 0.082644	-19.331240	-0.175985	 3.200325	 3.443118	 3.610041	 89.744610	-84.960820	 0.654404	-93.967290	 179.792600	 2.723088	 96.636370	-0.813313	 0.122417	-8.559153	-31.899680	-41.777270	-11.338010	-76.661660	-22.873430	-23.636350	-15.470700	-12.337620	-36.620170	-14.091070	-7.879855	 70.818090	 2.456332	-1.169624	 80.583020	 1.570377	 1.637488	-22.808370	 2.538214	-17.425780	 161.918300	-0.460910	 3.379575	-111.973300	 0.188712	 7.210938	-12.056590	 42.400780	 4.368174	 176.335300	-6.021856	 19.823110	 67.416630	-4.716576	 19.574120	-20.517600	-7.202122	-20.908080	 65.891580	-3.484296	 9.763653	 74.841640	-1.956071	 12.112190	-9.553795	 6.732307	 3.734315	 10.970140	 36.498650	-0.543483	 0.317072	-76.413090	 0.318869	 3.152545	 0.000000	 90.000000	 0.000000	 165.696500	 17.918120	 153.246000	-173.041700	-2.209502	-32.423610
-0.039420	-0.167018	-0.009790	 163.853700	 1.405940	-87.046460	-22.255420	-0.202072	 2.064843	-18.853120	-0.049485	 1.844149	 0.224409	-1.089933	 107.992100	-0.813313	 0.122417	-8.559153	-54.827590	-9.705945	-8.335121	 0.478302	 20.368730	 0.351012	-22.560980	 14.688650	-60.150430	-5.462139	-1.992848	 10.240060	 2.503307	-1.126933	 4.530149	 3.268949	-0.633215	-79.867530	 3.940862	 3.155456	 11.733750	-0.274823	 3.148197	 9.374216	 2.901093	 4.352988	-70.099450	 37.382550	 19.787260	 14.996560	-6.822121	 19.211520	 10.843110	-5.646022	 19.246270	-70.577100	 18.547090	 10.440180	 21.427990	-3.898658	 9.395153	 9.482653	-0.473568	 9.976963	-72.378520	-57.241540	-11.428570	 6.799666	 9.326025	-0.525339	 0.082657	-19.328780	-0.175998	 3.200341	 3.417824	 3.884140	 89.738170	-84.820580	 0.763962	-94.213330	 179.793500	 2.692971	 96.713740	-0.813313	 0.122417	-8.559153	-31.574760	-41.723220	-10.703120	-77.433990	-22.380570	-23.540700	-15.415420	-12.210060	-36.803720	-14.085420	-7.869876	 70.776630	 2.456332	-1.169624	 80.582280	 1.572523	 1.636501	-22.853980	 2.247783	-17.734450	 159.928300	-0.456571	 3.389431	-115.597700	 0.188712	 7.210938	-12.056590	 42.221660	 3.293793	 173.809000	-6.021856	 19.823110	 67.416630	-4.716576	 19.574120	-20.517600	-6.694324	-20.361230	 66.062830	-3.484296	 9.763653	 74.841640	-1.956071	 12.112190	-9.553795	 5.847011	 3.748551	 11.354470	 36.498650	-0.543483	 0.317072	-81.727520	 0.362373	 3.173482	 0.000000	 90.000000	 0.000000	 165.613900	 17.920910	 153.814900	-173.005800	-2.235849	-31.944060
-0.038723	-0.164500	-0.009743	 163.916100	 1.233013	-87.130830	-22.109210	-0.259320	 2.081793	-18.754640	-0.169762	 1.863356	 0.208570	-1.025396	 108.078600	-0.813313	 0.122417	-8.559153	-54.507010	-9.692980	-7.940001	 0.637834	 20.610960	 0.295049	-22.772320	 15.090470	-60.228840	-5.462119	-1.992927	 10.238690	 2.503307	-1.126933	 4.530149	 3.268937	-0.633133	-79.865930	 3.941992	 3.155998	 11.734800	-0.274828	 3.148196	 9.372565	 2.901017	 4.353282	-70.095170	 37.387290	 19.788980	 14.996220	-6.822121	 19.211520	 10.843110	-5.646167	 19.246280	-70.584170	 18.550290	 10.441830	 21.429880	-3.898658	 9.395153	 9.482653	-0.473571	 9.977042	-72.376710	-57.239270	-11.428080	 6.801969	 9.327172	-0.525342	 0.082665	-19.326350	-0.176014	 3.200352	 3.390925	 4.095677	 89.733180	-84.707090	 0.888847	-94.430880	 179.792600	 2.674824	 96.796550	-0.813313	 0.122417	-8.559153	-31.175750	-41.682850	-10.037430	-78.281630	-21.921010	-23.491990	-15.352960	-12.127230	-37.024170	-14.079840	-7.860050	 70.735870	 2.456332	-1.169623	 80.581570	 1.574636	 1.635528	-22.898900	 1.941887	-18.012540	 157.925200	-0.451594	 3.399034	-119.238200	 0.188712	 7.210938	-12.056590	 41.987080	 2.277344	 171.277600	-6.021856	 19.823110	 67.416630	-4.716576	 19.574120	-20.517600	-6.188059	-19.810810	 66.228970	-3.484296	 9.763653	 74.841640	-1.956071	 12.112190	-9.553795	 4.957219	 3.757996	 11.742430	 36.498650	-0.543483	 0.317072	-87.065610	 0.403923	 3.198472	 0.000000	 90.000000	 0.000000	 165.527100	 17.906060	 154.422600	-172.962200	-2.263263	-31.469290
-0.038020	-0.161663	-0.009669	 164.026300	 1.046602	-87.238040	-21.938900	-0.322485	 2.084316	-18.636830	-0.299103	 1.879420	 0.202081	-1.001215	 108.180800	-0.813313	 0.122417	-8.559153	-54.200150	-9.683937	-7.474895	 0.813250	 20.910900	 0.232410	-22.973510	 15.541560	-60.371370	-5.462096	-1.993022	 10.237050	 2.503307	-1.126933	 4.530149	 3.268924	-0.633042	-79.864150	 3.943451	 3.156693	 11.736030	-0.274834	 3.148195	 9.370603	 2.900933	 4.353611	-70.090390	 37.392720	 19.790960	 14.995800	-6.822121	 19.211520	 10.843110	-5.646336	 19.246290	-70.592250	 18.553440	 10.443460	 21.432100	-3.898658	 9.395153	 9.482653	-0.473577	 9.977128	-72.374690	-57.236680	-11.427520	 6.804547	 9.328465	-0.525342	 0.082676	-19.323640	-0.176041	 3.200366	 3.358427	 4.290460	 89.729280	-84.600310	 1.023741	-94.645110	 179.789400	 2.669804	 96.896070	-0.813313	 0.122417	-8.559153	-30.649240	-41.670040	-9.256554	-79.312320	-21.424750	-23.502350	-15.287480	-12.061280	-37.311540	-14.073580	-7.849036	 70.690070	 2.456333	-1.169622	 80.580730	 1.577005	 1.634434	-22.949300	 1.575168	-18.292290	 155.620500	-0.445140	 3.409644	-123.417400	 0.188712	 7.210938	-12.056590	 41.655770	 1.189453	 168.376600	-6.021856	 19.823110	 67.416630	-4.716576	 19.574120	-20.517600	-5.611256	-19.177470	 66.412570	-3.484296	 9.763653	 74.841640	-1.956071	 12.112190	-9.553795	 3.935187	 3.762788	 12.190070	 36.498650	-0.543483	 0.317072	-93.193700	 0.448521	 3.231782	 0.000000	 90.000000	 0.000000	 165.430800	 17.858690	 155.147500	-172.905500	-2.297589	-30.948180
-0.037460	-0.159262	-0.009525	 164.150300	 0.905120	-87.328390	-21.794050	-0.371178	 2.059962	-18.533160	-0.400727	 1.877055	 0.201065	-0.999779	 108.269600	-0.813313	 0.122417	-8.559153	-53.990310	-9.708938	-7.071270	 0.960955	 21.133980	 0.180440	-23.082330	 15.882370	-60.547540	-5.462077	-1.993105	 10.235620	 2.503307	-1.126933	 4.530149	 3.268913	-0.632964	-79.862640	 3.944833	 3.157344	 11.737070	-0.274839	 3.148194	 9.368918	 2.900862	 4.353887	-70.086360	 37.397380	 19.792650	 14.995400	-6.822121	 19.211520	 10.843110	-5.646473	 19.246310	-70.599170	 18.555740	 10.444650	 21.434020	-3.898658	 9.395153	 9.482653	-0.473581	 9.977203	-72.372990	-57.234480	-11.427040	 6.806714	 9.329533	-0.525346	 0.082684	-19.321380	-0.176054	 3.200376	 3.329516	 4.431613	 89.727600	-84.519730	 1.095836	-94.928340	 179.784200	 2.682190	 96.983320	-0.813313	 0.122417	-8.559153	-30.159390	-41.662370	-8.588868	-80.215520	-21.024830	-23.535690	-15.250950	-12.022780	-37.581840	-14.068340	-7.839822	 70.651820	 2.456333	-1.169622	 80.580060	 1.578985	 1.633519	-22.991400	 1.249916	-18.498040	 153.644300	-0.439014	 3.418331	-126.994600	 0.188712	 7.210938	-12.056590	 41.324190	 0.326361	 165.896300	-6.021856	 19.823110	 67.416630	-4.716576	 19.574120	-20.517600	-5.121166	-18.634220	 66.563770	-3.484296	 9.763653	 74.841640	-1.956071	 12.112190	-9.553795	 3.059973	 3.761625	 12.574910	 36.498650	-0.543483	 0.317072	-98.438740	 0.483677	 3.263943	 0.000000	 90.000000	 0.000000	 165.358600	 17.785590	 155.775200	-172.856800	-2.333918	-30.468920
-0.036922	-0.156820	-0.009315	 164.305700	 0.775167	-87.419490	-21.648630	-0.416363	 2.013734	-18.424830	-0.494285	 1.845389	 0.201019	-1.002505	 108.361600	-0.813313	 0.122417	-8.559153	-53.800020	-9.755631	-6.644869	 1.110408	 21.305830	 0.129213	-23.151520	 16.173690	-60.779890	-5.462055	-1.993192	 10.234110	 2.503307	-1.126933	 4.530149	 3.268902	-0.632888	-79.861150	 3.946388	 3.158076	 11.738180	-0.274844	 3.148193	 9.367130	 2.900791	 4.354162	-70.082360	 37.402130	 19.794380	 14.994980	-6.822121	 19.211520	 10.843110	-5.646619	 19.246310	-70.606270	 18.557730	 10.445680	 21.435990	-3.898658	 9.395153	 9.482653	-0.473583	 9.977279	-72.371300	-57.232270	-11.426560	 6.808903	 9.330617	-0.525346	 0.082693	-19.319110	-0.176071	 3.200388	 3.298803	 4.567268	 89.727550	-84.439020	 1.099817	-95.285640	 179.776700	 2.710324	 97.073590	-0.813313	 0.122417	-8.559153	-29.636420	-41.657600	-7.917565	-81.144830	-20.640320	-23.588350	-15.216080	-12.002850	-37.872510	-14.063050	-7.830559	 70.613310	 2.456333	-1.169621	 80.579360	 1.580977	 1.632596	-23.033810	 0.905481	-18.677640	 151.604800	-0.432145	 3.426865	-130.680500	 0.188712	 7.210938	-12.056590	 40.940510	-0.496592	 163.341900	-6.021856	 19.823110	 67.416630	-4.716576	 19.574120	-20.517600	-4.619538	-18.073390	 66.713900	-3.484296	 9.763653	 74.841640	-1.956071	 12.112190	-9.553795	 2.157883	 3.755282	 12.972960	 36.498650	-0.543483	 0.317072	-103.843900	 0.516672	 3.300303	 0.000000	 90.000000	 0.000000	 165.301700	 17.683530	 156.412600	-172.807500	-2.376738	-29.945140
-0.036397	-0.154234	-0.009047	 164.494100	 0.646322	-87.516540	-21.499090	-0.459989	 1.945243	-18.307320	-0.583666	 1.784320	 0.203348	-1.015336	 108.460400	-0.813313	 0.122417	-8.559153	-53.619900	-9.827001	-6.173964	 1.268589	 21.429470	 0.076504	-23.187390	 16.425830	-61.077850	-5.462030	-1.993290	 10.232450	 2.503307	-1.126933	 4.530149	 3.268890	-0.632807	-79.859570	 3.948174	 3.158912	 11.739410	-0.274850	 3.148192	 9.365155	 2.900716	 4.354454	-70.078110	 37.407270	 19.796250	 14.994490	-6.822121	 19.211520	 10.843110	-5.646774	 19.246330	-70.613870	 18.559470	 10.446580	 21.438150	-3.898658	 9.395153	 9.482653	-0.473589	 9.977355	-72.369490	-57.229920	-11.426060	 6.811197	 9.331765	-0.525350	 0.082702	-19.316700	-0.176088	 3.200403	 3.264702	 4.690383	 89.729650	-84.367000	 1.025982	-95.708140	 179.767600	 2.748409	 97.169670	-0.813313	 0.122417	-8.559153	-29.063270	-41.681840	-7.227683	-82.129200	-20.263650	-23.690860	-15.141940	-12.013100	-38.183060	-14.057470	-7.820790	 70.572750	 2.456333	-1.169621	 80.578640	 1.583074	 1.631622	-23.078450	 0.524150	-18.834890	 149.395400	-0.424112	 3.435582	-134.668400	 0.188712	 7.210938	-12.056590	 40.482180	-1.310505	 160.578600	-6.021856	 19.823110	 67.416630	-4.716576	 19.574120	-20.517600	-4.080540	-17.465480	 66.869930	-3.484296	 9.763653	 74.841640	-1.956071	 12.112190	-9.553795	 1.181745	 3.742425	 13.405110	 36.498650	-0.543483	 0.317072	-109.691100	 0.548329	 3.342945	 0.000000	 90.000000	 0.000000	 165.265800	 17.559210	 157.060100	-172.756000	-2.427294	-29.348670
-0.036031	-0.152070	-0.008784	 164.663400	 0.541089	-87.606290	-21.379060	-0.493605	 1.875303	-18.206300	-0.651947	 1.714739	 0.207176	-1.033852	 108.544600	-0.813313	 0.122417	-8.559153	-53.482400	-9.903902	-5.760099	 1.403264	 21.519440	 0.032212	-23.197480	 16.625310	-61.352300	-5.462011	-1.993375	 10.230980	 2.503307	-1.126933	 4.530149	 3.268880	-0.632738	-79.858240	 3.949826	 3.159683	 11.740460	-0.274855	 3.148191	 9.363424	 2.900654	 4.354700	-70.074540	 37.411670	 19.797850	 14.994050	-6.822121	 19.211520	 10.843110	-5.646907	 19.246340	-70.620400	 18.560650	 10.447190	 21.440060	-3.898658	 9.395153	 9.482653	-0.473589	 9.977422	-72.368000	-57.227920	-11.425620	 6.813138	 9.332698	-0.525361	 0.082710	-19.314690	-0.176107	 3.200412	 3.234473	 4.748582	 89.732960	-84.339870	 0.932647	-96.073690	 179.759400	 2.784178	 97.249840	-0.813313	 0.122417	-8.559153	-28.569590	-41.713810	-6.675002	-82.940910	-19.972770	-23.803510	-15.061780	-12.042330	-38.444130	-14.052760	-7.812562	 70.538540	 2.456333	-1.169620	 80.578030	 1.584841	 1.630800	-23.116100	 0.188064	-18.940160	 147.479100	-0.416676	 3.442667	-138.123500	 0.188712	 7.210938	-12.056590	 40.052660	-1.951169	 158.184200	-6.021856	 19.823110	 67.416630	-4.716576	 19.574120	-20.517600	-3.616580	-16.937900	 66.999810	-3.484296	 9.763653	 74.841640	-1.956071	 12.112190	-9.553795	 0.335856	 3.726153	 13.780610	 36.498650	-0.543483	 0.317072	-114.757500	 0.572138	 3.382336	 0.000000	 90.000000	 0.000000	 165.261400	 17.452260	 157.569200	-172.714100	-2.473130	-28.810670
-0.035786	-0.149976	-0.008489	 164.829600	 0.441058	-87.710150	-21.266470	-0.523568	 1.799994	-18.106710	-0.712630	 1.634947	 0.212461	-1.058219	 108.626700	-0.813313	 0.122417	-8.559153	-53.358820	-9.992706	-5.341486	 1.535997	 21.597560	-0.010977	-23.196720	 16.812660	-61.632540	-5.461990	-1.993461	 10.229480	 2.503307	-1.126933	 4.530149	 3.268870	-0.632671	-79.856920	 3.951554	 3.160488	 11.741550	-0.274860	 3.148191	 9.361647	 2.900592	 4.354940	-70.071040	 37.416030	 19.799440	 14.993630	-6.822121	 19.211520	 10.843110	-5.647039	 19.246340	-70.626880	 18.561520	 10.447650	 21.441940	-3.898658	 9.395153	 9.482653	-0.473593	 9.977485	-72.366530	-57.225950	-11.425200	 6.815044	 9.333640	-0.525357	 0.082718	-19.312710	-0.176116	 3.200423	 3.203758	 4.768749	 89.736850	-84.339060	 0.840157	-96.433620	 179.750500	 2.826007	 97.325810	-0.813313	 0.122417	-8.559153	-28.088060	-41.742810	-6.179524	-83.660520	-19.732670	-23.924640	-14.981170	-12.084170	-38.694310	-14.048160	-7.804530	 70.505160	 2.456333	-1.169619	 80.577440	 1.586567	 1.629995	-23.152870	-0.153032	-19.017040	 145.555000	-0.408796	 3.449315	-141.590800	 0.188712	 7.210938	-12.056590	 39.594860	-2.533902	 155.780400	-6.021856	 19.823110	 67.416630	-4.716576	 19.574120	-20.517600	-3.153664	-16.407630	 67.125270	-3.484296	 9.763653	 74.841640	-1.956071	 12.112190	-9.553795	-0.513050	 3.704967	 14.158320	 36.498650	-0.543483	 0.317072	-119.841400	 0.592428	 3.423823	 0.000000	 90.000000	 0.000000	 165.280900	 17.355370	 158.042500	-172.675300	-2.519547	-28.254670
-0.035613	-0.147625	-0.008121	 165.019800	 0.332819	-87.842170	-21.140300	-0.551821	 1.704343	-17.995370	-0.773735	 1.537888	 0.220046	-1.092174	 108.717300	-0.813313	 0.122417	-8.559153	-53.230550	-10.106220	-4.857656	 1.686022	 21.676720	-0.059279	-23.193600	 17.018210	-61.948130	-5.461964	-1.993564	 10.227710	 2.503307	-1.126933	 4.530149	 3.268859	-0.632597	-79.855490	 3.953629	 3.161454	 11.742820	-0.274866	 3.148190	 9.359562	 2.900522	 4.355211	-70.067110	 37.420990	 19.801250	 14.993100	-6.822121	 19.211520	 10.843110	-5.647189	 19.246360	-70.634200	 18.562200	 10.448000	 21.444130	-3.898658	 9.395153	 9.482653	-0.473598	 9.977555	-72.364870	-57.223750	-11.424730	 6.817170	 9.334682	-0.525357	 0.082727	-19.310500	-0.176140	 3.200432	 3.168165	 4.754351	 89.742050	-84.367600	 0.700718	-96.866600	 179.739500	 2.880562	 97.405690	-0.813313	 0.122417	-8.559153	-27.558530	-41.755930	-5.691865	-84.320390	-19.541480	-24.057870	-14.907290	-12.143320	-38.963440	-14.043010	-7.795560	 70.467840	 2.456333	-1.169619	 80.576740	 1.588494	 1.629095	-23.193940	-0.549218	-19.070220	 143.335900	-0.399235	 3.456369	-145.587100	 0.188712	 7.210938	-12.056590	 39.038270	-3.130601	 153.008700	-6.021856	 19.823110	 67.416630	-4.716576	 19.574120	-20.517600	-2.623309	-15.795470	 67.263890	-3.484296	 9.763653	 74.841640	-1.956071	 12.112190	-9.553795	-1.491552	 3.674421	 14.594540	 36.498650	-0.543483	 0.317072	-125.701200	 0.611151	 3.473647	 0.000000	 90.000000	 0.000000	 165.325000	 17.247510	 158.557900	-172.636200	-2.571663	-27.598520
-0.035514	-0.145703	-0.007795	 165.193900	 0.243355	-87.959200	-21.035590	-0.568009	 1.605969	-17.906010	-0.819444	 1.456745	 0.227549	-1.125094	 108.790500	-0.813313	 0.122417	-8.559153	-53.129400	-10.210310	-4.443895	 1.812102	 21.739110	-0.099525	-23.179790	 17.182030	-62.205590	-5.461944	-1.993655	 10.226150	 2.503307	-1.126933	 4.530149	 3.268850	-0.632533	-79.854240	 3.955474	 3.162311	 11.743920	-0.274872	 3.148189	 9.357741	 2.900465	 4.355435	-70.063840	 37.425160	 19.802760	 14.992640	-6.822121	 19.211520	 10.843110	-5.647316	 19.246370	-70.640380	 18.562500	 10.448160	 21.446000	-3.898658	 9.395153	 9.482653	-0.473600	 9.977614	-72.363490	-57.221900	-11.424330	 6.818944	 9.335545	-0.525368	 0.082733	-19.308660	-0.176149	 3.200441	 3.137704	 4.718624	 89.747050	-84.417810	 0.491777	-97.246060	 179.729800	 2.931865	 97.465720	-0.813313	 0.122417	-8.559153	-27.125720	-41.735810	-5.339916	-84.791290	-19.432290	-24.153280	-14.938710	-12.184900	-39.188700	-14.038730	-7.788115	 70.436900	 2.456333	-1.169619	 80.576190	 1.590093	 1.628348	-23.228010	-0.890124	-19.085720	 141.431900	-0.390656	 3.461879	-149.015900	 0.188712	 7.210938	-12.056590	 38.539700	-3.578823	 150.629700	-6.021856	 19.823110	 67.416630	-4.716576	 19.574120	-20.517600	-2.170943	-15.269510	 67.377770	-3.484296	 9.763653	 74.841640	-1.956071	 12.112190	-9.553795	-2.330973	 3.642897	 14.969370	 36.498650	-0.543483	 0.317072	-130.728700	 0.623086	 3.517731	 0.000000	 90.000000	 0.000000	 165.369900	 17.133020	 158.990200	-172.608600	-2.615543	-27.068870
-0.035455	-0.143852	-0.007460	 165.377900	 0.151234	-88.078830	-20.931810	-0.576371	 1.491168	-17.823570	-0.859031	 1.371361	 0.235934	-1.161366	 108.860400	-0.813313	 0.122417	-8.559153	-53.044080	-10.326790	-4.026792	 1.939182	 21.801750	-0.139843	-23.133840	 17.329340	-62.453740	-5.461920	-1.993750	 10.224510	 2.503307	-1.126933	 4.530149	 3.268841	-0.632471	-79.853030	 3.957394	 3.163203	 11.745070	-0.274877	 3.148188	 9.355832	 2.900407	 4.355658	-70.060600	 37.429370	 19.804290	 14.992200	-6.822121	 19.211520	 10.843110	-5.647440	 19.246380	-70.646590	 18.562520	 10.448170	 21.447940	-3.898658	 9.395153	 9.482653	-0.473604	 9.977674	-72.362130	-57.220060	-11.423940	 6.820717	 9.336420	-0.525361	 0.082743	-19.306820	-0.176165	 3.200451	 3.106675	 4.668298	 89.752670	-84.486030	 0.226284	-97.645530	 179.719700	 2.988030	 97.517380	-0.813313	 0.122417	-8.559153	-26.698230	-41.696770	-5.035822	-85.237730	-19.351650	-24.245270	-15.096830	-12.213340	-39.390110	-14.034470	-7.780705	 70.406110	 2.456333	-1.169618	 80.575650	 1.591683	 1.627603	-23.261910	-1.240361	-19.073170	 139.473500	-0.381504	 3.467003	-152.542400	 0.188712	 7.210938	-12.056590	 38.009990	-3.978987	 148.181400	-6.021856	 19.823110	 67.416630	-4.716576	 19.574120	-20.517600	-1.708100	-14.727810	 67.490070	-3.484296	 9.763653	 74.841640	-1.956071	 12.112190	-9.553795	-3.194172	 3.605352	 15.355310	 36.498650	-0.543483	 0.317072	-135.899700	 0.631290	 3.563982	 0.000000	 90.000000	 0.000000	 165.419400	 16.995320	 159.439300	-172.592400	-2.657474	-26.597810
-0.035425	-0.142021	-0.007078	 165.577800	 0.057858	-88.200250	-20.825220	-0.577069	 1.355182	-17.745240	-0.890447	 1.262530	 0.245362	-1.201652	 108.927400	-0.813313	 0.122417	-8.559153	-52.991540	-10.469180	-3.598529	 2.071880	 21.831320	-0.180881	-23.054660	 17.430860	-62.703010	-5.461896	-1.993853	 10.222730	 2.503307	-1.126933	 4.530149	 3.268831	-0.632406	-79.851760	 3.959488	 3.164178	 11.746340	-0.274883	 3.148187	 9.353742	 2.900347	 4.355893	-70.057180	 37.433740	 19.805890	 14.991720	-6.822121	 19.211520	 10.843110	-5.647574	 19.246380	-70.653090	 18.562310	 10.448060	 21.450000	-3.898658	 9.395153	 9.482653	-0.473607	 9.977736	-72.360690	-57.218190	-11.423530	 6.822557	 9.337313	-0.525365	 0.082748	-19.304890	-0.176179	 3.200461	 3.073960	 4.609289	 89.759280	-84.567680	-0.072303	-98.087240	 179.708900	 3.051156	 97.562910	-0.813313	 0.122417	-8.559153	-26.251430	-41.674970	-4.765489	-85.717970	-19.287310	-24.378990	-15.271520	-12.276190	-39.507660	-14.030060	-7.773050	 70.374220	 2.456333	-1.169618	 80.575070	 1.593328	 1.626831	-23.297010	-1.614757	-19.027650	 137.369200	-0.371333	 3.471871	-156.333600	 0.188712	 7.210938	-12.056590	 37.425340	-4.340516	 145.548700	-6.021856	 19.823110	 67.416630	-4.716576	 19.574120	-20.517600	-1.213137	-14.144680	 67.605450	-3.484296	 9.763653	 74.841640	-1.956071	 12.112190	-9.553795	-4.121851	 3.559035	 15.770410	 36.498650	-0.543483	 0.317072	-141.458700	 0.635421	 3.614308	 0.000000	 90.000000	 0.000000	 165.481600	 16.830920	 159.897900	-172.594100	-2.692706	-26.122380
-0.035416	-0.140541	-0.006708	 165.749100	-0.011395	-88.295980	-20.735940	-0.572806	 1.226831	-17.684440	-0.904022	 1.154505	 0.254907	-1.241866	 108.978800	-0.813313	 0.122417	-8.559153	-52.971650	-10.604850	-3.239437	 2.184368	 21.790160	-0.213990	-22.962850	 17.441190	-62.917330	-5.461873	-1.993947	 10.221110	 2.503307	-1.126933	 4.530149	 3.268823	-0.632350	-79.850680	 3.961353	 3.165045	 11.747470	-0.274889	 3.148186	 9.351860	 2.900295	 4.356093	-70.054260	 37.437530	 19.807260	 14.991310	-6.822121	 19.211520	 10.843110	-5.647687	 19.246390	-70.658650	 18.561880	 10.447840	 21.451820	-3.898658	 9.395153	 9.482653	-0.473610	 9.977789	-72.359480	-57.216580	-11.423180	 6.824144	 9.338085	-0.525368	 0.082756	-19.303260	-0.176193	 3.200471	 3.045852	 4.556961	 89.765470	-84.648380	-0.346051	-98.485130	 179.699200	 3.108232	 97.598950	-0.813313	 0.122417	-8.559153	-25.865520	-41.671670	-4.569241	-86.125020	-19.257270	-24.524590	-15.308540	-12.394610	-39.522310	-14.026310	-7.766553	 70.347220	 2.456333	-1.169617	 80.574590	 1.594721	 1.626176	-23.326730	-1.942004	-18.960400	 135.513400	-0.362109	 3.475602	-159.678300	 0.188712	 7.210938	-12.056590	 36.899510	-4.601228	 143.225200	-6.021856	 19.823110	 67.416630	-4.716576	 19.574120	-20.517600	-0.778628	-13.629590	 67.702650	-3.484296	 9.763653	 74.841640	-1.956071	 12.112190	-9.553795	-4.940034	 3.513026	 16.136660	 36.498650	-0.543483	 0.317072	-146.363500	 0.634993	 3.658864	 0.000000	 90.000000	 0.000000	 165.550500	 16.678210	 160.245900	-172.606700	-2.721314	-25.681200
-0.035416	-0.139175	-0.006353	 165.902600	-0.070605	-88.374880	-20.654090	-0.564885	 1.097316	-17.632430	-0.899530	 1.041735	 0.266542	-1.290292	 109.022200	-0.813313	 0.122417	-8.559153	-52.968210	-10.737810	-2.917594	 2.289855	 21.718060	-0.244125	-22.862040	 17.408980	-63.111650	-5.461851	-1.994040	 10.219520	 2.503307	-1.126933	 4.530149	 3.268816	-0.632297	-79.849650	 3.963177	 3.165894	 11.748600	-0.274894	 3.148185	 9.350009	 2.900247	 4.356281	-70.051520	 37.441040	 19.808540	 14.990920	-6.822121	 19.211520	 10.843110	-5.647789	 19.246400	-70.663860	 18.561280	 10.447530	 21.453550	-3.898658	 9.395153	 9.482653	-0.473612	 9.977839	-72.358350	-57.215100	-11.422860	 6.825623	 9.338793	-0.525379	 0.082760	-19.301710	-0.176206	 3.200477	 3.019482	 4.502028	 89.771930	-84.745330	-0.651134	-98.872900	 179.690000	 3.163855	 97.630350	-0.813313	 0.122417	-8.559153	-25.496640	-41.680710	-4.411058	-86.493470	-19.257310	-24.687890	-15.234450	-12.564500	-39.477050	-14.022820	-7.760507	 70.322050	 2.456333	-1.169617	 80.574120	 1.596019	 1.625566	-23.354430	-2.255218	-18.871410	 133.716600	-0.352977	 3.478698	-162.919600	 0.188712	 7.210938	-12.056590	 36.383770	-4.802281	 140.973400	-6.021856	 19.823110	 67.416630	-4.716576	 19.574120	-20.517600	-0.359447	-13.129930	 67.792790	-3.484296	 9.763653	 74.841640	-1.956071	 12.112190	-9.553795	-5.732586	 3.463767	 16.491410	 36.498650	-0.543483	 0.317072	-151.115900	 0.630952	 3.701846	 0.000000	 90.000000	 0.000000	 165.623200	 16.523940	 160.560800	-172.624600	-2.757945	-25.257040
-0.035477	-0.137668	-0.005995	 166.072500	-0.132277	-88.462350	-20.564500	-0.551553	 0.941789	-17.579100	-0.874966	 0.902572	 0.282746	-1.357174	 109.066100	-0.813313	 0.122417	-8.559153	-52.973530	-10.885030	-2.586161	 2.410094	 21.631270	-0.278182	-22.739060	 17.357430	-63.311630	-5.461823	-1.994151	 10.217600	 2.503307	-1.126933	 4.530149	 3.268807	-0.632237	-79.848470	 3.965290	 3.166880	 11.749940	-0.274901	 3.148184	 9.347788	 2.900191	 4.356495	-70.048410	 37.445040	 19.810000	 14.990510	-6.822121	 19.211520	 10.843110	-5.647913	 19.246410	-70.669720	 18.560370	 10.447070	 21.455590	-3.898658	 9.395153	 9.482653	-0.473615	 9.977896	-72.357020	-57.213440	-11.422500	 6.827299	 9.339616	-0.525379	 0.082767	-19.299950	-0.176217	 3.200487	 2.989826	 4.431849	 89.780000	-84.881210	-1.044854	-99.330000	 179.679300	 3.228378	 97.663250	-0.813313	 0.122417	-8.559153	-25.066760	-41.703960	-4.257881	-86.888390	-19.318040	-24.907020	-15.083540	-12.825010	-39.399090	-14.018900	-7.753732	 70.293890	 2.456333	-1.169616	 80.573630	 1.597473	 1.624881	-23.385480	-2.616877	-18.737310	 131.607900	-0.342047	 3.481671	-166.727300	 0.188712	 7.210938	-12.056590	 35.773550	-4.974408	 138.328500	-6.021856	 19.823110	 67.416630	-4.716576	 19.574120	-20.517600	 0.130812	-12.542260	 67.893640	-3.484296	 9.763653	 74.841640	-1.956071	 12.112190	-9.553795	-6.663045	 3.400024	 16.907760	 36.498650	-0.543483	 0.317072	-156.698700	 0.621677	 3.751704	 0.000000	 90.000000	 0.000000	 165.707600	 16.335360	 160.941900	-172.642600	-2.818969	-24.854280
-0.035614	-0.136453	-0.005734	 166.220900	-0.178362	-88.551980	-20.494790	-0.537504	 0.810133	-17.539700	-0.840592	 0.782400	 0.298155	-1.420418	 109.098000	-0.813313	 0.122417	-8.559153	-52.978820	-10.998750	-2.339921	 2.509411	 21.590030	-0.306901	-22.640190	 17.337210	-63.447060	-5.461801	-1.994247	 10.215950	 2.503307	-1.126933	 4.530149	 3.268800	-0.632188	-79.847510	 3.967038	 3.167699	 11.751110	-0.274906	 3.148183	 9.345878	 2.900146	 4.356670	-70.045850	 37.448230	 19.811160	 14.990180	-6.822121	 19.211520	 10.843110	-5.648011	 19.246420	-70.674460	 18.559450	 10.446590	 21.457290	-3.898658	 9.395153	 9.482653	-0.473617	 9.977943	-72.355950	-57.212150	-11.422210	 6.828668	 9.340284	-0.525379	 0.082772	-19.298520	-0.176229	 3.200494	 2.966120	 4.367552	 89.787260	-85.012040	-1.390646	-99.674910	 179.670700	 3.281179	 97.687930	-0.813313	 0.122417	-8.559153	-24.703630	-41.731750	-4.149196	-87.188020	-19.445920	-25.115560	-14.968660	-13.093440	-39.358060	-14.015750	-7.748282	 70.271210	 2.456334	-1.169616	 80.573230	 1.598641	 1.624330	-23.410420	-2.916275	-18.599620	 129.827100	-0.332668	 3.483613	-169.946600	 0.188712	 7.210938	-12.056590	 35.256580	-5.066844	 136.092500	-6.021856	 19.823110	 67.416630	-4.716576	 19.574120	-20.517600	 0.543450	-12.044980	 67.974710	-3.484296	 9.763653	 74.841640	-1.956071	 12.112190	-9.553795	-7.449289	 3.341094	 17.259280	 36.498650	-0.543483	 0.317072	-161.419200	 0.610079	 3.792989	 0.000000	 90.000000	 0.000000	 165.779400	 16.174330	 161.261200	-172.646900	-2.885879	-24.555550
-0.035829	-0.135326	-0.005509	 166.371900	-0.221182	-88.654010	-20.431860	-0.521687	 0.682463	-17.505190	-0.796791	 0.664258	 0.314527	-1.487368	 109.125600	-0.813313	 0.122417	-8.559153	-52.981670	-11.100080	-2.122997	 2.606083	 21.602730	-0.335981	-22.554670	 17.364380	-63.544580	-5.461777	-1.994343	 10.214290	 2.503307	-1.126933	 4.530149	 3.268793	-0.632142	-79.846600	 3.968727	 3.168491	 11.752270	-0.274912	 3.148182	 9.343947	 2.900104	 4.356838	-70.043430	 37.451260	 19.812260	 14.989870	-6.822121	 19.211520	 10.843110	-5.648101	 19.246420	-70.678900	 18.558400	 10.446050	 21.458960	-3.898658	 9.395153	 9.482653	-0.473619	 9.977987	-72.354960	-57.210930	-11.421940	 6.829957	 9.340918	-0.525379	 0.082779	-19.297160	-0.176231	 3.200502	 2.944103	 4.299276	 89.794830	-85.152390	-1.728084	-99.930760	 179.661900	 3.336230	 97.709780	-0.813313	 0.122417	-8.559153	-24.351720	-41.763850	-4.069835	-87.402330	-19.657690	-25.340190	-14.939980	-13.377860	-39.319940	-14.012790	-7.743174	 70.249930	 2.456334	-1.169615	 80.572830	 1.599739	 1.623811	-23.433850	-3.205553	-18.441900	 128.068800	-0.323302	 3.485014	-173.129500	 0.188712	 7.210938	-12.056590	 34.746920	-5.111238	 133.882500	-6.021856	 19.823110	 67.416630	-4.716576	 19.574120	-20.517600	 0.949943	-11.552820	 68.051070	-3.484296	 9.763653	 74.841640	-1.956071	 12.112190	-9.553795	-8.226073	 3.278265	 17.606170	 36.498650	-0.543483	 0.317072	-166.086100	 0.595315	 3.832731	 0.000000	 90.000000	 0.000000	 165.858000	 16.020850	 161.530700	-172.630200	-2.967193	-24.259350
-0.036171	-0.134071	-0.005275	 166.554900	-0.271328	-88.789230	-20.366320	-0.501483	 0.539119	-17.469330	-0.736189	 0.530301	 0.334661	-1.569453	 109.153800	-0.813313	 0.122417	-8.559153	-52.987320	-11.207590	-1.899933	 2.717522	 21.679680	-0.370892	-22.476440	 17.454990	-63.619350	-5.461749	-1.994460	 10.212280	 2.503307	-1.126933	 4.530149	 3.268785	-0.632088	-79.845570	 3.970647	 3.169395	 11.753680	-0.274919	 3.148181	 9.341640	 2.900055	 4.357027	-70.040670	 37.454570	 19.813470	 14.989580	-6.822121	 19.211520	 10.843110	-5.648198	 19.246430	-70.683820	 18.557040	 10.445350	 21.460860	-3.898658	 9.395153	 9.482653	-0.473621	 9.978037	-72.353800	-57.209630	-11.421650	 6.831404	 9.341623	-0.525379	 0.082784	-19.295630	-0.176248	 3.200510	 2.920368	 4.212710	 89.804230	-85.328520	-2.105512	-100.152400	 179.649800	 3.413621	 97.732600	-0.813313	 0.122417	-8.559153	-23.966000	-41.803960	-4.040362	-87.489440	-20.033230	-25.624160	-15.024460	-13.738320	-39.176820	-14.009510	-7.737524	 70.226420	 2.456334	-1.169615	 80.572430	 1.600951	 1.623239	-23.459750	-3.535565	-18.229940	 126.007000	-0.312223	 3.485993	-176.867600	 0.188712	 7.210938	-12.056590	 34.153190	-5.104773	 131.288300	-6.021856	 19.823110	 67.416630	-4.716576	 19.574120	-20.517600	 1.425379	-10.974420	 68.136050	-3.484296	 9.763653	 74.841640	-1.956071	 12.112190	-9.553795	-9.137834	 3.198568	 18.012580	 36.498650	-0.543483	 0.317072	-171.567300	 0.573909	 3.877685	 0.000000	 90.000000	 0.000000	 165.953700	 15.850280	 161.812600	-172.578100	-3.081689	-23.906140
-0.036496	-0.133104	-0.005111	 166.707200	-0.316238	-88.910470	-20.319990	-0.484249	 0.430037	-17.442960	-0.681999	 0.427822	 0.351418	-1.637616	 109.174500	-0.813313	 0.122417	-8.559153	-52.994490	-11.286830	-1.739689	 2.806624	 21.784010	-0.399819	-22.435630	 17.572060	-63.655490	-5.461726	-1.994557	 10.210620	 2.503307	-1.126933	 4.530149	 3.268779	-0.632047	-79.844760	 3.972144	 3.170105	 11.754870	-0.274924	 3.148180	 9.339705	 2.900016	 4.357177	-70.038490	 37.457110	 19.814390	 14.989360	-6.822121	 19.211520	 10.843110	-5.648270	 19.246440	-70.687550	 18.555810	 10.444720	 21.462400	-3.898658	 9.395153	 9.482653	-0.473624	 9.978074	-72.352910	-57.208660	-11.421430	 6.832536	 9.342180	-0.525379	 0.082789	-19.294410	-0.176261	 3.200514	 2.902883	 4.136489	 89.812330	-85.479900	-2.388212	-100.295600	 179.638900	 3.484331	 97.749280	-0.813313	 0.122417	-8.559153	-23.671890	-41.836050	-4.063877	-87.464160	-20.416900	-25.867820	-15.121240	-14.063510	-38.984940	-14.006990	-7.733188	 70.208400	 2.456334	-1.169615	 80.572110	 1.601879	 1.622799	-23.479580	-3.797130	-18.035460	 124.321400	-0.303120	 3.486257	-179.928500	 0.188712	 7.210938	-12.056590	 33.673060	-5.053490	 129.165200	-6.021856	 19.823110	 67.416630	-4.716576	 19.574120	-20.517600	 1.813334	-10.500330	 68.201840	-3.484296	 9.763653	 74.841640	-1.956071	 12.112190	-9.553795	-9.883589	 3.128614	 18.344350	 36.498650	-0.543483	 0.317072	-176.055100	 0.553251	 3.912836	 0.000000	 90.000000	 0.000000	 166.029400	 15.720350	 162.036400	-172.516100	-3.187087	-23.645270
-0.036830	-0.132120	-0.004965	 166.861900	-0.369156	-89.041260	-20.280360	-0.466812	 0.329945	-17.418280	-0.625577	 0.333806	 0.368207	-1.705793	 109.193900	-0.813313	 0.122417	-8.559153	-53.004620	-11.359390	-1.594900	 2.894736	 21.919440	-0.429286	-22.420860	 17.725890	-63.675510	-5.461702	-1.994656	 10.208910	 2.503307	-1.126933	 4.530149	 3.268773	-0.632005	-79.843930	 3.973583	 3.170790	 11.756090	-0.274930	 3.148179	 9.337710	 2.899979	 4.357322	-70.036380	 37.459480	 19.815250	 14.989190	-6.822121	 19.211520	 10.843110	-5.648347	 19.246440	-70.691020	 18.554520	 10.444050	 21.463930	-3.898658	 9.395153	 9.482653	-0.473627	 9.978114	-72.352010	-57.207770	-11.421230	 6.833638	 9.342731	-0.525386	 0.082795	-19.293220	-0.176261	 3.200521	 2.887180	 4.053991	 89.820930	-85.638220	-2.639338	-100.429600	 179.627400	 3.559717	 97.764580	-0.813313	 0.122417	-8.559153	-23.392920	-41.865190	-4.127480	-87.384900	-20.849660	-26.119540	-15.177740	-14.429190	-38.726050	-14.004620	-7.729102	 70.191310	 2.456334	-1.169614	 80.571780	 1.602759	 1.622383	-23.498370	-4.053480	-17.819430	 122.615500	-0.293889	 3.486030	 176.968400	 0.188712	 7.210938	-12.056590	 33.194000	-4.959946	 127.014400	-6.021856	 19.823110	 67.416630	-4.716576	 19.574120	-20.517600	 2.205326	-10.019460	 68.265110	-3.484296	 9.763653	 74.841640	-1.956071	 12.112190	-9.553795	-10.638990	 3.053296	 18.679580	 36.498650	-0.543483	 0.317072	 179.395400	 0.529562	 3.946707	 0.000000	 90.000000	 0.000000	 166.099000	 15.599520	 162.277100	-172.441800	-3.298784	-23.389820
-0.037170	-0.130876	-0.004836	 167.037300	-0.442613	-89.198460	-20.242160	-0.447644	 0.232057	-17.391710	-0.562657	 0.242591	 0.386616	-1.780433	 109.213900	-0.813313	 0.122417	-8.559153	-53.020480	-11.433490	-1.447009	 2.992383	 22.100600	-0.462867	-22.432780	 17.934840	-63.689070	-5.461673	-1.994774	 10.206880	 2.503307	-1.126933	 4.530149	 3.268767	-0.631960	-79.843060	 3.975116	 3.171527	 11.757540	-0.274937	 3.148178	 9.335393	 2.899938	 4.357483	-70.034030	 37.461930	 19.816140	 14.989050	-6.822121	 19.211520	 10.843110	-5.648419	 19.246450	-70.694640	 18.552960	 10.443240	 21.465640	-3.898658	 9.395153	 9.482653	-0.473628	 9.978157	-72.351050	-57.206880	-11.421020	 6.834821	 9.343317	-0.525379	 0.082799	-19.291910	-0.176279	 3.200527	 2.872044	 3.952718	 89.831260	-85.821390	-2.849510	-100.602200	 179.614200	 3.646727	 97.780470	-0.813313	 0.122417	-8.559153	-23.096020	-41.890800	-4.244257	-87.272720	-21.364840	-26.406140	-15.102540	-14.903050	-38.352610	-14.002100	-7.724774	 70.173350	 2.456334	-1.169614	 80.571460	 1.603686	 1.621944	-23.518180	-4.335300	-17.549360	 120.665500	-0.283352	 3.485156	 173.414600	 0.188712	 7.210938	-12.056590	 32.657100	-4.802796	 124.553300	-6.021856	 19.823110	 67.416630	-4.716576	 19.574120	-20.517600	 2.652803	-9.468362	 68.333330	-3.484296	 9.763653	 74.841640	-1.956071	 12.112190	-9.553795	-11.503390	 2.961523	 19.061950	 36.498650	-0.543483	 0.317072	 174.184800	 0.499247	 3.983052	 0.000000	 90.000000	 0.000000	 166.163200	 15.477180	 162.596000	-172.351300	-3.425201	-23.084490
-0.037376	-0.129859	-0.004773	 167.182400	-0.505906	-89.328740	-20.212160	-0.433715	 0.171042	-17.371920	-0.514393	 0.186205	 0.401035	-1.838816	 109.228000	-0.813313	 0.122417	-8.559153	-53.037730	-11.490880	-1.334028	 3.072338	 22.264490	-0.490873	-22.452650	 18.125120	-63.705800	-5.461649	-1.994875	 10.205120	 2.503307	-1.126933	 4.530149	 3.268761	-0.631924	-79.842360	 3.976286	 3.172095	 11.758780	-0.274943	 3.148177	 9.333388	 2.899904	 4.357614	-70.032130	 37.463790	 19.816820	 14.988990	-6.822121	 19.211520	 10.843110	-5.648476	 19.246450	-70.697320	 18.551590	 10.442540	 21.467030	-3.898658	 9.395153	 9.482653	-0.473630	 9.978189	-72.350270	-57.206270	-11.420850	 6.835772	 9.343792	-0.525379	 0.082802	-19.290850	-0.176282	 3.200531	 2.861176	 3.860740	 89.840430	-85.976490	-2.947636	-100.792600	 179.603400	 3.717638	 97.792890	-0.813313	 0.122417	-8.559153	-22.896410	-41.919630	-4.378506	-87.199050	-21.786880	-26.640970	-14.924320	-15.335070	-37.994120	-14.000160	-7.721430	 70.159420	 2.456334	-1.169614	 80.571230	 1.604402	 1.621604	-23.533490	-4.563963	-17.301630	 119.013200	-0.274465	 3.483903	 170.398200	 0.188712	 7.210938	-12.056590	 32.212990	-4.628614	 122.465600	-6.021856	 19.823110	 67.416630	-4.716576	 19.574120	-20.517600	 3.031521	-9.000220	 68.387720	-3.484296	 9.763653	 74.841640	-1.956071	 12.112190	-9.553795	-12.236200	 2.879040	 19.385020	 36.498650	-0.543483	 0.317072	 169.761700	 0.470998	 4.011635	 0.000000	 90.000000	 0.000000	 166.208600	 15.393100	 162.873300	-172.277900	-3.527854	-22.863150
-0.037455	-0.129080	-0.004747	 167.320700	-0.554757	-89.444440	-20.184650	-0.423117	 0.135614	-17.357500	-0.474426	 0.153210	 0.413684	-1.889982	 109.239100	-0.813313	 0.122417	-8.559153	-53.057870	-11.545160	-1.233884	 3.148723	 22.422850	-0.517685	-22.478080	 18.315580	-63.736610	-5.461624	-1.994979	 10.203350	 2.503307	-1.126933	 4.530149	 3.268756	-0.631889	-79.841670	 3.977338	 3.172614	 11.760050	-0.274949	 3.148176	 9.331359	 2.899872	 4.357737	-70.030340	 37.465360	 19.817380	 14.989000	-6.822121	 19.211520	 10.843110	-5.648522	 19.246460	-70.699650	 18.550230	 10.441840	 21.468380	-3.898658	 9.395153	 9.482653	-0.473633	 9.978221	-72.349530	-57.205760	-11.420730	 6.836637	 9.344240	-0.525380	 0.082807	-19.289860	-0.176294	 3.200538	 2.851377	 3.764282	 89.849840	-86.132630	-2.999087	-101.050000	 179.593700	 3.781594	 97.804470	-0.813313	 0.122417	-8.559153	-22.784250	-41.970100	-4.541020	-87.126320	-22.187190	-26.859360	-14.706670	-15.755120	-37.641910	-13.998430	-7.718454	 70.147000	 2.456334	-1.169614	 80.571000	 1.605041	 1.621300	-23.547150	-4.779351	-17.041190	 117.386600	-0.265774	 3.482213	 167.422700	 0.188712	 7.210938	-12.056590	 31.787160	-4.421034	 120.408500	-6.021856	 19.823110	 67.416630	-4.716576	 19.574120	-20.517600	 3.404061	-8.538262	 68.438250	-3.484296	 9.763653	 74.841640	-1.956071	 12.112190	-9.553795	-12.958330	 2.793499	 19.702180	 36.498650	-0.543483	 0.317072	 165.399300	 0.441066	 4.037612	 0.000000	 90.000000	 0.000000	 166.250700	 15.333300	 163.098500	-172.216800	-3.621030	-22.708450
-0.037371	-0.128366	-0.004734	 167.474000	-0.598205	-89.565400	-20.155650	-0.413550	 0.118280	-17.346960	-0.440110	 0.136634	 0.426558	-1.942020	 109.249000	-0.813313	 0.122417	-8.559153	-53.084900	-11.604710	-1.132626	 3.232895	 22.587560	-0.547034	-22.511020	 18.526650	-63.801960	-5.461595	-1.995099	 10.201270	 2.503307	-1.126933	 4.530149	 3.268750	-0.631850	-79.840930	 3.978332	 3.173116	 11.761540	-0.274956	 3.148175	 9.328994	 2.899838	 4.357872	-70.028370	 37.466870	 19.817930	 14.989090	-6.822121	 19.211520	 10.843110	-5.648567	 19.246460	-70.701850	 18.548700	 10.441040	 21.469870	-3.898658	 9.395153	 9.482653	-0.473633	 9.978256	-72.348720	-57.205330	-11.420610	 6.837586	 9.344733	-0.525383	 0.082811	-19.288770	-0.176300	 3.200546	 2.841260	 3.646024	 89.861140	-86.314800	-3.003874	-101.420200	 179.583900	 3.845182	 97.817280	-0.813313	 0.122417	-8.559153	-22.734090	-42.029290	-4.756649	-86.908780	-22.595910	-27.064990	-14.476830	-16.110080	-37.336440	-13.996660	-7.715419	 70.134380	 2.456334	-1.169613	 80.570750	 1.605690	 1.620992	-23.561030	-5.013742	-16.722840	 115.521200	-0.255912	 3.479718	 164.003300	 0.188712	 7.210938	-12.056590	 31.314490	-4.140183	 118.046600	-6.021856	 19.823110	 67.416630	-4.716576	 19.574120	-20.517600	 3.831094	-8.007045	 68.492460	-3.484296	 9.763653	 74.841640	-1.956071	 12.112190	-9.553795	-13.787050	 2.690037	 20.064480	 36.498650	-0.543483	 0.317072	 160.386200	 0.404342	 4.064543	 0.000000	 90.000000	 0.000000	 166.287200	 15.288520	 163.326300	-172.162500	-3.712420	-22.568240
-0.037224	-0.127937	-0.004742	 167.601200	-0.628098	-89.661580	-20.133300	-0.406496	 0.116881	-17.342740	-0.422737	 0.134762	 0.437150	-1.984814	 109.255000	-0.813313	 0.122417	-8.559153	-53.111170	-11.652960	-1.058238	 3.300846	 22.701170	-0.570290	-22.538820	 18.688990	-63.893770	-5.461571	-1.995203	 10.199480	 2.503307	-1.126933	 4.530149	 3.268746	-0.631820	-79.840330	 3.979038	 3.173484	 11.762850	-0.274962	 3.148174	 9.326939	 2.899809	 4.357981	-70.026790	 37.467860	 19.818290	 14.989220	-6.822121	 19.211520	 10.843110	-5.648597	 19.246460	-70.703290	 18.547420	 10.440390	 21.471080	-3.898658	 9.395153	 9.482653	-0.473632	 9.978288	-72.348080	-57.205100	-11.420530	 6.838314	 9.345133	-0.525390	 0.082815	-19.287890	-0.176311	 3.200549	 2.833658	 3.539104	 89.871110	-86.466660	-2.943471	-101.741400	 179.576600	 3.892519	 97.828130	-0.813313	 0.122417	-8.559153	-22.733800	-42.062790	-4.956253	-86.598860	-22.850080	-27.182940	-14.127410	-16.301060	-37.138710	-13.995380	-7.713210	 70.125160	 2.456334	-1.169613	 80.570600	 1.606166	 1.620766	-23.571210	-5.200972	-16.437290	 113.942300	-0.247679	 3.477144	 161.103800	 0.188712	 7.210938	-12.056590	 30.929210	-3.867369	 116.045500	-6.021856	 19.823110	 67.416630	-4.716576	 19.574120	-20.517600	 4.192242	-7.556461	 68.535240	-3.484296	 9.763653	 74.841640	-1.956071	 12.112190	-9.553795	-14.488900	 2.597973	 20.369790	 36.498650	-0.543483	 0.317072	 156.134600	 0.371448	 4.084798	 0.000000	 90.000000	 0.000000	 166.310700	 15.267600	 163.487100	-172.123600	-3.779275	-22.517900
-0.037048	-0.127599	-0.004776	 167.723100	-0.654410	-89.753350	-20.113410	-0.399490	 0.121349	-17.342540	-0.416315	 0.138410	 0.447302	-2.025827	 109.259000	-0.813313	 0.122417	-8.559153	-53.140050	-11.698370	-0.995341	 3.363988	 22.778280	-0.591248	-22.567130	 18.821070	-64.008190	-5.461544	-1.995307	 10.197690	 2.503307	-1.126933	 4.530149	 3.268742	-0.631791	-79.839780	 3.979550	 3.173768	 11.764160	-0.274968	 3.148173	 9.324871	 2.899783	 4.358082	-70.025300	 37.468560	 19.818540	 14.989440	-6.822121	 19.211520	 10.843110	-5.648620	 19.246470	-70.704290	 18.546210	 10.439760	 21.472210	-3.898658	 9.395153	 9.482653	-0.473637	 9.978310	-72.347460	-57.205010	-11.420480	 6.838996	 9.345489	-0.525390	 0.082816	-19.287070	-0.176314	 3.200549	 2.827046	 3.427933	 89.881260	-86.610400	-2.842048	-101.906300	 179.570000	 3.934309	 97.839080	-0.813313	 0.122417	-8.559153	-22.746520	-42.083100	-5.159094	-86.247290	-23.090640	-27.275970	-13.600610	-16.509220	-36.904930	-13.994300	-7.711369	 70.117490	 2.456334	-1.169613	 80.570450	 1.606560	 1.620578	-23.579630	-5.373995	-16.143720	 112.395500	-0.239735	 3.474218	 158.257900	 0.188712	 7.210938	-12.056590	 30.566040	-3.570043	 114.082800	-6.021856	 19.823110	 67.416630	-4.716576	 19.574120	-20.517600	 4.546021	-7.113963	 68.574410	-3.484296	 9.763653	 74.841640	-1.956071	 12.112190	-9.553795	-15.177060	 2.503664	 20.667540	 36.498650	-0.543483	 0.317072	 151.962100	 0.337802	 4.102253	 0.000000	 90.000000	 0.000000	 166.331800	 15.260400	 163.598600	-172.088600	-3.828073	-22.492350
-0.036863	-0.127259	-0.004863	 167.859200	-0.685800	-89.861250	-20.092790	-0.389716	 0.125797	-17.346820	-0.417962	 0.142158	 0.458897	-2.072674	 109.261500	-0.813313	 0.122417	-8.559153	-53.177860	-11.749200	-0.934353	 3.432528	 22.799850	-0.612562	-22.606890	 18.911850	-64.144750	-5.461515	-1.995432	 10.195530	 2.503307	-1.126933	 4.530149	 3.268737	-0.631759	-79.839160	 3.979908	 3.173995	 11.765750	-0.274975	 3.148172	 9.322415	 2.899754	 4.358196	-70.023670	 37.468980	 19.818690	 14.989780	-6.822121	 19.211520	 10.843110	-5.648632	 19.246460	-70.704920	 18.544890	 10.439080	 21.473480	-3.898658	 9.395153	 9.482653	-0.473638	 9.978340	-72.346810	-57.205080	-11.420450	 6.839687	 9.345883	-0.525390	 0.082819	-19.286170	-0.176325	 3.200555	 2.820423	 3.289377	 89.893590	-86.779820	-2.712235	-102.010700	 179.562900	 3.978920	 97.852810	-0.813313	 0.122417	-8.559153	-22.744220	-42.094840	-5.394585	-85.893790	-23.507920	-27.406640	-13.003230	-16.903560	-36.548380	-13.993300	-7.709643	 70.110370	 2.456334	-1.169613	 80.570340	 1.606928	 1.620403	-23.587510	-5.562468	-15.783680	 110.587800	-0.230630	 3.470295	 154.925100	 0.188712	 7.210938	-12.056590	 30.161380	-3.185473	 111.786700	-6.021856	 19.823110	 67.416630	-4.716576	 19.574120	-20.517600	 4.959410	-6.595610	 68.616700	-3.484296	 9.763653	 74.841640	-1.956071	 12.112190	-9.553795	-15.981740	 2.388288	 21.013530	 36.498650	-0.543483	 0.317072	 147.075400	 0.296905	 4.119526	 0.000000	 90.000000	 0.000000	 166.347600	 15.254190	 163.714200	-172.049400	-3.859419	-22.511790
-0.036762	-0.126979	-0.004961	 167.962900	-0.715479	-89.952550	-20.078170	-0.379346	 0.121868	-17.353550	-0.424660	 0.138569	 0.468115	-2.109922	 109.262100	-0.813313	 0.122417	-8.559153	-53.211850	-11.788630	-0.894812	 3.483597	 22.755800	-0.627036	-22.643290	 18.928120	-64.260060	-5.461489	-1.995536	 10.193740	 2.503307	-1.126933	 4.530149	 3.268734	-0.631734	-79.838670	 3.979997	 3.174095	 11.767080	-0.274981	 3.148171	 9.320384	 2.899731	 4.358282	-70.022410	 37.469010	 19.818690	 14.990160	-6.822121	 19.211520	 10.843110	-5.648630	 19.246470	-70.704940	 18.543910	 10.438580	 21.474440	-3.898658	 9.395153	 9.482653	-0.473638	 9.978362	-72.346310	-57.205300	-11.420450	 6.840193	 9.346180	-0.525397	 0.082823	-19.285490	-0.176323	 3.200559	 2.815939	 3.169803	 89.904000	-86.921310	-2.626889	-102.003900	 179.557400	 4.013076	 97.865060	-0.813313	 0.122417	-8.559153	-22.747950	-42.103290	-5.579980	-85.698810	-23.990920	-27.538710	-12.339700	-17.466290	-36.000270	-13.992700	-7.708629	 70.106100	 2.456334	-1.169613	 80.570260	 1.607147	 1.620299	-23.592180	-5.703937	-15.478810	 109.122600	-0.223413	 3.466724	 152.217800	 0.188712	 7.210938	-12.056590	 29.849920	-2.845538	 109.922700	-6.021856	 19.823110	 67.416630	-4.716576	 19.574120	-20.517600	 5.294540	-6.174428	 68.648260	-3.484296	 9.763653	 74.841640	-1.956071	 12.112190	-9.553795	-16.634210	 2.290686	 21.292230	 36.498650	-0.543483	 0.317072	 143.106800	 0.262707	 4.130942	 0.000000	 90.000000	 0.000000	 166.354600	 15.241520	 163.793400	-172.018900	-3.867540	-22.532680
-0.036797	-0.126774	-0.005078	 168.061200	-0.738827	-90.054490	-20.065230	-0.365164	 0.103678	-17.363170	-0.434602	 0.122280	 0.477443	-2.147629	 109.261400	-0.813313	 0.122417	-8.559153	-53.249990	-11.827690	-0.863258	 3.532366	 22.673140	-0.639940	-22.686350	 18.909790	-64.375220	-5.461463	-1.995646	 10.191850	 2.503307	-1.126933	 4.530149	 3.268730	-0.631711	-79.838200	 3.979854	 3.174096	 11.768490	-0.274987	 3.148170	 9.318242	 2.899710	 4.358364	-70.021220	 37.468690	 19.818570	 14.990650	-6.822121	 19.211520	 10.843110	-5.648623	 19.246470	-70.704480	 18.543030	 10.438120	 21.475360	-3.898658	 9.395153	 9.482653	-0.473639	 9.978383	-72.345830	-57.205680	-11.420490	 6.840645	 9.346476	-0.525387	 0.082826	-19.284810	-0.176329	 3.200565	 2.812160	 3.039469	 89.915080	-87.074830	-2.587892	-101.928300	 179.552900	 4.047841	 97.855110	-0.813313	 0.122417	-8.559153	-22.854980	-42.115270	-5.850012	-85.285810	-24.657090	-27.663180	-11.584310	-18.165240	-34.976050	-13.992300	-7.707940	 70.103260	 2.456334	-1.169613	 80.570200	 1.607294	 1.620229	-23.595320	-5.838582	-15.153460	 107.614700	-0.216159	 3.462691	 149.427500	 0.188712	 7.210938	-12.056590	 29.546180	-2.470115	 108.002500	-6.021856	 19.823110	 67.416630	-4.716576	 19.574120	-20.517600	 5.639445	-5.740138	 68.678170	-3.484296	 9.763653	 74.841640	-1.956071	 12.112190	-9.553795	-17.305900	 2.186326	 21.577140	 36.498650	-0.543483	 0.317072	 139.015600	 0.226708	 4.140203	 0.000000	 90.000000	 0.000000	 166.365000	 15.224000	 163.828100	-171.989400	-3.864930	-22.563510
-0.037093	-0.126716	-0.005237	 168.159700	-0.741597	-90.176650	-20.053340	-0.343673	 0.057699	-17.376630	-0.446795	 0.081118	 0.487625	-2.188805	 109.259400	-0.813313	 0.122417	-8.559153	-53.296240	-11.869170	-0.839146	 3.582897	 22.563540	-0.652740	-22.743110	 18.872340	-64.488370	-5.461433	-1.995771	 10.189700	 2.503307	-1.126933	 4.530149	 3.268726	-0.631686	-79.837740	 3.979401	 3.173971	 11.770120	-0.274995	 3.148169	 9.315808	 2.899688	 4.358449	-70.019960	 37.467940	 19.818290	 14.991280	-6.822121	 19.211520	 10.843110	-5.648597	 19.246460	-70.703320	 18.542220	 10.437700	 21.476290	-3.898658	 9.395153	 9.482653	-0.473641	 9.978405	-72.345310	-57.206280	-11.420560	 6.841098	 9.346762	-0.525394	 0.082828	-19.284130	-0.176343	 3.200563	 2.808986	 2.885832	 89.927840	-87.254070	-2.600878	-101.794300	 179.552500	 4.077114	 97.782700	-0.813313	 0.122417	-8.559153	-23.165430	-42.121300	-6.394186	-84.183300	-25.643890	-27.758160	-10.780000	-18.908920	-33.275050	-13.992130	-7.707643	 70.102010	 2.456334	-1.169613	 80.570180	 1.607358	 1.620199	-23.596670	-5.974322	-14.779460	 105.943700	-0.208347	 3.457807	 146.329300	 0.188712	 7.210938	-12.056590	 29.230560	-2.024840	 105.871600	-6.021856	 19.823110	 67.416630	-4.716576	 19.574120	-20.517600	 6.021742	-5.257852	 68.708270	-3.484296	 9.763653	 74.841640	-1.956071	 12.112190	-9.553795	-18.050520	 2.065989	 21.890420	 36.498650	-0.543483	 0.317072	 134.473100	 0.186071	 4.147443	 0.000000	 90.000000	 0.000000	 166.379500	 15.197260	 163.834900	-171.960200	-3.857903	-22.658350
-0.037505	-0.126797	-0.005392	 168.236200	-0.733330	-90.281360	-20.045360	-0.319764	-0.008456	-17.389910	-0.456157	 0.021933	 0.496136	-2.223242	 109.257000	-0.813313	 0.122417	-8.559153	-53.338650	-11.902890	-0.827568	 3.623420	 22.479960	-0.663140	-22.800610	 18.848410	-64.562970	-5.461407	-1.995879	 10.187830	 2.503307	-1.126933	 4.530149	 3.268723	-0.631667	-79.837360	 3.978159	 3.173491	 11.771550	-0.275001	 3.148167	 9.313692	 2.899670	 4.358518	-70.018970	 37.466990	 19.817930	 14.991900	-6.822121	 19.211520	 10.843110	-5.648567	 19.246460	-70.701960	 18.540760	 10.436950	 21.477190	-3.898658	 9.395153	 9.482653	-0.473641	 9.978422	-72.344920	-57.206920	-11.420650	 6.841393	 9.346977	-0.525394	 0.082830	-19.283600	-0.176341	 3.200569	 2.807178	 2.747867	 89.939000	-87.409960	-2.635820	-101.668500	 179.556700	 4.081566	 97.690680	-0.813313	 0.122417	-8.559153	-23.565100	-42.118000	-7.030279	-82.872410	-26.329540	-27.742400	-10.391830	-19.118080	-32.254510	-13.955400	-7.644887	 69.838990	 2.456393	-1.169280	 80.193500	 1.620827	 1.613747	-23.885080	-6.077732	-14.452550	 104.530500	-0.201944	 3.453345	 143.705200	 0.188712	 7.210938	-12.056590	 28.981710	-1.625284	 104.066900	-6.021856	 19.823110	 67.416630	-4.716576	 19.574120	-20.517600	 6.345105	-4.849242	 68.731230	-3.484296	 9.763653	 74.841640	-1.956071	 12.112190	-9.553795	-18.680280	 1.960358	 22.153060	 36.498650	-0.543483	 0.317072	 130.625200	 0.151303	 4.151047	 0.000000	 90.000000	 0.000000	 166.400500	 15.170260	 163.796000	-171.938800	-3.853311	-22.768560
-0.038015	-0.127064	-0.005537	 168.308100	-0.707667	-90.382390	-20.039400	-0.291587	-0.096332	-17.404190	-0.463601	-0.056552	 0.504409	-2.256727	 109.254200	-0.813313	 0.122417	-8.559153	-53.383320	-11.934740	-0.824042	 3.661833	 22.429050	-0.673658	-22.867480	 18.852910	-64.608240	-5.461382	-1.995987	 10.185970	 2.503307	-1.126933	 4.530149	 3.268721	-0.631649	-79.837010	 3.975394	 3.172348	 11.773090	-0.275007	 3.148167	 9.311566	 2.899655	 4.358580	-70.018080	 37.465930	 19.817540	 14.992550	-6.822121	 19.211520	 10.843110	-5.648540	 19.246460	-70.700500	 18.537450	 10.435240	 21.478400	-3.898658	 9.395153	 9.482653	-0.473643	 9.978437	-72.344570	-57.207600	-11.420730	 6.841661	 9.347180	-0.525394	 0.082831	-19.283130	-0.176345	 3.200573	 2.806183	 2.604940	 89.950320	-87.563510	-2.669587	-101.561700	 179.563500	 4.069658	 97.592850	-0.813313	 0.122417	-8.559153	-24.076460	-42.113580	-7.785240	-81.470740	-26.626750	-27.615010	-10.255460	-18.862520	-31.536040	-13.873830	-7.507853	 69.262630	 2.456531	-1.168552	 79.368160	 1.650259	 1.599357	-24.517720	-6.168647	-14.123140	 103.145700	-0.195864	 3.448684	 141.129000	 0.188712	 7.210938	-12.056590	 28.754790	-1.213851	 102.295800	-6.021856	 19.823110	 67.416630	-4.716576	 19.574120	-20.517600	 6.662144	-4.448066	 68.751480	-3.484296	 9.763653	 74.841640	-1.956071	 12.112190	-9.553795	-19.297490	 1.853394	 22.408270	 36.498650	-0.543483	 0.317072	 126.848100	 0.116999	 4.152308	 0.000000	 90.000000	 0.000000	 166.437900	 15.142890	 163.684000	-171.921100	-3.854502	-22.883200
-0.038674	-0.127559	-0.005707	 168.390700	-0.658951	-90.497580	-20.034640	-0.253121	-0.226079	-17.422070	-0.469264	-0.172313	 0.514150	-2.296169	 109.250500	-0.813313	 0.122417	-8.559153	-53.440220	-11.971030	-0.829739	 3.706242	 22.424560	-0.687106	-22.961320	 18.908580	-64.619600	-5.461349	-1.996118	 10.183720	 2.503307	-1.126933	 4.530149	 3.268718	-0.631629	-79.836620	 3.970390	 3.170243	 11.775050	-0.275014	 3.148165	 9.309015	 2.899637	 4.358645	-70.017110	 37.464520	 19.817010	 14.993330	-6.822121	 19.211520	 10.843110	-5.648505	 19.246450	-70.698650	 18.531410	 10.432110	 21.480170	-3.898658	 9.395153	 9.482653	-0.473644	 9.978453	-72.344210	-57.208420	-11.420860	 6.841921	 9.347387	-0.525394	 0.082832	-19.282610	-0.176349	 3.200574	 2.806009	 2.425282	 89.964190	-87.737630	-2.671438	-101.345600	 179.574200	 4.037851	 97.473910	-0.813313	 0.122417	-8.559153	-24.806130	-42.104240	-8.808895	-79.995740	-26.625560	-27.391890	-9.698770	-18.409450	-30.684350	-13.681800	-7.174686	 67.454170	 2.457026	-1.166296	 76.794710	 1.741214	 1.552289	-26.495380	-6.262620	-13.722390	 101.507000	-0.188939	 3.442815	 138.075700	 0.188712	 7.210938	-12.056590	 28.508850	-0.702972	 100.196800	-6.021856	 19.823110	 67.416630	-4.716576	 19.574120	-20.517600	 7.037409	-3.972576	 68.772600	-3.484296	 9.763653	 74.841640	-1.956071	 12.112190	-9.553795	-20.027640	 1.722324	 22.707020	 36.498650	-0.543483	 0.317072	 122.372000	 0.076369	 4.150875	 0.000000	 90.000000	 0.000000	 166.479200	 15.114160	 163.494700	-171.909200	-3.883398	-23.024690
-0.039221	-0.128075	-0.005866	 168.456000	-0.608876	-90.585980	-20.032570	-0.218134	-0.350480	-17.437000	-0.470471	-0.283249	 0.522152	-2.328577	 109.247500	-0.813313	 0.122417	-8.559153	-53.490490	-11.999870	-0.842383	 3.741349	 22.453370	-0.698494	-23.048680	 18.982940	-64.599380	-5.461323	-1.996230	 10.181790	 2.503307	-1.126933	 4.530149	 3.268716	-0.631615	-79.836350	 3.965099	 3.168001	 11.776780	-0.275021	 3.148164	 9.306850	 2.899625	 4.358694	-70.016400	 37.463190	 19.816520	 14.994020	-6.822121	 19.211520	 10.843110	-5.648467	 19.246450	-70.697010	 18.524970	 10.428780	 21.481880	-3.898658	 9.395153	 9.482653	-0.473643	 9.978465	-72.343940	-57.209160	-11.420970	 6.842103	 9.347525	-0.525394	 0.082835	-19.282220	-0.176355	 3.200576	 2.806741	 2.268292	 89.975990	-87.868650	-2.610836	-101.037000	 179.585500	 4.000147	 97.357060	-0.813313	 0.122417	-8.559153	-25.482180	-42.091910	-9.723059	-78.902660	-26.618500	-27.203770	-8.917884	-18.154470	-29.871200	-13.303140	-6.610402	 65.005630	 2.457861	-1.163270	 73.296150	 1.862152	 1.483325	-29.183860	-6.328526	-13.384010	 100.159000	-0.183476	 3.437707	 135.560200	 0.188712	 7.210938	-12.056590	 28.325610	-0.263996	 98.467120	-6.021856	 19.823110	 67.416630	-4.716576	 19.574120	-20.517600	 7.346297	-3.580732	 68.787640	-3.484296	 9.763653	 74.841640	-1.956071	 12.112190	-9.553795	-20.628210	 1.610799	 22.949910	 36.498650	-0.543483	 0.317072	 118.683500	 0.043038	 4.147313	 0.000000	 90.000000	 0.000000	 166.480400	 15.101010	 163.327900	-171.911200	-3.947505	-23.168090
-0.039727	-0.128623	-0.006032	 168.516300	-0.556927	-90.662080	-20.032130	-0.183103	-0.479341	-17.450740	-0.467991	-0.398140	 0.529714	-2.359201	 109.244900	-0.813313	 0.122417	-8.559153	-53.540810	-12.026250	-0.860797	 3.773003	 22.503170	-0.709344	-23.138600	 19.072320	-64.557330	-5.461297	-1.996337	 10.179940	 2.503307	-1.126933	 4.530149	 3.268714	-0.631603	-79.836110	 3.959326	 3.165547	 11.778480	-0.275027	 3.148163	 9.304759	 2.899615	 4.358737	-70.015790	 37.461800	 19.816020	 14.994680	-6.822121	 19.211520	 10.843110	-5.648436	 19.246450	-70.695350	 18.517920	 10.425140	 21.483640	-3.898658	 9.395153	 9.482653	-0.473645	 9.978475	-72.343690	-57.209880	-11.421070	 6.842220	 9.347656	-0.525397	 0.082836	-19.281900	-0.176351	 3.200579	 2.808136	 2.104798	 89.987480	-88.008780	-2.469368	-100.703700	 179.597800	 3.957610	 97.234660	-0.813313	 0.122417	-8.559153	-26.158840	-42.076410	-10.613340	-78.013260	-26.726470	-27.052770	-8.147456	-18.106930	-28.781670	-12.842910	-5.986793	 62.184850	 2.459043	-1.159871	 69.286090	 1.996733	 1.397321	-32.268030	-6.381060	-13.058400	 98.888590	-0.178530	 3.432674	 133.186300	 0.188712	 7.210938	-12.056590	 28.169190	 0.164448	 96.834110	-6.021856	 19.823110	 67.416630	-4.716576	 19.574120	-20.517600	 7.637540	-3.210937	 68.799880	-3.484296	 9.763653	 74.841640	-1.956071	 12.112190	-9.553795	-21.193880	 1.502708	 23.176330	 36.498650	-0.543483	 0.317072	 115.203000	 0.011864	 4.141985	 0.000000	 90.000000	 0.000000	 166.459100	 15.091810	 163.164400	-171.920400	-4.036158	-23.321790
-0.040309	-0.129375	-0.006262	 168.589200	-0.492824	-90.742130	-20.033550	-0.139131	-0.646207	-17.466110	-0.459176	-0.546900	 0.538952	-2.396607	 109.242500	-0.813313	 0.122417	-8.559153	-53.605760	-12.057230	-0.891408	 3.809273	 22.587190	-0.722431	-23.256200	 19.199970	-64.478450	-5.461265	-1.996471	 10.177650	 2.503307	-1.126933	 4.530149	 3.268712	-0.631591	-79.835860	 3.951623	 3.162265	 11.780610	-0.275035	 3.148162	 9.302163	 2.899603	 4.358780	-70.015170	 37.459960	 19.815330	 14.995510	-6.822121	 19.211520	 10.843110	-5.648395	 19.246450	-70.693200	 18.508480	 10.420260	 21.485890	-3.898658	 9.395153	 9.482653	-0.473646	 9.978485	-72.343470	-57.210810	-11.421210	 6.842333	 9.347766	-0.525394	 0.082837	-19.281560	-0.176356	 3.200579	 2.810840	 1.869660	 90.001950	-88.243900	-2.170019	-100.112700	 179.613700	 3.900624	 97.076320	-0.813313	 0.122417	-8.559153	-26.997100	-42.054300	-11.684890	-77.042590	-26.939930	-26.887540	-7.464209	-18.133460	-27.239310	-12.458860	-5.505980	 59.611060	 2.460320	-1.156863	 65.644040	 2.114753	 1.313065	-35.068000	-6.431957	-12.655660	 97.350170	-0.172821	 3.426300	 130.307700	 0.188712	 7.210938	-12.056590	 28.001650	 0.701475	 94.852700	-6.021856	 19.823110	 67.416630	-4.716576	 19.574120	-20.517600	 7.990386	-2.762546	 68.812210	-3.484296	 9.763653	 74.841640	-1.956071	 12.112190	-9.553795	-21.878680	 1.367684	 23.446710	 36.498650	-0.543483	 0.317072	 110.982600	-0.025412	 4.133008	 0.000000	 90.000000	 0.000000	 166.418600	 15.076850	 162.918400	-171.937000	-4.172037	-23.525580
-0.040751	-0.130019	-0.006489	 168.649600	-0.444342	-90.794820	-20.036300	-0.103146	-0.786297	-17.476850	-0.446372	-0.671806	 0.546528	-2.427267	 109.241400	-0.813313	 0.122417	-8.559153	-53.661680	-12.081710	-0.922811	 3.836689	 22.669420	-0.732787	-23.357420	 19.313890	-64.393840	-5.461237	-1.996582	 10.175730	 2.503307	-1.126933	 4.530149	 3.268711	-0.631581	-79.835680	 3.945079	 3.159476	 11.782390	-0.275041	 3.148161	 9.300008	 2.899595	 4.358809	-70.014720	 37.458320	 19.814730	 14.996210	-6.822121	 19.211520	 10.843110	-5.648353	 19.246440	-70.691320	 18.500390	 10.416080	 21.487760	-3.898658	 9.395153	 9.482653	-0.473645	 9.978490	-72.343320	-57.211620	-11.421340	 6.842366	 9.347823	-0.525394	 0.082837	-19.281340	-0.176358	 3.200579	 2.813830	 1.649227	 90.014150	-88.468090	-1.858034	-99.571650	 179.626800	 3.853281	 96.945020	-0.813313	 0.122417	-8.559153	-27.662910	-42.036740	-12.508960	-76.308740	-27.178440	-26.766920	-7.109607	-18.164390	-26.409640	-12.320750	-5.342262	 58.632450	 2.460850	-1.155750	 64.270460	 2.158224	 1.279765	-36.125230	-6.462869	-12.323030	 96.103520	-0.168429	 3.420925	 127.972600	 0.188712	 7.210938	-12.056590	 27.884050	 1.150379	 93.244220	-6.021856	 19.823110	 67.416630	-4.716576	 19.574120	-20.517600	 8.276465	-2.398743	 68.820150	-3.484296	 9.763653	 74.841640	-1.956071	 12.112190	-9.553795	-22.433110	 1.255066	 23.662600	 36.498650	-0.543483	 0.317072	 107.558600	-0.055105	 4.123726	 0.000000	 90.000000	 0.000000	 166.381600	 15.060150	 162.684200	-171.951400	-4.297900	-23.699140
-0.041151	-0.130645	-0.006746	 168.711100	-0.404266	-90.833440	-20.040360	-0.068645	-0.923655	-17.485180	-0.428016	-0.794291	 0.554044	-2.457677	 109.240800	-0.813313	 0.122417	-8.559153	-53.719340	-12.105190	-0.959061	 3.861482	 22.757150	-0.742494	-23.460310	 19.429390	-64.295160	-5.461211	-1.996693	 10.173810	 2.503307	-1.126933	 4.530149	 3.268710	-0.631573	-79.835530	 3.938650	 3.156737	 11.784170	-0.275047	 3.148160	 9.297853	 2.899589	 4.358834	-70.014370	 37.456570	 19.814080	 14.996940	-6.822121	 19.211520	 10.843110	-5.648314	 19.246440	-70.689380	 18.492410	 10.411950	 21.489550	-3.898658	 9.395153	 9.482653	-0.473646	 9.978496	-72.343200	-57.212430	-11.421470	 6.842360	 9.347879	-0.525394	 0.082837	-19.281190	-0.176358	 3.200582	 2.817527	 1.408110	 90.026490	-88.695520	-1.524080	-99.078430	 179.639100	 3.809165	 96.819140	-0.813313	 0.122417	-8.559153	-28.274710	-42.024200	-13.238450	-75.606180	-27.468140	-26.658900	-6.779603	-18.231920	-25.784750	-12.145110	-5.143975	 57.645840	 2.461417	-1.154632	 62.873710	 2.201705	 1.245157	-37.198120	-6.483906	-11.992860	 94.885960	-0.164350	 3.415500	 125.689200	 0.188712	 7.210938	-12.056590	 27.785220	 1.600105	 91.669910	-6.021856	 19.823110	 67.416630	-4.716576	 19.574120	-20.517600	 8.556054	-2.043013	 68.826190	-3.484296	 9.763653	 74.841640	-1.956071	 12.112190	-9.553795	-22.974260	 1.142176	 23.870370	 36.498650	-0.543483	 0.317072	 104.210600	-0.083550	 4.112954	 0.000000	 90.000000	 0.000000	 166.349200	 15.038400	 162.429600	-171.962600	-4.427564	-23.870350
-0.041427	-0.131357	-0.006727	 168.815400	-0.360104	-90.875270	-20.046840	-0.030498	-1.079208	-17.491210	-0.398096	-0.933088	 0.562987	-2.493877	 109.239400	-0.813313	 0.122417	-8.559153	-53.790440	-12.132100	-1.008095	 3.887542	 22.861860	-0.753022	-23.583680	 19.562430	-64.162650	-5.461179	-1.996827	 10.171510	 2.503307	-1.126933	 4.530149	 3.268709	-0.631567	-79.835400	 3.931488	 3.153691	 11.786270	-0.275055	 3.148159	 9.295264	 2.899583	 4.358857	-70.014030	 37.454400	 19.813280	 14.997790	-6.822121	 19.211520	 10.843110	-5.648267	 19.246440	-70.686980	 18.483450	 10.407310	 21.491510	-3.898658	 9.395153	 9.482653	-0.473646	 9.978501	-72.343100	-57.213420	-11.421630	 6.842310	 9.347912	-0.525394	 0.082838	-19.281020	-0.176361	 3.200582	 2.822795	 1.095287	 90.041390	-88.966020	-1.128230	-98.476460	 179.641100	 3.724406	 97.010080	-0.813313	 0.122417	-8.559153	-28.335440	-42.026750	-12.425200	-76.058240	-27.164130	-26.381290	-7.337925	-18.165470	-25.877260	-12.115940	-5.111628	 57.475540	 2.461520	-1.154437	 62.629340	 2.209148	 1.239098	-37.383400	-6.496998	-11.602290	 93.467510	-0.159872	 3.408977	 123.026800	 0.188712	 7.210938	-12.056590	 27.690590	 2.137024	 89.832200	-6.021856	 19.823110	 67.416630	-4.716576	 19.574120	-20.517600	 8.881890	-1.628260	 68.831020	-3.484296	 9.763653	 74.841640	-1.956071	 12.112190	-9.553795	-23.604040	 1.007095	 24.108220	 36.498650	-0.543483	 0.317072	 100.306500	-0.115863	 4.098309	 0.000000	 90.000000	 0.000000	 166.303800	 15.012640	 162.108900	-171.987900	-4.569084	-24.083630
-0.041371	-0.131948	-0.006404	 168.932700	-0.330549	-90.918490	-20.053720	-0.001613	-1.200143	-17.492340	-0.365032	-1.041069	 0.570615	-2.524769	 109.237600	-0.813313	 0.122417	-8.559153	-53.852870	-12.154240	-1.054247	 3.906551	 22.944760	-0.760885	-23.687590	 19.665600	-64.040640	-5.461151	-1.996942	 10.169530	 2.503307	-1.126933	 4.530149	 3.268708	-0.631562	-79.835320	 3.926139	 3.151422	 11.788010	-0.275061	 3.148158	 9.293056	 2.899580	 4.358871	-70.013830	 37.452410	 19.812550	 14.998530	-6.822121	 19.211520	 10.843110	-5.648221	 19.246440	-70.684860	 18.476630	 10.403780	 21.492980	-3.898658	 9.395153	 9.482653	-0.473647	 9.978502	-72.343060	-57.214290	-11.421780	 6.842235	 9.347887	-0.525394	 0.082838	-19.280950	-0.176359	 3.200583	 2.828033	 0.809291	 90.054210	-89.223410	-0.813237	-97.759560	 179.635300	 3.582765	 97.531980	-0.813313	 0.122417	-8.559153	-27.864840	-41.883450	-10.020000	-77.754570	-25.871150	-25.690900	-7.417705	-17.872360	-26.661600	-12.141800	-5.138665	 57.441300	 2.461537	-1.154404	 62.586810	 2.210603	 1.237909	-37.419670	-6.498301	-11.272920	 92.288730	-0.156382	 3.403397	 120.812100	 0.188712	 7.210938	-12.056590	 27.629160	 2.593267	 88.301720	-6.021856	 19.823110	 67.416630	-4.716576	 19.574120	-20.517600	 9.152847	-1.283254	 68.833230	-3.484296	 9.763653	 74.841640	-1.956071	 12.112190	-9.553795	-24.126810	 0.891851	 24.302120	 36.498650	-0.543483	 0.317072	 97.059110	-0.141924	 4.084480	 0.000000	 90.000000	 0.000000	 166.233300	 15.002430	 161.831800	-172.042500	-4.659107	-24.294920
-0.041155	-0.132521	-0.006202	 169.037100	-0.323350	-90.958390	-20.061700	 0.025054	-1.305723	-17.486780	-0.324669	-1.135500	 0.578239	-2.555664	 109.235300	-0.813313	 0.122417	-8.559153	-53.916600	-12.175640	-1.103637	 3.922361	 23.015670	-0.767501	-23.788250	 19.753360	-63.914260	-5.461124	-1.997055	 10.167580	 2.503307	-1.126933	 4.530149	 3.268708	-0.631560	-79.835260	 3.921755	 3.149575	 11.789700	-0.275068	 3.148156	 9.290849	 2.899578	 4.358879	-70.013730	 37.450360	 19.811800	 14.999270	-6.822121	 19.211520	 10.843110	-5.648177	 19.246430	-70.682660	 18.470930	 10.400840	 21.494190	-3.898658	 9.395153	 9.482653	-0.473646	 9.978503	-72.343040	-57.215190	-11.421920	 6.842117	 9.347879	-0.525394	 0.082837	-19.280910	-0.176358	 3.200583	 2.833896	 0.509097	 90.067090	-89.506590	-0.553473	-96.934220	 179.639100	 3.401884	 97.997920	-0.813313	 0.122417	-8.559153	-27.512930	-41.439650	-7.866967	-79.358540	-24.441420	-24.689150	-7.249284	-17.453330	-27.697380	-12.155800	-5.154321	 57.536230	 2.461453	-1.154564	 62.788620	 2.204349	 1.243010	-37.263850	-6.491259	-10.949400	 91.143980	-0.153198	 3.397848	 118.659500	 0.188712	 7.210938	-12.056590	 27.584640	 3.044456	 86.811860	-6.021856	 19.823110	 67.416630	-4.716576	 19.574120	-20.517600	 9.416143	-0.947938	 68.833820	-3.484296	 9.763653	 74.841640	-1.956071	 12.112190	-9.553795	-24.633960	 0.777281	 24.486860	 36.498650	-0.543483	 0.317072	 93.902870	-0.166467	 4.069646	 0.000000	 90.000000	 0.000000	 166.139400	 15.002880	 161.559500	-172.116600	-4.715431	-24.526610
-0.040730	-0.133017	-0.005994	 169.156500	-0.326251	-91.008160	-20.072340	 0.058606	-1.410881	-17.467670	-0.266916	-1.230171	 0.587285	-2.592352	 109.231800	-0.813313	 0.122417	-8.559153	-53.993570	-12.200270	-1.165571	 3.936795	 23.077090	-0.773528	-23.901170	 19.830690	-63.763270	-5.461091	-1.997190	 10.165250	 2.503307	-1.126933	 4.530149	 3.268708	-0.631558	-79.835210	 3.918157	 3.148083	 11.791600	-0.275076	 3.148155	 9.288252	 2.899577	 4.358879	-70.013700	 37.447800	 19.810860	 15.000180	-6.822121	 19.211520	 10.843110	-5.648121	 19.246430	-70.680010	 18.466030	 10.398300	 21.495200	-3.898658	 9.395153	 9.482653	-0.473646	 9.978501	-72.343080	-57.216260	-11.422110	 6.841920	 9.347815	-0.525401	 0.082836	-19.280940	-0.176362	 3.200581	 2.841599	 0.138176	 90.082340	-89.871580	-0.327208	-95.923870	 179.644800	 3.167217	 98.635640	-0.813313	 0.122417	-8.559153	-26.310280	-40.610810	-4.738729	-81.866420	-22.284900	-23.406170	-6.707594	-16.781130	-28.658080	-12.201790	-5.206000	 57.839100	 2.461190	-1.155072	 63.426010	 2.184479	 1.259027	-36.771160	-6.472941	-10.574310	 89.832000	-0.149808	 3.391342	 116.190600	 0.188712	 7.210938	-12.056590	 27.552360	 3.570463	 85.100620	-6.021856	 19.823110	 67.416630	-4.716576	 19.574120	-20.517600	 9.717990	-0.563494	 68.832600	-3.484296	 9.763653	 74.841640	-1.956071	 12.112190	-9.553795	-25.214200	 0.642795	 24.693840	 36.498650	-0.543483	 0.317072	 90.283190	-0.193562	 4.051001	 0.000000	 90.000000	 0.000000	 166.004700	 15.015240	 161.262500	-172.219500	-4.745892	-24.819290
-0.040289	-0.133332	-0.006013	 169.233100	-0.346495	-91.039940	-20.082800	 0.091185	-1.492866	-17.442200	-0.206457	-1.304979	 0.595416	-2.625349	 109.228200	-0.813313	 0.122417	-8.559153	-54.063440	-12.221710	-1.223282	 3.945081	 23.090620	-0.776515	-24.016610	 19.866990	-63.629750	-5.461063	-1.997310	 10.163190	 2.503307	-1.126933	 4.530149	 3.268707	-0.631558	-79.835230	 3.916010	 3.147212	 11.793210	-0.275082	 3.148154	 9.285920	 2.899578	 4.358875	-70.013780	 37.445480	 19.810000	 15.000940	-6.822121	 19.211520	 10.843110	-5.648070	 19.246420	-70.677580	 18.462990	 10.396730	 21.495800	-3.898658	 9.395153	 9.482653	-0.473646	 9.978498	-72.343150	-57.217240	-11.422280	 6.841715	 9.347740	-0.525394	 0.082836	-19.281010	-0.176361	 3.200581	 2.849128	-0.204246	 90.095930	-90.217510	-0.179498	-95.088530	 179.660600	 2.968123	 98.968350	-0.813313	 0.122417	-8.559153	-25.204510	-39.895930	-2.209896	-83.946820	-20.485940	-22.416430	-6.093276	-16.168670	-29.030050	-12.256960	-5.268713	 58.204780	 2.460928	-1.155593	 64.075060	 2.164149	 1.275128	-36.270470	-6.448368	-10.247800	 88.701470	-0.147112	 3.385620	 114.061900	 0.188712	 7.210938	-12.056590	 27.540790	 4.030869	 83.621800	-6.021856	 19.823110	 67.416630	-4.716576	 19.574120	-20.517600	 9.978290	-0.231970	 68.829930	-3.484296	 9.763653	 74.841640	-1.956071	 12.112190	-9.553795	-25.713540	 0.524036	 24.867730	 36.498650	-0.543483	 0.317072	 87.161840	-0.215933	 4.033573	 0.000000	 90.000000	 0.000000	 165.869500	 15.035440	 161.035200	-172.320500	-4.760280	-25.090320
-0.039934	-0.133596	-0.006228	 169.286900	-0.371389	-91.061520	-20.093460	 0.124199	-1.561238	-17.413370	-0.142028	-1.368252	 0.603189	-2.656916	 109.224200	-0.813313	 0.122417	-8.559153	-54.130640	-12.241740	-1.279588	 3.948564	 23.054580	-0.776851	-24.161600	 19.872180	-63.503010	-5.461036	-1.997424	 10.161240	 2.503307	-1.126933	 4.530149	 3.268708	-0.631560	-79.835260	 3.914055	 3.146423	 11.794750	-0.275089	 3.148153	 9.283756	 2.899581	 4.358866	-70.013920	 37.443180	 19.809160	 15.001710	-6.822121	 19.211520	 10.843110	-5.648024	 19.246420	-70.675220	 18.460390	 10.395380	 21.496280	-3.898658	 9.395153	 9.482653	-0.473645	 9.978496	-72.343230	-57.218170	-11.422440	 6.841462	 9.347656	-0.525397	 0.082836	-19.281100	-0.176356	 3.200583	 2.856789	-0.536601	 90.108790	-90.557240	-0.067483	-94.393520	 179.677700	 2.811062	 99.137920	-0.813313	 0.122417	-8.559153	-24.653090	-39.360620	-0.772091	-84.835610	-19.399130	-21.683140	-5.548493	-15.671840	-29.192970	-12.309930	-5.329703	 58.558500	 2.460783	-1.155886	 64.439250	 2.152762	 1.284020	-35.991560	-6.418552	-9.945691	 87.664410	-0.144827	 3.380285	 112.108700	 0.188712	 7.210938	-12.056590	 27.543630	 4.458262	 82.262610	-6.021856	 19.823110	 67.416630	-4.716576	 19.574120	-20.517600	 10.217100	 0.072165	 68.826140	-3.484296	 9.763653	 74.841640	-1.956071	 12.112190	-9.553795	-26.170800	 0.412778	 25.023300	 36.498650	-0.543483	 0.317072	 84.297390	-0.235606	 4.016529	 0.000000	 90.000000	 0.000000	 165.738100	 15.065160	 160.843200	-172.416400	-4.767140	-25.349750
-0.039538	-0.133937	-0.006609	 169.337200	-0.399730	-91.080330	-20.107260	 0.166803	-1.633173	-17.375490	-0.055444	-1.435867	 0.612749	-2.695772	 109.218800	-0.813313	 0.122417	-8.559153	-54.213280	-12.265860	-1.349307	 3.947978	 22.967310	-0.774764	-24.367720	 19.850930	-63.347570	-5.461001	-1.997561	 10.158890	 2.503307	-1.126933	 4.530149	 3.268708	-0.631563	-79.835330	 3.911808	 3.145520	 11.796580	-0.275097	 3.148152	 9.281116	 2.899586	 4.358848	-70.014160	 37.440330	 19.808110	 15.002630	-6.822121	 19.211520	 10.843110	-5.647964	 19.246410	-70.672270	 18.457560	 10.393920	 21.496730	-3.898658	 9.395153	 9.482653	-0.473645	 9.978487	-72.343380	-57.219320	-11.422640	 6.841140	 9.347517	-0.525394	 0.082835	-19.281290	-0.176354	 3.200583	 2.866746	-0.947484	 90.124370	-90.980410	 0.026087	-93.620090	 179.698200	 2.645945	 99.265140	-0.813313	 0.122417	-8.559153	-24.649060	-38.815270	 0.096613	-85.030330	-18.419840	-20.817760	-5.032235	-15.004200	-29.342050	-12.361010	-5.389225	 58.901520	 2.460701	-1.156057	 64.651730	 2.146166	 1.289131	-35.830460	-6.374871	-9.589395	 86.450520	-0.142384	 3.373941	 109.820600	 0.188712	 7.210938	-12.056590	 27.563640	 4.964515	 80.667340	-6.021856	 19.823110	 67.416630	-4.716576	 19.574120	-20.517600	 10.496870	 0.428389	 68.820100	-3.484296	 9.763653	 74.841640	-1.956071	 12.112190	-9.553795	-26.705130	 0.279589	 25.200050	 36.498650	-0.543483	 0.317072	 80.942360	-0.257532	 3.995351	 0.000000	 90.000000	 0.000000	 165.585500	 15.114580	 160.628600	-172.522800	-4.771712	-25.660460
-0.039245	-0.134245	-0.006948	 169.365700	-0.421780	-91.089130	-20.119570	 0.204671	-1.685337	-17.343760	 0.024072	-1.485735	 0.620950	-2.729131	 109.213600	-0.813313	 0.122417	-8.559153	-54.283840	-12.286170	-1.408723	 3.944112	 22.873320	-0.771499	-24.553670	 19.818160	-63.213990	-5.460975	-1.997676	 10.156900	 2.503307	-1.126933	 4.530149	 3.268709	-0.631568	-79.835430	 3.909988	 3.144789	 11.798120	-0.275103	 3.148150	 9.278904	 2.899591	 4.358827	-70.014470	 37.437860	 19.807210	 15.003390	-6.822121	 19.211520	 10.843110	-5.647915	 19.246410	-70.669750	 18.455430	 10.392810	 21.497020	-3.898658	 9.395153	 9.482653	-0.473645	 9.978481	-72.343550	-57.220310	-11.422810	 6.840835	 9.347374	-0.525394	 0.082833	-19.281490	-0.176352	 3.200582	 2.875670	-1.298295	 90.137450	-91.343770	 0.049647	-93.017080	 179.721900	 2.481076	 99.319830	-0.813313	 0.122417	-8.559153	-25.020140	-38.484760	 0.523247	-84.338660	-17.600870	-20.082260	-4.661028	-14.130240	-29.304220	-12.364870	-5.393787	 58.930140	 2.460675	-1.156109	 64.715820	 2.144132	 1.290700	-35.780860	-6.332356	-9.297879	 85.463940	-0.140587	 3.368716	 107.960800	 0.188712	 7.210938	-12.056590	 27.593150	 5.379831	 79.367740	-6.021856	 19.823110	 67.416630	-4.716576	 19.574120	-20.517600	 10.724310	 0.717903	 68.813910	-3.484296	 9.763653	 74.841640	-1.956071	 12.112190	-9.553795	-27.138480	 0.168995	 25.339120	 36.498650	-0.543483	 0.317072	 78.215500	-0.274412	 3.977215	 0.000000	 90.000000	 0.000000	 165.470200	 15.160110	 160.453900	-172.595700	-4.776575	-25.912900
-0.038988	-0.134598	-0.007351	 169.384900	-0.440874	-91.092880	-20.132760	 0.245312	-1.731706	-17.313840	 0.111492	-1.530830	 0.629538	-2.764093	 109.207900	-0.813313	 0.122417	-8.559153	-54.357150	-12.307190	-1.469984	 3.937525	 22.772590	-0.767259	-24.744000	 19.778260	-63.073000	-5.460947	-1.997793	 10.154880	 2.503307	-1.126933	 4.530149	 3.268710	-0.631574	-79.835550	 3.908187	 3.144069	 11.799680	-0.275110	 3.148150	 9.276642	 2.899598	 4.358803	-70.014840	 37.435240	 19.806250	 15.004190	-6.822121	 19.211520	 10.843110	-5.647858	 19.246410	-70.667100	 18.453490	 10.391810	 21.497220	-3.898658	 9.395153	 9.482653	-0.473644	 9.978473	-72.343740	-57.221340	-11.423010	 6.840468	 9.347212	-0.525394	 0.082831	-19.281720	-0.176360	 3.200578	 2.885268	-1.661392	 90.150830	-91.718870	 0.042900	-92.433810	 179.750700	 2.291091	 99.346720	-0.813313	 0.122417	-8.559153	-25.780240	-38.202270	 0.402514	-83.433910	-16.678920	-19.338130	-4.335174	-13.103170	-28.940610	-12.324270	-5.346430	 58.662170	 2.460828	-1.155796	 64.327750	 2.156358	 1.281222	-36.079510	-6.283821	-9.006654	 84.483850	-0.138971	 3.363468	 106.112600	 0.188712	 7.210938	-12.056590	 27.634340	 5.795570	 78.073480	-6.021856	 19.823110	 67.416630	-4.716576	 19.574120	-20.517600	 10.950310	 1.005499	 68.806620	-3.484296	 9.763653	 74.841640	-1.956071	 12.112190	-9.553795	-27.568100	 0.056968	 25.472760	 36.498650	-0.543483	 0.317072	 75.505750	-0.290315	 3.958414	 0.000000	 90.000000	 0.000000	 165.370900	 15.203480	 160.271300	-172.649500	-4.785479	-26.158040
-0.038811	-0.134991	-0.007804	 169.394700	-0.465022	-91.091030	-20.148780	 0.294652	-1.777505	-17.285420	 0.219916	-1.576257	 0.639791	-2.805867	 109.200500	-0.813313	 0.122417	-8.559153	-54.443490	-12.332050	-1.540913	 3.927355	 22.669020	-0.761876	-24.949280	 19.733650	-62.902120	-5.460913	-1.997930	 10.152510	 2.503307	-1.126933	 4.530149	 3.268711	-0.631583	-79.835720	 3.906192	 3.143274	 11.801500	-0.275117	 3.148149	 9.274003	 2.899607	 4.358767	-70.015360	 37.432110	 19.805100	 15.005120	-6.822121	 19.211520	 10.843110	-5.647793	 19.246400	-70.663980	 18.451490	 10.390780	 21.497360	-3.898658	 9.395153	 9.482653	-0.473644	 9.978462	-72.344000	-57.222560	-11.423230	 6.840009	 9.347012	-0.525394	 0.082830	-19.282060	-0.176347	 3.200578	 2.897031	-2.085373	 90.166340	-92.152560	 0.023455	-91.788130	 179.789400	 2.050252	 99.323140	-0.813313	 0.122417	-8.559153	-26.658600	-37.865860	 0.198421	-81.944470	-15.781930	-18.496020	-4.010816	-11.936760	-28.386480	-12.248170	-5.258695	 58.148140	 2.461127	-1.155197	 63.582090	 2.179648	 1.262880	-36.651860	-6.221886	-8.678329	 83.384810	-0.137360	 3.357523	 104.039300	 0.188712	 7.210938	-12.056590	 27.694820	 6.265093	 76.618220	-6.021856	 19.823110	 67.416630	-4.716576	 19.574120	-20.517600	 11.203970	 1.328172	 68.797090	-3.484296	 9.763653	 74.841640	-1.956071	 12.112190	-9.553795	-28.049000	-0.071415	 25.616730	 36.498650	-0.543483	 0.317072	 72.465340	-0.307077	 3.936454	 0.000000	 90.000000	 0.000000	 165.280600	 15.243970	 160.044500	-172.690500	-4.798724	-26.419460
-0.038689	-0.135342	-0.008188	 169.396900	-0.486192	-91.086040	-20.163200	 0.339194	-1.811023	-17.268990	 0.319456	-1.610159	 0.649627	-2.845960	 109.193600	-0.813313	 0.122417	-8.559153	-54.519430	-12.354160	-1.601838	 3.916954	 22.607290	-0.757377	-25.100220	 19.704850	-62.745730	-5.460885	-1.998049	 10.150450	 2.503307	-1.126933	 4.530149	 3.268712	-0.631592	-79.835890	 3.904525	 3.142612	 11.803060	-0.275124	 3.148147	 9.271719	 2.899616	 4.358732	-70.015870	 37.429340	 19.804080	 15.005930	-6.822121	 19.211520	 10.843110	-5.647738	 19.246400	-70.661180	 18.449990	 10.390000	 21.497390	-3.898658	 9.395153	 9.482653	-0.473643	 9.978451	-72.344280	-57.223630	-11.423430	 6.839571	 9.346796	-0.525387	 0.082828	-19.282390	-0.176347	 3.200575	 2.907707	-2.453375	 90.179760	-92.523190	 0.020362	-91.243930	 179.825300	 1.829126	 99.285180	-0.813313	 0.122417	-8.559153	-27.475470	-37.573820	-0.111267	-80.550910	-14.982030	-17.777870	-3.756278	-10.879430	-28.023370	-12.123630	-5.116673	 57.109060	 2.461732	-1.154038	 62.125110	 2.224711	 1.226299	-37.772400	-6.163984	-8.402279	 82.464520	-0.136177	 3.352503	 102.303400	 0.188712	 7.210938	-12.056590	 27.757200	 6.660594	 75.396240	-6.021856	 19.823110	 67.416630	-4.716576	 19.574120	-20.517600	 11.416390	 1.598251	 68.788000	-3.484296	 9.763653	 74.841640	-1.956071	 12.112190	-9.553795	-28.450680	-0.181172	 25.731930	 36.498650	-0.543483	 0.317072	 69.919460	-0.320199	 3.917401	 0.000000	 90.000000	 0.000000	 165.213900	 15.265130	 159.827500	-172.713900	-4.810140	-26.620860
-0.038579	-0.135712	-0.008521	 169.398000	-0.505969	-91.079870	-20.177950	 0.384860	-1.839302	-17.262710	 0.422968	-1.639300	 0.661058	-2.892550	 109.186200	-0.813313	 0.122417	-8.559153	-54.595790	-12.376860	-1.661270	 3.905254	 22.570840	-0.753078	-25.222070	 19.683290	-62.584670	-5.460856	-1.998168	 10.148410	 2.503307	-1.126933	 4.530149	 3.268714	-0.631603	-79.836110	 3.902937	 3.141984	 11.804620	-0.275131	 3.148146	 9.269433	 2.899626	 4.358690	-70.016460	 37.426540	 19.803050	 15.006720	-6.822121	 19.211520	 10.843110	-5.647679	 19.246390	-70.658350	 18.448670	 10.389320	 21.497340	-3.898658	 9.395153	 9.482653	-0.473643	 9.978438	-72.344550	-57.224720	-11.423630	 6.839108	 9.346581	-0.525394	 0.082827	-19.282760	-0.176343	 3.200577	 2.918702	-2.817379	 90.193070	-92.882870	 0.051558	-90.707120	 179.861400	 1.603244	 99.259740	-0.813313	 0.122417	-8.559153	-28.477010	-37.356900	-0.546003	-78.692070	-14.062300	-17.050020	-3.508332	-9.570301	-27.901370	-11.894340	-4.869643	 55.623980	 2.462651	-1.152407	 60.038860	 2.287985	 1.172389	-39.377180	-6.103164	-8.136288	 81.580640	-0.135184	 3.347648	 100.635300	 0.188712	 7.210938	-12.056590	 27.827120	 7.041838	 74.220150	-6.021856	 19.823110	 67.416630	-4.716576	 19.574120	-20.517600	 11.620530	 1.857691	 68.778340	-3.484296	 9.763653	 74.841640	-1.956071	 12.112190	-9.553795	-28.835440	-0.288594	 25.837480	 36.498650	-0.543483	 0.317072	 67.473950	-0.331991	 3.898572	 0.000000	 90.000000	 0.000000	 165.154200	 15.267030	 159.602300	-172.731400	-4.818974	-26.792760
-0.038439	-0.136159	-0.008846	 169.401800	-0.527174	-91.072680	-20.199470	 0.441149	-1.867434	-17.268540	 0.551938	-1.668852	 0.676341	-2.954858	 109.176900	-0.813313	 0.122417	-8.559153	-54.688080	-12.405010	-1.730245	 3.888372	 22.529980	-0.747094	-25.347150	 19.648640	-62.391920	-5.460824	-1.998309	 10.145980	 2.503307	-1.126933	 4.530149	 3.268716	-0.631617	-79.836370	 3.901113	 3.141267	 11.806490	-0.275139	 3.148145	 9.266720	 2.899640	 4.358635	-70.017250	 37.423080	 19.801780	 15.007680	-6.822121	 19.211520	 10.843110	-5.647610	 19.246390	-70.654880	 18.447360	 10.388640	 21.497200	-3.898658	 9.395153	 9.482653	-0.473642	 9.978420	-72.344950	-57.226030	-11.423870	 6.838517	 9.346291	-0.525387	 0.082825	-19.283250	-0.176343	 3.200569	 2.932325	-3.247812	 90.208890	-93.300010	 0.085361	-90.060280	 179.903500	 1.331920	 99.271870	-0.813313	 0.122417	-8.559153	-29.832380	-37.149380	-1.196130	-76.260270	-12.847590	-16.180130	-3.021181	-7.898528	-27.894230	-11.551270	-4.522539	 53.517730	 2.464051	-1.150157	 57.086880	 2.375108	 1.092910	-41.653820	-6.026875	-7.829461	 80.564110	-0.134220	 3.342034	 98.717900	 0.188712	 7.210938	-12.056590	 27.919900	 7.481970	 72.863890	-6.021856	 19.823110	 67.416630	-4.716576	 19.574120	-20.517600	 11.855350	 2.155962	 68.766080	-3.484296	 9.763653	 74.841640	-1.956071	 12.112190	-9.553795	-29.276790	-0.414761	 25.952000	 36.498650	-0.543483	 0.317072	 64.661710	-0.344551	 3.876317	 0.000000	 90.000000	 0.000000	 165.085800	 15.247450	 159.354300	-172.752900	-4.823605	-26.969620
-0.038296	-0.136561	-0.009072	 169.407400	-0.543881	-91.067090	-20.224820	 0.489167	-1.886800	-17.280990	 0.662601	-1.689525	 0.689916	-3.010235	 109.168600	-0.813313	 0.122417	-8.559153	-54.765430	-12.429420	-1.785206	 3.872022	 22.497890	-0.741443	-25.435740	 19.613290	-62.232140	-5.460795	-1.998427	 10.143940	 2.503307	-1.126933	 4.530149	 3.268718	-0.631629	-79.836620	 3.899658	 3.140697	 11.808020	-0.275145	 3.148144	 9.264472	 2.899652	 4.358586	-70.017970	 37.420160	 19.800720	 15.008480	-6.822121	 19.211520	 10.843110	-5.647552	 19.246380	-70.651950	 18.446450	 10.388170	 21.496990	-3.898658	 9.395153	 9.482653	-0.473641	 9.978405	-72.345300	-57.227140	-11.424080	 6.837995	 9.346023	-0.525387	 0.082822	-19.283700	-0.176338	 3.200571	 2.943797	-3.555047	 90.221760	-93.602570	 0.032759	-89.552340	 179.937000	 1.111377	 99.309790	-0.813313	 0.122417	-8.559153	-31.010790	-36.984520	-1.811422	-74.409910	-11.801070	-15.480680	-2.363603	-6.602759	-27.881220	-11.307970	-4.291425	 52.014420	 2.465117	-1.148603	 54.986190	 2.435124	 1.034299	-43.273160	-5.961350	-7.584593	 79.754210	-0.133586	 3.337540	 97.190210	 0.188712	 7.210938	-12.056590	 28.003180	 7.833353	 71.780740	-6.021856	 19.823110	 67.416630	-4.716576	 19.574120	-20.517600	 12.042460	 2.393487	 68.755440	-3.484296	 9.763653	 74.841640	-1.956071	 12.112190	-9.553795	-29.627310	-0.517380	 26.037240	 36.498650	-0.543483	 0.317072	 62.421940	-0.353762	 3.858166	 0.000000	 90.000000	 0.000000	 165.031900	 15.218490	 159.164800	-172.777800	-4.820762	-27.110850
-0.038139	-0.137013	-0.009262	 169.415900	-0.559786	-91.061650	-20.258270	 0.540804	-1.904009	-17.300700	 0.782138	-1.708064	 0.704636	-3.070329	 109.159400	-0.813313	 0.122417	-8.559153	-54.847500	-12.456300	-1.840319	 3.852652	 22.465840	-0.734871	-25.515710	 19.570470	-62.064130	-5.460764	-1.998551	 10.141810	 2.503307	-1.126933	 4.530149	 3.268720	-0.631645	-79.836930	 3.898166	 3.140113	 11.809620	-0.275152	 3.148143	 9.262111	 2.899668	 4.358528	-70.018820	 37.417010	 19.799560	 15.009310	-6.822121	 19.211520	 10.843110	-5.647486	 19.246380	-70.648820	 18.445660	 10.387760	 21.496710	-3.898658	 9.395153	 9.482653	-0.473640	 9.978389	-72.345700	-57.228320	-11.424300	 6.837397	 9.345734	-0.525390	 0.082819	-19.284210	-0.176335	 3.200568	 2.955784	-3.785902	 90.234850	-93.841340	-0.072704	-89.090140	 179.970500	 0.889160	 99.366310	-0.813313	 0.122417	-8.559153	-32.227930	-36.785400	-2.499680	-72.383450	-10.714670	-14.752890	-1.700718	-5.262515	-27.768440	-11.153460	-4.150391	 51.120020	 2.465776	-1.147700	 53.741800	 2.469938	 0.998734	-44.233810	-5.890635	-7.336407	 78.935100	-0.133067	 3.332979	 95.645040	 0.188712	 7.210938	-12.056590	 28.095980	 8.189246	 70.682820	-6.021856	 19.823110	 67.416630	-4.716576	 19.574120	-20.517600	 12.231840	 2.633755	 68.743870	-3.484296	 9.763653	 74.841640	-1.956071	 12.112190	-9.553795	-29.980960	-0.623271	 26.117440	 36.498650	-0.543483	 0.317072	 60.155650	-0.362353	 3.839452	 0.000000	 90.000000	 0.000000	 164.978800	 15.180790	 158.979500	-172.817200	-4.808774	-27.255410
-0.038001	-0.137526	-0.009415	 169.428200	-0.574367	-91.056220	-20.301920	 0.598320	-1.919941	-17.329200	 0.915633	-1.725133	 0.720717	-3.136059	 109.148600	-0.813313	 0.122417	-8.559153	-54.937030	-12.483860	-1.905660	 3.828915	 22.432780	-0.726926	-25.589390	 19.518270	-61.880780	-5.460732	-1.998687	 10.139480	 2.503307	-1.126933	 4.530149	 3.268723	-0.631663	-79.837270	 3.896634	 3.139519	 11.811380	-0.275160	 3.148141	 9.259495	 2.899685	 4.358461	-70.019800	 37.413530	 19.798280	 15.010220	-6.822121	 19.211520	 10.843110	-5.647416	 19.246380	-70.645340	 18.444970	 10.387400	 21.496320	-3.898658	 9.395153	 9.482653	-0.473640	 9.978368	-72.346150	-57.229630	-11.424550	 6.836721	 9.345387	-0.525390	 0.082816	-19.284800	-0.176329	 3.200565	 2.968877	-3.976814	 90.248800	-94.036120	-0.210729	-88.650670	-179.995400	 0.662339	 99.435630	-0.813313	 0.122417	-8.559153	-33.442620	-36.503930	-3.257655	-69.763820	-9.398916	-13.940790	-1.584089	-3.505693	-27.515220	-11.055860	-4.066104	 50.305150	 2.466388	-1.146895	 52.615040	 2.500964	 0.966007	-45.104250	-5.812041	-7.076698	 78.079030	-0.132656	 3.328199	 94.029980	 0.188712	 7.210938	-12.056590	 28.202250	 8.561652	 69.532160	-6.021856	 19.823110	 67.416630	-4.716576	 19.574120	-20.517600	 12.429830	 2.884786	 68.730950	-3.484296	 9.763653	 74.841640	-1.956071	 12.112190	-9.553795	-30.349260	-0.736272	 26.193950	 36.498650	-0.543483	 0.317072	 57.787260	-0.370534	 3.819546	 0.000000	 90.000000	 0.000000	 164.925900	 15.137160	 158.791600	-172.868700	-4.789117	-27.408570
-0.037896	-0.138006	-0.009530	 169.441500	-0.584296	-91.050220	-20.345520	 0.649465	-1.932131	-17.359400	 1.034365	-1.737894	 0.734360	-3.191960	 109.137600	-0.813313	 0.122417	-8.559153	-55.020000	-12.505070	-1.980142	 3.806024	 22.405590	-0.719349	-25.643670	 19.468820	-61.720630	-5.460702	-1.998806	 10.137430	 2.503307	-1.126933	 4.530149	 3.268725	-0.631679	-79.837600	 3.895334	 3.139017	 11.812940	-0.275167	 3.148141	 9.257226	 2.899702	 4.358396	-70.020760	 37.410420	 19.797140	 15.011020	-6.822121	 19.211520	 10.843110	-5.647354	 19.246370	-70.642230	 18.444520	 10.387170	 21.495920	-3.898658	 9.395153	 9.482653	-0.473639	 9.978349	-72.346600	-57.230790	-11.424770	 6.836086	 9.345081	-0.525387	 0.082814	-19.285360	-0.176328	 3.200562	 2.980466	-4.131890	 90.260880	-94.173980	-0.321841	-88.305190	-179.967400	 0.476509	 99.502070	-0.813313	 0.122417	-8.559153	-34.499520	-36.236770	-3.971473	-67.447210	-8.092018	-13.238140	-1.952233	-1.775828	-27.177360	-10.991140	-4.011310	 49.789360	 2.466784	-1.146391	 51.900620	 2.520470	 0.944914	-45.658780	-5.742697	-6.859437	 77.363230	-0.132417	 3.324195	 92.679700	 0.188712	 7.210938	-12.056590	 28.298200	 8.872932	 68.567630	-6.021856	 19.823110	 67.416630	-4.716576	 19.574120	-20.517600	 12.595360	 3.094532	 68.719470	-3.484296	 9.763653	 74.841640	-1.956071	 12.112190	-9.553795	-30.656230	-0.832859	 26.251260	 36.498650	-0.543483	 0.317072	 55.807400	-0.376737	 3.802659	 0.000000	 90.000000	 0.000000	 164.884600	 15.102000	 158.637800	-172.905200	-4.774385	-27.537890
-0.037811	-0.138544	-0.009629	 169.458500	-0.591000	-91.040660	-20.394060	 0.701682	-1.943452	-17.394220	 1.155641	-1.749164	 0.747308	-3.245248	 109.123500	-0.813313	 0.122417	-8.559153	-55.116240	-12.527810	-2.073526	 3.780906	 22.379660	-0.711105	-25.690600	 19.416260	-61.559060	-5.460674	-1.998926	 10.135370	 2.503307	-1.126933	 4.530149	 3.268728	-0.631697	-79.837940	 3.894073	 3.138532	 11.814480	-0.275173	 3.148139	 9.254932	 2.899720	 4.358327	-70.021750	 37.407210	 19.795970	 15.011830	-6.822121	 19.211520	 10.843110	-5.647286	 19.246370	-70.639020	 18.444190	 10.387000	 21.495450	-3.898658	 9.395153	 9.482653	-0.473637	 9.978331	-72.347060	-57.231960	-11.424990	 6.835432	 9.344733	-0.525383	 0.082811	-19.285970	-0.176327	 3.200557	 2.992319	-4.292792	 90.272990	-94.304990	-0.398563	-87.977270	-179.940900	 0.299557	 99.582530	-0.813313	 0.122417	-8.559153	-35.742250	-36.009540	-4.827243	-64.731320	-6.759407	-12.506380	-2.934369	 0.129390	-26.721440	-10.924100	-3.953528	 49.431690	 2.467065	-1.146043	 51.402790	 2.533876	 0.930175	-46.043320	-5.672512	-6.649439	 76.671800	-0.132276	 3.320323	 91.375760	 0.188712	 7.210938	-12.056590	 28.397290	 9.173581	 67.634170	-6.021856	 19.823110	 67.416630	-4.716576	 19.574120	-20.517600	 12.755350	 3.297127	 68.707800	-3.484296	 9.763653	 74.841640	-1.956071	 12.112190	-9.553795	-30.951760	-0.928097	 26.300100	 36.498650	-0.543483	 0.317072	 53.895060	-0.382168	 3.786153	 0.000000	 90.000000	 0.000000	 164.849000	 15.076050	 158.490800	-172.934600	-4.762092	-27.664490
-0.037733	-0.139251	-0.009719	 169.483100	-0.585631	-91.024810	-20.455590	 0.762962	-1.955026	-17.439510	 1.298015	-1.760425	 0.762146	-3.306589	 109.103700	-0.813313	 0.122417	-8.559153	-55.242400	-12.555670	-2.202830	 3.749211	 22.351450	-0.700764	-25.737170	 19.352710	-61.370970	-5.460641	-1.999067	 10.132940	 2.503307	-1.126933	 4.530149	 3.268731	-0.631720	-79.838380	 3.892656	 3.137989	 11.816280	-0.275181	 3.148138	 9.252260	 2.899742	 4.358242	-70.022990	 37.403450	 19.794590	 15.012760	-6.822121	 19.211520	 10.843110	-5.647209	 19.246360	-70.635240	 18.443970	 10.386880	 21.494820	-3.898658	 9.395153	 9.482653	-0.473636	 9.978303	-72.347650	-57.233360	-11.425270	 6.834625	 9.344332	-0.525379	 0.082809	-19.286720	-0.176318	 3.200555	 3.006148	-4.458547	 90.286910	-94.476540	-0.414628	-87.601580	-179.911800	 0.105336	 99.688450	-0.813313	 0.122417	-8.559153	-37.339730	-35.766630	-5.954822	-61.281590	-5.189490	-11.634580	-4.105746	 2.354938	-26.036140	-10.863170	-3.898970	 49.315170	 2.467159	-1.145927	 51.236420	 2.538332	 0.925232	-46.171790	-5.591186	-6.416837	 75.905640	-0.132222	 3.316034	 89.931630	 0.188712	 7.210938	-12.056590	 28.514220	 9.506196	 66.597950	-6.021856	 19.823110	 67.416630	-4.716576	 19.574120	-20.517600	 12.932630	 3.521462	 68.694230	-3.484296	 9.763653	 74.841640	-1.956071	 12.112190	-9.553795	-31.277740	-1.036117	 26.345400	 36.498650	-0.543483	 0.317072	 51.777160	-0.387538	 3.767673	 0.000000	 90.000000	 0.000000	 164.816200	 15.063170	 158.327900	-172.960500	-4.751145	-27.807550
-0.037678	-0.139943	-0.009757	 169.509600	-0.560281	-91.007210	-20.512290	 0.815561	-1.962253	-17.482000	 1.420999	-1.768102	 0.776317	-3.365300	 109.083900	-0.813313	 0.122417	-8.559153	-55.361700	-12.580610	-2.329886	 3.719725	 22.328760	-0.691215	-25.770960	 19.296410	-61.209240	-5.460612	-1.999187	 10.130860	 2.503307	-1.126933	 4.530149	 3.268734	-0.631741	-79.838780	 3.891472	 3.137538	 11.817830	-0.275188	 3.148137	 9.249952	 2.899762	 4.358163	-70.024150	 37.400160	 19.793380	 15.013570	-6.822121	 19.211520	 10.843110	-5.647141	 19.246350	-70.631910	 18.443870	 10.386830	 21.494220	-3.898658	 9.395153	 9.482653	-0.473635	 9.978281	-72.348170	-57.234600	-11.425510	 6.833885	 9.343941	-0.525390	 0.082803	-19.287400	-0.176312	 3.200550	 3.018083	-4.584234	 90.298710	-94.635380	-0.370092	-87.267520	-179.888000	-0.053044	 99.786090	-0.813313	 0.122417	-8.559153	-38.781040	-35.550590	-7.002151	-58.230340	-3.828325	-10.879030	-4.531200	 4.130460	-25.394170	-10.823970	-3.862499	 49.349550	 2.467135	-1.145957	 51.279420	 2.537182	 0.926510	-46.138600	-5.521931	-6.226865	 75.279750	-0.132259	 3.312529	 88.751960	 0.188712	 7.210938	-12.056590	 28.615260	 9.777521	 65.749030	-6.021856	 19.823110	 67.416630	-4.716576	 19.574120	-20.517600	 13.077540	 3.704727	 68.682620	-3.484296	 9.763653	 74.841640	-1.956071	 12.112190	-9.553795	-31.542940	-1.126588	 26.374470	 36.498650	-0.543483	 0.317072	 50.047260	-0.391419	 3.752441	 0.000000	 90.000000	 0.000000	 164.794000	 15.064930	 158.193600	-172.976500	-4.744731	-27.927510
-0.037628	-0.140771	-0.009753	 169.543600	-0.515962	-90.984560	-20.577510	 0.872588	-1.967353	-17.531410	 1.555247	-1.774422	 0.793200	-3.435400	 109.059800	-0.813313	 0.122417	-8.559153	-55.501860	-12.608660	-2.483216	 3.685243	 22.305730	-0.680083	-25.801870	 19.233660	-61.032980	-5.460581	-1.999321	 10.128560	 2.503307	-1.126933	 4.530149	 3.268738	-0.631765	-79.839260	 3.890248	 3.137076	 11.819530	-0.275195	 3.148136	 9.247412	 2.899785	 4.358073	-70.025450	 37.396460	 19.792030	 15.014440	-6.822121	 19.211520	 10.843110	-5.647066	 19.246350	-70.628210	 18.443880	 10.386840	 21.493510	-3.898658	 9.395153	 9.482653	-0.473633	 9.978255	-72.348770	-57.235960	-11.425770	 6.833049	 9.343524	-0.525386	 0.082800	-19.288180	-0.176306	 3.200546	 3.031107	-4.705772	 90.311450	-94.782100	-0.279813	-86.874810	-179.862900	-0.218289	 99.895050	-0.813313	 0.122417	-8.559153	-40.355320	-35.282970	-8.185534	-54.991440	-2.348927	-10.066490	-4.652594	 5.892657	-24.270340	-10.792610	-3.833228	 49.381180	 2.467112	-1.145985	 51.319580	 2.536106	 0.927704	-46.107570	-5.447514	-6.030163	 74.631450	-0.132373	 3.308901	 87.530110	 0.188712	 7.210938	-12.056590	 28.725290	 10.057990	 64.868400	-6.021856	 19.823110	 67.416630	-4.716576	 19.574120	-20.517600	 13.227660	 3.894448	 68.670080	-3.484296	 9.763653	 74.841640	-1.956071	 12.112190	-9.553795	-31.816330	-1.222759	 26.395520	 36.498650	-0.543483	 0.317072	 48.255940	-0.394944	 3.736548	 0.000000	 90.000000	 0.000000	 164.774900	 15.078120	 158.051600	-172.988400	-4.741087	-28.055810
-0.037584	-0.141524	-0.009725	 169.576400	-0.468457	-90.962780	-20.635800	 0.921034	-1.969475	-17.575780	 1.670045	-1.778215	 0.808775	-3.500209	 109.036900	-0.813313	 0.122417	-8.559153	-55.629330	-12.633260	-2.625432	 3.653753	 22.287350	-0.669979	-25.823930	 19.179080	-60.882050	-5.460553	-1.999436	 10.126590	 2.503307	-1.126933	 4.530149	 3.268741	-0.631787	-79.839690	 3.889220	 3.136689	 11.820990	-0.275202	 3.148135	 9.245224	 2.899807	 4.357992	-70.026640	 37.393280	 19.790860	 15.015200	-6.822121	 19.211520	 10.843110	-5.647000	 19.246340	-70.624960	 18.443980	 10.386890	 21.492850	-3.898658	 9.395153	 9.482653	-0.473633	 9.978231	-72.349320	-57.237130	-11.426000	 6.832312	 9.343126	-0.525386	 0.082798	-19.288900	-0.176299	 3.200546	 3.042264	-4.798828	 90.322260	-94.889550	-0.179613	-86.537150	-179.842000	-0.354934	 99.987060	-0.813313	 0.122417	-8.559153	-41.652070	-35.010790	-9.200886	-52.470470	-1.334069	-9.391836	-5.191374	 7.086174	-22.951940	-10.773820	-3.816352	 49.353100	 2.467135	-1.145957	 51.279270	 2.537185	 0.926506	-46.138680	-5.384959	-5.870204	 74.103910	-0.132523	 3.305953	 86.536450	 0.188712	 7.210938	-12.056590	 28.818840	 10.285830	 64.150270	-6.021856	 19.823110	 67.416630	-4.716576	 19.574120	-20.517600	 13.349770	 4.048670	 68.659540	-3.484296	 9.763653	 74.841640	-1.956071	 12.112190	-9.553795	-32.037630	-1.303105	 26.404630	 36.498650	-0.543483	 0.317072	 46.798160	-0.397454	 3.723542	 0.000000	 90.000000	 0.000000	 164.761700	 15.097090	 157.932500	-172.994600	-4.740814	-28.164210
-0.037589	-0.142482	-0.009611	 169.619100	-0.404872	-90.934180	-20.709380	 0.979423	-1.969367	-17.631990	 1.809424	-1.780827	 0.829107	-3.585007	 109.006600	-0.813313	 0.122417	-8.559153	-55.792850	-12.663760	-2.810799	 3.612632	 22.266560	-0.656794	-25.845970	 19.111800	-60.698030	-5.460518	-1.999578	 10.124130	 2.503307	-1.126933	 4.530149	 3.268746	-0.631815	-79.840230	 3.887994	 3.136231	 11.822790	-0.275210	 3.148134	 9.242520	 2.899834	 4.357885	-70.028180	 37.389260	 19.789390	 15.016130	-6.822121	 19.211520	 10.843110	-5.646920	 19.246340	-70.620920	 18.444180	 10.387000	 21.491960	-3.898658	 9.395153	 9.482653	-0.473632	 9.978200	-72.350020	-57.238620	-11.426300	 6.831345	 9.342634	-0.525379	 0.082794	-19.289820	-0.176293	 3.200539	 3.055908	-4.900795	 90.335330	-95.002940	-0.041807	-86.183360	-179.814800	-0.530436	 100.107800	-0.813313	 0.122417	-8.559153	-43.303310	-34.685280	-10.447860	-48.469070	-0.613720	-8.447181	-6.470666	 8.208319	-21.732310	-10.760740	-3.804720	 49.326220	 2.467157	-1.145931	 51.241220	 2.538201	 0.925378	-46.167990	-5.310583	-5.685796	 73.495020	-0.132759	 3.302553	 85.389410	 0.188712	 7.210938	-12.056590	 28.931170	 10.548070	 63.319860	-6.021856	 19.823110	 67.416630	-4.716576	 19.574120	-20.517600	 13.490850	 4.226758	 68.646960	-3.484296	 9.763653	 74.841640	-1.956071	 12.112190	-9.553795	-32.291600	-1.398739	 26.404110	 36.498650	-0.543483	 0.317072	 45.116280	-0.399920	 3.708461	 0.000000	 90.000000	 0.000000	 164.747800	 15.127560	 157.788600	-172.998300	-4.744290	-28.295420
-0.037553	-0.143293	-0.009487	 169.653300	-0.354615	-90.910660	-20.769800	 1.025395	-1.967164	-17.678060	 1.920081	-1.781364	 0.846361	-3.657146	 108.980500	-0.813313	 0.122417	-8.559153	-55.929080	-12.688520	-2.967121	 3.577521	 22.251250	-0.645583	-25.860220	 19.057750	-60.550900	-5.460492	-1.999693	 10.122170	 2.503307	-1.126933	 4.530149	 3.268749	-0.631839	-79.840710	 3.887042	 3.135878	 11.824260	-0.275216	 3.148132	 9.240330	 2.899857	 4.357795	-70.029500	 37.385980	 19.788190	 15.016860	-6.822121	 19.211520	 10.843110	-5.646851	 19.246330	-70.617580	 18.444420	 10.387120	 21.491210	-3.898658	 9.395153	 9.482653	-0.473629	 9.978174	-72.350620	-57.239830	-11.426530	 6.830550	 9.342216	-0.525379	 0.082790	-19.290590	-0.176286	 3.200534	 3.066819	-4.974948	 90.345730	-95.083180	 0.065650	-85.937770	-179.789200	-0.694275	 100.226200	-0.813313	 0.122417	-8.559153	-44.853760	-34.515160	-11.434510	-45.216200	 0.097862	-7.689738	-7.851251	 9.202064	-20.824100	-10.757350	-3.801833	 49.310670	 2.467169	-1.145916	 51.219700	 2.538774	 0.924740	-46.184540	-5.252839	-5.546710	 73.035580	-0.132983	 3.299991	 84.523900	 0.188712	 7.210938	-12.056590	 29.019230	 10.745610	 62.692130	-6.021856	 19.823110	 67.416630	-4.716576	 19.574120	-20.517600	 13.597310	 4.361045	 68.637150	-3.484296	 9.763653	 74.841640	-1.956071	 12.112190	-9.553795	-32.482450	-1.472366	 26.397870	 36.498650	-0.543483	 0.317072	 43.847180	-0.401497	 3.697036	 0.000000	 90.000000	 0.000000	 164.737200	 15.156080	 157.673400	-172.998900	-4.750276	-28.400140
-0.037420	-0.144364	-0.009307	 169.696600	-0.290295	-90.880570	-20.846530	 1.081575	-1.961836	-17.736260	 2.056535	-1.780123	 0.869062	-3.752304	 108.945700	-0.813313	 0.122417	-8.559153	-56.104620	-12.719600	-3.170427	 3.530881	 22.233800	-0.630714	-25.874450	 18.990410	-60.367360	-5.460457	-1.999839	 10.119650	 2.503307	-1.126933	 4.530149	 3.268754	-0.631870	-79.841310	 3.885895	 3.135456	 11.826100	-0.275224	 3.148131	 9.237563	 2.899888	 4.357677	-70.031220	 37.381800	 19.786660	 15.017790	-6.822121	 19.211520	 10.843110	-5.646762	 19.246320	-70.613310	 18.444780	 10.387310	 21.490190	-3.898658	 9.395153	 9.482653	-0.473628	 9.978140	-72.351420	-57.241390	-11.426840	 6.829508	 9.341670	-0.525376	 0.082786	-19.291610	-0.176279	 3.200529	 3.080478	-5.060599	 90.358680	-95.174920	 0.174133	-85.665600	-179.752200	-0.926258	 100.395900	-0.813313	 0.122417	-8.559153	-46.950150	-34.388950	-12.553860	-41.763930	 1.054243	-6.826193	-8.826446	 10.241690	-19.911870	-10.760930	-3.805314	 49.297980	 2.467178	-1.145904	 51.202840	 2.539219	 0.924245	-46.197390	-5.183517	-5.383958	 72.497030	-0.133294	 3.296997	 83.510410	 0.188712	 7.210938	-12.056590	 29.125800	 10.976380	 61.955510	-6.021856	 19.823110	 67.416630	-4.716576	 19.574120	-20.517600	 13.722040	 4.518309	 68.625360	-3.484296	 9.763653	 74.841640	-1.956071	 12.112190	-9.553795	-32.706030	-1.558614	 26.390130	 36.498650	-0.543483	 0.317072	 42.361180	-0.403021	 3.683619	 0.000000	 90.000000	 0.000000	 164.728700	 15.192140	 157.527200	-172.997700	-4.762025	-28.531420
-0.037280	-0.145262	-0.009136	 169.728100	-0.230823	-90.855570	-20.907290	 1.124461	-1.955664	-17.781940	 2.161813	-1.777659	 0.887720	-3.830721	 108.916800	-0.813313	 0.122417	-8.559153	-56.245480	-12.744090	-3.334770	 3.491848	 22.221420	-0.618296	-25.883360	 18.938030	-60.223580	-5.460428	-1.999956	 10.117630	 2.503307	-1.126933	 4.530149	 3.268757	-0.631896	-79.841830	 3.885000	 3.135128	 11.827580	-0.275231	 3.148130	 9.235332	 2.899913	 4.357578	-70.032650	 37.378420	 19.785420	 15.018540	-6.822121	 19.211520	 10.843110	-5.646692	 19.246320	-70.609830	 18.445120	 10.387480	 21.489340	-3.898658	 9.395153	 9.482653	-0.473627	 9.978113	-72.352060	-57.242630	-11.427090	 6.828640	 9.341198	-0.525372	 0.082782	-19.292460	-0.176268	 3.200527	 3.091202	-5.124202	 90.368790	-95.243940	 0.221545	-85.469510	-179.719600	-1.127846	 100.541400	-0.813313	 0.122417	-8.559153	-48.652490	-34.315350	-13.368100	-39.384750	 1.835961	-6.199470	-9.400112	 10.964480	-19.285350	-10.769120	-3.812903	 49.292720	 2.467182	-1.145900	 51.196660	 2.539381	 0.924066	-46.202050	-5.131583	-5.264964	 72.103100	-0.133555	 3.294809	 82.768690	 0.188712	 7.210938	-12.056590	 29.205980	 11.144670	 61.415500	-6.021856	 19.823110	 67.416630	-4.716576	 19.574120	-20.517600	 13.813390	 4.633408	 68.616520	-3.484296	 9.763653	 74.841640	-1.956071	 12.112190	-9.553795	-32.869630	-1.621696	 26.384250	 36.498650	-0.543483	 0.317072	 41.273190	-0.403911	 3.673771	 0.000000	 90.000000	 0.000000	 164.730800	 15.216100	 157.408300	-172.996000	-4.774785	-28.635420
-0.037134	-0.146206	-0.008944	 169.754300	-0.162663	-90.828830	-20.968690	 1.166513	-1.947656	-17.827550	 2.266137	-1.773832	 0.907289	-3.913172	 108.886100	-0.813313	 0.122417	-8.559153	-56.389680	-12.768800	-3.503826	 3.450146	 22.210150	-0.605051	-25.886150	 18.883960	-60.079980	-5.460399	-2.000076	 10.115560	 2.503307	-1.126933	 4.530149	 3.268761	-0.631924	-79.842360	 3.884105	 3.134801	 11.829080	-0.275238	 3.148128	 9.233071	 2.899940	 4.357473	-70.034180	 37.374920	 19.784140	 15.019310	-6.822121	 19.211520	 10.843110	-5.646618	 19.246320	-70.606220	 18.445490	 10.387670	 21.488440	-3.898658	 9.395153	 9.482653	-0.473624	 9.978082	-72.352750	-57.243920	-11.427340	 6.827730	 9.340723	-0.525376	 0.082777	-19.293370	-0.176265	 3.200520	 3.101999	-5.180657	 90.378980	-95.306520	 0.229046	-85.276790	-179.683400	-1.347481	 100.695000	-0.813313	 0.122417	-8.559153	-50.353870	-34.223810	-14.151450	-37.140270	 2.645286	-5.596624	-9.887805	 11.635700	-18.683740	-10.781470	-3.824271	 49.291170	 2.467182	-1.145899	 51.195970	 2.539393	 0.924052	-46.202410	-5.081716	-5.152826	 71.731170	-0.133828	 3.292748	 82.068940	 0.188712	 7.210938	-12.056590	 29.283600	 11.303240	 60.905210	-6.021856	 19.823110	 67.416630	-4.716576	 19.574120	-20.517600	 13.899520	 4.741891	 68.608010	-3.484296	 9.763653	 74.841640	-1.956071	 12.112190	-9.553795	-33.024010	-1.681205	 26.378560	 36.498650	-0.543483	 0.317072	 40.247120	-0.404585	 3.664474	 0.000000	 90.000000	 0.000000	 164.739900	 15.234470	 157.283000	-172.993800	-4.789445	-28.742030
-0.036982	-0.147333	-0.008705	 169.779300	-0.073534	-90.796330	-21.039470	 1.213444	-1.936066	-17.879170	 2.384236	-1.767664	 0.930903	-4.012933	 108.848800	-0.813313	 0.122417	-8.559153	-56.558350	-12.797490	-3.702239	 3.398526	 22.198640	-0.588681	-25.872370	 18.816030	-59.918120	-5.460364	-2.000218	 10.113110	 2.503307	-1.126933	 4.530149	 3.268766	-0.631959	-79.843060	 3.883093	 3.134436	 11.830870	-0.275246	 3.148128	 9.230343	 2.899974	 4.357344	-70.036060	 37.370730	 19.782610	 15.020190	-6.822121	 19.211520	 10.843110	-5.646529	 19.246310	-70.601890	 18.445970	 10.387920	 21.487300	-3.898658	 9.395153	 9.482653	-0.473622	 9.978045	-72.353600	-57.245480	-11.427660	 6.826613	 9.340135	-0.525375	 0.082773	-19.294450	-0.176262	 3.200514	 3.114411	-5.225701	 90.390760	-95.356900	 0.202922	-85.043350	-179.637400	-1.621035	 100.875900	-0.813313	 0.122417	-8.559153	-52.202790	-34.041430	-15.027810	-34.549860	 3.609174	-4.913737	-10.234140	 12.352660	-17.994120	-10.800130	-3.841367	 49.293460	 2.467179	-1.145903	 51.201250	 2.539245	 0.924216	-46.198140	-5.027389	-5.033042	 71.333850	-0.134147	 3.290549	 81.321090	 0.188712	 7.210938	-12.056590	 29.368510	 11.472240	 60.359370	-6.021856	 19.823110	 67.416630	-4.716576	 19.574120	-20.517600	 13.991720	 4.857956	 68.598720	-3.484296	 9.763653	 74.841640	-1.956071	 12.112190	-9.553795	-33.188990	-1.744782	 26.372300	 36.498650	-0.543483	 0.317072	 39.150180	-0.405116	 3.654520	 0.000000	 90.000000	 0.000000	 164.757800	 15.245550	 157.128900	-172.989800	-4.804855	-28.868650
-0.036888	-0.148329	-0.008484	 169.797100	 0.008162	-90.768680	-21.097050	 1.250418	-1.924600	-17.920100	 2.478805	-1.761140	 0.951125	-4.098608	 108.816500	-0.813313	 0.122417	-8.559153	-56.697760	-12.821110	-3.866522	 3.352968	 22.190410	-0.574243	-25.847200	 18.755910	-59.788300	-5.460336	-2.000340	 10.111020	 2.503307	-1.126933	 4.530149	 3.268771	-0.631990	-79.843640	 3.882256	 3.134137	 11.832400	-0.275252	 3.148127	 9.228039	 2.900002	 4.357229	-70.037720	 37.367160	 19.781300	 15.020920	-6.822121	 19.211520	 10.843110	-5.646452	 19.246300	-70.598150	 18.446390	 10.388140	 21.486330	-3.898658	 9.395153	 9.482653	-0.473621	 9.978013	-72.354350	-57.246800	-11.427930	 6.825646	 9.339616	-0.525379	 0.082767	-19.295450	-0.176250	 3.200508	 3.124592	-5.248644	 90.400470	-95.382990	 0.158905	-84.858110	-179.596300	-1.860865	 101.022100	-0.813313	 0.122417	-8.559153	-54.008590	-33.926170	-15.878630	-31.592270	 4.372672	-4.268177	-10.872020	 12.985120	-17.594690	-10.818280	-3.857964	 49.298190	 2.467174	-1.145909	 51.209790	 2.539011	 0.924476	-46.191380	-4.985867	-4.942985	 71.034480	-0.134406	 3.288897	 80.758350	 0.188712	 7.210938	-12.056590	 29.433880	 11.599250	 59.948010	-6.021856	 19.823110	 67.416630	-4.716576	 19.574120	-20.517600	 14.061040	 4.945179	 68.591600	-3.484296	 9.763653	 74.841640	-1.956071	 12.112190	-9.553795	-33.313160	-1.792608	 26.367460	 36.498650	-0.543483	 0.317072	 38.324890	-0.405394	 3.647026	 0.000000	 90.000000	 0.000000	 164.779200	 15.250150	 156.991900	-172.986200	-4.816164	-28.987420
-0.036818	-0.149371	-0.008268	 169.813000	 0.093247	-90.741840	-21.150890	 1.284006	-1.911934	-17.957220	 2.566305	-1.753604	 0.971097	-4.183447	 108.784400	-0.813313	 0.122417	-8.559153	-56.830250	-12.843640	-4.022710	 3.306503	 22.183740	-0.559542	-25.811510	 18.695160	-59.667390	-5.460308	-2.000459	 10.108960	 2.503307	-1.126933	 4.530149	 3.268775	-0.632021	-79.844250	 3.881456	 3.133851	 11.833900	-0.275259	 3.148126	 9.225774	 2.900032	 4.357115	-70.039390	 37.363610	 19.780000	 15.021660	-6.822121	 19.211520	 10.843110	-5.646376	 19.246300	-70.594440	 18.446790	 10.388350	 21.485320	-3.898658	 9.395153	 9.482653	-0.473620	 9.977981	-72.355100	-57.248140	-11.428190	 6.824651	 9.339082	-0.525372	 0.082762	-19.296420	-0.176238	 3.200504	 3.134305	-5.260816	 90.409810	-95.397350	 0.103869	-84.711950	-179.554600	-2.101164	 101.154000	-0.813313	 0.122417	-8.559153	-56.136530	-33.861340	-16.895690	-28.023810	 5.120019	-3.585824	-11.977750	 13.672500	-17.441270	-10.837240	-3.875290	 49.304620	 2.467168	-1.145916	 51.220730	 2.538712	 0.924809	-46.182740	-4.949337	-4.864837	 70.774560	-0.134644	 3.287463	 80.269080	 0.188712	 7.210938	-12.056590	 29.491440	 11.709300	 59.589860	-6.021856	 19.823110	 67.416630	-4.716576	 19.574120	-20.517600	 14.121360	 5.021048	 68.585340	-3.484296	 9.763653	 74.841640	-1.956071	 12.112190	-9.553795	-33.421110	-1.834165	 26.363200	 36.498650	-0.543483	 0.317072	 37.607080	-0.405542	 3.640503	 0.000000	 90.000000	 0.000000	 164.807600	 15.258230	 156.849500	-172.983600	-4.825735	-29.126940
-0.036761	-0.150714	-0.008055	 169.823200	 0.201006	-90.710250	-21.210280	 1.324715	-1.895149	-17.995920	 2.677276	-1.743261	 0.994785	-4.284355	 108.746100	-0.813313	 0.122417	-8.559153	-56.995750	-12.876320	-4.204691	 3.249221	 22.177680	-0.541431	-25.756440	 18.621830	-59.532630	-5.460273	-2.000603	 10.106480	 2.503307	-1.126933	 4.530149	 3.268781	-0.632059	-79.845000	 3.880522	 3.133520	 11.835690	-0.275267	 3.148124	 9.223069	 2.900069	 4.356973	-70.041460	 37.359370	 19.778450	 15.022490	-6.822121	 19.211520	 10.843110	-5.646289	 19.246290	-70.589930	 18.447270	 10.388590	 21.484090	-3.898658	 9.395153	 9.482653	-0.473617	 9.977939	-72.356040	-57.249720	-11.428510	 6.823456	 9.338439	-0.525369	 0.082759	-19.297650	-0.176233	 3.200500	 3.145396	-5.266078	 90.420600	-95.404590	 0.027669	-84.556000	-179.503900	-2.388565	 101.313300	-0.813313	 0.122417	-8.559153	-59.057110	-33.420580	-18.579820	-23.210990	 6.311726	-2.642601	-13.537550	 14.560880	-17.490260	-10.860000	-3.896073	 49.313680	 2.467160	-1.145927	 51.235730	 2.538304	 0.925263	-46.170970	-4.911811	-4.785537	 70.510440	-0.134899	 3.286011	 79.772990	 0.188712	 7.210938	-12.056590	 29.550730	 11.820750	 59.226130	-6.021856	 19.823110	 67.416630	-4.716576	 19.574120	-20.517600	 14.182600	 5.098050	 68.578900	-3.484296	 9.763653	 74.841640	-1.956071	 12.112190	-9.553795	-33.530550	-1.876312	 26.358770	 36.498650	-0.543483	 0.317072	 36.879490	-0.405611	 3.633893	 0.000000	 90.000000	 0.000000	 164.851000	 15.272640	 156.658700	-172.982200	-4.834338	-29.314840
-0.036732	-0.152013	-0.007879	 169.812900	 0.303929	-90.681580	-21.258240	 1.368344	-1.878628	-18.025100	 2.803019	-1.732820	 1.015711	-4.373756	 108.712000	-0.813313	 0.122417	-8.559153	-57.171450	-12.920300	-4.369758	 3.196273	 22.173900	-0.524693	-25.697170	 18.556270	-59.421000	-5.460242	-2.000730	 10.104300	 2.503307	-1.126933	 4.530149	 3.268786	-0.632095	-79.845690	 3.879722	 3.133240	 11.837300	-0.275274	 3.148123	 9.220634	 2.900102	 4.356843	-70.043330	 37.355550	 19.777050	 15.023250	-6.822121	 19.211520	 10.843110	-5.646203	 19.246280	-70.585880	 18.447670	 10.388800	 21.482950	-3.898658	 9.395153	 9.482653	-0.473615	 9.977902	-72.356900	-57.251160	-11.428810	 6.822349	 9.337847	-0.525365	 0.082755	-19.298760	-0.176224	 3.200491	 3.154883	-5.266378	 90.429960	-95.406490	-0.046053	-84.405760	-179.458200	-2.642755	 101.481500	-0.813313	 0.122417	-8.559153	-62.112580	-32.644120	-20.464160	-18.063320	 7.244295	-1.674832	-14.766250	 14.917400	-18.038880	-10.879250	-3.913640	 49.322210	 2.467152	-1.145937	 51.249600	 2.537927	 0.925681	-46.160110	-4.884130	-4.727665	 70.317500	-0.135093	 3.284950	 79.409990	 0.188712	 7.210938	-12.056590	 29.594720	 11.902090	 58.960370	-6.021856	 19.823110	 67.416630	-4.716576	 19.574120	-20.517600	 14.227290	 5.154224	 68.574130	-3.484296	 9.763653	 74.841640	-1.956071	 12.112190	-9.553795	-33.610570	-1.907104	 26.355510	 36.498650	-0.543483	 0.317072	 36.347440	-0.405613	 3.629058	 0.000000	 90.000000	 0.000000	 164.898300	 15.289690	 156.460900	-172.983000	-4.838654	-29.495630
-0.036802	-0.153226	-0.007807	 169.789900	 0.399844	-90.655670	-21.297290	 1.412904	-1.862659	-18.048200	 2.934944	-1.722527	 1.034190	-4.452916	 108.681700	-0.813313	 0.122417	-8.559153	-57.348540	-12.970810	-4.517412	 3.147340	 22.171930	-0.509240	-25.637030	 18.498040	-59.328000	-5.460215	-2.000846	 10.102310	 2.503307	-1.126933	 4.530149	 3.268790	-0.632126	-79.846310	 3.879021	 3.132995	 11.838730	-0.275280	 3.148122	 9.218463	 2.900133	 4.356723	-70.045090	 37.352120	 19.775800	 15.023910	-6.822121	 19.211520	 10.843110	-5.646129	 19.246280	-70.582190	 18.448000	 10.388970	 21.481930	-3.898658	 9.395153	 9.482653	-0.473613	 9.977867	-72.357690	-57.252460	-11.429080	 6.821328	 9.337313	-0.525365	 0.082748	-19.299800	-0.176220	 3.200486	 3.163043	-5.266339	 90.438120	-95.408130	-0.113562	-84.239890	-179.417300	-2.866045	 101.638300	-0.813313	 0.122417	-8.559153	-65.009730	-29.941970	-22.936030	-11.318390	 7.167219	-0.327332	-16.133320	 12.891340	-19.661260	-10.894690	-3.927737	 49.329570	 2.467145	-1.145945	 51.261370	 2.537608	 0.926037	-46.150880	-4.864127	-4.686187	 70.179210	-0.135236	 3.284191	 79.149920	 0.188712	 7.210938	-12.056590	 29.626450	 11.960260	 58.769600	-6.021856	 19.823110	 67.416630	-4.716576	 19.574120	-20.517600	 14.259330	 5.194499	 68.570700	-3.484296	 9.763653	 74.841640	-1.956071	 12.112190	-9.553795	-33.667960	-1.929186	 26.353140	 36.498650	-0.543483	 0.317072	 35.966510	-0.405580	 3.625595	 0.000000	 90.000000	 0.000000	 164.944600	 15.306620	 156.272300	-172.985900	-4.839166	-29.662670
-0.036482	-0.154837	-0.007685	 169.747100	 0.518310	-90.624220	-21.339910	 1.473012	-1.841980	-18.072610	 3.115623	-1.708968	 1.056086	-4.546962	 108.645600	-0.813313	 0.122417	-8.559153	-57.583580	-13.044680	-4.692520	 3.086256	 22.171200	-0.489950	-25.556720	 18.429070	-59.224560	-5.460182	-2.000986	 10.099900	 2.503307	-1.126933	 4.530149	 3.268796	-0.632167	-79.847110	 3.878202	 3.132712	 11.840460	-0.275288	 3.148121	 9.215832	 2.900172	 4.356574	-70.047270	 37.347920	 19.774260	 15.024720	-6.822121	 19.211520	 10.843110	-5.646037	 19.246270	-70.577660	 18.448350	 10.389150	 21.480640	-3.898658	 9.395153	 9.482653	-0.473612	 9.977826	-72.358670	-57.254070	-11.429410	 6.820075	 9.336636	-0.525365	 0.082742	-19.301080	-0.176212	 3.200481	 3.172512	-5.270063	 90.447760	-95.414680	-0.188521	-84.019430	-179.368800	-3.127225	 101.816000	-0.813313	 0.122417	-8.559153	-67.738010	-23.636420	-24.559640	-6.295453	 9.174325	 0.960864	-16.869790	 8.617208	-21.481210	-10.909920	-3.941630	 49.337140	 2.467138	-1.145953	 51.273490	 2.537280	 0.926401	-46.141400	-4.846261	-4.649406	 70.056770	-0.135366	 3.283519	 78.919560	 0.188712	 7.210938	-12.056590	 29.654890	 12.011870	 58.600410	-6.021856	 19.823110	 67.416630	-4.716576	 19.574120	-20.517600	 14.287800	 5.230267	 68.567640	-3.484296	 9.763653	 74.841640	-1.956071	 12.112190	-9.553795	-33.718880	-1.948768	 26.351010	 36.498650	-0.543483	 0.317072	 35.628340	-0.405545	 3.622525	 0.000000	 90.000000	 0.000000	 165.001400	 15.326950	 156.043700	-172.992400	-4.834749	-29.864280
-0.036426	-0.156024	-0.007534	 169.703300	 0.626087	-90.605610	-21.373220	 1.530686	-1.822715	-18.091000	 3.290045	-1.696163	 1.074750	-4.627343	 108.614600	-0.813313	 0.122417	-8.559153	-57.804500	-13.119940	-4.839765	 3.030906	 22.172140	-0.472488	-25.480740	 18.370630	-59.142270	-5.460152	-2.001109	 10.097780	 2.503307	-1.126933	 4.530149	 3.268802	-0.632203	-79.847800	 3.877499	 3.132471	 11.841980	-0.275295	 3.148119	 9.213492	 2.900206	 4.356437	-70.049260	 37.344220	 19.772910	 15.025410	-6.822121	 19.211520	 10.843110	-5.645953	 19.246270	-70.573630	 18.448610	 10.389290	 21.479500	-3.898658	 9.395153	 9.482653	-0.473610	 9.977786	-72.359540	-57.255470	-11.429700	 6.818938	 9.336023	-0.525361	 0.082738	-19.302240	-0.176201	 3.200475	 3.180411	-5.280492	 90.456000	-95.429110	-0.236801	-83.863650	-179.327100	-3.344710	 102.002400	-0.813313	 0.122417	-8.559153	-67.574600	-17.422050	-24.852920	-4.733875	 10.633480	 1.516076	-17.044540	 3.939863	-22.953160	-10.918980	-3.949903	 49.341860	 2.467134	-1.145958	 51.280980	 2.537076	 0.926627	-46.135550	-4.836575	-4.629515	 69.990290	-0.135437	 3.283156	 78.795050	 0.188712	 7.210938	-12.056590	 29.670320	 12.039800	 58.508500	-6.021856	 19.823110	 67.416630	-4.716576	 19.574120	-20.517600	 14.303230	 5.249650	 68.565950	-3.484296	 9.763653	 74.841640	-1.956071	 12.112190	-9.553795	-33.746370	-1.959351	 26.349840	 36.498650	-0.543483	 0.317072	 35.445510	-0.405511	 3.620862	 0.000000	 90.000000	 0.000000	 165.068000	 15.334160	 155.853400	-172.996600	-4.828005	-30.033860
-0.036579	-0.156989	-0.007294	 169.664200	 0.735461	-90.603680	-21.401800	 1.589908	-1.803311	-18.106200	 3.468965	-1.683066	 1.092090	-4.702210	 108.585600	-0.813313	 0.122417	-8.559153	-58.026940	-13.202310	-4.968790	 2.976171	 22.174450	-0.455225	-25.404050	 18.317000	-59.070880	-5.460123	-2.001227	 10.095740	 2.503307	-1.126933	 4.530149	 3.268807	-0.632239	-79.848500	 3.876817	 3.132236	 11.843470	-0.275302	 3.148119	 9.211255	 2.900241	 4.356303	-70.051200	 37.340650	 19.771600	 15.026060	-6.822121	 19.211520	 10.843110	-5.645874	 19.246260	-70.569710	 18.448770	 10.389380	 21.478380	-3.898658	 9.395153	 9.482653	-0.473607	 9.977750	-72.360410	-57.256840	-11.429980	 6.817833	 9.335423	-0.525361	 0.082733	-19.303370	-0.176189	 3.200469	 3.187668	-5.300303	 90.463710	-95.454650	-0.262629	-83.743290	-179.291000	-3.525093	 102.229400	-0.813313	 0.122417	-8.559153	-67.247170	-13.980320	-24.815060	-4.072009	 11.686170	 1.665692	-16.695180	 1.386471	-23.343570	-10.922900	-3.953478	 49.343950	 2.467132	-1.145960	 51.284290	 2.536987	 0.926726	-46.132970	-4.832742	-4.621659	 69.964020	-0.135466	 3.283011	 78.745290	 0.188712	 7.210938	-12.056590	 29.676470	 12.050870	 58.472120	-6.021856	 19.823110	 67.416630	-4.716576	 19.574120	-20.517600	 14.309320	 5.257309	 68.565300	-3.484296	 9.763653	 74.841640	-1.956071	 12.112190	-9.553795	-33.757340	-1.963571	 26.349410	 36.498650	-0.543483	 0.317072	 35.372320	-0.405496	 3.620198	 0.000000	 90.000000	 0.000000	 165.163400	 15.321930	 155.684500	-172.992800	-4.821706	-30.180690
-0.036901	-0.157947	-0.006895	 169.629400	 0.867323	-90.615460	-21.431340	 1.663728	-1.779390	-18.121250	 3.690602	-1.666763	 1.115161	-4.801384	 108.553000	-0.813313	 0.122417	-8.559153	-58.297760	-13.314640	-5.096199	 2.910157	 22.185390	-0.434475	-25.311350	 18.265140	-58.993380	-5.460090	-2.001368	 10.093320	 2.503307	-1.126933	 4.530149	 3.268813	-0.632283	-79.849360	 3.876018	 3.131961	 11.845200	-0.275310	 3.148117	 9.208591	 2.900283	 4.356141	-70.053570	 37.336420	 19.770060	 15.026810	-6.822121	 19.211520	 10.843110	-5.645777	 19.246250	-70.565030	 18.448900	 10.389440	 21.477040	-3.898658	 9.395153	 9.482653	-0.473606	 9.977703	-72.361480	-57.258490	-11.430320	 6.816497	 9.334692	-0.525357	 0.082728	-19.304760	-0.176177	 3.200464	 3.195904	-5.350670	 90.472600	-95.511860	-0.285611	-83.634230	-179.257600	-3.681380	 102.510900	-0.813313	 0.122417	-8.559153	-66.861690	-11.810760	-24.358610	-3.604760	 12.770250	 1.682440	-15.901480	-0.107446	-23.086980	-10.903620	-3.934639	 49.435330	 2.466961	-1.146172	 51.587120	 2.534423	 0.929570	-46.059070	-4.410737	-3.813293	 67.272590	-0.138824	 3.269145	 73.942120	 0.538495	 7.082972	-17.309220	 30.296110	 13.129510	 54.669730	-6.056320	 19.753230	 63.098930	-4.808692	 19.494730	-26.619160	 14.644780	 5.991849	 64.681790	-3.496644	 9.725384	 70.325160	-1.746217	 12.007650	-14.902190	-36.416300	-2.583387	 27.667700	 17.585040	-0.542757	 0.152629	 18.861520	-0.380772	 3.472737	 0.000000	 90.000000	 0.000000	 165.297500	 15.299660	 155.500600	-172.978600	-4.814162	-30.328510
-0.037226	-0.158611	-0.006479	 169.616300	 0.970951	-90.636760	-21.453250	 1.729924	-1.758095	-18.131890	 3.886894	-1.652032	 1.141433	-4.913244	 108.527500	-0.813313	 0.122417	-8.559153	-58.532720	-13.423030	-5.186379	 2.852755	 22.209540	-0.416561	-25.232680	 18.239680	-58.927010	-5.460061	-2.001490	 10.091220	 2.503307	-1.126933	 4.530149	 3.268819	-0.632321	-79.850110	 3.875372	 3.131745	 11.846710	-0.275316	 3.148116	 9.206295	 2.900320	 4.355998	-70.055650	 37.332770	 19.768720	 15.027450	-6.822121	 19.211520	 10.843110	-5.645696	 19.246250	-70.560920	 18.448930	 10.389450	 21.475880	-3.898658	 9.395153	 9.482653	-0.473603	 9.977663	-72.362400	-57.259920	-11.430620	 6.815304	 9.334064	-0.525361	 0.082720	-19.306000	-0.176164	 3.200457	 3.202707	-5.427064	 90.480120	-95.590920	-0.331573	-83.566930	-179.232600	-3.787553	 102.806500	-0.813313	 0.122417	-8.559153	-66.455780	-10.980640	-23.627730	-3.628687	 13.480580	 1.734911	-15.199550	-0.609164	-22.756790	-10.855740	-3.887374	 49.679550	 2.466541	-1.146700	 52.339540	 2.527546	 0.937159	-45.861390	-3.415104	-2.202704	 61.699630	-0.149366	 3.241663	 64.024800	 1.215117	 6.721535	-28.144480	 31.890760	 15.276580	 46.699130	-6.144567	 19.617690	 54.187470	-5.023839	 19.362410	-39.192970	 15.523500	 7.458782	 56.618500	-3.531584	 9.650024	 61.000060	-1.349233	 11.733690	-25.945320	-39.125500	-3.276621	 29.003370	-0.246816	-0.493223	 0.005634	 3.507172	-0.320997	 3.347122	 0.000000	 90.000000	 0.000000	 165.416500	 15.291170	 155.355500	-172.958800	-4.807849	-30.441860
-0.037468	-0.159145	-0.006101	 169.613000	 1.050686	-90.661670	-21.471840	 1.797061	-1.736504	-18.140480	 4.082762	-1.636961	 1.171925	-5.042448	 108.505000	-0.813313	 0.122417	-8.559153	-58.762000	-13.537200	-5.259904	 2.795439	 22.244240	-0.398770	-25.157650	 18.229480	-58.860090	-5.460032	-2.001610	 10.089150	 2.503307	-1.126933	 4.530149	 3.268824	-0.632360	-79.850870	 3.874710	 3.131519	 11.848190	-0.275323	 3.148115	 9.204022	 2.900357	 4.355853	-70.057760	 37.329150	 19.767400	 15.028070	-6.822121	 19.211520	 10.843110	-5.645611	 19.246240	-70.556860	 18.448840	 10.389410	 21.474710	-3.898658	 9.395153	 9.482653	-0.473601	 9.977622	-72.363360	-57.261330	-11.430900	 6.814118	 9.333415	-0.525361	 0.082716	-19.307220	-0.176155	 3.200455	 3.209076	-5.521760	 90.487360	-95.686710	-0.398950	-83.519460	-179.208200	-3.887150	 103.105500	-0.813313	 0.122417	-8.559153	-66.338320	-10.629100	-22.783290	-3.770085	 14.220190	 1.800600	-14.558000	-0.704801	-22.380650	-10.802240	-3.833444	 49.998490	 2.466071	-1.147307	 53.194460	 2.518504	 0.947058	-45.602630	-1.563998	 0.109882	 52.264970	-0.177192	 3.200860	 47.351800	 2.155150	 5.857915	-46.233350	 36.031950	 18.751470	 33.000180	-6.338838	 19.424300	 39.246620	-5.428744	 19.249560	-59.933200	 17.632900	 9.746269	 42.946730	-3.616482	 9.539160	 45.338450	-0.824668	 11.120580	-44.552380	-41.510850	-3.939379	 30.169360	-16.077910	-0.413266	-0.106638	-9.672572	-0.244639	 3.255199	 0.000000	 90.000000	 0.000000	 165.518400	 15.296370	 155.225100	-172.933100	-4.802021	-30.549140
-0.037720	-0.159601	-0.005746	 169.604100	 1.118392	-90.683720	-21.490020	 1.877223	-1.710613	-18.148410	 4.311152	-1.618658	 1.211589	-5.210013	 108.481900	-0.813313	 0.122417	-8.559153	-59.021500	-13.675630	-5.329145	 2.727137	 22.295150	-0.377625	-25.074470	 18.233320	-58.780750	-5.459997	-2.001753	 10.086690	 2.503307	-1.126933	 4.530149	 3.268832	-0.632408	-79.851790	 3.873948	 3.131261	 11.849950	-0.275331	 3.148114	 9.201339	 2.900402	 4.355679	-70.060300	 37.324910	 19.765840	 15.028780	-6.822121	 19.211520	 10.843110	-5.645514	 19.246230	-70.552000	 18.448600	 10.389290	 21.473340	-3.898658	 9.395153	 9.482653	-0.473598	 9.977572	-72.364480	-57.263000	-11.431260	 6.812697	 9.332630	-0.525350	 0.082711	-19.308710	-0.176154	 3.200443	 3.215940	-5.642727	 90.495510	-95.808950	-0.502362	-83.481210	-179.180400	-4.002127	 103.402600	-0.813313	 0.122417	-8.559153	-66.319290	-10.815970	-21.668340	-3.727347	 15.012720	 1.785127	-13.544030	-0.439828	-21.418770	-10.758440	-3.787185	 50.371980	 2.465761	-1.147720	 53.768700	 2.507819	 0.958640	-45.298470	 0.377728	 1.880937	 43.705010	-0.211305	 3.172363	 32.362640	 2.731066	 4.869187	-62.430950	 41.048050	 21.212000	 20.226660	-6.553085	 19.296070	 25.837770	-5.805152	 19.269220	-78.432210	 20.230680	 11.491060	 30.485000	-3.716270	 9.462065	 31.255770	-0.545631	 10.452710	-61.284800	-43.984150	-4.678679	 31.365950	-32.633230	-0.300260	-0.196046	-23.455270	-0.144593	 3.180347	 0.000000	 90.000000	 0.000000	 165.612800	 15.316090	 155.087400	-172.896300	-4.796024	-30.679540
-0.037923	-0.159907	-0.005504	 169.581700	 1.161172	-90.688560	-21.502390	 1.945006	-1.688519	-18.153440	 4.498412	-1.602843	 1.246568	-5.357522	 108.465100	-0.813313	 0.122417	-8.559153	-59.226390	-13.791630	-5.375299	 2.668653	 22.343230	-0.359551	-24.993970	 18.240620	-58.718690	-5.459970	-2.001872	 10.084630	 2.503307	-1.126933	 4.530149	 3.268838	-0.632448	-79.852590	 3.873323	 3.131052	 11.851420	-0.275337	 3.148113	 9.199084	 2.900440	 4.355529	-70.062470	 37.321340	 19.764540	 15.029380	-6.822121	 19.211520	 10.843110	-5.645427	 19.246230	-70.547870	 18.448280	 10.389120	 21.472190	-3.898658	 9.395153	 9.482653	-0.473596	 9.977530	-72.365460	-57.264430	-11.431560	 6.811471	 9.331968	-0.525357	 0.082703	-19.309980	-0.176145	 3.200434	 3.221013	-5.740099	 90.502000	-95.908070	-0.619780	-83.329670	-179.161200	-4.079581	 103.605800	-0.813313	 0.122417	-8.559153	-66.273740	-11.019060	-20.681500	-3.689123	 15.433950	 1.773934	-12.536670	-0.439605	-20.508420	-10.740840	-3.767225	 50.601790	 2.465663	-1.147851	 53.951870	 2.501197	 0.965758	-45.110830	 1.085317	 2.400278	 40.491160	-0.225737	 3.164166	 26.781010	 2.869596	 4.468745	-68.407790	 43.752560	 22.096780	 15.374780	-6.639799	 19.261000	 20.861810	-5.937173	 19.304410	-85.138470	 21.609290	 12.170760	 25.790720	-3.757895	 9.439856	 26.009460	-0.493780	 10.185580	-67.558590	-45.802750	-5.256211	 32.236290	-44.903830	-0.202494	-0.239444	-33.670870	-0.060442	 3.141449	 0.000000	 90.000000	 0.000000	 165.686600	 15.331960	 154.981000	-172.860700	-4.791986	-30.801690
-0.038101	-0.160159	-0.005286	 169.552100	 1.198682	-90.683070	-21.512180	 2.012021	-1.666342	-18.157140	 4.678559	-1.586791	 1.281345	-5.504020	 108.450800	-0.813313	 0.122417	-8.559153	-59.413290	-13.902950	-5.412213	 2.609440	 22.393000	-0.341227	-24.885730	 18.241010	-58.667500	-5.459940	-2.001992	 10.082570	 2.503307	-1.126933	 4.530149	 3.268843	-0.632490	-79.853390	 3.872679	 3.130834	 11.852890	-0.275344	 3.148112	 9.196834	 2.900480	 4.355376	-70.064700	 37.317790	 19.763240	 15.029940	-6.822121	 19.211520	 10.843110	-5.645343	 19.246220	-70.543730	 18.447840	 10.388890	 21.471030	-3.898658	 9.395153	 9.482653	-0.473593	 9.977489	-72.366450	-57.265870	-11.431870	 6.810220	 9.331290	-0.525350	 0.082699	-19.311280	-0.176135	 3.200432	 3.225332	-5.821458	 90.508080	-95.992440	-0.765999	-83.026670	-179.144600	-4.142357	 103.809000	-0.813313	 0.122417	-8.559153	-66.151790	-11.038530	-19.723790	-3.690446	 15.881530	 1.782021	-11.447940	-0.542275	-19.680710	-10.735200	-3.760156	 50.717250	 2.465544	-1.148013	 54.176120	 2.497865	 0.969321	-45.016660	 1.860304	 2.887736	 36.589530	-0.240823	 3.157439	 21.226770	 2.964922	 4.059344	-74.334140	 45.060420	 22.275910	 10.085010	-6.729116	 19.233210	 15.901440	-6.063986	 19.353910	-91.847220	 22.282080	 12.356410	 21.241490	-3.801060	 9.421621	 20.804200	-0.471978	 9.916986	-73.769130	-47.386130	-5.782434	 32.986580	-55.658360	-0.110897	-0.259626	-42.624320	 0.017991	 3.120116	 0.000000	 90.000000	 0.000000	 165.754400	 15.342530	 154.882600	-172.820500	-4.787589	-30.902520
-0.038321	-0.160409	-0.004934	 169.513900	 1.248181	-90.674350	-21.520800	 2.090374	-1.639901	-18.159910	 4.885461	-1.567368	 1.320722	-5.669790	 108.436400	-0.813313	 0.122417	-8.559153	-59.611370	-14.026700	-5.448717	 2.537479	 22.450760	-0.318884	-24.727370	 18.231530	-58.619740	-5.459907	-2.002134	 10.080120	 2.503307	-1.126933	 4.530149	 3.268851	-0.632539	-79.854360	 3.871937	 3.130585	 11.854650	-0.275352	 3.148110	 9.194140	 2.900527	 4.355191	-70.067390	 37.313580	 19.761710	 15.030590	-6.822121	 19.211520	 10.843110	-5.645243	 19.246220	-70.538750	 18.447120	 10.388520	 21.469670	-3.898658	 9.395153	 9.482653	-0.473593	 9.977435	-72.367620	-57.267580	-11.432220	 6.808712	 9.330479	-0.525350	 0.082692	-19.312850	-0.176119	 3.200423	 3.229276	-5.882724	 90.514700	-96.059270	-0.980025	-82.411760	-179.125900	-4.203639	 104.110900	-0.813313	 0.122417	-8.559153	-65.941700	-11.034240	-18.739230	-3.691617	 16.278810	 1.790415	-10.115630	-0.676172	-19.033860	-10.737660	-3.761657	 50.770850	 2.465506	-1.148065	 54.247110	 2.496335	 0.970954	-44.973460	 2.033031	 2.914113	 33.406380	-0.243946	 3.156259	 20.104650	 2.978330	 3.979762	-75.471130	 43.666140	 21.697380	 6.668712	-6.747588	 19.228460	 14.891940	-6.087371	 19.364900	-93.123630	 21.526370	 11.944930	 20.500800	-3.809783	 9.418478	 19.775040	-0.471171	 9.862790	-75.017240	-48.991490	-6.338185	 33.739390	-66.632590	-0.015217	-0.262232	-51.760690	 0.100445	 3.111193	 0.000000	 90.000000	 0.000000	 165.821000	 15.349560	 154.823700	-172.765100	-4.779212	-30.930860
-0.038517	-0.160587	-0.004558	 169.474000	 1.299368	-90.661800	-21.525530	 2.152512	-1.618324	-18.161040	 5.047439	-1.551320	 1.343907	-5.767745	 108.426000	-0.813313	 0.122417	-8.559153	-59.756310	-14.120050	-5.477745	 2.477211	 22.493780	-0.300073	-24.579810	 18.214840	-58.590700	-5.459879	-2.002251	 10.078110	 2.503307	-1.126933	 4.530149	 3.268857	-0.632581	-79.855180	 3.871332	 3.130382	 11.856080	-0.275358	 3.148109	 9.191951	 2.900567	 4.355038	-70.069630	 37.310140	 19.760450	 15.031110	-6.822121	 19.211520	 10.843110	-5.645158	 19.246210	-70.534630	 18.446380	 10.388140	 21.468550	-3.898658	 9.395153	 9.482653	-0.473589	 9.977393	-72.368640	-57.269000	-11.432510	 6.807474	 9.329787	-0.525350	 0.082686	-19.314160	-0.176108	 3.200413	 3.231416	-5.895406	 90.519580	-96.088260	-1.110636	-82.388720	-179.111500	-4.247583	 104.367500	-0.813313	 0.122417	-8.559153	-65.707120	-10.979870	-18.123600	-3.690534	 16.407070	 1.797670	-9.067087	-0.879482	-18.823370	-10.741800	-3.765540	 50.771990	 2.465515	-1.148053	 54.230590	 2.496329	 0.970961	-44.973290	 1.781093	 2.699616	 31.875850	-0.238965	 3.158174	 21.898510	 2.953874	 4.118602	-73.484860	 43.442740	 21.562360	 4.833481	-6.718484	 19.236100	 16.484870	-6.045706	 19.345750	-90.859090	 21.397930	 11.925560	 21.925500	-3.795336	 9.423779	 21.483250	-0.473063	 9.950123	-73.005650	-50.090750	-6.731582	 34.249920	-74.189380	 0.050138	-0.253393	-58.051870	 0.157564	 3.112725	 0.000000	 90.000000	 0.000000	 165.862000	 15.359080	 154.857700	-172.715100	-4.770468	-30.901550
-0.038696	-0.160692	-0.004209	 169.421500	 1.363817	-90.641260	-21.528510	 2.211722	-1.592803	-18.161270	 5.202361	-1.534524	 1.355861	-5.818926	 108.416500	-0.813313	 0.122417	-8.559153	-59.885960	-14.204490	-5.509781	 2.415292	 22.530160	-0.280615	-24.420690	 18.189170	-58.569870	-5.459851	-2.002368	 10.076110	 2.503307	-1.126933	 4.530149	 3.268863	-0.632624	-79.856000	 3.870708	 3.130171	 11.857510	-0.275365	 3.148108	 9.189747	 2.900607	 4.354880	-70.071920	 37.306700	 19.759190	 15.031620	-6.822121	 19.211520	 10.843110	-5.645071	 19.246200	-70.530470	 18.445470	 10.387670	 21.467450	-3.898658	 9.395153	 9.482653	-0.473586	 9.977348	-72.369670	-57.270420	-11.432820	 6.806207	 9.329093	-0.525346	 0.082681	-19.315500	-0.176098	 3.200410	 3.232551	-5.877715	 90.523610	-96.096280	-1.218892	-82.605700	-179.100900	-4.278784	 104.556000	-0.813313	 0.122417	-8.559153	-65.426850	-10.891760	-17.651980	-3.686168	 16.261010	 1.807191	-8.117935	-1.279523	-18.814710	-10.743010	-3.766911	 50.756810	 2.465516	-1.148051	 54.228160	 2.496799	 0.970459	-44.986580	 1.410081	 2.436375	 31.164150	-0.231933	 3.161190	 24.470260	 2.910982	 4.313710	-70.669580	 43.327260	 21.498830	 3.969894	-6.677100	 19.248400	 18.772800	-5.985489	 19.321350	-87.656930	 21.330200	 11.954540	 23.953700	-3.775021	 9.432074	 23.919920	-0.481190	 10.074950	-70.124010	-51.011680	-7.069166	 34.674300	-80.547180	 0.103832	-0.239344	-63.344890	 0.205261	 3.118862	 0.000000	 90.000000	 0.000000	 165.898300	 15.374630	 154.923400	-172.661800	-4.760647	-30.845220
-0.038875	-0.160729	-0.003891	 169.364700	 1.412992	-90.622360	-21.530190	 2.275226	-1.550214	-18.160690	 5.374132	-1.512679	 1.366911	-5.866297	 108.407400	-0.813313	 0.122417	-8.559153	-60.018020	-14.289820	-5.556198	 2.340365	 22.577110	-0.257213	-24.226840	 18.161250	-58.548550	-5.459818	-2.002507	 10.073710	 2.503307	-1.126933	 4.530149	 3.268871	-0.632676	-79.857020	 3.869966	 3.129920	 11.859220	-0.275373	 3.148108	 9.187139	 2.900656	 4.354691	-70.074680	 37.302660	 19.757720	 15.032170	-6.822121	 19.211520	 10.843110	-5.644970	 19.246200	-70.525510	 18.444130	 10.386970	 21.466150	-3.898658	 9.395153	 9.482653	-0.473584	 9.977296	-72.370890	-57.272120	-11.433160	 6.804667	 9.328265	-0.525342	 0.082673	-19.317110	-0.176087	 3.200399	 3.232453	-5.823843	 90.526610	-96.081060	-1.329034	-83.034420	-179.096300	-4.281828	 104.735300	-0.813313	 0.122417	-8.559153	-65.059610	-10.773610	-17.225130	-3.679209	 15.927750	 1.818358	-7.372510	-1.809335	-18.919660	-10.739560	-3.763818	 50.746710	 2.465490	-1.148087	 54.277410	 2.497119	 0.970117	-44.995620	 1.141484	 2.260345	 31.204220	-0.227024	 3.163523	 26.297350	 2.874675	 4.450974	-68.668310	 43.206600	 21.470470	 4.050057	-6.648032	 19.258090	 20.398210	-5.941863	 19.305950	-85.381380	 21.277960	 11.971750	 25.395100	-3.760811	 9.438478	 25.651240	-0.490835	 10.163310	-68.076140	-51.877370	-7.393148	 35.070320	-86.546770	 0.152787	-0.220709	-68.339610	 0.249563	 3.128663	 0.000000	 90.000000	 0.000000	 165.944300	 15.403930	 154.983300	-172.596400	-4.748635	-30.770750
-0.039003	-0.160675	-0.003705	 169.339800	 1.405568	-90.619750	-21.524330	 2.323079	-1.505078	-18.159220	 5.509021	-1.492427	 1.388513	-5.956865	 108.403200	-0.813313	 0.122417	-8.559153	-60.113140	-14.353660	-5.592862	 2.275667	 22.640090	-0.237602	-24.065870	 18.159860	-58.523110	-5.459790	-2.002625	 10.071670	 2.503307	-1.126933	 4.530149	 3.268877	-0.632720	-79.857880	 3.869321	 3.129701	 11.860680	-0.275379	 3.148107	 9.184908	 2.900699	 4.354525	-70.077090	 37.299240	 19.756470	 15.032650	-6.822121	 19.211520	 10.843110	-5.644886	 19.246190	-70.521220	 18.442650	 10.386210	 21.465090	-3.898658	 9.395153	 9.482653	-0.473581	 9.977247	-72.371960	-57.273560	-11.433480	 6.803343	 9.327537	-0.525342	 0.082668	-19.318510	-0.176075	 3.200393	 3.231202	-5.755608	 90.527630	-96.042100	-1.463403	-82.993010	-179.096400	-4.264661	 104.891600	-0.813313	 0.122417	-8.559153	-64.736680	-10.687030	-16.922560	-3.671747	 15.512620	 1.827906	-7.023302	-2.320061	-19.000580	-10.737490	-3.761791	 50.751660	 2.465477	-1.148105	 54.302100	 2.496981	 0.970265	-44.991700	 1.131504	 2.265628	 31.840320	-0.226950	 3.163559	 26.325000	 2.873927	 4.453612	-68.629670	 43.211040	 21.500720	 4.839059	-6.647615	 19.258230	 20.421710	-5.940989	 19.305660	-85.335780	 21.263890	 11.964570	 25.416660	-3.760573	 9.438591	 25.680470	-0.491008	 10.164680	-68.044500	-52.432320	-7.604195	 35.322650	-90.404780	 0.183127	-0.206060	-71.551390	 0.277536	 3.136989	 0.000000	 90.000000	 0.000000	 165.984500	 15.436060	 155.027000	-172.540100	-4.738988	-30.724580
-0.039104	-0.160573	-0.003497	 169.332800	 1.397785	-90.622690	-21.505090	 2.363865	-1.454652	-18.156400	 5.629705	-1.471183	 1.424918	-6.107537	 108.408100	-0.813313	 0.122417	-8.559153	-60.192760	-14.415660	-5.607970	 2.211367	 22.719590	-0.218583	-23.917710	 18.178150	-58.491070	-5.459761	-2.002741	 10.069670	 2.503307	-1.126933	 4.530149	 3.268883	-0.632764	-79.858740	 3.868678	 3.129481	 11.862110	-0.275386	 3.148105	 9.182730	 2.900740	 4.354362	-70.079470	 37.295900	 19.755250	 15.033090	-6.822121	 19.211520	 10.843110	-5.644801	 19.246180	-70.517030	 18.440960	 10.385340	 21.464080	-3.898658	 9.395153	 9.482653	-0.473580	 9.977201	-72.373020	-57.275010	-11.433780	 6.802020	 9.326818	-0.525339	 0.082661	-19.319900	-0.176072	 3.200384	 3.228992	-5.674153	 90.527350	-95.983760	-1.620721	-82.654460	-179.098400	-4.239264	 105.040900	-0.813313	 0.122417	-8.559153	-64.429630	-10.638030	-16.633150	-3.661897	 14.899670	 1.839073	-6.716582	-2.995386	-18.974320	-10.736140	-3.760502	 50.752580	 2.465472	-1.148111	 54.311140	 2.496956	 0.970292	-44.990990	 1.126277	 2.281454	 32.870000	-0.226957	 3.163555	 26.322590	 2.874007	 4.453327	-68.633840	 43.202100	 21.545800	 6.122279	-6.647653	 19.258220	 20.419620	-5.941079	 19.305690	-85.340470	 21.272490	 11.969270	 25.413120	-3.760596	 9.438578	 25.677570	-0.490992	 10.164550	-68.047440	-52.821830	-7.753901	 35.499010	-93.118290	 0.203840	-0.194552	-73.810270	 0.296908	 3.143780	 0.000000	 90.000000	 0.000000	 166.014600	 15.468040	 155.118900	-172.484800	-4.729677	-30.686650
-0.039202	-0.160257	-0.003272	 169.316000	 1.374278	-90.627200	-21.467670	 2.404167	-1.388632	-18.151430	 5.757226	-1.444121	 1.474032	-6.307555	 108.432900	-0.813313	 0.122417	-8.559153	-60.269810	-14.488030	-5.599748	 2.133296	 22.833300	-0.196025	-23.760710	 18.224090	-58.443070	-5.459729	-2.002881	 10.067270	 2.503307	-1.126933	 4.530149	 3.268891	-0.632818	-79.859790	 3.867917	 3.129222	 11.863820	-0.275393	 3.148104	 9.180122	 2.900791	 4.354162	-70.082360	 37.291980	 19.753810	 15.033600	-6.822121	 19.211520	 10.843110	-5.644697	 19.246170	-70.511940	 18.438620	 10.384130	 21.462890	-3.898658	 9.395153	 9.482653	-0.473576	 9.977147	-72.374310	-57.276720	-11.434150	 6.800446	 9.325938	-0.525335	 0.082657	-19.321590	-0.176056	 3.200378	 3.225185	-5.565080	 90.525460	-95.895520	-1.867653	-82.255780	-179.106200	-4.187838	 105.173700	-0.813313	 0.122417	-8.559153	-64.083270	-10.624170	-16.299440	-3.649142	 14.086450	 1.851846	-6.602611	-3.836544	-18.658250	-10.735400	-3.759862	 50.748640	 2.465475	-1.148107	 54.305190	 2.497068	 0.970172	-44.994160	 1.123039	 2.309093	 34.440060	-0.227016	 3.163527	 26.300500	 2.874702	 4.450875	-68.669750	 43.235720	 21.628020	 8.061433	-6.647978	 19.258100	 20.401240	-5.941895	 19.305960	-85.382850	 21.302030	 11.985120	 25.393060	-3.760803	 9.438483	 25.652240	-0.490850	 10.163430	-68.073300	-53.098350	-7.860976	 35.623860	-95.047630	 0.218228	-0.185782	-75.416290	 0.310506	 3.149069	 0.000000	 90.000000	 0.000000	 166.041100	 15.506530	 155.273500	-172.417700	-4.716430	-30.600060
-0.039269	-0.159849	-0.003126	 169.292600	 1.350491	-90.630780	-21.426830	 2.430488	-1.330348	-18.146010	 5.848771	-1.420067	 1.506112	-6.435655	 108.462200	-0.813313	 0.122417	-8.559153	-60.319010	-14.546320	-5.571704	 2.066697	 22.940640	-0.177157	-23.652270	 18.281610	-58.394070	-5.459702	-2.002996	 10.065290	 2.503307	-1.126933	 4.530149	 3.268898	-0.632864	-79.860680	 3.867253	 3.128993	 11.865230	-0.275400	 3.148103	 9.177942	 2.900835	 4.353994	-70.084810	 37.288720	 19.752630	 15.034000	-6.822121	 19.211520	 10.843110	-5.644610	 19.246170	-70.507690	 18.436430	 10.382990	 21.461940	-3.898658	 9.395153	 9.482653	-0.473573	 9.977098	-72.375400	-57.278160	-11.434450	 6.799099	 9.325210	-0.525332	 0.082649	-19.323020	-0.176047	 3.200367	 3.221092	-5.469836	 90.522600	-95.814220	-2.129288	-82.210490	-179.119800	-4.113922	 105.267300	-0.813313	 0.122417	-8.559153	-63.841790	-10.631070	-16.108020	-3.640516	 13.558920	 1.858412	-6.583822	-4.364101	-18.162760	-10.735440	-3.760012	 50.741480	 2.465484	-1.148095	 54.288650	 2.497274	 0.969953	-44.999980	 1.122102	 2.336359	 35.883400	-0.227095	 3.163487	 26.270580	 2.875638	 4.447568	-68.718190	 43.290290	 21.712300	 9.835139	-6.648420	 19.257950	 20.376430	-5.943004	 19.306330	-85.440250	 21.351320	 12.011680	 25.363980	-3.761082	 9.438351	 25.618070	-0.490658	 10.161930	-68.108260	-53.181980	-7.893471	 35.661560	-95.631740	 0.222520	-0.183027	-75.902400	 0.314598	 3.150742	 0.000000	 90.000000	 0.000000	 166.057800	 15.538790	 155.424100	-172.361700	-4.703679	-30.498570
-0.039310	-0.159296	-0.003048	 169.254100	 1.319232	-90.632000	-21.378340	 2.450146	-1.269267	-18.139340	 5.927358	-1.394083	 1.526925	-6.516243	 108.494200	-0.813313	 0.122417	-8.559153	-60.327580	-14.592330	-5.512595	 1.996787	 23.059170	-0.157624	-23.569030	 18.357940	-58.334520	-5.459672	-2.003115	 10.063230	 2.503307	-1.126933	 4.530149	 3.268905	-0.632911	-79.861600	 3.866551	 3.128748	 11.866690	-0.275406	 3.148102	 9.175700	 2.900880	 4.353818	-70.087360	 37.285400	 19.751420	 15.034380	-6.822121	 19.211520	 10.843110	-5.644520	 19.246160	-70.503290	 18.433990	 10.381740	 21.460980	-3.898658	 9.395153	 9.482653	-0.473573	 9.977051	-72.376510	-57.279640	-11.434770	 6.797696	 9.324433	-0.525332	 0.082643	-19.324520	-0.176031	 3.200363	 3.216084	-5.373890	 90.518550	-95.731080	-2.351843	-82.379250	-179.136200	-4.030922	 105.325800	-0.813313	 0.122417	-8.559153	-63.687130	-10.670460	-16.003390	-3.633463	 13.153800	 1.861512	-6.504322	-4.751369	-17.588960	-10.736090	-3.760794	 50.730570	 2.465497	-1.148077	 54.263050	 2.497584	 0.969622	-45.008730	 1.122444	 2.365286	 37.338930	-0.227194	 3.163438	 26.233410	 2.876794	 4.443467	-68.778260	 43.360630	 21.804510	 11.617830	-6.648968	 19.257760	 20.345640	-5.944379	 19.306790	-85.511470	 21.413740	 12.045290	 25.327650	-3.761427	 9.438190	 25.575660	-0.490422	 10.160060	-68.151650	-53.136620	-7.875823	 35.641150	-95.315540	 0.220203	-0.184518	-75.638890	 0.312381	 3.149831	 0.000000	 90.000000	 0.000000	 166.072200	 15.571790	 155.583300	-172.305000	-4.689094	-30.372630
-0.039318	-0.158533	-0.003048	 169.200500	 1.268568	-90.632840	-21.318790	 2.462838	-1.201190	-18.130600	 5.995376	-1.363302	 1.542977	-6.576871	 108.526600	-0.813313	 0.122417	-8.559153	-60.245530	-14.609940	-5.393920	 1.916042	 23.198370	-0.135313	-23.507400	 18.459530	-58.258010	-5.459641	-2.003250	 10.060920	 2.503307	-1.126933	 4.530149	 3.268913	-0.632966	-79.862680	 3.865752	 3.128471	 11.868360	-0.275414	 3.148100	 9.173190	 2.900931	 4.353618	-70.090280	 37.281700	 19.750070	 15.034790	-6.822121	 19.211520	 10.843110	-5.644417	 19.246160	-70.498280	 18.431040	 10.380210	 21.459900	-3.898658	 9.395153	 9.482653	-0.473569	 9.976995	-72.377820	-57.281330	-11.435130	 6.796113	 9.323567	-0.525325	 0.082635	-19.326210	-0.176017	 3.200352	 3.209599	-5.275207	 90.512730	-95.639080	-2.511648	-82.587940	-179.151100	-3.956929	 105.361700	-0.813313	 0.122417	-8.559153	-63.591680	-10.744210	-15.971970	-3.625679	 12.692640	 1.863851	-6.402207	-5.153817	-17.086750	-10.737510	-3.762375	 50.714350	 2.465517	-1.148050	 54.226650	 2.498045	 0.969130	-45.021740	 1.124232	 2.395153	 38.759270	-0.227312	 3.163380	 26.189230	 2.878161	 4.438596	-68.849560	 43.445260	 21.902610	 13.351220	-6.649617	 19.257540	 20.309090	-5.946012	 19.307340	-85.596130	 21.465140	 12.072650	 25.289520	-3.761838	 9.437999	 25.525330	-0.490144	 10.157850	-68.203120	-52.936520	-7.798222	 35.550910	-93.919650	 0.209855	-0.190964	-74.476490	 0.302566	 3.145923	 0.000000	 90.000000	 0.000000	 166.088100	 15.608470	 155.748600	-172.243200	-4.671079	-30.211870
-0.039349	-0.157676	-0.003096	 169.117500	 1.211592	-90.628480	-21.264590	 2.464295	-1.143671	-18.122940	 5.991862	-1.334869	 1.546279	-6.586051	 108.551200	-0.813313	 0.122417	-8.559153	-60.115580	-14.603580	-5.253242	 1.842750	 23.322700	-0.115183	-23.472090	 18.555340	-58.185890	-5.459613	-2.003369	 10.058870	 2.503307	-1.126933	 4.530149	 3.268920	-0.633014	-79.863620	 3.865032	 3.128217	 11.869810	-0.275420	 3.148099	 9.170955	 2.900977	 4.353439	-70.092880	 37.278480	 19.748900	 15.035110	-6.822121	 19.211520	 10.843110	-5.644324	 19.246150	-70.493850	 18.428280	 10.378780	 21.458970	-3.898658	 9.395153	 9.482653	-0.473564	 9.976944	-72.378990	-57.282830	-11.435450	 6.794684	 9.322772	-0.525328	 0.082628	-19.327740	-0.176006	 3.200347	 3.202940	-5.177121	 90.506370	-95.496350	-2.642199	-82.608760	-179.158700	-3.919192	 105.381300	-0.813313	 0.122417	-8.559153	-63.544950	-10.825850	-15.997200	-3.619912	 12.364100	 1.863535	-6.753308	-5.349687	-16.980660	-10.739330	-3.764358	 50.696770	 2.465536	-1.148023	 54.190460	 2.498544	 0.968596	-45.035840	 1.127278	 2.415721	 39.652280	-0.227409	 3.163332	 26.153100	 2.879272	 4.434619	-68.907770	 43.515130	 21.971640	 14.434540	-6.650150	 19.257350	 20.279250	-5.947344	 19.307780	-85.665290	 21.478900	 12.079460	 25.264680	-3.762174	 9.437842	 25.484230	-0.489916	 10.156030	-68.245180	-52.637300	-7.682804	 35.415650	-91.834220	 0.194102	-0.200113	-72.740050	 0.287756	 3.140459	 0.000000	 90.000000	 0.000000	 166.084500	 15.636020	 155.947300	-172.191300	-4.653931	-30.059760
-0.039379	-0.156736	-0.003161	 169.034800	 1.150026	-90.620820	-21.214610	 2.456372	-1.093499	-18.116560	 5.898250	-1.307127	 1.539678	-6.554180	 108.576500	-0.813313	 0.122417	-8.559153	-59.964910	-14.586150	-5.099280	 1.771911	 23.437550	-0.095748	-23.447300	 18.644040	-58.117380	-5.459585	-2.003481	 10.056960	 2.503307	-1.126933	 4.530149	 3.268927	-0.633061	-79.864520	 3.864330	 3.127969	 11.871180	-0.275426	 3.148099	 9.168858	 2.901021	 4.353268	-70.095360	 37.275480	 19.747800	 15.035410	-6.822121	 19.211520	 10.843110	-5.644240	 19.246140	-70.489630	 18.425570	 10.377380	 21.458090	-3.898658	 9.395153	 9.482653	-0.473564	 9.976896	-72.380070	-57.284230	-11.435760	 6.793329	 9.322019	-0.525328	 0.082621	-19.329200	-0.175994	 3.200340	 3.195660	-5.046078	 90.499310	-95.258600	-2.752547	-82.514670	-179.163400	-3.895455	 105.401300	-0.813313	 0.122417	-8.559153	-63.505820	-10.908600	-16.046570	-3.614623	 12.058040	 1.862529	-7.505995	-5.460796	-17.172740	-10.741500	-3.766695	 50.677630	 2.465555	-1.147998	 54.155160	 2.499087	 0.968016	-45.051180	 1.131683	 2.427059	 40.036400	-0.227481	 3.163297	 26.125880	 2.880104	 4.431631	-68.951480	 43.568870	 22.009930	 14.891530	-6.650548	 19.257210	 20.256800	-5.948349	 19.308120	-85.717330	 21.489860	 12.084930	 25.245910	-3.762425	 9.437725	 25.453330	-0.489748	 10.154670	-68.276760	-52.258330	-7.537736	 35.243770	-89.196900	 0.173730	-0.210862	-70.544140	 0.268808	 3.134204	 0.000000	 90.000000	 0.000000	 166.058200	 15.657880	 156.190100	-172.145500	-4.636952	-29.913710
-0.039329	-0.155585	-0.003267	 168.979800	 1.058241	-90.610890	-21.159260	 2.436020	-1.040770	-18.108800	 5.722467	-1.272764	 1.532795	-6.519598	 108.610700	-0.813313	 0.122417	-8.559153	-59.766290	-14.557780	-4.895722	 1.684923	 23.566690	-0.071781	-23.418050	 18.739570	-58.038990	-5.459553	-2.003614	 10.054640	 2.503307	-1.126933	 4.530149	 3.268934	-0.633117	-79.865620	 3.863453	 3.127656	 11.872810	-0.275434	 3.148098	 9.166359	 2.901074	 4.353060	-70.098400	 37.271980	 19.746520	 15.035740	-6.822121	 19.211520	 10.843110	-5.644135	 19.246130	-70.484560	 18.422220	 10.375650	 21.457040	-3.898658	 9.395153	 9.482653	-0.473562	 9.976839	-72.381390	-57.285930	-11.436120	 6.791687	 9.321120	-0.525324	 0.082616	-19.330940	-0.175983	 3.200331	 3.185744	-4.844244	 90.489470	-94.905270	-2.860936	-82.402240	-179.166800	-3.879039	 105.402300	-0.813313	 0.122417	-8.559153	-63.505680	-11.027480	-16.139140	-3.605786	 11.490380	 1.864315	-8.339641	-5.768695	-17.597480	-10.744600	-3.769999	 50.651800	 2.465576	-1.147969	 54.114370	 2.499821	 0.967231	-45.071910	 1.145205	 2.437567	 40.037660	-0.227613	 3.163233	 26.076690	 2.881600	 4.426233	-69.030440	 43.677010	 22.046800	 14.852200	-6.651133	 19.257010	 20.224040	-5.950170	 19.308740	-85.811840	 21.549430	 12.116900	 25.212310	-3.762876	 9.437515	 25.398020	-0.489444	 10.152210	-68.333970	-51.691050	-7.322858	 34.985490	-85.257040	 0.142427	-0.225144	-67.263760	 0.240095	 3.126225	 0.000000	 90.000000	 0.000000	 166.020000	 15.684000	 156.442400	-172.094800	-4.614123	-29.707600
-0.039288	-0.154452	-0.003378	 168.884600	 0.963306	-90.585350	-21.117550	 2.409388	-1.003166	-18.100800	 5.558781	-1.241674	 1.520222	-6.462004	 108.643000	-0.813313	 0.122417	-8.559153	-59.573940	-14.526310	-4.700433	 1.606843	 23.666520	-0.049982	-23.383200	 18.805870	-57.977660	-5.459526	-2.003731	 10.052630	 2.503307	-1.126933	 4.530149	 3.268942	-0.633167	-79.866590	 3.862656	 3.127368	 11.874250	-0.275440	 3.148096	 9.164178	 2.901122	 4.352877	-70.101070	 37.268940	 19.745410	 15.035980	-6.822121	 19.211520	 10.843110	-5.644042	 19.246130	-70.480120	 18.419240	 10.374110	 21.456100	-3.898658	 9.395153	 9.482653	-0.473558	 9.976789	-72.382600	-57.287410	-11.436440	 6.790231	 9.320314	-0.525324	 0.082607	-19.332490	-0.175974	 3.200319	 3.176052	-4.631435	 90.479760	-94.592610	-2.930919	-82.432650	-179.169300	-3.872893	 105.342400	-0.813313	 0.122417	-8.559153	-63.624000	-11.172740	-16.264970	-3.595758	 10.811230	 1.868877	-9.271225	-6.185110	-18.047130	-10.747730	-3.773327	 50.626770	 2.465593	-1.147946	 54.082610	 2.500531	 0.966471	-45.091980	 1.169382	 2.455928	 40.019650	-0.227846	 3.163118	 25.989340	 2.884243	 4.416631	-69.170810	 43.821860	 22.094960	 14.774910	-6.652139	 19.256670	 20.167550	-5.953409	 19.309840	-85.980130	 21.630260	 12.160100	 25.163580	-3.763678	 9.437145	 25.300040	-0.488910	 10.147820	-68.435760	-51.101760	-7.102566	 34.715810	-81.174580	 0.109043	-0.237637	-63.864690	 0.209911	 3.119697	 0.000000	 90.000000	 0.000000	 165.973100	 15.698840	 156.687600	-172.053800	-4.590035	-29.470290
-0.039242	-0.153303	-0.003513	 168.770700	 0.859914	-90.550550	-21.086340	 2.376502	-0.973206	-18.091920	 5.408450	-1.211204	 1.504751	-6.392544	 108.675700	-0.813313	 0.122417	-8.559153	-59.376820	-14.491070	-4.501304	 1.530902	 23.750500	-0.028533	-23.333970	 18.851120	-57.927350	-5.459500	-2.003842	 10.050730	 2.503307	-1.126933	 4.530149	 3.268949	-0.633215	-79.867530	 3.861877	 3.127086	 11.875620	-0.275446	 3.148095	 9.162084	 2.901166	 4.352700	-70.103650	 37.266080	 19.744370	 15.036210	-6.822121	 19.211520	 10.843110	-5.643959	 19.246120	-70.475830	 18.416370	 10.372630	 21.455200	-3.898658	 9.395153	 9.482653	-0.473555	 9.976737	-72.383720	-57.288840	-11.436750	 6.788824	 9.319545	-0.525324	 0.082601	-19.333990	-0.175956	 3.200313	 3.166030	-4.401041	 90.469540	-94.296800	-2.980199	-82.579200	-179.171200	-3.871559	 105.253400	-0.813313	 0.122417	-8.559153	-63.795840	-11.312380	-16.452910	-3.585983	 10.143670	 1.873539	-10.203830	-6.598278	-18.401170	-10.751070	-3.776847	 50.601090	 2.465612	-1.147921	 54.048330	 2.501259	 0.965692	-45.112570	 1.197340	 2.477097	 39.996630	-0.228116	 3.162987	 25.888440	 2.887267	 4.405533	-69.332940	 43.977610	 22.146280	 14.686770	-6.653484	 19.256200	 20.092140	-5.957143	 19.311130	-86.174480	 21.729820	 12.213110	 25.101520	-3.764605	 9.436718	 25.186640	-0.488299	 10.142750	-68.553390	-50.468190	-6.869029	 34.424420	-76.796630	 0.072344	-0.248354	-60.219580	 0.177165	 3.114708	 0.000000	 90.000000	 0.000000	 165.920500	 15.705770	 156.940100	-172.018900	-4.564146	-29.225100
-0.039133	-0.151906	-0.003736	 168.659500	 0.718727	-90.507930	-21.058950	 2.326360	-0.938171	-18.080490	 5.197985	-1.173583	 1.484984	-6.304032	 108.717500	-0.813313	 0.122417	-8.559153	-59.125020	-14.442760	-4.247247	 1.437878	 23.845350	-0.002126	-23.262020	 18.892850	-57.871470	-5.459468	-2.003976	 10.048420	 2.503307	-1.126933	 4.530149	 3.268958	-0.633273	-79.868680	 3.860904	 3.126731	 11.877260	-0.275453	 3.148094	 9.159586	 2.901222	 4.352483	-70.106780	 37.262740	 19.743160	 15.036440	-6.822121	 19.211520	 10.843110	-5.643854	 19.246110	-70.470670	 18.412920	 10.370840	 21.454110	-3.898658	 9.395153	 9.482653	-0.473553	 9.976676	-72.385120	-57.290550	-11.437110	 6.787144	 9.318600	-0.525324	 0.082593	-19.335810	-0.175944	 3.200307	 3.153035	-4.093083	 90.456170	-93.882700	-3.025509	-82.811550	-179.173700	-3.872467	 105.112000	-0.813313	 0.122417	-8.559153	-64.010220	-11.419820	-16.835810	-3.571501	 9.136387	 1.883119	-11.059000	-7.342744	-18.650950	-10.755450	-3.781462	 50.568150	 2.465646	-1.147874	 53.983590	 2.502192	 0.964691	-45.138980	 1.229359	 2.501145	 39.962400	-0.228425	 3.162837	 25.773200	 2.890676	 4.392858	-69.517930	 44.300780	 22.252690	 14.519880	-6.655525	 19.255510	 19.977690	-5.961396	 19.312620	-86.396040	 21.894240	 12.300540	 25.004420	-3.765669	 9.436230	 25.056530	-0.487620	 10.136970	-68.687520	-49.623730	-6.563148	 34.033750	-70.979770	 0.022524	-0.258198	-55.376560	 0.133307	 3.111307	 0.000000	 90.000000	 0.000000	 165.854000	 15.708520	 157.261800	-171.994800	-4.525664	-28.948220
-0.038961	-0.150696	-0.003979	 168.583100	 0.586875	-90.470030	-21.038750	 2.274489	-0.908819	-18.069910	 4.995013	-1.140454	 1.465144	-6.216203	 108.755100	-0.813313	 0.122417	-8.559153	-58.898330	-14.396790	-4.018153	 1.356357	 23.921900	 0.021121	-23.210300	 18.926450	-57.820510	-5.459440	-2.004090	 10.046460	 2.503307	-1.126933	 4.530149	 3.268965	-0.633324	-79.869660	 3.860030	 3.126409	 11.878670	-0.275460	 3.148093	 9.157439	 2.901270	 4.352298	-70.109500	 37.259930	 19.742140	 15.036600	-6.822121	 19.211520	 10.843110	-5.643763	 19.246110	-70.466230	 18.409990	 10.369330	 21.453140	-3.898658	 9.395153	 9.482653	-0.473549	 9.976625	-72.386330	-57.292010	-11.437430	 6.785675	 9.317796	-0.525310	 0.082586	-19.337390	-0.175932	 3.200296	 3.141138	-3.805619	 90.443780	-93.493680	-3.060371	-83.019070	-179.176600	-3.872550	 104.955200	-0.813313	 0.122417	-8.559153	-64.218860	-11.472630	-17.272700	-3.557366	 8.148805	 1.894097	-11.553900	-8.144086	-18.773900	-10.759490	-3.785697	 50.538300	 2.465685	-1.147822	 53.910850	 2.503038	 0.963784	-45.162940	 1.257628	 2.522254	 39.927780	-0.228697	 3.162706	 25.671540	 2.893645	 4.381689	-69.680830	 44.618300	 22.356120	 14.353780	-6.657585	 19.254810	 19.862230	-5.965497	 19.314060	-86.609750	 22.100280	 12.410140	 24.896490	-3.766615	 9.435799	 24.941180	-0.487032	 10.131890	-68.805480	-48.835290	-6.283098	 33.666750	-65.567290	-0.024510	-0.262786	-50.870160	 0.092356	 3.111479	 0.000000	 90.000000	 0.000000	 165.784700	 15.710850	 157.550500	-172.001700	-4.480052	-28.721330
-0.038736	-0.149494	-0.004241	 168.498300	 0.456701	-90.430050	-21.021830	 2.217817	-0.881440	-18.059170	 4.786112	-1.108206	 1.438767	-6.102006	 108.791500	-0.813313	 0.122417	-8.559153	-58.675580	-14.349710	-3.792011	 1.277327	 23.991020	 0.043758	-23.168700	 18.957540	-57.773530	-5.459414	-2.004200	 10.044560	 2.503307	-1.126933	 4.530149	 3.268972	-0.633373	-79.870610	 3.859174	 3.126092	 11.880020	-0.275466	 3.148092	 9.155395	 2.901316	 4.352118	-70.112110	 37.257310	 19.741180	 15.036730	-6.822121	 19.211520	 10.843110	-5.643676	 19.246100	-70.461980	 18.407230	 10.367910	 21.452190	-3.898658	 9.395153	 9.482653	-0.473548	 9.976576	-72.387470	-57.293420	-11.437740	 6.784266	 9.317022	-0.525313	 0.082580	-19.338900	-0.175921	 3.200286	 3.129221	-3.515308	 90.431220	-93.111510	-3.094283	-83.223340	-179.180200	-3.869310	 104.798400	-0.813313	 0.122417	-8.559153	-64.484170	-11.509550	-17.766190	-3.542976	 7.154136	 1.906209	-12.032360	-8.975606	-18.853450	-10.763570	-3.789959	 50.508690	 2.465729	-1.147763	 53.829910	 2.503876	 0.962884	-45.186670	 1.293797	 2.549378	 39.890370	-0.229047	 3.162538	 25.541140	 2.897403	 4.367361	-69.889590	 44.883620	 22.441170	 14.203950	-6.659760	 19.254070	 19.740460	-5.971211	 19.316100	-86.908290	 22.229060	 12.477200	 24.801370	-3.767829	 9.435252	 24.793320	-0.486296	 10.125370	-68.956510	-48.036990	-6.005025	 33.293050	-60.105180	-0.072198	-0.262894	-46.322520	 0.051183	 3.114911	 0.000000	 90.000000	 0.000000	 165.694900	 15.719170	 157.834000	-172.026300	-4.426531	-28.476860
-0.038409	-0.148022	-0.004573	 168.385100	 0.297386	-90.378780	-21.004340	 2.141769	-0.849636	-18.045510	 4.523306	-1.069078	 1.398881	-5.931646	 108.835300	-0.813313	 0.122417	-8.559153	-58.405430	-14.290590	-3.515798	 1.181766	 24.068550	 0.071240	-23.126450	 18.995150	-57.729620	-5.459383	-2.004330	 10.042330	 2.503307	-1.126933	 4.530149	 3.268981	-0.633431	-79.871740	 3.858105	 3.125692	 11.881630	-0.275473	 3.148091	 9.152958	 2.901371	 4.351902	-70.115250	 37.254260	 19.740070	 15.036850	-6.822121	 19.211520	 10.843110	-5.643569	 19.246100	-70.456890	 18.404050	 10.366260	 21.451030	-3.898658	 9.395153	 9.482653	-0.473544	 9.976514	-72.388860	-57.295110	-11.438100	 6.782575	 9.316080	-0.525313	 0.082574	-19.340740	-0.175910	 3.200279	 3.114367	-3.154507	 90.415400	-92.666140	-3.140141	-83.474240	-179.186100	-3.857866	 104.607800	-0.813313	 0.122417	-8.559153	-64.850360	-11.536110	-18.397220	-3.525513	 5.973596	 1.921689	-12.456280	-10.001640	-18.888810	-10.768640	-3.795256	 50.472380	 2.465786	-1.147687	 53.723180	 2.504904	 0.961779	-45.215790	 1.345533	 2.588213	 39.841150	-0.229548	 3.162299	 25.354440	 2.902690	 4.346835	-70.188310	 45.231530	 22.551520	 14.006990	-6.662539	 19.253150	 19.585040	-5.979422	 19.319100	-87.338330	 22.417510	 12.575250	 24.671940	-3.769566	 9.434471	 24.581720	-0.485272	 10.116050	-69.172580	-47.040250	-5.665584	 32.823590	-53.310210	-0.131192	-0.256689	-40.665150	 0.000553	 3.123725	 0.000000	 90.000000	 0.000000	 165.567100	 15.733970	 158.174900	-172.072300	-4.354523	-28.165220
-0.038100	-0.146746	-0.004864	 168.278500	 0.157051	-90.331310	-20.991240	 2.069910	-0.823142	-18.033070	 4.291126	-1.035112	 1.358409	-5.760355	 108.872800	-0.813313	 0.122417	-8.559153	-58.173130	-14.238280	-3.275864	 1.098921	 24.131030	 0.095168	-23.095950	 19.027770	-57.702300	-5.459357	-2.004441	 10.040410	 2.503307	-1.126933	 4.530149	 3.268988	-0.633483	-79.872740	 3.857153	 3.125334	 11.883000	-0.275479	 3.148090	 9.150887	 2.901419	 4.351715	-70.117970	 37.251720	 19.739150	 15.036910	-6.822121	 19.211520	 10.843110	-5.643483	 19.246090	-70.452510	 18.401450	 10.364920	 21.449990	-3.898658	 9.395153	 9.482653	-0.473541	 9.976463	-72.390050	-57.296550	-11.438410	 6.781113	 9.315262	-0.525306	 0.082565	-19.342320	-0.175894	 3.200270	 3.101203	-2.837476	 90.401210	-92.311550	-3.187841	-83.695070	-179.193400	-3.838800	 104.420000	-0.813313	 0.122417	-8.559153	-65.176610	-11.544440	-18.927380	-3.511826	 5.085972	 1.933802	-12.784730	-10.785080	-18.880660	-10.773100	-3.799901	 50.440740	 2.465837	-1.147617	 53.626740	 2.505800	 0.960816	-45.241170	 1.394532	 2.624960	 39.795790	-0.230024	 3.162075	 25.177760	 2.907594	 4.327389	-70.470950	 45.680390	 22.693370	 13.775290	-6.665008	 19.252330	 19.446940	-5.986866	 19.321870	-87.729230	 22.665270	 12.704900	 24.535330	-3.771213	 9.433739	 24.381490	-0.484336	 10.107230	-69.376990	-46.158800	-5.372594	 32.405940	-47.323610	-0.182240	-0.245479	-35.680860	-0.043144	 3.135595	 0.000000	 90.000000	 0.000000	 165.448300	 15.748290	 158.463600	-172.120400	-4.289642	-27.894570
-0.037780	-0.145456	-0.005154	 168.166000	 0.012922	-90.281110	-20.979400	 1.991216	-0.796928	-18.019770	 4.053360	-1.000250	 1.312341	-5.566607	 108.910700	-0.813313	 0.122417	-8.559153	-57.939370	-14.184490	-3.031424	 1.013995	 24.190940	 0.119790	-23.069850	 19.061360	-57.684070	-5.459330	-2.004552	 10.038500	 2.503307	-1.126933	 4.530149	 3.268995	-0.633533	-79.873730	 3.856163	 3.124959	 11.884370	-0.275485	 3.148089	 9.148795	 2.901467	 4.351525	-70.120730	 37.249230	 19.738250	 15.036950	-6.822121	 19.211520	 10.843110	-5.643391	 19.246080	-70.448040	 18.398970	 10.363640	 21.448900	-3.898658	 9.395153	 9.482653	-0.473538	 9.976409	-72.391280	-57.298010	-11.438730	 6.779633	 9.314434	-0.525306	 0.082560	-19.343950	-0.175884	 3.200263	 3.087503	-2.512586	 90.386310	-91.978870	-3.246680	-83.923490	-179.205200	-3.799540	 104.211700	-0.813313	 0.122417	-8.559153	-65.490490	-11.541120	-19.411020	-3.500176	 4.375352	 1.943715	-13.384580	-11.384070	-18.901870	-10.777710	-3.804693	 50.408350	 2.465891	-1.147546	 53.527790	 2.506714	 0.959831	-45.267110	 1.445987	 2.663468	 39.747550	-0.230523	 3.161841	 24.992490	 2.912633	 4.306970	-70.767360	 46.133640	 22.834340	 13.537140	-6.667537	 19.251490	 19.305740	-5.994049	 19.324590	-88.107500	 22.914860	 12.834450	 24.392650	-3.772942	 9.432977	 24.171540	-0.483389	 10.097970	-69.591420	-45.248740	-5.077171	 31.972410	-41.164480	-0.233243	-0.228454	-30.552890	-0.086844	 3.151724	 0.000000	 90.000000	 0.000000	 165.326800	 15.762010	 158.747800	-172.171800	-4.224453	-27.629430
-0.037439	-0.144032	-0.005459	 168.039100	-0.149401	-90.223610	-20.967320	 1.896395	-0.768234	-18.003970	 3.788541	-0.960675	 1.255651	-5.329501	 108.952900	-0.813313	 0.122417	-8.559153	-57.681880	-14.124310	-2.757738	 0.917465	 24.254680	 0.147891	-23.045530	 19.099700	-57.674560	-5.459300	-2.004679	 10.036320	 2.503307	-1.126933	 4.530149	 3.269004	-0.633592	-79.874890	 3.854999	 3.124516	 11.885930	-0.275492	 3.148088	 9.146461	 2.901523	 4.351309	-70.123870	 37.246530	 19.737260	 15.036970	-6.822121	 19.211520	 10.843110	-5.643291	 19.246080	-70.443080	 18.396390	 10.362300	 21.447640	-3.898658	 9.395153	 9.482653	-0.473535	 9.976350	-72.392670	-57.299620	-11.439090	 6.777954	 9.313517	-0.525299	 0.082551	-19.345750	-0.175871	 3.200256	 3.071752	-2.148457	 90.369010	-91.632030	-3.328155	-84.183830	-179.224900	-3.722638	 103.963400	-0.813313	 0.122417	-8.559153	-65.788240	-11.526410	-19.837110	-3.488584	 3.724056	 1.953776	-14.416160	-11.896770	-19.018120	-10.782940	-3.810113	 50.371990	 2.465950	-1.147469	 53.419560	 2.507743	 0.958722	-45.296320	 1.502728	 2.705778	 39.691500	-0.231073	 3.161585	 24.788620	 2.918057	 4.284460	-71.093670	 46.452810	 22.930440	 13.340470	-6.670328	 19.250580	 19.149990	-6.000321	 19.327010	-88.438860	 23.090270	 12.922980	 24.253050	-3.774851	 9.432145	 23.940400	-0.482386	 10.087760	-69.827610	-44.218730	-4.751497	 31.479020	-34.219430	-0.288182	-0.202829	-24.770680	-0.134171	 3.174505	 0.000000	 90.000000	 0.000000	 165.198800	 15.773840	 159.050200	-172.226000	-4.156159	-27.358150
-0.037519	-0.142553	-0.005787	 167.923800	-0.296711	-90.171540	-20.957160	 1.805820	-0.743039	-17.989010	 3.557166	-0.924717	 1.201190	-5.102766	 108.990100	-0.813313	 0.122417	-8.559153	-57.457730	-14.071350	-2.514487	 0.829776	 24.309070	 0.173509	-23.027480	 19.134860	-57.675680	-5.459272	-2.004790	 10.034400	 2.503307	-1.126933	 4.530149	 3.269011	-0.633645	-79.875920	 3.853892	 3.124091	 11.887330	-0.275498	 3.148087	 9.144355	 2.901573	 4.351115	-70.126710	 37.244210	 19.736420	 15.036930	-6.822121	 19.211520	 10.843110	-5.643200	 19.246070	-70.438590	 18.394280	 10.361210	 21.446440	-3.898658	 9.395153	 9.482653	-0.473533	 9.976295	-72.393920	-57.301090	-11.439400	 6.776436	 9.312666	-0.525298	 0.082545	-19.347400	-0.175857	 3.200245	 3.057285	-1.826155	 90.352950	-91.338750	-3.456917	-84.420780	-179.245500	-3.638435	 103.733900	-0.813313	 0.122417	-8.559153	-67.586180	-23.411410	-20.836350	-3.046523	 3.078949	 1.053813	-13.947870	-0.753800	-16.281210	-10.787640	-3.814973	 50.339540	 2.465998	-1.147404	 53.328820	 2.508660	 0.957733	-45.322350	 1.549870	 2.740739	 39.640210	-0.231529	 3.161375	 24.619710	 2.922458	 4.265774	-71.364200	 46.672340	 22.994670	 13.188340	-6.672726	 19.249800	 19.016340	-6.004053	 19.328470	-88.636020	 23.210560	 12.982140	 24.134190	-3.776434	 9.431461	 23.748790	-0.481589	 10.079300	-70.023570	-43.296170	-4.467627	 31.034870	-28.021810	-0.334268	-0.174482	-19.610770	-0.174271	 3.198768	 0.000000	 90.000000	 0.000000	 165.096300	 15.776830	 159.323200	-172.264800	-4.101963	-27.128900
-0.037524	-0.140844	-0.006002	 167.807800	-0.459238	-90.118390	-20.946660	 1.705051	-0.717004	-17.972480	 3.324488	-0.886375	 1.150212	-4.890555	 109.029400	-0.813313	 0.122417	-8.559153	-57.231290	-14.017710	-2.262440	 0.736076	 24.364000	 0.200976	-23.011640	 19.172850	-57.686470	-5.459245	-2.004910	 10.032350	 2.503307	-1.126933	 4.530149	 3.269020	-0.633701	-79.877010	 3.852689	 3.123626	 11.888790	-0.275505	 3.148086	 9.142158	 2.901625	 4.350908	-70.129710	 37.241810	 19.735550	 15.036870	-6.822121	 19.211520	 10.843110	-5.643103	 19.246060	-70.433810	 18.392310	 10.360190	 21.445110	-3.898658	 9.395153	 9.482653	-0.473531	 9.976238	-72.395260	-57.302640	-11.439740	 6.774823	 9.311776	-0.525298	 0.082537	-19.349140	-0.175842	 3.200236	 3.041747	-1.495401	 90.335560	-91.042150	-3.694388	-84.672640	-179.266700	-3.549869	 103.492200	-0.813313	 0.122417	-8.559153	-66.671390	-30.330110	-20.498080	-6.950952	 2.703465	 0.283630	-12.384030	 5.801029	-14.302580	-10.792540	-3.820041	 50.305790	 2.466044	-1.147342	 53.243130	 2.509614	 0.956704	-45.349430	 1.591498	 2.771315	 39.586040	-0.231952	 3.161182	 24.463250	 2.926457	 4.248435	-71.614970	 46.978940	 23.084920	 12.997310	-6.675037	 19.249060	 18.887630	-6.007374	 19.329780	-88.811880	 23.366950	 13.059730	 24.000700	-3.777906	 9.430834	 23.571150	-0.480873	 10.071430	-70.205440	-42.336280	-4.180131	 30.570610	-21.595670	-0.378540	-0.140027	-14.260630	-0.213382	 3.227631	 0.000000	 90.000000	 0.000000	 165.001000	 15.767370	 159.642900	-172.288000	-4.053905	-26.870020
-0.037451	-0.139266	-0.006107	 167.724500	-0.605273	-90.076650	-20.937530	 1.615135	-0.695155	-17.957750	 3.138992	-0.853290	 1.119917	-4.763571	 109.063100	-0.813313	 0.122417	-8.559153	-57.048390	-13.974640	-2.052589	 0.655069	 24.409260	 0.224789	-23.000140	 19.206050	-57.703370	-5.459221	-2.005009	 10.030630	 2.503307	-1.126933	 4.530149	 3.269027	-0.633750	-79.877960	 3.851603	 3.123204	 11.890050	-0.275510	 3.148085	 9.140281	 2.901672	 4.350730	-70.132310	 37.239860	 19.734850	 15.036760	-6.822121	 19.211520	 10.843110	-5.643019	 19.246050	-70.429730	 18.390860	 10.359450	 21.443930	-3.898658	 9.395153	 9.482653	-0.473526	 9.976190	-72.396390	-57.303970	-11.440030	 6.773438	 9.310993	-0.525291	 0.082530	-19.350650	-0.175842	 3.200227	 3.028257	-1.224152	 90.320400	-90.795940	-3.954571	-84.886730	-179.287000	-3.461062	 103.291400	-0.813313	 0.122417	-8.559153	-63.968250	-33.069770	-18.702910	-12.575190	 2.480822	-0.663942	-10.361050	 8.130312	-12.947970	-10.796650	-3.824281	 50.277570	 2.466080	-1.147296	 53.178400	 2.510411	 0.955843	-45.372070	 1.619308	 2.791447	 39.540270	-0.232272	 3.161037	 24.345350	 2.929422	 4.235356	-71.803960	 47.184740	 23.143930	 12.856180	-6.676781	 19.248500	 18.790630	-6.010778	 19.331140	-88.992430	 23.458550	 13.103540	 23.896760	-3.779017	 9.430361	 23.437070	-0.480349	 10.065500	-70.342700	-41.536480	-3.946687	 30.182190	-16.257960	-0.412189	-0.107782	-9.816669	-0.243699	 3.254291	 0.000000	 90.000000	 0.000000	 164.928800	 15.750170	 159.939100	-172.293500	-4.020226	-26.635520
-0.037269	-0.137223	-0.006199	 167.660300	-0.784685	-90.032070	-20.925700	 1.500796	-0.668867	-17.939000	 2.935453	-0.812434	 1.092218	-4.646712	 109.103600	-0.813313	 0.122417	-8.559153	-56.841060	-13.926740	-1.805202	 0.554688	 24.462910	 0.254394	-22.987890	 19.247820	-57.733600	-5.459191	-2.005134	 10.028490	 2.503307	-1.126933	 4.530149	 3.269036	-0.633810	-79.879140	 3.850361	 3.122725	 11.891590	-0.275517	 3.148084	 9.137947	 2.901728	 4.350509	-70.135510	 37.237560	 19.734010	 15.036610	-6.822121	 19.211520	 10.843110	-5.642918	 19.246050	-70.424710	 18.389440	 10.358720	 21.442390	-3.898658	 9.395153	 9.482653	-0.473524	 9.976127	-72.397830	-57.305580	-11.440380	 6.771733	 9.310039	-0.525291	 0.082522	-19.352520	-0.175821	 3.200222	 3.011540	-0.911727	 90.301460	-90.499080	-4.309980	-85.144240	-179.320200	-3.304822	 103.060000	-0.813313	 0.122417	-8.559153	-59.600540	-34.596090	-15.629070	-20.468750	 1.959246	-1.998952	-7.625130	 8.869066	-11.900930	-10.801530	-3.829314	 50.244160	 2.466118	-1.147247	 53.109010	 2.511354	 0.954822	-45.398900	 1.646286	 2.810657	 39.485580	-0.232613	 3.160882	 24.219380	 2.932539	 4.221371	-72.005850	 47.383670	 23.199380	 12.705370	-6.678641	 19.247920	 18.687070	-6.015466	 19.333030	-89.241390	 23.554020	 13.148210	 23.775080	-3.780207	 9.429858	 23.293620	-0.479807	 10.059140	-70.489580	-40.596520	-3.679433	 29.724060	-10.004130	-0.447585	-0.066220	-4.609992	-0.276457	 3.288405	 0.000000	 90.000000	 0.000000	 164.850900	 15.719250	 160.326300	-172.291500	-3.983933	-26.333570
-0.036985	-0.135454	-0.006258	 167.643100	-0.937195	-89.999940	-20.914550	 1.399338	-0.646699	-17.922390	 2.782903	-0.777093	 1.070084	-4.553508	 109.136600	-0.813313	 0.122417	-8.559153	-56.680530	-13.890940	-1.603313	 0.467552	 24.507790	 0.280159	-22.978320	 19.284700	-57.767700	-5.459166	-2.005240	 10.026660	 2.503307	-1.126933	 4.530149	 3.269043	-0.633861	-79.880140	 3.849583	 3.122440	 11.892870	-0.275523	 3.148083	 9.135987	 2.901777	 4.350321	-70.138270	 37.235720	 19.733350	 15.036430	-6.822121	 19.211520	 10.843110	-5.642829	 19.246040	-70.420380	 18.388550	 10.358260	 21.440980	-3.898658	 9.395153	 9.482653	-0.473522	 9.976074	-72.399020	-57.306980	-11.440690	 6.770256	 9.309223	-0.525295	 0.082517	-19.354130	-0.175809	 3.200212	 2.996999	-0.665330	 90.284950	-90.243830	-4.616938	-85.359210	-179.352100	-3.148919	 102.880800	-0.813313	 0.122417	-8.559153	-56.000810	-34.355800	-13.121000	-26.807630	 2.484843	-2.727337	-5.678404	 9.104509	-11.509850	-10.805540	-3.833447	 50.216790	 2.466146	-1.147210	 53.057440	 2.512127	 0.953986	-45.420890	 1.665645	 2.824247	 39.440270	-0.232867	 3.160769	 24.126080	 2.934818	 4.211006	-72.155410	 47.525980	 23.238060	 12.589040	-6.680019	 19.247480	 18.610440	-6.018461	 19.334250	-89.400740	 23.654890	 13.196420	 23.668700	-3.781091	 9.429488	 23.187230	-0.479414	 10.054430	-70.598550	-39.835510	-3.468657	 29.351920	-4.955601	-0.472734	-0.030012	-0.406831	-0.300567	 3.318023	 0.000000	 90.000000	 0.000000	 164.792000	 15.685390	 160.676700	-172.283000	-3.956770	-26.062190
-0.036726	-0.133720	-0.006367	 167.641300	-1.085607	-89.972480	-20.902360	 1.297177	-0.625228	-17.905770	 2.649585	-0.742211	 1.047762	-4.460040	 109.166800	-0.813313	 0.122417	-8.559153	-56.536610	-13.859620	-1.414740	 0.381128	 24.551130	 0.305768	-22.969200	 19.321920	-57.808430	-5.459141	-2.005344	 10.024870	 2.503307	-1.126933	 4.530149	 3.269050	-0.633912	-79.881130	 3.849077	 3.122272	 11.894140	-0.275529	 3.148082	 9.134038	 2.901824	 4.350130	-70.141040	 37.234010	 19.732730	 15.036200	-6.822121	 19.211520	 10.843110	-5.642741	 19.246040	-70.416120	 18.387980	 10.357960	 21.439540	-3.898658	 9.395153	 9.482653	-0.473518	 9.976021	-72.400260	-57.308350	-11.440990	 6.768797	 9.308407	-0.525287	 0.082509	-19.355740	-0.175798	 3.200202	 2.982548	-0.441910	 90.268560	-89.997530	-4.891178	-85.563880	-179.382700	-2.995466	 102.731400	-0.813313	 0.122417	-8.559153	-53.246610	-34.361450	-11.332000	-31.589130	 2.386727	-3.451255	-4.445474	 9.013194	-11.214060	-10.809280	-3.837292	 50.191330	 2.466170	-1.147178	 53.013410	 2.512847	 0.953206	-45.441370	 1.683517	 2.836755	 39.397820	-0.233082	 3.160672	 24.046700	 2.936735	 4.202177	-72.282710	 47.657210	 23.273380	 12.480750	-6.681192	 19.247110	 18.545250	-6.020867	 19.335230	-89.528850	 23.766130	 13.250090	 23.564780	-3.781845	 9.429173	 23.096530	-0.479086	 10.050410	-70.691450	-39.141020	-3.280673	 29.011390	-0.359324	-0.492762	 0.004765	 3.419794	-0.320568	 3.346458	 0.000000	 90.000000	 0.000000	 164.740300	 15.646870	 161.033500	-172.269400	-3.933354	-25.785750
-0.036448	-0.131651	-0.006477	 167.645000	-1.259331	-89.945150	-20.885860	 1.174542	-0.600371	-17.886110	 2.509002	-0.701066	 1.026176	-4.369510	 109.199500	-0.813313	 0.122417	-8.559153	-56.375380	-13.823190	-1.203035	 0.278473	 24.601460	 0.336259	-22.958010	 19.367070	-57.865250	-5.459112	-2.005466	 10.022760	 2.503307	-1.126933	 4.530149	 3.269059	-0.633973	-79.882310	 3.848779	 3.122206	 11.895610	-0.275535	 3.148081	 9.131752	 2.901882	 4.349905	-70.144310	 37.232120	 19.732050	 15.035900	-6.822121	 19.211520	 10.843110	-5.642639	 19.246030	-70.411090	 18.387640	 10.357790	 21.437760	-3.898658	 9.395153	 9.482653	-0.473516	 9.975960	-72.401680	-57.309980	-11.441360	 6.767054	 9.307428	-0.525284	 0.082502	-19.357620	-0.175783	 3.200195	 2.965335	-0.191805	 90.249050	-89.729420	-5.147894	-85.796880	-179.418600	-2.810857	 102.594500	-0.813313	 0.122417	-8.559153	-50.353740	-34.152250	-9.526967	-36.220780	 2.183694	-4.133005	-3.388088	 8.687884	-10.906520	-10.813340	-3.841466	 50.163590	 2.466194	-1.147147	 52.969250	 2.513631	 0.952356	-45.463690	 1.706066	 2.852703	 39.351120	-0.233298	 3.160576	 23.967290	 2.938634	 4.193344	-72.410020	 47.823240	 23.318450	 12.353080	-6.682364	 19.246740	 18.480130	-6.023587	 19.336350	-89.673950	 23.858650	 13.293310	 23.457830	-3.782600	 9.428861	 23.005720	-0.478764	 10.046380	-70.784510	-38.406600	-3.086422	 28.650400	 4.489563	-0.510804	 0.043064	 7.456759	-0.339567	 3.377833	 0.000000	 90.000000	 0.000000	 164.685700	 15.596570	 161.464400	-172.247800	-3.909587	-25.449480
-0.036188	-0.129915	-0.006588	 167.681200	-1.404532	-89.929170	-20.869320	 1.066921	-0.579195	-17.869190	 2.397397	-0.665489	 1.010889	-4.305260	 109.225600	-0.813313	 0.122417	-8.559153	-56.242290	-13.790430	-1.032928	 0.188982	 24.644870	 0.362897	-22.947200	 19.407310	-57.921970	-5.459087	-2.005573	 10.020940	 2.503307	-1.126933	 4.530149	 3.269067	-0.634027	-79.883360	 3.848772	 3.122257	 11.896850	-0.275541	 3.148080	 9.129789	 2.901931	 4.349710	-70.147130	 37.230630	 19.731510	 15.035580	-6.822121	 19.211520	 10.843110	-5.642549	 19.246020	-70.406730	 18.387660	 10.357800	 21.436150	-3.898658	 9.395153	 9.482653	-0.473512	 9.975904	-72.402940	-57.311370	-11.441660	 6.765554	 9.306593	-0.525287	 0.082495	-19.359270	-0.175769	 3.200184	 2.950237	 0.015062	 90.232030	-89.514350	-5.319502	-85.990690	-179.455000	-2.619545	 102.504800	-0.813313	 0.122417	-8.559153	-48.089010	-34.029220	-8.170202	-39.870570	 1.990036	-4.753874	-2.569375	 8.423471	-10.606990	-10.816530	-3.844740	 50.141860	 2.466212	-1.147124	 52.937020	 2.514244	 0.951690	-45.481160	 1.729588	 2.869649	 39.314220	-0.233455	 3.160505	 23.909490	 2.940004	 4.186910	-72.502720	 47.997360	 23.366640	 12.235350	-6.683218	 19.246480	 18.432750	-6.026366	 19.337500	-89.822200	 23.920130	 13.321290	 23.376570	-3.783150	 9.428633	 22.939490	-0.478534	 10.043450	-70.852360	-37.857440	-2.944177	 28.379940	 8.108162	-0.522130	 0.072566	 10.469400	-0.352279	 3.402075	 0.000000	 90.000000	 0.000000	 164.648600	 15.547680	 161.800700	-172.226500	-3.895290	-25.150460
-0.035840	-0.128331	-0.006723	 167.759800	-1.542290	-89.918020	-20.850700	 0.960812	-0.558738	-17.852880	 2.293161	-0.630775	 0.998224	-4.251863	 109.250000	-0.813313	 0.122417	-8.559153	-56.117300	-13.755740	-0.882234	 0.100873	 24.687460	 0.389149	-22.934930	 19.447890	-57.984050	-5.459063	-2.005675	 10.019170	 2.503307	-1.126933	 4.530149	 3.269074	-0.634079	-79.884380	 3.848996	 3.122408	 11.898050	-0.275547	 3.148079	 9.127873	 2.901981	 4.349518	-70.149930	 37.229260	 19.731020	 15.035220	-6.822121	 19.211520	 10.843110	-5.642460	 19.246020	-70.402450	 18.387940	 10.357940	 21.434520	-3.898658	 9.395153	 9.482653	-0.473509	 9.975852	-72.404170	-57.312730	-11.441960	 6.764072	 9.305766	-0.525280	 0.082488	-19.360880	-0.175756	 3.200180	 2.935269	 0.210411	 90.215290	-89.316820	-5.461831	-86.172260	-179.493900	-2.411664	 102.438300	-0.813313	 0.122417	-8.559153	-46.024640	-33.865140	-6.967466	-43.657490	 1.968326	-5.376314	-1.630913	 8.221026	-10.062470	-10.819270	-3.847551	 50.122990	 2.466226	-1.147105	 52.910140	 2.514779	 0.951110	-45.496400	 1.758743	 2.891010	 39.281820	-0.233586	 3.160448	 23.861370	 2.941136	 4.181551	-72.579900	 48.214160	 23.427620	 12.106840	-6.683928	 19.246260	 18.393300	-6.029945	 19.339000	-90.013350	 24.045750	 13.382940	 23.288470	-3.783610	 9.428445	 22.884310	-0.478344	 10.041000	-70.908910	-37.409940	-2.830214	 28.159190	 11.052100	-0.529958	 0.097057	 12.920370	-0.361664	 3.422271	 0.000000	 90.000000	 0.000000	 164.624300	 15.492410	 162.058900	-172.205600	-3.890951	-24.851870
-0.035366	-0.126579	-0.006889	 167.862200	-1.695225	-89.899440	-20.825960	 0.839447	-0.535707	-17.834780	 2.175341	-0.591412	 0.985604	-4.198561	 109.276500	-0.813313	 0.122417	-8.559153	-55.980850	-13.713670	-0.727836	-0.000244	 24.736660	 0.419336	-22.918130	 19.495630	-58.062490	-5.459035	-2.005792	 10.017150	 2.503307	-1.126933	 4.530149	 3.269083	-0.634139	-79.885540	 3.849509	 3.122692	 11.899400	-0.275553	 3.148078	 9.125694	 2.902037	 4.349299	-70.153110	 37.227820	 19.730510	 15.034790	-6.822121	 19.211520	 10.843110	-5.642363	 19.246010	-70.397550	 18.388540	 10.358260	 21.432600	-3.898658	 9.395153	 9.482653	-0.473507	 9.975792	-72.405560	-57.314290	-11.442300	 6.762385	 9.304822	-0.525280	 0.082479	-19.362730	-0.175742	 3.200167	 2.918000	 0.426540	 90.196210	-89.104540	-5.597204	-86.367910	-179.540600	-2.160486	 102.382500	-0.813313	 0.122417	-8.559153	-43.777840	-33.630170	-5.678282	-48.123170	 1.964943	-6.079653	-0.598958	 7.906848	-9.226458	-10.821900	-3.850258	 50.104700	 2.466240	-1.147086	 52.884280	 2.515298	 0.950546	-45.511180	 1.786512	 2.911329	 39.250850	-0.233712	 3.160392	 23.815040	 2.942220	 4.176390	-72.654210	 48.421380	 23.485420	 11.983760	-6.684611	 19.246040	 18.355340	-6.034101	 19.340750	-90.235810	 24.159840	 13.438520	 23.205460	-3.784053	 9.428261	 22.831200	-0.478165	 10.038640	-70.963330	-37.023460	-2.733162	 27.968340	 13.591430	-0.535687	 0.118480	 15.069360	-0.369177	 3.440293	 0.000000	 90.000000	 0.000000	 164.600900	 15.421350	 162.318500	-172.182300	-3.896291	-24.505500
-0.034914	-0.125016	-0.006991	 167.987800	-1.823230	-89.882390	-20.800730	 0.733242	-0.515709	-17.819470	 2.068426	-0.557174	 0.975261	-4.154929	 109.298600	-0.813313	 0.122417	-8.559153	-55.866400	-13.675220	-0.606195	-0.089437	 24.780750	 0.445972	-22.900130	 19.538920	-58.137920	-5.459011	-2.005895	 10.015380	 2.503307	-1.126933	 4.530149	 3.269091	-0.634191	-79.886560	 3.850157	 3.123029	 11.900580	-0.275559	 3.148077	 9.123772	 2.902086	 4.349105	-70.155940	 37.226670	 19.730100	 15.034340	-6.822121	 19.211520	 10.843110	-5.642271	 19.246000	-70.393280	 18.389320	 10.358660	 21.430850	-3.898658	 9.395153	 9.482653	-0.473504	 9.975737	-72.406820	-57.315640	-11.442590	 6.760890	 9.303982	-0.525273	 0.082474	-19.364380	-0.175732	 3.200158	 2.902678	 0.612003	 90.179420	-88.928570	-5.676731	-86.553700	-179.581700	-1.937352	 102.390700	-0.813313	 0.122417	-8.559153	-41.830550	-33.380930	-4.557913	-51.520240	 1.928020	-6.632120	 0.006214	 7.613039	-8.823503	-10.823720	-3.852128	 50.091830	 2.466251	-1.147073	 52.865010	 2.515665	 0.950148	-45.521630	 1.793196	 2.915832	 39.230440	-0.233806	 3.160351	 23.780430	 2.943025	 4.172532	-72.709740	 48.470770	 23.497600	 11.936520	-6.685123	 19.245890	 18.326960	-6.036192	 19.341640	-90.347940	 24.186340	 13.449830	 23.161200	-3.784383	 9.428125	 22.791550	-0.478031	 10.036890	-71.003930	-36.806710	-2.679292	 27.861230	 15.014090	-0.538473	 0.130587	 16.423100	-0.373565	 3.451787	 0.000000	 90.000000	 0.000000	 164.584200	 15.349300	 162.560900	-172.163100	-3.908783	-24.197640
-0.034467	-0.123502	-0.007051	 168.132000	-1.941240	-89.865040	-20.773040	 0.632088	-0.496691	-17.805460	 1.958715	-0.524619	 0.965200	-4.112669	 109.318600	-0.813313	 0.122417	-8.559153	-55.761050	-13.637530	-0.500268	-0.175390	 24.824210	 0.471659	-22.879360	 19.581750	-58.215870	-5.458987	-2.005993	 10.013700	 2.503307	-1.126933	 4.530149	 3.269098	-0.634242	-79.887540	 3.850960	 3.123430	 11.901680	-0.275564	 3.148077	 9.121948	 2.902134	 4.348919	-70.158650	 37.225680	 19.729740	 15.033890	-6.822121	 19.211520	 10.843110	-5.642191	 19.246000	-70.389150	 18.390250	 10.359150	 21.429130	-3.898658	 9.395153	 9.482653	-0.473502	 9.975684	-72.408020	-57.316950	-11.442890	 6.759455	 9.303182	-0.525276	 0.082465	-19.365960	-0.175717	 3.200151	 2.887832	 0.787801	 90.163400	-88.768190	-5.724226	-86.774120	-179.618700	-1.737641	 102.449000	-0.813313	 0.122417	-8.559153	-39.919860	-33.097090	-3.438433	-54.598270	 1.919042	-7.135721	 0.533040	 7.340348	-8.667600	-10.824970	-3.853415	 50.082550	 2.466260	-1.147061	 52.848880	 2.515929	 0.949861	-45.529170	 1.796368	 2.917849	 39.216770	-0.233886	 3.160315	 23.751200	 2.943702	 4.169273	-72.756650	 48.494120	 23.502860	 11.908550	-6.685555	 19.245750	 18.302950	-6.037295	 19.342110	-90.407140	 24.198800	 13.454640	 23.132490	-3.784662	 9.428013	 22.758200	-0.477922	 10.035410	-71.038120	-36.718480	-2.657477	 27.817580	 15.593080	-0.539528	 0.135535	 16.973970	-0.375273	 3.456491	 0.000000	 90.000000	 0.000000	 164.583400	 15.272840	 162.799300	-172.141100	-3.928818	-23.899590
-0.033928	-0.121771	-0.007102	 168.327900	-2.075960	-89.842530	-20.735000	 0.515154	-0.474586	-17.787410	 1.794722	-0.487051	 0.952241	-4.058637	 109.340700	-0.813313	 0.122417	-8.559153	-55.642960	-13.593000	-0.387899	-0.276572	 24.877040	 0.501906	-22.849770	 19.633680	-58.313990	-5.458960	-2.006108	 10.011720	 2.503307	-1.126933	 4.530149	 3.269107	-0.634302	-79.888730	 3.852110	 3.123991	 11.902960	-0.275570	 3.148075	 9.119809	 2.902190	 4.348698	-70.161870	 37.224610	 19.729370	 15.033330	-6.822121	 19.211520	 10.843110	-5.642092	 19.245990	-70.384320	 18.391610	 10.359850	 21.427050	-3.898658	 9.395153	 9.482653	-0.473497	 9.975624	-72.409420	-57.318460	-11.443230	 6.757766	 9.302225	-0.525273	 0.082457	-19.367810	-0.175705	 3.200142	 2.870230	 0.993192	 90.144680	-88.587780	-5.751318	-87.077430	-179.656200	-1.535947	 102.524900	-0.813313	 0.122417	-8.559153	-37.534470	-32.696530	-1.971953	-58.351840	 2.069969	-7.730628	 0.903443	 7.110141	-8.567953	-9.222241	-2.534704	 45.538630	 2.469862	-1.142874	 46.692400	 2.679794	 0.755666	-50.434680	 2.828048	 3.550261	 35.591920	-0.238010	 3.158562	 22.244800	 2.966281	 4.051704	-74.443500	 49.129870	 23.628400	 11.000990	-6.701179	 19.241040	 17.438120	-6.038104	 19.342460	-90.450450	 24.795950	 13.662500	 21.553640	-3.799459	 9.422217	 20.993830	-0.474839	 9.987744	-72.138190	-38.333830	-3.133641	 28.356870	 3.834213	-0.508557	 0.037801	 7.667400	-0.340496	 3.379505	 0.000000	 90.000000	 0.000000	 164.606900	 15.178110	 163.027100	-172.101600	-3.965281	-23.547570
-0.033438	-0.120279	-0.007110	 168.534300	-2.185009	-89.824990	-20.695850	 0.415196	-0.455408	-17.766560	 1.594155	-0.454968	 0.938997	-4.003881	 109.358600	-0.813313	 0.122417	-8.559153	-55.544610	-13.554550	-0.298704	-0.365076	 24.925160	 0.528350	-22.818590	 19.680530	-58.405220	-5.458937	-2.006207	 10.010010	 2.503307	-1.126933	 4.530149	 3.269114	-0.634354	-79.889750	 3.853279	 3.124553	 11.904060	-0.275576	 3.148074	 9.117955	 2.902240	 4.348507	-70.164670	 37.223790	 19.729080	 15.032780	-6.822121	 19.211520	 10.843110	-5.642006	 19.245990	-70.380100	 18.392980	 10.360560	 21.425200	-3.898658	 9.395153	 9.482653	-0.473495	 9.975571	-72.410650	-57.319780	-11.443520	 6.756303	 9.301413	-0.525269	 0.082451	-19.369430	-0.175687	 3.200134	 2.854745	 1.173375	 90.128550	-88.434460	-5.756185	-87.374130	-179.685700	-1.379422	 102.637900	-0.813313	 0.122417	-8.559153	-35.356710	-32.270450	-0.535543	-61.630510	 2.374629	-8.215385	 1.101743	 7.021663	-8.607541	-7.669784	-1.827777	 34.312990	 2.480289	-1.134502	 31.752060	 3.004318	 0.231056	-62.359230	 5.502619	 4.813932	 26.734760	-0.248106	 3.154795	 18.622390	 3.006129	 3.768229	-78.476680	 50.597070	 23.874360	 8.845513	-6.738822	 19.230680	 15.370480	-6.038955	 19.342830	-90.496340	 26.228650	 14.082910	 17.741260	-3.835748	 9.410137	 16.748390	-0.471239	 9.873839	-74.762790	-38.838320	-3.290789	 28.502510	 0.159850	-0.494854	 0.008789	 4.593297	-0.326320	 3.355439	 0.000000	 90.000000	 0.000000	 164.639600	 15.080530	 163.203900	-172.056500	-4.006863	-23.239660
-0.032961	-0.118840	-0.007078	 168.757600	-2.282709	-89.808350	-20.652440	 0.320097	-0.436778	-17.741600	 1.356263	-0.424312	 0.923043	-3.938425	 109.375100	-0.813313	 0.122417	-8.559153	-55.452630	-13.517880	-0.218130	-0.451637	 24.974330	 0.554206	-22.789000	 19.730300	-58.497280	-5.458913	-2.006304	 10.008340	 2.503307	-1.126933	 4.530149	 3.269122	-0.634406	-79.890740	 3.854564	 3.125166	 11.905140	-0.275581	 3.148074	 9.116166	 2.902287	 4.348317	-70.167400	 37.223090	 19.728830	 15.032210	-6.822121	 19.211520	 10.843110	-5.641923	 19.245980	-70.375990	 18.394490	 10.361340	 21.423360	-3.898658	 9.395153	 9.482653	-0.473493	 9.975516	-72.411860	-57.321070	-11.443800	 6.754862	 9.300586	-0.525269	 0.082445	-19.371030	-0.175686	 3.200124	 2.839521	 1.351844	 90.112940	-88.286010	-5.750162	-87.685640	-179.713300	-1.235447	 102.769400	-0.813313	 0.122417	-8.559153	-33.277530	-31.789480	 0.931256	-64.456010	 2.716485	-8.595867	 1.270788	 6.980138	-8.738953	-6.533823	-1.776324	 22.356480	 2.493255	-1.128893	 15.965660	 3.221973	-0.384786	-74.985170	 8.555240	 5.704918	 17.286310	-0.259074	 3.151497	 14.772620	 3.026468	 3.464395	-82.765690	 52.188900	 24.085690	 6.544564	-6.779240	 19.221080	 13.172620	-6.040465	 19.343480	-90.577320	 27.802490	 14.436370	 13.676800	-3.875219	 9.400235	 12.233940	-0.473226	 9.752632	-77.553700	-39.120560	-3.381512	 28.574530	-1.886022	-0.486419	-0.006964	 2.768919	-0.317302	 3.341528	 0.000000	 90.000000	 0.000000	 164.675700	 14.972890	 163.378600	-172.004900	-4.057327	-22.939640
-0.032398	-0.117249	-0.007008	 169.038000	-2.377407	-89.788070	-20.596220	 0.213948	-0.415313	-17.707150	 1.042877	-0.389804	 0.900591	-3.846860	 109.392600	-0.813313	 0.122417	-8.559153	-55.351230	-13.477360	-0.131221	-0.551758	 25.034240	 0.584065	-22.766740	 19.797530	-58.603220	-5.458887	-2.006415	 10.006430	 2.503307	-1.126933	 4.530149	 3.269130	-0.634465	-79.891900	 3.856176	 3.125927	 11.906330	-0.275587	 3.148072	 9.114085	 2.902344	 4.348100	-70.170580	 37.222380	 19.728590	 15.031530	-6.822121	 19.211520	 10.843110	-5.641826	 19.245970	-70.371250	 18.396400	 10.362330	 21.421200	-3.898658	 9.395153	 9.482653	-0.473490	 9.975456	-72.413250	-57.322560	-11.444140	 6.753191	 9.299663	-0.525269	 0.082436	-19.372880	-0.175668	 3.200117	 2.821808	 1.563116	 90.095220	-88.112980	-5.737444	-88.063440	-179.745600	-1.068993	 102.918900	-0.813313	 0.122417	-8.559153	-30.945580	-31.172910	 2.644580	-67.572940	 3.162477	-8.969731	 1.547522	 6.958197	-8.974775	-5.632929	-1.718738	 15.699520	 2.500908	-1.127384	 7.268217	 3.282687	-0.741447	-81.968350	 10.368450	 6.008609	 12.018950	-0.265308	 3.149972	 12.615480	 3.027877	 3.292817	-85.181400	 53.137000	 24.190590	 5.236928	-6.802138	 19.216320	 11.936340	-6.042702	 19.344440	-90.697400	 28.737920	 14.604020	 11.391560	-3.897678	 9.396031	 9.700359	-0.476982	 9.684412	-79.126110	-39.369160	-3.461360	 28.639210	-3.690037	-0.478523	-0.020597	 1.178070	-0.309081	 3.329637	 0.000000	 90.000000	 0.000000	 164.718800	 14.837490	 163.586000	-171.939300	-4.130864	-22.600440
-0.031908	-0.116037	-0.006929	 169.287900	-2.434609	-89.769910	-20.544310	 0.128629	-0.397320	-17.673770	 0.759128	-0.361623	 0.879844	-3.762530	 109.406300	-0.813313	 0.122417	-8.559153	-55.269980	-13.445480	-0.061831	-0.635788	 25.087520	 0.609089	-22.755470	 19.861400	-58.692030	-5.458864	-2.006508	 10.004830	 2.503307	-1.126933	 4.530149	 3.269138	-0.634515	-79.892870	 3.857674	 3.126629	 11.907330	-0.275592	 3.148073	 9.112370	 2.902389	 4.347916	-70.173220	 37.221870	 19.728410	 15.030920	-6.822121	 19.211520	 10.843110	-5.641745	 19.245960	-70.367270	 18.398140	 10.363230	 21.419350	-3.898658	 9.395153	 9.482653	-0.473487	 9.975405	-72.414420	-57.323780	-11.444420	 6.751779	 9.298865	-0.525262	 0.082429	-19.374430	-0.175651	 3.200109	 2.806860	 1.746317	 90.080630	-87.963640	-5.702648	-88.388580	-179.774800	-0.920066	 103.043200	-0.813313	 0.122417	-8.559153	-29.053970	-30.624970	 4.047909	-70.324960	 3.640623	-9.267535	 1.755825	 6.991462	-9.196583	-5.543210	-1.744835	 14.640170	 2.502105	-1.127255	 5.926828	 3.288187	-0.797255	-83.050110	 10.720190	 6.068092	 11.180300	-0.266346	 3.149743	 12.258100	 3.027392	 3.263463	-85.594650	 53.339560	 24.216090	 5.003536	-6.806039	 19.215560	 11.726360	-6.043914	 19.344970	-90.762860	 28.924970	 14.640670	 11.009350	-3.901440	 9.395426	 9.277982	-0.477816	 9.672743	-79.395310	-39.503030	-3.504471	 28.673910	-4.661751	-0.474089	-0.027837	 0.321182	-0.304513	 3.323329	 0.000000	 90.000000	 0.000000	 164.756700	 14.720780	 163.742700	-171.880400	-4.202891	-22.328490
-0.031329	-0.114732	-0.006798	 169.595300	-2.481036	-89.749290	-20.477620	 0.032866	-0.376046	-17.629180	 0.413246	-0.329278	 0.854882	-3.661259	 109.421500	-0.813313	 0.122417	-8.559153	-55.178250	-13.410990	 0.018030	-0.735100	 25.154120	 0.638601	-22.747520	 19.944480	-58.797610	-5.458839	-2.006618	 10.002950	 2.503307	-1.126933	 4.530149	 3.269147	-0.634574	-79.894030	 3.859555	 3.127508	 11.908520	-0.275598	 3.148071	 9.110351	 2.902445	 4.347699	-70.176390	 37.221370	 19.728250	 15.030150	-6.822121	 19.211520	 10.843110	-5.641649	 19.245960	-70.362580	 18.400370	 10.364380	 21.417130	-3.898658	 9.395153	 9.482653	-0.473483	 9.975346	-72.415820	-57.325230	-11.444730	 6.750134	 9.297934	-0.525262	 0.082422	-19.376250	-0.175642	 3.200101	 2.789104	 1.972101	 90.063790	-87.778090	-5.603083	-88.774680	-179.811600	-0.736371	 103.223400	-0.813313	 0.122417	-8.559153	-26.913640	-29.924630	 5.599163	-73.629140	 4.301400	-9.577871	 1.787061	 7.085861	-9.418153	-5.321723	-1.763823	 12.798510	 2.504243	-1.127096	 3.538971	 3.295345	-0.896440	-84.968490	 11.261630	 6.129303	 9.723702	-0.268120	 3.149366	 11.648740	 3.026110	 3.214439	-86.284960	 53.641790	 24.231310	 4.486466	-6.812616	 19.214310	 11.372520	-6.044707	 19.345320	-90.805310	 29.210400	 14.687260	 10.361900	-3.907835	 9.394462	 8.561002	-0.479336	 9.653209	-79.846090	-39.584520	-3.530753	 28.695010	-5.253330	-0.471335	-0.032207	-0.200483	-0.301695	 3.319521	 0.000000	 90.000000	 0.000000	 164.809800	 14.579630	 163.910300	-171.807800	-4.296890	-22.020440
-0.030875	-0.113679	-0.006629	 169.859000	-2.510120	-89.732340	-20.416230	-0.044039	-0.357769	-17.586760	 0.120007	-0.302480	 0.834680	-3.579382	 109.433800	-0.813313	 0.122417	-8.559153	-55.103240	-13.384850	 0.086198	-0.820010	 25.213940	 0.663780	-22.742520	 20.020790	-58.889080	-5.458817	-2.006710	 10.001360	 2.503307	-1.126933	 4.530149	 3.269154	-0.634625	-79.895030	 3.861246	 3.128295	 11.909510	-0.275603	 3.148071	 9.108613	 2.902493	 4.347513	-70.179100	 37.221060	 19.728140	 15.029480	-6.822121	 19.211520	 10.843110	-5.641569	 19.245950	-70.358570	 18.402370	 10.365420	 21.415210	-3.898658	 9.395153	 9.482653	-0.473481	 9.975295	-72.417030	-57.326470	-11.445010	 6.748711	 9.297131	-0.525258	 0.082416	-19.377810	-0.175630	 3.200091	 2.773865	 2.175121	 90.049770	-87.610860	-5.493428	-89.138110	-179.842100	-0.587503	 103.402400	-0.813313	 0.122417	-8.559153	-25.131820	-29.239700	 6.931778	-76.112270	 4.869944	-9.750922	 1.674408	 7.205409	-9.598053	-5.308878	-1.768069	 12.647800	 2.504420	-1.127086	 3.341921	 3.295785	-0.904578	-85.125720	 11.314660	 6.137341	 9.604584	-0.268279	 3.149333	 11.594160	 3.025961	 3.209912	-86.348710	 53.680550	 24.217250	 4.295513	-6.813258	 19.214190	 11.338010	-6.044959	 19.345420	-90.818830	 29.241030	 14.693190	 10.303020	-3.908418	 9.394377	 8.495726	-0.479488	 9.651354	-79.888970	-39.597540	-3.534967	 28.698370	-5.347867	-0.470887	-0.032900	-0.283849	-0.301240	 3.318914	 0.000000	 90.000000	 0.000000	 164.873000	 14.454530	 164.041200	-171.744200	-4.382091	-21.767040
-0.030451	-0.112636	-0.006403	 170.118100	-2.535041	-89.717430	-20.350740	-0.116029	-0.339323	-17.540400	-0.160828	-0.276389	 0.816933	-3.507444	 109.445700	-0.813313	 0.122417	-8.559153	-55.030950	-13.362280	 0.156199	-0.905289	 25.276400	 0.689018	-22.736400	 20.101000	-58.982670	-5.458796	-2.006803	 9.999748	 2.503307	-1.126933	 4.530149	 3.269161	-0.634676	-79.896010	 3.863032	 3.129123	 11.910500	-0.275608	 3.148069	 9.106898	 2.902540	 4.347326	-70.181810	 37.220800	 19.728060	 15.028780	-6.822121	 19.211520	 10.843110	-5.641486	 19.245940	-70.354550	 18.404460	 10.366490	 21.413270	-3.898658	 9.395153	 9.482653	-0.473479	 9.975242	-72.418210	-57.327720	-11.445300	 6.747291	 9.296336	-0.525251	 0.082411	-19.379390	-0.175611	 3.200086	 2.758516	 2.370962	 90.036130	-87.454120	-5.385578	-89.578270	-179.872200	-0.444951	 103.601500	-0.813313	 0.122417	-8.559153	-23.321010	-28.473230	 8.433963	-78.397440	 5.443360	-9.855536	 1.471753	 7.353326	-9.829273	-5.236262	-1.773426	 12.081130	 2.504921	-1.127064	 2.782599	 3.296913	-0.927754	-85.573310	 11.445750	 6.138602	 9.159704	-0.268862	 3.149214	 11.394170	 3.025390	 3.193736	-86.576530	 53.788810	 24.233110	 4.198353	-6.815409	 19.213790	 11.222440	-6.044946	 19.345420	-90.818210	 29.324680	 14.704070	 10.094120	-3.910515	 9.394080	 8.261028	-0.480028	 9.644933	-80.037160	-39.566860	-3.525054	 28.690440	-5.125188	-0.471930	-0.031259	-0.087492	-0.302306	 3.320344	 0.000000	 90.000000	 0.000000	 164.950100	 14.327950	 164.164800	-171.680100	-4.469385	-21.520550
-0.030012	-0.111444	-0.006110	 170.398000	-2.565250	-89.704900	-20.271830	-0.190789	-0.318159	-17.483310	-0.449347	-0.247768	 0.801872	-3.446261	 109.458600	-0.813313	 0.122417	-8.559153	-54.952240	-13.341900	 0.239757	-1.002132	 25.350070	 0.717626	-22.724680	 20.195030	-59.092150	-5.458770	-2.006909	 9.997934	 2.503307	-1.126933	 4.530149	 3.269169	-0.634733	-79.897130	 3.865126	 3.130092	 11.911600	-0.275614	 3.148069	 9.104946	 2.902594	 4.347113	-70.184910	 37.220600	 19.728000	 15.027940	-6.822121	 19.211520	 10.843110	-5.641392	 19.245940	-70.349990	 18.406920	 10.367770	 21.411030	-3.898658	 9.395153	 9.482653	-0.473477	 9.975183	-72.419560	-57.329090	-11.445610	 6.745665	 9.295422	-0.525255	 0.082401	-19.381190	-0.175604	 3.200073	 2.741022	 2.551811	 90.021380	-87.320530	-5.292946	-90.154270	-179.905900	-0.290026	 103.847100	-0.813313	 0.122417	-8.559153	-21.258250	-27.501950	 10.260360	-80.892180	 6.105842	-9.908787	 1.394506	 7.539485	-10.163890	-5.195961	-1.765975	 11.925160	 2.504992	-1.127061	 2.703315	 3.297060	-0.931086	-85.637650	 11.464260	 6.131587	 9.037847	-0.269091	 3.149168	 11.315780	 3.025154	 3.187552	-86.663640	 53.841060	 24.249540	 4.220267	-6.816213	 19.213640	 11.179230	-6.044772	 19.345350	-90.808900	 29.332300	 14.699020	 10.018890	-3.911325	 9.393969	 8.170380	-0.480234	 9.642527	-80.092720	-39.489730	-3.500181	 28.670480	-4.565189	-0.474535	-0.027120	 0.406349	-0.304976	 3.323951	 0.000000	 90.000000	 0.000000	 165.050400	 14.186910	 164.300800	-171.608700	-4.567457	-21.248240
-0.029675	-0.110420	-0.005838	 170.609800	-2.591539	-89.694980	-20.200300	-0.248433	-0.299723	-17.430490	-0.643277	-0.223978	 0.793429	-3.411776	 109.469500	-0.813313	 0.122417	-8.559153	-54.887120	-13.329470	 0.317021	-1.085540	 25.415510	 0.742211	-22.707440	 20.277050	-59.189890	-5.458748	-2.006998	 9.996408	 2.503307	-1.126933	 4.530149	 3.269176	-0.634784	-79.898110	 3.866990	 3.130955	 11.912560	-0.275619	 3.148067	 9.103272	 2.902641	 4.346929	-70.187590	 37.220540	 19.727990	 15.027170	-6.822121	 19.211520	 10.843110	-5.641311	 19.245940	-70.346080	 18.409130	 10.368910	 21.409100	-3.898658	 9.395153	 9.482653	-0.473473	 9.975130	-72.420750	-57.330290	-11.445870	 6.744262	 9.294629	-0.525251	 0.082396	-19.382740	-0.175595	 3.200066	 2.725897	 2.677411	 90.009350	-87.236850	-5.245849	-90.698070	-179.934700	-0.161558	 104.070900	-0.813313	 0.122417	-8.559153	-19.496700	-26.582130	 11.862690	-83.084920	 6.695196	-9.911504	 1.428812	 7.705671	-10.489480	-5.188681	-1.756774	 12.013090	 2.505096	-1.127057	 2.587173	 3.297349	-0.937863	-85.768490	 11.487600	 6.148835	 9.100901	-0.269036	 3.149179	 11.334430	 3.025222	 3.189292	-86.639140	 53.836880	 24.259450	 4.306112	-6.815960	 19.213690	 11.192820	-6.044627	 19.345280	-90.801250	 29.318440	 14.695780	 10.039740	-3.911114	 9.393998	 8.193979	-0.480170	 9.643279	-80.075350	-39.396870	-3.470272	 28.646400	-3.891214	-0.477609	-0.022103	 1.000681	-0.308134	 3.328326	 0.000000	 90.000000	 0.000000	 165.144000	 14.071480	 164.418300	-171.549600	-4.647931	-21.018980
-0.029370	-0.109435	-0.005558	 170.782900	-2.610257	-89.684040	-20.126680	-0.298533	-0.281284	-17.375350	-0.772040	-0.201318	 0.788025	-3.389527	 109.479800	-0.813313	 0.122417	-8.559153	-54.825160	-13.322490	 0.399777	-1.167793	 25.481670	 0.766392	-22.677200	 20.356000	-59.291390	-5.458727	-2.007087	 9.994864	 2.503307	-1.126933	 4.530149	 3.269184	-0.634833	-79.899080	 3.868855	 3.131814	 11.913480	-0.275624	 3.148067	 9.101620	 2.902688	 4.346746	-70.190240	 37.220530	 19.728000	 15.026410	-6.822121	 19.211520	 10.843110	-5.641233	 19.245930	-70.342190	 18.411340	 10.370060	 21.407170	-3.898658	 9.395153	 9.482653	-0.473470	 9.975080	-72.421910	-57.331470	-11.446140	 6.742882	 9.293855	-0.525254	 0.082387	-19.384270	-0.175579	 3.200058	 2.710913	 2.779395	 89.998110	-87.175560	-5.212615	-91.263240	-179.963000	-0.038277	 104.299100	-0.813313	 0.122417	-8.559153	-17.787140	-25.605850	 13.404130	-85.412580	 7.304776	-9.883710	 1.455890	 7.868248	-10.812410	-5.196218	-1.754281	 12.099530	 2.505053	-1.127059	 2.635406	 3.297313	-0.936993	-85.751690	 11.473600	 6.151145	 9.168040	-0.268885	 3.149209	 11.386480	 3.025392	 3.193781	-86.575900	 53.801450	 24.263130	 4.407288	-6.815346	 19.213800	 11.225880	-6.044517	 19.345230	-90.795160	 29.313780	 14.699200	 10.088910	-3.910553	 9.394075	 8.256622	-0.480012	 9.645123	-80.032790	-39.290350	-3.436019	 28.618730	-3.118114	-0.481073	-0.016302	 1.682420	-0.311718	 3.333384	 0.000000	 90.000000	 0.000000	 165.239700	 13.966420	 164.538800	-171.495000	-4.720872	-20.796170
-0.029052	-0.108333	-0.005216	 170.952100	-2.624079	-89.671680	-20.038510	-0.346948	-0.259711	-17.308610	-0.871252	-0.176469	 0.785284	-3.377883	 109.491300	-0.813313	 0.122417	-8.559153	-54.757790	-13.322410	 0.504763	-1.262313	 25.559340	 0.794122	-22.617830	 20.440830	-59.416890	-5.458704	-2.007189	 9.993125	 2.503307	-1.126933	 4.530149	 3.269192	-0.634890	-79.900190	 3.871045	 3.132825	 11.914540	-0.275629	 3.148065	 9.099730	 2.902742	 4.346537	-70.193300	 37.220610	 19.728050	 15.025490	-6.822121	 19.211520	 10.843110	-5.641142	 19.245920	-70.337750	 18.413920	 10.371390	 21.404940	-3.898658	 9.395153	 9.482653	-0.473468	 9.975022	-72.423250	-57.332830	-11.446440	 6.741287	 9.292944	-0.525244	 0.082380	-19.386040	-0.175572	 3.200051	 2.693576	 2.876753	 89.986060	-87.122350	-5.188293	-91.928990	-179.995700	 0.100507	 104.565900	-0.813313	 0.122417	-8.559153	-15.888660	-24.376250	 15.039690	-88.062980	 7.980554	-9.784927	 1.343526	 8.046722	-11.141790	-5.212374	-1.761949	 12.092970	 2.505053	-1.127059	 2.635249	 3.297204	-0.934423	-85.702080	 11.469400	 6.149182	 9.166208	-0.268756	 3.149236	 11.430500	 3.025536	 3.197682	-86.520950	 53.739360	 24.257010	 4.487004	-6.814821	 19.213900	 11.254090	-6.044272	 19.345120	-90.782040	 29.297340	 14.697390	 10.132800	-3.910084	 9.394140	 8.309208	-0.479877	 9.646717	-79.995970	-39.161130	-3.394526	 28.585100	-2.180391	-0.485158	-0.009207	 2.509325	-0.315980	 3.339576	 0.000000	 90.000000	 0.000000	 165.349400	 13.858770	 164.688200	-171.438500	-4.793215	-20.542300
-0.028807	-0.107354	-0.004891	 171.084000	-2.630710	-89.663030	-19.960720	-0.379623	-0.241001	-17.249320	-0.939297	-0.156227	 0.786561	-3.382440	 109.500900	-0.813313	 0.122417	-8.559153	-54.705300	-13.329620	 0.601262	-1.342715	 25.626780	 0.817653	-22.547750	 20.508320	-59.530650	-5.458683	-2.007275	 9.991642	 2.503307	-1.126933	 4.530149	 3.269199	-0.634939	-79.901140	 3.872928	 3.133693	 11.915450	-0.275634	 3.148065	 9.098151	 2.902787	 4.346358	-70.195890	 37.220750	 19.728110	 15.024670	-6.822121	 19.211520	 10.843110	-5.641064	 19.245920	-70.333940	 18.416140	 10.372540	 21.403040	-3.898658	 9.395153	 9.482653	-0.473464	 9.974973	-72.424400	-57.333950	-11.446700	 6.739951	 9.292180	-0.525247	 0.082375	-19.387550	-0.175552	 3.200044	 2.678734	 2.948920	 89.976560	-87.083900	-5.177520	-92.491970	 179.976300	 0.217343	 104.792200	-0.813313	 0.122417	-8.559153	-14.321140	-23.199190	 16.361440	-89.954670	 8.503229	-9.617554	 1.108234	 8.233621	-11.425050	-5.226445	-1.767729	 12.100540	 2.505034	-1.127059	 2.656633	 3.297195	-0.934219	-85.698140	 11.459660	 6.146413	 9.176710	-0.268710	 3.149245	 11.446380	 3.025603	 3.199567	-86.494390	 53.683200	 24.246210	 4.518130	-6.814590	 19.213940	 11.266450	-6.043980	 19.345000	-90.766200	 29.278510	 14.691690	 10.149320	-3.909927	 9.394163	 8.326749	-0.479812	 9.647485	-79.978230	-39.055640	-3.360705	 28.557630	-1.415263	-0.488403	-0.003364	 3.184039	-0.319388	 3.344668	 0.000000	 90.000000	 0.000000	 165.436800	 13.776390	 164.836500	-171.396600	-4.840549	-20.302620
-0.028533	-0.106264	-0.004535	 171.208200	-2.633190	-89.656220	-19.880200	-0.405938	-0.221851	-17.187670	-0.998831	-0.136391	 0.790157	-3.396284	 109.510300	-0.813313	 0.122417	-8.559153	-54.656830	-13.342320	 0.702212	-1.423513	 25.695950	 0.841224	-22.460440	 20.572030	-59.650840	-5.458663	-2.007361	 9.990153	 2.503307	-1.126933	 4.530149	 3.269207	-0.634988	-79.902110	 3.874791	 3.134552	 11.916350	-0.275639	 3.148065	 9.096535	 2.902833	 4.346178	-70.198530	 37.220980	 19.728210	 15.023830	-6.822121	 19.211520	 10.843110	-5.640987	 19.245910	-70.330120	 18.418360	 10.373690	 21.401120	-3.898658	 9.395153	 9.482653	-0.473463	 9.974923	-72.425540	-57.335100	-11.446960	 6.738592	 9.291411	-0.525243	 0.082366	-19.389080	-0.175543	 3.200037	 2.663740	 3.017468	 89.967830	-87.046760	-5.174057	-93.037980	 179.947700	 0.334702	 105.015100	-0.813313	 0.122417	-8.559153	-12.731230	-21.890020	 17.762900	-91.707190	 9.056994	-9.397048	 0.806608	 8.497649	-11.792060	-5.233165	-1.769959	 12.112040	 2.505012	-1.127060	 2.681856	 3.297177	-0.933774	-85.689540	 11.448970	 6.143528	 9.189513	-0.268645	 3.149259	 11.468840	 3.025698	 3.202210	-86.457180	 53.637730	 24.238000	 4.547848	-6.814269	 19.214000	 11.283730	-6.043612	 19.344840	-90.746570	 29.259650	 14.686520	 10.170920	-3.909705	 9.394195	 8.351634	-0.479721	 9.648559	-79.953440	-38.963840	-3.331324	 28.533650	-0.749360	-0.491169	 0.001751	 3.771251	-0.322307	 3.349136	 0.000000	 90.000000	 0.000000	 165.504900	 13.704800	 165.016300	-171.361700	-4.872355	-20.014350
-0.028157	-0.104910	-0.004130	 171.328000	-2.631696	-89.648740	-19.785750	-0.431898	-0.199568	-17.115020	-1.034617	-0.114319	 0.795723	-3.417934	 109.520700	-0.813313	 0.122417	-8.559153	-54.606760	-13.363520	 0.822269	-1.515802	 25.776470	 0.868069	-22.341600	 20.640150	-59.794500	-5.458639	-2.007459	 9.988465	 2.503307	-1.126933	 4.530149	 3.269215	-0.635045	-79.903210	 3.876925	 3.135535	 11.917360	-0.275644	 3.148063	 9.094717	 2.902886	 4.345971	-70.201530	 37.221310	 19.728350	 15.022850	-6.822121	 19.211520	 10.843110	-5.640899	 19.245910	-70.325780	 18.420890	 10.374990	 21.398920	-3.898658	 9.395153	 9.482653	-0.473461	 9.974866	-72.426860	-57.336390	-11.447250	 6.737018	 9.290518	-0.525240	 0.082360	-19.390810	-0.175524	 3.200027	 2.646541	 3.098517	 89.958720	-87.010210	-5.179322	-93.677290	 179.914500	 0.469970	 105.258100	-0.813313	 0.122417	-8.559153	-10.890780	-20.252860	 19.429410	-93.803590	 9.721746	-9.102126	 0.464434	 8.839744	-12.299920	-5.734947	-1.733984	 16.233980	 2.500259	-1.127466	 7.996855	 3.279361	-0.712048	-81.397630	 10.249330	 6.002961	 12.445110	-0.264765	 3.150096	 12.802810	 3.028047	 3.308182	-84.965090	 53.109080	 24.194480	 5.330085	-6.800149	 19.216720	 12.043550	-6.043127	 19.344630	-90.720390	 28.725370	 14.617160	 11.570150	-3.895763	 9.396348	 9.915501	-0.476575	 9.690433	-78.987240	-38.889470	-3.307549	 28.514190	-0.210039	-0.493368	 0.005918	 4.246851	-0.324640	 3.352774	 0.000000	 90.000000	 0.000000	 165.547300	 13.640400	 165.254400	-171.331500	-4.893648	-19.647620
-0.027821	-0.103724	-0.003811	 171.408700	-2.628102	-89.641950	-19.705330	-0.450288	-0.180679	-17.052950	-1.041298	-0.096414	 0.800375	-3.436029	 109.529200	-0.813313	 0.122417	-8.559153	-54.569310	-13.386510	 0.926034	-1.592583	 25.844670	 0.890324	-22.228520	 20.693320	-59.918660	-5.458620	-2.007540	 9.987064	 2.503307	-1.126933	 4.530149	 3.269221	-0.635092	-79.904110	 3.878654	 3.136333	 11.918220	-0.275648	 3.148063	 9.093223	 2.902929	 4.345798	-70.204050	 37.221640	 19.728480	 15.021990	-6.822121	 19.211520	 10.843110	-5.640824	 19.245900	-70.322170	 18.422950	 10.376060	 21.397100	-3.898658	 9.395153	 9.482653	-0.473458	 9.974818	-72.427990	-57.337480	-11.447500	 6.735723	 9.289776	-0.525233	 0.082355	-19.392280	-0.175523	 3.200016	 2.632202	 3.167220	 89.951930	-86.987910	-5.193059	-94.286820	 179.886400	 0.584896	 105.435200	-0.813313	 0.122417	-8.559153	-9.329586	-18.785250	 20.849990	-95.539630	 10.242690	-8.845278	 0.251651	 9.110923	-12.786330	-6.688708	-1.808866	 23.299770	 2.492219	-1.129192	 17.167140	 3.209982	-0.335384	-74.004520	 8.297897	 5.646501	 18.026410	-0.258269	 3.151712	 15.052480	 3.025786	 3.485723	-82.465250	 52.108090	 24.083420	 6.722428	-6.775808	 19.221830	 13.358470	-6.042679	 19.344430	-90.696240	 27.693300	 14.417230	 13.975290	-3.872319	 9.400851	 12.562570	-0.472823	 9.762963	-77.315770	-38.863460	-3.299243	 28.507380	-0.021452	-0.494123	 0.007381	 4.413137	-0.325441	 3.354054	 0.000000	 90.000000	 0.000000	 165.566100	 13.596460	 165.473000	-171.311300	-4.902016	-19.329190
-0.027495	-0.102496	-0.003469	 171.475100	-2.623464	-89.633860	-19.620370	-0.466175	-0.161157	-16.987280	-1.029506	-0.078273	 0.805196	-3.454788	 109.537700	-0.813313	 0.122417	-8.559153	-54.534500	-13.415550	 1.037521	-1.672194	 25.916490	 0.913338	-22.098860	 20.745520	-60.051240	-5.458600	-2.007625	 9.985616	 2.503307	-1.126933	 4.530149	 3.269228	-0.635140	-79.905070	 3.880403	 3.137141	 11.919100	-0.275653	 3.148062	 9.091650	 2.902975	 4.345619	-70.206630	 37.222060	 19.728650	 15.021090	-6.822121	 19.211520	 10.843110	-5.640746	 19.245900	-70.318420	 18.425040	 10.377140	 21.395210	-3.898658	 9.395153	 9.482653	-0.473455	 9.974769	-72.429100	-57.338570	-11.447750	 6.734371	 9.289018	-0.525233	 0.082349	-19.393780	-0.175510	 3.200010	 2.617272	 3.231607	 89.945620	-86.972190	-5.214463	-94.985380	 179.856900	 0.707757	 105.586100	-0.813313	 0.122417	-8.559153	-7.698057	-17.125780	 22.328740	-97.058520	 10.655630	-8.547607	 0.205512	 9.328656	-13.351370	-8.537271	-2.385277	 35.607400	 2.479055	-1.135276	 33.375800	 2.973197	 0.293605	-61.011310	 5.144877	 4.665215	 27.761460	-0.247062	 3.155151	 18.993290	 3.003166	 3.795613	-78.088740	 50.518320	 23.871030	 9.044747	-6.734900	 19.231690	 15.584870	-6.042181	 19.344220	-90.669570	 26.089620	 14.049210	 18.141780	-3.831951	 9.411266	 17.188020	-0.471367	 9.885735	-74.488900	-38.602330	-3.211918	 28.454980	 1.890268	-0.501536	 0.022344	 6.100187	-0.333427	 3.367141	 0.000000	 90.000000	 0.000000	 165.582500	 13.555510	 165.713400	-171.295200	-4.903350	-19.003820
-0.027179	-0.101283	-0.003027	 171.522900	-2.611645	-89.622480	-19.525320	-0.479780	-0.140646	-16.913740	-0.998750	-0.058817	 0.812102	-3.481808	 109.547100	-0.813313	 0.122417	-8.559153	-54.500820	-13.453580	 1.164749	-1.759989	 25.996760	 0.938635	-21.943160	 20.799950	-60.200990	-5.458578	-2.007717	 9.984024	 2.503307	-1.126933	 4.530149	 3.269236	-0.635195	-79.906120	 3.882267	 3.138003	 11.920070	-0.275658	 3.148062	 9.089948	 2.903025	 4.345421	-70.209510	 37.222600	 19.728860	 15.020050	-6.822121	 19.211520	 10.843110	-5.640663	 19.245890	-70.314270	 18.427260	 10.378280	 21.393160	-3.898658	 9.395153	 9.482653	-0.473451	 9.974713	-72.430390	-57.339790	-11.448030	 6.732887	 9.288170	-0.525233	 0.082341	-19.395440	-0.175497	 3.200001	 2.600779	 3.294736	 89.939510	-86.963240	-5.243975	-95.820090	 179.829200	 0.820996	 105.733800	-0.813313	 0.122417	-8.559153	-6.072237	-15.194540	 23.952810	-98.601090	 10.913510	-8.104609	 0.400943	 9.424031	-14.029280	-9.816147	-3.083308	 44.197340	 2.471070	-1.141654	 44.779330	 2.725338	 0.695170	-51.896050	 3.085793	 3.687132	 34.539400	-0.239365	 3.158014	 21.753590	 2.973185	 4.011464	-75.018680	 49.409950	 23.706800	 10.882470	-6.706608	 19.239460	 17.138560	-6.041617	 19.343970	-90.639160	 24.995040	 13.729450	 21.053680	-3.804256	 9.420448	 20.426150	-0.473988	 9.971252	-72.518550	-38.019930	-3.039775	 28.253260	 6.096970	-0.516065	 0.056082	 9.485168	-0.348264	 3.394083	 0.000000	 90.000000	 0.000000	 165.612800	 13.510380	 165.986300	-171.283400	-4.898965	-18.688230
-0.026943	-0.100430	-0.002592	 171.537700	-2.587540	-89.610730	-19.442980	-0.488189	-0.123933	-16.850090	-0.961387	-0.042627	 0.819268	-3.509935	 109.555100	-0.813313	 0.122417	-8.559153	-54.475920	-13.491160	 1.277380	-1.835061	 26.066320	 0.960182	-21.800640	 20.844300	-60.331440	-5.458560	-2.007797	 9.982662	 2.503307	-1.126933	 4.530149	 3.269243	-0.635241	-79.907030	 3.883785	 3.138708	 11.920900	-0.275662	 3.148061	 9.088481	 2.903069	 4.345253	-70.211980	 37.223120	 19.729070	 15.019150	-6.822121	 19.211520	 10.843110	-5.640590	 19.245880	-70.310730	 18.429100	 10.379230	 21.391400	-3.898658	 9.395153	 9.482653	-0.473449	 9.974668	-72.431460	-57.340810	-11.448260	 6.731624	 9.287440	-0.525232	 0.082334	-19.396880	-0.175488	 3.199993	 2.586672	 3.342599	 89.935030	-86.963410	-5.287947	-96.576920	 179.813600	 0.878827	 105.862500	-0.813313	 0.122417	-8.559153	-4.930748	-13.587700	 25.357080	-99.954120	 10.992480	-7.647786	 0.692739	 9.385703	-14.622230	-10.210980	-3.370075	 46.240460	 2.469294	-1.143476	 47.614060	 2.655241	 0.786993	-49.666520	 2.654727	 3.449141	 36.164590	-0.237518	 3.158765	 22.423600	 2.964123	 4.063804	-74.270320	 49.149300	 23.660910	 11.289470	-6.699658	 19.241490	 17.522090	-6.041133	 19.343760	-90.613000	 24.755330	 13.655480	 21.756340	-3.797633	 9.422903	 21.210360	-0.475091	 9.992270	-72.033800	-37.292100	-2.819503	 28.029900	 11.403470	-0.530799	 0.100005	 13.529650	-0.363870	 3.427351	 0.000000	 90.000000	 0.000000	 165.654200	 13.475120	 166.220400	-171.278000	-4.891625	-18.464330
-0.026753	-0.099707	-0.002134	 171.536800	-2.552718	-89.599620	-19.362970	-0.493499	-0.108498	-16.788320	-0.919186	-0.027416	 0.827198	-3.541109	 109.562900	-0.813313	 0.122417	-8.559153	-54.455230	-13.531810	 1.389336	-1.907553	 26.134050	 0.980930	-21.656330	 20.885520	-60.458680	-5.458541	-2.007873	 9.981351	 2.503307	-1.126933	 4.530149	 3.269249	-0.635286	-79.907890	 3.885167	 3.139350	 11.921710	-0.275667	 3.148060	 9.087072	 2.903111	 4.345088	-70.214360	 37.223690	 19.729280	 15.018260	-6.822121	 19.211520	 10.843110	-5.640522	 19.245880	-70.307330	 18.430760	 10.380090	 21.389730	-3.898658	 9.395153	 9.482653	-0.473447	 9.974622	-72.432510	-57.341800	-11.448490	 6.730388	 9.286744	-0.525225	 0.082330	-19.398240	-0.175478	 3.199985	 2.573057	 3.383682	 89.931320	-86.971670	-5.360168	-97.333310	 179.801100	 0.922099	 105.985200	-0.813313	 0.122417	-8.559153	-3.945810	-12.020580	 26.702450	-101.124800	 10.969350	-7.170266	 1.009601	 9.292467	-15.175060	-10.570760	-3.645185	 48.468880	 2.467502	-1.145511	 50.635590	 2.575769	 0.882802	-47.263930	 2.166209	 3.155910	 37.929510	-0.235550	 3.159592	 23.141370	 2.953828	 4.118845	-73.481380	 48.889680	 23.594230	 11.479800	-6.692337	 19.243680	 17.927040	-6.040671	 19.343560	-90.588360	 24.495490	 13.570680	 22.505320	-3.790605	 9.425620	 22.046840	-0.476463	 10.014640	-71.517630	-36.874910	-2.698982	 27.884650	 13.889180	-0.536295	 0.121009	 15.507210	-0.370626	 3.443999	 0.000000	 90.000000	 0.000000	 165.701500	 13.451600	 166.442400	-171.275900	-4.880626	-18.264100
-0.026582	-0.098891	-0.001567	 171.521100	-2.501400	-89.586190	-19.267650	-0.496231	-0.091068	-16.714900	-0.866036	-0.009884	 0.837773	-3.582715	 109.572300	-0.813313	 0.122417	-8.559153	-54.435020	-13.585600	 1.526225	-1.993442	 26.215110	 1.005413	-21.478410	 20.932830	-60.610310	-5.458520	-2.007962	 9.979810	 2.503307	-1.126933	 4.530149	 3.269257	-0.635339	-79.908940	 3.886665	 3.140052	 11.922660	-0.275671	 3.148060	 9.085421	 2.903160	 4.344893	-70.217220	 37.224420	 19.729570	 15.017170	-6.822121	 19.211520	 10.843110	-5.640438	 19.245870	-70.303290	 18.432590	 10.381040	 21.387760	-3.898658	 9.395153	 9.482653	-0.473446	 9.974567	-72.433750	-57.342960	-11.448760	 6.728924	 9.285917	-0.525232	 0.082321	-19.399880	-0.175464	 3.199976	 2.556920	 3.426364	 89.927720	-86.990700	-5.469733	-98.250080	 179.788700	 0.965965	 106.101500	-0.813313	 0.122417	-8.559153	-2.785091	-10.051780	 28.240740	-102.186700	 10.869280	-6.596836	 1.330294	 9.180593	-15.815690	-10.742020	-3.784706	 49.515440	 2.466699	-1.146500	 52.054500	 2.537055	 0.926651	-46.134930	 1.943761	 3.015773	 38.753510	-0.233816	 3.160346	 23.776640	 2.944040	 4.167643	-72.780090	 48.718980	 23.570710	 11.842260	-6.685842	 19.245660	 18.287050	-6.040163	 19.343350	-90.560830	 24.386470	 13.556430	 23.165050	-3.787427	 9.426888	 22.426630	-0.477846	 10.034370	-71.061960	-36.794540	-2.678529	 27.846920	 15.027160	-0.538496	 0.130700	 16.489360	-0.373772	 3.452351	 0.000000	 90.000000	 0.000000	 165.767300	 13.434140	 166.693600	-171.275400	-4.861853	-18.012580
-0.026474	-0.098266	-0.001096	 171.498000	-2.455868	-89.575120	-19.188650	-0.495573	-0.077328	-16.654250	-0.823589	 0.004184	 0.847408	-3.620639	 109.580300	-0.813313	 0.122417	-8.559153	-54.421760	-13.634710	 1.643088	-2.064528	 26.282720	 1.025615	-21.326990	 20.971200	-60.735740	-5.458502	-2.008035	 9.978546	 2.503307	-1.126933	 4.530149	 3.269264	-0.635383	-79.909790	 3.887797	 3.140587	 11.923480	-0.275675	 3.148058	 9.084056	 2.903202	 4.344731	-70.219570	 37.225090	 19.729830	 15.016270	-6.822121	 19.211520	 10.843110	-5.640371	 19.245870	-70.299930	 18.433980	 10.381760	 21.386160	-3.898658	 9.395153	 9.482653	-0.473443	 9.974522	-72.434780	-57.343910	-11.448970	 6.727715	 9.285217	-0.525225	 0.082317	-19.401250	-0.175448	 3.199975	 2.543597	 3.457150	 89.925390	-87.011250	-5.566528	-98.988440	 179.783600	 0.979700	 106.182800	-0.813313	 0.122417	-8.559153	-1.865263	-8.402517	 29.466160	-102.915900	 10.810270	-6.137488	 1.478845	 9.148816	-16.380740	-10.842700	-3.870480	 50.041110	 2.466304	-1.147005	 52.768840	 2.517212	 0.948465	-45.565760	 1.861485	 2.966046	 39.166470	-0.232645	 3.160868	 24.207600	 2.936989	 4.201001	-72.299670	 48.694250	 23.583960	 12.086050	-6.681401	 19.247050	 18.533690	-6.039778	 19.343180	-90.540250	 24.327600	 13.556970	 23.656720	-3.785403	 9.427711	 22.669280	-0.478886	 10.047920	-70.749110	-36.689400	-2.649452	 27.806310	 15.450770	-0.539274	 0.134318	 16.984380	-0.375307	 3.456581	 0.000000	 90.000000	 0.000000	 165.830300	 13.425830	 166.884200	-171.276500	-4.843291	-17.807710
-0.026408	-0.097786	-0.000604	 171.469400	-2.406727	-89.564440	-19.108840	-0.492236	-0.064007	-16.593210	-0.782921	 0.018018	 0.857859	-3.661771	 109.588500	-0.813313	 0.122417	-8.559153	-54.411580	-13.688700	 1.764662	-2.136545	 26.351550	 1.045996	-21.171360	 21.009730	-60.861890	-5.458485	-2.008111	 9.977251	 2.503307	-1.126933	 4.530149	 3.269270	-0.635428	-79.910650	 3.888814	 3.141069	 11.924280	-0.275680	 3.148058	 9.082663	 2.903244	 4.344566	-70.221960	 37.225800	 19.730100	 15.015330	-6.822121	 19.211520	 10.843110	-5.640302	 19.245860	-70.296530	 18.435220	 10.382400	 21.384560	-3.898658	 9.395153	 9.482653	-0.473440	 9.974476	-72.435850	-57.344870	-11.449200	 6.726486	 9.284520	-0.525225	 0.082310	-19.402640	-0.175442	 3.199964	 2.530152	 3.484406	 89.923620	-87.033160	-5.656670	-99.679190	 179.782600	 0.975314	 106.260400	-0.813313	 0.122417	-8.559153	-1.120913	-6.870108	 30.693310	-103.350600	 10.824140	-5.694974	 1.565180	 9.237638	-16.993020	-10.904690	-3.926418	 50.179570	 2.466199	-1.147141	 52.961200	 2.511861	 0.954273	-45.413330	 1.857731	 2.966534	 39.276280	-0.231739	 3.161279	 24.542040	 2.931253	 4.227167	-71.922200	 48.725850	 23.612670	 12.294220	-6.677912	 19.248140	 18.727600	-6.039440	 19.343030	-90.522290	 24.295700	 13.567610	 24.086000	-3.783711	 9.428399	 22.872100	-0.479761	 10.058600	-70.502180	-36.592990	-2.622829	 27.769130	 15.470730	-0.539306	 0.134488	 17.116950	-0.375713	 3.457716	 0.000000	 90.000000	 0.000000	 165.902100	 13.420270	 167.057000	-171.279500	-4.824605	-17.650670
-0.026381	-0.097437	-0.000033	 171.432300	-2.342636	-89.552630	-19.019520	-0.485231	-0.049716	-16.525250	-0.735009	 0.033140	 0.870370	-3.710992	 109.598200	-0.813313	 0.122417	-8.559153	-54.403990	-13.754690	 1.905646	-2.217723	 26.429440	 1.068882	-20.995240	 21.053330	-61.001790	-5.458466	-2.008195	 9.975812	 2.503307	-1.126933	 4.530149	 3.269277	-0.635478	-79.911660	 3.889752	 3.141523	 11.925210	-0.275684	 3.148057	 9.081120	 2.903290	 4.344382	-70.224630	 37.226680	 19.730440	 15.014240	-6.822121	 19.211520	 10.843110	-5.640224	 19.245860	-70.292730	 18.436430	 10.383020	 21.382800	-3.898658	 9.395153	 9.482653	-0.473438	 9.974425	-72.437000	-57.345950	-11.449450	 6.725113	 9.283730	-0.525218	 0.082304	-19.404200	-0.175430	 3.199956	 2.515060	 3.510927	 89.922330	-87.057940	-5.734589	-100.402000	 179.785400	 0.952317	 106.347100	-0.813313	 0.122417	-8.559153	-0.449326	-5.220997	 31.933900	-103.780500	 10.941770	-5.169771	 1.707528	 9.458099	-17.745610	-10.934710	-3.955491	 50.089170	 2.466262	-1.147059	 52.845640	 2.515199	 0.950654	-45.508360	 1.823096	 2.938112	 39.211740	-0.231027	 3.161606	 24.805390	 2.926507	 4.248218	-71.618120	 48.749610	 23.639960	 12.514410	-6.675104	 19.249040	 18.883920	-6.039152	 19.342910	-90.506560	 24.280190	 13.585500	 24.492200	-3.782236	 9.429014	 23.049550	-0.480505	 10.067270	-70.301740	-36.497520	-2.596542	 27.732280	 15.580170	-0.539502	 0.135425	 17.032830	-0.375454	 3.456996	 0.000000	 90.000000	 0.000000	 165.991800	 13.413100	 167.228800	-171.283900	-4.803076	-17.517290
-0.026413	-0.097248	 0.000461	 171.395400	-2.280483	-89.542150	-18.943500	-0.476485	-0.037999	-16.467830	-0.691841	 0.045792	 0.881631	-3.755267	 109.606800	-0.813313	 0.122417	-8.559153	-54.400670	-13.815830	 2.030366	-2.287558	 26.496600	 1.088516	-20.844850	 21.091540	-61.119400	-5.458447	-2.008266	 9.974574	 2.503307	-1.126933	 4.530149	 3.269284	-0.635521	-79.912500	 3.890384	 3.141836	 11.926000	-0.275688	 3.148057	 9.079782	 2.903330	 4.344223	-70.226950	 37.227500	 19.730750	 15.013270	-6.822121	 19.211520	 10.843110	-5.640156	 19.245860	-70.289440	 18.437270	 10.383450	 21.381310	-3.898658	 9.395153	 9.482653	-0.473436	 9.974380	-72.438030	-57.346870	-11.449670	 6.723912	 9.283039	-0.525221	 0.082299	-19.405550	-0.175423	 3.199951	 2.502191	 3.530603	 89.921820	-87.080670	-5.795749	-100.987800	 179.790600	 0.920954	 106.416900	-0.813313	 0.122417	-8.559153	 0.076473	-3.798856	 32.807020	-104.027500	 11.019230	-4.695196	 2.085536	 9.623854	-18.473280	-10.935150	-3.956677	 50.023930	 2.466307	-1.147000	 52.762940	 2.517694	 0.947941	-45.579490	 1.796351	 2.916333	 39.166100	-0.230653	 3.161780	 24.944320	 2.923834	 4.259846	-71.449970	 48.714330	 23.645450	 12.710190	-6.673549	 19.249540	 18.970470	-6.038665	 19.342700	-90.480600	 24.271200	 13.599330	 24.781010	-3.781295	 9.429405	 23.162740	-0.480936	 10.072130	-70.189190	-36.426390	-2.576987	 27.704810	 15.580730	-0.539501	 0.135430	 16.967120	-0.375250	 3.456434	 0.000000	 90.000000	 0.000000	 166.076600	 13.407790	 167.358500	-171.286900	-4.783471	-17.423170
-0.026475	-0.097127	 0.000943	 171.352000	-2.214753	-89.531280	-18.871230	-0.465640	-0.027162	-16.413640	-0.648448	 0.057649	 0.892829	-3.799248	 109.615600	-0.813313	 0.122417	-8.559153	-54.400390	-13.878690	 2.153733	-2.354977	 26.561440	 1.107388	-20.703750	 21.128670	-61.222960	-5.458432	-2.008336	 9.973373	 2.503307	-1.126933	 4.530149	 3.269289	-0.635563	-79.913300	 3.890823	 3.142062	 11.926770	-0.275692	 3.148056	 9.078514	 2.903370	 4.344069	-70.229220	 37.228320	 19.731060	 15.012340	-6.822121	 19.211520	 10.843110	-5.640092	 19.245850	-70.286280	 18.437880	 10.383770	 21.379930	-3.898658	 9.395153	 9.482653	-0.473433	 9.974339	-72.439020	-57.347760	-11.449860	 6.722761	 9.282386	-0.525218	 0.082293	-19.406830	-0.175412	 3.199947	 2.489837	 3.547223	 89.921880	-87.107600	-5.881988	-101.530500	 179.797400	 0.882780	 106.481600	-0.813313	 0.122417	-8.559153	 0.538230	-2.415824	 33.610580	-104.220500	 11.027080	-4.214380	 2.610593	 9.709672	-19.229210	-10.920020	-3.942060	 50.068660	 2.466272	-1.147046	 52.826990	 2.516149	 0.949622	-45.535430	 1.773398	 2.899959	 39.204980	-0.230476	 3.161863	 25.009610	 2.922405	 4.266000	-71.360950	 48.648380	 23.639800	 12.897850	-6.672724	 19.249810	 19.016470	-6.037640	 19.342260	-90.425520	 24.254080	 13.604840	 25.011130	-3.780645	 9.429676	 23.240870	-0.481177	 10.074800	-70.127470	-36.367310	-2.560778	 27.681980	 15.618850	-0.539570	 0.135755	 16.998950	-0.375353	 3.456705	 0.000000	 90.000000	 0.000000	 166.165600	 13.409450	 167.468900	-171.287900	-4.763029	-17.335060
-0.026561	-0.097034	 0.001539	 171.291600	-2.131759	-89.517300	-18.788690	-0.450052	-0.015097	-16.352360	-0.595543	 0.071077	 0.906148	-3.851499	 109.626400	-0.813313	 0.122417	-8.559153	-54.403610	-13.956790	 2.301471	-2.433591	 26.636940	 1.129320	-20.548770	 21.171300	-61.318650	-5.458412	-2.008416	 9.972010	 2.503307	-1.126933	 4.530149	 3.269297	-0.635612	-79.914270	 3.891127	 3.142238	 11.927700	-0.275696	 3.148055	 9.077021	 2.903415	 4.343888	-70.231830	 37.229350	 19.731460	 15.011230	-6.822121	 19.211520	 10.843110	-5.640018	 19.245850	-70.282600	 18.438310	 10.383990	 21.378350	-3.898658	 9.395153	 9.482653	-0.473431	 9.974288	-72.440180	-57.348760	-11.450100	 6.721435	 9.281625	-0.525218	 0.082287	-19.408370	-0.175399	 3.199937	 2.475609	 3.564222	 89.922580	-87.146200	-6.014023	-102.151100	 179.807700	 0.828157	 106.556000	-0.813313	 0.122417	-8.559153	 0.893342	-0.897093	 34.724630	-104.165100	 10.981650	-3.636532	 2.852094	 9.821015	-20.079820	-10.889810	-3.913254	 50.123490	 2.466231	-1.147098	 52.901440	 2.514346	 0.951580	-45.484050	 1.750947	 2.884159	 39.251190	-0.230472	 3.161865	 25.011410	 2.922004	 4.267716	-71.336100	 48.544730	 23.623330	 13.110020	-6.672488	 19.249880	 19.029620	-6.035960	 19.341540	-90.335470	 24.211000	 13.594850	 25.224740	-3.780168	 9.429876	 23.298300	-0.481260	 10.075730	-70.106030	-36.310070	-2.545088	 27.659870	 15.659020	-0.539639	 0.136098	 17.033500	-0.375461	 3.457001	 0.000000	 90.000000	 0.000000	 166.277900	 13.418890	 167.581300	-171.285000	-4.736495	-17.214710
-0.026651	-0.096974	 0.002042	 171.234700	-2.059213	-89.504590	-18.722800	-0.434868	-0.005625	-16.304080	-0.550233	 0.081746	 0.917152	-3.894600	 109.635800	-0.813313	 0.122417	-8.559153	-54.409140	-14.024700	 2.425718	-2.498036	 26.698560	 1.147235	-20.430770	 21.206900	-61.378920	-5.458396	-2.008481	 9.970877	 2.503307	-1.126933	 4.530149	 3.269303	-0.635653	-79.915050	 3.891199	 3.142303	 11.928460	-0.275700	 3.148055	 9.075809	 2.903453	 4.343739	-70.233990	 37.230230	 19.731790	 15.010290	-6.822121	 19.211520	 10.843110	-5.639957	 19.245840	-70.279560	 18.438430	 10.384050	 21.377110	-3.898658	 9.395153	 9.482653	-0.473427	 9.974247	-72.441110	-57.349580	-11.450290	 6.720336	 9.280979	-0.525218	 0.082281	-19.409600	-0.175390	 3.199931	 2.464066	 3.576699	 89.923680	-87.184460	-6.145270	-102.662900	 179.817800	 0.776168	 106.618100	-0.813313	 0.122417	-8.559153	 1.078853	 0.307896	 35.738290	-103.835400	 10.905540	-3.151239	 2.784480	 9.925699	-20.751230	-10.861830	-3.886616	 50.167910	 2.466199	-1.147140	 52.959550	 2.512949	 0.953096	-45.444260	 1.735545	 2.873455	 39.288170	-0.230603	 3.161803	 24.962610	 2.922534	 4.265450	-71.368920	 48.449230	 23.605120	 13.274150	-6.672784	 19.249790	 19.013120	-6.034387	 19.340870	-90.251040	 24.161830	 13.576040	 25.356540	-3.779968	 9.429959	 23.322470	-0.481196	 10.075020	-70.122390	-36.272370	-2.534762	 27.645280	 15.687320	-0.539691	 0.136340	 17.057800	-0.375520	 3.457209	 0.000000	 90.000000	 0.000000	 166.376400	 13.431840	 167.661600	-171.278300	-4.713121	-17.106760
-0.026777	-0.096956	 0.002514	 171.172500	-1.984374	-89.490690	-18.659910	-0.417821	 0.003337	-16.258600	-0.503865	 0.091958	 0.927922	-3.936701	 109.645600	-0.813313	 0.122417	-8.559153	-54.417130	-14.095040	 2.550847	-2.561482	 26.758920	 1.164823	-20.323850	 21.243580	-61.424450	-5.458382	-2.008546	 9.969761	 2.503307	-1.126933	 4.530149	 3.269308	-0.635692	-79.915810	 3.891156	 3.142318	 11.929220	-0.275703	 3.148055	 9.074621	 2.903489	 4.343594	-70.236080	 37.231160	 19.732140	 15.009350	-6.822121	 19.211520	 10.843110	-5.639894	 19.245840	-70.276600	 18.438390	 10.384030	 21.375910	-3.898658	 9.395153	 9.482653	-0.473427	 9.974209	-72.442050	-57.350390	-11.450480	 6.719257	 9.280370	-0.525207	 0.082276	-19.410840	-0.175374	 3.199927	 2.452870	 3.588141	 89.925190	-87.228650	-6.292533	-103.182300	 179.828900	 0.719558	 106.682200	-0.813313	 0.122417	-8.559153	 1.204594	 1.454836	 36.635850	-103.511700	 10.821070	-2.656265	 2.688756	 10.020820	-21.418180	-10.838090	-3.863904	 50.210660	 2.466170	-1.147179	 53.014340	 2.511642	 0.954510	-45.407110	 1.722603	 2.864579	 39.323780	-0.230828	 3.161699	 24.879430	 2.923644	 4.260664	-71.438140	 48.356440	 23.586250	 13.422870	-6.673415	 19.249580	 18.977960	-6.032840	 19.340220	-90.168320	 24.110400	 13.553260	 25.447720	-3.779905	 9.429987	 23.330110	-0.481041	 10.073310	-70.162020	-36.243230	-2.526801	 27.634020	 15.711130	-0.539736	 0.136544	 17.078300	-0.375591	 3.457385	 0.000000	 90.000000	 0.000000	 166.478700	 13.448350	 167.731900	-171.267700	-4.690280	-17.015470
-0.026985	-0.096983	 0.003053	 171.093200	-1.893881	-89.472600	-18.589700	-0.395352	 0.013350	-16.208820	-0.447633	 0.103489	 0.940204	-3.984623	 109.657500	-0.813313	 0.122417	-8.559153	-54.429600	-14.181120	 2.699869	-2.635262	 26.828530	 1.185201	-20.212150	 21.289370	-61.463270	-5.458363	-2.008620	 9.968479	 2.503307	-1.126933	 4.530149	 3.269315	-0.635739	-79.916740	 3.890920	 3.142252	 11.930100	-0.275707	 3.148054	 9.073236	 2.903533	 4.343424	-70.238570	 37.232270	 19.732570	 15.008250	-6.822121	 19.211520	 10.843110	-5.639824	 19.245830	-70.273120	 18.438160	 10.383920	 21.374550	-3.898658	 9.395153	 9.482653	-0.473425	 9.974160	-72.443130	-57.351310	-11.450690	 6.718012	 9.279638	-0.525214	 0.082270	-19.412250	-0.175368	 3.199917	 2.440070	 3.601021	 89.927560	-87.287850	-6.482240	-103.801300	 179.843000	 0.648127	 106.763000	-0.813313	 0.122417	-8.559153	 1.275103	 2.709538	 37.510580	-102.895800	 10.701610	-2.068007	 2.485089	 10.131250	-22.184980	-10.824260	-3.850340	 50.258540	 2.466136	-1.147222	 53.075250	 2.510213	 0.956057	-45.366460	 1.709711	 2.855870	 39.364280	-0.231173	 3.161539	 24.751340	 2.925448	 4.252844	-71.551230	 48.264370	 23.567600	 13.573990	-6.674450	 19.249250	 18.920330	-6.031304	 19.339570	-90.086020	 24.059400	 13.528470	 25.504990	-3.779952	 9.429966	 23.324370	-0.480783	 10.070430	-70.228740	-36.219160	-2.520223	 27.624690	 15.733890	-0.539776	 0.136740	 17.097850	-0.375659	 3.457552	 0.000000	 90.000000	 0.000000	 166.604000	 13.471150	 167.804600	-171.249800	-4.663712	-16.924130
-0.027233	-0.097073	 0.003495	 171.021000	-1.815489	-89.457700	-18.533650	-0.374315	 0.021483	-16.170010	-0.398374	 0.112913	 0.950148	-4.023362	 109.667400	-0.813313	 0.122417	-8.559153	-54.442740	-14.257030	 2.828044	-2.697181	 26.886300	 1.202243	-20.127740	 21.330690	-61.487770	-5.458349	-2.008684	 9.967393	 2.503307	-1.126933	 4.530149	 3.269320	-0.635778	-79.917480	 3.890588	 3.142139	 11.930830	-0.275711	 3.148053	 9.072075	 2.903569	 4.343281	-70.240630	 37.233260	 19.732940	 15.007310	-6.822121	 19.211520	 10.843110	-5.639760	 19.245830	-70.270240	 18.437800	 10.383730	 21.373440	-3.898658	 9.395153	 9.482653	-0.473422	 9.974121	-72.444020	-57.352070	-11.450870	 6.716945	 9.279032	-0.525214	 0.082265	-19.413450	-0.175364	 3.199906	 2.429539	 3.612067	 89.930020	-87.342340	-6.652368	-104.310600	 179.855600	 0.584589	 106.840200	-0.813313	 0.122417	-8.559153	 1.201553	 3.560536	 37.942980	-102.220800	 10.593650	-1.563415	 2.364016	 10.209580	-22.837380	-10.823460	-3.849062	 50.297260	 2.466110	-1.147258	 53.124300	 2.509084	 0.957276	-45.334400	 1.700079	 2.849440	 39.397590	-0.231503	 3.161387	 24.629160	 2.927180	 4.245264	-71.660810	 48.182270	 23.549190	 13.690010	-6.675454	 19.248930	 18.864420	-6.029821	 19.338950	-90.006920	 24.013370	 13.503590	 25.517410	-3.780051	 9.429925	 23.312420	-0.480534	 10.067610	-70.293910	-36.206910	-2.516881	 27.619950	 15.748980	-0.539798	 0.136869	 17.110790	-0.375690	 3.457663	 0.000000	 90.000000	 0.000000	 166.714100	 13.492300	 167.859900	-171.230200	-4.640998	-16.856010
-0.027504	-0.097193	 0.003935	 170.946400	-1.737709	-89.446560	-18.482240	-0.351961	 0.029115	-16.135420	-0.348670	 0.121794	 0.959326	-4.059055	 109.677000	-0.813313	 0.122417	-8.559153	-54.457870	-14.333930	 2.955196	-2.757309	 26.941670	 1.218758	-20.052730	 21.373310	-61.508050	-5.458334	-2.008744	 9.966351	 2.503307	-1.126933	 4.530149	 3.269326	-0.635815	-79.918210	 3.890160	 3.141983	 11.931560	-0.275714	 3.148052	 9.070963	 2.903605	 4.343142	-70.242660	 37.234240	 19.733310	 15.006390	-6.822121	 19.211520	 10.843110	-5.639709	 19.245820	-70.267430	 18.437310	 10.383480	 21.372390	-3.898658	 9.395153	 9.482653	-0.473420	 9.974083	-72.444920	-57.352820	-11.451050	 6.715916	 9.278439	-0.525207	 0.082260	-19.414630	-0.175351	 3.199905	 2.419523	 3.623518	 89.932820	-87.399040	-6.823671	-104.796400	 179.868000	 0.520935	 106.926200	-0.813313	 0.122417	-8.559153	 1.044429	 4.302728	 38.378630	-101.473600	 10.490270	-1.065055	 2.364951	 10.263170	-23.485270	-10.822530	-3.847674	 50.334220	 2.466084	-1.147290	 53.170290	 2.508054	 0.958388	-45.305130	 1.691270	 2.843589	 39.429330	-0.231829	 3.161238	 24.508940	 2.928858	 4.237848	-71.767930	 48.062890	 23.517870	 13.807350	-6.676436	 19.248610	 18.809760	-6.027556	 19.338000	-89.885890	 23.943450	 13.463900	 25.506030	-3.780158	 9.429880	 23.299530	-0.480294	 10.064860	-70.357380	-36.201820	-2.515502	 27.617960	 15.760140	-0.539820	 0.136964	 17.120380	-0.375724	 3.457745	 0.000000	 90.000000	 0.000000	 166.824700	 13.513590	 167.910500	-171.207300	-4.618227	-16.793750
-0.027843	-0.097363	 0.004456	 170.855600	-1.647572	-89.437890	-18.427470	-0.323988	 0.037652	-16.100060	-0.289189	 0.131676	 0.969371	-4.098049	 109.688000	-0.813313	 0.122417	-8.559153	-54.478090	-14.426150	 3.104545	-2.826272	 27.004100	 1.237629	-19.973470	 21.425370	-61.531870	-5.458318	-2.008814	 9.965155	 2.503307	-1.126933	 4.530149	 3.269332	-0.635859	-79.919080	 3.889481	 3.141722	 11.932420	-0.275718	 3.148052	 9.069683	 2.903645	 4.342984	-70.244990	 37.235420	 19.733760	 15.005310	-6.822121	 19.211520	 10.843110	-5.639642	 19.245820	-70.264190	 18.436580	 10.383100	 21.371210	-3.898658	 9.395153	 9.482653	-0.473418	 9.974040	-72.445930	-57.353630	-11.451250	 6.714756	 9.277760	-0.525207	 0.082255	-19.415970	-0.175347	 3.199897	 2.408346	 3.638313	 89.936520	-87.468290	-7.023492	-105.345100	 179.882400	 0.446876	 107.037900	-0.813313	 0.122417	-8.559153	 0.783031	 5.076368	 38.909980	-100.566100	 10.381170	-0.484615	 2.448742	 10.306060	-24.228660	-10.821150	-3.845813	 50.375920	 2.466057	-1.147327	 53.221390	 2.506947	 0.959580	-45.273720	 1.681038	 2.836753	 39.465150	-0.232167	 3.161084	 24.384010	 2.930531	 4.230403	-71.875470	 47.886350	 23.468120	 13.944240	-6.677421	 19.248300	 18.754870	-6.024288	 19.336640	-89.711280	 23.842940	 13.405360	 25.464820	-3.780239	 9.429847	 23.289790	-0.480061	 10.062160	-70.419970	-36.204040	-2.516099	 27.618830	 15.768880	-0.539836	 0.137038	 17.127820	-0.375742	 3.457809	 0.000000	 90.000000	 0.000000	 166.955900	 13.537680	 167.967200	-171.176100	-4.589743	-16.722060
-0.028138	-0.097512	 0.004891	 170.777800	-1.573786	-89.434100	-18.385830	-0.299156	 0.044512	-16.075080	-0.238312	 0.139571	 0.977566	-4.129827	 109.697100	-0.813313	 0.122417	-8.559153	-54.497040	-14.505000	 3.229836	-2.882862	 27.054270	 1.253081	-19.912410	 21.470660	-61.556160	-5.458304	-2.008869	 9.964192	 2.503307	-1.126933	 4.530149	 3.269337	-0.635894	-79.919770	 3.888841	 3.141471	 11.933110	-0.275721	 3.148052	 9.068636	 2.903678	 4.342853	-70.246880	 37.236430	 19.734140	 15.004410	-6.822121	 19.211520	 10.843110	-5.639590	 19.245820	-70.261540	 18.435850	 10.382720	 21.370270	-3.898658	 9.395153	 9.482653	-0.473416	 9.974003	-72.446780	-57.354300	-11.451420	 6.713806	 9.277195	-0.525203	 0.082248	-19.417050	-0.175328	 3.199893	 2.399613	 3.652392	 89.939960	-87.527950	-7.186085	-105.789500	 179.894000	 0.386686	 107.139300	-0.813313	 0.122417	-8.559153	 0.523717	 5.669442	 39.381300	-99.836750	 10.304100	-0.004243	 2.555604	 10.331440	-24.776520	-10.819820	-3.844102	 50.409500	 2.466035	-1.147356	 53.262210	 2.506101	 0.960492	-45.249720	 1.671895	 2.830551	 39.494080	-0.232381	 3.160987	 24.305260	 2.931480	 4.226148	-71.936910	 47.718010	 23.418700	 14.054970	-6.677986	 19.248130	 18.723550	-6.021374	 19.335440	-89.555970	 23.753710	 13.352310	 25.408830	-3.780223	 9.429853	 23.291720	-0.479937	 10.060690	-70.453760	-36.212100	-2.518302	 27.621920	 15.772830	-0.539840	 0.137073	 17.131170	-0.375746	 3.457837	 0.000000	 90.000000	 0.000000	 167.066400	 13.556020	 168.014700	-171.146500	-4.562912	-16.658770
-0.028452	-0.097636	 0.005336	 170.695600	-1.498774	-89.433360	-18.345520	-0.271998	 0.051408	-16.052620	-0.184221	 0.147454	 0.985953	-4.162328	 109.706400	-0.813313	 0.122417	-8.559153	-54.518610	-14.588670	 3.360684	-2.940714	 27.104430	 1.268847	-19.852110	 21.519430	-61.589950	-5.458291	-2.008927	 9.963202	 2.503307	-1.126933	 4.530149	 3.269343	-0.635931	-79.920480	 3.888047	 3.141153	 11.933820	-0.275724	 3.148051	 9.067573	 2.903712	 4.342719	-70.248820	 37.237500	 19.734550	 15.003470	-6.822121	 19.211520	 10.843110	-5.639535	 19.245810	-70.258840	 18.434950	 10.382270	 21.369330	-3.898658	 9.395153	 9.482653	-0.473415	 9.973965	-72.447620	-57.354980	-11.451570	 6.712826	 9.276637	-0.525200	 0.082245	-19.418200	-0.175323	 3.199888	 2.391348	 3.666295	 89.943860	-87.591070	-7.347219	-106.240500	 179.905400	 0.326984	 107.251600	-0.813313	 0.122417	-8.559153	 0.236914	 6.259857	 39.907880	-99.089030	 10.238900	 0.487323	 2.672108	 10.354560	-25.209750	-10.818200	-3.842113	 50.443310	 2.466012	-1.147385	 53.303220	 2.505292	 0.961363	-45.226780	 1.661188	 2.823146	 39.523280	-0.232501	 3.160933	 24.260990	 2.931828	 4.224582	-71.959530	 47.532280	 23.362690	 14.163380	-6.678191	 19.248060	 18.712120	-6.018507	 19.334260	-89.403130	 23.666060	 13.298980	 25.331140	-3.780079	 9.429914	 23.309160	-0.479906	 10.060330	-70.462140	-36.225990	-2.522106	 27.627290	 15.773960	-0.539838	 0.137082	 17.132090	-0.375755	 3.457845	 0.000000	 90.000000	 0.000000	 167.181500	 13.572250	 168.066600	-171.112600	-4.531645	-16.580870
-0.028824	-0.097719	 0.005816	 170.604600	-1.418695	-89.436240	-18.304520	-0.240532	 0.058834	-16.029860	-0.123082	 0.155720	 0.995066	-4.197615	 109.716500	-0.813313	 0.122417	-8.559153	-54.544590	-14.682790	 3.505613	-3.003394	 27.157080	 1.285887	-19.787310	 21.575210	-61.642650	-5.458276	-2.008991	 9.962123	 2.503307	-1.126933	 4.530149	 3.269348	-0.635970	-79.921250	 3.887079	 3.140762	 11.934600	-0.275727	 3.148050	 9.066419	 2.903749	 4.342573	-70.250940	 37.238700	 19.734990	 15.002440	-6.822121	 19.211520	 10.843110	-5.639475	 19.245810	-70.255940	 18.433860	 10.381700	 21.368340	-3.898658	 9.395153	 9.482653	-0.473413	 9.973925	-72.448540	-57.355700	-11.451750	 6.711761	 9.276022	-0.525203	 0.082240	-19.419420	-0.175316	 3.199879	 2.383162	 3.675210	 89.948550	-87.661070	-7.510655	-106.726500	 179.916400	 0.267855	 107.382300	-0.813313	 0.122417	-8.559153	-0.056360	 6.853383	 40.459430	-98.152030	 10.192910	 0.980475	 2.770375	 10.384830	-25.559650	-10.816230	-3.839765	 50.479270	 2.465989	-1.147417	 53.347070	 2.504481	 0.962234	-45.203800	 1.647123	 2.813213	 39.554620	-0.232469	 3.160947	 24.272480	 2.931195	 4.227426	-71.918460	 47.326430	 23.299220	 14.270880	-6.677810	 19.248180	 18.733290	-6.015942	 19.333220	-89.266720	 23.588030	 13.249440	 25.224170	-3.779708	 9.430071	 23.353700	-0.480029	 10.061780	-70.428630	-36.247190	-2.527909	 27.635470	 15.771970	-0.539841	 0.137065	 17.130330	-0.375748	 3.457830	 0.000000	 90.000000	 0.000000	 167.308100	 13.585410	 168.129400	-171.071700	-4.492883	-16.472570
-0.029186	-0.097754	 0.006215	 170.522300	-1.352453	-89.441430	-18.271850	-0.212157	 0.065123	-16.011810	-0.068938	 0.162574	 1.002861	-4.227777	 109.725100	-0.813313	 0.122417	-8.559153	-54.568790	-14.765660	 3.631393	-3.056582	 27.200270	 1.300322	-19.732580	 21.623780	-61.697130	-5.458264	-2.009043	 9.961213	 2.503307	-1.126933	 4.530149	 3.269353	-0.636004	-79.921920	 3.886151	 3.140383	 11.935270	-0.275730	 3.148050	 9.065446	 2.903780	 4.342450	-70.252720	 37.239730	 19.735390	 15.001560	-6.822121	 19.211520	 10.843110	-5.639424	 19.245810	-70.253440	 18.432800	 10.381150	 21.367510	-3.898658	 9.395153	 9.482653	-0.473409	 9.973892	-72.449340	-57.356300	-11.451890	 6.710856	 9.275488	-0.525199	 0.082235	-19.420450	-0.175309	 3.199872	 2.376827	 3.677916	 89.952900	-87.721100	-7.635667	-107.139000	 179.924100	 0.224792	 107.500000	-0.813313	 0.122417	-8.559153	-0.273831	 7.273150	 40.817390	-97.247610	 10.180870	 1.341234	 2.873535	 10.410650	-25.797310	-10.814320	-3.837555	 50.509240	 2.465968	-1.147443	 53.384220	 2.503846	 0.962917	-45.185790	 1.631265	 2.801756	 39.581060	-0.232321	 3.161014	 24.327020	 2.929885	 4.233289	-71.833800	 47.157710	 23.246230	 14.350080	-6.677003	 19.248430	 18.778230	-6.013641	 19.332290	-89.144380	 23.517640	 13.204620	 25.122280	-3.779193	 9.430287	 23.415830	-0.480265	 10.064530	-70.365140	-36.270040	-2.534163	 27.644310	 15.767760	-0.539834	 0.137030	 17.126640	-0.375741	 3.457799	 0.000000	 90.000000	 0.000000	 167.417100	 13.596920	 168.190700	-171.034100	-4.456053	-16.363730
-0.029575	-0.097751	 0.006597	 170.433000	-1.291167	-89.448330	-18.242160	-0.183262	 0.071237	-15.995490	-0.014491	 0.169070	 1.010468	-4.257194	 109.733600	-0.813313	 0.122417	-8.559153	-54.594120	-14.848340	 3.755477	-3.107992	 27.240380	 1.314276	-19.681070	 21.669810	-61.748250	-5.458252	-2.009094	 9.960335	 2.503307	-1.126933	 4.530149	 3.269358	-0.636037	-79.922540	 3.885165	 3.139977	 11.935910	-0.275733	 3.148049	 9.064514	 2.903810	 4.342331	-70.254460	 37.240780	 19.735780	 15.000700	-6.822121	 19.211520	 10.843110	-5.639373	 19.245800	-70.251070	 18.431670	 10.380570	 21.366760	-3.898658	 9.395153	 9.482653	-0.473410	 9.973858	-72.450090	-57.356880	-11.452040	 6.709999	 9.274983	-0.525199	 0.082232	-19.421460	-0.175301	 3.199867	 2.371269	 3.676570	 89.957440	-87.778800	-7.739794	-107.539300	 179.930100	 0.188915	 107.619000	-0.813313	 0.122417	-8.559153	-0.482925	 7.634668	 41.090330	-96.297100	 10.189320	 1.674685	 3.068846	 10.424850	-26.018740	-10.812290	-3.835250	 50.537780	 2.465949	-1.147469	 53.420330	 2.503277	 0.963528	-45.169690	 1.610797	 2.786715	 39.606580	-0.232135	 3.161098	 24.395670	 2.928242	 4.240582	-71.728460	 47.009820	 23.199030	 14.412190	-6.675988	 19.248760	 18.834670	-6.010274	 19.330940	-88.965690	 23.413840	 13.141750	 25.025090	-3.778547	 9.430560	 23.493810	-0.480565	 10.067980	-70.285310	-36.296120	-2.541296	 27.654360	 15.761560	-0.539825	 0.136976	 17.121280	-0.375724	 3.457753	 0.000000	 90.000000	 0.000000	 167.522400	 13.615560	 168.259600	-170.995500	-4.417171	-16.246620
-0.030050	-0.097690	 0.007037	 170.318100	-1.225344	-89.458640	-18.210200	-0.148046	 0.078430	-15.978050	 0.051256	 0.176384	 1.019395	-4.291690	 109.743400	-0.813313	 0.122417	-8.559153	-54.625840	-14.947140	 3.902000	-3.167324	 27.284850	 1.330344	-19.622140	 21.721270	-61.805630	-5.458238	-2.009151	 9.959353	 2.503307	-1.126933	 4.530149	 3.269363	-0.636074	-79.923280	 3.883909	 3.139457	 11.936660	-0.275736	 3.148049	 9.063450	 2.903846	 4.342193	-70.256460	 37.242020	 19.736240	 14.999680	-6.822121	 19.211520	 10.843110	-5.639316	 19.245800	-70.248300	 18.430240	 10.379840	 21.365890	-3.898658	 9.395153	 9.482653	-0.473408	 9.973820	-72.450970	-57.357510	-11.452190	 6.708993	 9.274397	-0.525192	 0.082228	-19.422630	-0.175294	 3.199864	 2.365543	 3.670547	 89.963100	-87.843930	-7.833015	-108.006100	 179.935700	 0.153728	 107.761900	-0.813313	 0.122417	-8.559153	-0.764215	 8.040275	 41.354580	-95.132680	 10.221320	 2.093668	 3.371694	 10.437090	-26.300600	-10.809710	-3.832373	 50.570100	 2.465926	-1.147500	 53.462730	 2.502676	 0.964173	-45.152660	 1.581243	 2.764775	 39.636100	-0.231870	 3.161218	 24.493500	 2.925715	 4.251682	-71.568040	 46.806820	 23.133160	 14.486330	-6.674545	 19.249220	 18.915050	-6.005414	 19.329010	-88.708020	 23.263530	 13.052810	 24.915700	-3.777626	 9.430953	 23.604940	-0.481005	 10.072900	-70.171490	-36.330770	-2.550787	 27.667770	 15.751950	-0.539803	 0.136894	 17.112930	-0.375696	 3.457682	 0.000000	 90.000000	 0.000000	 167.638900	 13.646240	 168.359400	-170.948800	-4.368446	-16.100780
-0.030461	-0.097587	 0.007397	 170.214300	-1.175864	-89.468890	-18.185790	-0.117596	 0.084523	-15.964890	 0.107860	 0.182278	 1.026897	-4.320672	 109.751600	-0.813313	 0.122417	-8.559153	-54.653920	-15.031190	 4.025362	-3.216200	 27.320620	 1.343542	-19.573090	 21.762470	-61.851610	-5.458226	-2.009199	 9.958517	 2.503307	-1.126933	 4.530149	 3.269368	-0.636105	-79.923870	 3.882807	 3.138999	 11.937270	-0.275739	 3.148049	 9.062560	 2.903874	 4.342080	-70.258110	 37.243070	 19.736640	 14.998850	-6.822121	 19.211520	 10.843110	-5.639272	 19.245790	-70.246030	 18.428970	 10.379180	 21.365190	-3.898658	 9.395153	 9.482653	-0.473406	 9.973789	-72.451680	-57.358020	-11.452320	 6.708176	 9.273920	-0.525196	 0.082222	-19.423560	-0.175281	 3.199860	 2.361378	 3.662359	 89.968080	-87.894780	-7.879948	-108.396100	 179.939300	 0.129106	 107.883000	-0.813313	 0.122417	-8.559153	-1.011742	 8.358184	 41.558200	-94.120120	 10.221530	 2.445081	 3.643685	 10.401550	-26.513850	-10.807390	-3.829827	 50.596240	 2.465907	-1.147525	 53.498610	 2.502224	 0.964657	-45.139900	 1.552472	 2.743276	 39.660390	-0.231614	 3.161336	 24.588190	 2.922958	 4.263625	-71.395310	 46.559280	 23.052030	 14.570670	-6.673148	 19.249670	 18.992820	-6.001039	 19.327290	-88.476540	 23.128150	 12.973620	 24.829070	-3.776735	 9.431333	 23.712510	-0.481436	 10.077670	-70.061310	-36.362690	-2.559554	 27.680080	 15.742190	-0.539789	 0.136812	 17.104500	-0.375667	 3.457609	 0.000000	 90.000000	 0.000000	 167.729600	 13.677700	 168.465100	-170.909100	-4.325471	-15.975970
-0.030863	-0.097445	 0.007733	 170.109700	-1.132820	-89.479810	-18.164440	-0.087756	 0.090439	-15.953540	 0.163220	 0.187705	 1.034097	-4.348474	 109.759400	-0.813313	 0.122417	-8.559153	-54.682050	-15.112330	 4.143472	-3.262057	 27.354100	 1.355912	-19.525620	 21.800210	-61.893930	-5.458217	-2.009244	 9.957755	 2.503307	-1.126933	 4.530149	 3.269372	-0.636134	-79.924440	 3.881667	 3.138524	 11.937860	-0.275741	 3.148049	 9.061734	 2.903901	 4.341974	-70.259670	 37.244080	 19.737020	 14.998060	-6.822121	 19.211520	 10.843110	-5.639230	 19.245790	-70.243900	 18.427670	 10.378510	 21.364550	-3.898658	 9.395153	 9.482653	-0.473404	 9.973760	-72.452380	-57.358490	-11.452430	 6.707426	 9.273451	-0.525192	 0.082218	-19.424460	-0.175275	 3.199856	 2.357957	 3.652399	 89.973010	-87.939510	-7.895679	-108.768800	 179.942000	 0.108843	 107.998700	-0.813313	 0.122417	-8.559153	-1.209911	 8.611659	 41.757480	-93.110180	 10.154550	 2.719479	 3.879835	 10.286640	-26.613860	-10.805030	-3.827273	 50.620350	 2.465888	-1.147550	 53.533470	 2.501838	 0.965071	-45.128960	 1.522215	 2.720574	 39.683190	-0.231345	 3.161460	 24.687950	 2.919647	 4.277754	-71.190800	 46.306760	 22.968440	 14.650700	-6.671677	 19.250140	 19.074770	-5.997018	 19.325730	-88.264240	 23.003820	 12.901240	 24.751800	-3.775797	 9.431736	 23.825870	-0.481904	 10.082680	-69.945180	-36.395110	-2.568436	 27.692590	 15.731650	-0.539769	 0.136720	 17.095360	-0.375639	 3.457530	 0.000000	 90.000000	 0.000000	 167.810500	 13.711710	 168.583600	-170.871000	-4.282513	-15.851350
-0.031344	-0.097209	 0.008127	 169.978700	-1.086802	-89.493740	-18.141400	-0.051327	 0.097653	-15.941530	 0.231105	 0.193467	 1.042776	-4.381977	 109.768700	-0.813313	 0.122417	-8.559153	-54.717160	-15.210130	 4.284741	-3.315680	 27.393910	 1.370302	-19.466920	 21.843330	-61.942580	-5.458203	-2.009297	 9.956841	 2.503307	-1.126933	 4.530149	 3.269377	-0.636169	-79.925100	 3.880255	 3.137933	 11.938550	-0.275744	 3.148048	 9.060766	 2.903932	 4.341848	-70.261470	 37.245300	 19.737480	 14.997110	-6.822121	 19.211520	 10.843110	-5.639177	 19.245790	-70.241420	 18.426060	 10.377680	 21.363850	-3.898658	 9.395153	 9.482653	-0.473402	 9.973724	-72.453170	-57.359030	-11.452570	 6.706532	 9.272934	-0.525192	 0.082213	-19.425510	-0.175272	 3.199850	 2.354551	 3.638361	 89.979160	-87.988690	-7.882057	-109.215700	 179.944200	 0.089494	 108.130300	-0.813313	 0.122417	-8.559153	-1.429289	 8.876916	 42.008510	-91.878700	 10.028950	 3.008064	 4.082337	 10.102500	-26.611620	-10.802070	-3.824093	 50.648060	 2.465865	-1.147581	 53.576310	 2.501430	 0.965508	-45.117420	 1.483257	 2.691248	 39.709900	-0.230996	 3.161621	 24.817060	 2.914627	 4.298763	-70.886400	 46.055600	 22.884140	 14.718240	-6.669777	 19.250760	 19.180810	-5.992997	 19.324190	-88.051940	 22.879380	 12.828680	 24.668100	-3.774585	 9.432260	 23.972550	-0.482524	 10.089180	-69.794900	-36.435670	-2.579572	 27.708240	 15.717780	-0.539745	 0.136602	 17.083360	-0.375610	 3.457428	 0.000000	 90.000000	 0.000000	 167.900300	 13.756230	 168.745300	-170.826000	-4.228186	-15.682700
-0.031745	-0.096967	 0.008452	 169.865000	-1.052474	-89.505770	-18.124030	-0.020099	 0.103947	-15.932740	 0.289808	 0.197072	 1.050169	-4.410502	 109.776500	-0.813313	 0.122417	-8.559153	-54.747910	-15.292990	 4.403599	-3.359738	 27.427940	 1.382077	-19.414730	 21.877990	-61.982160	-5.458193	-2.009339	 9.956124	 2.503307	-1.126933	 4.530149	 3.269380	-0.636196	-79.925640	 3.879038	 3.137422	 11.939120	-0.275746	 3.148047	 9.059983	 2.903959	 4.341747	-70.262950	 37.246330	 19.737870	 14.996320	-6.822121	 19.211520	 10.843110	-5.639136	 19.245790	-70.239400	 18.424660	 10.376950	 21.363270	-3.898658	 9.395153	 9.482653	-0.473401	 9.973697	-72.453830	-57.359440	-11.452680	 6.705797	 9.272496	-0.525192	 0.082209	-19.426370	-0.175261	 3.199846	 2.352217	 3.625444	 89.984470	-88.027210	-7.847646	-109.594600	 179.944900	 0.079289	 108.229200	-0.813313	 0.122417	-8.559153	-1.626427	 9.084031	 42.198610	-90.849700	 9.924287	 3.254408	 4.154037	 9.957280	-26.521380	-10.799450	-3.821311	 50.670380	 2.465845	-1.147608	 53.613710	 2.501129	 0.965831	-45.108900	 1.448815	 2.665257	 39.731940	-0.230685	 3.161765	 24.932220	 2.909308	 4.320494	-70.571090	 45.639930	 22.744980	 14.848290	-6.668081	 19.251320	 19.275390	-5.985619	 19.321400	-87.663650	 22.650300	 12.701790	 24.643860	-3.773505	 9.432733	 24.103400	-0.483090	 10.094970	-69.660860	-36.470700	-2.589206	 27.721770	 15.705300	-0.539722	 0.136494	 17.072570	-0.375574	 3.457337	 0.000000	 90.000000	 0.000000	 167.970400	 13.795860	 168.896500	-170.789000	-4.180220	-15.525650
-0.032159	-0.096681	 0.008785	 169.744200	-1.020501	-89.518650	-18.107770	 0.012998	 0.110775	-15.924800	 0.352761	 0.199788	 1.058021	-4.440804	 109.784600	-0.813313	 0.122417	-8.559153	-54.781150	-15.379900	 4.527717	-3.404825	 27.464800	 1.394051	-19.356220	 21.912740	-62.022390	-5.458183	-2.009384	 9.955356	 2.503307	-1.126933	 4.530149	 3.269385	-0.636224	-79.926190	 3.877724	 3.136870	 11.939700	-0.275749	 3.148047	 9.059183	 2.903985	 4.341640	-70.264500	 37.247390	 19.738260	 14.995510	-6.822121	 19.211520	 10.843110	-5.639094	 19.245780	-70.237310	 18.423130	 10.376170	 21.362700	-3.898658	 9.395153	 9.482653	-0.473399	 9.973668	-72.454490	-57.359870	-11.452790	 6.705046	 9.272046	-0.525188	 0.082206	-19.427250	-0.175254	 3.199844	 2.350317	 3.611483	 89.990160	-88.065580	-7.793966	-109.995100	 179.944400	 0.074381	 108.324100	-0.813313	 0.122417	-8.559153	-1.838217	 9.281735	 42.379440	-89.794720	 9.862389	 3.506927	 4.147420	 9.858950	-26.364620	-10.796600	-3.818310	 50.692800	 2.465822	-1.147637	 53.654560	 2.500853	 0.966126	-45.101100	 1.411965	 2.637402	 39.754490	-0.230349	 3.161922	 25.057080	 2.903862	 4.342229	-70.255300	 45.229020	 22.605900	 14.968580	-6.666244	 19.251910	 19.377960	-5.978311	 19.318690	-87.280240	 22.440760	 12.586320	 24.633610	-3.772335	 9.433245	 24.245240	-0.483721	 10.101250	-69.515530	-36.507630	-2.599369	 27.736020	 15.691740	-0.539704	 0.136379	 17.060850	-0.375540	 3.457236	 0.000000	 90.000000	 0.000000	 168.038800	 13.838190	 169.067200	-170.751800	-4.128099	-15.348490
-0.032610	-0.096358	 0.009151	 169.611400	-0.989546	-89.533090	-18.092050	 0.049693	 0.118664	-15.917590	 0.423761	 0.201667	 1.066819	-4.474741	 109.793500	-0.813313	 0.122417	-8.559153	-54.818870	-15.475490	 4.663566	-3.452937	 27.507750	 1.406747	-19.285840	 21.949280	-62.065590	-5.458173	-2.009429	 9.954580	 2.503307	-1.126933	 4.530149	 3.269389	-0.636256	-79.926800	 3.876237	 3.136243	 11.940320	-0.275751	 3.148046	 9.058331	 2.904013	 4.341531	-70.266100	 37.248560	 19.738710	 14.994640	-6.822121	 19.211520	 10.843110	-5.639049	 19.245780	-70.235090	 18.421420	 10.375290	 21.362090	-3.898658	 9.395153	 9.482653	-0.473398	 9.973636	-72.455190	-57.360280	-11.452900	 6.704257	 9.271583	-0.525195	 0.082203	-19.428190	-0.175253	 3.199832	 2.348815	 3.596486	 89.996510	-88.106640	-7.720156	-110.441900	 179.942400	 0.075408	 108.422400	-0.813313	 0.122417	-8.559153	-2.024418	 9.438957	 42.553180	-88.661300	 9.895116	 3.712149	 4.072047	 9.854951	-26.149480	-10.793340	-3.814911	 50.716250	 2.465797	-1.147671	 53.701960	 2.500592	 0.966405	-45.093730	 1.371493	 2.606768	 39.778680	-0.229972	 3.162099	 25.196850	 2.900260	 4.356326	-70.050240	 44.966840	 22.515300	 15.021030	-6.664188	 19.252600	 19.492830	-5.973627	 19.316980	-87.034710	 22.339980	 12.530670	 24.625890	-3.771027	 9.433821	 24.404010	-0.484445	 10.108270	-69.352860	-36.547730	-2.610413	 27.751490	 15.676670	-0.539671	 0.136249	 17.047810	-0.375502	 3.457124	 0.000000	 90.000000	 0.000000	 168.108800	 13.884220	 169.266900	-170.713700	-4.069022	-15.141210
-0.032939	-0.096123	 0.009438	 169.510100	-0.968224	-89.544490	-18.081390	 0.078284	 0.125083	-15.913020	 0.480101	 0.202446	 1.073789	-4.501634	 109.800400	-0.813313	 0.122417	-8.559153	-54.848880	-15.549390	 4.768274	-3.489134	 27.540760	 1.416255	-19.231880	 21.976570	-62.097180	-5.458165	-2.009464	 9.953978	 2.503307	-1.126933	 4.530149	 3.269392	-0.636277	-79.927230	 3.875078	 3.135754	 11.940770	-0.275753	 3.148046	 9.057697	 2.904035	 4.341445	-70.267330	 37.249470	 19.739040	 14.993970	-6.822121	 19.211520	 10.843110	-5.639013	 19.245780	-70.233450	 18.420070	 10.374590	 21.361660	-3.898658	 9.395153	 9.482653	-0.473398	 9.973615	-72.455730	-57.360590	-11.452970	 6.703665	 9.271217	-0.525195	 0.082199	-19.428890	-0.175243	 3.199834	 2.348046	 3.585788	 90.001480	-88.138650	-7.656762	-110.794300	 179.939900	 0.080521	 108.497500	-0.813313	 0.122417	-8.559153	-2.142216	 9.525342	 42.676180	-87.902740	 9.965314	 3.829783	 3.983846	 9.902967	-25.969280	-10.790750	-3.812221	 50.733570	 2.465776	-1.147699	 53.740920	 2.500419	 0.966591	-45.088830	 1.340875	 2.583574	 39.796980	-0.229681	 3.162236	 25.305150	 2.898691	 4.362406	-69.961760	 44.853970	 22.475090	 15.023030	-6.662597	 19.253130	 19.581850	-5.971596	 19.316240	-86.928460	 22.295860	 12.507130	 24.641550	-3.770015	 9.434270	 24.527020	-0.485020	 10.113710	-69.226880	-36.577770	-2.618697	 27.763070	 15.665100	-0.539660	 0.136151	 17.037830	-0.375469	 3.457039	 0.000000	 90.000000	 0.000000	 168.159800	 13.918330	 169.428200	-170.686700	-4.022212	-14.973270
-0.033241	-0.095895	 0.009728	 169.409300	-0.948453	-89.556400	-18.071730	 0.107560	 0.132035	-15.909280	 0.538919	 0.202788	 1.081087	-4.529788	 109.807500	-0.813313	 0.122417	-8.559153	-54.880220	-15.624640	 4.874796	-3.525192	 27.571270	 1.425769	-19.183990	 22.003780	-62.126450	-5.458156	-2.009498	 9.953390	 2.503307	-1.126933	 4.530149	 3.269396	-0.636301	-79.927670	 3.873862	 3.135239	 11.941250	-0.275755	 3.148046	 9.057065	 2.904055	 4.341362	-70.268530	 37.250390	 19.739390	 14.993310	-6.822121	 19.211520	 10.843110	-5.638984	 19.245780	-70.231770	 18.418680	 10.373870	 21.361240	-3.898658	 9.395153	 9.482653	-0.473396	 9.973592	-72.456270	-57.360880	-11.453060	 6.703086	 9.270879	-0.525181	 0.082199	-19.429580	-0.175235	 3.199832	 2.347621	 3.571965	 90.006620	-88.169760	-7.577722	-111.162500	 179.936400	 0.089380	 108.576100	-0.813313	 0.122417	-8.559153	-2.246302	 9.589330	 42.797780	-87.300440	 10.033170	 3.923867	 3.883996	 9.956007	-25.787190	-10.788030	-3.809416	 50.750500	 2.465754	-1.147730	 53.783150	 2.500264	 0.966757	-45.084460	 1.310894	 2.560857	 39.815320	-0.229388	 3.162375	 25.414140	 2.897649	 4.366420	-69.903310	 44.779580	 22.447610	 15.006410	-6.660994	 19.253660	 19.671470	-5.970251	 19.315760	-86.858040	 22.226840	 12.471460	 24.694590	-3.768998	 9.434722	 24.650820	-0.485612	 10.119180	-69.100100	-36.607070	-2.626771	 27.774360	 15.653680	-0.539635	 0.136053	 17.027960	-0.375439	 3.456954	 0.000000	 90.000000	 0.000000	 168.209500	 13.950760	 169.597300	-170.662000	-3.973693	-14.796570
-0.033553	-0.095629	 0.010065	 169.296400	-0.927645	-89.570430	-18.061810	 0.142308	 0.140834	-15.906070	 0.610635	 0.202731	 1.090040	-4.564326	 109.815900	-0.813313	 0.122417	-8.559153	-54.917920	-15.710290	 4.991952	-3.566683	 27.603450	 1.436786	-19.136490	 22.035070	-62.157270	-5.458148	-2.009537	 9.952724	 2.503307	-1.126933	 4.530149	 3.269399	-0.636326	-79.928180	 3.872433	 3.134634	 11.941790	-0.275757	 3.148046	 9.056334	 2.904079	 4.341268	-70.269910	 37.251460	 19.739790	 14.992520	-6.822121	 19.211520	 10.843110	-5.638944	 19.245770	-70.229900	 18.417020	 10.373020	 21.360780	-3.898658	 9.395153	 9.482653	-0.473394	 9.973565	-72.456870	-57.361180	-11.453150	 6.702411	 9.270473	-0.525181	 0.082195	-19.430390	-0.175232	 3.199825	 2.347513	 3.543375	 90.012830	-88.200290	-7.445446	-111.614000	 179.931200	 0.104386	 108.665600	-0.813313	 0.122417	-8.559153	-2.359372	 9.643982	 42.946130	-86.717570	 10.056940	 4.014802	 3.777027	 9.964964	-25.594140	-10.784740	-3.806032	 50.769600	 2.465725	-1.147768	 53.837100	 2.500108	 0.966925	-45.080020	 1.279586	 2.537166	 39.836550	-0.229052	 3.162535	 25.539180	 2.896364	 4.371345	-69.831570	 44.688370	 22.413890	 14.984490	-6.659155	 19.254280	 19.774330	-5.968600	 19.315170	-86.771740	 22.107090	 12.409640	 24.792540	-3.767833	 9.435250	 24.792770	-0.486302	 10.125450	-68.954770	-36.639240	-2.635647	 27.786770	 15.640930	-0.539605	 0.135943	 17.016950	-0.375404	 3.456860	 0.000000	 90.000000	 0.000000	 168.266200	 13.981760	 169.801600	-170.637100	-3.915479	-14.582000
